
       ╔════════════════════════════════════════════════╗
       ║                                                ║
       ║     ██████╗██████╗ ███████╗███████╗████████╗   ║
       ║    ██╔════╝██╔══██╗██╔════╝██╔════╝╚══██╔══╝   ║
       ║    ██║     ██████╔╝█████╗  ███████╗   ██║      ║
       ║    ██║     ██╔══██╗██╔══╝  ╚════██║   ██║      ║
       ║    ╚██████╗██║  ██║███████╗███████║   ██║      ║
       ║     ╚═════╝╚═╝  ╚═╝╚══════╝╚══════╝   ╚═╝      ║
       ║                                                ║
       ║    Conformer-Rotamer Ensemble Sampling Tool    ║
       ║            based on the xTB methods            ║
       ║                                                ║
       ╚════════════════════════════════════════════════╝
        Version 3.0.2, Mon, 29 September 16:25:59, 09/29/2025
        commit (c39758d) compiled by 'andrey@PC1'

   Cite work conducted with this code as

   • P.Pracht, F.Bohle, S.Grimme, PCCP, 2020, 22, 7169-7192.
   • S.Grimme, JCTC, 2019, 15, 2847-2862.
   • P.Pracht, S.Grimme, C.Bannwarth, F.Bohle, S.Ehlert,
     G.Feldmann, J.Gorges, M.Müller, T.Neudecker, C.Plett,
     S.Spicher, P.Steinbach, P.Wesołowski, F.Zeller,
     J. Chem. Phys., 2024, 160, 114110.

   for works involving QCG cite

   • S.Spicher, C.Plett, P.Pracht, A.Hansen, S.Grimme,
     JCTC, 2022, 18 (5), 3174-3189.
   • C.Plett, S. Grimme,
     Angew. Chem. Int. Ed. 2023, 62, e202214477.

   for works involving MECP screening cite

   • P.Pracht, C.Bannwarth, JCTC, 2022, 18 (10), 6370-6385.

   Original code
     P.Pracht, S.Grimme, Universität Bonn, MCTC
   with help from (alphabetical order):
     C.Bannwarth, F.Bohle, S.Ehlert, G.Feldmann, J.Gorges,
     S.Grimme, C.Plett, P.Pracht, S.Spicher, P.Steinbach,
     P.Wesolowski, F.Zeller

   Online documentation is available at
   https://crest-lab.github.io/crest-docs/

   This program is distributed in the hope that it will be useful,
   but WITHOUT ANY WARRANTY; without even the implied warranty of
   MERCHANTABILITY or FITNESS FOR A PARTICULAR PURPOSE. See the
   GNU Lesser General Public License (LGPL) for more details.

 Command line input:
 $ ./crest m1_00_Sitagliptin-uni_best.xyz --T 16 --entropy --gfn2 --chrg 0

  --T 16 (CPUs/Threads selected)
  --entropy : enhanced ensemble entropy calculation
  --gfn2               : Use of GFN2-xTB requested.
  --chrg 0

> Setting up backup calculator ... done.
 ----------------
 Calculation info
 ----------------
> User-defined calculation level:
 : xTB calculation via tblite lib
 : GFN2-xTB level
 :   Molecular charge    : 0
 :   Fermi temperature   : 300.00000
 :   Accuracy            : 1.00000
 :   max SCC cycles      : 500


 -----------------------------
 Initial Geometry Optimization
 -----------------------------
 Geometry successfully optimized.

          ┍━━━━━━━━━━━━━━━━━━━━━━━━━━━━━━━━━━━━━━━━━━━━━━━━━┑
          │              CREST ENTROPY SAMPLING             │
          ┕━━━━━━━━━━━━━━━━━━━━━━━━━━━━━━━━━━━━━━━━━━━━━━━━━┙

 please cite:
 • P.Pracht, S.Grimme, Chem. Sci., 2021, 12, 6551-6568.
 • J.Gorges, S.Grimme, A.Hansen, P.Pracht, PCCP, 2022,24, 12249-12259.

 Input structure:
  43

 F         -4.0848005932        1.8251368164       -1.3499881732
 C         -3.2826058754        1.5612431543       -0.3311743480
 F         -2.1867290090        2.3356842637       -0.4668002836
 F         -3.8932958452        2.0063435868        0.7888684103
 C         -2.9235563207        0.1232339361       -0.2153666603
 N         -3.3688884359       -0.8600237729       -0.9467500176
 N         -2.7901099123       -1.9814670425       -0.5208111540
 C         -1.9975107591       -1.6796859906        0.4712808731
 N         -2.0465063135       -0.3415201575        0.7232357304
 C         -1.2722234241        0.3687603049        1.7120178946
 H         -1.9234750070        1.0340263231        2.2851570151
 C         -0.5884436596       -0.6553724639        2.6258997555
 N         -0.0520192053       -1.7419996593        1.8301445420
 C          1.2243753802       -1.6252423302        1.3628779894
 O          1.9439728901       -0.7241832780        1.7469065331
 C          1.6981454708       -2.6890862465        0.3979060725
 H          1.4126865921       -3.6763434403        0.7621151862
 H          2.7872277946       -2.6349553646        0.3703482765
 C          1.1272048476       -2.5083912427       -1.0257649103
 N          0.9295039495       -3.8246574250       -1.5971529911
 H          0.4227710469       -3.7707548814       -2.4726977505
 H          1.8187428037       -4.2810019621       -1.7713437653
 H          0.1388067013       -2.0424603719       -0.9804878032
 C          2.0363367224       -1.5900360898       -1.8803911795
 C          2.2382422799       -0.2498268185       -1.2426417823
 C          3.4703409709        0.1404566205       -0.7367571766
 C          3.6305517535        1.3664392687       -0.1186453979
 C          2.5577503560        2.2407826936       -0.0021223747
 C          1.3199313181        1.8849100922       -0.5057387013
 C          1.1851588646        0.6484061404       -1.1063703921
 F         -0.0405815512        0.3033809823       -1.5659080755
 H          0.4831347248        2.5626160906       -0.4392395595
 F          2.7071679843        3.4334329556        0.5890790496
 F          4.8359161309        1.7104743032        0.3540362805
 H          4.3251327630       -0.5128896904       -0.8095815544
 H          3.0029453899       -2.0758069244       -2.0284850064
 H          1.5589249144       -1.4599826681       -2.8558076037
 C         -1.1004685810       -2.5658939625        1.2663684316
 H         -0.7167301039       -3.3647103824        0.6348008090
 H         -1.6704286301       -3.0256026086        2.0850882014
 H          0.2358063204       -0.1777135160        3.1567838205
 H         -1.3008436983       -1.0685090409        3.3446493769
 H         -0.5124800807        0.9710676501        1.2026716967

 ------------------------------------------------
 Generating MTD length from a flexibility measure
 ------------------------------------------------
 Calculating GFN0-xTB WBOs   ... done.
 Calculating NCI flexibility ... done.
     covalent flexibility measure :   0.285
 non-covalent flexibility measure :   0.645
 flexibility measure :   0.314
 t(MTD) / ps    :    15.0
 Σ(t(MTD)) / ps :   360.0 (24 MTDs)

 -----------------------------------
 Starting trial MTD to test settings
 -----------------------------------
 Trial MTD 1 runtime (1.0 ps) ...        0 min,  6.458 sec
 Estimated runtime for one MTD (15.0 ps) on a single thread: 1 min 37 sec
 Estimated runtime for a batch of 24 MTDs on 16 threads: 3 min 14 sec

********************************************************************************
**                    N E W   I T E R A T I O N  C Y C L E                    **
********************************************************************************

 ------------------------------
 Meta-Dynamics Iteration 1
 ------------------------------
 list of applied metadynamics Vbias parameters:
$metadyn    0.32250   1.618
$metadyn    0.16125   1.618
$metadyn    0.08063   1.618
$metadyn    0.04031   1.618
$metadyn    0.32250   1.000
$metadyn    0.16125   1.000
$metadyn    0.08063   1.000
$metadyn    0.04031   1.000
$metadyn    0.32250   0.618
$metadyn    0.16125   0.618
$metadyn    0.08063   0.618
$metadyn    0.04031   0.618
$metadyn    0.32250   0.382
$metadyn    0.16125   0.382
$metadyn    0.08063   0.382
$metadyn    0.04031   0.382
$metadyn    0.32250   0.236
$metadyn    0.16125   0.236
$metadyn    0.08063   0.236
$metadyn    0.04031   0.236
$metadyn    0.32250   0.146
$metadyn    0.16125   0.146
$metadyn    0.08063   0.146
$metadyn    0.04031   0.146

  ::::::::::::: starting MTD   22 :::::::::::::
  |   MD simulation time   :    15.0 ps       |
  |   target T             :   300.0 K        |
  |   timestep dt          :     5.0 fs       |
  |   dump interval(trj)   :   100.0 fs       |
  |   SHAKE algorithm      : true (all bonds) |
  |   dump interval(Vbias) :    1.00 ps       |
  |   Vbias prefactor (k)  :  0.1613 Eh       |
  |   Vbias exponent (α)   :  0.1459 bohr⁻²   |
  ::::::::::::: starting MTD   11 :::::::::::::
  |   MD simulation time   :    15.0 ps       |
  |   target T             :   300.0 K        |
  |   timestep dt          :     5.0 fs       |
  |   dump interval(trj)   :   100.0 fs       |
  |   SHAKE algorithm      : true (all bonds) |
  |   dump interval(Vbias) :    1.00 ps       |
  |   Vbias prefactor (k)  :  0.0806 Eh       |
  |   Vbias exponent (α)   :  0.6180 bohr⁻²   |
  ::::::::::::: starting MTD   23 :::::::::::::
  |   MD simulation time   :    15.0 ps       |
  |   target T             :   300.0 K        |
  |   timestep dt          :     5.0 fs       |
  |   dump interval(trj)   :   100.0 fs       |
  |   SHAKE algorithm      : true (all bonds) |
  |   dump interval(Vbias) :    1.00 ps       |
  |   Vbias prefactor (k)  :  0.0806 Eh       |
  |   Vbias exponent (α)   :  0.1459 bohr⁻²   |
  ::::::::::::: starting MTD    9 :::::::::::::
  |   MD simulation time   :    15.0 ps       |
  |   target T             :   300.0 K        |
  |   timestep dt          :     5.0 fs       |
  |   dump interval(trj)   :   100.0 fs       |
  |   SHAKE algorithm      : true (all bonds) |
  |   dump interval(Vbias) :    1.00 ps       |
  |   Vbias prefactor (k)  :  0.3225 Eh       |
  |   Vbias exponent (α)   :  0.6180 bohr⁻²   |
  ::::::::::::: starting MTD   21 :::::::::::::
  |   MD simulation time   :    15.0 ps       |
  |   target T             :   300.0 K        |
  |   timestep dt          :     5.0 fs       |
  |   dump interval(trj)   :   100.0 fs       |
  |   SHAKE algorithm      : true (all bonds) |
  |   dump interval(Vbias) :    1.00 ps       |
  |   Vbias prefactor (k)  :  0.3225 Eh       |
  |   Vbias exponent (α)   :  0.1459 bohr⁻²   |
  ::::::::::::: starting MTD   17 :::::::::::::
  |   MD simulation time   :    15.0 ps       |
  |   target T             :   300.0 K        |
  |   timestep dt          :     5.0 fs       |
  |   dump interval(trj)   :   100.0 fs       |
  |   SHAKE algorithm      : true (all bonds) |
  |   dump interval(Vbias) :    1.00 ps       |
  |   Vbias prefactor (k)  :  0.3225 Eh       |
  |   Vbias exponent (α)   :  0.2361 bohr⁻²   |
  ::::::::::::: starting MTD    1 :::::::::::::
  |   MD simulation time   :    15.0 ps       |
  |   target T             :   300.0 K        |
  |   timestep dt          :     5.0 fs       |
  |   dump interval(trj)   :   100.0 fs       |
  |   SHAKE algorithm      : true (all bonds) |
  |   dump interval(Vbias) :    1.00 ps       |
  |   Vbias prefactor (k)  :  0.3225 Eh       |
  |   Vbias exponent (α)   :  1.6180 bohr⁻²   |
  ::::::::::::: starting MTD   15 :::::::::::::
  |   MD simulation time   :    15.0 ps       |
  |   target T             :   300.0 K        |
  |   timestep dt          :     5.0 fs       |
  |   dump interval(trj)   :   100.0 fs       |
  |   SHAKE algorithm      : true (all bonds) |
  |   dump interval(Vbias) :    1.00 ps       |
  |   Vbias prefactor (k)  :  0.0806 Eh       |
  |   Vbias exponent (α)   :  0.3820 bohr⁻²   |
  ::::::::::::: starting MTD   20 :::::::::::::
  |   MD simulation time   :    15.0 ps       |
  |   target T             :   300.0 K        |
  |   timestep dt          :     5.0 fs       |
  |   dump interval(trj)   :   100.0 fs       |
  |   SHAKE algorithm      : true (all bonds) |
  |   dump interval(Vbias) :    1.00 ps       |
  |   Vbias prefactor (k)  :  0.0403 Eh       |
  |   Vbias exponent (α)   :  0.2361 bohr⁻²   |
  ::::::::::::: starting MTD    5 :::::::::::::
  |   MD simulation time   :    15.0 ps       |
  |   target T             :   300.0 K        |
  |   timestep dt          :     5.0 fs       |
  |   dump interval(trj)   :   100.0 fs       |
  |   SHAKE algorithm      : true (all bonds) |
  |   dump interval(Vbias) :    1.00 ps       |
  |   Vbias prefactor (k)  :  0.3225 Eh       |
  |   Vbias exponent (α)   :  1.0000 bohr⁻²   |
  ::::::::::::: starting MTD   19 :::::::::::::
  |   MD simulation time   :    15.0 ps       |
  |   target T             :   300.0 K        |
  |   timestep dt          :     5.0 fs       |
  |   dump interval(trj)   :   100.0 fs       |
  |   SHAKE algorithm      : true (all bonds) |
  |   dump interval(Vbias) :    1.00 ps       |
  |   Vbias prefactor (k)  :  0.0806 Eh       |
  |   Vbias exponent (α)   :  0.2361 bohr⁻²   |
  ::::::::::::: starting MTD    3 :::::::::::::
  |   MD simulation time   :    15.0 ps       |
  |   target T             :   300.0 K        |
  |   timestep dt          :     5.0 fs       |
  |   dump interval(trj)   :   100.0 fs       |
  |   SHAKE algorithm      : true (all bonds) |
  |   dump interval(Vbias) :    1.00 ps       |
  |   Vbias prefactor (k)  :  0.0806 Eh       |
  |   Vbias exponent (α)   :  1.6180 bohr⁻²   |
  ::::::::::::: starting MTD    7 :::::::::::::
  |   MD simulation time   :    15.0 ps       |
  |   target T             :   300.0 K        |
  |   timestep dt          :     5.0 fs       |
  |   dump interval(trj)   :   100.0 fs       |
  |   SHAKE algorithm      : true (all bonds) |
  |   dump interval(Vbias) :    1.00 ps       |
  |   Vbias prefactor (k)  :  0.0806 Eh       |
  |   Vbias exponent (α)   :  1.0000 bohr⁻²   |
  ::::::::::::: starting MTD   13 :::::::::::::
  |   MD simulation time   :    15.0 ps       |
  |   target T             :   300.0 K        |
  |   timestep dt          :     5.0 fs       |
  |   dump interval(trj)   :   100.0 fs       |
  |   SHAKE algorithm      : true (all bonds) |
  |   dump interval(Vbias) :    1.00 ps       |
  |   Vbias prefactor (k)  :  0.3225 Eh       |
  |   Vbias exponent (α)   :  0.3820 bohr⁻²   |
  ::::::::::::: starting MTD   18 :::::::::::::
  |   MD simulation time   :    15.0 ps       |
  |   target T             :   300.0 K        |
  |   timestep dt          :     5.0 fs       |
  |   dump interval(trj)   :   100.0 fs       |
  |   SHAKE algorithm      : true (all bonds) |
  |   dump interval(Vbias) :    1.00 ps       |
  |   Vbias prefactor (k)  :  0.1613 Eh       |
  |   Vbias exponent (α)   :  0.2361 bohr⁻²   |
  ::::::::::::: starting MTD   24 :::::::::::::
  |   MD simulation time   :    15.0 ps       |
  |   target T             :   300.0 K        |
  |   timestep dt          :     5.0 fs       |
  |   dump interval(trj)   :   100.0 fs       |
  |   SHAKE algorithm      : true (all bonds) |
  |   dump interval(Vbias) :    1.00 ps       |
  |   Vbias prefactor (k)  :  0.0403 Eh       |
  |   Vbias exponent (α)   :  0.1459 bohr⁻²   |
*MTD  15 completed successfully ...        2 min, 25.889 sec
  ::::::::::::: starting MTD   16 :::::::::::::
  |   MD simulation time   :    15.0 ps       |
  |   target T             :   300.0 K        |
  |   timestep dt          :     5.0 fs       |
  |   dump interval(trj)   :   100.0 fs       |
  |   SHAKE algorithm      : true (all bonds) |
  |   dump interval(Vbias) :    1.00 ps       |
  |   Vbias prefactor (k)  :  0.0403 Eh       |
  |   Vbias exponent (α)   :  0.3820 bohr⁻²   |
*MTD   7 completed successfully ...        2 min, 25.984 sec
  ::::::::::::: starting MTD    8 :::::::::::::
  |   MD simulation time   :    15.0 ps       |
  |   target T             :   300.0 K        |
  |   timestep dt          :     5.0 fs       |
  |   dump interval(trj)   :   100.0 fs       |
  |   SHAKE algorithm      : true (all bonds) |
  |   dump interval(Vbias) :    1.00 ps       |
  |   Vbias prefactor (k)  :  0.0403 Eh       |
  |   Vbias exponent (α)   :  1.0000 bohr⁻²   |
*MTD  11 completed successfully ...        2 min, 27.023 sec
  ::::::::::::: starting MTD   12 :::::::::::::
  |   MD simulation time   :    15.0 ps       |
  |   target T             :   300.0 K        |
  |   timestep dt          :     5.0 fs       |
  |   dump interval(trj)   :   100.0 fs       |
  |   SHAKE algorithm      : true (all bonds) |
  |   dump interval(Vbias) :    1.00 ps       |
  |   Vbias prefactor (k)  :  0.0403 Eh       |
  |   Vbias exponent (α)   :  0.6180 bohr⁻²   |
*MTD   3 completed successfully ...        2 min, 27.341 sec
  ::::::::::::: starting MTD    4 :::::::::::::
  |   MD simulation time   :    15.0 ps       |
  |   target T             :   300.0 K        |
  |   timestep dt          :     5.0 fs       |
  |   dump interval(trj)   :   100.0 fs       |
  |   SHAKE algorithm      : true (all bonds) |
  |   dump interval(Vbias) :    1.00 ps       |
  |   Vbias prefactor (k)  :  0.0403 Eh       |
  |   Vbias exponent (α)   :  1.6180 bohr⁻²   |
*MTD  19 completed successfully ...        2 min, 27.856 sec
*MTD  20 completed successfully ...        2 min, 27.870 sec
*MTD  24 completed successfully ...        2 min, 28.132 sec
*MTD  23 completed successfully ...        2 min, 28.375 sec
*MTD  22 completed successfully ...        2 min, 29.009 sec
*MTD  18 completed successfully ...        2 min, 29.221 sec
*MTD   1 completed successfully ...        2 min, 29.489 sec
  ::::::::::::: starting MTD    2 :::::::::::::
  |   MD simulation time   :    15.0 ps       |
  |   target T             :   300.0 K        |
  |   timestep dt          :     5.0 fs       |
  |   dump interval(trj)   :   100.0 fs       |
  |   SHAKE algorithm      : true (all bonds) |
  |   dump interval(Vbias) :    1.00 ps       |
  |   Vbias prefactor (k)  :  0.1613 Eh       |
  |   Vbias exponent (α)   :  1.6180 bohr⁻²   |
*MTD   9 completed successfully ...        2 min, 29.503 sec
  ::::::::::::: starting MTD   10 :::::::::::::
  |   MD simulation time   :    15.0 ps       |
  |   target T             :   300.0 K        |
  |   timestep dt          :     5.0 fs       |
  |   dump interval(trj)   :   100.0 fs       |
  |   SHAKE algorithm      : true (all bonds) |
  |   dump interval(Vbias) :    1.00 ps       |
  |   Vbias prefactor (k)  :  0.1613 Eh       |
  |   Vbias exponent (α)   :  0.6180 bohr⁻²   |
*MTD   5 completed successfully ...        2 min, 29.635 sec
  ::::::::::::: starting MTD    6 :::::::::::::
  |   MD simulation time   :    15.0 ps       |
  |   target T             :   300.0 K        |
  |   timestep dt          :     5.0 fs       |
  |   dump interval(trj)   :   100.0 fs       |
  |   SHAKE algorithm      : true (all bonds) |
  |   dump interval(Vbias) :    1.00 ps       |
  |   Vbias prefactor (k)  :  0.1613 Eh       |
  |   Vbias exponent (α)   :  1.0000 bohr⁻²   |
*MTD  13 completed successfully ...        2 min, 30.227 sec
  ::::::::::::: starting MTD   14 :::::::::::::
  |   MD simulation time   :    15.0 ps       |
  |   target T             :   300.0 K        |
  |   timestep dt          :     5.0 fs       |
  |   dump interval(trj)   :   100.0 fs       |
  |   SHAKE algorithm      : true (all bonds) |
  |   dump interval(Vbias) :    1.00 ps       |
  |   Vbias prefactor (k)  :  0.1613 Eh       |
  |   Vbias exponent (α)   :  0.3820 bohr⁻²   |
*MTD  17 completed successfully ...        2 min, 32.167 sec
*MTD  21 completed successfully ...        2 min, 34.416 sec
*MTD   8 completed successfully ...        1 min, 42.733 sec
*MTD  12 completed successfully ...        1 min, 41.995 sec
*MTD  16 completed successfully ...        1 min, 43.281 sec
*MTD   4 completed successfully ...        1 min, 42.074 sec
*MTD   6 completed successfully ...        1 min, 40.923 sec
*MTD   2 completed successfully ...        1 min, 41.405 sec
*MTD  10 completed successfully ...        1 min, 42.071 sec
*MTD  14 completed successfully ...        1 min, 42.573 sec

 ======================================
 |  Multilevel Ensemble Optimization  |
 ======================================
 Optimizing all 3576 structures from file "crest_dynamics.trj" ...
 ----------------------
 crude pre-optimization
 ----------------------
 Optimization engine: ANCOPT
 Hessian update type: BFGS
 E/G convergence criteria:  0.500E-03 Eh, 0.100E-01 Eh/a0
 maximum optimization steps: 200
 |>0.0% |>7.5% |>15.0% |>22.5% |>30.0% |>37.5% |>45.0% |>52.5% |>60.0% |>67.5% |>75.0% |>82.5% |>90.0% |>97.5% |>100.0%
 done.
> 3576 of 3576 structures successfully optimized (100.0% success)
> Total runtime for 3576 optimizations:
 * wall-time:     0 d,  0 h,  2 min, 47.616 sec
 *  cpu-time:     0 d,  0 h, 43 min, 26.961 sec
 * ratio c/w:    15.553 speedup
> Corresponding to approximately 0.047 sec per processed structure

CREGEN> running RMSDs ... done.
CREGEN> E lowest :   -89.03458
 3061 structures remain within    12.00 kcal/mol window
 ----------------------------------
 optimization with tight thresholds
 ----------------------------------
 Optimization engine: ANCOPT
 Hessian update type: BFGS
 E/G convergence criteria:  0.100E-05 Eh, 0.800E-03 Eh/a0
 maximum optimization steps: 200
 |>0.0% |>7.5% |>15.0% |>22.5% |>30.0% |>37.5% |>45.0% |>52.5% |>60.0% |>67.5% |>75.0% |>82.5% |>90.0% |>97.5% |>100.0%
 done.
> 2983 of 3061 structures successfully optimized (97.5% success)
> Total runtime for 3061 optimizations:
 * wall-time:     0 d,  0 h,  9 min, 55.072 sec
 *  cpu-time:     0 d,  2 h, 35 min, 42.293 sec
 * ratio c/w:    15.699 speedup
> Corresponding to approximately 0.194 sec per processed structure

CREGEN> running RMSDs ... done.
CREGEN> E lowest :   -89.03483
 842 structures remain within     6.00 kcal/mol window

========================================
           MTD Simulations done         
========================================
 Collecting ensmbles.
CREGEN> running RMSDs ... done.
CREGEN> E lowest :   -89.03483
 842 structures remain within     6.00 kcal/mol window
     H(298.15K)-H(0) (conf)      1.119987
                   Cp(conf)      5.663822
                    S(conf)      8.200155

********************************************************************************
**                     I T E R A T I O N    C Y C L E      1                  **
********************************************************************************
 -------------------------------------------
 determining bias structures via PCA/k-Means
 -------------------------------------------

 5 structures were selected
 done.

 -----------------------------------------------
 determining MTD seed structures via PCA/k-Means
 -----------------------------------------------

 36 structures were selected
 done.


 ===========================================================
 Static MTDs (umbrella sampling) on 36 selected conformer(s)
 ===========================================================
> Using 5 constant RMSD bias potentials per MTD
  :::::::::: starting static MTD   1 ::::::::::
  |   MD simulation time   :     7.5 ps       |
  |   target T             :   400.0 K        |
  |   timestep dt          :     5.0 fs       |
  |   dump interval(trj)   :   100.0 fs       |
  |   SHAKE algorithm      : true (all bonds) |
  |   Vbias prefactor (k)  :  0.0032 Eh       |
  |   Vbias exponent (α)   :  1.0000 bohr⁻²   |
  :::::::::: starting static MTD   5 ::::::::::
  |   MD simulation time   :     7.5 ps       |
  |   target T             :   400.0 K        |
  |   timestep dt          :     5.0 fs       |
  |   dump interval(trj)   :   100.0 fs       |
  |   SHAKE algorithm      : true (all bonds) |
  |   Vbias prefactor (k)  :  0.0032 Eh       |
  |   Vbias exponent (α)   :  1.0000 bohr⁻²   |
  :::::::::: starting static MTD   2 ::::::::::
  |   MD simulation time   :     7.5 ps       |
  |   target T             :   400.0 K        |
  |   timestep dt          :     5.0 fs       |
  |   dump interval(trj)   :   100.0 fs       |
  |   SHAKE algorithm      : true (all bonds) |
  |   Vbias prefactor (k)  :  0.0032 Eh       |
  |   Vbias exponent (α)   :  1.0000 bohr⁻²   |
  :::::::::: starting static MTD  36 ::::::::::
  |   MD simulation time   :     7.5 ps       |
  |   target T             :   400.0 K        |
  |   timestep dt          :     5.0 fs       |
  |   dump interval(trj)   :   100.0 fs       |
  |   SHAKE algorithm      : true (all bonds) |
  |   Vbias prefactor (k)  :  0.0032 Eh       |
  |   Vbias exponent (α)   :  1.0000 bohr⁻²   |
  :::::::::: starting static MTD   6 ::::::::::
  |   MD simulation time   :     7.5 ps       |
  |   target T             :   400.0 K        |
  |   timestep dt          :     5.0 fs       |
  |   dump interval(trj)   :   100.0 fs       |
  |   SHAKE algorithm      : true (all bonds) |
  |   Vbias prefactor (k)  :  0.0032 Eh       |
  |   Vbias exponent (α)   :  1.0000 bohr⁻²   |
  :::::::::: starting static MTD   4 ::::::::::
  |   MD simulation time   :     7.5 ps       |
  |   target T             :   400.0 K        |
  |   timestep dt          :     5.0 fs       |
  |   dump interval(trj)   :   100.0 fs       |
  |   SHAKE algorithm      : true (all bonds) |
  |   Vbias prefactor (k)  :  0.0032 Eh       |
  |   Vbias exponent (α)   :  1.0000 bohr⁻²   |
  :::::::::: starting static MTD   3 ::::::::::
  |   MD simulation time   :     7.5 ps       |
  |   target T             :   400.0 K        |
  |   timestep dt          :     5.0 fs       |
  |   dump interval(trj)   :   100.0 fs       |
  |   SHAKE algorithm      : true (all bonds) |
  |   Vbias prefactor (k)  :  0.0032 Eh       |
  |   Vbias exponent (α)   :  1.0000 bohr⁻²   |
  :::::::::: starting static MTD   8 ::::::::::
  |   MD simulation time   :     7.5 ps       |
  |   target T             :   400.0 K        |
  |   timestep dt          :     5.0 fs       |
  |   dump interval(trj)   :   100.0 fs       |
  |   SHAKE algorithm      : true (all bonds) |
  |   Vbias prefactor (k)  :  0.0032 Eh       |
  |   Vbias exponent (α)   :  1.0000 bohr⁻²   |
  :::::::::: starting static MTD  14 ::::::::::
  |   MD simulation time   :     7.5 ps       |
  |   target T             :   400.0 K        |
  |   timestep dt          :     5.0 fs       |
  |   dump interval(trj)   :   100.0 fs       |
  |   SHAKE algorithm      : true (all bonds) |
  |   Vbias prefactor (k)  :  0.0032 Eh       |
  |   Vbias exponent (α)   :  1.0000 bohr⁻²   |
  :::::::::: starting static MTD  15 ::::::::::
  |   MD simulation time   :     7.5 ps       |
  |   target T             :   400.0 K        |
  |   timestep dt          :     5.0 fs       |
  |   dump interval(trj)   :   100.0 fs       |
  |   SHAKE algorithm      : true (all bonds) |
  |   Vbias prefactor (k)  :  0.0032 Eh       |
  |   Vbias exponent (α)   :  1.0000 bohr⁻²   |
  :::::::::: starting static MTD  13 ::::::::::
  |   MD simulation time   :     7.5 ps       |
  |   target T             :   400.0 K        |
  |   timestep dt          :     5.0 fs       |
  |   dump interval(trj)   :   100.0 fs       |
  |   SHAKE algorithm      : true (all bonds) |
  |   Vbias prefactor (k)  :  0.0032 Eh       |
  |   Vbias exponent (α)   :  1.0000 bohr⁻²   |
  :::::::::: starting static MTD   9 ::::::::::
  |   MD simulation time   :     7.5 ps       |
  |   target T             :   400.0 K        |
  |   timestep dt          :     5.0 fs       |
  |   dump interval(trj)   :   100.0 fs       |
  |   SHAKE algorithm      : true (all bonds) |
  |   Vbias prefactor (k)  :  0.0032 Eh       |
  |   Vbias exponent (α)   :  1.0000 bohr⁻²   |
  :::::::::: starting static MTD  10 ::::::::::
  |   MD simulation time   :     7.5 ps       |
  |   target T             :   400.0 K        |
  |   timestep dt          :     5.0 fs       |
  |   dump interval(trj)   :   100.0 fs       |
  |   SHAKE algorithm      : true (all bonds) |
  |   Vbias prefactor (k)  :  0.0032 Eh       |
  |   Vbias exponent (α)   :  1.0000 bohr⁻²   |
  :::::::::: starting static MTD   7 ::::::::::
  |   MD simulation time   :     7.5 ps       |
  |   target T             :   400.0 K        |
  |   timestep dt          :     5.0 fs       |
  |   dump interval(trj)   :   100.0 fs       |
  |   SHAKE algorithm      : true (all bonds) |
  |   Vbias prefactor (k)  :  0.0032 Eh       |
  |   Vbias exponent (α)   :  1.0000 bohr⁻²   |
  :::::::::: starting static MTD  11 ::::::::::
  |   MD simulation time   :     7.5 ps       |
  |   target T             :   400.0 K        |
  |   timestep dt          :     5.0 fs       |
  |   dump interval(trj)   :   100.0 fs       |
  |   SHAKE algorithm      : true (all bonds) |
  |   Vbias prefactor (k)  :  0.0032 Eh       |
  |   Vbias exponent (α)   :  1.0000 bohr⁻²   |
  :::::::::: starting static MTD  12 ::::::::::
  |   MD simulation time   :     7.5 ps       |
  |   target T             :   400.0 K        |
  |   timestep dt          :     5.0 fs       |
  |   dump interval(trj)   :   100.0 fs       |
  |   SHAKE algorithm      : true (all bonds) |
  |   Vbias prefactor (k)  :  0.0032 Eh       |
  |   Vbias exponent (α)   :  1.0000 bohr⁻²   |
*sMTD  14 completed successfully ...        1 min, 17.193 sec
  :::::::::: starting static MTD  16 ::::::::::
  |   MD simulation time   :     7.5 ps       |
  |   target T             :   400.0 K        |
  |   timestep dt          :     5.0 fs       |
  |   dump interval(trj)   :   100.0 fs       |
  |   SHAKE algorithm      : true (all bonds) |
  |   Vbias prefactor (k)  :  0.0032 Eh       |
  |   Vbias exponent (α)   :  1.0000 bohr⁻²   |
*sMTD  36 completed successfully ...        1 min, 17.671 sec
  :::::::::: starting static MTD  35 ::::::::::
  |   MD simulation time   :     7.5 ps       |
  |   target T             :   400.0 K        |
  |   timestep dt          :     5.0 fs       |
  |   dump interval(trj)   :   100.0 fs       |
  |   SHAKE algorithm      : true (all bonds) |
  |   Vbias prefactor (k)  :  0.0032 Eh       |
  |   Vbias exponent (α)   :  1.0000 bohr⁻²   |
*sMTD   5 completed successfully ...        1 min, 19.054 sec
  :::::::::: starting static MTD  17 ::::::::::
  |   MD simulation time   :     7.5 ps       |
  |   target T             :   400.0 K        |
  |   timestep dt          :     5.0 fs       |
  |   dump interval(trj)   :   100.0 fs       |
  |   SHAKE algorithm      : true (all bonds) |
  |   Vbias prefactor (k)  :  0.0032 Eh       |
  |   Vbias exponent (α)   :  1.0000 bohr⁻²   |
*sMTD   4 completed successfully ...        1 min, 19.095 sec
  :::::::::: starting static MTD  18 ::::::::::
  |   MD simulation time   :     7.5 ps       |
  |   target T             :   400.0 K        |
  |   timestep dt          :     5.0 fs       |
  |   dump interval(trj)   :   100.0 fs       |
  |   SHAKE algorithm      : true (all bonds) |
  |   Vbias prefactor (k)  :  0.0032 Eh       |
  |   Vbias exponent (α)   :  1.0000 bohr⁻²   |
*sMTD  15 completed successfully ...        1 min, 19.159 sec
  :::::::::: starting static MTD  19 ::::::::::
  |   MD simulation time   :     7.5 ps       |
  |   target T             :   400.0 K        |
  |   timestep dt          :     5.0 fs       |
  |   dump interval(trj)   :   100.0 fs       |
  |   SHAKE algorithm      : true (all bonds) |
  |   Vbias prefactor (k)  :  0.0032 Eh       |
  |   Vbias exponent (α)   :  1.0000 bohr⁻²   |
*sMTD   2 completed successfully ...        1 min, 19.386 sec
  :::::::::: starting static MTD  20 ::::::::::
  |   MD simulation time   :     7.5 ps       |
  |   target T             :   400.0 K        |
  |   timestep dt          :     5.0 fs       |
  |   dump interval(trj)   :   100.0 fs       |
  |   SHAKE algorithm      : true (all bonds) |
  |   Vbias prefactor (k)  :  0.0032 Eh       |
  |   Vbias exponent (α)   :  1.0000 bohr⁻²   |
*sMTD   7 completed successfully ...        1 min, 19.579 sec
  :::::::::: starting static MTD  21 ::::::::::
  |   MD simulation time   :     7.5 ps       |
  |   target T             :   400.0 K        |
  |   timestep dt          :     5.0 fs       |
  |   dump interval(trj)   :   100.0 fs       |
  |   SHAKE algorithm      : true (all bonds) |
  |   Vbias prefactor (k)  :  0.0032 Eh       |
  |   Vbias exponent (α)   :  1.0000 bohr⁻²   |
*sMTD   9 completed successfully ...        1 min, 19.642 sec
  :::::::::: starting static MTD  22 ::::::::::
  |   MD simulation time   :     7.5 ps       |
  |   target T             :   400.0 K        |
  |   timestep dt          :     5.0 fs       |
  |   dump interval(trj)   :   100.0 fs       |
  |   SHAKE algorithm      : true (all bonds) |
  |   Vbias prefactor (k)  :  0.0032 Eh       |
  |   Vbias exponent (α)   :  1.0000 bohr⁻²   |
*sMTD  10 completed successfully ...        1 min, 19.666 sec
  :::::::::: starting static MTD  23 ::::::::::
  |   MD simulation time   :     7.5 ps       |
  |   target T             :   400.0 K        |
  |   timestep dt          :     5.0 fs       |
  |   dump interval(trj)   :   100.0 fs       |
  |   SHAKE algorithm      : true (all bonds) |
  |   Vbias prefactor (k)  :  0.0032 Eh       |
  |   Vbias exponent (α)   :  1.0000 bohr⁻²   |
*sMTD  13 completed successfully ...        1 min, 19.947 sec
  :::::::::: starting static MTD  24 ::::::::::
  |   MD simulation time   :     7.5 ps       |
  |   target T             :   400.0 K        |
  |   timestep dt          :     5.0 fs       |
  |   dump interval(trj)   :   100.0 fs       |
  |   SHAKE algorithm      : true (all bonds) |
  |   Vbias prefactor (k)  :  0.0032 Eh       |
  |   Vbias exponent (α)   :  1.0000 bohr⁻²   |
*sMTD  11 completed successfully ...        1 min, 20.226 sec
  :::::::::: starting static MTD  25 ::::::::::
  |   MD simulation time   :     7.5 ps       |
  |   target T             :   400.0 K        |
  |   timestep dt          :     5.0 fs       |
  |   dump interval(trj)   :   100.0 fs       |
  |   SHAKE algorithm      : true (all bonds) |
  |   Vbias prefactor (k)  :  0.0032 Eh       |
  |   Vbias exponent (α)   :  1.0000 bohr⁻²   |
*sMTD   1 completed successfully ...        1 min, 20.427 sec
  :::::::::: starting static MTD  26 ::::::::::
  |   MD simulation time   :     7.5 ps       |
  |   target T             :   400.0 K        |
  |   timestep dt          :     5.0 fs       |
  |   dump interval(trj)   :   100.0 fs       |
  |   SHAKE algorithm      : true (all bonds) |
  |   Vbias prefactor (k)  :  0.0032 Eh       |
  |   Vbias exponent (α)   :  1.0000 bohr⁻²   |
*sMTD   3 completed successfully ...        1 min, 20.533 sec
  :::::::::: starting static MTD  27 ::::::::::
  |   MD simulation time   :     7.5 ps       |
  |   target T             :   400.0 K        |
  |   timestep dt          :     5.0 fs       |
  |   dump interval(trj)   :   100.0 fs       |
  |   SHAKE algorithm      : true (all bonds) |
  |   Vbias prefactor (k)  :  0.0032 Eh       |
  |   Vbias exponent (α)   :  1.0000 bohr⁻²   |
*sMTD   6 completed successfully ...        1 min, 20.621 sec
  :::::::::: starting static MTD  28 ::::::::::
  |   MD simulation time   :     7.5 ps       |
  |   target T             :   400.0 K        |
  |   timestep dt          :     5.0 fs       |
  |   dump interval(trj)   :   100.0 fs       |
  |   SHAKE algorithm      : true (all bonds) |
  |   Vbias prefactor (k)  :  0.0032 Eh       |
  |   Vbias exponent (α)   :  1.0000 bohr⁻²   |
*sMTD  12 completed successfully ...        1 min, 20.698 sec
  :::::::::: starting static MTD  29 ::::::::::
  |   MD simulation time   :     7.5 ps       |
  |   target T             :   400.0 K        |
  |   timestep dt          :     5.0 fs       |
  |   dump interval(trj)   :   100.0 fs       |
  |   SHAKE algorithm      : true (all bonds) |
  |   Vbias prefactor (k)  :  0.0032 Eh       |
  |   Vbias exponent (α)   :  1.0000 bohr⁻²   |
*sMTD   8 completed successfully ...        1 min, 21.155 sec
  :::::::::: starting static MTD  30 ::::::::::
  |   MD simulation time   :     7.5 ps       |
  |   target T             :   400.0 K        |
  |   timestep dt          :     5.0 fs       |
  |   dump interval(trj)   :   100.0 fs       |
  |   SHAKE algorithm      : true (all bonds) |
  |   Vbias prefactor (k)  :  0.0032 Eh       |
  |   Vbias exponent (α)   :  1.0000 bohr⁻²   |
*sMTD  35 completed successfully ...        1 min, 18.251 sec
  :::::::::: starting static MTD  34 ::::::::::
  |   MD simulation time   :     7.5 ps       |
  |   target T             :   400.0 K        |
  |   timestep dt          :     5.0 fs       |
  |   dump interval(trj)   :   100.0 fs       |
  |   SHAKE algorithm      : true (all bonds) |
  |   Vbias prefactor (k)  :  0.0032 Eh       |
  |   Vbias exponent (α)   :  1.0000 bohr⁻²   |
*sMTD  16 completed successfully ...        1 min, 20.288 sec
  :::::::::: starting static MTD  31 ::::::::::
  |   MD simulation time   :     7.5 ps       |
  |   target T             :   400.0 K        |
  |   timestep dt          :     5.0 fs       |
  |   dump interval(trj)   :   100.0 fs       |
  |   SHAKE algorithm      : true (all bonds) |
  |   Vbias prefactor (k)  :  0.0032 Eh       |
  |   Vbias exponent (α)   :  1.0000 bohr⁻²   |
*sMTD  18 completed successfully ...        1 min, 18.614 sec
  :::::::::: starting static MTD  32 ::::::::::
  |   MD simulation time   :     7.5 ps       |
  |   target T             :   400.0 K        |
  |   timestep dt          :     5.0 fs       |
  |   dump interval(trj)   :   100.0 fs       |
  |   SHAKE algorithm      : true (all bonds) |
  |   Vbias prefactor (k)  :  0.0032 Eh       |
  |   Vbias exponent (α)   :  1.0000 bohr⁻²   |
*sMTD  29 completed successfully ...        1 min, 18.353 sec
  :::::::::: starting static MTD  33 ::::::::::
  |   MD simulation time   :     7.5 ps       |
  |   target T             :   400.0 K        |
  |   timestep dt          :     5.0 fs       |
  |   dump interval(trj)   :   100.0 fs       |
  |   SHAKE algorithm      : true (all bonds) |
  |   Vbias prefactor (k)  :  0.0032 Eh       |
  |   Vbias exponent (α)   :  1.0000 bohr⁻²   |
*sMTD  28 completed successfully ...        1 min, 18.824 sec
*sMTD  22 completed successfully ...        1 min, 19.849 sec
*sMTD  17 completed successfully ...        1 min, 20.969 sec
*sMTD  20 completed successfully ...        1 min, 20.637 sec
*sMTD  21 completed successfully ...        1 min, 20.530 sec
*sMTD  19 completed successfully ...        1 min, 21.564 sec
*sMTD  25 completed successfully ...        1 min, 20.868 sec
*sMTD  23 completed successfully ...        1 min, 21.549 sec
*sMTD  26 completed successfully ...        1 min, 21.171 sec
*sMTD  24 completed successfully ...        1 min, 22.146 sec
*sMTD  30 completed successfully ...        1 min, 21.519 sec
*sMTD  27 completed successfully ...        1 min, 22.409 sec
*sMTD  34 completed successfully ...        0 min, 50.530 sec
*sMTD  32 completed successfully ...        0 min, 49.806 sec
*sMTD  33 completed successfully ...        0 min, 49.541 sec
*sMTD  31 completed successfully ...        0 min, 51.296 sec

 ======================================
 |  Multilevel Ensemble Optimization  |
 ======================================
 Optimizing all 2664 structures from file "crest_rotamers_0.xyz" ...
 ----------------------
 crude pre-optimization
 ----------------------
 Optimization engine: ANCOPT
 Hessian update type: BFGS
 E/G convergence criteria:  0.500E-03 Eh, 0.100E-01 Eh/a0
 maximum optimization steps: 200
 |>0.0% |>7.5% |>15.0% |>22.5% |>30.0% |>37.5% |>45.0% |>52.5% |>60.0% |>67.5% |>75.0% |>82.5% |>90.0% |>97.5% |>100.0%
 done.
> 2664 of 2664 structures successfully optimized (100.0% success)
> Total runtime for 2664 optimizations:
 * wall-time:     0 d,  0 h,  1 min, 16.292 sec
 *  cpu-time:     0 d,  0 h, 19 min, 49.075 sec
 * ratio c/w:    15.586 speedup
> Corresponding to approximately 0.029 sec per processed structure

CREGEN> running RMSDs ... done.
CREGEN> E lowest :   -89.03400
 2131 structures remain within    12.00 kcal/mol window
 ---------------------------------------
 optimization with very tight thresholds
 ---------------------------------------
 Optimization engine: ANCOPT
 Hessian update type: BFGS
 E/G convergence criteria:  0.100E-06 Eh, 0.200E-03 Eh/a0
 maximum optimization steps: 200
 |>0.0% |>7.5% |>15.0% |>22.5% |>30.0% |>37.5% |>45.0% |>52.5% |>60.0% |>67.5% |>75.0% |>82.5% |>90.0% |>97.5% |>100.0%
 done.
> 2081 of 2131 structures successfully optimized (97.7% success)
> Total runtime for 2131 optimizations:
 * wall-time:     0 d,  0 h,  5 min, 50.788 sec
 *  cpu-time:     0 d,  1 h, 31 min, 42.323 sec
 * ratio c/w:    15.686 speedup
> Corresponding to approximately 0.165 sec per processed structure

CREGEN> running RMSDs ... done.
CREGEN> E lowest :   -89.03483
 158 structures remain within     6.00 kcal/mol window
CREGEN> running RMSDs ... done.
CREGEN> E lowest :   -89.03483

 Static MTD simulation iteration 1 finished
 A total of 576 conformers (+ 2.08%) in crest_conformers.xyz
 S(approx.) =    8.262820 cal/molK (dS = 0.70%)
 Convergence w.r.t. conformers: F
 Convergence w.r.t. entropy   : F

     H(298.15K)-H(0) (conf)      1.143965
                   Cp(conf)      5.894216
                    S(conf)      8.257847

********************************************************************************
**                     I T E R A T I O N    C Y C L E      2                  **
********************************************************************************
 -------------------------------------------
 determining bias structures via PCA/k-Means
 -------------------------------------------

 6 structures were selected
 done.

 -----------------------------------------------
 determining MTD seed structures via PCA/k-Means
 -----------------------------------------------

 36 structures were selected
 done.


 ===========================================================
 Static MTDs (umbrella sampling) on 36 selected conformer(s)
 ===========================================================
> Using 6 constant RMSD bias potentials per MTD
  :::::::::: starting static MTD   1 ::::::::::
  |   MD simulation time   :     7.5 ps       |
  |   target T             :   400.0 K        |
  |   timestep dt          :     5.0 fs       |
  |   dump interval(trj)   :   100.0 fs       |
  |   SHAKE algorithm      : true (all bonds) |
  |   Vbias prefactor (k)  :  0.0032 Eh       |
  |   Vbias exponent (α)   :  1.0000 bohr⁻²   |
  :::::::::: starting static MTD   5 ::::::::::
  |   MD simulation time   :     7.5 ps       |
  |   target T             :   400.0 K        |
  |   timestep dt          :     5.0 fs       |
  |   dump interval(trj)   :   100.0 fs       |
  |   SHAKE algorithm      : true (all bonds) |
  |   Vbias prefactor (k)  :  0.0032 Eh       |
  |   Vbias exponent (α)   :  1.0000 bohr⁻²   |
  :::::::::: starting static MTD  15 ::::::::::
  |   MD simulation time   :     7.5 ps       |
  |   target T             :   400.0 K        |
  |   timestep dt          :     5.0 fs       |
  |   dump interval(trj)   :   100.0 fs       |
  |   SHAKE algorithm      : true (all bonds) |
  |   Vbias prefactor (k)  :  0.0032 Eh       |
  |   Vbias exponent (α)   :  1.0000 bohr⁻²   |
  :::::::::: starting static MTD   8 ::::::::::
  |   MD simulation time   :     7.5 ps       |
  |   target T             :   400.0 K        |
  |   timestep dt          :     5.0 fs       |
  |   dump interval(trj)   :   100.0 fs       |
  |   SHAKE algorithm      : true (all bonds) |
  |   Vbias prefactor (k)  :  0.0032 Eh       |
  |   Vbias exponent (α)   :  1.0000 bohr⁻²   |
  :::::::::: starting static MTD  10 ::::::::::
  |   MD simulation time   :     7.5 ps       |
  |   target T             :   400.0 K        |
  |   timestep dt          :     5.0 fs       |
  |   dump interval(trj)   :   100.0 fs       |
  |   SHAKE algorithm      : true (all bonds) |
  |   Vbias prefactor (k)  :  0.0032 Eh       |
  |   Vbias exponent (α)   :  1.0000 bohr⁻²   |
  :::::::::: starting static MTD  13 ::::::::::
  |   MD simulation time   :     7.5 ps       |
  |   target T             :   400.0 K        |
  |   timestep dt          :     5.0 fs       |
  |   dump interval(trj)   :   100.0 fs       |
  |   SHAKE algorithm      : true (all bonds) |
  |   Vbias prefactor (k)  :  0.0032 Eh       |
  |   Vbias exponent (α)   :  1.0000 bohr⁻²   |
  :::::::::: starting static MTD  12 ::::::::::
  |   MD simulation time   :     7.5 ps       |
  |   target T             :   400.0 K        |
  |   timestep dt          :     5.0 fs       |
  |   dump interval(trj)   :   100.0 fs       |
  |   SHAKE algorithm      : true (all bonds) |
  |   Vbias prefactor (k)  :  0.0032 Eh       |
  |   Vbias exponent (α)   :  1.0000 bohr⁻²   |
  :::::::::: starting static MTD   9 ::::::::::
  |   MD simulation time   :     7.5 ps       |
  |   target T             :   400.0 K        |
  |   timestep dt          :     5.0 fs       |
  |   dump interval(trj)   :   100.0 fs       |
  |   SHAKE algorithm      : true (all bonds) |
  |   Vbias prefactor (k)  :  0.0032 Eh       |
  |   Vbias exponent (α)   :  1.0000 bohr⁻²   |
  :::::::::: starting static MTD  14 ::::::::::
  |   MD simulation time   :     7.5 ps       |
  |   target T             :   400.0 K        |
  |   timestep dt          :     5.0 fs       |
  |   dump interval(trj)   :   100.0 fs       |
  |   SHAKE algorithm      : true (all bonds) |
  |   Vbias prefactor (k)  :  0.0032 Eh       |
  |   Vbias exponent (α)   :  1.0000 bohr⁻²   |
  :::::::::: starting static MTD  11 ::::::::::
  |   MD simulation time   :     7.5 ps       |
  |   target T             :   400.0 K        |
  |   timestep dt          :     5.0 fs       |
  |   dump interval(trj)   :   100.0 fs       |
  |   SHAKE algorithm      : true (all bonds) |
  |   Vbias prefactor (k)  :  0.0032 Eh       |
  |   Vbias exponent (α)   :  1.0000 bohr⁻²   |
  :::::::::: starting static MTD   6 ::::::::::
  |   MD simulation time   :     7.5 ps       |
  |   target T             :   400.0 K        |
  |   timestep dt          :     5.0 fs       |
  |   dump interval(trj)   :   100.0 fs       |
  |   SHAKE algorithm      : true (all bonds) |
  |   Vbias prefactor (k)  :  0.0032 Eh       |
  |   Vbias exponent (α)   :  1.0000 bohr⁻²   |
  :::::::::: starting static MTD   7 ::::::::::
  |   MD simulation time   :     7.5 ps       |
  |   target T             :   400.0 K        |
  |   timestep dt          :     5.0 fs       |
  |   dump interval(trj)   :   100.0 fs       |
  |   SHAKE algorithm      : true (all bonds) |
  |   Vbias prefactor (k)  :  0.0032 Eh       |
  |   Vbias exponent (α)   :  1.0000 bohr⁻²   |
  :::::::::: starting static MTD  36 ::::::::::
  |   MD simulation time   :     7.5 ps       |
  |   target T             :   400.0 K        |
  |   timestep dt          :     5.0 fs       |
  |   dump interval(trj)   :   100.0 fs       |
  |   SHAKE algorithm      : true (all bonds) |
  |   Vbias prefactor (k)  :  0.0032 Eh       |
  |   Vbias exponent (α)   :  1.0000 bohr⁻²   |
  :::::::::: starting static MTD   2 ::::::::::
  |   MD simulation time   :     7.5 ps       |
  |   target T             :   400.0 K        |
  |   timestep dt          :     5.0 fs       |
  |   dump interval(trj)   :   100.0 fs       |
  |   SHAKE algorithm      : true (all bonds) |
  |   Vbias prefactor (k)  :  0.0032 Eh       |
  |   Vbias exponent (α)   :  1.0000 bohr⁻²   |
  :::::::::: starting static MTD   4 ::::::::::
  |   MD simulation time   :     7.5 ps       |
  |   target T             :   400.0 K        |
  |   timestep dt          :     5.0 fs       |
  |   dump interval(trj)   :   100.0 fs       |
  |   SHAKE algorithm      : true (all bonds) |
  |   Vbias prefactor (k)  :  0.0032 Eh       |
  |   Vbias exponent (α)   :  1.0000 bohr⁻²   |
  :::::::::: starting static MTD   3 ::::::::::
  |   MD simulation time   :     7.5 ps       |
  |   target T             :   400.0 K        |
  |   timestep dt          :     5.0 fs       |
  |   dump interval(trj)   :   100.0 fs       |
  |   SHAKE algorithm      : true (all bonds) |
  |   Vbias prefactor (k)  :  0.0032 Eh       |
  |   Vbias exponent (α)   :  1.0000 bohr⁻²   |
*sMTD  36 completed successfully ...        1 min, 17.827 sec
  :::::::::: starting static MTD  35 ::::::::::
  |   MD simulation time   :     7.5 ps       |
  |   target T             :   400.0 K        |
  |   timestep dt          :     5.0 fs       |
  |   dump interval(trj)   :   100.0 fs       |
  |   SHAKE algorithm      : true (all bonds) |
  |   Vbias prefactor (k)  :  0.0032 Eh       |
  |   Vbias exponent (α)   :  1.0000 bohr⁻²   |
*sMTD  14 completed successfully ...        1 min, 18.149 sec
  :::::::::: starting static MTD  16 ::::::::::
  |   MD simulation time   :     7.5 ps       |
  |   target T             :   400.0 K        |
  |   timestep dt          :     5.0 fs       |
  |   dump interval(trj)   :   100.0 fs       |
  |   SHAKE algorithm      : true (all bonds) |
  |   Vbias prefactor (k)  :  0.0032 Eh       |
  |   Vbias exponent (α)   :  1.0000 bohr⁻²   |
*sMTD  11 completed successfully ...        1 min, 18.718 sec
  :::::::::: starting static MTD  17 ::::::::::
  |   MD simulation time   :     7.5 ps       |
  |   target T             :   400.0 K        |
  |   timestep dt          :     5.0 fs       |
  |   dump interval(trj)   :   100.0 fs       |
  |   SHAKE algorithm      : true (all bonds) |
  |   Vbias prefactor (k)  :  0.0032 Eh       |
  |   Vbias exponent (α)   :  1.0000 bohr⁻²   |
*sMTD   4 completed successfully ...        1 min, 19.296 sec
  :::::::::: starting static MTD  18 ::::::::::
  |   MD simulation time   :     7.5 ps       |
  |   target T             :   400.0 K        |
  |   timestep dt          :     5.0 fs       |
  |   dump interval(trj)   :   100.0 fs       |
  |   SHAKE algorithm      : true (all bonds) |
  |   Vbias prefactor (k)  :  0.0032 Eh       |
  |   Vbias exponent (α)   :  1.0000 bohr⁻²   |
*sMTD   5 completed successfully ...        1 min, 19.317 sec
  :::::::::: starting static MTD  19 ::::::::::
  |   MD simulation time   :     7.5 ps       |
  |   target T             :   400.0 K        |
  |   timestep dt          :     5.0 fs       |
  |   dump interval(trj)   :   100.0 fs       |
  |   SHAKE algorithm      : true (all bonds) |
  |   Vbias prefactor (k)  :  0.0032 Eh       |
  |   Vbias exponent (α)   :  1.0000 bohr⁻²   |
*sMTD  10 completed successfully ...        1 min, 19.496 sec
  :::::::::: starting static MTD  20 ::::::::::
  |   MD simulation time   :     7.5 ps       |
  |   target T             :   400.0 K        |
  |   timestep dt          :     5.0 fs       |
  |   dump interval(trj)   :   100.0 fs       |
  |   SHAKE algorithm      : true (all bonds) |
  |   Vbias prefactor (k)  :  0.0032 Eh       |
  |   Vbias exponent (α)   :  1.0000 bohr⁻²   |
*sMTD   7 completed successfully ...        1 min, 19.901 sec
  :::::::::: starting static MTD  21 ::::::::::
  |   MD simulation time   :     7.5 ps       |
  |   target T             :   400.0 K        |
  |   timestep dt          :     5.0 fs       |
  |   dump interval(trj)   :   100.0 fs       |
  |   SHAKE algorithm      : true (all bonds) |
  |   Vbias prefactor (k)  :  0.0032 Eh       |
  |   Vbias exponent (α)   :  1.0000 bohr⁻²   |
*sMTD   2 completed successfully ...        1 min, 20.170 sec
  :::::::::: starting static MTD  22 ::::::::::
  |   MD simulation time   :     7.5 ps       |
  |   target T             :   400.0 K        |
  |   timestep dt          :     5.0 fs       |
  |   dump interval(trj)   :   100.0 fs       |
  |   SHAKE algorithm      : true (all bonds) |
  |   Vbias prefactor (k)  :  0.0032 Eh       |
  |   Vbias exponent (α)   :  1.0000 bohr⁻²   |
*sMTD   9 completed successfully ...        1 min, 20.223 sec
  :::::::::: starting static MTD  23 ::::::::::
  |   MD simulation time   :     7.5 ps       |
  |   target T             :   400.0 K        |
  |   timestep dt          :     5.0 fs       |
  |   dump interval(trj)   :   100.0 fs       |
  |   SHAKE algorithm      : true (all bonds) |
  |   Vbias prefactor (k)  :  0.0032 Eh       |
  |   Vbias exponent (α)   :  1.0000 bohr⁻²   |
*sMTD  15 completed successfully ...        1 min, 20.623 sec
  :::::::::: starting static MTD  24 ::::::::::
  |   MD simulation time   :     7.5 ps       |
  |   target T             :   400.0 K        |
  |   timestep dt          :     5.0 fs       |
  |   dump interval(trj)   :   100.0 fs       |
  |   SHAKE algorithm      : true (all bonds) |
  |   Vbias prefactor (k)  :  0.0032 Eh       |
  |   Vbias exponent (α)   :  1.0000 bohr⁻²   |
*sMTD   3 completed successfully ...        1 min, 20.666 sec
  :::::::::: starting static MTD  25 ::::::::::
  |   MD simulation time   :     7.5 ps       |
  |   target T             :   400.0 K        |
  |   timestep dt          :     5.0 fs       |
  |   dump interval(trj)   :   100.0 fs       |
  |   SHAKE algorithm      : true (all bonds) |
  |   Vbias prefactor (k)  :  0.0032 Eh       |
  |   Vbias exponent (α)   :  1.0000 bohr⁻²   |
*sMTD   6 completed successfully ...        1 min, 20.777 sec
  :::::::::: starting static MTD  26 ::::::::::
  |   MD simulation time   :     7.5 ps       |
  |   target T             :   400.0 K        |
  |   timestep dt          :     5.0 fs       |
  |   dump interval(trj)   :   100.0 fs       |
  |   SHAKE algorithm      : true (all bonds) |
  |   Vbias prefactor (k)  :  0.0032 Eh       |
  |   Vbias exponent (α)   :  1.0000 bohr⁻²   |
*sMTD  13 completed successfully ...        1 min, 21.127 sec
  :::::::::: starting static MTD  27 ::::::::::
  |   MD simulation time   :     7.5 ps       |
  |   target T             :   400.0 K        |
  |   timestep dt          :     5.0 fs       |
  |   dump interval(trj)   :   100.0 fs       |
  |   SHAKE algorithm      : true (all bonds) |
  |   Vbias prefactor (k)  :  0.0032 Eh       |
  |   Vbias exponent (α)   :  1.0000 bohr⁻²   |
*sMTD   8 completed successfully ...        1 min, 21.303 sec
  :::::::::: starting static MTD  28 ::::::::::
  |   MD simulation time   :     7.5 ps       |
  |   target T             :   400.0 K        |
  |   timestep dt          :     5.0 fs       |
  |   dump interval(trj)   :   100.0 fs       |
  |   SHAKE algorithm      : true (all bonds) |
  |   Vbias prefactor (k)  :  0.0032 Eh       |
  |   Vbias exponent (α)   :  1.0000 bohr⁻²   |
*sMTD  12 completed successfully ...        1 min, 21.555 sec
  :::::::::: starting static MTD  29 ::::::::::
  |   MD simulation time   :     7.5 ps       |
  |   target T             :   400.0 K        |
  |   timestep dt          :     5.0 fs       |
  |   dump interval(trj)   :   100.0 fs       |
  |   SHAKE algorithm      : true (all bonds) |
  |   Vbias prefactor (k)  :  0.0032 Eh       |
  |   Vbias exponent (α)   :  1.0000 bohr⁻²   |
*sMTD   1 completed successfully ...        1 min, 22.325 sec
  :::::::::: starting static MTD  30 ::::::::::
  |   MD simulation time   :     7.5 ps       |
  |   target T             :   400.0 K        |
  |   timestep dt          :     5.0 fs       |
  |   dump interval(trj)   :   100.0 fs       |
  |   SHAKE algorithm      : true (all bonds) |
  |   Vbias prefactor (k)  :  0.0032 Eh       |
  |   Vbias exponent (α)   :  1.0000 bohr⁻²   |
*sMTD  35 completed successfully ...        1 min, 18.364 sec
  :::::::::: starting static MTD  34 ::::::::::
  |   MD simulation time   :     7.5 ps       |
  |   target T             :   400.0 K        |
  |   timestep dt          :     5.0 fs       |
  |   dump interval(trj)   :   100.0 fs       |
  |   SHAKE algorithm      : true (all bonds) |
  |   Vbias prefactor (k)  :  0.0032 Eh       |
  |   Vbias exponent (α)   :  1.0000 bohr⁻²   |
*sMTD  18 completed successfully ...        1 min, 18.479 sec
  :::::::::: starting static MTD  31 ::::::::::
  |   MD simulation time   :     7.5 ps       |
  |   target T             :   400.0 K        |
  |   timestep dt          :     5.0 fs       |
  |   dump interval(trj)   :   100.0 fs       |
  |   SHAKE algorithm      : true (all bonds) |
  |   Vbias prefactor (k)  :  0.0032 Eh       |
  |   Vbias exponent (α)   :  1.0000 bohr⁻²   |
*sMTD  26 completed successfully ...        1 min, 17.200 sec
  :::::::::: starting static MTD  32 ::::::::::
  |   MD simulation time   :     7.5 ps       |
  |   target T             :   400.0 K        |
  |   timestep dt          :     5.0 fs       |
  |   dump interval(trj)   :   100.0 fs       |
  |   SHAKE algorithm      : true (all bonds) |
  |   Vbias prefactor (k)  :  0.0032 Eh       |
  |   Vbias exponent (α)   :  1.0000 bohr⁻²   |
*sMTD  21 completed successfully ...        1 min, 18.601 sec
  :::::::::: starting static MTD  33 ::::::::::
  |   MD simulation time   :     7.5 ps       |
  |   target T             :   400.0 K        |
  |   timestep dt          :     5.0 fs       |
  |   dump interval(trj)   :   100.0 fs       |
  |   SHAKE algorithm      : true (all bonds) |
  |   Vbias prefactor (k)  :  0.0032 Eh       |
  |   Vbias exponent (α)   :  1.0000 bohr⁻²   |
*sMTD  27 completed successfully ...        1 min, 17.605 sec
*sMTD  25 completed successfully ...        1 min, 18.172 sec
*sMTD  17 completed successfully ...        1 min, 20.149 sec
*sMTD  16 completed successfully ...        1 min, 21.330 sec
*sMTD  20 completed successfully ...        1 min, 19.984 sec
*sMTD  23 completed successfully ...        1 min, 19.335 sec
*sMTD  30 completed successfully ...        1 min, 17.668 sec
*sMTD  22 completed successfully ...        1 min, 20.009 sec
*sMTD  19 completed successfully ...        1 min, 21.033 sec
*sMTD  29 completed successfully ...        1 min, 18.955 sec
*sMTD  28 completed successfully ...        1 min, 19.429 sec
*sMTD  24 completed successfully ...        1 min, 21.122 sec
*sMTD  34 completed successfully ...        0 min, 49.686 sec
*sMTD  31 completed successfully ...        0 min, 49.116 sec
*sMTD  32 completed successfully ...        0 min, 50.596 sec
*sMTD  33 completed successfully ...        0 min, 50.848 sec

 ======================================
 |  Multilevel Ensemble Optimization  |
 ======================================
 Optimizing all 2664 structures from file "crest_rotamers_0.xyz" ...
 ----------------------
 crude pre-optimization
 ----------------------
 Optimization engine: ANCOPT
 Hessian update type: BFGS
 E/G convergence criteria:  0.500E-03 Eh, 0.100E-01 Eh/a0
 maximum optimization steps: 200
 |>0.0% |>7.5% |>15.0% |>22.5% |>30.0% |>37.5% |>45.0% |>52.5% |>60.0% |>67.5% |>75.0% |>82.5% |>90.0% |>97.5% |>100.0%
 done.
> 2664 of 2664 structures successfully optimized (100.0% success)
> Total runtime for 2664 optimizations:
 * wall-time:     0 d,  0 h,  1 min, 16.166 sec
 *  cpu-time:     0 d,  0 h, 19 min, 44.929 sec
 * ratio c/w:    15.557 speedup
> Corresponding to approximately 0.029 sec per processed structure

CREGEN> running RMSDs ... done.
CREGEN> E lowest :   -89.03440
 2101 structures remain within    12.00 kcal/mol window
 ---------------------------------------
 optimization with very tight thresholds
 ---------------------------------------
 Optimization engine: ANCOPT
 Hessian update type: BFGS
 E/G convergence criteria:  0.100E-06 Eh, 0.200E-03 Eh/a0
 maximum optimization steps: 200
 |>0.0% |>7.5% |>15.0% |>22.5% |>30.0% |>37.5% |>45.0% |>52.5% |>60.0% |>67.5% |>75.0% |>82.5% |>90.0% |>97.5% |>100.0%
 done.
> 2085 of 2101 structures successfully optimized (99.2% success)
> Total runtime for 2101 optimizations:
 * wall-time:     0 d,  0 h,  5 min, 42.643 sec
 *  cpu-time:     0 d,  1 h, 29 min, 31.895 sec
 * ratio c/w:    15.678 speedup
> Corresponding to approximately 0.163 sec per processed structure

CREGEN> running RMSDs ... done.
CREGEN> E lowest :   -89.03483
 134 structures remain within     6.00 kcal/mol window
CREGEN> running RMSDs ... done.
CREGEN> E lowest :   -89.03483

 Static MTD simulation iteration 2 finished
 A total of 583 conformers (+ 1.20%) in crest_conformers.xyz
 S(approx.) =    8.296289 cal/molK (dS = 0.40%)
 Convergence w.r.t. conformers: T
 Convergence w.r.t. entropy   : T

     H(298.15K)-H(0) (conf)      1.146507
                   Cp(conf)      5.850520
                    S(conf)      8.291359


 --------------------------
 Final Ensemble Information
 --------------------------
 input  file name : crest_rotamers_2.xyz
 output file name : crest_rotamers_3.xyz
 number of atoms                :   43
 number of points on xyz files  :   1040
 RMSD threshold                 :   0.1250
 Bconst threshold               :   0.0100
 population threshold           :   0.0500
 # fragment in coord            :     1
 # bonds in reference structure :    45
 number of reliable points      :  1040
 sorting energy window (EWIN)   :    6.0000 / kcal*mol⁻¹
 reference state Etot           :  -89.034831199999999
 number of doubles removed by rot/RMSD         :          96
 total number unique points considered further :         944
       Erel/kcal        Etot weight/tot  conformer     set   degen     origin
       1   0.000   -89.03483    0.02861    0.14306       1       5
       2   0.144   -89.03460    0.02246    0.13464       2       6
       3   0.312   -89.03433    0.01690    0.05064       3       3
       4   0.315   -89.03433    0.01683    0.10095       4       6
       5   0.506   -89.03402    0.01218    0.03654       5       3
       6   0.581   -89.03391    0.01074    0.06442       6       6
       7   0.613   -89.03385    0.01018    0.04071       7       4
       8   0.729   -89.03367    0.00836    0.03342       8       4
       9   0.744   -89.03365    0.00816    0.02448       9       3
      10   0.822   -89.03352    0.00715    0.03575      10       5
      11   1.057   -89.03315    0.00481    0.01925      11       4
      12   1.063   -89.03314    0.00476    0.01904      12       4
      13   1.068   -89.03313    0.00472    0.02831      13       6
      14   1.098   -89.03308    0.00449    0.01348      14       3
      15   1.099   -89.03308    0.00448    0.01789      15       4
      16   1.149   -89.03300    0.00412    0.00824      16       2
      17   1.153   -89.03299    0.00409    0.02041      17       5
      18   1.211   -89.03290    0.00372    0.00372      18       1
      19   1.266   -89.03281    0.00339    0.01353      19       4
      20   1.270   -89.03281    0.00336    0.01341      20       4
      21   1.278   -89.03279    0.00331    0.00331      21       1
      22   1.289   -89.03278    0.00325    0.00325      22       1
      23   1.426   -89.03256    0.00258    0.00774      23       3
      24   1.463   -89.03250    0.00243    0.00485      24       2
      25   1.489   -89.03246    0.00232    0.00465      25       2
      26   1.497   -89.03244    0.00229    0.00229      26       1
      27   1.507   -89.03243    0.00225    0.00225      27       1
      28   1.518   -89.03241    0.00221    0.00221      28       1
      29   1.523   -89.03240    0.00219    0.00219      29       1
      30   1.591   -89.03230    0.00196    0.00975      30       5
      31   1.704   -89.03211    0.00162    0.00162      31       1
      32   1.732   -89.03207    0.00154    0.00307      32       2
      33   1.746   -89.03205    0.00151    0.00753      33       5
      34   1.804   -89.03196    0.00136    0.00136      34       1
      35   1.817   -89.03194    0.00134    0.00267      35       2
      36   1.840   -89.03190    0.00128    0.00257      36       2
      37   1.871   -89.03185    0.00122    0.00486      37       4
      38   1.922   -89.03177    0.00112    0.00559      38       5
      39   1.933   -89.03175    0.00110    0.00440      39       4
      40   2.030   -89.03160    0.00093    0.00187      40       2
      41   2.056   -89.03156    0.00089    0.00357      41       4
      42   2.074   -89.03153    0.00087    0.00173      42       2
      43   2.079   -89.03152    0.00086    0.00086      43       1
      44   2.084   -89.03151    0.00085    0.00085      44       1
      45   2.100   -89.03148    0.00083    0.00166      45       2
      46   2.144   -89.03141    0.00077    0.00077      46       1
      47   2.151   -89.03140    0.00076    0.00152      47       2
      48   2.153   -89.03140    0.00076    0.00227      48       3
      49   2.161   -89.03139    0.00075    0.00149      49       2
      50   2.166   -89.03138    0.00074    0.00445      50       6
      51   2.208   -89.03131    0.00069    0.00138      51       2
      52   2.212   -89.03131    0.00069    0.00069      52       1
      53   2.218   -89.03130    0.00068    0.00068      53       1
      54   2.231   -89.03128    0.00066    0.00133      54       2
      55   2.247   -89.03125    0.00065    0.00324      55       5
      56   2.254   -89.03124    0.00064    0.00255      56       4
      57   2.269   -89.03121    0.00062    0.00062      57       1
      58   2.271   -89.03121    0.00062    0.00062      58       1
      59   2.274   -89.03121    0.00062    0.00062      59       1
      60   2.279   -89.03120    0.00061    0.00122      60       2
      61   2.290   -89.03118    0.00060    0.00060      61       1
      62   2.298   -89.03117    0.00059    0.00178      62       3
      63   2.300   -89.03117    0.00059    0.00176      63       3
      64   2.307   -89.03116    0.00058    0.00058      64       1
      65   2.304   -89.03116    0.00059    0.00175      65       3
      66   2.310   -89.03115    0.00058    0.00115      66       2
      67   2.332   -89.03112    0.00056    0.00056      67       1
      68   2.344   -89.03110    0.00055    0.00055      68       1
      69   2.361   -89.03107    0.00053    0.00267      69       5
      70   2.368   -89.03106    0.00053    0.00106      70       2
      71   2.368   -89.03106    0.00053    0.00053      71       1
      72   2.369   -89.03106    0.00053    0.00053      72       1
      73   2.382   -89.03104    0.00052    0.00052      73       1
      74   2.395   -89.03101    0.00050    0.00050      74       1
      75   2.400   -89.03101    0.00050    0.00050      75       1
      76   2.403   -89.03100    0.00050    0.00099      76       2
      77   2.409   -89.03099    0.00049    0.00098      77       2
      78   2.413   -89.03099    0.00049    0.00049      78       1
      79   2.432   -89.03096    0.00047    0.00047      79       1
      80   2.474   -89.03089    0.00044    0.00132      80       3
      81   2.493   -89.03086    0.00043    0.00043      81       1
      82   2.502   -89.03084    0.00042    0.00042      82       1
      83   2.506   -89.03084    0.00042    0.00042      83       1
      84   2.532   -89.03080    0.00040    0.00040      84       1
      85   2.540   -89.03078    0.00040    0.00079      85       2
      86   2.553   -89.03076    0.00039    0.00039      86       1
      87   2.570   -89.03074    0.00038    0.00038      87       1
      88   2.594   -89.03070    0.00036    0.00072      88       2
      89   2.595   -89.03070    0.00036    0.00036      89       1
      90   2.608   -89.03067    0.00035    0.00070      90       2
      91   2.616   -89.03066    0.00035    0.00035      91       1
      92   2.625   -89.03065    0.00034    0.00137      92       4
      93   2.646   -89.03061    0.00033    0.00033      93       1
      94   2.649   -89.03061    0.00033    0.00131      94       4
      95   2.654   -89.03060    0.00033    0.00065      95       2
      96   2.671   -89.03058    0.00032    0.00032      96       1
      97   2.672   -89.03057    0.00032    0.00032      97       1
      98   2.673   -89.03057    0.00032    0.00032      98       1
      99   2.682   -89.03056    0.00031    0.00031      99       1
     100   2.685   -89.03055    0.00031    0.00031     100       1
     101   2.687   -89.03055    0.00031    0.00062     101       2
     102   2.703   -89.03052    0.00030    0.00060     102       2
     103   2.705   -89.03052    0.00030    0.00030     103       1
     104   2.708   -89.03052    0.00030    0.00030     104       1
     105   2.720   -89.03050    0.00029    0.00087     105       3
     106   2.729   -89.03048    0.00029    0.00029     106       1
     107   2.739   -89.03047    0.00028    0.00028     107       1
     108   2.754   -89.03044    0.00028    0.00028     108       1
     109   2.782   -89.03040    0.00026    0.00105     109       4
     110   2.790   -89.03039    0.00026    0.00026     110       1
     111   2.803   -89.03036    0.00025    0.00101     111       4
     112   2.823   -89.03033    0.00025    0.00049     112       2
     113   2.832   -89.03032    0.00024    0.00024     113       1
     114   2.834   -89.03032    0.00024    0.00024     114       1
     115   2.843   -89.03030    0.00024    0.00047     115       2
     116   2.847   -89.03029    0.00024    0.00024     116       1
     117   2.853   -89.03028    0.00023    0.00023     117       1
     118   2.864   -89.03027    0.00023    0.00068     118       3
     119   2.864   -89.03027    0.00023    0.00046     119       2
     120   2.887   -89.03023    0.00022    0.00022     120       1
     121   2.890   -89.03023    0.00022    0.00065     121       3
     122   2.912   -89.03019    0.00021    0.00021     122       1
     123   2.914   -89.03019    0.00021    0.00021     123       1
     124   2.921   -89.03018    0.00021    0.00021     124       1
     125   2.922   -89.03017    0.00021    0.00021     125       1
     126   2.924   -89.03017    0.00021    0.00041     126       2
     127   2.927   -89.03017    0.00021    0.00021     127       1
     128   2.938   -89.03015    0.00020    0.00081     128       4
     129   2.943   -89.03014    0.00020    0.00020     129       1
     130   2.949   -89.03013    0.00020    0.00040     130       2
     131   2.951   -89.03013    0.00020    0.00020     131       1
     132   2.973   -89.03009    0.00019    0.00019     132       1
     133   2.974   -89.03009    0.00019    0.00019     133       1
     134   2.975   -89.03009    0.00019    0.00057     134       3
     135   2.976   -89.03009    0.00019    0.00038     135       2
     136   2.981   -89.03008    0.00019    0.00019     136       1
     137   2.982   -89.03008    0.00019    0.00019     137       1
     138   2.984   -89.03008    0.00019    0.00019     138       1
     139   2.985   -89.03007    0.00019    0.00019     139       1
     140   2.999   -89.03005    0.00018    0.00018     140       1
     141   3.002   -89.03005    0.00018    0.00018     141       1
     142   3.018   -89.03002    0.00018    0.00018     142       1
     143   3.025   -89.03001    0.00017    0.00035     143       2
     144   3.029   -89.03000    0.00017    0.00052     144       3
     145   3.031   -89.03000    0.00017    0.00017     145       1
     146   3.033   -89.03000    0.00017    0.00017     146       1
     147   3.036   -89.02999    0.00017    0.00017     147       1
     148   3.038   -89.02999    0.00017    0.00034     148       2
     149   3.043   -89.02998    0.00017    0.00017     149       1
     150   3.055   -89.02996    0.00017    0.00017     150       1
     151   3.064   -89.02995    0.00016    0.00033     151       2
     152   3.067   -89.02994    0.00016    0.00032     152       2
     153   3.071   -89.02994    0.00016    0.00016     153       1
     154   3.077   -89.02993    0.00016    0.00016     154       1
     155   3.101   -89.02989    0.00015    0.00046     155       3
     156   3.102   -89.02989    0.00015    0.00046     156       3
     157   3.103   -89.02989    0.00015    0.00031     157       2
     158   3.118   -89.02986    0.00015    0.00015     158       1
     159   3.131   -89.02984    0.00015    0.00015     159       1
     160   3.132   -89.02984    0.00015    0.00015     160       1
     161   3.161   -89.02979    0.00014    0.00055     161       4
     162   3.174   -89.02977    0.00014    0.00067     162       5
     163   3.185   -89.02975    0.00013    0.00027     163       2
     164   3.188   -89.02975    0.00013    0.00013     164       1
     165   3.191   -89.02975    0.00013    0.00013     165       1
     166   3.174   -89.02977    0.00014    0.00014     166       1
     167   3.202   -89.02973    0.00013    0.00013     167       1
     168   3.203   -89.02973    0.00013    0.00013     168       1
     169   3.215   -89.02971    0.00013    0.00025     169       2
     170   3.220   -89.02970    0.00013    0.00025     170       2
     171   3.221   -89.02970    0.00013    0.00013     171       1
     172   3.227   -89.02969    0.00012    0.00012     172       1
     173   3.231   -89.02968    0.00012    0.00012     173       1
     174   3.245   -89.02966    0.00012    0.00024     174       2
     175   3.246   -89.02966    0.00012    0.00012     175       1
     176   3.256   -89.02964    0.00012    0.00012     176       1
     177   3.257   -89.02964    0.00012    0.00012     177       1
     178   3.259   -89.02964    0.00012    0.00012     178       1
     179   3.262   -89.02963    0.00012    0.00012     179       1
     180   3.268   -89.02962    0.00012    0.00012     180       1
     181   3.278   -89.02961    0.00011    0.00011     181       1
     182   3.284   -89.02960    0.00011    0.00011     182       1
     183   3.295   -89.02958    0.00011    0.00011     183       1
     184   3.302   -89.02957    0.00011    0.00044     184       4
     185   3.310   -89.02956    0.00011    0.00011     185       1
     186   3.320   -89.02954    0.00011    0.00011     186       1
     187   3.328   -89.02953    0.00010    0.00031     187       3
     188   3.334   -89.02952    0.00010    0.00010     188       1
     189   3.337   -89.02951    0.00010    0.00010     189       1
     190   3.338   -89.02951    0.00010    0.00010     190       1
     191   3.344   -89.02950    0.00010    0.00020     191       2
     192   3.378   -89.02945    0.00010    0.00010     192       1
     193   3.386   -89.02944    0.00009    0.00009     193       1
     194   3.409   -89.02940    0.00009    0.00009     194       1
     195   3.410   -89.02940    0.00009    0.00009     195       1
     196   3.423   -89.02938    0.00009    0.00009     196       1
     197   3.440   -89.02935    0.00009    0.00017     197       2
     198   3.457   -89.02932    0.00008    0.00008     198       1
     199   3.467   -89.02931    0.00008    0.00008     199       1
     200   3.475   -89.02929    0.00008    0.00016     200       2
     201   3.476   -89.02929    0.00008    0.00008     201       1
     202   3.482   -89.02928    0.00008    0.00016     202       2
     203   3.484   -89.02928    0.00008    0.00024     203       3
     204   3.488   -89.02927    0.00008    0.00008     204       1
     205   3.491   -89.02927    0.00008    0.00008     205       1
     206   3.508   -89.02924    0.00008    0.00023     206       3
     207   3.517   -89.02923    0.00008    0.00038     207       5
     208   3.520   -89.02922    0.00008    0.00015     208       2
     209   3.530   -89.02921    0.00007    0.00007     209       1
     210   3.541   -89.02919    0.00007    0.00007     210       1
     211   3.543   -89.02919    0.00007    0.00007     211       1
     212   3.547   -89.02918    0.00007    0.00007     212       1
     213   3.549   -89.02918    0.00007    0.00022     213       3
     214   3.553   -89.02917    0.00007    0.00014     214       2
     215   3.573   -89.02914    0.00007    0.00007     215       1
     216   3.578   -89.02913    0.00007    0.00007     216       1
     217   3.583   -89.02912    0.00007    0.00007     217       1
     218   3.584   -89.02912    0.00007    0.00007     218       1
     219   3.594   -89.02910    0.00007    0.00007     219       1
     220   3.600   -89.02909    0.00007    0.00020     220       3
     221   3.606   -89.02909    0.00007    0.00007     221       1
     222   3.614   -89.02907    0.00006    0.00013     222       2
     223   3.642   -89.02903    0.00006    0.00025     223       4
     224   3.645   -89.02902    0.00006    0.00018     224       3
     225   3.647   -89.02902    0.00006    0.00006     225       1
     226   3.649   -89.02902    0.00006    0.00006     226       1
     227   3.653   -89.02901    0.00006    0.00006     227       1
     228   3.666   -89.02899    0.00006    0.00006     228       1
     229   3.688   -89.02895    0.00006    0.00017     229       3
     230   3.746   -89.02886    0.00005    0.00005     230       1
     231   3.753   -89.02885    0.00005    0.00010     231       2
     232   3.762   -89.02884    0.00005    0.00005     232       1
     233   3.753   -89.02885    0.00005    0.00005     233       1
     234   3.777   -89.02881    0.00005    0.00005     234       1
     235   3.778   -89.02881    0.00005    0.00005     235       1
     236   3.785   -89.02880    0.00005    0.00005     236       1
     237   3.786   -89.02880    0.00005    0.00010     237       2
     238   3.792   -89.02879    0.00005    0.00010     238       2
     239   3.794   -89.02879    0.00005    0.00005     239       1
     240   3.797   -89.02878    0.00005    0.00014     240       3
     241   3.811   -89.02876    0.00005    0.00005     241       1
     242   3.811   -89.02876    0.00005    0.00005     242       1
     243   3.830   -89.02873    0.00004    0.00004     243       1
     244   3.842   -89.02871    0.00004    0.00009     244       2
     245   3.846   -89.02870    0.00004    0.00013     245       3
     246   3.853   -89.02869    0.00004    0.00004     246       1
     247   3.853   -89.02869    0.00004    0.00013     247       3
     248   3.863   -89.02867    0.00004    0.00008     248       2
     249   3.869   -89.02867    0.00004    0.00004     249       1
     250   3.873   -89.02866    0.00004    0.00004     250       1
     251   3.873   -89.02866    0.00004    0.00004     251       1
     252   3.880   -89.02865    0.00004    0.00012     252       3
     253   3.887   -89.02864    0.00004    0.00004     253       1
     254   3.884   -89.02864    0.00004    0.00004     254       1
     255   3.905   -89.02861    0.00004    0.00004     255       1
     256   3.916   -89.02859    0.00004    0.00004     256       1
     257   3.916   -89.02859    0.00004    0.00004     257       1
     258   3.919   -89.02859    0.00004    0.00004     258       1
     259   3.924   -89.02858    0.00004    0.00004     259       1
     260   3.925   -89.02858    0.00004    0.00011     260       3
     261   3.927   -89.02857    0.00004    0.00004     261       1
     262   3.930   -89.02857    0.00004    0.00004     262       1
     263   3.930   -89.02857    0.00004    0.00004     263       1
     264   3.937   -89.02856    0.00004    0.00004     264       1
     265   3.938   -89.02856    0.00004    0.00007     265       2
     266   3.945   -89.02854    0.00004    0.00004     266       1
     267   3.952   -89.02853    0.00004    0.00007     267       2
     268   3.954   -89.02853    0.00004    0.00004     268       1
     269   3.973   -89.02850    0.00004    0.00007     269       2
     270   3.978   -89.02849    0.00003    0.00003     270       1
     271   3.979   -89.02849    0.00003    0.00007     271       2
     272   3.987   -89.02848    0.00003    0.00010     272       3
     273   3.990   -89.02847    0.00003    0.00007     273       2
     274   3.990   -89.02847    0.00003    0.00003     274       1
     275   4.025   -89.02842    0.00003    0.00003     275       1
     276   4.036   -89.02840    0.00003    0.00003     276       1
     277   4.058   -89.02836    0.00003    0.00003     277       1
     278   4.062   -89.02836    0.00003    0.00003     278       1
     279   4.069   -89.02835    0.00003    0.00003     279       1
     280   4.075   -89.02834    0.00003    0.00003     280       1
     281   4.077   -89.02833    0.00003    0.00003     281       1
     282   4.084   -89.02832    0.00003    0.00003     282       1
     283   4.088   -89.02832    0.00003    0.00006     283       2
     284   4.092   -89.02831    0.00003    0.00003     284       1
     285   4.096   -89.02830    0.00003    0.00003     285       1
     286   4.098   -89.02830    0.00003    0.00003     286       1
     287   4.100   -89.02830    0.00003    0.00003     287       1
     288   4.106   -89.02829    0.00003    0.00008     288       3
     289   4.130   -89.02825    0.00003    0.00011     289       4
     290   4.137   -89.02824    0.00003    0.00003     290       1
     291   4.137   -89.02824    0.00003    0.00003     291       1
     292   4.141   -89.02823    0.00003    0.00003     292       1
     293   4.147   -89.02822    0.00003    0.00003     293       1
     294   4.151   -89.02822    0.00003    0.00005     294       2
     295   4.160   -89.02820    0.00003    0.00005     295       2
     296   4.159   -89.02820    0.00003    0.00005     296       2
     297   4.156   -89.02821    0.00003    0.00005     297       2
     298   4.173   -89.02818    0.00003    0.00003     298       1
     299   4.174   -89.02818    0.00003    0.00003     299       1
     300   4.176   -89.02818    0.00003    0.00005     300       2
     301   4.174   -89.02818    0.00003    0.00003     301       1
     302   4.183   -89.02817    0.00002    0.00002     302       1
     303   4.188   -89.02816    0.00002    0.00002     303       1
     304   4.162   -89.02820    0.00003    0.00005     304       2
     305   4.197   -89.02814    0.00002    0.00005     305       2
     306   4.189   -89.02816    0.00002    0.00002     306       1
     307   4.199   -89.02814    0.00002    0.00005     307       2
     308   4.196   -89.02815    0.00002    0.00005     308       2
     309   4.205   -89.02813    0.00002    0.00002     309       1
     310   4.205   -89.02813    0.00002    0.00007     310       3
     311   4.209   -89.02812    0.00002    0.00002     311       1
     312   4.210   -89.02812    0.00002    0.00002     312       1
     313   4.211   -89.02812    0.00002    0.00007     313       3
     314   4.220   -89.02811    0.00002    0.00002     314       1
     315   4.221   -89.02810    0.00002    0.00009     315       4
     316   4.223   -89.02810    0.00002    0.00002     316       1
     317   4.208   -89.02813    0.00002    0.00002     317       1
     318   4.224   -89.02810    0.00002    0.00005     318       2
     319   4.227   -89.02809    0.00002    0.00002     319       1
     320   4.239   -89.02808    0.00002    0.00002     320       1
     321   4.241   -89.02807    0.00002    0.00002     321       1
     322   4.243   -89.02807    0.00002    0.00004     322       2
     323   4.244   -89.02807    0.00002    0.00002     323       1
     324   4.244   -89.02807    0.00002    0.00002     324       1
     325   4.248   -89.02806    0.00002    0.00002     325       1
     326   4.249   -89.02806    0.00002    0.00004     326       2
     327   4.251   -89.02806    0.00002    0.00009     327       4
     328   4.270   -89.02803    0.00002    0.00002     328       1
     329   4.268   -89.02803    0.00002    0.00002     329       1
     330   4.280   -89.02801    0.00002    0.00002     330       1
     331   4.283   -89.02801    0.00002    0.00002     331       1
     332   4.284   -89.02800    0.00002    0.00002     332       1
     333   4.297   -89.02798    0.00002    0.00002     333       1
     334   4.298   -89.02798    0.00002    0.00002     334       1
     335   4.305   -89.02797    0.00002    0.00002     335       1
     336   4.306   -89.02797    0.00002    0.00002     336       1
     337   4.308   -89.02797    0.00002    0.00002     337       1
     338   4.311   -89.02796    0.00002    0.00002     338       1
     339   4.314   -89.02796    0.00002    0.00002     339       1
     340   4.315   -89.02796    0.00002    0.00004     340       2
     341   4.316   -89.02795    0.00002    0.00002     341       1
     342   4.318   -89.02795    0.00002    0.00004     342       2
     343   4.326   -89.02794    0.00002    0.00002     343       1
     344   4.326   -89.02794    0.00002    0.00002     344       1
     345   4.328   -89.02793    0.00002    0.00002     345       1
     346   4.330   -89.02793    0.00002    0.00002     346       1
     347   4.330   -89.02793    0.00002    0.00006     347       3
     348   4.332   -89.02793    0.00002    0.00002     348       1
     349   4.335   -89.02792    0.00002    0.00006     349       3
     350   4.342   -89.02791    0.00002    0.00009     350       5
     351   4.364   -89.02788    0.00002    0.00002     351       1
     352   4.374   -89.02786    0.00002    0.00002     352       1
     353   4.350   -89.02790    0.00002    0.00002     353       1
     354   4.382   -89.02785    0.00002    0.00002     354       1
     355   4.382   -89.02785    0.00002    0.00002     355       1
     356   4.352   -89.02790    0.00002    0.00002     356       1
     357   4.385   -89.02784    0.00002    0.00002     357       1
     358   4.393   -89.02783    0.00002    0.00002     358       1
     359   4.400   -89.02782    0.00002    0.00002     359       1
     360   4.407   -89.02781    0.00002    0.00003     360       2
     361   4.505   -89.02765    0.00001    0.00004     361       3
     362   4.514   -89.02764    0.00001    0.00001     362       1
     363   4.519   -89.02763    0.00001    0.00001     363       1
     364   4.528   -89.02762    0.00001    0.00001     364       1
     365   4.542   -89.02759    0.00001    0.00001     365       1
     366   4.542   -89.02759    0.00001    0.00001     366       1
     367   4.546   -89.02759    0.00001    0.00003     367       2
     368   4.546   -89.02759    0.00001    0.00001     368       1
     369   4.552   -89.02758    0.00001    0.00001     369       1
     370   4.556   -89.02757    0.00001    0.00001     370       1
     371   4.558   -89.02757    0.00001    0.00003     371       2
     372   4.564   -89.02756    0.00001    0.00001     372       1
     373   4.566   -89.02756    0.00001    0.00001     373       1
     374   4.568   -89.02755    0.00001    0.00001     374       1
     375   4.573   -89.02754    0.00001    0.00001     375       1
     376   4.606   -89.02749    0.00001    0.00004     376       3
     377   4.613   -89.02748    0.00001    0.00001     377       1
     378   4.616   -89.02748    0.00001    0.00001     378       1
     379   4.616   -89.02747    0.00001    0.00001     379       1
     380   4.621   -89.02747    0.00001    0.00005     380       4
     381   4.622   -89.02747    0.00001    0.00001     381       1
     382   4.625   -89.02746    0.00001    0.00003     382       3
     383   4.629   -89.02745    0.00001    0.00001     383       1
     384   4.629   -89.02745    0.00001    0.00001     384       1
     385   4.633   -89.02745    0.00001    0.00001     385       1
     386   4.638   -89.02744    0.00001    0.00002     386       2
     387   4.645   -89.02743    0.00001    0.00001     387       1
     388   4.639   -89.02744    0.00001    0.00001     388       1
     389   4.645   -89.02743    0.00001    0.00002     389       2
     390   4.649   -89.02742    0.00001    0.00001     390       1
     391   4.650   -89.02742    0.00001    0.00001     391       1
     392   4.654   -89.02741    0.00001    0.00003     392       3
     393   4.665   -89.02740    0.00001    0.00001     393       1
     394   4.678   -89.02738    0.00001    0.00001     394       1
     395   4.679   -89.02737    0.00001    0.00002     395       2
     396   4.693   -89.02735    0.00001    0.00001     396       1
     397   4.695   -89.02735    0.00001    0.00002     397       2
     398   4.697   -89.02735    0.00001    0.00001     398       1
     399   4.704   -89.02733    0.00001    0.00003     399       3
     400   4.709   -89.02733    0.00001    0.00001     400       1
     401   4.712   -89.02732    0.00001    0.00002     401       2
     402   4.720   -89.02731    0.00001    0.00001     402       1
     403   4.727   -89.02730    0.00001    0.00001     403       1
     404   4.727   -89.02730    0.00001    0.00002     404       2
     405   4.728   -89.02730    0.00001    0.00001     405       1
     406   4.747   -89.02727    0.00001    0.00001     406       1
     407   4.752   -89.02726    0.00001    0.00001     407       1
     408   4.761   -89.02724    0.00001    0.00005     408       5
     409   4.765   -89.02724    0.00001    0.00001     409       1
     410   4.772   -89.02723    0.00001    0.00002     410       2
     411   4.772   -89.02723    0.00001    0.00001     411       1
     412   4.781   -89.02721    0.00001    0.00001     412       1
     413   4.783   -89.02721    0.00001    0.00002     413       2
     414   4.789   -89.02720    0.00001    0.00004     414       4
     415   4.791   -89.02720    0.00001    0.00001     415       1
     416   4.808   -89.02717    0.00001    0.00001     416       1
     417   4.812   -89.02716    0.00001    0.00001     417       1
     418   4.816   -89.02716    0.00001    0.00001     418       1
     419   4.821   -89.02715    0.00001    0.00002     419       2
     420   4.833   -89.02713    0.00001    0.00001     420       1
     421   4.838   -89.02712    0.00001    0.00001     421       1
     422   4.842   -89.02712    0.00001    0.00001     422       1
     423   4.844   -89.02711    0.00001    0.00001     423       1
     424   4.845   -89.02711    0.00001    0.00002     424       2
     425   4.852   -89.02710    0.00001    0.00001     425       1
     426   4.858   -89.02709    0.00001    0.00001     426       1
     427   4.866   -89.02708    0.00001    0.00002     427       3
     428   4.878   -89.02706    0.00001    0.00003     428       4
     429   4.888   -89.02704    0.00001    0.00002     429       2
     430   4.883   -89.02705    0.00001    0.00002     430       2
     431   4.888   -89.02704    0.00001    0.00002     431       3
     432   4.880   -89.02705    0.00001    0.00002     432       2
     433   4.901   -89.02702    0.00001    0.00001     433       1
     434   4.902   -89.02702    0.00001    0.00001     434       1
     435   4.902   -89.02702    0.00001    0.00001     435       1
     436   4.909   -89.02701    0.00001    0.00001     436       1
     437   4.912   -89.02700    0.00001    0.00001     437       1
     438   4.913   -89.02700    0.00001    0.00002     438       3
     439   4.920   -89.02699    0.00001    0.00001     439       2
     440   4.925   -89.02698    0.00001    0.00001     440       1
     441   4.932   -89.02697    0.00001    0.00001     441       1
     442   4.937   -89.02696    0.00001    0.00001     442       1
     443   4.938   -89.02696    0.00001    0.00001     443       1
     444   4.941   -89.02696    0.00001    0.00001     444       1
     445   4.943   -89.02695    0.00001    0.00001     445       1
     446   4.944   -89.02695    0.00001    0.00001     446       2
     447   4.947   -89.02695    0.00001    0.00001     447       1
     448   4.952   -89.02694    0.00001    0.00001     448       2
     449   4.957   -89.02693    0.00001    0.00001     449       1
     450   4.958   -89.02693    0.00001    0.00001     450       1
     451   4.963   -89.02692    0.00001    0.00001     451       1
     452   4.968   -89.02691    0.00001    0.00001     452       2
     453   4.978   -89.02690    0.00001    0.00001     453       1
     454   4.980   -89.02689    0.00001    0.00001     454       1
     455   4.989   -89.02688    0.00001    0.00001     455       1
     456   4.992   -89.02688    0.00001    0.00001     456       1
     457   5.001   -89.02686    0.00001    0.00002     457       3
     458   5.019   -89.02683    0.00001    0.00001     458       1
     459   5.020   -89.02683    0.00001    0.00001     459       1
     460   5.040   -89.02680    0.00001    0.00001     460       2
     461   5.042   -89.02680    0.00001    0.00001     461       1
     462   5.043   -89.02679    0.00001    0.00001     462       1
     463   5.045   -89.02679    0.00001    0.00001     463       2
     464   5.052   -89.02678    0.00001    0.00001     464       1
     465   5.052   -89.02678    0.00001    0.00001     465       1
     466   5.060   -89.02677    0.00001    0.00001     466       1
     467   5.060   -89.02677    0.00001    0.00001     467       1
     468   5.061   -89.02677    0.00001    0.00001     468       2
     469   5.069   -89.02675    0.00001    0.00001     469       2
     470   5.076   -89.02674    0.00001    0.00001     470       1
     471   5.079   -89.02674    0.00001    0.00001     471       1
     472   5.079   -89.02674    0.00001    0.00001     472       1
     473   5.088   -89.02672    0.00001    0.00001     473       1
     474   5.092   -89.02672    0.00001    0.00001     474       1
     475   5.102   -89.02670    0.00001    0.00001     475       1
     476   5.109   -89.02669    0.00001    0.00001     476       2
     477   5.110   -89.02669    0.00001    0.00002     477       3
     478   5.121   -89.02667    0.00001    0.00001     478       1
     479   5.124   -89.02667    0.00001    0.00001     479       1
     480   5.116   -89.02668    0.00001    0.00001     480       1
     481   5.129   -89.02666    0.00001    0.00001     481       1
     482   5.131   -89.02665    0.00000    0.00000     482       1
     483   5.136   -89.02665    0.00000    0.00000     483       1
     484   5.138   -89.02664    0.00000    0.00000     484       1
     485   5.138   -89.02664    0.00000    0.00000     485       1
     486   5.141   -89.02664    0.00000    0.00000     486       1
     487   5.142   -89.02664    0.00000    0.00000     487       1
     488   5.160   -89.02661    0.00000    0.00000     488       1
     489   5.164   -89.02660    0.00000    0.00000     489       1
     490   5.166   -89.02660    0.00000    0.00000     490       1
     491   5.169   -89.02659    0.00000    0.00000     491       1
     492   5.183   -89.02657    0.00000    0.00000     492       1
     493   5.185   -89.02657    0.00000    0.00000     493       1
     494   5.188   -89.02656    0.00000    0.00000     494       1
     495   5.191   -89.02656    0.00000    0.00001     495       2
     496   5.194   -89.02655    0.00000    0.00000     496       1
     497   5.205   -89.02654    0.00000    0.00000     497       1
     498   5.210   -89.02653    0.00000    0.00000     498       1
     499   5.212   -89.02653    0.00000    0.00001     499       2
     500   5.230   -89.02650    0.00000    0.00000     500       1
     501   5.243   -89.02648    0.00000    0.00000     501       1
     502   5.253   -89.02646    0.00000    0.00000     502       1
     503   5.267   -89.02644    0.00000    0.00000     503       1
     504   5.279   -89.02642    0.00000    0.00000     504       1
     505   5.283   -89.02641    0.00000    0.00000     505       1
     506   5.288   -89.02640    0.00000    0.00000     506       1
     507   5.291   -89.02640    0.00000    0.00000     507       1
     508   5.292   -89.02640    0.00000    0.00000     508       1
     509   5.301   -89.02638    0.00000    0.00000     509       1
     510   5.310   -89.02637    0.00000    0.00001     510       2
     511   5.325   -89.02635    0.00000    0.00001     511       2
     512   5.316   -89.02636    0.00000    0.00000     512       1
     513   5.331   -89.02634    0.00000    0.00000     513       1
     514   5.361   -89.02629    0.00000    0.00000     514       1
     515   5.370   -89.02627    0.00000    0.00000     515       1
     516   5.374   -89.02627    0.00000    0.00000     516       1
     517   5.407   -89.02622    0.00000    0.00000     517       1
     518   5.418   -89.02620    0.00000    0.00000     518       1
     519   5.436   -89.02617    0.00000    0.00001     519       2
     520   5.474   -89.02611    0.00000    0.00000     520       1
     521   5.515   -89.02604    0.00000    0.00001     521       2
     522   5.526   -89.02602    0.00000    0.00001     522       2
     523   5.539   -89.02600    0.00000    0.00000     523       1
     524   5.553   -89.02598    0.00000    0.00000     524       1
     525   5.556   -89.02598    0.00000    0.00000     525       1
     526   5.559   -89.02597    0.00000    0.00000     526       1
     527   5.563   -89.02597    0.00000    0.00000     527       2
     528   5.564   -89.02596    0.00000    0.00000     528       1
     529   5.575   -89.02595    0.00000    0.00000     529       1
     530   5.584   -89.02593    0.00000    0.00000     530       1
     531   5.589   -89.02592    0.00000    0.00001     531       3
     532   5.590   -89.02592    0.00000    0.00001     532       4
     533   5.596   -89.02591    0.00000    0.00000     533       1
     534   5.601   -89.02591    0.00000    0.00000     534       1
     535   5.591   -89.02592    0.00000    0.00000     535       1
     536   5.602   -89.02590    0.00000    0.00000     536       1
     537   5.610   -89.02589    0.00000    0.00000     537       1
     538   5.620   -89.02587    0.00000    0.00000     538       1
     539   5.625   -89.02587    0.00000    0.00000     539       1
     540   5.626   -89.02587    0.00000    0.00001     540       3
     541   5.648   -89.02583    0.00000    0.00000     541       1
     542   5.655   -89.02582    0.00000    0.00000     542       1
     543   5.659   -89.02581    0.00000    0.00000     543       2
     544   5.667   -89.02580    0.00000    0.00000     544       1
     545   5.667   -89.02580    0.00000    0.00001     545       3
     546   5.673   -89.02579    0.00000    0.00001     546       3
     547   5.678   -89.02578    0.00000    0.00000     547       1
     548   5.679   -89.02578    0.00000    0.00000     548       1
     549   5.683   -89.02577    0.00000    0.00000     549       2
     550   5.692   -89.02576    0.00000    0.00000     550       1
     551   5.693   -89.02576    0.00000    0.00000     551       1
     552   5.687   -89.02577    0.00000    0.00000     552       1
     553   5.703   -89.02574    0.00000    0.00000     553       1
     554   5.711   -89.02573    0.00000    0.00000     554       1
     555   5.735   -89.02569    0.00000    0.00000     555       1
     556   5.735   -89.02569    0.00000    0.00000     556       1
     557   5.739   -89.02569    0.00000    0.00000     557       1
     558   5.749   -89.02567    0.00000    0.00000     558       1
     559   5.750   -89.02567    0.00000    0.00000     559       1
     560   5.750   -89.02567    0.00000    0.00000     560       1
     561   5.750   -89.02567    0.00000    0.00000     561       1
     562   5.793   -89.02560    0.00000    0.00000     562       1
     563   5.795   -89.02560    0.00000    0.00000     563       2
     564   5.807   -89.02558    0.00000    0.00000     564       1
     565   5.821   -89.02555    0.00000    0.00000     565       1
     566   5.826   -89.02555    0.00000    0.00000     566       2
     567   5.828   -89.02554    0.00000    0.00000     567       1
     568   5.849   -89.02551    0.00000    0.00000     568       1
     569   5.849   -89.02551    0.00000    0.00000     569       1
     570   5.859   -89.02549    0.00000    0.00000     570       1
     571   5.877   -89.02547    0.00000    0.00000     571       1
     572   5.893   -89.02544    0.00000    0.00000     572       2
     573   5.894   -89.02544    0.00000    0.00000     573       1
     574   5.897   -89.02543    0.00000    0.00000     574       2
     575   5.910   -89.02541    0.00000    0.00000     575       1
     576   5.898   -89.02543    0.00000    0.00000     576       1
     577   5.922   -89.02539    0.00000    0.00000     577       1
     578   5.929   -89.02538    0.00000    0.00000     578       1
     579   5.938   -89.02537    0.00000    0.00000     579       2
     580   5.942   -89.02536    0.00000    0.00000     580       1
     581   5.957   -89.02534    0.00000    0.00000     581       2
     582   5.979   -89.02530    0.00000    0.00000     582       1
     583   5.981   -89.02530    0.00000    0.00000     583       1
T /K                                  :   298.15
E lowest                              :   -89.03483
ensemble average energy (kcal)        :    0.793
ensemble entropy (J/mol K, cal/mol K) :   40.674    9.721
ensemble free energy (kcal/mol)       :   -2.898
population of lowest in %             :   14.306
 number of unique conformers for further calc          583
 list of relative energies saved as "crest.energies"
 compare nuclear equivalencies ...
::::::::::: conformer group all :::::::::::
 chemical equivalencies (mag.active nuclei):
reference atom   1 # : 3
reference atom  21 # : 2
 magnetic equivalencies:
reference atom   1 # : 3

******************************************************************************************
**                           ENSEMBLE ENTROPY CALCULATION                               **
******************************************************************************************
======================================================
 Containing 564 conformers :
     H(298.15K)-H(0) (conf)      1.119987
                   Cp(conf)      5.663822
                    S(conf)      8.200155
======================================================
 Containing 576 conformers :
     H(298.15K)-H(0) (conf)      1.143965
                   Cp(conf)      5.894216
                    S(conf)      8.257847
======================================================
 Containing 583 conformers :
     H(298.15K)-H(0) (conf)      1.146507
                   Cp(conf)      5.850520
                    S(conf)      8.291359
======================================================

 --------------------------------------
 FINAL CALCULATION OF MOLECULAR ENTROPY
 --------------------------------------

WARNING: Not enough blocks for extrapolation.
         Taking full ensemble entropy instead.

FINAL ENTROPY (max conf.)  :      8.29136

 ----------------------------------
 Frequency Calculation and Averages
 ----------------------------------
 Nconf on file      : 583
 Taken for Hessians : 94 (= 90.05% total population)
 T range  /K    :   278.15   378.15
 scaling factor :          1.000000     
 rotor cutoff   :         25.000000 cm⁻¹
 imag. cutoff   :        -50.000000 cm⁻¹

 Running 94 calculations ...
 |>1.1% |>10.6% |>20.2% |>30.9% |>40.4% |>50.0% |>60.6% |>70.2% |>80.9% |>90.4% |>100.0%
 done.
 calculating averages for G and S ...    done.
 calculating Boltzmann weights ...       done.
 calculating reference S (bhess) ... > bhess not implemented for calculator routines
    done.
 calculating δSrrho ...                  done.

 Coordinates for the bhess reference structure (Ångström):
 -----------------------------------------------------------
  43

 F         -4.0849381032        1.8251807325       -1.3498546776
 C         -3.2826445293        1.5612928294       -0.3311240730
 F         -2.1867574546        2.3357072968       -0.4668468357
 F         -3.8932295250        2.0063878819        0.7889770962
 C         -2.9236259948        0.1232846906       -0.2153667947
 N         -3.3690907150       -0.8599652347       -0.9466679455
 N         -2.7900464358       -1.9813614640       -0.5209860356
 C         -1.9975697585       -1.6796474930        0.4712486319
 N         -2.0465507328       -0.3414704085        0.7232195228
 C         -1.2722624422        0.3688016806        1.7120115873
 H         -1.9235047949        1.0341381507        2.2850736621
 C         -0.5884768625       -0.6553607068        2.6258505702
 N         -0.0519739567       -1.7421448212        1.8303685090
 C          1.2246044127       -1.6256382744        1.3635162844
 O          1.9438912783       -0.7240600926        1.7468719790
 C          1.6981274317       -2.6890443779        0.3979581951
 H          1.4127574492       -3.6763208104        0.7621537533
 H          2.7872002572       -2.6348087828        0.3702968246
 C          1.1273362305       -2.5085728314       -1.0258227494
 N          0.9295071885       -3.8248263756       -1.5972445085
 H          0.4228842558       -3.7709266018       -2.4728500718
 H          1.8187553864       -4.2811361411       -1.7713582504
 H          0.1389453478       -2.0426256030       -0.9806137157
 C          2.0362945962       -1.5899759009       -1.8803674905
 C          2.2383052167       -0.2497243623       -1.2427987838
 C          3.4704012203        0.1405678403       -0.7369794904
 C          3.6305819708        1.3664765308       -0.1187478450
 C          2.5577536449        2.2407738311       -0.0020874439
 C          1.3199530311        1.8849498263       -0.5057989270
 C          1.1851995675        0.6484699347       -1.1064953874
 F         -0.0406126434        0.3033130434       -1.5657753034
 H          0.4831403834        2.5626153399       -0.4392230209
 F          2.7071743035        3.4334308524        0.5891219832
 F          4.8359175364        1.7104592848        0.3540308708
 H          4.3251083220       -0.5129469043       -0.8094621476
 H          3.0028800348       -2.0757630872       -2.0284592311
 H          1.5589585710       -1.4599596611       -2.8558178493
 C         -1.1004672446       -2.5658635085        1.2663575918
 H         -0.7167060379       -3.3646951938        0.6348309463
 H         -1.6704380224       -3.0256245836        2.0850196504
 H          0.2357505335       -0.1777522991        3.1568253981
 H         -1.3009669633       -1.0684548670        3.3445165173
 H         -0.5124849889        0.9710984922        1.2027082882
 -----------------------------------------------------------
 as read from <coord>
 Heavy-atom RMSD between lowest conformer and this reference :
 RMSD(heavy) =        0.001547 Å

 msRRHO(bhess) reference entropies:
      278.15        164.505606
      288.15        167.736786
      298.15        170.950115
      308.15        174.146088
      318.15        177.325060
      328.15        180.487264
      338.15        183.632827
      348.15        186.761791
      358.15        189.874125
      368.15        192.969740
      378.15        196.048504

       T/K  |S(T)|/cal/molK       |G(T)|/Eh     G_lowest/Eh    (conf)
   -----------------------------------------------------------------
    278.15    0.165945E+03    0.254339E+00      -88.780252         6
    288.15    0.169172E+03    0.251706E+00      -88.782895         6
    298.15    0.172380E+03    0.249023E+00      -88.785590         6
    308.15    0.175570E+03    0.246289E+00      -88.788335         6
    318.15    0.178741E+03    0.243504E+00      -88.791131         6
    328.15    0.181895E+03    0.240670E+00      -88.793977         6
    338.15    0.185032E+03    0.237785E+00      -88.796874         6
    348.15    0.188152E+03    0.234850E+00      -88.799820         6
    358.15    0.191254E+03    0.231867E+00      -88.802815         6
    368.15    0.194340E+03    0.228833E+00      -88.805860         6
    378.15    0.197407E+03    0.225751E+00      -88.808954         6
   -----------------------------------------------------------------
   NOTE: if |G(T)| is the averaged contributrion to the free energy.
   |G(T)| used only for the higher-energetic structures (n > 94).
   All other structures use G(T) from the respective Hessian calculations.

 Quantities calculated on free energies:
       T/K          δSrrho           Cp(T)     [H(T)-H(0)]
   -------------------------------------------------------
    278.15    0.143979E+01    0.494629E+01        1.099293
    288.15    0.143528E+01    0.494355E+01        1.153458
    298.15    0.142982E+01    0.492805E+01        1.207360
    308.15    0.142344E+01    0.490092E+01        1.260878
    318.15    0.141622E+01    0.486331E+01        1.313906
    328.15    0.140822E+01    0.481642E+01        1.366352
    338.15    0.139951E+01    0.476139E+01        1.418136
    348.15    0.139015E+01    0.469933E+01        1.469192
    358.15    0.138021E+01    0.463129E+01        1.519464
    368.15    0.136977E+01    0.455824E+01        1.568908
    378.15    0.135887E+01    0.448108E+01        1.617486
   -------------------------------------------------------
   NOTE: δSrrho(T) = |S(T)| - Sref(T)

 ----------------------
 TEMPERATURE DEPENDENCE
 ----------------------

 Final CONFORMATIONAL quantities at given T:
       T/K        S(total)           Cp(T)     [H(T)-H(0)]        G(total)
   -----------------------------------------------------------------------
    278.15        9.339203        4.946292        1.099293       -1.498407
    288.15        9.534417        4.943555        1.153458       -1.593884
    298.15        9.721178        4.928053        1.207360       -1.691009
    308.15        9.899467        4.900915        1.260878       -1.789643
    318.15       10.069336        4.863312        1.313906       -1.889654
    328.15       10.230901        4.816419        1.366352       -1.990919
    338.15       10.384330        4.761391        1.418136       -2.093325
    348.15       10.529833        4.699333        1.469192       -2.196769
    358.15       10.667655        4.631291        1.519464       -2.301156
    368.15       10.798066        4.558240        1.568908       -2.406400
    378.15       10.921353        4.481076        1.617486       -2.512423
   -----------------------------------------------------------------------
   S and Cp in cal/mol*K; H and G in kcal/mol
   G(total) is the ensemble free energy (H-T*S) and S(total) = S(conf,extrapol.) + δSrrho

 ----------------------------------------------------
 |      FINAL MOLECULAR ENTROPY AT T= 298.15 K      |
 ----------------------------------------------------
     Sconf   =          8.291359
   + δSrrho  =          1.429819
 -----------------------------------------------------
 = S(total)  =          9.721178  (cal mol⁻¹ K⁻¹)

   H(T)-H(0) =          1.207360
   G         =         -2.898369   (-T*S)
 -----------------------------------------------------
 = G(total)  =         -1.691009  (H-T*S) (kcal mol⁻¹)

   Cp(total) =          4.928053  (cal mol⁻¹ K⁻¹)


 -----------------
 Wall Time Summary
 -----------------
 CREST runtime (total)               0 d,  0 h, 39 min, 23.313 sec
 ------------------------------------------------------------------
 Trial metadynamics (MTD)   ...        0 min,  6.459 sec (  0.273%)
 Metadynamics (MTD)         ...        4 min, 13.486 sec ( 10.726%)
 Geometry optimization      ...       27 min,  1.923 sec ( 68.629%)
 Static metadynamics (sMTD) ...        6 min, 58.703 sec ( 17.717%)
 Conf. entropy evaluation   ...        0 min, 57.871 sec (  2.449%)
 I/O and setup              ...        0 min,  4.871 sec (  0.206%)
 ------------------------------------------------------------------
 * wall-time:     0 d,  0 h, 39 min, 23.313 sec
 *  cpu-time:     0 d,  9 h, 37 min, 15.256 sec
 * ratio c/w:    14.655 speedup
 ------------------------------------------------------------------
 * Total number of energy+grad calls: 868461

 CREST terminated normally.
