
       ╔════════════════════════════════════════════════╗
       ║                                                ║
       ║     ██████╗██████╗ ███████╗███████╗████████╗   ║
       ║    ██╔════╝██╔══██╗██╔════╝██╔════╝╚══██╔══╝   ║
       ║    ██║     ██████╔╝█████╗  ███████╗   ██║      ║
       ║    ██║     ██╔══██╗██╔══╝  ╚════██║   ██║      ║
       ║    ╚██████╗██║  ██║███████╗███████║   ██║      ║
       ║     ╚═════╝╚═╝  ╚═╝╚══════╝╚══════╝   ╚═╝      ║
       ║                                                ║
       ║    Conformer-Rotamer Ensemble Sampling Tool    ║
       ║            based on the xTB methods            ║
       ║                                                ║
       ╚════════════════════════════════════════════════╝
        Version 3.0.2, Mon, 29 September 16:25:59, 09/29/2025
        commit (c39758d) compiled by 'andrey@PC1'

   Cite work conducted with this code as

   • P.Pracht, F.Bohle, S.Grimme, PCCP, 2020, 22, 7169-7192.
   • S.Grimme, JCTC, 2019, 15, 2847-2862.
   • P.Pracht, S.Grimme, C.Bannwarth, F.Bohle, S.Ehlert,
     G.Feldmann, J.Gorges, M.Müller, T.Neudecker, C.Plett,
     S.Spicher, P.Steinbach, P.Wesołowski, F.Zeller,
     J. Chem. Phys., 2024, 160, 114110.

   for works involving QCG cite

   • S.Spicher, C.Plett, P.Pracht, A.Hansen, S.Grimme,
     JCTC, 2022, 18 (5), 3174-3189.
   • C.Plett, S. Grimme,
     Angew. Chem. Int. Ed. 2023, 62, e202214477.

   for works involving MECP screening cite

   • P.Pracht, C.Bannwarth, JCTC, 2022, 18 (10), 6370-6385.

   Original code
     P.Pracht, S.Grimme, Universität Bonn, MCTC
   with help from (alphabetical order):
     C.Bannwarth, F.Bohle, S.Ehlert, G.Feldmann, J.Gorges,
     S.Grimme, C.Plett, P.Pracht, S.Spicher, P.Steinbach,
     P.Wesolowski, F.Zeller

   Online documentation is available at
   https://crest-lab.github.io/crest-docs/

   This program is distributed in the hope that it will be useful,
   but WITHOUT ANY WARRANTY; without even the implied warranty of
   MERCHANTABILITY or FITNESS FOR A PARTICULAR PURPOSE. See the
   GNU Lesser General Public License (LGPL) for more details.

 Command line input:
 $ ./crest m1_00_Chloroquine-uni_best.xyz --T 16 --entropy --gfn1 --chrg 0

  --T 16 (CPUs/Threads selected)
  --entropy : enhanced ensemble entropy calculation
  --gfn1               : Use of GFN1-xTB requested.
  --chrg 0

> Setting up backup calculator ... done.
 ----------------
 Calculation info
 ----------------
> User-defined calculation level:
 : xTB calculation via tblite lib
 : GFN1-xTB level
 :   Molecular charge    : 0
 :   Fermi temperature   : 300.00000
 :   Accuracy            : 1.00000
 :   max SCC cycles      : 500


 -----------------------------
 Initial Geometry Optimization
 -----------------------------
 Geometry successfully optimized.

          ┍━━━━━━━━━━━━━━━━━━━━━━━━━━━━━━━━━━━━━━━━━━━━━━━━━┑
          │              CREST ENTROPY SAMPLING             │
          ┕━━━━━━━━━━━━━━━━━━━━━━━━━━━━━━━━━━━━━━━━━━━━━━━━━┙

 please cite:
 • P.Pracht, S.Grimme, Chem. Sci., 2021, 12, 6551-6568.
 • J.Gorges, S.Grimme, A.Hansen, P.Pracht, PCCP, 2022,24, 12249-12259.

 Input structure:
  48

 Cl         5.8266509812       -0.1992465227       -0.8504451646
 N         -3.2600859753       -0.8085503424       -0.4901008046
 N         -0.6926046679        1.3818821059        0.0651665014
 N          1.8048306529       -1.4020124251        1.9640566871
 C         -2.8215095048        2.2878011176       -0.6661033863
 C         -2.9181744956        1.2808568491       -1.8199110879
 C         -2.0202809285        1.7587119227        0.5289631878
 C         -3.8205414467        0.0789915484       -1.5233335105
 C         -1.9110853752        2.8118865507        1.6357264367
 C         -4.3072024288       -1.6251274684        0.1473795814
 C         -2.1349175456       -1.6214510041       -0.9676623050
 C          0.1143728951        0.4923485153        0.7183258151
 C          1.4807212304        0.3604633170        0.3106073313
 C         -4.9926977378       -0.8287074396        1.2546326296
 C         -2.4886665357       -2.6889886158       -2.0098635426
 C         -0.3343134470       -0.3481266683        1.7277498680
 C          2.2810309299       -0.6069932850        0.9767560184
 C          2.0767121531        1.1241076970       -0.7165634455
 C          0.5449080205       -1.2651912730        2.3087677047
 C          3.6348221462       -0.7701914685        0.6072186603
 C          3.3927353521        0.9497178865       -1.0637857334
 C          4.1745605170       -0.0048218939       -0.3920231471
 H         -3.8259456988        2.5543967329       -0.3224389908
 H         -2.3454546666        3.2015388754       -1.0394503694
 H         -1.9132116526        0.9452968771       -2.0906771842
 H         -3.3351177305        1.7976585037       -2.6902823297
 H         -2.5181376313        0.8645757856        0.9182682204
 H         -4.7846867575        0.4462488268       -1.1595658305
 H         -4.0039986144       -0.4684089915       -2.4592089905
 H         -0.2263137163        2.1079817372       -0.4596400748
 H         -1.3347953379        2.4145348138        2.4706693658
 H         -2.9047514983        3.0834663001        1.9908283832
 H         -1.4125766578        3.7069890752        1.2622087987
 H         -5.0491977375       -1.9684289908       -0.5873914095
 H         -3.8286897659       -2.5029885075        0.5912860692
 H         -1.3840413698       -0.9431952719       -1.3832644472
 H         -1.6910476600       -2.1045456625       -0.0908209888
 H         -5.7234680410       -1.4570175008        1.7642101212
 H         -4.2522563541       -0.4902465664        1.9799857377
 H         -5.5066102276        0.0439625770        0.8518923879
 H         -2.8864953760       -2.2419168131       -2.9206111689
 H         -1.5838539723       -3.2400841870       -2.2671137273
 H         -3.2213380059       -3.3945796970       -1.6189532882
 H         -1.3550480782       -0.3082916949        2.0834835226
 H          1.4925427942        1.8641137236       -1.2540150671
 H          0.1841218144       -1.9168027816        3.1004758963
 H          4.2255918085       -1.5120968792        1.1297076538
 H          3.8378223075        1.5408662459       -1.8548422159

 ------------------------------------------------
 Generating MTD length from a flexibility measure
 ------------------------------------------------
 Calculating GFN0-xTB WBOs   ... done.
 Calculating NCI flexibility ... done.
     covalent flexibility measure :   0.489
 non-covalent flexibility measure :   0.703
 flexibility measure :   0.490
 t(MTD) / ps    :    58.0
 Σ(t(MTD)) / ps :  1392.0 (24 MTDs)

 -----------------------------------
 Starting trial MTD to test settings
 -----------------------------------
 Trial MTD 1 runtime (1.0 ps) ...        0 min, 10.651 sec
 Estimated runtime for one MTD (58.0 ps) on a single thread: 10 min 18 sec
 Estimated runtime for a batch of 24 MTDs on 16 threads: 20 min 35 sec

********************************************************************************
**                    N E W   I T E R A T I O N  C Y C L E                    **
********************************************************************************

 ------------------------------
 Meta-Dynamics Iteration 1
 ------------------------------
 list of applied metadynamics Vbias parameters:
$metadyn    0.36000   1.618
$metadyn    0.18000   1.618
$metadyn    0.09000   1.618
$metadyn    0.04500   1.618
$metadyn    0.36000   1.000
$metadyn    0.18000   1.000
$metadyn    0.09000   1.000
$metadyn    0.04500   1.000
$metadyn    0.36000   0.618
$metadyn    0.18000   0.618
$metadyn    0.09000   0.618
$metadyn    0.04500   0.618
$metadyn    0.36000   0.382
$metadyn    0.18000   0.382
$metadyn    0.09000   0.382
$metadyn    0.04500   0.382
$metadyn    0.36000   0.236
$metadyn    0.18000   0.236
$metadyn    0.09000   0.236
$metadyn    0.04500   0.236
$metadyn    0.36000   0.146
$metadyn    0.18000   0.146
$metadyn    0.09000   0.146
$metadyn    0.04500   0.146

  ::::::::::::: starting MTD   19 :::::::::::::
  |   MD simulation time   :    58.0 ps       |
  |   target T             :   300.0 K        |
  |   timestep dt          :     5.0 fs       |
  |   dump interval(trj)   :   100.0 fs       |
  |   SHAKE algorithm      : true (all bonds) |
  |   dump interval(Vbias) :    1.00 ps       |
  |   Vbias prefactor (k)  :  0.0900 Eh       |
  |   Vbias exponent (α)   :  0.2361 bohr⁻²   |
  ::::::::::::: starting MTD   18 :::::::::::::
  |   MD simulation time   :    58.0 ps       |
  |   target T             :   300.0 K        |
  |   timestep dt          :     5.0 fs       |
  |   dump interval(trj)   :   100.0 fs       |
  |   SHAKE algorithm      : true (all bonds) |
  |   dump interval(Vbias) :    1.00 ps       |
  |   Vbias prefactor (k)  :  0.1800 Eh       |
  |   Vbias exponent (α)   :  0.2361 bohr⁻²   |
  ::::::::::::: starting MTD    5 :::::::::::::
  |   MD simulation time   :    58.0 ps       |
  |   target T             :   300.0 K        |
  |   timestep dt          :     5.0 fs       |
  |   dump interval(trj)   :   100.0 fs       |
  |   SHAKE algorithm      : true (all bonds) |
  |   dump interval(Vbias) :    1.00 ps       |
  |   Vbias prefactor (k)  :  0.3600 Eh       |
  |   Vbias exponent (α)   :  1.0000 bohr⁻²   |
  ::::::::::::: starting MTD    1 :::::::::::::
  |   MD simulation time   :    58.0 ps       |
  |   target T             :   300.0 K        |
  |   timestep dt          :     5.0 fs       |
  |   dump interval(trj)   :   100.0 fs       |
  |   SHAKE algorithm      : true (all bonds) |
  |   dump interval(Vbias) :    1.00 ps       |
  |   Vbias prefactor (k)  :  0.3600 Eh       |
  |   Vbias exponent (α)   :  1.6180 bohr⁻²   |
  ::::::::::::: starting MTD   13 :::::::::::::
  |   MD simulation time   :    58.0 ps       |
  |   target T             :   300.0 K        |
  |   timestep dt          :     5.0 fs       |
  |   dump interval(trj)   :   100.0 fs       |
  |   SHAKE algorithm      : true (all bonds) |
  |   dump interval(Vbias) :    1.00 ps       |
  |   Vbias prefactor (k)  :  0.3600 Eh       |
  |   Vbias exponent (α)   :  0.3820 bohr⁻²   |
  ::::::::::::: starting MTD   11 :::::::::::::
  |   MD simulation time   :    58.0 ps       |
  |   target T             :   300.0 K        |
  |   timestep dt          :     5.0 fs       |
  |   dump interval(trj)   :   100.0 fs       |
  |   SHAKE algorithm      : true (all bonds) |
  |   dump interval(Vbias) :    1.00 ps       |
  |   Vbias prefactor (k)  :  0.0900 Eh       |
  |   Vbias exponent (α)   :  0.6180 bohr⁻²   |
  ::::::::::::: starting MTD    7 :::::::::::::
  |   MD simulation time   :    58.0 ps       |
  |   target T             :   300.0 K        |
  |   timestep dt          :     5.0 fs       |
  |   dump interval(trj)   :   100.0 fs       |
  |   SHAKE algorithm      : true (all bonds) |
  |   dump interval(Vbias) :    1.00 ps       |
  |   Vbias prefactor (k)  :  0.0900 Eh       |
  |   Vbias exponent (α)   :  1.0000 bohr⁻²   |
  ::::::::::::: starting MTD   22 :::::::::::::
  |   MD simulation time   :    58.0 ps       |
  |   target T             :   300.0 K        |
  |   timestep dt          :     5.0 fs       |
  |   dump interval(trj)   :   100.0 fs       |
  |   SHAKE algorithm      : true (all bonds) |
  |   dump interval(Vbias) :    1.00 ps       |
  |   Vbias prefactor (k)  :  0.1800 Eh       |
  |   Vbias exponent (α)   :  0.1459 bohr⁻²   |
  ::::::::::::: starting MTD   24 :::::::::::::
  |   MD simulation time   :    58.0 ps       |
  |   target T             :   300.0 K        |
  |   timestep dt          :     5.0 fs       |
  |   dump interval(trj)   :   100.0 fs       |
  |   SHAKE algorithm      : true (all bonds) |
  |   dump interval(Vbias) :    1.00 ps       |
  |   Vbias prefactor (k)  :  0.0450 Eh       |
  |   Vbias exponent (α)   :  0.1459 bohr⁻²   |
  ::::::::::::: starting MTD    9 :::::::::::::
  |   MD simulation time   :    58.0 ps       |
  |   target T             :   300.0 K        |
  |   timestep dt          :     5.0 fs       |
  |   dump interval(trj)   :   100.0 fs       |
  |   SHAKE algorithm      : true (all bonds) |
  |   dump interval(Vbias) :    1.00 ps       |
  |   Vbias prefactor (k)  :  0.3600 Eh       |
  |   Vbias exponent (α)   :  0.6180 bohr⁻²   |
  ::::::::::::: starting MTD   23 :::::::::::::
  |   MD simulation time   :    58.0 ps       |
  |   target T             :   300.0 K        |
  |   timestep dt          :     5.0 fs       |
  |   dump interval(trj)   :   100.0 fs       |
  |   SHAKE algorithm      : true (all bonds) |
  |   dump interval(Vbias) :    1.00 ps       |
  |   Vbias prefactor (k)  :  0.0900 Eh       |
  |   Vbias exponent (α)   :  0.1459 bohr⁻²   |
  ::::::::::::: starting MTD   15 :::::::::::::
  |   MD simulation time   :    58.0 ps       |
  |   target T             :   300.0 K        |
  |   timestep dt          :     5.0 fs       |
  |   dump interval(trj)   :   100.0 fs       |
  |   SHAKE algorithm      : true (all bonds) |
  |   dump interval(Vbias) :    1.00 ps       |
  |   Vbias prefactor (k)  :  0.0900 Eh       |
  |   Vbias exponent (α)   :  0.3820 bohr⁻²   |
  ::::::::::::: starting MTD   20 :::::::::::::
  |   MD simulation time   :    58.0 ps       |
  |   target T             :   300.0 K        |
  |   timestep dt          :     5.0 fs       |
  |   dump interval(trj)   :   100.0 fs       |
  |   SHAKE algorithm      : true (all bonds) |
  |   dump interval(Vbias) :    1.00 ps       |
  |   Vbias prefactor (k)  :  0.0450 Eh       |
  |   Vbias exponent (α)   :  0.2361 bohr⁻²   |
  ::::::::::::: starting MTD    3 :::::::::::::
  |   MD simulation time   :    58.0 ps       |
  |   target T             :   300.0 K        |
  |   timestep dt          :     5.0 fs       |
  |   dump interval(trj)   :   100.0 fs       |
  |   SHAKE algorithm      : true (all bonds) |
  |   dump interval(Vbias) :    1.00 ps       |
  |   Vbias prefactor (k)  :  0.0900 Eh       |
  |   Vbias exponent (α)   :  1.6180 bohr⁻²   |
  ::::::::::::: starting MTD   21 :::::::::::::
  |   MD simulation time   :    58.0 ps       |
  |   target T             :   300.0 K        |
  |   timestep dt          :     5.0 fs       |
  |   dump interval(trj)   :   100.0 fs       |
  |   SHAKE algorithm      : true (all bonds) |
  |   dump interval(Vbias) :    1.00 ps       |
  |   Vbias prefactor (k)  :  0.3600 Eh       |
  |   Vbias exponent (α)   :  0.1459 bohr⁻²   |
  ::::::::::::: starting MTD   17 :::::::::::::
  |   MD simulation time   :    58.0 ps       |
  |   target T             :   300.0 K        |
  |   timestep dt          :     5.0 fs       |
  |   dump interval(trj)   :   100.0 fs       |
  |   SHAKE algorithm      : true (all bonds) |
  |   dump interval(Vbias) :    1.00 ps       |
  |   Vbias prefactor (k)  :  0.3600 Eh       |
  |   Vbias exponent (α)   :  0.2361 bohr⁻²   |
*MTD   5 completed successfully ...       12 min, 25.695 sec
  ::::::::::::: starting MTD    6 :::::::::::::
  |   MD simulation time   :    58.0 ps       |
  |   target T             :   300.0 K        |
  |   timestep dt          :     5.0 fs       |
  |   dump interval(trj)   :   100.0 fs       |
  |   SHAKE algorithm      : true (all bonds) |
  |   dump interval(Vbias) :    1.00 ps       |
  |   Vbias prefactor (k)  :  0.1800 Eh       |
  |   Vbias exponent (α)   :  1.0000 bohr⁻²   |
*MTD   1 completed successfully ...       12 min, 26.317 sec
  ::::::::::::: starting MTD    2 :::::::::::::
  |   MD simulation time   :    58.0 ps       |
  |   target T             :   300.0 K        |
  |   timestep dt          :     5.0 fs       |
  |   dump interval(trj)   :   100.0 fs       |
  |   SHAKE algorithm      : true (all bonds) |
  |   dump interval(Vbias) :    1.00 ps       |
  |   Vbias prefactor (k)  :  0.1800 Eh       |
  |   Vbias exponent (α)   :  1.6180 bohr⁻²   |
*MTD   7 completed successfully ...       12 min, 26.941 sec
  ::::::::::::: starting MTD    8 :::::::::::::
  |   MD simulation time   :    58.0 ps       |
  |   target T             :   300.0 K        |
  |   timestep dt          :     5.0 fs       |
  |   dump interval(trj)   :   100.0 fs       |
  |   SHAKE algorithm      : true (all bonds) |
  |   dump interval(Vbias) :    1.00 ps       |
  |   Vbias prefactor (k)  :  0.0450 Eh       |
  |   Vbias exponent (α)   :  1.0000 bohr⁻²   |
*MTD   9 completed successfully ...       12 min, 27.920 sec
  ::::::::::::: starting MTD   10 :::::::::::::
  |   MD simulation time   :    58.0 ps       |
  |   target T             :   300.0 K        |
  |   timestep dt          :     5.0 fs       |
  |   dump interval(trj)   :   100.0 fs       |
  |   SHAKE algorithm      : true (all bonds) |
  |   dump interval(Vbias) :    1.00 ps       |
  |   Vbias prefactor (k)  :  0.1800 Eh       |
  |   Vbias exponent (α)   :  0.6180 bohr⁻²   |
*MTD  15 completed successfully ...       12 min, 28.962 sec
  ::::::::::::: starting MTD   16 :::::::::::::
  |   MD simulation time   :    58.0 ps       |
  |   target T             :   300.0 K        |
  |   timestep dt          :     5.0 fs       |
  |   dump interval(trj)   :   100.0 fs       |
  |   SHAKE algorithm      : true (all bonds) |
  |   dump interval(Vbias) :    1.00 ps       |
  |   Vbias prefactor (k)  :  0.0450 Eh       |
  |   Vbias exponent (α)   :  0.3820 bohr⁻²   |
*MTD  20 completed successfully ...       12 min, 29.491 sec
*MTD  11 completed successfully ...       12 min, 30.189 sec
  ::::::::::::: starting MTD   12 :::::::::::::
  |   MD simulation time   :    58.0 ps       |
  |   target T             :   300.0 K        |
  |   timestep dt          :     5.0 fs       |
  |   dump interval(trj)   :   100.0 fs       |
  |   SHAKE algorithm      : true (all bonds) |
  |   dump interval(Vbias) :    1.00 ps       |
  |   Vbias prefactor (k)  :  0.0450 Eh       |
  |   Vbias exponent (α)   :  0.6180 bohr⁻²   |
*MTD   3 completed successfully ...       12 min, 30.962 sec
  ::::::::::::: starting MTD    4 :::::::::::::
  |   MD simulation time   :    58.0 ps       |
  |   target T             :   300.0 K        |
  |   timestep dt          :     5.0 fs       |
  |   dump interval(trj)   :   100.0 fs       |
  |   SHAKE algorithm      : true (all bonds) |
  |   dump interval(Vbias) :    1.00 ps       |
  |   Vbias prefactor (k)  :  0.0450 Eh       |
  |   Vbias exponent (α)   :  1.6180 bohr⁻²   |
*MTD  13 completed successfully ...       12 min, 32.244 sec
  ::::::::::::: starting MTD   14 :::::::::::::
  |   MD simulation time   :    58.0 ps       |
  |   target T             :   300.0 K        |
  |   timestep dt          :     5.0 fs       |
  |   dump interval(trj)   :   100.0 fs       |
  |   SHAKE algorithm      : true (all bonds) |
  |   dump interval(Vbias) :    1.00 ps       |
  |   Vbias prefactor (k)  :  0.1800 Eh       |
  |   Vbias exponent (α)   :  0.3820 bohr⁻²   |
*MTD  19 completed successfully ...       12 min, 36.703 sec
*MTD  18 completed successfully ...       12 min, 38.481 sec
*MTD  24 completed successfully ...       12 min, 44.049 sec
*MTD  17 completed successfully ...       12 min, 45.192 sec
*MTD  23 completed successfully ...       12 min, 54.277 sec
*MTD  22 completed successfully ...       12 min, 56.520 sec
*MTD  21 completed successfully ...       13 min,  1.340 sec
*MTD   6 completed successfully ...       10 min, 39.816 sec
*MTD   8 completed successfully ...       10 min, 42.537 sec
*MTD   2 completed successfully ...       10 min, 44.073 sec
*MTD  16 completed successfully ...       10 min, 42.140 sec
*MTD  10 completed successfully ...       10 min, 43.669 sec
*MTD  12 completed successfully ...       10 min, 45.341 sec
*MTD   4 completed successfully ...       10 min, 46.003 sec
*MTD  14 completed successfully ...       10 min, 45.849 sec

 ======================================
 |  Multilevel Ensemble Optimization  |
 ======================================
 Optimizing all 13896 structures from file "crest_dynamics.trj" ...
 ----------------------
 crude pre-optimization
 ----------------------
 Optimization engine: ANCOPT
 Hessian update type: BFGS
 E/G convergence criteria:  0.500E-03 Eh, 0.100E-01 Eh/a0
 maximum optimization steps: 200
 |>0.0% |>2.5% |>5.0% |>7.5% |>10.0% |>12.5% |>15.0% |>17.5% |>20.0% |>22.5% |>25.0% |>27.5% |>30.0% |>32.5% |>35.0% |>37.5% |>40.0% |>42.5% |>45.0% |>47.5% |>50.0% |>52.5% |>55.0% |>57.5% |>60.0% |>62.5% |>65.0% |>67.5% |>70.0% |>72.5% |>75.0% |>77.5% |>80.0% |>82.5% |>85.0% |>87.5% |>90.0% |>92.5% |>95.0% |>97.5% |>100.0%
 done.
> 13896 of 13896 structures successfully optimized (100.0% success)
> Total runtime for 13896 optimizations:
 * wall-time:     0 d,  0 h, 14 min, 59.661 sec
 *  cpu-time:     0 d,  3 h, 58 min, 38.405 sec
 * ratio c/w:    15.915 speedup
> Corresponding to approximately 0.065 sec per processed structure

CREGEN> running RMSDs ... done.
CREGEN> E lowest :   -65.93474
 12678 structures remain within    12.00 kcal/mol window
 ----------------------------------
 optimization with tight thresholds
 ----------------------------------
 Optimization engine: ANCOPT
 Hessian update type: BFGS
 E/G convergence criteria:  0.100E-05 Eh, 0.800E-03 Eh/a0
 maximum optimization steps: 200
 |>0.0% |>2.5% |>5.0% |>7.5% |>10.0% |>12.5% |>15.0% |>17.5% |>20.0% |>22.5% |>25.0% |>27.5% |>30.0% |>32.5% |>35.0% |>37.5% |>40.0% |>42.5% |>45.0% |>47.5% |>50.0% |>52.5% |>55.0% |>57.5% |>60.0% |>62.5% |>65.0% |>67.5% |>70.0% |>72.5% |>75.0% |>77.5% |>80.0% |>82.5% |>85.0% |>87.5% |>90.0% |>92.5% |>95.0% |>97.5% |>100.0%
 done.
> 12061 of 12678 structures successfully optimized (95.1% success)
> Total runtime for 12678 optimizations:
 * wall-time:     0 d,  1 h,  5 min, 51.617 sec
 *  cpu-time:     0 d, 17 h, 29 min,  1.152 sec
 * ratio c/w:    15.928 speedup
> Corresponding to approximately 0.312 sec per processed structure

CREGEN> running RMSDs ... done.
CREGEN> E lowest :   -65.93525
 7482 structures remain within     6.00 kcal/mol window

========================================
           MTD Simulations done         
========================================
 Collecting ensmbles.
CREGEN> running RMSDs ... done.
CREGEN> E lowest :   -65.93525
 7482 structures remain within     6.00 kcal/mol window
     H(298.15K)-H(0) (conf)      1.328956
                   Cp(conf)      4.936745
                    S(conf)     12.621146

********************************************************************************
**                     I T E R A T I O N    C Y C L E      1                  **
********************************************************************************
 -------------------------------------------
 determining bias structures via PCA/k-Means
 -------------------------------------------

 18 structures were selected
 done.

 -----------------------------------------------
 determining MTD seed structures via PCA/k-Means
 -----------------------------------------------

 36 structures were selected
 done.


 ===========================================================
 Static MTDs (umbrella sampling) on 36 selected conformer(s)
 ===========================================================
> Using 18 constant RMSD bias potentials per MTD
  :::::::::: starting static MTD   1 ::::::::::
  |   MD simulation time   :    29.0 ps       |
  |   target T             :   400.0 K        |
  |   timestep dt          :     5.0 fs       |
  |   dump interval(trj)   :   100.0 fs       |
  |   SHAKE algorithm      : true (all bonds) |
  |   Vbias prefactor (k)  :  0.0035 Eh       |
  |   Vbias exponent (α)   :  1.0000 bohr⁻²   |
  :::::::::: starting static MTD   2 ::::::::::
  |   MD simulation time   :    29.0 ps       |
  |   target T             :   400.0 K        |
  |   timestep dt          :     5.0 fs       |
  |   dump interval(trj)   :   100.0 fs       |
  |   SHAKE algorithm      : true (all bonds) |
  |   Vbias prefactor (k)  :  0.0035 Eh       |
  |   Vbias exponent (α)   :  1.0000 bohr⁻²   |
  :::::::::: starting static MTD  36 ::::::::::
  |   MD simulation time   :    29.0 ps       |
  |   target T             :   400.0 K        |
  |   timestep dt          :     5.0 fs       |
  |   dump interval(trj)   :   100.0 fs       |
  |   SHAKE algorithm      : true (all bonds) |
  |   Vbias prefactor (k)  :  0.0035 Eh       |
  |   Vbias exponent (α)   :  1.0000 bohr⁻²   |
  :::::::::: starting static MTD   3 ::::::::::
  |   MD simulation time   :    29.0 ps       |
  |   target T             :   400.0 K        |
  |   timestep dt          :     5.0 fs       |
  |   dump interval(trj)   :   100.0 fs       |
  |   SHAKE algorithm      : true (all bonds) |
  |   Vbias prefactor (k)  :  0.0035 Eh       |
  |   Vbias exponent (α)   :  1.0000 bohr⁻²   |
  :::::::::: starting static MTD   6 ::::::::::
  |   MD simulation time   :    29.0 ps       |
  |   target T             :   400.0 K        |
  |   timestep dt          :     5.0 fs       |
  |   dump interval(trj)   :   100.0 fs       |
  |   SHAKE algorithm      : true (all bonds) |
  |   Vbias prefactor (k)  :  0.0035 Eh       |
  |   Vbias exponent (α)   :  1.0000 bohr⁻²   |
  :::::::::: starting static MTD   4 ::::::::::
  |   MD simulation time   :    29.0 ps       |
  |   target T             :   400.0 K        |
  |   timestep dt          :     5.0 fs       |
  |   dump interval(trj)   :   100.0 fs       |
  |   SHAKE algorithm      : true (all bonds) |
  |   Vbias prefactor (k)  :  0.0035 Eh       |
  |   Vbias exponent (α)   :  1.0000 bohr⁻²   |
  :::::::::: starting static MTD   5 ::::::::::
  |   MD simulation time   :    29.0 ps       |
  |   target T             :   400.0 K        |
  |   timestep dt          :     5.0 fs       |
  |   dump interval(trj)   :   100.0 fs       |
  |   SHAKE algorithm      : true (all bonds) |
  |   Vbias prefactor (k)  :  0.0035 Eh       |
  |   Vbias exponent (α)   :  1.0000 bohr⁻²   |
  :::::::::: starting static MTD   8 ::::::::::
  |   MD simulation time   :    29.0 ps       |
  |   target T             :   400.0 K        |
  |   timestep dt          :     5.0 fs       |
  |   dump interval(trj)   :   100.0 fs       |
  |   SHAKE algorithm      : true (all bonds) |
  |   Vbias prefactor (k)  :  0.0035 Eh       |
  |   Vbias exponent (α)   :  1.0000 bohr⁻²   |
  :::::::::: starting static MTD  15 ::::::::::
  |   MD simulation time   :    29.0 ps       |
  |   target T             :   400.0 K        |
  |   timestep dt          :     5.0 fs       |
  |   dump interval(trj)   :   100.0 fs       |
  |   SHAKE algorithm      : true (all bonds) |
  |   Vbias prefactor (k)  :  0.0035 Eh       |
  |   Vbias exponent (α)   :  1.0000 bohr⁻²   |
  :::::::::: starting static MTD  10 ::::::::::
  |   MD simulation time   :    29.0 ps       |
  |   target T             :   400.0 K        |
  |   timestep dt          :     5.0 fs       |
  |   dump interval(trj)   :   100.0 fs       |
  |   SHAKE algorithm      : true (all bonds) |
  |   Vbias prefactor (k)  :  0.0035 Eh       |
  |   Vbias exponent (α)   :  1.0000 bohr⁻²   |
  :::::::::: starting static MTD  14 ::::::::::
  |   MD simulation time   :    29.0 ps       |
  |   target T             :   400.0 K        |
  |   timestep dt          :     5.0 fs       |
  |   dump interval(trj)   :   100.0 fs       |
  |   SHAKE algorithm      : true (all bonds) |
  |   Vbias prefactor (k)  :  0.0035 Eh       |
  |   Vbias exponent (α)   :  1.0000 bohr⁻²   |
  :::::::::: starting static MTD   7 ::::::::::
  |   MD simulation time   :    29.0 ps       |
  |   target T             :   400.0 K        |
  |   timestep dt          :     5.0 fs       |
  |   dump interval(trj)   :   100.0 fs       |
  |   SHAKE algorithm      : true (all bonds) |
  |   Vbias prefactor (k)  :  0.0035 Eh       |
  |   Vbias exponent (α)   :  1.0000 bohr⁻²   |
  :::::::::: starting static MTD   9 ::::::::::
  |   MD simulation time   :    29.0 ps       |
  |   target T             :   400.0 K        |
  |   timestep dt          :     5.0 fs       |
  |   dump interval(trj)   :   100.0 fs       |
  |   SHAKE algorithm      : true (all bonds) |
  |   Vbias prefactor (k)  :  0.0035 Eh       |
  |   Vbias exponent (α)   :  1.0000 bohr⁻²   |
  :::::::::: starting static MTD  13 ::::::::::
  |   MD simulation time   :    29.0 ps       |
  |   target T             :   400.0 K        |
  |   timestep dt          :     5.0 fs       |
  |   dump interval(trj)   :   100.0 fs       |
  |   SHAKE algorithm      : true (all bonds) |
  |   Vbias prefactor (k)  :  0.0035 Eh       |
  |   Vbias exponent (α)   :  1.0000 bohr⁻²   |
  :::::::::: starting static MTD  12 ::::::::::
  |   MD simulation time   :    29.0 ps       |
  |   target T             :   400.0 K        |
  |   timestep dt          :     5.0 fs       |
  |   dump interval(trj)   :   100.0 fs       |
  |   SHAKE algorithm      : true (all bonds) |
  |   Vbias prefactor (k)  :  0.0035 Eh       |
  |   Vbias exponent (α)   :  1.0000 bohr⁻²   |
  :::::::::: starting static MTD  11 ::::::::::
  |   MD simulation time   :    29.0 ps       |
  |   target T             :   400.0 K        |
  |   timestep dt          :     5.0 fs       |
  |   dump interval(trj)   :   100.0 fs       |
  |   SHAKE algorithm      : true (all bonds) |
  |   Vbias prefactor (k)  :  0.0035 Eh       |
  |   Vbias exponent (α)   :  1.0000 bohr⁻²   |
*sMTD  14 completed successfully ...        6 min, 10.248 sec
  :::::::::: starting static MTD  16 ::::::::::
  |   MD simulation time   :    29.0 ps       |
  |   target T             :   400.0 K        |
  |   timestep dt          :     5.0 fs       |
  |   dump interval(trj)   :   100.0 fs       |
  |   SHAKE algorithm      : true (all bonds) |
  |   Vbias prefactor (k)  :  0.0035 Eh       |
  |   Vbias exponent (α)   :  1.0000 bohr⁻²   |
*sMTD   2 completed successfully ...        6 min, 14.362 sec
  :::::::::: starting static MTD  17 ::::::::::
  |   MD simulation time   :    29.0 ps       |
  |   target T             :   400.0 K        |
  |   timestep dt          :     5.0 fs       |
  |   dump interval(trj)   :   100.0 fs       |
  |   SHAKE algorithm      : true (all bonds) |
  |   Vbias prefactor (k)  :  0.0035 Eh       |
  |   Vbias exponent (α)   :  1.0000 bohr⁻²   |
*sMTD   9 completed successfully ...        6 min, 15.125 sec
  :::::::::: starting static MTD  18 ::::::::::
  |   MD simulation time   :    29.0 ps       |
  |   target T             :   400.0 K        |
  |   timestep dt          :     5.0 fs       |
  |   dump interval(trj)   :   100.0 fs       |
  |   SHAKE algorithm      : true (all bonds) |
  |   Vbias prefactor (k)  :  0.0035 Eh       |
  |   Vbias exponent (α)   :  1.0000 bohr⁻²   |
*sMTD   6 completed successfully ...        6 min, 18.431 sec
  :::::::::: starting static MTD  19 ::::::::::
  |   MD simulation time   :    29.0 ps       |
  |   target T             :   400.0 K        |
  |   timestep dt          :     5.0 fs       |
  |   dump interval(trj)   :   100.0 fs       |
  |   SHAKE algorithm      : true (all bonds) |
  |   Vbias prefactor (k)  :  0.0035 Eh       |
  |   Vbias exponent (α)   :  1.0000 bohr⁻²   |
*sMTD  10 completed successfully ...        6 min, 19.038 sec
  :::::::::: starting static MTD  20 ::::::::::
  |   MD simulation time   :    29.0 ps       |
  |   target T             :   400.0 K        |
  |   timestep dt          :     5.0 fs       |
  |   dump interval(trj)   :   100.0 fs       |
  |   SHAKE algorithm      : true (all bonds) |
  |   Vbias prefactor (k)  :  0.0035 Eh       |
  |   Vbias exponent (α)   :  1.0000 bohr⁻²   |
*sMTD  11 completed successfully ...        6 min, 20.470 sec
  :::::::::: starting static MTD  21 ::::::::::
  |   MD simulation time   :    29.0 ps       |
  |   target T             :   400.0 K        |
  |   timestep dt          :     5.0 fs       |
  |   dump interval(trj)   :   100.0 fs       |
  |   SHAKE algorithm      : true (all bonds) |
  |   Vbias prefactor (k)  :  0.0035 Eh       |
  |   Vbias exponent (α)   :  1.0000 bohr⁻²   |
*sMTD   1 completed successfully ...        6 min, 21.311 sec
  :::::::::: starting static MTD  22 ::::::::::
  |   MD simulation time   :    29.0 ps       |
  |   target T             :   400.0 K        |
  |   timestep dt          :     5.0 fs       |
  |   dump interval(trj)   :   100.0 fs       |
  |   SHAKE algorithm      : true (all bonds) |
  |   Vbias prefactor (k)  :  0.0035 Eh       |
  |   Vbias exponent (α)   :  1.0000 bohr⁻²   |
*sMTD   3 completed successfully ...        6 min, 21.592 sec
  :::::::::: starting static MTD  23 ::::::::::
  |   MD simulation time   :    29.0 ps       |
  |   target T             :   400.0 K        |
  |   timestep dt          :     5.0 fs       |
  |   dump interval(trj)   :   100.0 fs       |
  |   SHAKE algorithm      : true (all bonds) |
  |   Vbias prefactor (k)  :  0.0035 Eh       |
  |   Vbias exponent (α)   :  1.0000 bohr⁻²   |
*sMTD  13 completed successfully ...        6 min, 21.658 sec
  :::::::::: starting static MTD  24 ::::::::::
  |   MD simulation time   :    29.0 ps       |
  |   target T             :   400.0 K        |
  |   timestep dt          :     5.0 fs       |
  |   dump interval(trj)   :   100.0 fs       |
  |   SHAKE algorithm      : true (all bonds) |
  |   Vbias prefactor (k)  :  0.0035 Eh       |
  |   Vbias exponent (α)   :  1.0000 bohr⁻²   |
*sMTD   4 completed successfully ...        6 min, 21.775 sec
  :::::::::: starting static MTD  25 ::::::::::
  |   MD simulation time   :    29.0 ps       |
  |   target T             :   400.0 K        |
  |   timestep dt          :     5.0 fs       |
  |   dump interval(trj)   :   100.0 fs       |
  |   SHAKE algorithm      : true (all bonds) |
  |   Vbias prefactor (k)  :  0.0035 Eh       |
  |   Vbias exponent (α)   :  1.0000 bohr⁻²   |
*sMTD  12 completed successfully ...        6 min, 22.872 sec
  :::::::::: starting static MTD  26 ::::::::::
  |   MD simulation time   :    29.0 ps       |
  |   target T             :   400.0 K        |
  |   timestep dt          :     5.0 fs       |
  |   dump interval(trj)   :   100.0 fs       |
  |   SHAKE algorithm      : true (all bonds) |
  |   Vbias prefactor (k)  :  0.0035 Eh       |
  |   Vbias exponent (α)   :  1.0000 bohr⁻²   |
*sMTD   8 completed successfully ...        6 min, 23.115 sec
  :::::::::: starting static MTD  27 ::::::::::
  |   MD simulation time   :    29.0 ps       |
  |   target T             :   400.0 K        |
  |   timestep dt          :     5.0 fs       |
  |   dump interval(trj)   :   100.0 fs       |
  |   SHAKE algorithm      : true (all bonds) |
  |   Vbias prefactor (k)  :  0.0035 Eh       |
  |   Vbias exponent (α)   :  1.0000 bohr⁻²   |
*sMTD   5 completed successfully ...        6 min, 23.116 sec
  :::::::::: starting static MTD  28 ::::::::::
  |   MD simulation time   :    29.0 ps       |
  |   target T             :   400.0 K        |
  |   timestep dt          :     5.0 fs       |
  |   dump interval(trj)   :   100.0 fs       |
  |   SHAKE algorithm      : true (all bonds) |
  |   Vbias prefactor (k)  :  0.0035 Eh       |
  |   Vbias exponent (α)   :  1.0000 bohr⁻²   |
*sMTD  15 completed successfully ...        6 min, 23.332 sec
  :::::::::: starting static MTD  29 ::::::::::
  |   MD simulation time   :    29.0 ps       |
  |   target T             :   400.0 K        |
  |   timestep dt          :     5.0 fs       |
  |   dump interval(trj)   :   100.0 fs       |
  |   SHAKE algorithm      : true (all bonds) |
  |   Vbias prefactor (k)  :  0.0035 Eh       |
  |   Vbias exponent (α)   :  1.0000 bohr⁻²   |
*sMTD  36 completed successfully ...        6 min, 24.479 sec
  :::::::::: starting static MTD  35 ::::::::::
  |   MD simulation time   :    29.0 ps       |
  |   target T             :   400.0 K        |
  |   timestep dt          :     5.0 fs       |
  |   dump interval(trj)   :   100.0 fs       |
  |   SHAKE algorithm      : true (all bonds) |
  |   Vbias prefactor (k)  :  0.0035 Eh       |
  |   Vbias exponent (α)   :  1.0000 bohr⁻²   |
*sMTD   7 completed successfully ...        6 min, 24.924 sec
  :::::::::: starting static MTD  30 ::::::::::
  |   MD simulation time   :    29.0 ps       |
  |   target T             :   400.0 K        |
  |   timestep dt          :     5.0 fs       |
  |   dump interval(trj)   :   100.0 fs       |
  |   SHAKE algorithm      : true (all bonds) |
  |   Vbias prefactor (k)  :  0.0035 Eh       |
  |   Vbias exponent (α)   :  1.0000 bohr⁻²   |
*sMTD  18 completed successfully ...        6 min, 19.373 sec
  :::::::::: starting static MTD  31 ::::::::::
  |   MD simulation time   :    29.0 ps       |
  |   target T             :   400.0 K        |
  |   timestep dt          :     5.0 fs       |
  |   dump interval(trj)   :   100.0 fs       |
  |   SHAKE algorithm      : true (all bonds) |
  |   Vbias prefactor (k)  :  0.0035 Eh       |
  |   Vbias exponent (α)   :  1.0000 bohr⁻²   |
*sMTD  17 completed successfully ...        6 min, 21.732 sec
  :::::::::: starting static MTD  32 ::::::::::
  |   MD simulation time   :    29.0 ps       |
  |   target T             :   400.0 K        |
  |   timestep dt          :     5.0 fs       |
  |   dump interval(trj)   :   100.0 fs       |
  |   SHAKE algorithm      : true (all bonds) |
  |   Vbias prefactor (k)  :  0.0035 Eh       |
  |   Vbias exponent (α)   :  1.0000 bohr⁻²   |
*sMTD  22 completed successfully ...        6 min, 15.470 sec
  :::::::::: starting static MTD  33 ::::::::::
  |   MD simulation time   :    29.0 ps       |
  |   target T             :   400.0 K        |
  |   timestep dt          :     5.0 fs       |
  |   dump interval(trj)   :   100.0 fs       |
  |   SHAKE algorithm      : true (all bonds) |
  |   Vbias prefactor (k)  :  0.0035 Eh       |
  |   Vbias exponent (α)   :  1.0000 bohr⁻²   |
*sMTD  21 completed successfully ...        6 min, 17.362 sec
  :::::::::: starting static MTD  34 ::::::::::
  |   MD simulation time   :    29.0 ps       |
  |   target T             :   400.0 K        |
  |   timestep dt          :     5.0 fs       |
  |   dump interval(trj)   :   100.0 fs       |
  |   SHAKE algorithm      : true (all bonds) |
  |   Vbias prefactor (k)  :  0.0035 Eh       |
  |   Vbias exponent (α)   :  1.0000 bohr⁻²   |
*sMTD  16 completed successfully ...        6 min, 27.753 sec
*sMTD  27 completed successfully ...        6 min, 15.893 sec
*sMTD  24 completed successfully ...        6 min, 19.664 sec
*sMTD  20 completed successfully ...        6 min, 22.500 sec
*sMTD  19 completed successfully ...        6 min, 25.810 sec
*sMTD  25 completed successfully ...        6 min, 24.250 sec
*sMTD  28 completed successfully ...        6 min, 23.082 sec
*sMTD  23 completed successfully ...        6 min, 25.534 sec
*sMTD  29 completed successfully ...        6 min, 23.975 sec
*sMTD  26 completed successfully ...        6 min, 25.739 sec
*sMTD  35 completed successfully ...        6 min, 26.144 sec
*sMTD  30 completed successfully ...        6 min, 30.361 sec
*sMTD  31 completed successfully ...        5 min, 20.869 sec
*sMTD  32 completed successfully ...        5 min, 23.129 sec
*sMTD  33 completed successfully ...        5 min, 22.763 sec
*sMTD  34 completed successfully ...        5 min, 26.703 sec

 ======================================
 |  Multilevel Ensemble Optimization  |
 ======================================
 Optimizing all 10404 structures from file "crest_rotamers_0.xyz" ...
 ----------------------
 crude pre-optimization
 ----------------------
 Optimization engine: ANCOPT
 Hessian update type: BFGS
 E/G convergence criteria:  0.500E-03 Eh, 0.100E-01 Eh/a0
 maximum optimization steps: 200
 |>0.0% |>2.5% |>5.0% |>7.5% |>10.0% |>12.5% |>15.0% |>17.5% |>20.0% |>22.5% |>25.0% |>27.5% |>30.0% |>32.5% |>35.0% |>37.5% |>40.0% |>42.5% |>45.0% |>47.5% |>50.0% |>52.5% |>55.0% |>57.5% |>60.0% |>62.5% |>65.0% |>67.5% |>70.0% |>72.5% |>75.0% |>77.5% |>80.0% |>82.5% |>85.0% |>87.5% |>90.0% |>92.5% |>95.0% |>97.5% |>100.0%
 done.
> 10404 of 10404 structures successfully optimized (100.0% success)
> Total runtime for 10404 optimizations:
 * wall-time:     0 d,  0 h,  7 min, 47.357 sec
 *  cpu-time:     0 d,  2 h,  3 min, 51.740 sec
 * ratio c/w:    15.902 speedup
> Corresponding to approximately 0.045 sec per processed structure

CREGEN> running RMSDs ... done.
CREGEN> E lowest :   -65.93416
 10112 structures remain within    12.00 kcal/mol window
 ---------------------------------------
 optimization with very tight thresholds
 ---------------------------------------
 Optimization engine: ANCOPT
 Hessian update type: BFGS
 E/G convergence criteria:  0.100E-06 Eh, 0.200E-03 Eh/a0
 maximum optimization steps: 200
 |>0.0% |>2.5% |>5.0% |>7.5% |>10.0% |>12.5% |>15.0% |>17.5% |>20.0% |>22.5% |>25.0% |>27.5% |>30.0% |>32.5% |>35.0% |>37.5% |>40.0% |>42.5% |>45.0% |>47.5% |>50.0% |>52.5% |>55.0% |>57.5% |>60.0% |>62.5% |>65.0% |>67.5% |>70.0% |>72.5% |>75.0% |>77.5% |>80.0% |>82.5% |>85.0% |>87.5% |>90.0% |>92.5% |>95.0% |>97.5% |>100.0%
 done.
> 9281 of 10112 structures successfully optimized (91.8% success)
> Total runtime for 10112 optimizations:
 * wall-time:     0 d,  1 h,  5 min, 23.037 sec
 *  cpu-time:     0 d, 17 h, 22 min, 22.076 sec
 * ratio c/w:    15.942 speedup
> Corresponding to approximately 0.388 sec per processed structure

CREGEN> running RMSDs ... done.
CREGEN> E lowest :   -65.93525
 2644 structures remain within     6.00 kcal/mol window
CREGEN> running RMSDs ... done.
CREGEN> E lowest :   -65.93525

 Static MTD simulation iteration 1 finished
 A total of 4247 conformers (+ 8.85%) in crest_conformers.xyz
 S(approx.) =   12.888322 cal/molK (dS = 2.04%)
 Convergence w.r.t. conformers: F
 Convergence w.r.t. entropy   : F

     H(298.15K)-H(0) (conf)      1.376526
                   Cp(conf)      4.810446
                    S(conf)     12.883624

********************************************************************************
**                     I T E R A T I O N    C Y C L E      2                  **
********************************************************************************
 -------------------------------------------
 determining bias structures via PCA/k-Means
 -------------------------------------------

 23 structures were selected
 done.

 -----------------------------------------------
 determining MTD seed structures via PCA/k-Means
 -----------------------------------------------

 36 structures were selected
 done.


 ===========================================================
 Static MTDs (umbrella sampling) on 36 selected conformer(s)
 ===========================================================
> Using 23 constant RMSD bias potentials per MTD
  :::::::::: starting static MTD   1 ::::::::::
  |   MD simulation time   :    29.0 ps       |
  |   target T             :   400.0 K        |
  |   timestep dt          :     5.0 fs       |
  |   dump interval(trj)   :   100.0 fs       |
  |   SHAKE algorithm      : true (all bonds) |
  |   Vbias prefactor (k)  :  0.0035 Eh       |
  |   Vbias exponent (α)   :  1.0000 bohr⁻²   |
  :::::::::: starting static MTD  11 ::::::::::
  |   MD simulation time   :    29.0 ps       |
  |   target T             :   400.0 K        |
  |   timestep dt          :     5.0 fs       |
  |   dump interval(trj)   :   100.0 fs       |
  |   SHAKE algorithm      : true (all bonds) |
  |   Vbias prefactor (k)  :  0.0035 Eh       |
  |   Vbias exponent (α)   :  1.0000 bohr⁻²   |
  :::::::::: starting static MTD   7 ::::::::::
  |   MD simulation time   :    29.0 ps       |
  |   target T             :   400.0 K        |
  |   timestep dt          :     5.0 fs       |
  |   dump interval(trj)   :   100.0 fs       |
  |   SHAKE algorithm      : true (all bonds) |
  |   Vbias prefactor (k)  :  0.0035 Eh       |
  |   Vbias exponent (α)   :  1.0000 bohr⁻²   |
  :::::::::: starting static MTD   4 ::::::::::
  |   MD simulation time   :    29.0 ps       |
  |   target T             :   400.0 K        |
  |   timestep dt          :     5.0 fs       |
  |   dump interval(trj)   :   100.0 fs       |
  |   SHAKE algorithm      : true (all bonds) |
  |   Vbias prefactor (k)  :  0.0035 Eh       |
  |   Vbias exponent (α)   :  1.0000 bohr⁻²   |
  :::::::::: starting static MTD   2 ::::::::::
  |   MD simulation time   :    29.0 ps       |
  |   target T             :   400.0 K        |
  |   timestep dt          :     5.0 fs       |
  |   dump interval(trj)   :   100.0 fs       |
  |   SHAKE algorithm      : true (all bonds) |
  |   Vbias prefactor (k)  :  0.0035 Eh       |
  |   Vbias exponent (α)   :  1.0000 bohr⁻²   |
  :::::::::: starting static MTD   6 ::::::::::
  |   MD simulation time   :    29.0 ps       |
  |   target T             :   400.0 K        |
  |   timestep dt          :     5.0 fs       |
  |   dump interval(trj)   :   100.0 fs       |
  |   SHAKE algorithm      : true (all bonds) |
  |   Vbias prefactor (k)  :  0.0035 Eh       |
  |   Vbias exponent (α)   :  1.0000 bohr⁻²   |
  :::::::::: starting static MTD   5 ::::::::::
  |   MD simulation time   :    29.0 ps       |
  |   target T             :   400.0 K        |
  |   timestep dt          :     5.0 fs       |
  |   dump interval(trj)   :   100.0 fs       |
  |   SHAKE algorithm      : true (all bonds) |
  |   Vbias prefactor (k)  :  0.0035 Eh       |
  |   Vbias exponent (α)   :  1.0000 bohr⁻²   |
  :::::::::: starting static MTD   9 ::::::::::
  |   MD simulation time   :    29.0 ps       |
  |   target T             :   400.0 K        |
  |   timestep dt          :     5.0 fs       |
  |   dump interval(trj)   :   100.0 fs       |
  |   SHAKE algorithm      : true (all bonds) |
  |   Vbias prefactor (k)  :  0.0035 Eh       |
  |   Vbias exponent (α)   :  1.0000 bohr⁻²   |
  :::::::::: starting static MTD   3 ::::::::::
  |   MD simulation time   :    29.0 ps       |
  |   target T             :   400.0 K        |
  |   timestep dt          :     5.0 fs       |
  |   dump interval(trj)   :   100.0 fs       |
  |   SHAKE algorithm      : true (all bonds) |
  |   Vbias prefactor (k)  :  0.0035 Eh       |
  |   Vbias exponent (α)   :  1.0000 bohr⁻²   |
  :::::::::: starting static MTD   8 ::::::::::
  |   MD simulation time   :    29.0 ps       |
  |   target T             :   400.0 K        |
  |   timestep dt          :     5.0 fs       |
  |   dump interval(trj)   :   100.0 fs       |
  |   SHAKE algorithm      : true (all bonds) |
  |   Vbias prefactor (k)  :  0.0035 Eh       |
  |   Vbias exponent (α)   :  1.0000 bohr⁻²   |
  :::::::::: starting static MTD  10 ::::::::::
  |   MD simulation time   :    29.0 ps       |
  |   target T             :   400.0 K        |
  |   timestep dt          :     5.0 fs       |
  |   dump interval(trj)   :   100.0 fs       |
  |   SHAKE algorithm      : true (all bonds) |
  |   Vbias prefactor (k)  :  0.0035 Eh       |
  |   Vbias exponent (α)   :  1.0000 bohr⁻²   |
  :::::::::: starting static MTD  12 ::::::::::
  |   MD simulation time   :    29.0 ps       |
  |   target T             :   400.0 K        |
  |   timestep dt          :     5.0 fs       |
  |   dump interval(trj)   :   100.0 fs       |
  |   SHAKE algorithm      : true (all bonds) |
  |   Vbias prefactor (k)  :  0.0035 Eh       |
  |   Vbias exponent (α)   :  1.0000 bohr⁻²   |
  :::::::::: starting static MTD  13 ::::::::::
  |   MD simulation time   :    29.0 ps       |
  |   target T             :   400.0 K        |
  |   timestep dt          :     5.0 fs       |
  |   dump interval(trj)   :   100.0 fs       |
  |   SHAKE algorithm      : true (all bonds) |
  |   Vbias prefactor (k)  :  0.0035 Eh       |
  |   Vbias exponent (α)   :  1.0000 bohr⁻²   |
  :::::::::: starting static MTD  14 ::::::::::
  |   MD simulation time   :    29.0 ps       |
  |   target T             :   400.0 K        |
  |   timestep dt          :     5.0 fs       |
  |   dump interval(trj)   :   100.0 fs       |
  |   SHAKE algorithm      : true (all bonds) |
  |   Vbias prefactor (k)  :  0.0035 Eh       |
  |   Vbias exponent (α)   :  1.0000 bohr⁻²   |
  :::::::::: starting static MTD  36 ::::::::::
  |   MD simulation time   :    29.0 ps       |
  |   target T             :   400.0 K        |
  |   timestep dt          :     5.0 fs       |
  |   dump interval(trj)   :   100.0 fs       |
  |   SHAKE algorithm      : true (all bonds) |
  |   Vbias prefactor (k)  :  0.0035 Eh       |
  |   Vbias exponent (α)   :  1.0000 bohr⁻²   |
  :::::::::: starting static MTD  15 ::::::::::
  |   MD simulation time   :    29.0 ps       |
  |   target T             :   400.0 K        |
  |   timestep dt          :     5.0 fs       |
  |   dump interval(trj)   :   100.0 fs       |
  |   SHAKE algorithm      : true (all bonds) |
  |   Vbias prefactor (k)  :  0.0035 Eh       |
  |   Vbias exponent (α)   :  1.0000 bohr⁻²   |
*sMTD  14 completed successfully ...        6 min, 14.601 sec
  :::::::::: starting static MTD  16 ::::::::::
  |   MD simulation time   :    29.0 ps       |
  |   target T             :   400.0 K        |
  |   timestep dt          :     5.0 fs       |
  |   dump interval(trj)   :   100.0 fs       |
  |   SHAKE algorithm      : true (all bonds) |
  |   Vbias prefactor (k)  :  0.0035 Eh       |
  |   Vbias exponent (α)   :  1.0000 bohr⁻²   |
*sMTD   2 completed successfully ...        6 min, 16.383 sec
  :::::::::: starting static MTD  17 ::::::::::
  |   MD simulation time   :    29.0 ps       |
  |   target T             :   400.0 K        |
  |   timestep dt          :     5.0 fs       |
  |   dump interval(trj)   :   100.0 fs       |
  |   SHAKE algorithm      : true (all bonds) |
  |   Vbias prefactor (k)  :  0.0035 Eh       |
  |   Vbias exponent (α)   :  1.0000 bohr⁻²   |
*sMTD  11 completed successfully ...        6 min, 16.481 sec
  :::::::::: starting static MTD  18 ::::::::::
  |   MD simulation time   :    29.0 ps       |
  |   target T             :   400.0 K        |
  |   timestep dt          :     5.0 fs       |
  |   dump interval(trj)   :   100.0 fs       |
  |   SHAKE algorithm      : true (all bonds) |
  |   Vbias prefactor (k)  :  0.0035 Eh       |
  |   Vbias exponent (α)   :  1.0000 bohr⁻²   |
*sMTD   1 completed successfully ...        6 min, 16.701 sec
  :::::::::: starting static MTD  19 ::::::::::
  |   MD simulation time   :    29.0 ps       |
  |   target T             :   400.0 K        |
  |   timestep dt          :     5.0 fs       |
  |   dump interval(trj)   :   100.0 fs       |
  |   SHAKE algorithm      : true (all bonds) |
  |   Vbias prefactor (k)  :  0.0035 Eh       |
  |   Vbias exponent (α)   :  1.0000 bohr⁻²   |
*sMTD  10 completed successfully ...        6 min, 16.967 sec
  :::::::::: starting static MTD  20 ::::::::::
  |   MD simulation time   :    29.0 ps       |
  |   target T             :   400.0 K        |
  |   timestep dt          :     5.0 fs       |
  |   dump interval(trj)   :   100.0 fs       |
  |   SHAKE algorithm      : true (all bonds) |
  |   Vbias prefactor (k)  :  0.0035 Eh       |
  |   Vbias exponent (α)   :  1.0000 bohr⁻²   |
*sMTD   9 completed successfully ...        6 min, 18.230 sec
  :::::::::: starting static MTD  21 ::::::::::
  |   MD simulation time   :    29.0 ps       |
  |   target T             :   400.0 K        |
  |   timestep dt          :     5.0 fs       |
  |   dump interval(trj)   :   100.0 fs       |
  |   SHAKE algorithm      : true (all bonds) |
  |   Vbias prefactor (k)  :  0.0035 Eh       |
  |   Vbias exponent (α)   :  1.0000 bohr⁻²   |
*sMTD   3 completed successfully ...        6 min, 19.185 sec
  :::::::::: starting static MTD  22 ::::::::::
  |   MD simulation time   :    29.0 ps       |
  |   target T             :   400.0 K        |
  |   timestep dt          :     5.0 fs       |
  |   dump interval(trj)   :   100.0 fs       |
  |   SHAKE algorithm      : true (all bonds) |
  |   Vbias prefactor (k)  :  0.0035 Eh       |
  |   Vbias exponent (α)   :  1.0000 bohr⁻²   |
*sMTD   6 completed successfully ...        6 min, 19.417 sec
  :::::::::: starting static MTD  23 ::::::::::
  |   MD simulation time   :    29.0 ps       |
  |   target T             :   400.0 K        |
  |   timestep dt          :     5.0 fs       |
  |   dump interval(trj)   :   100.0 fs       |
  |   SHAKE algorithm      : true (all bonds) |
  |   Vbias prefactor (k)  :  0.0035 Eh       |
  |   Vbias exponent (α)   :  1.0000 bohr⁻²   |
*sMTD   7 completed successfully ...        6 min, 19.922 sec
  :::::::::: starting static MTD  24 ::::::::::
  |   MD simulation time   :    29.0 ps       |
  |   target T             :   400.0 K        |
  |   timestep dt          :     5.0 fs       |
  |   dump interval(trj)   :   100.0 fs       |
  |   SHAKE algorithm      : true (all bonds) |
  |   Vbias prefactor (k)  :  0.0035 Eh       |
  |   Vbias exponent (α)   :  1.0000 bohr⁻²   |
*sMTD  15 completed successfully ...        6 min, 21.612 sec
  :::::::::: starting static MTD  25 ::::::::::
  |   MD simulation time   :    29.0 ps       |
  |   target T             :   400.0 K        |
  |   timestep dt          :     5.0 fs       |
  |   dump interval(trj)   :   100.0 fs       |
  |   SHAKE algorithm      : true (all bonds) |
  |   Vbias prefactor (k)  :  0.0035 Eh       |
  |   Vbias exponent (α)   :  1.0000 bohr⁻²   |
*sMTD   5 completed successfully ...        6 min, 22.162 sec
  :::::::::: starting static MTD  26 ::::::::::
  |   MD simulation time   :    29.0 ps       |
  |   target T             :   400.0 K        |
  |   timestep dt          :     5.0 fs       |
  |   dump interval(trj)   :   100.0 fs       |
  |   SHAKE algorithm      : true (all bonds) |
  |   Vbias prefactor (k)  :  0.0035 Eh       |
  |   Vbias exponent (α)   :  1.0000 bohr⁻²   |
*sMTD  13 completed successfully ...        6 min, 22.264 sec
  :::::::::: starting static MTD  27 ::::::::::
  |   MD simulation time   :    29.0 ps       |
  |   target T             :   400.0 K        |
  |   timestep dt          :     5.0 fs       |
  |   dump interval(trj)   :   100.0 fs       |
  |   SHAKE algorithm      : true (all bonds) |
  |   Vbias prefactor (k)  :  0.0035 Eh       |
  |   Vbias exponent (α)   :  1.0000 bohr⁻²   |
*sMTD   8 completed successfully ...        6 min, 22.539 sec
  :::::::::: starting static MTD  28 ::::::::::
  |   MD simulation time   :    29.0 ps       |
  |   target T             :   400.0 K        |
  |   timestep dt          :     5.0 fs       |
  |   dump interval(trj)   :   100.0 fs       |
  |   SHAKE algorithm      : true (all bonds) |
  |   Vbias prefactor (k)  :  0.0035 Eh       |
  |   Vbias exponent (α)   :  1.0000 bohr⁻²   |
*sMTD   4 completed successfully ...        6 min, 23.047 sec
  :::::::::: starting static MTD  29 ::::::::::
  |   MD simulation time   :    29.0 ps       |
  |   target T             :   400.0 K        |
  |   timestep dt          :     5.0 fs       |
  |   dump interval(trj)   :   100.0 fs       |
  |   SHAKE algorithm      : true (all bonds) |
  |   Vbias prefactor (k)  :  0.0035 Eh       |
  |   Vbias exponent (α)   :  1.0000 bohr⁻²   |
*sMTD  12 completed successfully ...        6 min, 27.847 sec
  :::::::::: starting static MTD  30 ::::::::::
  |   MD simulation time   :    29.0 ps       |
  |   target T             :   400.0 K        |
  |   timestep dt          :     5.0 fs       |
  |   dump interval(trj)   :   100.0 fs       |
  |   SHAKE algorithm      : true (all bonds) |
  |   Vbias prefactor (k)  :  0.0035 Eh       |
  |   Vbias exponent (α)   :  1.0000 bohr⁻²   |
*sMTD  36 completed successfully ...        6 min, 28.016 sec
  :::::::::: starting static MTD  35 ::::::::::
  |   MD simulation time   :    29.0 ps       |
  |   target T             :   400.0 K        |
  |   timestep dt          :     5.0 fs       |
  |   dump interval(trj)   :   100.0 fs       |
  |   SHAKE algorithm      : true (all bonds) |
  |   Vbias prefactor (k)  :  0.0035 Eh       |
  |   Vbias exponent (α)   :  1.0000 bohr⁻²   |
*sMTD  20 completed successfully ...        6 min, 10.562 sec
  :::::::::: starting static MTD  31 ::::::::::
  |   MD simulation time   :    29.0 ps       |
  |   target T             :   400.0 K        |
  |   timestep dt          :     5.0 fs       |
  |   dump interval(trj)   :   100.0 fs       |
  |   SHAKE algorithm      : true (all bonds) |
  |   Vbias prefactor (k)  :  0.0035 Eh       |
  |   Vbias exponent (α)   :  1.0000 bohr⁻²   |
*sMTD  23 completed successfully ...        6 min, 13.063 sec
  :::::::::: starting static MTD  32 ::::::::::
  |   MD simulation time   :    29.0 ps       |
  |   target T             :   400.0 K        |
  |   timestep dt          :     5.0 fs       |
  |   dump interval(trj)   :   100.0 fs       |
  |   SHAKE algorithm      : true (all bonds) |
  |   Vbias prefactor (k)  :  0.0035 Eh       |
  |   Vbias exponent (α)   :  1.0000 bohr⁻²   |
*sMTD  19 completed successfully ...        6 min, 16.878 sec
  :::::::::: starting static MTD  33 ::::::::::
  |   MD simulation time   :    29.0 ps       |
  |   target T             :   400.0 K        |
  |   timestep dt          :     5.0 fs       |
  |   dump interval(trj)   :   100.0 fs       |
  |   SHAKE algorithm      : true (all bonds) |
  |   Vbias prefactor (k)  :  0.0035 Eh       |
  |   Vbias exponent (α)   :  1.0000 bohr⁻²   |
*sMTD  18 completed successfully ...        6 min, 17.466 sec
  :::::::::: starting static MTD  34 ::::::::::
  |   MD simulation time   :    29.0 ps       |
  |   target T             :   400.0 K        |
  |   timestep dt          :     5.0 fs       |
  |   dump interval(trj)   :   100.0 fs       |
  |   SHAKE algorithm      : true (all bonds) |
  |   Vbias prefactor (k)  :  0.0035 Eh       |
  |   Vbias exponent (α)   :  1.0000 bohr⁻²   |
*sMTD  22 completed successfully ...        6 min, 16.064 sec
*sMTD  27 completed successfully ...        6 min, 13.957 sec
*sMTD  16 completed successfully ...        6 min, 21.810 sec
*sMTD  17 completed successfully ...        6 min, 23.392 sec
*sMTD  24 completed successfully ...        6 min, 20.225 sec
*sMTD  25 completed successfully ...        6 min, 19.993 sec
*sMTD  28 completed successfully ...        6 min, 19.197 sec
*sMTD  29 completed successfully ...        6 min, 19.487 sec
*sMTD  21 completed successfully ...        6 min, 25.576 sec
*sMTD  30 completed successfully ...        6 min, 18.124 sec
*sMTD  26 completed successfully ...        6 min, 26.313 sec
*sMTD  35 completed successfully ...        6 min, 22.971 sec
*sMTD  33 completed successfully ...        5 min, 17.144 sec
*sMTD  34 completed successfully ...        5 min, 16.885 sec
*sMTD  31 completed successfully ...        5 min, 24.616 sec
*sMTD  32 completed successfully ...        5 min, 25.196 sec

 ======================================
 |  Multilevel Ensemble Optimization  |
 ======================================
 Optimizing all 10404 structures from file "crest_rotamers_0.xyz" ...
 ----------------------
 crude pre-optimization
 ----------------------
 Optimization engine: ANCOPT
 Hessian update type: BFGS
 E/G convergence criteria:  0.500E-03 Eh, 0.100E-01 Eh/a0
 maximum optimization steps: 200
 |>0.0% |>2.5% |>5.0% |>7.5% |>10.0% |>12.5% |>15.0% |>17.5% |>20.0% |>22.5% |>25.0% |>27.5% |>30.0% |>32.5% |>35.0% |>37.5% |>40.0% |>42.5% |>45.0% |>47.5% |>50.0% |>52.5% |>55.0% |>57.5% |>60.0% |>62.5% |>65.0% |>67.5% |>70.0% |>72.5% |>75.0% |>77.5% |>80.0% |>82.5% |>85.0% |>87.5% |>90.0% |>92.5% |>95.0% |>97.5% |>100.0%
 done.
> 10404 of 10404 structures successfully optimized (100.0% success)
> Total runtime for 10404 optimizations:
 * wall-time:     0 d,  0 h,  7 min, 47.439 sec
 *  cpu-time:     0 d,  2 h,  3 min, 47.959 sec
 * ratio c/w:    15.891 speedup
> Corresponding to approximately 0.045 sec per processed structure

CREGEN> running RMSDs ... done.
CREGEN> E lowest :   -65.93467
 10154 structures remain within    12.00 kcal/mol window
 ---------------------------------------
 optimization with very tight thresholds
 ---------------------------------------
 Optimization engine: ANCOPT
 Hessian update type: BFGS
 E/G convergence criteria:  0.100E-06 Eh, 0.200E-03 Eh/a0
 maximum optimization steps: 200
 |>0.0% |>2.5% |>5.0% |>7.5% |>10.0% |>12.5% |>15.0% |>17.5% |>20.0% |>22.5% |>25.0% |>27.5% |>30.0% |>32.5% |>35.0% |>37.5% |>40.0% |>42.5% |>45.0% |>47.5% |>50.0% |>52.5% |>55.0% |>57.5% |>60.0% |>62.5% |>65.0% |>67.5% |>70.0% |>72.5% |>75.0% |>77.5% |>80.0% |>82.5% |>85.0% |>87.5% |>90.0% |>92.5% |>95.0% |>97.5% |>100.0%
 done.
> 9258 of 10154 structures successfully optimized (91.2% success)
> Total runtime for 10154 optimizations:
 * wall-time:     0 d,  1 h,  5 min, 17.099 sec
 *  cpu-time:     0 d, 17 h, 21 min, 18.804 sec
 * ratio c/w:    15.950 speedup
> Corresponding to approximately 0.386 sec per processed structure

CREGEN> running RMSDs ... done.
CREGEN> E lowest :   -65.93525
 2750 structures remain within     6.00 kcal/mol window
CREGEN> running RMSDs ... done.
CREGEN> E lowest :   -65.93525

 Static MTD simulation iteration 2 finished
 A total of 4541 conformers (+ 6.47%) in crest_conformers.xyz
 S(approx.) =   13.028621 cal/molK (dS = 1.08%)
 Convergence w.r.t. conformers: F
 Convergence w.r.t. entropy   : F

     H(298.15K)-H(0) (conf)      1.408176
                   Cp(conf)      4.846069
                    S(conf)     13.023908

********************************************************************************
**                     I T E R A T I O N    C Y C L E      3                  **
********************************************************************************
 -------------------------------------------
 determining bias structures via PCA/k-Means
 -------------------------------------------

 29 structures were selected
 done.

 -----------------------------------------------
 determining MTD seed structures via PCA/k-Means
 -----------------------------------------------

 36 structures were selected
 done.


 ===========================================================
 Static MTDs (umbrella sampling) on 36 selected conformer(s)
 ===========================================================
> Using 29 constant RMSD bias potentials per MTD
  :::::::::: starting static MTD   1 ::::::::::
  |   MD simulation time   :    29.0 ps       |
  |   target T             :   400.0 K        |
  |   timestep dt          :     5.0 fs       |
  |   dump interval(trj)   :   100.0 fs       |
  |   SHAKE algorithm      : true (all bonds) |
  |   Vbias prefactor (k)  :  0.0035 Eh       |
  |   Vbias exponent (α)   :  1.0000 bohr⁻²   |
  :::::::::: starting static MTD   6 ::::::::::
  |   MD simulation time   :    29.0 ps       |
  |   target T             :   400.0 K        |
  |   timestep dt          :     5.0 fs       |
  |   dump interval(trj)   :   100.0 fs       |
  |   SHAKE algorithm      : true (all bonds) |
  |   Vbias prefactor (k)  :  0.0035 Eh       |
  |   Vbias exponent (α)   :  1.0000 bohr⁻²   |
  :::::::::: starting static MTD   5 ::::::::::
  |   MD simulation time   :    29.0 ps       |
  |   target T             :   400.0 K        |
  |   timestep dt          :     5.0 fs       |
  |   dump interval(trj)   :   100.0 fs       |
  |   SHAKE algorithm      : true (all bonds) |
  |   Vbias prefactor (k)  :  0.0035 Eh       |
  |   Vbias exponent (α)   :  1.0000 bohr⁻²   |
  :::::::::: starting static MTD   3 ::::::::::
  |   MD simulation time   :    29.0 ps       |
  |   target T             :   400.0 K        |
  |   timestep dt          :     5.0 fs       |
  |   dump interval(trj)   :   100.0 fs       |
  |   SHAKE algorithm      : true (all bonds) |
  |   Vbias prefactor (k)  :  0.0035 Eh       |
  |   Vbias exponent (α)   :  1.0000 bohr⁻²   |
  :::::::::: starting static MTD   2 ::::::::::
  |   MD simulation time   :    29.0 ps       |
  |   target T             :   400.0 K        |
  |   timestep dt          :     5.0 fs       |
  |   dump interval(trj)   :   100.0 fs       |
  |   SHAKE algorithm      : true (all bonds) |
  |   Vbias prefactor (k)  :  0.0035 Eh       |
  |   Vbias exponent (α)   :  1.0000 bohr⁻²   |
  :::::::::: starting static MTD  36 ::::::::::
  |   MD simulation time   :    29.0 ps       |
  |   target T             :   400.0 K        |
  |   timestep dt          :     5.0 fs       |
  |   dump interval(trj)   :   100.0 fs       |
  |   SHAKE algorithm      : true (all bonds) |
  |   Vbias prefactor (k)  :  0.0035 Eh       |
  |   Vbias exponent (α)   :  1.0000 bohr⁻²   |
  :::::::::: starting static MTD  10 ::::::::::
  |   MD simulation time   :    29.0 ps       |
  |   target T             :   400.0 K        |
  |   timestep dt          :     5.0 fs       |
  |   dump interval(trj)   :   100.0 fs       |
  |   SHAKE algorithm      : true (all bonds) |
  |   Vbias prefactor (k)  :  0.0035 Eh       |
  |   Vbias exponent (α)   :  1.0000 bohr⁻²   |
  :::::::::: starting static MTD   8 ::::::::::
  |   MD simulation time   :    29.0 ps       |
  |   target T             :   400.0 K        |
  |   timestep dt          :     5.0 fs       |
  |   dump interval(trj)   :   100.0 fs       |
  |   SHAKE algorithm      : true (all bonds) |
  |   Vbias prefactor (k)  :  0.0035 Eh       |
  |   Vbias exponent (α)   :  1.0000 bohr⁻²   |
  :::::::::: starting static MTD   7 ::::::::::
  |   MD simulation time   :    29.0 ps       |
  |   target T             :   400.0 K        |
  |   timestep dt          :     5.0 fs       |
  |   dump interval(trj)   :   100.0 fs       |
  |   SHAKE algorithm      : true (all bonds) |
  |   Vbias prefactor (k)  :  0.0035 Eh       |
  |   Vbias exponent (α)   :  1.0000 bohr⁻²   |
  :::::::::: starting static MTD   4 ::::::::::
  |   MD simulation time   :    29.0 ps       |
  |   target T             :   400.0 K        |
  |   timestep dt          :     5.0 fs       |
  |   dump interval(trj)   :   100.0 fs       |
  |   SHAKE algorithm      : true (all bonds) |
  |   Vbias prefactor (k)  :  0.0035 Eh       |
  |   Vbias exponent (α)   :  1.0000 bohr⁻²   |
  :::::::::: starting static MTD   9 ::::::::::
  |   MD simulation time   :    29.0 ps       |
  |   target T             :   400.0 K        |
  |   timestep dt          :     5.0 fs       |
  |   dump interval(trj)   :   100.0 fs       |
  |   SHAKE algorithm      : true (all bonds) |
  |   Vbias prefactor (k)  :  0.0035 Eh       |
  |   Vbias exponent (α)   :  1.0000 bohr⁻²   |
  :::::::::: starting static MTD  13 ::::::::::
  |   MD simulation time   :    29.0 ps       |
  |   target T             :   400.0 K        |
  |   timestep dt          :     5.0 fs       |
  |   dump interval(trj)   :   100.0 fs       |
  |   SHAKE algorithm      : true (all bonds) |
  |   Vbias prefactor (k)  :  0.0035 Eh       |
  |   Vbias exponent (α)   :  1.0000 bohr⁻²   |
  :::::::::: starting static MTD  14 ::::::::::
  |   MD simulation time   :    29.0 ps       |
  |   target T             :   400.0 K        |
  |   timestep dt          :     5.0 fs       |
  |   dump interval(trj)   :   100.0 fs       |
  |   SHAKE algorithm      : true (all bonds) |
  |   Vbias prefactor (k)  :  0.0035 Eh       |
  |   Vbias exponent (α)   :  1.0000 bohr⁻²   |
  :::::::::: starting static MTD  11 ::::::::::
  |   MD simulation time   :    29.0 ps       |
  |   target T             :   400.0 K        |
  |   timestep dt          :     5.0 fs       |
  |   dump interval(trj)   :   100.0 fs       |
  |   SHAKE algorithm      : true (all bonds) |
  |   Vbias prefactor (k)  :  0.0035 Eh       |
  |   Vbias exponent (α)   :  1.0000 bohr⁻²   |
  :::::::::: starting static MTD  12 ::::::::::
  |   MD simulation time   :    29.0 ps       |
  |   target T             :   400.0 K        |
  |   timestep dt          :     5.0 fs       |
  |   dump interval(trj)   :   100.0 fs       |
  |   SHAKE algorithm      : true (all bonds) |
  |   Vbias prefactor (k)  :  0.0035 Eh       |
  |   Vbias exponent (α)   :  1.0000 bohr⁻²   |
  :::::::::: starting static MTD  15 ::::::::::
  |   MD simulation time   :    29.0 ps       |
  |   target T             :   400.0 K        |
  |   timestep dt          :     5.0 fs       |
  |   dump interval(trj)   :   100.0 fs       |
  |   SHAKE algorithm      : true (all bonds) |
  |   Vbias prefactor (k)  :  0.0035 Eh       |
  |   Vbias exponent (α)   :  1.0000 bohr⁻²   |
*sMTD  12 completed successfully ...        6 min, 13.256 sec
  :::::::::: starting static MTD  16 ::::::::::
  |   MD simulation time   :    29.0 ps       |
  |   target T             :   400.0 K        |
  |   timestep dt          :     5.0 fs       |
  |   dump interval(trj)   :   100.0 fs       |
  |   SHAKE algorithm      : true (all bonds) |
  |   Vbias prefactor (k)  :  0.0035 Eh       |
  |   Vbias exponent (α)   :  1.0000 bohr⁻²   |
*sMTD   3 completed successfully ...        6 min, 14.673 sec
  :::::::::: starting static MTD  17 ::::::::::
  |   MD simulation time   :    29.0 ps       |
  |   target T             :   400.0 K        |
  |   timestep dt          :     5.0 fs       |
  |   dump interval(trj)   :   100.0 fs       |
  |   SHAKE algorithm      : true (all bonds) |
  |   Vbias prefactor (k)  :  0.0035 Eh       |
  |   Vbias exponent (α)   :  1.0000 bohr⁻²   |
*sMTD   5 completed successfully ...        6 min, 15.304 sec
  :::::::::: starting static MTD  18 ::::::::::
  |   MD simulation time   :    29.0 ps       |
  |   target T             :   400.0 K        |
  |   timestep dt          :     5.0 fs       |
  |   dump interval(trj)   :   100.0 fs       |
  |   SHAKE algorithm      : true (all bonds) |
  |   Vbias prefactor (k)  :  0.0035 Eh       |
  |   Vbias exponent (α)   :  1.0000 bohr⁻²   |
*sMTD  11 completed successfully ...        6 min, 15.571 sec
  :::::::::: starting static MTD  19 ::::::::::
  |   MD simulation time   :    29.0 ps       |
  |   target T             :   400.0 K        |
  |   timestep dt          :     5.0 fs       |
  |   dump interval(trj)   :   100.0 fs       |
  |   SHAKE algorithm      : true (all bonds) |
  |   Vbias prefactor (k)  :  0.0035 Eh       |
  |   Vbias exponent (α)   :  1.0000 bohr⁻²   |
*sMTD   4 completed successfully ...        6 min, 16.858 sec
  :::::::::: starting static MTD  20 ::::::::::
  |   MD simulation time   :    29.0 ps       |
  |   target T             :   400.0 K        |
  |   timestep dt          :     5.0 fs       |
  |   dump interval(trj)   :   100.0 fs       |
  |   SHAKE algorithm      : true (all bonds) |
  |   Vbias prefactor (k)  :  0.0035 Eh       |
  |   Vbias exponent (α)   :  1.0000 bohr⁻²   |
*sMTD   1 completed successfully ...        6 min, 18.198 sec
  :::::::::: starting static MTD  21 ::::::::::
  |   MD simulation time   :    29.0 ps       |
  |   target T             :   400.0 K        |
  |   timestep dt          :     5.0 fs       |
  |   dump interval(trj)   :   100.0 fs       |
  |   SHAKE algorithm      : true (all bonds) |
  |   Vbias prefactor (k)  :  0.0035 Eh       |
  |   Vbias exponent (α)   :  1.0000 bohr⁻²   |
*sMTD  10 completed successfully ...        6 min, 18.604 sec
  :::::::::: starting static MTD  22 ::::::::::
  |   MD simulation time   :    29.0 ps       |
  |   target T             :   400.0 K        |
  |   timestep dt          :     5.0 fs       |
  |   dump interval(trj)   :   100.0 fs       |
  |   SHAKE algorithm      : true (all bonds) |
  |   Vbias prefactor (k)  :  0.0035 Eh       |
  |   Vbias exponent (α)   :  1.0000 bohr⁻²   |
*sMTD  13 completed successfully ...        6 min, 18.638 sec
  :::::::::: starting static MTD  23 ::::::::::
  |   MD simulation time   :    29.0 ps       |
  |   target T             :   400.0 K        |
  |   timestep dt          :     5.0 fs       |
  |   dump interval(trj)   :   100.0 fs       |
  |   SHAKE algorithm      : true (all bonds) |
  |   Vbias prefactor (k)  :  0.0035 Eh       |
  |   Vbias exponent (α)   :  1.0000 bohr⁻²   |
*sMTD   9 completed successfully ...        6 min, 19.730 sec
  :::::::::: starting static MTD  24 ::::::::::
  |   MD simulation time   :    29.0 ps       |
  |   target T             :   400.0 K        |
  |   timestep dt          :     5.0 fs       |
  |   dump interval(trj)   :   100.0 fs       |
  |   SHAKE algorithm      : true (all bonds) |
  |   Vbias prefactor (k)  :  0.0035 Eh       |
  |   Vbias exponent (α)   :  1.0000 bohr⁻²   |
*sMTD  15 completed successfully ...        6 min, 21.304 sec
  :::::::::: starting static MTD  25 ::::::::::
  |   MD simulation time   :    29.0 ps       |
  |   target T             :   400.0 K        |
  |   timestep dt          :     5.0 fs       |
  |   dump interval(trj)   :   100.0 fs       |
  |   SHAKE algorithm      : true (all bonds) |
  |   Vbias prefactor (k)  :  0.0035 Eh       |
  |   Vbias exponent (α)   :  1.0000 bohr⁻²   |
*sMTD   8 completed successfully ...        6 min, 21.535 sec
  :::::::::: starting static MTD  26 ::::::::::
  |   MD simulation time   :    29.0 ps       |
  |   target T             :   400.0 K        |
  |   timestep dt          :     5.0 fs       |
  |   dump interval(trj)   :   100.0 fs       |
  |   SHAKE algorithm      : true (all bonds) |
  |   Vbias prefactor (k)  :  0.0035 Eh       |
  |   Vbias exponent (α)   :  1.0000 bohr⁻²   |
*sMTD  36 completed successfully ...        6 min, 21.734 sec
  :::::::::: starting static MTD  35 ::::::::::
  |   MD simulation time   :    29.0 ps       |
  |   target T             :   400.0 K        |
  |   timestep dt          :     5.0 fs       |
  |   dump interval(trj)   :   100.0 fs       |
  |   SHAKE algorithm      : true (all bonds) |
  |   Vbias prefactor (k)  :  0.0035 Eh       |
  |   Vbias exponent (α)   :  1.0000 bohr⁻²   |
*sMTD  14 completed successfully ...        6 min, 22.460 sec
  :::::::::: starting static MTD  27 ::::::::::
  |   MD simulation time   :    29.0 ps       |
  |   target T             :   400.0 K        |
  |   timestep dt          :     5.0 fs       |
  |   dump interval(trj)   :   100.0 fs       |
  |   SHAKE algorithm      : true (all bonds) |
  |   Vbias prefactor (k)  :  0.0035 Eh       |
  |   Vbias exponent (α)   :  1.0000 bohr⁻²   |
*sMTD   7 completed successfully ...        6 min, 22.920 sec
  :::::::::: starting static MTD  28 ::::::::::
  |   MD simulation time   :    29.0 ps       |
  |   target T             :   400.0 K        |
  |   timestep dt          :     5.0 fs       |
  |   dump interval(trj)   :   100.0 fs       |
  |   SHAKE algorithm      : true (all bonds) |
  |   Vbias prefactor (k)  :  0.0035 Eh       |
  |   Vbias exponent (α)   :  1.0000 bohr⁻²   |
*sMTD   6 completed successfully ...        6 min, 23.063 sec
  :::::::::: starting static MTD  29 ::::::::::
  |   MD simulation time   :    29.0 ps       |
  |   target T             :   400.0 K        |
  |   timestep dt          :     5.0 fs       |
  |   dump interval(trj)   :   100.0 fs       |
  |   SHAKE algorithm      : true (all bonds) |
  |   Vbias prefactor (k)  :  0.0035 Eh       |
  |   Vbias exponent (α)   :  1.0000 bohr⁻²   |
*sMTD   2 completed successfully ...        6 min, 24.446 sec
  :::::::::: starting static MTD  30 ::::::::::
  |   MD simulation time   :    29.0 ps       |
  |   target T             :   400.0 K        |
  |   timestep dt          :     5.0 fs       |
  |   dump interval(trj)   :   100.0 fs       |
  |   SHAKE algorithm      : true (all bonds) |
  |   Vbias prefactor (k)  :  0.0035 Eh       |
  |   Vbias exponent (α)   :  1.0000 bohr⁻²   |
*sMTD  16 completed successfully ...        6 min, 15.902 sec
  :::::::::: starting static MTD  31 ::::::::::
  |   MD simulation time   :    29.0 ps       |
  |   target T             :   400.0 K        |
  |   timestep dt          :     5.0 fs       |
  |   dump interval(trj)   :   100.0 fs       |
  |   SHAKE algorithm      : true (all bonds) |
  |   Vbias prefactor (k)  :  0.0035 Eh       |
  |   Vbias exponent (α)   :  1.0000 bohr⁻²   |
*sMTD  17 completed successfully ...        6 min, 16.016 sec
  :::::::::: starting static MTD  32 ::::::::::
  |   MD simulation time   :    29.0 ps       |
  |   target T             :   400.0 K        |
  |   timestep dt          :     5.0 fs       |
  |   dump interval(trj)   :   100.0 fs       |
  |   SHAKE algorithm      : true (all bonds) |
  |   Vbias prefactor (k)  :  0.0035 Eh       |
  |   Vbias exponent (α)   :  1.0000 bohr⁻²   |
*sMTD  18 completed successfully ...        6 min, 17.079 sec
  :::::::::: starting static MTD  33 ::::::::::
  |   MD simulation time   :    29.0 ps       |
  |   target T             :   400.0 K        |
  |   timestep dt          :     5.0 fs       |
  |   dump interval(trj)   :   100.0 fs       |
  |   SHAKE algorithm      : true (all bonds) |
  |   Vbias prefactor (k)  :  0.0035 Eh       |
  |   Vbias exponent (α)   :  1.0000 bohr⁻²   |
*sMTD  21 completed successfully ...        6 min, 15.176 sec
  :::::::::: starting static MTD  34 ::::::::::
  |   MD simulation time   :    29.0 ps       |
  |   target T             :   400.0 K        |
  |   timestep dt          :     5.0 fs       |
  |   dump interval(trj)   :   100.0 fs       |
  |   SHAKE algorithm      : true (all bonds) |
  |   Vbias prefactor (k)  :  0.0035 Eh       |
  |   Vbias exponent (α)   :  1.0000 bohr⁻²   |
*sMTD  19 completed successfully ...        6 min, 17.840 sec
*sMTD  20 completed successfully ...        6 min, 17.660 sec
*sMTD  26 completed successfully ...        6 min, 15.937 sec
*sMTD  22 completed successfully ...        6 min, 20.093 sec
*sMTD  25 completed successfully ...        6 min, 17.730 sec
*sMTD  28 completed successfully ...        6 min, 16.202 sec
*sMTD  27 completed successfully ...        6 min, 17.204 sec
*sMTD  23 completed successfully ...        6 min, 22.500 sec
*sMTD  24 completed successfully ...        6 min, 21.479 sec
*sMTD  35 completed successfully ...        6 min, 20.116 sec
*sMTD  30 completed successfully ...        6 min, 18.909 sec
*sMTD  29 completed successfully ...        6 min, 22.133 sec
*sMTD  33 completed successfully ...        5 min, 11.544 sec
*sMTD  31 completed successfully ...        5 min, 16.028 sec
*sMTD  34 completed successfully ...        5 min, 13.845 sec
*sMTD  32 completed successfully ...        5 min, 29.773 sec

 ======================================
 |  Multilevel Ensemble Optimization  |
 ======================================
 Optimizing all 10404 structures from file "crest_rotamers_0.xyz" ...
 ----------------------
 crude pre-optimization
 ----------------------
 Optimization engine: ANCOPT
 Hessian update type: BFGS
 E/G convergence criteria:  0.500E-03 Eh, 0.100E-01 Eh/a0
 maximum optimization steps: 200
 |>0.0% |>2.5% |>5.0% |>7.5% |>10.0% |>12.5% |>15.0% |>17.5% |>20.0% |>22.5% |>25.0% |>27.5% |>30.0% |>32.5% |>35.0% |>37.5% |>40.0% |>42.5% |>45.0% |>47.5% |>50.0% |>52.5% |>55.0% |>57.5% |>60.0% |>62.5% |>65.0% |>67.5% |>70.0% |>72.5% |>75.0% |>77.5% |>80.0% |>82.5% |>85.0% |>87.5% |>90.0% |>92.5% |>95.0% |>97.5% |>100.0%
 done.
> 10404 of 10404 structures successfully optimized (100.0% success)
> Total runtime for 10404 optimizations:
 * wall-time:     0 d,  0 h,  7 min, 41.878 sec
 *  cpu-time:     0 d,  2 h,  2 min, 27.253 sec
 * ratio c/w:    15.907 speedup
> Corresponding to approximately 0.044 sec per processed structure

CREGEN> running RMSDs ... done.
CREGEN> E lowest :   -65.93470
 10121 structures remain within    12.00 kcal/mol window
 ---------------------------------------
 optimization with very tight thresholds
 ---------------------------------------
 Optimization engine: ANCOPT
 Hessian update type: BFGS
 E/G convergence criteria:  0.100E-06 Eh, 0.200E-03 Eh/a0
 maximum optimization steps: 200
 |>0.0% |>2.5% |>5.0% |>7.5% |>10.0% |>12.5% |>15.0% |>17.5% |>20.0% |>22.5% |>25.0% |>27.5% |>30.0% |>32.5% |>35.0% |>37.5% |>40.0% |>42.5% |>45.0% |>47.5% |>50.0% |>52.5% |>55.0% |>57.5% |>60.0% |>62.5% |>65.0% |>67.5% |>70.0% |>72.5% |>75.0% |>77.5% |>80.0% |>82.5% |>85.0% |>87.5% |>90.0% |>92.5% |>95.0% |>97.5% |>100.0%
 done.
> 9303 of 10121 structures successfully optimized (91.9% success)
> Total runtime for 10121 optimizations:
 * wall-time:     0 d,  1 h,  4 min, 37.047 sec
 *  cpu-time:     0 d, 17 h, 10 min,  4.054 sec
 * ratio c/w:    15.941 speedup
> Corresponding to approximately 0.383 sec per processed structure

CREGEN> running RMSDs ... done.
CREGEN> E lowest :   -65.93525
 2650 structures remain within     6.00 kcal/mol window
CREGEN> running RMSDs ... done.
CREGEN> E lowest :   -65.93525

 Static MTD simulation iteration 3 finished
 A total of 4757 conformers (+ 4.54%) in crest_conformers.xyz
 S(approx.) =   13.148425 cal/molK (dS = 0.91%)
 Convergence w.r.t. conformers: F
 Convergence w.r.t. entropy   : F

     H(298.15K)-H(0) (conf)      1.436543
                   Cp(conf)      4.871696
                    S(conf)     13.143702

********************************************************************************
**                     I T E R A T I O N    C Y C L E      4                  **
********************************************************************************
 -------------------------------------------
 determining bias structures via PCA/k-Means
 -------------------------------------------

 36 structures were selected
 done.

 -----------------------------------------------
 determining MTD seed structures via PCA/k-Means
 -----------------------------------------------

 36 structures were selected
 done.


 ===========================================================
 Static MTDs (umbrella sampling) on 36 selected conformer(s)
 ===========================================================
> Using 36 constant RMSD bias potentials per MTD
  :::::::::: starting static MTD   1 ::::::::::
  |   MD simulation time   :    29.0 ps       |
  |   target T             :   400.0 K        |
  |   timestep dt          :     5.0 fs       |
  |   dump interval(trj)   :   100.0 fs       |
  |   SHAKE algorithm      : true (all bonds) |
  |   Vbias prefactor (k)  :  0.0035 Eh       |
  |   Vbias exponent (α)   :  1.0000 bohr⁻²   |
  :::::::::: starting static MTD  36 ::::::::::
  |   MD simulation time   :    29.0 ps       |
  |   target T             :   400.0 K        |
  |   timestep dt          :     5.0 fs       |
  |   dump interval(trj)   :   100.0 fs       |
  |   SHAKE algorithm      : true (all bonds) |
  |   Vbias prefactor (k)  :  0.0035 Eh       |
  |   Vbias exponent (α)   :  1.0000 bohr⁻²   |
  :::::::::: starting static MTD   7 ::::::::::
  |   MD simulation time   :    29.0 ps       |
  |   target T             :   400.0 K        |
  |   timestep dt          :     5.0 fs       |
  |   dump interval(trj)   :   100.0 fs       |
  |   SHAKE algorithm      : true (all bonds) |
  |   Vbias prefactor (k)  :  0.0035 Eh       |
  |   Vbias exponent (α)   :  1.0000 bohr⁻²   |
  :::::::::: starting static MTD   2 ::::::::::
  |   MD simulation time   :    29.0 ps       |
  |   target T             :   400.0 K        |
  |   timestep dt          :     5.0 fs       |
  |   dump interval(trj)   :   100.0 fs       |
  |   SHAKE algorithm      : true (all bonds) |
  |   Vbias prefactor (k)  :  0.0035 Eh       |
  |   Vbias exponent (α)   :  1.0000 bohr⁻²   |
  :::::::::: starting static MTD   9 ::::::::::
  |   MD simulation time   :    29.0 ps       |
  |   target T             :   400.0 K        |
  |   timestep dt          :     5.0 fs       |
  |   dump interval(trj)   :   100.0 fs       |
  |   SHAKE algorithm      : true (all bonds) |
  |   Vbias prefactor (k)  :  0.0035 Eh       |
  |   Vbias exponent (α)   :  1.0000 bohr⁻²   |
  :::::::::: starting static MTD   4 ::::::::::
  |   MD simulation time   :    29.0 ps       |
  |   target T             :   400.0 K        |
  |   timestep dt          :     5.0 fs       |
  |   dump interval(trj)   :   100.0 fs       |
  |   SHAKE algorithm      : true (all bonds) |
  |   Vbias prefactor (k)  :  0.0035 Eh       |
  |   Vbias exponent (α)   :  1.0000 bohr⁻²   |
  :::::::::: starting static MTD   8 ::::::::::
  |   MD simulation time   :    29.0 ps       |
  |   target T             :   400.0 K        |
  |   timestep dt          :     5.0 fs       |
  |   dump interval(trj)   :   100.0 fs       |
  |   SHAKE algorithm      : true (all bonds) |
  |   Vbias prefactor (k)  :  0.0035 Eh       |
  |   Vbias exponent (α)   :  1.0000 bohr⁻²   |
  :::::::::: starting static MTD  14 ::::::::::
  |   MD simulation time   :    29.0 ps       |
  |   target T             :   400.0 K        |
  |   timestep dt          :     5.0 fs       |
  |   dump interval(trj)   :   100.0 fs       |
  |   SHAKE algorithm      : true (all bonds) |
  |   Vbias prefactor (k)  :  0.0035 Eh       |
  |   Vbias exponent (α)   :  1.0000 bohr⁻²   |
  :::::::::: starting static MTD  10 ::::::::::
  |   MD simulation time   :    29.0 ps       |
  |   target T             :   400.0 K        |
  |   timestep dt          :     5.0 fs       |
  |   dump interval(trj)   :   100.0 fs       |
  |   SHAKE algorithm      : true (all bonds) |
  |   Vbias prefactor (k)  :  0.0035 Eh       |
  |   Vbias exponent (α)   :  1.0000 bohr⁻²   |
  :::::::::: starting static MTD   6 ::::::::::
  |   MD simulation time   :    29.0 ps       |
  |   target T             :   400.0 K        |
  |   timestep dt          :     5.0 fs       |
  |   dump interval(trj)   :   100.0 fs       |
  |   SHAKE algorithm      : true (all bonds) |
  |   Vbias prefactor (k)  :  0.0035 Eh       |
  |   Vbias exponent (α)   :  1.0000 bohr⁻²   |
  :::::::::: starting static MTD  13 ::::::::::
  |   MD simulation time   :    29.0 ps       |
  |   target T             :   400.0 K        |
  |   timestep dt          :     5.0 fs       |
  |   dump interval(trj)   :   100.0 fs       |
  |   SHAKE algorithm      : true (all bonds) |
  |   Vbias prefactor (k)  :  0.0035 Eh       |
  |   Vbias exponent (α)   :  1.0000 bohr⁻²   |
  :::::::::: starting static MTD   5 ::::::::::
  |   MD simulation time   :    29.0 ps       |
  |   target T             :   400.0 K        |
  |   timestep dt          :     5.0 fs       |
  |   dump interval(trj)   :   100.0 fs       |
  |   SHAKE algorithm      : true (all bonds) |
  |   Vbias prefactor (k)  :  0.0035 Eh       |
  |   Vbias exponent (α)   :  1.0000 bohr⁻²   |
  :::::::::: starting static MTD   3 ::::::::::
  |   MD simulation time   :    29.0 ps       |
  |   target T             :   400.0 K        |
  |   timestep dt          :     5.0 fs       |
  |   dump interval(trj)   :   100.0 fs       |
  |   SHAKE algorithm      : true (all bonds) |
  |   Vbias prefactor (k)  :  0.0035 Eh       |
  |   Vbias exponent (α)   :  1.0000 bohr⁻²   |
  :::::::::: starting static MTD  12 ::::::::::
  |   MD simulation time   :    29.0 ps       |
  |   target T             :   400.0 K        |
  |   timestep dt          :     5.0 fs       |
  |   dump interval(trj)   :   100.0 fs       |
  |   SHAKE algorithm      : true (all bonds) |
  |   Vbias prefactor (k)  :  0.0035 Eh       |
  |   Vbias exponent (α)   :  1.0000 bohr⁻²   |
  :::::::::: starting static MTD  11 ::::::::::
  |   MD simulation time   :    29.0 ps       |
  |   target T             :   400.0 K        |
  |   timestep dt          :     5.0 fs       |
  |   dump interval(trj)   :   100.0 fs       |
  |   SHAKE algorithm      : true (all bonds) |
  |   Vbias prefactor (k)  :  0.0035 Eh       |
  |   Vbias exponent (α)   :  1.0000 bohr⁻²   |
  :::::::::: starting static MTD  15 ::::::::::
  |   MD simulation time   :    29.0 ps       |
  |   target T             :   400.0 K        |
  |   timestep dt          :     5.0 fs       |
  |   dump interval(trj)   :   100.0 fs       |
  |   SHAKE algorithm      : true (all bonds) |
  |   Vbias prefactor (k)  :  0.0035 Eh       |
  |   Vbias exponent (α)   :  1.0000 bohr⁻²   |
*sMTD   3 completed successfully ...        6 min, 13.181 sec
  :::::::::: starting static MTD  16 ::::::::::
  |   MD simulation time   :    29.0 ps       |
  |   target T             :   400.0 K        |
  |   timestep dt          :     5.0 fs       |
  |   dump interval(trj)   :   100.0 fs       |
  |   SHAKE algorithm      : true (all bonds) |
  |   Vbias prefactor (k)  :  0.0035 Eh       |
  |   Vbias exponent (α)   :  1.0000 bohr⁻²   |
*sMTD  11 completed successfully ...        6 min, 13.263 sec
  :::::::::: starting static MTD  17 ::::::::::
  |   MD simulation time   :    29.0 ps       |
  |   target T             :   400.0 K        |
  |   timestep dt          :     5.0 fs       |
  |   dump interval(trj)   :   100.0 fs       |
  |   SHAKE algorithm      : true (all bonds) |
  |   Vbias prefactor (k)  :  0.0035 Eh       |
  |   Vbias exponent (α)   :  1.0000 bohr⁻²   |
*sMTD   7 completed successfully ...        6 min, 13.748 sec
  :::::::::: starting static MTD  18 ::::::::::
  |   MD simulation time   :    29.0 ps       |
  |   target T             :   400.0 K        |
  |   timestep dt          :     5.0 fs       |
  |   dump interval(trj)   :   100.0 fs       |
  |   SHAKE algorithm      : true (all bonds) |
  |   Vbias prefactor (k)  :  0.0035 Eh       |
  |   Vbias exponent (α)   :  1.0000 bohr⁻²   |
*sMTD   8 completed successfully ...        6 min, 14.506 sec
  :::::::::: starting static MTD  19 ::::::::::
  |   MD simulation time   :    29.0 ps       |
  |   target T             :   400.0 K        |
  |   timestep dt          :     5.0 fs       |
  |   dump interval(trj)   :   100.0 fs       |
  |   SHAKE algorithm      : true (all bonds) |
  |   Vbias prefactor (k)  :  0.0035 Eh       |
  |   Vbias exponent (α)   :  1.0000 bohr⁻²   |
*sMTD  13 completed successfully ...        6 min, 16.537 sec
  :::::::::: starting static MTD  20 ::::::::::
  |   MD simulation time   :    29.0 ps       |
  |   target T             :   400.0 K        |
  |   timestep dt          :     5.0 fs       |
  |   dump interval(trj)   :   100.0 fs       |
  |   SHAKE algorithm      : true (all bonds) |
  |   Vbias prefactor (k)  :  0.0035 Eh       |
  |   Vbias exponent (α)   :  1.0000 bohr⁻²   |
*sMTD   5 completed successfully ...        6 min, 16.688 sec
  :::::::::: starting static MTD  21 ::::::::::
  |   MD simulation time   :    29.0 ps       |
  |   target T             :   400.0 K        |
  |   timestep dt          :     5.0 fs       |
  |   dump interval(trj)   :   100.0 fs       |
  |   SHAKE algorithm      : true (all bonds) |
  |   Vbias prefactor (k)  :  0.0035 Eh       |
  |   Vbias exponent (α)   :  1.0000 bohr⁻²   |
*sMTD  15 completed successfully ...        6 min, 16.942 sec
  :::::::::: starting static MTD  22 ::::::::::
  |   MD simulation time   :    29.0 ps       |
  |   target T             :   400.0 K        |
  |   timestep dt          :     5.0 fs       |
  |   dump interval(trj)   :   100.0 fs       |
  |   SHAKE algorithm      : true (all bonds) |
  |   Vbias prefactor (k)  :  0.0035 Eh       |
  |   Vbias exponent (α)   :  1.0000 bohr⁻²   |
*sMTD   6 completed successfully ...        6 min, 17.035 sec
  :::::::::: starting static MTD  23 ::::::::::
  |   MD simulation time   :    29.0 ps       |
  |   target T             :   400.0 K        |
  |   timestep dt          :     5.0 fs       |
  |   dump interval(trj)   :   100.0 fs       |
  |   SHAKE algorithm      : true (all bonds) |
  |   Vbias prefactor (k)  :  0.0035 Eh       |
  |   Vbias exponent (α)   :  1.0000 bohr⁻²   |
*sMTD  14 completed successfully ...        6 min, 17.175 sec
  :::::::::: starting static MTD  24 ::::::::::
  |   MD simulation time   :    29.0 ps       |
  |   target T             :   400.0 K        |
  |   timestep dt          :     5.0 fs       |
  |   dump interval(trj)   :   100.0 fs       |
  |   SHAKE algorithm      : true (all bonds) |
  |   Vbias prefactor (k)  :  0.0035 Eh       |
  |   Vbias exponent (α)   :  1.0000 bohr⁻²   |
*sMTD   2 completed successfully ...        6 min, 18.326 sec
  :::::::::: starting static MTD  25 ::::::::::
  |   MD simulation time   :    29.0 ps       |
  |   target T             :   400.0 K        |
  |   timestep dt          :     5.0 fs       |
  |   dump interval(trj)   :   100.0 fs       |
  |   SHAKE algorithm      : true (all bonds) |
  |   Vbias prefactor (k)  :  0.0035 Eh       |
  |   Vbias exponent (α)   :  1.0000 bohr⁻²   |
*sMTD  10 completed successfully ...        6 min, 18.671 sec
  :::::::::: starting static MTD  26 ::::::::::
  |   MD simulation time   :    29.0 ps       |
  |   target T             :   400.0 K        |
  |   timestep dt          :     5.0 fs       |
  |   dump interval(trj)   :   100.0 fs       |
  |   SHAKE algorithm      : true (all bonds) |
  |   Vbias prefactor (k)  :  0.0035 Eh       |
  |   Vbias exponent (α)   :  1.0000 bohr⁻²   |
*sMTD  36 completed successfully ...        6 min, 18.934 sec
  :::::::::: starting static MTD  35 ::::::::::
  |   MD simulation time   :    29.0 ps       |
  |   target T             :   400.0 K        |
  |   timestep dt          :     5.0 fs       |
  |   dump interval(trj)   :   100.0 fs       |
  |   SHAKE algorithm      : true (all bonds) |
  |   Vbias prefactor (k)  :  0.0035 Eh       |
  |   Vbias exponent (α)   :  1.0000 bohr⁻²   |
*sMTD   1 completed successfully ...        6 min, 20.717 sec
  :::::::::: starting static MTD  27 ::::::::::
  |   MD simulation time   :    29.0 ps       |
  |   target T             :   400.0 K        |
  |   timestep dt          :     5.0 fs       |
  |   dump interval(trj)   :   100.0 fs       |
  |   SHAKE algorithm      : true (all bonds) |
  |   Vbias prefactor (k)  :  0.0035 Eh       |
  |   Vbias exponent (α)   :  1.0000 bohr⁻²   |
*sMTD   9 completed successfully ...        6 min, 21.529 sec
  :::::::::: starting static MTD  28 ::::::::::
  |   MD simulation time   :    29.0 ps       |
  |   target T             :   400.0 K        |
  |   timestep dt          :     5.0 fs       |
  |   dump interval(trj)   :   100.0 fs       |
  |   SHAKE algorithm      : true (all bonds) |
  |   Vbias prefactor (k)  :  0.0035 Eh       |
  |   Vbias exponent (α)   :  1.0000 bohr⁻²   |
*sMTD  12 completed successfully ...        6 min, 22.004 sec
  :::::::::: starting static MTD  29 ::::::::::
  |   MD simulation time   :    29.0 ps       |
  |   target T             :   400.0 K        |
  |   timestep dt          :     5.0 fs       |
  |   dump interval(trj)   :   100.0 fs       |
  |   SHAKE algorithm      : true (all bonds) |
  |   Vbias prefactor (k)  :  0.0035 Eh       |
  |   Vbias exponent (α)   :  1.0000 bohr⁻²   |
*sMTD   4 completed successfully ...        6 min, 24.270 sec
  :::::::::: starting static MTD  30 ::::::::::
  |   MD simulation time   :    29.0 ps       |
  |   target T             :   400.0 K        |
  |   timestep dt          :     5.0 fs       |
  |   dump interval(trj)   :   100.0 fs       |
  |   SHAKE algorithm      : true (all bonds) |
  |   Vbias prefactor (k)  :  0.0035 Eh       |
  |   Vbias exponent (α)   :  1.0000 bohr⁻²   |
*sMTD  18 completed successfully ...        6 min, 15.315 sec
  :::::::::: starting static MTD  31 ::::::::::
  |   MD simulation time   :    29.0 ps       |
  |   target T             :   400.0 K        |
  |   timestep dt          :     5.0 fs       |
  |   dump interval(trj)   :   100.0 fs       |
  |   SHAKE algorithm      : true (all bonds) |
  |   Vbias prefactor (k)  :  0.0035 Eh       |
  |   Vbias exponent (α)   :  1.0000 bohr⁻²   |
*sMTD  16 completed successfully ...        6 min, 17.743 sec
  :::::::::: starting static MTD  32 ::::::::::
  |   MD simulation time   :    29.0 ps       |
  |   target T             :   400.0 K        |
  |   timestep dt          :     5.0 fs       |
  |   dump interval(trj)   :   100.0 fs       |
  |   SHAKE algorithm      : true (all bonds) |
  |   Vbias prefactor (k)  :  0.0035 Eh       |
  |   Vbias exponent (α)   :  1.0000 bohr⁻²   |
*sMTD  17 completed successfully ...        6 min, 17.954 sec
  :::::::::: starting static MTD  33 ::::::::::
  |   MD simulation time   :    29.0 ps       |
  |   target T             :   400.0 K        |
  |   timestep dt          :     5.0 fs       |
  |   dump interval(trj)   :   100.0 fs       |
  |   SHAKE algorithm      : true (all bonds) |
  |   Vbias prefactor (k)  :  0.0035 Eh       |
  |   Vbias exponent (α)   :  1.0000 bohr⁻²   |
*sMTD  22 completed successfully ...        6 min, 15.579 sec
  :::::::::: starting static MTD  34 ::::::::::
  |   MD simulation time   :    29.0 ps       |
  |   target T             :   400.0 K        |
  |   timestep dt          :     5.0 fs       |
  |   dump interval(trj)   :   100.0 fs       |
  |   SHAKE algorithm      : true (all bonds) |
  |   Vbias prefactor (k)  :  0.0035 Eh       |
  |   Vbias exponent (α)   :  1.0000 bohr⁻²   |
*sMTD  20 completed successfully ...        6 min, 16.695 sec
*sMTD  19 completed successfully ...        6 min, 18.782 sec
*sMTD  24 completed successfully ...        6 min, 16.602 sec
*sMTD  26 completed successfully ...        6 min, 16.215 sec
*sMTD  21 completed successfully ...        6 min, 18.633 sec
*sMTD  23 completed successfully ...        6 min, 20.387 sec
*sMTD  25 completed successfully ...        6 min, 19.804 sec
*sMTD  28 completed successfully ...        6 min, 18.362 sec
*sMTD  30 completed successfully ...        6 min, 15.649 sec
*sMTD  27 completed successfully ...        6 min, 19.753 sec
*sMTD  35 completed successfully ...        6 min, 21.667 sec
*sMTD  29 completed successfully ...        6 min, 19.681 sec
*sMTD  31 completed successfully ...        5 min,  5.457 sec
*sMTD  34 completed successfully ...        5 min, 11.344 sec
*sMTD  32 completed successfully ...        5 min, 16.415 sec
*sMTD  33 completed successfully ...        5 min, 17.530 sec

 ======================================
 |  Multilevel Ensemble Optimization  |
 ======================================
 Optimizing all 10404 structures from file "crest_rotamers_0.xyz" ...
 ----------------------
 crude pre-optimization
 ----------------------
 Optimization engine: ANCOPT
 Hessian update type: BFGS
 E/G convergence criteria:  0.500E-03 Eh, 0.100E-01 Eh/a0
 maximum optimization steps: 200
 |>0.0% |>2.5% |>5.0% |>7.5% |>10.0% |>12.5% |>15.0% |>17.5% |>20.0% |>22.5% |>25.0% |>27.5% |>30.0% |>32.5% |>35.0% |>37.5% |>40.0% |>42.5% |>45.0% |>47.5% |>50.0% |>52.5% |>55.0% |>57.5% |>60.0% |>62.5% |>65.0% |>67.5% |>70.0% |>72.5% |>75.0% |>77.5% |>80.0% |>82.5% |>85.0% |>87.5% |>90.0% |>92.5% |>95.0% |>97.5% |>100.0%
 done.
> 10404 of 10404 structures successfully optimized (100.0% success)
> Total runtime for 10404 optimizations:
 * wall-time:     0 d,  0 h,  7 min, 40.810 sec
 *  cpu-time:     0 d,  2 h,  2 min,  5.311 sec
 * ratio c/w:    15.897 speedup
> Corresponding to approximately 0.044 sec per processed structure

CREGEN> running RMSDs ... done.
CREGEN> E lowest :   -65.93420
 10135 structures remain within    12.00 kcal/mol window
 ---------------------------------------
 optimization with very tight thresholds
 ---------------------------------------
 Optimization engine: ANCOPT
 Hessian update type: BFGS
 E/G convergence criteria:  0.100E-06 Eh, 0.200E-03 Eh/a0
 maximum optimization steps: 200
 |>0.0% |>2.5% |>5.0% |>7.5% |>10.0% |>12.5% |>15.0% |>17.5% |>20.0% |>22.5% |>25.0% |>27.5% |>30.0% |>32.5% |>35.0% |>37.5% |>40.0% |>42.5% |>45.0% |>47.5% |>50.0% |>52.5% |>55.0% |>57.5% |>60.0% |>62.5% |>65.0% |>67.5% |>70.0% |>72.5% |>75.0% |>77.5% |>80.0% |>82.5% |>85.0% |>87.5% |>90.0% |>92.5% |>95.0% |>97.5% |>100.0%
 done.
> 9279 of 10135 structures successfully optimized (91.6% success)
> Total runtime for 10135 optimizations:
 * wall-time:     0 d,  1 h,  6 min, 25.854 sec
 *  cpu-time:     0 d, 17 h, 38 min, 18.682 sec
 * ratio c/w:    15.931 speedup
> Corresponding to approximately 0.393 sec per processed structure

CREGEN> running RMSDs ... done.
CREGEN> E lowest :   -65.93525
 2845 structures remain within     6.00 kcal/mol window
CREGEN> running RMSDs ... done.
CREGEN> E lowest :   -65.93525

 Static MTD simulation iteration 4 finished
 A total of 4945 conformers (+ 3.80%) in crest_conformers.xyz
 S(approx.) =   13.247370 cal/molK (dS = 0.75%)
 Convergence w.r.t. conformers: F
 Convergence w.r.t. entropy   : F

     H(298.15K)-H(0) (conf)      1.470902
                   Cp(conf)      4.865681
                    S(conf)     13.242611

********************************************************************************
**                     I T E R A T I O N    C Y C L E      5                  **
********************************************************************************
 -------------------------------------------
 determining bias structures via PCA/k-Means
 -------------------------------------------

 45 structures were selected
 done.

 -----------------------------------------------
 determining MTD seed structures via PCA/k-Means
 -----------------------------------------------

 36 structures were selected
 done.


 ===========================================================
 Static MTDs (umbrella sampling) on 36 selected conformer(s)
 ===========================================================
> Using 45 constant RMSD bias potentials per MTD
  :::::::::: starting static MTD   1 ::::::::::
  |   MD simulation time   :    29.0 ps       |
  |   target T             :   400.0 K        |
  |   timestep dt          :     5.0 fs       |
  |   dump interval(trj)   :   100.0 fs       |
  |   SHAKE algorithm      : true (all bonds) |
  |   Vbias prefactor (k)  :  0.0035 Eh       |
  |   Vbias exponent (α)   :  1.0000 bohr⁻²   |
  :::::::::: starting static MTD   2 ::::::::::
  |   MD simulation time   :    29.0 ps       |
  |   target T             :   400.0 K        |
  |   timestep dt          :     5.0 fs       |
  |   dump interval(trj)   :   100.0 fs       |
  |   SHAKE algorithm      : true (all bonds) |
  |   Vbias prefactor (k)  :  0.0035 Eh       |
  |   Vbias exponent (α)   :  1.0000 bohr⁻²   |
  :::::::::: starting static MTD  36 ::::::::::
  |   MD simulation time   :    29.0 ps       |
  |   target T             :   400.0 K        |
  |   timestep dt          :     5.0 fs       |
  |   dump interval(trj)   :   100.0 fs       |
  |   SHAKE algorithm      : true (all bonds) |
  |   Vbias prefactor (k)  :  0.0035 Eh       |
  |   Vbias exponent (α)   :  1.0000 bohr⁻²   |
  :::::::::: starting static MTD   3 ::::::::::
  |   MD simulation time   :    29.0 ps       |
  |   target T             :   400.0 K        |
  |   timestep dt          :     5.0 fs       |
  |   dump interval(trj)   :   100.0 fs       |
  |   SHAKE algorithm      : true (all bonds) |
  |   Vbias prefactor (k)  :  0.0035 Eh       |
  |   Vbias exponent (α)   :  1.0000 bohr⁻²   |
  :::::::::: starting static MTD   9 ::::::::::
  |   MD simulation time   :    29.0 ps       |
  |   target T             :   400.0 K        |
  |   timestep dt          :     5.0 fs       |
  |   dump interval(trj)   :   100.0 fs       |
  |   SHAKE algorithm      : true (all bonds) |
  |   Vbias prefactor (k)  :  0.0035 Eh       |
  |   Vbias exponent (α)   :  1.0000 bohr⁻²   |
  :::::::::: starting static MTD   6 ::::::::::
  |   MD simulation time   :    29.0 ps       |
  |   target T             :   400.0 K        |
  |   timestep dt          :     5.0 fs       |
  |   dump interval(trj)   :   100.0 fs       |
  |   SHAKE algorithm      : true (all bonds) |
  |   Vbias prefactor (k)  :  0.0035 Eh       |
  |   Vbias exponent (α)   :  1.0000 bohr⁻²   |
  :::::::::: starting static MTD   5 ::::::::::
  |   MD simulation time   :    29.0 ps       |
  |   target T             :   400.0 K        |
  |   timestep dt          :     5.0 fs       |
  |   dump interval(trj)   :   100.0 fs       |
  |   SHAKE algorithm      : true (all bonds) |
  |   Vbias prefactor (k)  :  0.0035 Eh       |
  |   Vbias exponent (α)   :  1.0000 bohr⁻²   |
  :::::::::: starting static MTD  14 ::::::::::
  |   MD simulation time   :    29.0 ps       |
  |   target T             :   400.0 K        |
  |   timestep dt          :     5.0 fs       |
  |   dump interval(trj)   :   100.0 fs       |
  |   SHAKE algorithm      : true (all bonds) |
  |   Vbias prefactor (k)  :  0.0035 Eh       |
  |   Vbias exponent (α)   :  1.0000 bohr⁻²   |
  :::::::::: starting static MTD  12 ::::::::::
  |   MD simulation time   :    29.0 ps       |
  |   target T             :   400.0 K        |
  |   timestep dt          :     5.0 fs       |
  |   dump interval(trj)   :   100.0 fs       |
  |   SHAKE algorithm      : true (all bonds) |
  |   Vbias prefactor (k)  :  0.0035 Eh       |
  |   Vbias exponent (α)   :  1.0000 bohr⁻²   |
  :::::::::: starting static MTD   8 ::::::::::
  |   MD simulation time   :    29.0 ps       |
  |   target T             :   400.0 K        |
  |   timestep dt          :     5.0 fs       |
  |   dump interval(trj)   :   100.0 fs       |
  |   SHAKE algorithm      : true (all bonds) |
  |   Vbias prefactor (k)  :  0.0035 Eh       |
  |   Vbias exponent (α)   :  1.0000 bohr⁻²   |
  :::::::::: starting static MTD  15 ::::::::::
  |   MD simulation time   :    29.0 ps       |
  |   target T             :   400.0 K        |
  |   timestep dt          :     5.0 fs       |
  |   dump interval(trj)   :   100.0 fs       |
  |   SHAKE algorithm      : true (all bonds) |
  |   Vbias prefactor (k)  :  0.0035 Eh       |
  |   Vbias exponent (α)   :  1.0000 bohr⁻²   |
  :::::::::: starting static MTD  10 ::::::::::
  |   MD simulation time   :    29.0 ps       |
  |   target T             :   400.0 K        |
  |   timestep dt          :     5.0 fs       |
  |   dump interval(trj)   :   100.0 fs       |
  |   SHAKE algorithm      : true (all bonds) |
  |   Vbias prefactor (k)  :  0.0035 Eh       |
  |   Vbias exponent (α)   :  1.0000 bohr⁻²   |
  :::::::::: starting static MTD   7 ::::::::::
  |   MD simulation time   :    29.0 ps       |
  |   target T             :   400.0 K        |
  |   timestep dt          :     5.0 fs       |
  |   dump interval(trj)   :   100.0 fs       |
  |   SHAKE algorithm      : true (all bonds) |
  |   Vbias prefactor (k)  :  0.0035 Eh       |
  |   Vbias exponent (α)   :  1.0000 bohr⁻²   |
  :::::::::: starting static MTD   4 ::::::::::
  |   MD simulation time   :    29.0 ps       |
  |   target T             :   400.0 K        |
  |   timestep dt          :     5.0 fs       |
  |   dump interval(trj)   :   100.0 fs       |
  |   SHAKE algorithm      : true (all bonds) |
  |   Vbias prefactor (k)  :  0.0035 Eh       |
  |   Vbias exponent (α)   :  1.0000 bohr⁻²   |
  :::::::::: starting static MTD  11 ::::::::::
  |   MD simulation time   :    29.0 ps       |
  |   target T             :   400.0 K        |
  |   timestep dt          :     5.0 fs       |
  |   dump interval(trj)   :   100.0 fs       |
  |   SHAKE algorithm      : true (all bonds) |
  |   Vbias prefactor (k)  :  0.0035 Eh       |
  |   Vbias exponent (α)   :  1.0000 bohr⁻²   |
  :::::::::: starting static MTD  13 ::::::::::
  |   MD simulation time   :    29.0 ps       |
  |   target T             :   400.0 K        |
  |   timestep dt          :     5.0 fs       |
  |   dump interval(trj)   :   100.0 fs       |
  |   SHAKE algorithm      : true (all bonds) |
  |   Vbias prefactor (k)  :  0.0035 Eh       |
  |   Vbias exponent (α)   :  1.0000 bohr⁻²   |
*sMTD   9 completed successfully ...        6 min, 12.584 sec
  :::::::::: starting static MTD  16 ::::::::::
  |   MD simulation time   :    29.0 ps       |
  |   target T             :   400.0 K        |
  |   timestep dt          :     5.0 fs       |
  |   dump interval(trj)   :   100.0 fs       |
  |   SHAKE algorithm      : true (all bonds) |
  |   Vbias prefactor (k)  :  0.0035 Eh       |
  |   Vbias exponent (α)   :  1.0000 bohr⁻²   |
*sMTD   6 completed successfully ...        6 min, 13.676 sec
  :::::::::: starting static MTD  17 ::::::::::
  |   MD simulation time   :    29.0 ps       |
  |   target T             :   400.0 K        |
  |   timestep dt          :     5.0 fs       |
  |   dump interval(trj)   :   100.0 fs       |
  |   SHAKE algorithm      : true (all bonds) |
  |   Vbias prefactor (k)  :  0.0035 Eh       |
  |   Vbias exponent (α)   :  1.0000 bohr⁻²   |
*sMTD   4 completed successfully ...        6 min, 13.834 sec
  :::::::::: starting static MTD  18 ::::::::::
  |   MD simulation time   :    29.0 ps       |
  |   target T             :   400.0 K        |
  |   timestep dt          :     5.0 fs       |
  |   dump interval(trj)   :   100.0 fs       |
  |   SHAKE algorithm      : true (all bonds) |
  |   Vbias prefactor (k)  :  0.0035 Eh       |
  |   Vbias exponent (α)   :  1.0000 bohr⁻²   |
*sMTD   7 completed successfully ...        6 min, 14.439 sec
  :::::::::: starting static MTD  19 ::::::::::
  |   MD simulation time   :    29.0 ps       |
  |   target T             :   400.0 K        |
  |   timestep dt          :     5.0 fs       |
  |   dump interval(trj)   :   100.0 fs       |
  |   SHAKE algorithm      : true (all bonds) |
  |   Vbias prefactor (k)  :  0.0035 Eh       |
  |   Vbias exponent (α)   :  1.0000 bohr⁻²   |
*sMTD  15 completed successfully ...        6 min, 14.896 sec
  :::::::::: starting static MTD  20 ::::::::::
  |   MD simulation time   :    29.0 ps       |
  |   target T             :   400.0 K        |
  |   timestep dt          :     5.0 fs       |
  |   dump interval(trj)   :   100.0 fs       |
  |   SHAKE algorithm      : true (all bonds) |
  |   Vbias prefactor (k)  :  0.0035 Eh       |
  |   Vbias exponent (α)   :  1.0000 bohr⁻²   |
*sMTD   1 completed successfully ...        6 min, 14.933 sec
  :::::::::: starting static MTD  21 ::::::::::
  |   MD simulation time   :    29.0 ps       |
  |   target T             :   400.0 K        |
  |   timestep dt          :     5.0 fs       |
  |   dump interval(trj)   :   100.0 fs       |
  |   SHAKE algorithm      : true (all bonds) |
  |   Vbias prefactor (k)  :  0.0035 Eh       |
  |   Vbias exponent (α)   :  1.0000 bohr⁻²   |
*sMTD   2 completed successfully ...        6 min, 15.622 sec
  :::::::::: starting static MTD  22 ::::::::::
  |   MD simulation time   :    29.0 ps       |
  |   target T             :   400.0 K        |
  |   timestep dt          :     5.0 fs       |
  |   dump interval(trj)   :   100.0 fs       |
  |   SHAKE algorithm      : true (all bonds) |
  |   Vbias prefactor (k)  :  0.0035 Eh       |
  |   Vbias exponent (α)   :  1.0000 bohr⁻²   |
*sMTD  36 completed successfully ...        6 min, 16.957 sec
  :::::::::: starting static MTD  35 ::::::::::
  |   MD simulation time   :    29.0 ps       |
  |   target T             :   400.0 K        |
  |   timestep dt          :     5.0 fs       |
  |   dump interval(trj)   :   100.0 fs       |
  |   SHAKE algorithm      : true (all bonds) |
  |   Vbias prefactor (k)  :  0.0035 Eh       |
  |   Vbias exponent (α)   :  1.0000 bohr⁻²   |
*sMTD  11 completed successfully ...        6 min, 17.004 sec
  :::::::::: starting static MTD  23 ::::::::::
  |   MD simulation time   :    29.0 ps       |
  |   target T             :   400.0 K        |
  |   timestep dt          :     5.0 fs       |
  |   dump interval(trj)   :   100.0 fs       |
  |   SHAKE algorithm      : true (all bonds) |
  |   Vbias prefactor (k)  :  0.0035 Eh       |
  |   Vbias exponent (α)   :  1.0000 bohr⁻²   |
*sMTD   3 completed successfully ...        6 min, 17.312 sec
  :::::::::: starting static MTD  24 ::::::::::
  |   MD simulation time   :    29.0 ps       |
  |   target T             :   400.0 K        |
  |   timestep dt          :     5.0 fs       |
  |   dump interval(trj)   :   100.0 fs       |
  |   SHAKE algorithm      : true (all bonds) |
  |   Vbias prefactor (k)  :  0.0035 Eh       |
  |   Vbias exponent (α)   :  1.0000 bohr⁻²   |
*sMTD   8 completed successfully ...        6 min, 17.488 sec
  :::::::::: starting static MTD  25 ::::::::::
  |   MD simulation time   :    29.0 ps       |
  |   target T             :   400.0 K        |
  |   timestep dt          :     5.0 fs       |
  |   dump interval(trj)   :   100.0 fs       |
  |   SHAKE algorithm      : true (all bonds) |
  |   Vbias prefactor (k)  :  0.0035 Eh       |
  |   Vbias exponent (α)   :  1.0000 bohr⁻²   |
*sMTD   5 completed successfully ...        6 min, 17.657 sec
  :::::::::: starting static MTD  26 ::::::::::
  |   MD simulation time   :    29.0 ps       |
  |   target T             :   400.0 K        |
  |   timestep dt          :     5.0 fs       |
  |   dump interval(trj)   :   100.0 fs       |
  |   SHAKE algorithm      : true (all bonds) |
  |   Vbias prefactor (k)  :  0.0035 Eh       |
  |   Vbias exponent (α)   :  1.0000 bohr⁻²   |
*sMTD  14 completed successfully ...        6 min, 17.953 sec
  :::::::::: starting static MTD  27 ::::::::::
  |   MD simulation time   :    29.0 ps       |
  |   target T             :   400.0 K        |
  |   timestep dt          :     5.0 fs       |
  |   dump interval(trj)   :   100.0 fs       |
  |   SHAKE algorithm      : true (all bonds) |
  |   Vbias prefactor (k)  :  0.0035 Eh       |
  |   Vbias exponent (α)   :  1.0000 bohr⁻²   |
*sMTD  10 completed successfully ...        6 min, 18.024 sec
  :::::::::: starting static MTD  28 ::::::::::
  |   MD simulation time   :    29.0 ps       |
  |   target T             :   400.0 K        |
  |   timestep dt          :     5.0 fs       |
  |   dump interval(trj)   :   100.0 fs       |
  |   SHAKE algorithm      : true (all bonds) |
  |   Vbias prefactor (k)  :  0.0035 Eh       |
  |   Vbias exponent (α)   :  1.0000 bohr⁻²   |
*sMTD  12 completed successfully ...        6 min, 18.292 sec
  :::::::::: starting static MTD  29 ::::::::::
  |   MD simulation time   :    29.0 ps       |
  |   target T             :   400.0 K        |
  |   timestep dt          :     5.0 fs       |
  |   dump interval(trj)   :   100.0 fs       |
  |   SHAKE algorithm      : true (all bonds) |
  |   Vbias prefactor (k)  :  0.0035 Eh       |
  |   Vbias exponent (α)   :  1.0000 bohr⁻²   |
*sMTD  13 completed successfully ...        6 min, 18.539 sec
  :::::::::: starting static MTD  30 ::::::::::
  |   MD simulation time   :    29.0 ps       |
  |   target T             :   400.0 K        |
  |   timestep dt          :     5.0 fs       |
  |   dump interval(trj)   :   100.0 fs       |
  |   SHAKE algorithm      : true (all bonds) |
  |   Vbias prefactor (k)  :  0.0035 Eh       |
  |   Vbias exponent (α)   :  1.0000 bohr⁻²   |
*sMTD  18 completed successfully ...        6 min, 10.729 sec
  :::::::::: starting static MTD  31 ::::::::::
  |   MD simulation time   :    29.0 ps       |
  |   target T             :   400.0 K        |
  |   timestep dt          :     5.0 fs       |
  |   dump interval(trj)   :   100.0 fs       |
  |   SHAKE algorithm      : true (all bonds) |
  |   Vbias prefactor (k)  :  0.0035 Eh       |
  |   Vbias exponent (α)   :  1.0000 bohr⁻²   |
*sMTD  19 completed successfully ...        6 min, 11.209 sec
  :::::::::: starting static MTD  32 ::::::::::
  |   MD simulation time   :    29.0 ps       |
  |   target T             :   400.0 K        |
  |   timestep dt          :     5.0 fs       |
  |   dump interval(trj)   :   100.0 fs       |
  |   SHAKE algorithm      : true (all bonds) |
  |   Vbias prefactor (k)  :  0.0035 Eh       |
  |   Vbias exponent (α)   :  1.0000 bohr⁻²   |
*sMTD  16 completed successfully ...        6 min, 13.525 sec
  :::::::::: starting static MTD  33 ::::::::::
  |   MD simulation time   :    29.0 ps       |
  |   target T             :   400.0 K        |
  |   timestep dt          :     5.0 fs       |
  |   dump interval(trj)   :   100.0 fs       |
  |   SHAKE algorithm      : true (all bonds) |
  |   Vbias prefactor (k)  :  0.0035 Eh       |
  |   Vbias exponent (α)   :  1.0000 bohr⁻²   |
*sMTD  17 completed successfully ...        6 min, 14.954 sec
  :::::::::: starting static MTD  34 ::::::::::
  |   MD simulation time   :    29.0 ps       |
  |   target T             :   400.0 K        |
  |   timestep dt          :     5.0 fs       |
  |   dump interval(trj)   :   100.0 fs       |
  |   SHAKE algorithm      : true (all bonds) |
  |   Vbias prefactor (k)  :  0.0035 Eh       |
  |   Vbias exponent (α)   :  1.0000 bohr⁻²   |
*sMTD  21 completed successfully ...        6 min, 15.689 sec
*sMTD  20 completed successfully ...        6 min, 16.016 sec
*sMTD  24 completed successfully ...        6 min, 14.007 sec
*sMTD  27 completed successfully ...        6 min, 13.829 sec
*sMTD  26 completed successfully ...        6 min, 14.497 sec
*sMTD  29 completed successfully ...        6 min, 15.206 sec
*sMTD  30 completed successfully ...        6 min, 15.873 sec
*sMTD  23 completed successfully ...        6 min, 18.095 sec
*sMTD  25 completed successfully ...        6 min, 18.479 sec
*sMTD  22 completed successfully ...        6 min, 20.434 sec
*sMTD  35 completed successfully ...        6 min, 19.144 sec
*sMTD  28 completed successfully ...        6 min, 18.612 sec
*sMTD  31 completed successfully ...        5 min, 11.113 sec
*sMTD  32 completed successfully ...        5 min, 12.833 sec
*sMTD  34 completed successfully ...        5 min, 13.400 sec
*sMTD  33 completed successfully ...        5 min, 26.845 sec

 ======================================
 |  Multilevel Ensemble Optimization  |
 ======================================
 Optimizing all 10404 structures from file "crest_rotamers_0.xyz" ...
 ----------------------
 crude pre-optimization
 ----------------------
 Optimization engine: ANCOPT
 Hessian update type: BFGS
 E/G convergence criteria:  0.500E-03 Eh, 0.100E-01 Eh/a0
 maximum optimization steps: 200
 |>0.0% |>2.5% |>5.0% |>7.5% |>10.0% |>12.5% |>15.0% |>17.5% |>20.0% |>22.5% |>25.0% |>27.5% |>30.0% |>32.5% |>35.0% |>37.5% |>40.0% |>42.5% |>45.0% |>47.5% |>50.0% |>52.5% |>55.0% |>57.5% |>60.0% |>62.5% |>65.0% |>67.5% |>70.0% |>72.5% |>75.0% |>77.5% |>80.0% |>82.5% |>85.0% |>87.5% |>90.0% |>92.5% |>95.0% |>97.5% |>100.0%
 done.
> 10404 of 10404 structures successfully optimized (100.0% success)
> Total runtime for 10404 optimizations:
 * wall-time:     0 d,  0 h,  7 min, 41.144 sec
 *  cpu-time:     0 d,  2 h,  2 min, 14.890 sec
 * ratio c/w:    15.906 speedup
> Corresponding to approximately 0.044 sec per processed structure

CREGEN> running RMSDs ... done.
CREGEN> E lowest :   -65.93458
 10116 structures remain within    12.00 kcal/mol window
 ---------------------------------------
 optimization with very tight thresholds
 ---------------------------------------
 Optimization engine: ANCOPT
 Hessian update type: BFGS
 E/G convergence criteria:  0.100E-06 Eh, 0.200E-03 Eh/a0
 maximum optimization steps: 200
 |>0.0% |>2.5% |>5.0% |>7.5% |>10.0% |>12.5% |>15.0% |>17.5% |>20.0% |>22.5% |>25.0% |>27.5% |>30.0% |>32.5% |>35.0% |>37.5% |>40.0% |>42.5% |>45.0% |>47.5% |>50.0% |>52.5% |>55.0% |>57.5% |>60.0% |>62.5% |>65.0% |>67.5% |>70.0% |>72.5% |>75.0% |>77.5% |>80.0% |>82.5% |>85.0% |>87.5% |>90.0% |>92.5% |>95.0% |>97.5% |>100.0%
 done.
> 9353 of 10116 structures successfully optimized (92.5% success)
> Total runtime for 10116 optimizations:
 * wall-time:     0 d,  1 h,  3 min, 40.096 sec
 *  cpu-time:     0 d, 16 h, 55 min,  7.213 sec
 * ratio c/w:    15.944 speedup
> Corresponding to approximately 0.378 sec per processed structure

CREGEN> running RMSDs ... done.
CREGEN> E lowest :   -65.93525
 2854 structures remain within     6.00 kcal/mol window
CREGEN> running RMSDs ... done.
CREGEN> E lowest :   -65.93525

 Static MTD simulation iteration 5 finished
 A total of 5129 conformers (+ 3.59%) in crest_conformers.xyz
 S(approx.) =   13.322215 cal/molK (dS = 0.56%)
 Convergence w.r.t. conformers: F
 Convergence w.r.t. entropy   : F

     H(298.15K)-H(0) (conf)      1.503328
                   Cp(conf)      4.846578
                    S(conf)     13.317437

********************************************************************************
**                     I T E R A T I O N    C Y C L E      6                  **
********************************************************************************
 -------------------------------------------
 determining bias structures via PCA/k-Means
 -------------------------------------------

 57 structures were selected
 done.

 -----------------------------------------------
 determining MTD seed structures via PCA/k-Means
 -----------------------------------------------

 36 structures were selected
 done.


 ===========================================================
 Static MTDs (umbrella sampling) on 36 selected conformer(s)
 ===========================================================
> Using 57 constant RMSD bias potentials per MTD
  :::::::::: starting static MTD   1 ::::::::::
  |   MD simulation time   :    29.0 ps       |
  |   target T             :   400.0 K        |
  |   timestep dt          :     5.0 fs       |
  |   dump interval(trj)   :   100.0 fs       |
  |   SHAKE algorithm      : true (all bonds) |
  |   Vbias prefactor (k)  :  0.0035 Eh       |
  |   Vbias exponent (α)   :  1.0000 bohr⁻²   |
  :::::::::: starting static MTD   2 ::::::::::
  |   MD simulation time   :    29.0 ps       |
  |   target T             :   400.0 K        |
  |   timestep dt          :     5.0 fs       |
  |   dump interval(trj)   :   100.0 fs       |
  |   SHAKE algorithm      : true (all bonds) |
  |   Vbias prefactor (k)  :  0.0035 Eh       |
  |   Vbias exponent (α)   :  1.0000 bohr⁻²   |
  :::::::::: starting static MTD  36 ::::::::::
  |   MD simulation time   :    29.0 ps       |
  |   target T             :   400.0 K        |
  |   timestep dt          :     5.0 fs       |
  |   dump interval(trj)   :   100.0 fs       |
  |   SHAKE algorithm      : true (all bonds) |
  |   Vbias prefactor (k)  :  0.0035 Eh       |
  |   Vbias exponent (α)   :  1.0000 bohr⁻²   |
  :::::::::: starting static MTD  13 ::::::::::
  |   MD simulation time   :    29.0 ps       |
  |   target T             :   400.0 K        |
  |   timestep dt          :     5.0 fs       |
  |   dump interval(trj)   :   100.0 fs       |
  |   SHAKE algorithm      : true (all bonds) |
  |   Vbias prefactor (k)  :  0.0035 Eh       |
  |   Vbias exponent (α)   :  1.0000 bohr⁻²   |
  :::::::::: starting static MTD   3 ::::::::::
  |   MD simulation time   :    29.0 ps       |
  |   target T             :   400.0 K        |
  |   timestep dt          :     5.0 fs       |
  |   dump interval(trj)   :   100.0 fs       |
  |   SHAKE algorithm      : true (all bonds) |
  |   Vbias prefactor (k)  :  0.0035 Eh       |
  |   Vbias exponent (α)   :  1.0000 bohr⁻²   |
  :::::::::: starting static MTD   4 ::::::::::
  |   MD simulation time   :    29.0 ps       |
  |   target T             :   400.0 K        |
  |   timestep dt          :     5.0 fs       |
  |   dump interval(trj)   :   100.0 fs       |
  |   SHAKE algorithm      : true (all bonds) |
  |   Vbias prefactor (k)  :  0.0035 Eh       |
  |   Vbias exponent (α)   :  1.0000 bohr⁻²   |
  :::::::::: starting static MTD   5 ::::::::::
  |   MD simulation time   :    29.0 ps       |
  |   target T             :   400.0 K        |
  |   timestep dt          :     5.0 fs       |
  |   dump interval(trj)   :   100.0 fs       |
  |   SHAKE algorithm      : true (all bonds) |
  |   Vbias prefactor (k)  :  0.0035 Eh       |
  |   Vbias exponent (α)   :  1.0000 bohr⁻²   |
  :::::::::: starting static MTD   6 ::::::::::
  |   MD simulation time   :    29.0 ps       |
  |   target T             :   400.0 K        |
  |   timestep dt          :     5.0 fs       |
  |   dump interval(trj)   :   100.0 fs       |
  |   SHAKE algorithm      : true (all bonds) |
  |   Vbias prefactor (k)  :  0.0035 Eh       |
  |   Vbias exponent (α)   :  1.0000 bohr⁻²   |
  :::::::::: starting static MTD  10 ::::::::::
  |   MD simulation time   :    29.0 ps       |
  |   target T             :   400.0 K        |
  |   timestep dt          :     5.0 fs       |
  |   dump interval(trj)   :   100.0 fs       |
  |   SHAKE algorithm      : true (all bonds) |
  |   Vbias prefactor (k)  :  0.0035 Eh       |
  |   Vbias exponent (α)   :  1.0000 bohr⁻²   |
  :::::::::: starting static MTD  11 ::::::::::
  |   MD simulation time   :    29.0 ps       |
  |   target T             :   400.0 K        |
  |   timestep dt          :     5.0 fs       |
  |   dump interval(trj)   :   100.0 fs       |
  |   SHAKE algorithm      : true (all bonds) |
  |   Vbias prefactor (k)  :  0.0035 Eh       |
  |   Vbias exponent (α)   :  1.0000 bohr⁻²   |
  :::::::::: starting static MTD   9 ::::::::::
  |   MD simulation time   :    29.0 ps       |
  |   target T             :   400.0 K        |
  |   timestep dt          :     5.0 fs       |
  |   dump interval(trj)   :   100.0 fs       |
  |   SHAKE algorithm      : true (all bonds) |
  |   Vbias prefactor (k)  :  0.0035 Eh       |
  |   Vbias exponent (α)   :  1.0000 bohr⁻²   |
  :::::::::: starting static MTD   7 ::::::::::
  |   MD simulation time   :    29.0 ps       |
  |   target T             :   400.0 K        |
  |   timestep dt          :     5.0 fs       |
  |   dump interval(trj)   :   100.0 fs       |
  |   SHAKE algorithm      : true (all bonds) |
  |   Vbias prefactor (k)  :  0.0035 Eh       |
  |   Vbias exponent (α)   :  1.0000 bohr⁻²   |
  :::::::::: starting static MTD  12 ::::::::::
  |   MD simulation time   :    29.0 ps       |
  |   target T             :   400.0 K        |
  |   timestep dt          :     5.0 fs       |
  |   dump interval(trj)   :   100.0 fs       |
  |   SHAKE algorithm      : true (all bonds) |
  |   Vbias prefactor (k)  :  0.0035 Eh       |
  |   Vbias exponent (α)   :  1.0000 bohr⁻²   |
  :::::::::: starting static MTD   8 ::::::::::
  |   MD simulation time   :    29.0 ps       |
  |   target T             :   400.0 K        |
  |   timestep dt          :     5.0 fs       |
  |   dump interval(trj)   :   100.0 fs       |
  |   SHAKE algorithm      : true (all bonds) |
  |   Vbias prefactor (k)  :  0.0035 Eh       |
  |   Vbias exponent (α)   :  1.0000 bohr⁻²   |
  :::::::::: starting static MTD  14 ::::::::::
  |   MD simulation time   :    29.0 ps       |
  |   target T             :   400.0 K        |
  |   timestep dt          :     5.0 fs       |
  |   dump interval(trj)   :   100.0 fs       |
  |   SHAKE algorithm      : true (all bonds) |
  |   Vbias prefactor (k)  :  0.0035 Eh       |
  |   Vbias exponent (α)   :  1.0000 bohr⁻²   |
  :::::::::: starting static MTD  15 ::::::::::
  |   MD simulation time   :    29.0 ps       |
  |   target T             :   400.0 K        |
  |   timestep dt          :     5.0 fs       |
  |   dump interval(trj)   :   100.0 fs       |
  |   SHAKE algorithm      : true (all bonds) |
  |   Vbias prefactor (k)  :  0.0035 Eh       |
  |   Vbias exponent (α)   :  1.0000 bohr⁻²   |
*sMTD   3 completed successfully ...        6 min, 13.103 sec
  :::::::::: starting static MTD  16 ::::::::::
  |   MD simulation time   :    29.0 ps       |
  |   target T             :   400.0 K        |
  |   timestep dt          :     5.0 fs       |
  |   dump interval(trj)   :   100.0 fs       |
  |   SHAKE algorithm      : true (all bonds) |
  |   Vbias prefactor (k)  :  0.0035 Eh       |
  |   Vbias exponent (α)   :  1.0000 bohr⁻²   |
*sMTD   6 completed successfully ...        6 min, 14.636 sec
  :::::::::: starting static MTD  17 ::::::::::
  |   MD simulation time   :    29.0 ps       |
  |   target T             :   400.0 K        |
  |   timestep dt          :     5.0 fs       |
  |   dump interval(trj)   :   100.0 fs       |
  |   SHAKE algorithm      : true (all bonds) |
  |   Vbias prefactor (k)  :  0.0035 Eh       |
  |   Vbias exponent (α)   :  1.0000 bohr⁻²   |
*sMTD   2 completed successfully ...        6 min, 15.214 sec
  :::::::::: starting static MTD  18 ::::::::::
  |   MD simulation time   :    29.0 ps       |
  |   target T             :   400.0 K        |
  |   timestep dt          :     5.0 fs       |
  |   dump interval(trj)   :   100.0 fs       |
  |   SHAKE algorithm      : true (all bonds) |
  |   Vbias prefactor (k)  :  0.0035 Eh       |
  |   Vbias exponent (α)   :  1.0000 bohr⁻²   |
*sMTD  14 completed successfully ...        6 min, 15.989 sec
  :::::::::: starting static MTD  19 ::::::::::
  |   MD simulation time   :    29.0 ps       |
  |   target T             :   400.0 K        |
  |   timestep dt          :     5.0 fs       |
  |   dump interval(trj)   :   100.0 fs       |
  |   SHAKE algorithm      : true (all bonds) |
  |   Vbias prefactor (k)  :  0.0035 Eh       |
  |   Vbias exponent (α)   :  1.0000 bohr⁻²   |
*sMTD  12 completed successfully ...        6 min, 16.187 sec
  :::::::::: starting static MTD  20 ::::::::::
  |   MD simulation time   :    29.0 ps       |
  |   target T             :   400.0 K        |
  |   timestep dt          :     5.0 fs       |
  |   dump interval(trj)   :   100.0 fs       |
  |   SHAKE algorithm      : true (all bonds) |
  |   Vbias prefactor (k)  :  0.0035 Eh       |
  |   Vbias exponent (α)   :  1.0000 bohr⁻²   |
*sMTD   7 completed successfully ...        6 min, 16.236 sec
  :::::::::: starting static MTD  21 ::::::::::
  |   MD simulation time   :    29.0 ps       |
  |   target T             :   400.0 K        |
  |   timestep dt          :     5.0 fs       |
  |   dump interval(trj)   :   100.0 fs       |
  |   SHAKE algorithm      : true (all bonds) |
  |   Vbias prefactor (k)  :  0.0035 Eh       |
  |   Vbias exponent (α)   :  1.0000 bohr⁻²   |
*sMTD  13 completed successfully ...        6 min, 17.170 sec
  :::::::::: starting static MTD  22 ::::::::::
  |   MD simulation time   :    29.0 ps       |
  |   target T             :   400.0 K        |
  |   timestep dt          :     5.0 fs       |
  |   dump interval(trj)   :   100.0 fs       |
  |   SHAKE algorithm      : true (all bonds) |
  |   Vbias prefactor (k)  :  0.0035 Eh       |
  |   Vbias exponent (α)   :  1.0000 bohr⁻²   |
*sMTD  15 completed successfully ...        6 min, 17.540 sec
  :::::::::: starting static MTD  23 ::::::::::
  |   MD simulation time   :    29.0 ps       |
  |   target T             :   400.0 K        |
  |   timestep dt          :     5.0 fs       |
  |   dump interval(trj)   :   100.0 fs       |
  |   SHAKE algorithm      : true (all bonds) |
  |   Vbias prefactor (k)  :  0.0035 Eh       |
  |   Vbias exponent (α)   :  1.0000 bohr⁻²   |
*sMTD   8 completed successfully ...        6 min, 17.662 sec
  :::::::::: starting static MTD  24 ::::::::::
  |   MD simulation time   :    29.0 ps       |
  |   target T             :   400.0 K        |
  |   timestep dt          :     5.0 fs       |
  |   dump interval(trj)   :   100.0 fs       |
  |   SHAKE algorithm      : true (all bonds) |
  |   Vbias prefactor (k)  :  0.0035 Eh       |
  |   Vbias exponent (α)   :  1.0000 bohr⁻²   |
*sMTD  36 completed successfully ...        6 min, 17.684 sec
  :::::::::: starting static MTD  35 ::::::::::
  |   MD simulation time   :    29.0 ps       |
  |   target T             :   400.0 K        |
  |   timestep dt          :     5.0 fs       |
  |   dump interval(trj)   :   100.0 fs       |
  |   SHAKE algorithm      : true (all bonds) |
  |   Vbias prefactor (k)  :  0.0035 Eh       |
  |   Vbias exponent (α)   :  1.0000 bohr⁻²   |
*sMTD  11 completed successfully ...        6 min, 18.363 sec
  :::::::::: starting static MTD  25 ::::::::::
  |   MD simulation time   :    29.0 ps       |
  |   target T             :   400.0 K        |
  |   timestep dt          :     5.0 fs       |
  |   dump interval(trj)   :   100.0 fs       |
  |   SHAKE algorithm      : true (all bonds) |
  |   Vbias prefactor (k)  :  0.0035 Eh       |
  |   Vbias exponent (α)   :  1.0000 bohr⁻²   |
*sMTD  10 completed successfully ...        6 min, 18.592 sec
  :::::::::: starting static MTD  26 ::::::::::
  |   MD simulation time   :    29.0 ps       |
  |   target T             :   400.0 K        |
  |   timestep dt          :     5.0 fs       |
  |   dump interval(trj)   :   100.0 fs       |
  |   SHAKE algorithm      : true (all bonds) |
  |   Vbias prefactor (k)  :  0.0035 Eh       |
  |   Vbias exponent (α)   :  1.0000 bohr⁻²   |
*sMTD   1 completed successfully ...        6 min, 19.358 sec
  :::::::::: starting static MTD  27 ::::::::::
  |   MD simulation time   :    29.0 ps       |
  |   target T             :   400.0 K        |
  |   timestep dt          :     5.0 fs       |
  |   dump interval(trj)   :   100.0 fs       |
  |   SHAKE algorithm      : true (all bonds) |
  |   Vbias prefactor (k)  :  0.0035 Eh       |
  |   Vbias exponent (α)   :  1.0000 bohr⁻²   |
*sMTD   5 completed successfully ...        6 min, 19.999 sec
  :::::::::: starting static MTD  28 ::::::::::
  |   MD simulation time   :    29.0 ps       |
  |   target T             :   400.0 K        |
  |   timestep dt          :     5.0 fs       |
  |   dump interval(trj)   :   100.0 fs       |
  |   SHAKE algorithm      : true (all bonds) |
  |   Vbias prefactor (k)  :  0.0035 Eh       |
  |   Vbias exponent (α)   :  1.0000 bohr⁻²   |
*sMTD   4 completed successfully ...        6 min, 20.079 sec
  :::::::::: starting static MTD  29 ::::::::::
  |   MD simulation time   :    29.0 ps       |
  |   target T             :   400.0 K        |
  |   timestep dt          :     5.0 fs       |
  |   dump interval(trj)   :   100.0 fs       |
  |   SHAKE algorithm      : true (all bonds) |
  |   Vbias prefactor (k)  :  0.0035 Eh       |
  |   Vbias exponent (α)   :  1.0000 bohr⁻²   |
*sMTD   9 completed successfully ...        6 min, 24.298 sec
  :::::::::: starting static MTD  30 ::::::::::
  |   MD simulation time   :    29.0 ps       |
  |   target T             :   400.0 K        |
  |   timestep dt          :     5.0 fs       |
  |   dump interval(trj)   :   100.0 fs       |
  |   SHAKE algorithm      : true (all bonds) |
  |   Vbias prefactor (k)  :  0.0035 Eh       |
  |   Vbias exponent (α)   :  1.0000 bohr⁻²   |
*sMTD  24 completed successfully ...        6 min, 11.806 sec
  :::::::::: starting static MTD  31 ::::::::::
  |   MD simulation time   :    29.0 ps       |
  |   target T             :   400.0 K        |
  |   timestep dt          :     5.0 fs       |
  |   dump interval(trj)   :   100.0 fs       |
  |   SHAKE algorithm      : true (all bonds) |
  |   Vbias prefactor (k)  :  0.0035 Eh       |
  |   Vbias exponent (α)   :  1.0000 bohr⁻²   |
*sMTD  18 completed successfully ...        6 min, 16.232 sec
  :::::::::: starting static MTD  32 ::::::::::
  |   MD simulation time   :    29.0 ps       |
  |   target T             :   400.0 K        |
  |   timestep dt          :     5.0 fs       |
  |   dump interval(trj)   :   100.0 fs       |
  |   SHAKE algorithm      : true (all bonds) |
  |   Vbias prefactor (k)  :  0.0035 Eh       |
  |   Vbias exponent (α)   :  1.0000 bohr⁻²   |
*sMTD  19 completed successfully ...        6 min, 16.244 sec
  :::::::::: starting static MTD  33 ::::::::::
  |   MD simulation time   :    29.0 ps       |
  |   target T             :   400.0 K        |
  |   timestep dt          :     5.0 fs       |
  |   dump interval(trj)   :   100.0 fs       |
  |   SHAKE algorithm      : true (all bonds) |
  |   Vbias prefactor (k)  :  0.0035 Eh       |
  |   Vbias exponent (α)   :  1.0000 bohr⁻²   |
*sMTD  20 completed successfully ...        6 min, 16.296 sec
  :::::::::: starting static MTD  34 ::::::::::
  |   MD simulation time   :    29.0 ps       |
  |   target T             :   400.0 K        |
  |   timestep dt          :     5.0 fs       |
  |   dump interval(trj)   :   100.0 fs       |
  |   SHAKE algorithm      : true (all bonds) |
  |   Vbias prefactor (k)  :  0.0035 Eh       |
  |   Vbias exponent (α)   :  1.0000 bohr⁻²   |
*sMTD  16 completed successfully ...        6 min, 19.700 sec
*sMTD  28 completed successfully ...        6 min, 13.726 sec
*sMTD  17 completed successfully ...        6 min, 19.935 sec
*sMTD  35 completed successfully ...        6 min, 17.758 sec
*sMTD  23 completed successfully ...        6 min, 17.903 sec
*sMTD  25 completed successfully ...        6 min, 18.299 sec
*sMTD  29 completed successfully ...        6 min, 16.695 sec
*sMTD  26 completed successfully ...        6 min, 18.270 sec
*sMTD  21 completed successfully ...        6 min, 21.265 sec
*sMTD  22 completed successfully ...        6 min, 21.110 sec
*sMTD  27 completed successfully ...        6 min, 21.006 sec
*sMTD  30 completed successfully ...        6 min, 20.948 sec
*sMTD  32 completed successfully ...        5 min, 12.056 sec
*sMTD  31 completed successfully ...        5 min, 14.146 sec
*sMTD  34 completed successfully ...        5 min, 14.029 sec
*sMTD  33 completed successfully ...        5 min, 14.561 sec

 ======================================
 |  Multilevel Ensemble Optimization  |
 ======================================
 Optimizing all 10404 structures from file "crest_rotamers_0.xyz" ...
 ----------------------
 crude pre-optimization
 ----------------------
 Optimization engine: ANCOPT
 Hessian update type: BFGS
 E/G convergence criteria:  0.500E-03 Eh, 0.100E-01 Eh/a0
 maximum optimization steps: 200
 |>0.0% |>2.5% |>5.0% |>7.5% |>10.0% |>12.5% |>15.0% |>17.5% |>20.0% |>22.5% |>25.0% |>27.5% |>30.0% |>32.5% |>35.0% |>37.5% |>40.0% |>42.5% |>45.0% |>47.5% |>50.0% |>52.5% |>55.0% |>57.5% |>60.0% |>62.5% |>65.0% |>67.5% |>70.0% |>72.5% |>75.0% |>77.5% |>80.0% |>82.5% |>85.0% |>87.5% |>90.0% |>92.5% |>95.0% |>97.5% |>100.0%
 done.
> 10404 of 10404 structures successfully optimized (100.0% success)
> Total runtime for 10404 optimizations:
 * wall-time:     0 d,  0 h,  7 min, 37.134 sec
 *  cpu-time:     0 d,  2 h,  1 min,  5.846 sec
 * ratio c/w:    15.894 speedup
> Corresponding to approximately 0.044 sec per processed structure

CREGEN> running RMSDs ... done.
CREGEN> E lowest :   -65.93428
 10186 structures remain within    12.00 kcal/mol window
 ---------------------------------------
 optimization with very tight thresholds
 ---------------------------------------
 Optimization engine: ANCOPT
 Hessian update type: BFGS
 E/G convergence criteria:  0.100E-06 Eh, 0.200E-03 Eh/a0
 maximum optimization steps: 200
 |>0.0% |>2.5% |>5.0% |>7.5% |>10.0% |>12.5% |>15.0% |>17.5% |>20.0% |>22.5% |>25.0% |>27.5% |>30.0% |>32.5% |>35.0% |>37.5% |>40.0% |>42.5% |>45.0% |>47.5% |>50.0% |>52.5% |>55.0% |>57.5% |>60.0% |>62.5% |>65.0% |>67.5% |>70.0% |>72.5% |>75.0% |>77.5% |>80.0% |>82.5% |>85.0% |>87.5% |>90.0% |>92.5% |>95.0% |>97.5% |>100.0%
 done.
> 9360 of 10186 structures successfully optimized (91.9% success)
> Total runtime for 10186 optimizations:
 * wall-time:     0 d,  1 h,  6 min, 28.635 sec
 *  cpu-time:     0 d, 17 h, 39 min, 57.564 sec
 * ratio c/w:    15.945 speedup
> Corresponding to approximately 0.392 sec per processed structure

CREGEN> running RMSDs ... done.
CREGEN> E lowest :   -65.93525
 2784 structures remain within     6.00 kcal/mol window
CREGEN> running RMSDs ... done.
CREGEN> E lowest :   -65.93525

 Static MTD simulation iteration 6 finished
 A total of 5285 conformers (+ 2.95%) in crest_conformers.xyz
 S(approx.) =   13.379637 cal/molK (dS = 0.43%)
 Convergence w.r.t. conformers: F
 Convergence w.r.t. entropy   : T

     H(298.15K)-H(0) (conf)      1.518392
                   Cp(conf)      4.894258
                    S(conf)     13.374808

********************************************************************************
**                     I T E R A T I O N    C Y C L E      7                  **
********************************************************************************
 -------------------------------------------
 determining bias structures via PCA/k-Means
 -------------------------------------------

 72 structures were selected
 done.

 -----------------------------------------------
 determining MTD seed structures via PCA/k-Means
 -----------------------------------------------

 36 structures were selected
 done.


 ===========================================================
 Static MTDs (umbrella sampling) on 36 selected conformer(s)
 ===========================================================
> Using 72 constant RMSD bias potentials per MTD
  :::::::::: starting static MTD   1 ::::::::::
  |   MD simulation time   :    29.0 ps       |
  |   target T             :   400.0 K        |
  |   timestep dt          :     5.0 fs       |
  |   dump interval(trj)   :   100.0 fs       |
  |   SHAKE algorithm      : true (all bonds) |
  |   Vbias prefactor (k)  :  0.0035 Eh       |
  |   Vbias exponent (α)   :  1.0000 bohr⁻²   |
  :::::::::: starting static MTD  12 ::::::::::
  |   MD simulation time   :    29.0 ps       |
  |   target T             :   400.0 K        |
  |   timestep dt          :     5.0 fs       |
  |   dump interval(trj)   :   100.0 fs       |
  |   SHAKE algorithm      : true (all bonds) |
  |   Vbias prefactor (k)  :  0.0035 Eh       |
  |   Vbias exponent (α)   :  1.0000 bohr⁻²   |
  :::::::::: starting static MTD  10 ::::::::::
  |   MD simulation time   :    29.0 ps       |
  |   target T             :   400.0 K        |
  |   timestep dt          :     5.0 fs       |
  |   dump interval(trj)   :   100.0 fs       |
  |   SHAKE algorithm      : true (all bonds) |
  |   Vbias prefactor (k)  :  0.0035 Eh       |
  |   Vbias exponent (α)   :  1.0000 bohr⁻²   |
  :::::::::: starting static MTD   5 ::::::::::
  |   MD simulation time   :    29.0 ps       |
  |   target T             :   400.0 K        |
  |   timestep dt          :     5.0 fs       |
  |   dump interval(trj)   :   100.0 fs       |
  |   SHAKE algorithm      : true (all bonds) |
  |   Vbias prefactor (k)  :  0.0035 Eh       |
  |   Vbias exponent (α)   :  1.0000 bohr⁻²   |
  :::::::::: starting static MTD  36 ::::::::::
  |   MD simulation time   :    29.0 ps       |
  |   target T             :   400.0 K        |
  |   timestep dt          :     5.0 fs       |
  |   dump interval(trj)   :   100.0 fs       |
  |   SHAKE algorithm      : true (all bonds) |
  |   Vbias prefactor (k)  :  0.0035 Eh       |
  |   Vbias exponent (α)   :  1.0000 bohr⁻²   |
  :::::::::: starting static MTD   6 ::::::::::
  |   MD simulation time   :    29.0 ps       |
  |   target T             :   400.0 K        |
  |   timestep dt          :     5.0 fs       |
  |   dump interval(trj)   :   100.0 fs       |
  |   SHAKE algorithm      : true (all bonds) |
  |   Vbias prefactor (k)  :  0.0035 Eh       |
  |   Vbias exponent (α)   :  1.0000 bohr⁻²   |
  :::::::::: starting static MTD  11 ::::::::::
  |   MD simulation time   :    29.0 ps       |
  |   target T             :   400.0 K        |
  |   timestep dt          :     5.0 fs       |
  |   dump interval(trj)   :   100.0 fs       |
  |   SHAKE algorithm      : true (all bonds) |
  |   Vbias prefactor (k)  :  0.0035 Eh       |
  |   Vbias exponent (α)   :  1.0000 bohr⁻²   |
  :::::::::: starting static MTD  14 ::::::::::
  |   MD simulation time   :    29.0 ps       |
  |   target T             :   400.0 K        |
  |   timestep dt          :     5.0 fs       |
  |   dump interval(trj)   :   100.0 fs       |
  |   SHAKE algorithm      : true (all bonds) |
  |   Vbias prefactor (k)  :  0.0035 Eh       |
  |   Vbias exponent (α)   :  1.0000 bohr⁻²   |
  :::::::::: starting static MTD  13 ::::::::::
  |   MD simulation time   :    29.0 ps       |
  |   target T             :   400.0 K        |
  |   timestep dt          :     5.0 fs       |
  |   dump interval(trj)   :   100.0 fs       |
  |   SHAKE algorithm      : true (all bonds) |
  |   Vbias prefactor (k)  :  0.0035 Eh       |
  |   Vbias exponent (α)   :  1.0000 bohr⁻²   |
  :::::::::: starting static MTD  15 ::::::::::
  |   MD simulation time   :    29.0 ps       |
  |   target T             :   400.0 K        |
  |   timestep dt          :     5.0 fs       |
  |   dump interval(trj)   :   100.0 fs       |
  |   SHAKE algorithm      : true (all bonds) |
  |   Vbias prefactor (k)  :  0.0035 Eh       |
  |   Vbias exponent (α)   :  1.0000 bohr⁻²   |
  :::::::::: starting static MTD   3 ::::::::::
  |   MD simulation time   :    29.0 ps       |
  |   target T             :   400.0 K        |
  |   timestep dt          :     5.0 fs       |
  |   dump interval(trj)   :   100.0 fs       |
  |   SHAKE algorithm      : true (all bonds) |
  |   Vbias prefactor (k)  :  0.0035 Eh       |
  |   Vbias exponent (α)   :  1.0000 bohr⁻²   |
  :::::::::: starting static MTD   8 ::::::::::
  |   MD simulation time   :    29.0 ps       |
  |   target T             :   400.0 K        |
  |   timestep dt          :     5.0 fs       |
  |   dump interval(trj)   :   100.0 fs       |
  |   SHAKE algorithm      : true (all bonds) |
  |   Vbias prefactor (k)  :  0.0035 Eh       |
  |   Vbias exponent (α)   :  1.0000 bohr⁻²   |
  :::::::::: starting static MTD   4 ::::::::::
  |   MD simulation time   :    29.0 ps       |
  |   target T             :   400.0 K        |
  |   timestep dt          :     5.0 fs       |
  |   dump interval(trj)   :   100.0 fs       |
  |   SHAKE algorithm      : true (all bonds) |
  |   Vbias prefactor (k)  :  0.0035 Eh       |
  |   Vbias exponent (α)   :  1.0000 bohr⁻²   |
  :::::::::: starting static MTD   9 ::::::::::
  |   MD simulation time   :    29.0 ps       |
  |   target T             :   400.0 K        |
  |   timestep dt          :     5.0 fs       |
  |   dump interval(trj)   :   100.0 fs       |
  |   SHAKE algorithm      : true (all bonds) |
  |   Vbias prefactor (k)  :  0.0035 Eh       |
  |   Vbias exponent (α)   :  1.0000 bohr⁻²   |
  :::::::::: starting static MTD   2 ::::::::::
  |   MD simulation time   :    29.0 ps       |
  |   target T             :   400.0 K        |
  |   timestep dt          :     5.0 fs       |
  |   dump interval(trj)   :   100.0 fs       |
  |   SHAKE algorithm      : true (all bonds) |
  |   Vbias prefactor (k)  :  0.0035 Eh       |
  |   Vbias exponent (α)   :  1.0000 bohr⁻²   |
  :::::::::: starting static MTD   7 ::::::::::
  |   MD simulation time   :    29.0 ps       |
  |   target T             :   400.0 K        |
  |   timestep dt          :     5.0 fs       |
  |   dump interval(trj)   :   100.0 fs       |
  |   SHAKE algorithm      : true (all bonds) |
  |   Vbias prefactor (k)  :  0.0035 Eh       |
  |   Vbias exponent (α)   :  1.0000 bohr⁻²   |
*sMTD  10 completed successfully ...        6 min, 14.409 sec
  :::::::::: starting static MTD  16 ::::::::::
  |   MD simulation time   :    29.0 ps       |
  |   target T             :   400.0 K        |
  |   timestep dt          :     5.0 fs       |
  |   dump interval(trj)   :   100.0 fs       |
  |   SHAKE algorithm      : true (all bonds) |
  |   Vbias prefactor (k)  :  0.0035 Eh       |
  |   Vbias exponent (α)   :  1.0000 bohr⁻²   |
*sMTD  13 completed successfully ...        6 min, 16.306 sec
  :::::::::: starting static MTD  17 ::::::::::
  |   MD simulation time   :    29.0 ps       |
  |   target T             :   400.0 K        |
  |   timestep dt          :     5.0 fs       |
  |   dump interval(trj)   :   100.0 fs       |
  |   SHAKE algorithm      : true (all bonds) |
  |   Vbias prefactor (k)  :  0.0035 Eh       |
  |   Vbias exponent (α)   :  1.0000 bohr⁻²   |
*sMTD   9 completed successfully ...        6 min, 17.244 sec
  :::::::::: starting static MTD  18 ::::::::::
  |   MD simulation time   :    29.0 ps       |
  |   target T             :   400.0 K        |
  |   timestep dt          :     5.0 fs       |
  |   dump interval(trj)   :   100.0 fs       |
  |   SHAKE algorithm      : true (all bonds) |
  |   Vbias prefactor (k)  :  0.0035 Eh       |
  |   Vbias exponent (α)   :  1.0000 bohr⁻²   |
*sMTD   6 completed successfully ...        6 min, 17.555 sec
  :::::::::: starting static MTD  19 ::::::::::
  |   MD simulation time   :    29.0 ps       |
  |   target T             :   400.0 K        |
  |   timestep dt          :     5.0 fs       |
  |   dump interval(trj)   :   100.0 fs       |
  |   SHAKE algorithm      : true (all bonds) |
  |   Vbias prefactor (k)  :  0.0035 Eh       |
  |   Vbias exponent (α)   :  1.0000 bohr⁻²   |
*sMTD   2 completed successfully ...        6 min, 17.952 sec
  :::::::::: starting static MTD  20 ::::::::::
  |   MD simulation time   :    29.0 ps       |
  |   target T             :   400.0 K        |
  |   timestep dt          :     5.0 fs       |
  |   dump interval(trj)   :   100.0 fs       |
  |   SHAKE algorithm      : true (all bonds) |
  |   Vbias prefactor (k)  :  0.0035 Eh       |
  |   Vbias exponent (α)   :  1.0000 bohr⁻²   |
*sMTD  15 completed successfully ...        6 min, 18.226 sec
  :::::::::: starting static MTD  21 ::::::::::
  |   MD simulation time   :    29.0 ps       |
  |   target T             :   400.0 K        |
  |   timestep dt          :     5.0 fs       |
  |   dump interval(trj)   :   100.0 fs       |
  |   SHAKE algorithm      : true (all bonds) |
  |   Vbias prefactor (k)  :  0.0035 Eh       |
  |   Vbias exponent (α)   :  1.0000 bohr⁻²   |
*sMTD   8 completed successfully ...        6 min, 18.382 sec
  :::::::::: starting static MTD  22 ::::::::::
  |   MD simulation time   :    29.0 ps       |
  |   target T             :   400.0 K        |
  |   timestep dt          :     5.0 fs       |
  |   dump interval(trj)   :   100.0 fs       |
  |   SHAKE algorithm      : true (all bonds) |
  |   Vbias prefactor (k)  :  0.0035 Eh       |
  |   Vbias exponent (α)   :  1.0000 bohr⁻²   |
*sMTD  11 completed successfully ...        6 min, 18.466 sec
  :::::::::: starting static MTD  23 ::::::::::
  |   MD simulation time   :    29.0 ps       |
  |   target T             :   400.0 K        |
  |   timestep dt          :     5.0 fs       |
  |   dump interval(trj)   :   100.0 fs       |
  |   SHAKE algorithm      : true (all bonds) |
  |   Vbias prefactor (k)  :  0.0035 Eh       |
  |   Vbias exponent (α)   :  1.0000 bohr⁻²   |
*sMTD   7 completed successfully ...        6 min, 18.856 sec
  :::::::::: starting static MTD  24 ::::::::::
  |   MD simulation time   :    29.0 ps       |
  |   target T             :   400.0 K        |
  |   timestep dt          :     5.0 fs       |
  |   dump interval(trj)   :   100.0 fs       |
  |   SHAKE algorithm      : true (all bonds) |
  |   Vbias prefactor (k)  :  0.0035 Eh       |
  |   Vbias exponent (α)   :  1.0000 bohr⁻²   |
*sMTD  14 completed successfully ...        6 min, 19.286 sec
  :::::::::: starting static MTD  25 ::::::::::
  |   MD simulation time   :    29.0 ps       |
  |   target T             :   400.0 K        |
  |   timestep dt          :     5.0 fs       |
  |   dump interval(trj)   :   100.0 fs       |
  |   SHAKE algorithm      : true (all bonds) |
  |   Vbias prefactor (k)  :  0.0035 Eh       |
  |   Vbias exponent (α)   :  1.0000 bohr⁻²   |
*sMTD   5 completed successfully ...        6 min, 20.054 sec
  :::::::::: starting static MTD  26 ::::::::::
  |   MD simulation time   :    29.0 ps       |
  |   target T             :   400.0 K        |
  |   timestep dt          :     5.0 fs       |
  |   dump interval(trj)   :   100.0 fs       |
  |   SHAKE algorithm      : true (all bonds) |
  |   Vbias prefactor (k)  :  0.0035 Eh       |
  |   Vbias exponent (α)   :  1.0000 bohr⁻²   |
*sMTD   4 completed successfully ...        6 min, 20.067 sec
  :::::::::: starting static MTD  27 ::::::::::
  |   MD simulation time   :    29.0 ps       |
  |   target T             :   400.0 K        |
  |   timestep dt          :     5.0 fs       |
  |   dump interval(trj)   :   100.0 fs       |
  |   SHAKE algorithm      : true (all bonds) |
  |   Vbias prefactor (k)  :  0.0035 Eh       |
  |   Vbias exponent (α)   :  1.0000 bohr⁻²   |
*sMTD  36 completed successfully ...        6 min, 20.690 sec
  :::::::::: starting static MTD  35 ::::::::::
  |   MD simulation time   :    29.0 ps       |
  |   target T             :   400.0 K        |
  |   timestep dt          :     5.0 fs       |
  |   dump interval(trj)   :   100.0 fs       |
  |   SHAKE algorithm      : true (all bonds) |
  |   Vbias prefactor (k)  :  0.0035 Eh       |
  |   Vbias exponent (α)   :  1.0000 bohr⁻²   |
*sMTD   3 completed successfully ...        6 min, 20.981 sec
  :::::::::: starting static MTD  28 ::::::::::
  |   MD simulation time   :    29.0 ps       |
  |   target T             :   400.0 K        |
  |   timestep dt          :     5.0 fs       |
  |   dump interval(trj)   :   100.0 fs       |
  |   SHAKE algorithm      : true (all bonds) |
  |   Vbias prefactor (k)  :  0.0035 Eh       |
  |   Vbias exponent (α)   :  1.0000 bohr⁻²   |
*sMTD   1 completed successfully ...        6 min, 21.043 sec
  :::::::::: starting static MTD  29 ::::::::::
  |   MD simulation time   :    29.0 ps       |
  |   target T             :   400.0 K        |
  |   timestep dt          :     5.0 fs       |
  |   dump interval(trj)   :   100.0 fs       |
  |   SHAKE algorithm      : true (all bonds) |
  |   Vbias prefactor (k)  :  0.0035 Eh       |
  |   Vbias exponent (α)   :  1.0000 bohr⁻²   |
*sMTD  12 completed successfully ...        6 min, 22.487 sec
  :::::::::: starting static MTD  30 ::::::::::
  |   MD simulation time   :    29.0 ps       |
  |   target T             :   400.0 K        |
  |   timestep dt          :     5.0 fs       |
  |   dump interval(trj)   :   100.0 fs       |
  |   SHAKE algorithm      : true (all bonds) |
  |   Vbias prefactor (k)  :  0.0035 Eh       |
  |   Vbias exponent (α)   :  1.0000 bohr⁻²   |
*sMTD  16 completed successfully ...        6 min, 16.530 sec
  :::::::::: starting static MTD  31 ::::::::::
  |   MD simulation time   :    29.0 ps       |
  |   target T             :   400.0 K        |
  |   timestep dt          :     5.0 fs       |
  |   dump interval(trj)   :   100.0 fs       |
  |   SHAKE algorithm      : true (all bonds) |
  |   Vbias prefactor (k)  :  0.0035 Eh       |
  |   Vbias exponent (α)   :  1.0000 bohr⁻²   |
*sMTD  20 completed successfully ...        6 min, 13.289 sec
  :::::::::: starting static MTD  32 ::::::::::
  |   MD simulation time   :    29.0 ps       |
  |   target T             :   400.0 K        |
  |   timestep dt          :     5.0 fs       |
  |   dump interval(trj)   :   100.0 fs       |
  |   SHAKE algorithm      : true (all bonds) |
  |   Vbias prefactor (k)  :  0.0035 Eh       |
  |   Vbias exponent (α)   :  1.0000 bohr⁻²   |
*sMTD  35 completed successfully ...        6 min, 12.233 sec
  :::::::::: starting static MTD  34 ::::::::::
  |   MD simulation time   :    29.0 ps       |
  |   target T             :   400.0 K        |
  |   timestep dt          :     5.0 fs       |
  |   dump interval(trj)   :   100.0 fs       |
  |   SHAKE algorithm      : true (all bonds) |
  |   Vbias prefactor (k)  :  0.0035 Eh       |
  |   Vbias exponent (α)   :  1.0000 bohr⁻²   |
*sMTD  18 completed successfully ...        6 min, 16.839 sec
  :::::::::: starting static MTD  33 ::::::::::
  |   MD simulation time   :    29.0 ps       |
  |   target T             :   400.0 K        |
  |   timestep dt          :     5.0 fs       |
  |   dump interval(trj)   :   100.0 fs       |
  |   SHAKE algorithm      : true (all bonds) |
  |   Vbias prefactor (k)  :  0.0035 Eh       |
  |   Vbias exponent (α)   :  1.0000 bohr⁻²   |
*sMTD  19 completed successfully ...        6 min, 17.000 sec
*sMTD  27 completed successfully ...        6 min, 14.790 sec
*sMTD  24 completed successfully ...        6 min, 16.652 sec
*sMTD  17 completed successfully ...        6 min, 19.845 sec
*sMTD  26 completed successfully ...        6 min, 16.364 sec
*sMTD  21 completed successfully ...        6 min, 18.290 sec
*sMTD  23 completed successfully ...        6 min, 20.261 sec
*sMTD  25 completed successfully ...        6 min, 19.638 sec
*sMTD  22 completed successfully ...        6 min, 20.853 sec
*sMTD  29 completed successfully ...        6 min, 18.516 sec
*sMTD  28 completed successfully ...        6 min, 18.897 sec
*sMTD  30 completed successfully ...        6 min, 30.207 sec
*sMTD  32 completed successfully ...        5 min, 11.179 sec
*sMTD  31 completed successfully ...        5 min, 16.490 sec
*sMTD  33 completed successfully ...        5 min, 14.210 sec
*sMTD  34 completed successfully ...        5 min, 15.619 sec

 ======================================
 |  Multilevel Ensemble Optimization  |
 ======================================
 Optimizing all 10404 structures from file "crest_rotamers_0.xyz" ...
 ----------------------
 crude pre-optimization
 ----------------------
 Optimization engine: ANCOPT
 Hessian update type: BFGS
 E/G convergence criteria:  0.500E-03 Eh, 0.100E-01 Eh/a0
 maximum optimization steps: 200
 |>0.0% |>2.5% |>5.0% |>7.5% |>10.0% |>12.5% |>15.0% |>17.5% |>20.0% |>22.5% |>25.0% |>27.5% |>30.0% |>32.5% |>35.0% |>37.5% |>40.0% |>42.5% |>45.0% |>47.5% |>50.0% |>52.5% |>55.0% |>57.5% |>60.0% |>62.5% |>65.0% |>67.5% |>70.0% |>72.5% |>75.0% |>77.5% |>80.0% |>82.5% |>85.0% |>87.5% |>90.0% |>92.5% |>95.0% |>97.5% |>100.0%
 done.
> 10404 of 10404 structures successfully optimized (100.0% success)
> Total runtime for 10404 optimizations:
 * wall-time:     0 d,  0 h,  7 min, 42.841 sec
 *  cpu-time:     0 d,  2 h,  2 min, 38.493 sec
 * ratio c/w:    15.899 speedup
> Corresponding to approximately 0.044 sec per processed structure

CREGEN> running RMSDs ... done.
CREGEN> E lowest :   -65.93439
 10104 structures remain within    12.00 kcal/mol window
 ---------------------------------------
 optimization with very tight thresholds
 ---------------------------------------
 Optimization engine: ANCOPT
 Hessian update type: BFGS
 E/G convergence criteria:  0.100E-06 Eh, 0.200E-03 Eh/a0
 maximum optimization steps: 200
 |>0.0% |>2.5% |>5.0% |>7.5% |>10.0% |>12.5% |>15.0% |>17.5% |>20.0% |>22.5% |>25.0% |>27.5% |>30.0% |>32.5% |>35.0% |>37.5% |>40.0% |>42.5% |>45.0% |>47.5% |>50.0% |>52.5% |>55.0% |>57.5% |>60.0% |>62.5% |>65.0% |>67.5% |>70.0% |>72.5% |>75.0% |>77.5% |>80.0% |>82.5% |>85.0% |>87.5% |>90.0% |>92.5% |>95.0% |>97.5% |>100.0%
 done.
> 9292 of 10104 structures successfully optimized (92.0% success)
> Total runtime for 10104 optimizations:
 * wall-time:     0 d,  1 h,  5 min, 15.793 sec
 *  cpu-time:     0 d, 17 h, 20 min, 24.061 sec
 * ratio c/w:    15.942 speedup
> Corresponding to approximately 0.388 sec per processed structure

CREGEN> running RMSDs ... done.
CREGEN> E lowest :   -65.93525
 2789 structures remain within     6.00 kcal/mol window
CREGEN> running RMSDs ... done.
CREGEN> E lowest :   -65.93525

 Static MTD simulation iteration 7 finished
 A total of 5405 conformers (+ 2.22%) in crest_conformers.xyz
 S(approx.) =   13.454102 cal/molK (dS = 0.55%)
 Convergence w.r.t. conformers: F
 Convergence w.r.t. entropy   : F

     H(298.15K)-H(0) (conf)      1.547484
                   Cp(conf)      4.853805
                    S(conf)     13.449287

********************************************************************************
**                     I T E R A T I O N    C Y C L E      8                  **
********************************************************************************
 -------------------------------------------
 determining bias structures via PCA/k-Means
 -------------------------------------------

 91 structures were selected
 done.

 -----------------------------------------------
 determining MTD seed structures via PCA/k-Means
 -----------------------------------------------

 36 structures were selected
 done.


 ===========================================================
 Static MTDs (umbrella sampling) on 36 selected conformer(s)
 ===========================================================
> Using 91 constant RMSD bias potentials per MTD
  :::::::::: starting static MTD   1 ::::::::::
  |   MD simulation time   :    29.0 ps       |
  |   target T             :   400.0 K        |
  |   timestep dt          :     5.0 fs       |
  |   dump interval(trj)   :   100.0 fs       |
  |   SHAKE algorithm      : true (all bonds) |
  |   Vbias prefactor (k)  :  0.0035 Eh       |
  |   Vbias exponent (α)   :  1.0000 bohr⁻²   |
  :::::::::: starting static MTD   2 ::::::::::
  |   MD simulation time   :    29.0 ps       |
  |   target T             :   400.0 K        |
  |   timestep dt          :     5.0 fs       |
  |   dump interval(trj)   :   100.0 fs       |
  |   SHAKE algorithm      : true (all bonds) |
  |   Vbias prefactor (k)  :  0.0035 Eh       |
  |   Vbias exponent (α)   :  1.0000 bohr⁻²   |
  :::::::::: starting static MTD   4 ::::::::::
  |   MD simulation time   :    29.0 ps       |
  |   target T             :   400.0 K        |
  |   timestep dt          :     5.0 fs       |
  |   dump interval(trj)   :   100.0 fs       |
  |   SHAKE algorithm      : true (all bonds) |
  |   Vbias prefactor (k)  :  0.0035 Eh       |
  |   Vbias exponent (α)   :  1.0000 bohr⁻²   |
  :::::::::: starting static MTD   3 ::::::::::
  |   MD simulation time   :    29.0 ps       |
  |   target T             :   400.0 K        |
  |   timestep dt          :     5.0 fs       |
  |   dump interval(trj)   :   100.0 fs       |
  |   SHAKE algorithm      : true (all bonds) |
  |   Vbias prefactor (k)  :  0.0035 Eh       |
  |   Vbias exponent (α)   :  1.0000 bohr⁻²   |
  :::::::::: starting static MTD  36 ::::::::::
  |   MD simulation time   :    29.0 ps       |
  |   target T             :   400.0 K        |
  |   timestep dt          :     5.0 fs       |
  |   dump interval(trj)   :   100.0 fs       |
  |   SHAKE algorithm      : true (all bonds) |
  |   Vbias prefactor (k)  :  0.0035 Eh       |
  |   Vbias exponent (α)   :  1.0000 bohr⁻²   |
  :::::::::: starting static MTD   8 ::::::::::
  |   MD simulation time   :    29.0 ps       |
  |   target T             :   400.0 K        |
  |   timestep dt          :     5.0 fs       |
  |   dump interval(trj)   :   100.0 fs       |
  |   SHAKE algorithm      : true (all bonds) |
  |   Vbias prefactor (k)  :  0.0035 Eh       |
  |   Vbias exponent (α)   :  1.0000 bohr⁻²   |
  :::::::::: starting static MTD  12 ::::::::::
  |   MD simulation time   :    29.0 ps       |
  |   target T             :   400.0 K        |
  |   timestep dt          :     5.0 fs       |
  |   dump interval(trj)   :   100.0 fs       |
  |   SHAKE algorithm      : true (all bonds) |
  |   Vbias prefactor (k)  :  0.0035 Eh       |
  |   Vbias exponent (α)   :  1.0000 bohr⁻²   |
  :::::::::: starting static MTD  10 ::::::::::
  |   MD simulation time   :    29.0 ps       |
  |   target T             :   400.0 K        |
  |   timestep dt          :     5.0 fs       |
  |   dump interval(trj)   :   100.0 fs       |
  |   SHAKE algorithm      : true (all bonds) |
  |   Vbias prefactor (k)  :  0.0035 Eh       |
  |   Vbias exponent (α)   :  1.0000 bohr⁻²   |
  :::::::::: starting static MTD   6 ::::::::::
  |   MD simulation time   :    29.0 ps       |
  |   target T             :   400.0 K        |
  |   timestep dt          :     5.0 fs       |
  |   dump interval(trj)   :   100.0 fs       |
  |   SHAKE algorithm      : true (all bonds) |
  |   Vbias prefactor (k)  :  0.0035 Eh       |
  |   Vbias exponent (α)   :  1.0000 bohr⁻²   |
  :::::::::: starting static MTD  14 ::::::::::
  |   MD simulation time   :    29.0 ps       |
  |   target T             :   400.0 K        |
  |   timestep dt          :     5.0 fs       |
  |   dump interval(trj)   :   100.0 fs       |
  |   SHAKE algorithm      : true (all bonds) |
  |   Vbias prefactor (k)  :  0.0035 Eh       |
  |   Vbias exponent (α)   :  1.0000 bohr⁻²   |
  :::::::::: starting static MTD   7 ::::::::::
  |   MD simulation time   :    29.0 ps       |
  |   target T             :   400.0 K        |
  |   timestep dt          :     5.0 fs       |
  |   dump interval(trj)   :   100.0 fs       |
  |   SHAKE algorithm      : true (all bonds) |
  |   Vbias prefactor (k)  :  0.0035 Eh       |
  |   Vbias exponent (α)   :  1.0000 bohr⁻²   |
  :::::::::: starting static MTD   5 ::::::::::
  |   MD simulation time   :    29.0 ps       |
  |   target T             :   400.0 K        |
  |   timestep dt          :     5.0 fs       |
  |   dump interval(trj)   :   100.0 fs       |
  |   SHAKE algorithm      : true (all bonds) |
  |   Vbias prefactor (k)  :  0.0035 Eh       |
  |   Vbias exponent (α)   :  1.0000 bohr⁻²   |
  :::::::::: starting static MTD  11 ::::::::::
  |   MD simulation time   :    29.0 ps       |
  |   target T             :   400.0 K        |
  |   timestep dt          :     5.0 fs       |
  |   dump interval(trj)   :   100.0 fs       |
  |   SHAKE algorithm      : true (all bonds) |
  |   Vbias prefactor (k)  :  0.0035 Eh       |
  |   Vbias exponent (α)   :  1.0000 bohr⁻²   |
  :::::::::: starting static MTD  15 ::::::::::
  |   MD simulation time   :    29.0 ps       |
  |   target T             :   400.0 K        |
  |   timestep dt          :     5.0 fs       |
  |   dump interval(trj)   :   100.0 fs       |
  |   SHAKE algorithm      : true (all bonds) |
  |   Vbias prefactor (k)  :  0.0035 Eh       |
  |   Vbias exponent (α)   :  1.0000 bohr⁻²   |
  :::::::::: starting static MTD  13 ::::::::::
  |   MD simulation time   :    29.0 ps       |
  |   target T             :   400.0 K        |
  |   timestep dt          :     5.0 fs       |
  |   dump interval(trj)   :   100.0 fs       |
  |   SHAKE algorithm      : true (all bonds) |
  |   Vbias prefactor (k)  :  0.0035 Eh       |
  |   Vbias exponent (α)   :  1.0000 bohr⁻²   |
  :::::::::: starting static MTD   9 ::::::::::
  |   MD simulation time   :    29.0 ps       |
  |   target T             :   400.0 K        |
  |   timestep dt          :     5.0 fs       |
  |   dump interval(trj)   :   100.0 fs       |
  |   SHAKE algorithm      : true (all bonds) |
  |   Vbias prefactor (k)  :  0.0035 Eh       |
  |   Vbias exponent (α)   :  1.0000 bohr⁻²   |
*sMTD  15 completed successfully ...        6 min, 13.188 sec
  :::::::::: starting static MTD  16 ::::::::::
  |   MD simulation time   :    29.0 ps       |
  |   target T             :   400.0 K        |
  |   timestep dt          :     5.0 fs       |
  |   dump interval(trj)   :   100.0 fs       |
  |   SHAKE algorithm      : true (all bonds) |
  |   Vbias prefactor (k)  :  0.0035 Eh       |
  |   Vbias exponent (α)   :  1.0000 bohr⁻²   |
*sMTD  11 completed successfully ...        6 min, 13.755 sec
  :::::::::: starting static MTD  17 ::::::::::
  |   MD simulation time   :    29.0 ps       |
  |   target T             :   400.0 K        |
  |   timestep dt          :     5.0 fs       |
  |   dump interval(trj)   :   100.0 fs       |
  |   SHAKE algorithm      : true (all bonds) |
  |   Vbias prefactor (k)  :  0.0035 Eh       |
  |   Vbias exponent (α)   :  1.0000 bohr⁻²   |
*sMTD  10 completed successfully ...        6 min, 14.331 sec
  :::::::::: starting static MTD  18 ::::::::::
  |   MD simulation time   :    29.0 ps       |
  |   target T             :   400.0 K        |
  |   timestep dt          :     5.0 fs       |
  |   dump interval(trj)   :   100.0 fs       |
  |   SHAKE algorithm      : true (all bonds) |
  |   Vbias prefactor (k)  :  0.0035 Eh       |
  |   Vbias exponent (α)   :  1.0000 bohr⁻²   |
*sMTD  36 completed successfully ...        6 min, 15.864 sec
  :::::::::: starting static MTD  35 ::::::::::
  |   MD simulation time   :    29.0 ps       |
  |   target T             :   400.0 K        |
  |   timestep dt          :     5.0 fs       |
  |   dump interval(trj)   :   100.0 fs       |
  |   SHAKE algorithm      : true (all bonds) |
  |   Vbias prefactor (k)  :  0.0035 Eh       |
  |   Vbias exponent (α)   :  1.0000 bohr⁻²   |
*sMTD   9 completed successfully ...        6 min, 16.194 sec
  :::::::::: starting static MTD  19 ::::::::::
  |   MD simulation time   :    29.0 ps       |
  |   target T             :   400.0 K        |
  |   timestep dt          :     5.0 fs       |
  |   dump interval(trj)   :   100.0 fs       |
  |   SHAKE algorithm      : true (all bonds) |
  |   Vbias prefactor (k)  :  0.0035 Eh       |
  |   Vbias exponent (α)   :  1.0000 bohr⁻²   |
*sMTD  14 completed successfully ...        6 min, 16.678 sec
  :::::::::: starting static MTD  20 ::::::::::
  |   MD simulation time   :    29.0 ps       |
  |   target T             :   400.0 K        |
  |   timestep dt          :     5.0 fs       |
  |   dump interval(trj)   :   100.0 fs       |
  |   SHAKE algorithm      : true (all bonds) |
  |   Vbias prefactor (k)  :  0.0035 Eh       |
  |   Vbias exponent (α)   :  1.0000 bohr⁻²   |
*sMTD   8 completed successfully ...        6 min, 16.843 sec
  :::::::::: starting static MTD  21 ::::::::::
  |   MD simulation time   :    29.0 ps       |
  |   target T             :   400.0 K        |
  |   timestep dt          :     5.0 fs       |
  |   dump interval(trj)   :   100.0 fs       |
  |   SHAKE algorithm      : true (all bonds) |
  |   Vbias prefactor (k)  :  0.0035 Eh       |
  |   Vbias exponent (α)   :  1.0000 bohr⁻²   |
*sMTD  12 completed successfully ...        6 min, 18.773 sec
  :::::::::: starting static MTD  22 ::::::::::
  |   MD simulation time   :    29.0 ps       |
  |   target T             :   400.0 K        |
  |   timestep dt          :     5.0 fs       |
  |   dump interval(trj)   :   100.0 fs       |
  |   SHAKE algorithm      : true (all bonds) |
  |   Vbias prefactor (k)  :  0.0035 Eh       |
  |   Vbias exponent (α)   :  1.0000 bohr⁻²   |
*sMTD  13 completed successfully ...        6 min, 19.353 sec
  :::::::::: starting static MTD  23 ::::::::::
  |   MD simulation time   :    29.0 ps       |
  |   target T             :   400.0 K        |
  |   timestep dt          :     5.0 fs       |
  |   dump interval(trj)   :   100.0 fs       |
  |   SHAKE algorithm      : true (all bonds) |
  |   Vbias prefactor (k)  :  0.0035 Eh       |
  |   Vbias exponent (α)   :  1.0000 bohr⁻²   |
*sMTD   2 completed successfully ...        6 min, 20.393 sec
  :::::::::: starting static MTD  24 ::::::::::
  |   MD simulation time   :    29.0 ps       |
  |   target T             :   400.0 K        |
  |   timestep dt          :     5.0 fs       |
  |   dump interval(trj)   :   100.0 fs       |
  |   SHAKE algorithm      : true (all bonds) |
  |   Vbias prefactor (k)  :  0.0035 Eh       |
  |   Vbias exponent (α)   :  1.0000 bohr⁻²   |
*sMTD   5 completed successfully ...        6 min, 20.883 sec
  :::::::::: starting static MTD  25 ::::::::::
  |   MD simulation time   :    29.0 ps       |
  |   target T             :   400.0 K        |
  |   timestep dt          :     5.0 fs       |
  |   dump interval(trj)   :   100.0 fs       |
  |   SHAKE algorithm      : true (all bonds) |
  |   Vbias prefactor (k)  :  0.0035 Eh       |
  |   Vbias exponent (α)   :  1.0000 bohr⁻²   |
*sMTD   3 completed successfully ...        6 min, 21.300 sec
  :::::::::: starting static MTD  26 ::::::::::
  |   MD simulation time   :    29.0 ps       |
  |   target T             :   400.0 K        |
  |   timestep dt          :     5.0 fs       |
  |   dump interval(trj)   :   100.0 fs       |
  |   SHAKE algorithm      : true (all bonds) |
  |   Vbias prefactor (k)  :  0.0035 Eh       |
  |   Vbias exponent (α)   :  1.0000 bohr⁻²   |
*sMTD   6 completed successfully ...        6 min, 21.368 sec
  :::::::::: starting static MTD  27 ::::::::::
  |   MD simulation time   :    29.0 ps       |
  |   target T             :   400.0 K        |
  |   timestep dt          :     5.0 fs       |
  |   dump interval(trj)   :   100.0 fs       |
  |   SHAKE algorithm      : true (all bonds) |
  |   Vbias prefactor (k)  :  0.0035 Eh       |
  |   Vbias exponent (α)   :  1.0000 bohr⁻²   |
*sMTD   1 completed successfully ...        6 min, 21.408 sec
  :::::::::: starting static MTD  28 ::::::::::
  |   MD simulation time   :    29.0 ps       |
  |   target T             :   400.0 K        |
  |   timestep dt          :     5.0 fs       |
  |   dump interval(trj)   :   100.0 fs       |
  |   SHAKE algorithm      : true (all bonds) |
  |   Vbias prefactor (k)  :  0.0035 Eh       |
  |   Vbias exponent (α)   :  1.0000 bohr⁻²   |
*sMTD   7 completed successfully ...        6 min, 25.350 sec
  :::::::::: starting static MTD  29 ::::::::::
  |   MD simulation time   :    29.0 ps       |
  |   target T             :   400.0 K        |
  |   timestep dt          :     5.0 fs       |
  |   dump interval(trj)   :   100.0 fs       |
  |   SHAKE algorithm      : true (all bonds) |
  |   Vbias prefactor (k)  :  0.0035 Eh       |
  |   Vbias exponent (α)   :  1.0000 bohr⁻²   |
*sMTD   4 completed successfully ...        6 min, 26.587 sec
  :::::::::: starting static MTD  30 ::::::::::
  |   MD simulation time   :    29.0 ps       |
  |   target T             :   400.0 K        |
  |   timestep dt          :     5.0 fs       |
  |   dump interval(trj)   :   100.0 fs       |
  |   SHAKE algorithm      : true (all bonds) |
  |   Vbias prefactor (k)  :  0.0035 Eh       |
  |   Vbias exponent (α)   :  1.0000 bohr⁻²   |
*sMTD  18 completed successfully ...        6 min, 13.452 sec
  :::::::::: starting static MTD  31 ::::::::::
  |   MD simulation time   :    29.0 ps       |
  |   target T             :   400.0 K        |
  |   timestep dt          :     5.0 fs       |
  |   dump interval(trj)   :   100.0 fs       |
  |   SHAKE algorithm      : true (all bonds) |
  |   Vbias prefactor (k)  :  0.0035 Eh       |
  |   Vbias exponent (α)   :  1.0000 bohr⁻²   |
*sMTD  16 completed successfully ...        6 min, 17.938 sec
  :::::::::: starting static MTD  32 ::::::::::
  |   MD simulation time   :    29.0 ps       |
  |   target T             :   400.0 K        |
  |   timestep dt          :     5.0 fs       |
  |   dump interval(trj)   :   100.0 fs       |
  |   SHAKE algorithm      : true (all bonds) |
  |   Vbias prefactor (k)  :  0.0035 Eh       |
  |   Vbias exponent (α)   :  1.0000 bohr⁻²   |
*sMTD  17 completed successfully ...        6 min, 17.645 sec
  :::::::::: starting static MTD  33 ::::::::::
  |   MD simulation time   :    29.0 ps       |
  |   target T             :   400.0 K        |
  |   timestep dt          :     5.0 fs       |
  |   dump interval(trj)   :   100.0 fs       |
  |   SHAKE algorithm      : true (all bonds) |
  |   Vbias prefactor (k)  :  0.0035 Eh       |
  |   Vbias exponent (α)   :  1.0000 bohr⁻²   |
*sMTD  27 completed successfully ...        6 min, 11.932 sec
  :::::::::: starting static MTD  34 ::::::::::
  |   MD simulation time   :    29.0 ps       |
  |   target T             :   400.0 K        |
  |   timestep dt          :     5.0 fs       |
  |   dump interval(trj)   :   100.0 fs       |
  |   SHAKE algorithm      : true (all bonds) |
  |   Vbias prefactor (k)  :  0.0035 Eh       |
  |   Vbias exponent (α)   :  1.0000 bohr⁻²   |
*sMTD  35 completed successfully ...        6 min, 17.536 sec
*sMTD  22 completed successfully ...        6 min, 15.933 sec
*sMTD  28 completed successfully ...        6 min, 13.942 sec
*sMTD  23 completed successfully ...        6 min, 16.134 sec
*sMTD  20 completed successfully ...        6 min, 20.252 sec
*sMTD  21 completed successfully ...        6 min, 20.488 sec
*sMTD  19 completed successfully ...        6 min, 21.369 sec
*sMTD  24 completed successfully ...        6 min, 18.949 sec
*sMTD  26 completed successfully ...        6 min, 18.356 sec
*sMTD  25 completed successfully ...        6 min, 19.224 sec
*sMTD  30 completed successfully ...        6 min, 13.903 sec
*sMTD  29 completed successfully ...        6 min, 15.895 sec
*sMTD  32 completed successfully ...        5 min,  9.415 sec
*sMTD  31 completed successfully ...        5 min, 15.598 sec
*sMTD  33 completed successfully ...        5 min, 13.258 sec
*sMTD  34 completed successfully ...        5 min, 14.664 sec

 ======================================
 |  Multilevel Ensemble Optimization  |
 ======================================
 Optimizing all 10404 structures from file "crest_rotamers_0.xyz" ...
 ----------------------
 crude pre-optimization
 ----------------------
 Optimization engine: ANCOPT
 Hessian update type: BFGS
 E/G convergence criteria:  0.500E-03 Eh, 0.100E-01 Eh/a0
 maximum optimization steps: 200
 |>0.0% |>2.5% |>5.0% |>7.5% |>10.0% |>12.5% |>15.0% |>17.5% |>20.0% |>22.5% |>25.0% |>27.5% |>30.0% |>32.5% |>35.0% |>37.5% |>40.0% |>42.5% |>45.0% |>47.5% |>50.0% |>52.5% |>55.0% |>57.5% |>60.0% |>62.5% |>65.0% |>67.5% |>70.0% |>72.5% |>75.0% |>77.5% |>80.0% |>82.5% |>85.0% |>87.5% |>90.0% |>92.5% |>95.0% |>97.5% |>100.0%
 done.
> 10404 of 10404 structures successfully optimized (100.0% success)
> Total runtime for 10404 optimizations:
 * wall-time:     0 d,  0 h,  7 min, 40.263 sec
 *  cpu-time:     0 d,  2 h,  1 min, 48.780 sec
 * ratio c/w:    15.880 speedup
> Corresponding to approximately 0.044 sec per processed structure

CREGEN> running RMSDs ... done.
CREGEN> E lowest :   -65.93453
 10136 structures remain within    12.00 kcal/mol window
 ---------------------------------------
 optimization with very tight thresholds
 ---------------------------------------
 Optimization engine: ANCOPT
 Hessian update type: BFGS
 E/G convergence criteria:  0.100E-06 Eh, 0.200E-03 Eh/a0
 maximum optimization steps: 200
 |>0.0% |>2.5% |>5.0% |>7.5% |>10.0% |>12.5% |>15.0% |>17.5% |>20.0% |>22.5% |>25.0% |>27.5% |>30.0% |>32.5% |>35.0% |>37.5% |>40.0% |>42.5% |>45.0% |>47.5% |>50.0% |>52.5% |>55.0% |>57.5% |>60.0% |>62.5% |>65.0% |>67.5% |>70.0% |>72.5% |>75.0% |>77.5% |>80.0% |>82.5% |>85.0% |>87.5% |>90.0% |>92.5% |>95.0% |>97.5% |>100.0%
 done.
> 9285 of 10136 structures successfully optimized (91.6% success)
> Total runtime for 10136 optimizations:
 * wall-time:     0 d,  1 h,  6 min,  1.570 sec
 *  cpu-time:     0 d, 17 h, 33 min,  2.537 sec
 * ratio c/w:    15.949 speedup
> Corresponding to approximately 0.391 sec per processed structure

CREGEN> running RMSDs ... done.
CREGEN> E lowest :   -65.93525
 2692 structures remain within     6.00 kcal/mol window
CREGEN> running RMSDs ... done.
CREGEN> E lowest :   -65.93525

 Static MTD simulation iteration 8 finished
 A total of 5501 conformers (+ 1.75%) in crest_conformers.xyz
 S(approx.) =   13.502484 cal/molK (dS = 0.36%)
 Convergence w.r.t. conformers: T
 Convergence w.r.t. entropy   : T

     H(298.15K)-H(0) (conf)      1.588253
                   Cp(conf)      4.815154
                    S(conf)     13.497638


 --------------------------
 Final Ensemble Information
 --------------------------
 input  file name : crest_rotamers_2.xyz
 output file name : crest_rotamers_3.xyz
 number of atoms                :   48
 number of points on xyz files  :   23787
 RMSD threshold                 :   0.1250
 Bconst threshold               :   0.0100
 population threshold           :   0.0500
 # fragment in coord            :     1
 # bonds in reference structure :    49
 number of reliable points      : 23787
 sorting energy window (EWIN)   :    6.0000 / kcal*mol⁻¹
 reference state Etot           :  -65.935249479999996
 number of doubles removed by rot/RMSD         :        1325
 total number unique points considered further :       22462
       Erel/kcal        Etot weight/tot  conformer     set   degen     origin
       1   0.000   -65.93525    0.00133    0.06666       1      50
       2   0.005   -65.93524    0.00132    0.00132       2       1
       3   0.007   -65.93524    0.00132    0.00132       3       1
       4   0.034   -65.93520    0.00126    0.00126       4       1
       5   0.156   -65.93500    0.00103    0.05229       5      51
       6   0.227   -65.93489    0.00091    0.00363       6       4
       7   0.230   -65.93488    0.00091    0.01083       7      12
       8   0.238   -65.93487    0.00089    0.00179       8       2
       9   0.240   -65.93487    0.00089    0.00354       9       4
      10   0.247   -65.93486    0.00088    0.00088      10       1
      11   0.248   -65.93486    0.00088    0.00343      11       4
      12   0.235   -65.93488    0.00090    0.00090      12       1
      13   0.312   -65.93475    0.00079    0.02287      13      29
      14   0.349   -65.93469    0.00074    0.03182      14      43
      15   0.392   -65.93462    0.00069    0.02545      15      37
      16   0.397   -65.93462    0.00068    0.00136      16       2
      17   0.404   -65.93461    0.00068    0.00135      17       2
      18   0.404   -65.93461    0.00068    0.02699      18      40
      19   0.408   -65.93460    0.00067    0.00536      19       8
      20   0.414   -65.93459    0.00066    0.00200      20       3
      21   0.401   -65.93461    0.00068    0.00068      21       1
      22   0.415   -65.93459    0.00066    0.00461      22       7
      23   0.419   -65.93458    0.00066    0.03219      23      49
      24   0.419   -65.93458    0.00066    0.00066      24       1
      25   0.429   -65.93457    0.00065    0.00065      25       1
      26   0.419   -65.93458    0.00066    0.00260      26       4
      27   0.431   -65.93456    0.00065    0.00761      27      12
      28   0.449   -65.93453    0.00063    0.00502      28       8
      29   0.453   -65.93453    0.00062    0.00062      29       1
      30   0.452   -65.93453    0.00062    0.00798      30      13
      31   0.471   -65.93450    0.00060    0.00060      31       1
      32   0.483   -65.93448    0.00059    0.00177      32       3
      33   0.508   -65.93444    0.00057    0.00057      33       1
      34   0.548   -65.93438    0.00053    0.02435      34      46
      35   0.611   -65.93428    0.00048    0.02048      35      43
      36   0.614   -65.93427    0.00047    0.00047      36       1
      37   0.615   -65.93427    0.00047    0.00189      37       4
      38   0.633   -65.93424    0.00046    0.01468      38      32
      39   0.634   -65.93424    0.00046    0.02282      39      50
      40   0.642   -65.93423    0.00045    0.00090      40       2
      41   0.652   -65.93421    0.00044    0.00133      41       3
      42   0.679   -65.93417    0.00042    0.02078      42      49
      43   0.685   -65.93416    0.00042    0.00124      43       3
      44   0.700   -65.93413    0.00041    0.00041      44       1
      45   0.700   -65.93413    0.00041    0.01145      45      28
      46   0.700   -65.93413    0.00041    0.00161      46       4
      47   0.761   -65.93404    0.00037    0.01623      47      44
      48   0.769   -65.93402    0.00037    0.00037      48       1
      49   0.769   -65.93402    0.00037    0.00402      49      11
      50   0.768   -65.93403    0.00037    0.00146      50       4
      51   0.772   -65.93402    0.00036    0.00146      51       4
      52   0.772   -65.93402    0.00036    0.00216      52       6
      53   0.782   -65.93400    0.00036    0.00107      53       3
      54   0.782   -65.93400    0.00036    0.00036      54       1
      55   0.782   -65.93400    0.00036    0.00105      55       3
      56   0.787   -65.93399    0.00035    0.00107      56       3
      57   0.788   -65.93399    0.00035    0.00425      57      12
      58   0.806   -65.93397    0.00034    0.00069      58       2
      59   0.800   -65.93398    0.00035    0.00069      59       2
      60   0.811   -65.93396    0.00034    0.00136      60       4
      61   0.811   -65.93396    0.00034    0.00543      61      16
      62   0.815   -65.93395    0.00034    0.00068      62       2
      63   0.816   -65.93395    0.00034    0.00337      63      10
      64   0.821   -65.93394    0.00033    0.00067      64       2
      65   0.822   -65.93394    0.00033    0.00201      65       6
      66   0.827   -65.93393    0.00033    0.00066      66       2
      67   0.834   -65.93392    0.00033    0.00131      67       4
      68   0.840   -65.93391    0.00032    0.00159      68       5
      69   0.845   -65.93390    0.00032    0.00223      69       7
      70   0.903   -65.93381    0.00029    0.01076      70      37
      71   0.911   -65.93380    0.00029    0.00086      71       3
      72   0.917   -65.93379    0.00028    0.00028      72       1
      73   0.934   -65.93376    0.00028    0.00055      73       2
      74   0.953   -65.93373    0.00027    0.00027      74       1
      75   0.970   -65.93370    0.00026    0.01195      75      46
      76   0.972   -65.93370    0.00026    0.01295      76      50
      77   1.016   -65.93363    0.00024    0.00672      77      28
      78   1.044   -65.93359    0.00023    0.00202      78       9
      79   1.048   -65.93358    0.00023    0.00357      79      16
      80   1.072   -65.93354    0.00022    0.00022      80       1
      81   1.073   -65.93354    0.00022    0.00369      81      17
      82   1.080   -65.93353    0.00022    0.00043      82       2
      83   1.098   -65.93350    0.00021    0.00146      83       7
      84   1.103   -65.93349    0.00021    0.00972      84      47
      85   1.103   -65.93349    0.00021    0.00062      85       3
      86   1.135   -65.93344    0.00020    0.00077      86       4
      87   1.156   -65.93341    0.00019    0.00114      87       6
      88   1.164   -65.93339    0.00019    0.01012      88      54
      89   1.172   -65.93338    0.00019    0.00055      89       3
      90   1.207   -65.93333    0.00017    0.00017      90       1
      91   1.216   -65.93331    0.00017    0.00411      91      24
      92   1.235   -65.93328    0.00017    0.00531      92      32
      93   1.240   -65.93327    0.00016    0.00049      93       3
      94   1.254   -65.93325    0.00016    0.00465      94      29
      95   1.262   -65.93324    0.00016    0.00220      95      14
      96   1.275   -65.93322    0.00016    0.00063      96       4
      97   1.275   -65.93322    0.00016    0.00047      97       3
      98   1.276   -65.93322    0.00016    0.00822      98      53
      99   1.291   -65.93319    0.00015    0.00030      99       2
     100   1.298   -65.93318    0.00015    0.00059     100       4
     101   1.304   -65.93317    0.00015    0.00044     101       3
     102   1.304   -65.93317    0.00015    0.00429     102      29
     103   1.307   -65.93317    0.00015    0.00662     103      45
     104   1.315   -65.93315    0.00015    0.00044     104       3
     105   1.315   -65.93315    0.00015    0.00029     105       2
     106   1.315   -65.93315    0.00015    0.00682     106      47
     107   1.329   -65.93313    0.00014    0.00071     107       5
     108   1.334   -65.93312    0.00014    0.00028     108       2
     109   1.344   -65.93311    0.00014    0.00042     109       3
     110   1.344   -65.93311    0.00014    0.00235     110      17
     111   1.350   -65.93310    0.00014    0.00137     111      10
     112   1.352   -65.93310    0.00014    0.00109     112       8
     113   1.354   -65.93309    0.00014    0.00082     113       6
     114   1.349   -65.93310    0.00014    0.00027     114       2
     115   1.355   -65.93309    0.00014    0.00014     115       1
     116   1.362   -65.93308    0.00013    0.00027     116       2
     117   1.369   -65.93307    0.00013    0.00013     117       1
     118   1.370   -65.93307    0.00013    0.00026     118       2
     119   1.370   -65.93307    0.00013    0.00066     119       5
     120   1.370   -65.93307    0.00013    0.00225     120      17
     121   1.371   -65.93306    0.00013    0.00488     121      37
     122   1.385   -65.93304    0.00013    0.00013     122       1
     123   1.428   -65.93297    0.00012    0.00228     123      19
     124   1.429   -65.93297    0.00012    0.00096     124       8
     125   1.430   -65.93297    0.00012    0.00143     125      12
     126   1.432   -65.93297    0.00012    0.00036     126       3
     127   1.434   -65.93296    0.00012    0.00059     127       5
     128   1.434   -65.93296    0.00012    0.00012     128       1
     129   1.434   -65.93296    0.00012    0.00249     129      21
     130   1.440   -65.93295    0.00012    0.00012     130       1
     131   1.434   -65.93296    0.00012    0.00012     131       1
     132   1.443   -65.93295    0.00012    0.00012     132       1
     133   1.444   -65.93295    0.00012    0.00023     133       2
     134   1.447   -65.93294    0.00012    0.00255     134      22
     135   1.451   -65.93294    0.00012    0.00023     135       2
     136   1.457   -65.93293    0.00011    0.00011     136       1
     137   1.457   -65.93293    0.00011    0.00023     137       2
     138   1.457   -65.93293    0.00011    0.00137     138      12
     139   1.459   -65.93293    0.00011    0.00023     139       2
     140   1.462   -65.93292    0.00011    0.00011     140       1
     141   1.462   -65.93292    0.00011    0.00011     141       1
     142   1.462   -65.93292    0.00011    0.00192     142      17
     143   1.459   -65.93292    0.00011    0.00023     143       2
     144   1.466   -65.93291    0.00011    0.00259     144      23
     145   1.467   -65.93291    0.00011    0.00022     145       2
     146   1.468   -65.93291    0.00011    0.00460     146      41
     147   1.470   -65.93291    0.00011    0.00056     147       5
     148   1.477   -65.93290    0.00011    0.00122     148      11
     149   1.478   -65.93289    0.00011    0.00044     149       4
     150   1.478   -65.93289    0.00011    0.00011     150       1
     151   1.481   -65.93289    0.00011    0.00011     151       1
     152   1.478   -65.93289    0.00011    0.00011     152       1
     153   1.483   -65.93289    0.00011    0.00011     153       1
     154   1.478   -65.93289    0.00011    0.00408     154      37
     155   1.481   -65.93289    0.00011    0.00088     155       8
     156   1.485   -65.93288    0.00011    0.00033     156       3
     157   1.486   -65.93288    0.00011    0.00044     157       4
     158   1.486   -65.93288    0.00011    0.00011     158       1
     159   1.490   -65.93288    0.00011    0.00044     159       4
     160   1.490   -65.93287    0.00011    0.00098     160       9
     161   1.477   -65.93290    0.00011    0.00011     161       1
     162   1.491   -65.93287    0.00011    0.00032     162       3
     163   1.487   -65.93288    0.00011    0.00086     163       8
     164   1.488   -65.93288    0.00011    0.00022     164       2
     165   1.496   -65.93287    0.00011    0.00011     165       1
     166   1.489   -65.93288    0.00011    0.00075     166       7
     167   1.496   -65.93286    0.00011    0.00278     167      26
     168   1.499   -65.93286    0.00011    0.00043     168       4
     169   1.496   -65.93287    0.00011    0.00084     169       8
     170   1.500   -65.93286    0.00011    0.00011     170       1
     171   1.503   -65.93285    0.00011    0.00021     171       2
     172   1.508   -65.93285    0.00011    0.00032     172       3
     173   1.507   -65.93285    0.00011    0.00032     173       3
     174   1.508   -65.93285    0.00011    0.00021     174       2
     175   1.508   -65.93285    0.00011    0.00063     175       6
     176   1.508   -65.93285    0.00010    0.00283     176      27
     177   1.514   -65.93284    0.00010    0.00010     177       1
     178   1.514   -65.93284    0.00010    0.00042     178       4
     179   1.514   -65.93284    0.00010    0.00104     179      10
     180   1.515   -65.93283    0.00010    0.00031     180       3
     181   1.516   -65.93283    0.00010    0.00402     181      39
     182   1.537   -65.93280    0.00010    0.00020     182       2
     183   1.514   -65.93284    0.00010    0.00010     183       1
     184   1.527   -65.93282    0.00010    0.00183     184      18
     185   1.537   -65.93280    0.00010    0.00030     185       3
     186   1.537   -65.93280    0.00010    0.00010     186       1
     187   1.537   -65.93280    0.00010    0.00219     187      22
     188   1.543   -65.93279    0.00010    0.00010     188       1
     189   1.543   -65.93279    0.00010    0.00010     189       1
     190   1.543   -65.93279    0.00010    0.00020     190       2
     191   1.543   -65.93279    0.00010    0.00030     191       3
     192   1.543   -65.93279    0.00010    0.00020     192       2
     193   1.543   -65.93279    0.00010    0.00267     193      27
     194   1.551   -65.93278    0.00010    0.00010     194       1
     195   1.551   -65.93278    0.00010    0.00010     195       1
     196   1.551   -65.93278    0.00010    0.00205     196      21
     197   1.554   -65.93277    0.00010    0.00010     197       1
     198   1.555   -65.93277    0.00010    0.00019     198       2
     199   1.555   -65.93277    0.00010    0.00193     199      20
     200   1.564   -65.93276    0.00010    0.00010     200       1
     201   1.564   -65.93276    0.00010    0.00124     201      13
     202   1.578   -65.93273    0.00009    0.00019     202       2
     203   1.580   -65.93273    0.00009    0.00046     203       5
     204   1.593   -65.93271    0.00009    0.00009     204       1
     205   1.593   -65.93271    0.00009    0.00018     205       2
     206   1.593   -65.93271    0.00009    0.00055     206       6
     207   1.593   -65.93271    0.00009    0.00009     207       1
     208   1.593   -65.93271    0.00009    0.00073     208       8
     209   1.593   -65.93271    0.00009    0.00319     209      35
     210   1.598   -65.93270    0.00009    0.00027     210       3
     211   1.599   -65.93270    0.00009    0.00009     211       1
     212   1.599   -65.93270    0.00009    0.00036     212       4
     213   1.601   -65.93270    0.00009    0.00072     213       8
     214   1.602   -65.93270    0.00009    0.00009     214       1
     215   1.602   -65.93270    0.00009    0.00045     215       5
     216   1.602   -65.93270    0.00009    0.00277     216      31
     217   1.604   -65.93269    0.00009    0.00178     217      20
     218   1.609   -65.93269    0.00009    0.00009     218       1
     219   1.609   -65.93269    0.00009    0.00009     219       1
     220   1.609   -65.93269    0.00009    0.00027     220       3
     221   1.609   -65.93269    0.00009    0.00204     221      23
     222   1.610   -65.93268    0.00009    0.00186     222      21
     223   1.612   -65.93268    0.00009    0.00009     223       1
     224   1.615   -65.93268    0.00009    0.00097     224      11
     225   1.616   -65.93267    0.00009    0.00017     225       2
     226   1.616   -65.93267    0.00009    0.00017     226       2
     227   1.617   -65.93267    0.00009    0.00009     227       1
     228   1.608   -65.93269    0.00009    0.00035     228       4
     229   1.617   -65.93267    0.00009    0.00105     229      12
     230   1.617   -65.93267    0.00009    0.00323     230      37
     231   1.622   -65.93267    0.00009    0.00061     231       7
     232   1.622   -65.93267    0.00009    0.00009     232       1
     233   1.622   -65.93266    0.00009    0.00043     233       5
     234   1.628   -65.93266    0.00009    0.00009     234       1
     235   1.625   -65.93266    0.00009    0.00017     235       2
     236   1.626   -65.93266    0.00009    0.00009     236       1
     237   1.625   -65.93266    0.00009    0.00009     237       1
     238   1.629   -65.93265    0.00009    0.00009     238       1
     239   1.622   -65.93266    0.00009    0.00009     239       1
     240   1.609   -65.93268    0.00009    0.00017     240       2
     241   1.629   -65.93265    0.00009    0.00009     241       1
     242   1.629   -65.93265    0.00009    0.00017     242       2
     243   1.629   -65.93265    0.00009    0.00009     243       1
     244   1.630   -65.93265    0.00009    0.00274     244      32
     245   1.632   -65.93265    0.00009    0.00017     245       2
     246   1.632   -65.93265    0.00009    0.00239     246      28
     247   1.634   -65.93265    0.00008    0.00051     247       6
     248   1.630   -65.93265    0.00009    0.00059     248       7
     249   1.635   -65.93264    0.00008    0.00025     249       3
     250   1.636   -65.93264    0.00008    0.00186     250      22
     251   1.637   -65.93264    0.00008    0.00008     251       1
     252   1.642   -65.93263    0.00008    0.00017     252       2
     253   1.628   -65.93266    0.00009    0.00009     253       1
     254   1.643   -65.93263    0.00008    0.00008     254       1
     255   1.645   -65.93263    0.00008    0.00025     255       3
     256   1.645   -65.93263    0.00008    0.00058     256       7
     257   1.646   -65.93263    0.00008    0.00008     257       1
     258   1.646   -65.93263    0.00008    0.00050     258       6
     259   1.644   -65.93263    0.00008    0.00100     259      12
     260   1.649   -65.93262    0.00008    0.00008     260       1
     261   1.646   -65.93263    0.00008    0.00058     261       7
     262   1.645   -65.93263    0.00008    0.00008     262       1
     263   1.645   -65.93263    0.00008    0.00008     263       1
     264   1.651   -65.93262    0.00008    0.00025     264       3
     265   1.651   -65.93262    0.00008    0.00016     265       2
     266   1.653   -65.93261    0.00008    0.00025     266       3
     267   1.654   -65.93261    0.00008    0.00008     267       1
     268   1.651   -65.93262    0.00008    0.00008     268       1
     269   1.657   -65.93261    0.00008    0.00016     269       2
     270   1.660   -65.93260    0.00008    0.00008     270       1
     271   1.660   -65.93260    0.00008    0.00008     271       1
     272   1.661   -65.93260    0.00008    0.00008     272       1
     273   1.661   -65.93260    0.00008    0.00016     273       2
     274   1.661   -65.93260    0.00008    0.00057     274       7
     275   1.664   -65.93260    0.00008    0.00056     275       7
     276   1.669   -65.93259    0.00008    0.00081     276      10
     277   1.665   -65.93260    0.00008    0.00008     277       1
     278   1.663   -65.93260    0.00008    0.00016     278       2
     279   1.669   -65.93259    0.00008    0.00008     279       1
     280   1.669   -65.93259    0.00008    0.00024     280       3
     281   1.669   -65.93259    0.00008    0.00208     281      26
     282   1.675   -65.93258    0.00008    0.00024     282       3
     283   1.671   -65.93259    0.00008    0.00008     283       1
     284   1.680   -65.93257    0.00008    0.00008     284       1
     285   1.676   -65.93258    0.00008    0.00048     285       6
     286   1.676   -65.93258    0.00008    0.00102     286      13
     287   1.685   -65.93256    0.00008    0.00023     287       3
     288   1.668   -65.93259    0.00008    0.00063     288       8
     289   1.682   -65.93257    0.00008    0.00008     289       1
     290   1.686   -65.93256    0.00008    0.00039     290       5
     291   1.682   -65.93257    0.00008    0.00077     291      10
     292   1.692   -65.93255    0.00008    0.00008     292       1
     293   1.672   -65.93259    0.00008    0.00023     293       3
     294   1.694   -65.93255    0.00008    0.00062     294       8
     295   1.679   -65.93257    0.00008    0.00008     295       1
     296   1.698   -65.93254    0.00008    0.00008     296       1
     297   1.700   -65.93254    0.00008    0.00038     297       5
     298   1.701   -65.93254    0.00008    0.00008     298       1
     299   1.702   -65.93254    0.00008    0.00015     299       2
     300   1.702   -65.93254    0.00008    0.00015     300       2
     301   1.702   -65.93254    0.00008    0.00295     301      39
     302   1.707   -65.93253    0.00008    0.00075     302      10
     303   1.716   -65.93251    0.00007    0.00015     303       2
     304   1.718   -65.93251    0.00007    0.00074     304      10
     305   1.719   -65.93251    0.00007    0.00118     305      16
     306   1.722   -65.93251    0.00007    0.00044     306       6
     307   1.725   -65.93250    0.00007    0.00131     307      18
     308   1.722   -65.93251    0.00007    0.00066     308       9
     309   1.723   -65.93250    0.00007    0.00051     309       7
     310   1.729   -65.93249    0.00007    0.00065     310       9
     311   1.729   -65.93249    0.00007    0.00087     311      12
     312   1.730   -65.93249    0.00007    0.00014     312       2
     313   1.730   -65.93249    0.00007    0.00116     313      16
     314   1.730   -65.93249    0.00007    0.00057     314       8
     315   1.737   -65.93248    0.00007    0.00007     315       1
     316   1.737   -65.93248    0.00007    0.00036     316       5
     317   1.737   -65.93248    0.00007    0.00007     317       1
     318   1.729   -65.93249    0.00007    0.00064     318       9
     319   1.737   -65.93248    0.00007    0.00007     319       1
     320   1.737   -65.93248    0.00007    0.00029     320       4
     321   1.737   -65.93248    0.00007    0.00057     321       8
     322   1.738   -65.93248    0.00007    0.00021     322       3
     323   1.739   -65.93248    0.00007    0.00007     323       1
     324   1.739   -65.93248    0.00007    0.00199     324      28
     325   1.743   -65.93247    0.00007    0.00043     325       6
     326   1.745   -65.93247    0.00007    0.00028     326       4
     327   1.743   -65.93247    0.00007    0.00035     327       5
     328   1.729   -65.93249    0.00007    0.00077     328      11
     329   1.748   -65.93246    0.00007    0.00028     329       4
     330   1.748   -65.93246    0.00007    0.00007     330       1
     331   1.745   -65.93247    0.00007    0.00021     331       3
     332   1.746   -65.93247    0.00007    0.00182     332      26
     333   1.749   -65.93246    0.00007    0.00056     333       8
     334   1.750   -65.93246    0.00007    0.00021     334       3
     335   1.751   -65.93246    0.00007    0.00223     335      32
     336   1.749   -65.93246    0.00007    0.00028     336       4
     337   1.754   -65.93245    0.00007    0.00174     337      25
     338   1.749   -65.93246    0.00007    0.00035     338       5
     339   1.754   -65.93245    0.00007    0.00021     339       3
     340   1.759   -65.93245    0.00007    0.00034     340       5
     341   1.764   -65.93244    0.00007    0.00048     341       7
     342   1.764   -65.93244    0.00007    0.00014     342       2
     343   1.764   -65.93244    0.00007    0.00007     343       1
     344   1.764   -65.93244    0.00007    0.00020     344       3
     345   1.764   -65.93244    0.00007    0.00197     345      29
     346   1.773   -65.93242    0.00007    0.00020     346       3
     347   1.764   -65.93244    0.00007    0.00014     347       2
     348   1.773   -65.93242    0.00007    0.00020     348       3
     349   1.775   -65.93242    0.00007    0.00020     349       3
     350   1.778   -65.93242    0.00007    0.00007     350       1
     351   1.780   -65.93241    0.00007    0.00007     351       1
     352   1.770   -65.93243    0.00007    0.00020     352       3
     353   1.782   -65.93241    0.00007    0.00013     353       2
     354   1.783   -65.93241    0.00007    0.00007     354       1
     355   1.783   -65.93241    0.00007    0.00040     355       6
     356   1.783   -65.93241    0.00007    0.00007     356       1
     357   1.782   -65.93241    0.00007    0.00020     357       3
     358   1.783   -65.93241    0.00007    0.00026     358       4
     359   1.783   -65.93241    0.00007    0.00007     359       1
     360   1.783   -65.93241    0.00007    0.00263     360      40
     361   1.783   -65.93241    0.00007    0.00040     361       6
     362   1.786   -65.93240    0.00007    0.00282     362      43
     363   1.790   -65.93240    0.00007    0.00294     363      45
     364   1.784   -65.93241    0.00007    0.00007     364       1
     365   1.801   -65.93238    0.00006    0.00006     365       1
     366   1.800   -65.93238    0.00006    0.00032     366       5
     367   1.799   -65.93238    0.00006    0.00013     367       2
     368   1.800   -65.93238    0.00006    0.00019     368       3
     369   1.801   -65.93238    0.00006    0.00051     369       8
     370   1.805   -65.93237    0.00006    0.00006     370       1
     371   1.805   -65.93237    0.00006    0.00006     371       1
     372   1.805   -65.93237    0.00006    0.00006     372       1
     373   1.805   -65.93237    0.00006    0.00006     373       1
     374   1.805   -65.93237    0.00006    0.00096     374      15
     375   1.813   -65.93236    0.00006    0.00019     375       3
     376   1.784   -65.93241    0.00007    0.00007     376       1
     377   1.806   -65.93237    0.00006    0.00051     377       8
     378   1.814   -65.93236    0.00006    0.00006     378       1
     379   1.816   -65.93235    0.00006    0.00006     379       1
     380   1.817   -65.93235    0.00006    0.00006     380       1
     381   1.826   -65.93234    0.00006    0.00013     381       2
     382   1.817   -65.93235    0.00006    0.00006     382       1
     383   1.826   -65.93234    0.00006    0.00006     383       1
     384   1.828   -65.93234    0.00006    0.00018     384       3
     385   1.826   -65.93234    0.00006    0.00025     385       4
     386   1.834   -65.93233    0.00006    0.00018     386       3
     387   1.834   -65.93233    0.00006    0.00078     387      13
     388   1.844   -65.93231    0.00006    0.00012     388       2
     389   1.844   -65.93231    0.00006    0.00113     389      19
     390   1.845   -65.93231    0.00006    0.00012     390       2
     391   1.848   -65.93230    0.00006    0.00006     391       1
     392   1.850   -65.93230    0.00006    0.00024     392       4
     393   1.851   -65.93230    0.00006    0.00006     393       1
     394   1.851   -65.93230    0.00006    0.00006     394       1
     395   1.851   -65.93230    0.00006    0.00100     395      17
     396   1.854   -65.93230    0.00006    0.00006     396       1
     397   1.854   -65.93230    0.00006    0.00099     397      17
     398   1.862   -65.93228    0.00006    0.00006     398       1
     399   1.862   -65.93228    0.00006    0.00006     399       1
     400   1.863   -65.93228    0.00006    0.00017     400       3
     401   1.863   -65.93228    0.00006    0.00006     401       1
     402   1.863   -65.93228    0.00006    0.00069     402      12
     403   1.863   -65.93228    0.00006    0.00058     403      10
     404   1.869   -65.93227    0.00006    0.00028     404       5
     405   1.869   -65.93227    0.00006    0.00011     405       2
     406   1.876   -65.93226    0.00006    0.00006     406       1
     407   1.876   -65.93226    0.00006    0.00006     407       1
     408   1.877   -65.93226    0.00006    0.00011     408       2
     409   1.885   -65.93225    0.00006    0.00123     409      22
     410   1.883   -65.93225    0.00006    0.00033     410       6
     411   1.884   -65.93225    0.00006    0.00055     411      10
     412   1.888   -65.93224    0.00006    0.00011     412       2
     413   1.889   -65.93224    0.00006    0.00055     413      10
     414   1.903   -65.93222    0.00005    0.00022     414       4
     415   1.903   -65.93222    0.00005    0.00011     415       2
     416   1.904   -65.93222    0.00005    0.00005     416       1
     417   1.904   -65.93222    0.00005    0.00118     417      22
     418   1.911   -65.93220    0.00005    0.00005     418       1
     419   1.914   -65.93220    0.00005    0.00021     419       4
     420   1.915   -65.93220    0.00005    0.00201     420      38
     421   1.919   -65.93219    0.00005    0.00005     421       1
     422   1.915   -65.93220    0.00005    0.00016     422       3
     423   1.919   -65.93219    0.00005    0.00005     423       1
     424   1.919   -65.93219    0.00005    0.00120     424      23
     425   1.922   -65.93219    0.00005    0.00005     425       1
     426   1.925   -65.93218    0.00005    0.00036     426       7
     427   1.925   -65.93218    0.00005    0.00145     427      28
     428   1.928   -65.93218    0.00005    0.00036     428       7
     429   1.929   -65.93217    0.00005    0.00005     429       1
     430   1.929   -65.93218    0.00005    0.00062     430      12
     431   1.931   -65.93217    0.00005    0.00118     431      23
     432   1.935   -65.93217    0.00005    0.00041     432       8
     433   1.940   -65.93216    0.00005    0.00030     433       6
     434   1.940   -65.93216    0.00005    0.00005     434       1
     435   1.940   -65.93216    0.00005    0.00035     435       7
     436   1.940   -65.93216    0.00005    0.00010     436       2
     437   1.940   -65.93216    0.00005    0.00233     437      46
     438   1.945   -65.93215    0.00005    0.00035     438       7
     439   1.948   -65.93214    0.00005    0.00040     439       8
     440   1.951   -65.93214    0.00005    0.00005     440       1
     441   1.951   -65.93214    0.00005    0.00065     441      13
     442   1.953   -65.93214    0.00005    0.00005     442       1
     443   1.953   -65.93214    0.00005    0.00005     443       1
     444   1.953   -65.93214    0.00005    0.00005     444       1
     445   1.953   -65.93214    0.00005    0.00020     445       4
     446   1.954   -65.93214    0.00005    0.00133     446      27
     447   1.964   -65.93212    0.00005    0.00024     447       5
     448   1.964   -65.93212    0.00005    0.00005     448       1
     449   1.964   -65.93212    0.00005    0.00010     449       2
     450   1.964   -65.93212    0.00005    0.00015     450       3
     451   1.964   -65.93212    0.00005    0.00015     451       3
     452   1.964   -65.93212    0.00005    0.00005     452       1
     453   1.964   -65.93212    0.00005    0.00010     453       2
     454   1.964   -65.93212    0.00005    0.00005     454       1
     455   1.964   -65.93212    0.00005    0.00217     455      45
     456   1.947   -65.93215    0.00005    0.00010     456       2
     457   1.978   -65.93210    0.00005    0.00048     457      10
     458   1.982   -65.93209    0.00005    0.00009     458       2
     459   1.947   -65.93215    0.00005    0.00005     459       1
     460   1.989   -65.93208    0.00005    0.00014     460       3
     461   1.992   -65.93208    0.00005    0.00005     461       1
     462   1.992   -65.93208    0.00005    0.00023     462       5
     463   1.986   -65.93208    0.00005    0.00023     463       5
     464   1.994   -65.93207    0.00005    0.00005     464       1
     465   1.997   -65.93207    0.00005    0.00023     465       5
     466   1.997   -65.93207    0.00005    0.00023     466       5
     467   1.998   -65.93207    0.00005    0.00119     467      26
     468   2.008   -65.93205    0.00005    0.00005     468       1
     469   2.008   -65.93205    0.00005    0.00018     469       4
     470   1.997   -65.93207    0.00005    0.00005     470       1
     471   2.009   -65.93205    0.00005    0.00023     471       5
     472   2.009   -65.93205    0.00005    0.00005     472       1
     473   2.009   -65.93205    0.00005    0.00041     473       9
     474   2.012   -65.93204    0.00004    0.00117     474      26
     475   2.012   -65.93204    0.00004    0.00215     475      48
     476   2.012   -65.93204    0.00004    0.00004     476       1
     477   2.021   -65.93203    0.00004    0.00022     477       5
     478   2.021   -65.93203    0.00004    0.00009     478       2
     479   2.021   -65.93203    0.00004    0.00088     479      20
     480   2.025   -65.93202    0.00004    0.00066     480      15
     481   2.028   -65.93202    0.00004    0.00004     481       1
     482   2.027   -65.93202    0.00004    0.00013     482       3
     483   2.029   -65.93202    0.00004    0.00035     483       8
     484   2.029   -65.93202    0.00004    0.00004     484       1
     485   2.029   -65.93202    0.00004    0.00026     485       6
     486   2.029   -65.93202    0.00004    0.00044     486      10
     487   2.030   -65.93201    0.00004    0.00135     487      31
     488   2.040   -65.93200    0.00004    0.00017     488       4
     489   2.042   -65.93200    0.00004    0.00009     489       2
     490   2.042   -65.93200    0.00004    0.00021     490       5
     491   2.042   -65.93199    0.00004    0.00009     491       2
     492   2.042   -65.93200    0.00004    0.00009     492       2
     493   2.042   -65.93199    0.00004    0.00098     493      23
     494   2.042   -65.93200    0.00004    0.00013     494       3
     495   2.052   -65.93198    0.00004    0.00109     495      26
     496   2.058   -65.93197    0.00004    0.00004     496       1
     497   2.047   -65.93199    0.00004    0.00042     497      10
     498   2.061   -65.93196    0.00004    0.00008     498       2
     499   2.062   -65.93196    0.00004    0.00008     499       2
     500   2.059   -65.93197    0.00004    0.00008     500       2
     501   2.056   -65.93197    0.00004    0.00004     501       1
     502   2.050   -65.93198    0.00004    0.00012     502       3
     503   2.064   -65.93196    0.00004    0.00016     503       4
     504   2.068   -65.93195    0.00004    0.00004     504       1
     505   2.062   -65.93196    0.00004    0.00004     505       1
     506   2.070   -65.93195    0.00004    0.00012     506       3
     507   2.074   -65.93195    0.00004    0.00012     507       3
     508   2.070   -65.93195    0.00004    0.00085     508      21
     509   2.076   -65.93194    0.00004    0.00004     509       1
     510   2.076   -65.93194    0.00004    0.00004     510       1
     511   2.072   -65.93195    0.00004    0.00004     511       1
     512   2.078   -65.93194    0.00004    0.00012     512       3
     513   2.070   -65.93195    0.00004    0.00004     513       1
     514   2.078   -65.93194    0.00004    0.00004     514       1
     515   2.078   -65.93194    0.00004    0.00004     515       1
     516   2.080   -65.93193    0.00004    0.00008     516       2
     517   2.087   -65.93192    0.00004    0.00004     517       1
     518   2.087   -65.93192    0.00004    0.00004     518       1
     519   2.088   -65.93192    0.00004    0.00004     519       1
     520   2.091   -65.93192    0.00004    0.00004     520       1
     521   2.092   -65.93192    0.00004    0.00008     521       2
     522   2.084   -65.93193    0.00004    0.00031     522       8
     523   2.093   -65.93191    0.00004    0.00207     523      53
     524   2.096   -65.93191    0.00004    0.00016     524       4
     525   2.097   -65.93191    0.00004    0.00081     525      21
     526   2.100   -65.93190    0.00004    0.00008     526       2
     527   2.106   -65.93189    0.00004    0.00012     527       3
     528   2.107   -65.93189    0.00004    0.00019     528       5
     529   2.108   -65.93189    0.00004    0.00004     529       1
     530   2.108   -65.93189    0.00004    0.00053     530      14
     531   2.110   -65.93189    0.00004    0.00004     531       1
     532   2.115   -65.93188    0.00004    0.00008     532       2
     533   2.096   -65.93191    0.00004    0.00004     533       1
     534   2.116   -65.93188    0.00004    0.00011     534       3
     535   2.116   -65.93188    0.00004    0.00008     535       2
     536   2.116   -65.93188    0.00004    0.00011     536       3
     537   2.116   -65.93188    0.00004    0.00004     537       1
     538   2.116   -65.93188    0.00004    0.00184     538      49
     539   2.121   -65.93187    0.00004    0.00004     539       1
     540   2.122   -65.93187    0.00004    0.00019     540       5
     541   2.124   -65.93186    0.00004    0.00067     541      18
     542   2.127   -65.93186    0.00004    0.00011     542       3
     543   2.127   -65.93186    0.00004    0.00007     543       2
     544   2.128   -65.93186    0.00004    0.00007     544       2
     545   2.128   -65.93186    0.00004    0.00004     545       1
     546   2.128   -65.93186    0.00004    0.00022     546       6
     547   2.130   -65.93186    0.00004    0.00103     547      28
     548   2.127   -65.93186    0.00004    0.00007     548       2
     549   2.140   -65.93184    0.00004    0.00015     549       4
     550   2.140   -65.93184    0.00004    0.00004     550       1
     551   2.136   -65.93185    0.00004    0.00004     551       1
     552   2.119   -65.93187    0.00004    0.00004     552       1
     553   2.140   -65.93184    0.00004    0.00014     553       4
     554   2.140   -65.93184    0.00004    0.00004     554       1
     555   2.140   -65.93184    0.00004    0.00025     555       7
     556   2.141   -65.93184    0.00004    0.00011     556       3
     557   2.141   -65.93184    0.00004    0.00018     557       5
     558   2.142   -65.93184    0.00004    0.00025     558       7
     559   2.144   -65.93183    0.00004    0.00144     559      40
     560   2.154   -65.93182    0.00004    0.00004     560       1
     561   2.154   -65.93182    0.00004    0.00007     561       2
     562   2.154   -65.93182    0.00004    0.00004     562       1
     563   2.154   -65.93182    0.00004    0.00007     563       2
     564   2.154   -65.93182    0.00004    0.00007     564       2
     565   2.154   -65.93182    0.00004    0.00120     565      34
     566   2.159   -65.93181    0.00004    0.00004     566       1
     567   2.156   -65.93181    0.00004    0.00018     567       5
     568   2.156   -65.93181    0.00004    0.00021     568       6
     569   2.160   -65.93181    0.00003    0.00095     569      27
     570   2.162   -65.93180    0.00003    0.00007     570       2
     571   2.162   -65.93180    0.00003    0.00014     571       4
     572   2.162   -65.93180    0.00003    0.00010     572       3
     573   2.163   -65.93180    0.00003    0.00097     573      28
     574   2.163   -65.93180    0.00003    0.00063     574      18
     575   2.163   -65.93180    0.00003    0.00042     575      12
     576   2.169   -65.93179    0.00003    0.00017     576       5
     577   2.170   -65.93179    0.00003    0.00055     577      16
     578   2.167   -65.93180    0.00003    0.00031     578       9
     579   2.172   -65.93179    0.00003    0.00003     579       1
     580   2.171   -65.93179    0.00003    0.00007     580       2
     581   2.172   -65.93179    0.00003    0.00010     581       3
     582   2.173   -65.93179    0.00003    0.00003     582       1
     583   2.173   -65.93179    0.00003    0.00003     583       1
     584   2.173   -65.93179    0.00003    0.00024     584       7
     585   2.176   -65.93178    0.00003    0.00003     585       1
     586   2.168   -65.93179    0.00003    0.00007     586       2
     587   2.175   -65.93178    0.00003    0.00024     587       7
     588   2.178   -65.93178    0.00003    0.00007     588       2
     589   2.169   -65.93179    0.00003    0.00034     589      10
     590   2.179   -65.93178    0.00003    0.00091     590      27
     591   2.182   -65.93177    0.00003    0.00003     591       1
     592   2.182   -65.93177    0.00003    0.00024     592       7
     593   2.183   -65.93177    0.00003    0.00003     593       1
     594   2.183   -65.93177    0.00003    0.00020     594       6
     595   2.184   -65.93177    0.00003    0.00010     595       3
     596   2.184   -65.93177    0.00003    0.00013     596       4
     597   2.184   -65.93177    0.00003    0.00181     597      54
     598   2.189   -65.93176    0.00003    0.00007     598       2
     599   2.189   -65.93176    0.00003    0.00013     599       4
     600   2.189   -65.93176    0.00003    0.00013     600       4
     601   2.189   -65.93176    0.00003    0.00017     601       5
     602   2.189   -65.93176    0.00003    0.00003     602       1
     603   2.189   -65.93176    0.00003    0.00007     603       2
     604   2.189   -65.93176    0.00003    0.00166     604      50
     605   2.199   -65.93175    0.00003    0.00003     605       1
     606   2.197   -65.93175    0.00003    0.00007     606       2
     607   2.189   -65.93176    0.00003    0.00026     607       8
     608   2.199   -65.93175    0.00003    0.00026     608       8
     609   2.199   -65.93175    0.00003    0.00007     609       2
     610   2.199   -65.93175    0.00003    0.00007     610       2
     611   2.199   -65.93175    0.00003    0.00013     611       4
     612   2.199   -65.93175    0.00003    0.00147     612      45
     613   2.199   -65.93175    0.00003    0.00052     613      16
     614   2.200   -65.93174    0.00003    0.00010     614       3
     615   2.201   -65.93174    0.00003    0.00113     615      35
     616   2.213   -65.93172    0.00003    0.00019     616       6
     617   2.219   -65.93171    0.00003    0.00003     617       1
     618   2.219   -65.93171    0.00003    0.00003     618       1
     619   2.217   -65.93172    0.00003    0.00006     619       2
     620   2.219   -65.93171    0.00003    0.00003     620       1
     621   2.216   -65.93172    0.00003    0.00006     621       2
     622   2.216   -65.93172    0.00003    0.00003     622       1
     623   2.199   -65.93175    0.00003    0.00010     623       3
     624   2.219   -65.93171    0.00003    0.00003     624       1
     625   2.188   -65.93176    0.00003    0.00016     625       5
     626   2.219   -65.93171    0.00003    0.00013     626       4
     627   2.219   -65.93171    0.00003    0.00006     627       2
     628   2.220   -65.93171    0.00003    0.00003     628       1
     629   2.220   -65.93171    0.00003    0.00003     629       1
     630   2.220   -65.93171    0.00003    0.00009     630       3
     631   2.220   -65.93171    0.00003    0.00003     631       1
     632   2.220   -65.93171    0.00003    0.00003     632       1
     633   2.220   -65.93171    0.00003    0.00016     633       5
     634   2.221   -65.93171    0.00003    0.00120     634      38
     635   2.221   -65.93171    0.00003    0.00003     635       1
     636   2.221   -65.93171    0.00003    0.00088     636      28
     637   2.228   -65.93170    0.00003    0.00009     637       3
     638   2.228   -65.93170    0.00003    0.00003     638       1
     639   2.229   -65.93170    0.00003    0.00006     639       2
     640   2.208   -65.93173    0.00003    0.00107     640      34
     641   2.231   -65.93169    0.00003    0.00003     641       1
     642   2.232   -65.93169    0.00003    0.00003     642       1
     643   2.232   -65.93169    0.00003    0.00006     643       2
     644   2.232   -65.93169    0.00003    0.00003     644       1
     645   2.233   -65.93169    0.00003    0.00059     645      19
     646   2.240   -65.93168    0.00003    0.00092     646      30
     647   2.229   -65.93170    0.00003    0.00003     647       1
     648   2.246   -65.93167    0.00003    0.00003     648       1
     649   2.245   -65.93167    0.00003    0.00028     649       9
     650   2.246   -65.93167    0.00003    0.00006     650       2
     651   2.247   -65.93167    0.00003    0.00009     651       3
     652   2.244   -65.93167    0.00003    0.00009     652       3
     653   2.229   -65.93170    0.00003    0.00003     653       1
     654   2.248   -65.93167    0.00003    0.00003     654       1
     655   2.246   -65.93167    0.00003    0.00012     655       4
     656   2.249   -65.93167    0.00003    0.00006     656       2
     657   2.248   -65.93167    0.00003    0.00015     657       5
     658   2.251   -65.93166    0.00003    0.00006     658       2
     659   2.252   -65.93166    0.00003    0.00012     659       4
     660   2.252   -65.93166    0.00003    0.00006     660       2
     661   2.249   -65.93167    0.00003    0.00003     661       1
     662   2.252   -65.93166    0.00003    0.00006     662       2
     663   2.252   -65.93166    0.00003    0.00021     663       7
     664   2.253   -65.93166    0.00003    0.00093     664      31
     665   2.250   -65.93166    0.00003    0.00012     665       4
     666   2.256   -65.93165    0.00003    0.00003     666       1
     667   2.254   -65.93166    0.00003    0.00012     667       4
     668   2.256   -65.93165    0.00003    0.00006     668       2
     669   2.256   -65.93165    0.00003    0.00003     669       1
     670   2.251   -65.93166    0.00003    0.00015     670       5
     671   2.257   -65.93165    0.00003    0.00018     671       6
     672   2.257   -65.93165    0.00003    0.00030     672      10
     673   2.257   -65.93165    0.00003    0.00125     673      42
     674   2.258   -65.93165    0.00003    0.00071     674      24
     675   2.258   -65.93165    0.00003    0.00077     675      26
     676   2.265   -65.93164    0.00003    0.00003     676       1
     677   2.261   -65.93165    0.00003    0.00009     677       3
     678   2.265   -65.93164    0.00003    0.00003     678       1
     679   2.262   -65.93164    0.00003    0.00006     679       2
     680   2.265   -65.93164    0.00003    0.00018     680       6
     681   2.263   -65.93164    0.00003    0.00029     681      10
     682   2.266   -65.93164    0.00003    0.00012     682       4
     683   2.267   -65.93164    0.00003    0.00015     683       5
     684   2.263   -65.93164    0.00003    0.00017     684       6
     685   2.270   -65.93163    0.00003    0.00006     685       2
     686   2.261   -65.93165    0.00003    0.00052     686      18
     687   2.277   -65.93162    0.00003    0.00003     687       1
     688   2.278   -65.93162    0.00003    0.00014     688       5
     689   2.280   -65.93162    0.00003    0.00006     689       2
     690   2.280   -65.93162    0.00003    0.00003     690       1
     691   2.280   -65.93162    0.00003    0.00003     691       1
     692   2.280   -65.93162    0.00003    0.00003     692       1
     693   2.280   -65.93162    0.00003    0.00057     693      20
     694   2.283   -65.93161    0.00003    0.00105     694      37
     695   2.283   -65.93161    0.00003    0.00119     695      42
     696   2.286   -65.93161    0.00003    0.00113     696      40
     697   2.291   -65.93160    0.00003    0.00003     697       1
     698   2.283   -65.93161    0.00003    0.00006     698       2
     699   2.291   -65.93160    0.00003    0.00003     699       1
     700   2.259   -65.93165    0.00003    0.00003     700       1
     701   2.283   -65.93161    0.00003    0.00009     701       3
     702   2.291   -65.93160    0.00003    0.00011     702       4
     703   2.284   -65.93161    0.00003    0.00011     703       4
     704   2.283   -65.93161    0.00003    0.00008     704       3
     705   2.292   -65.93160    0.00003    0.00008     705       3
     706   2.291   -65.93160    0.00003    0.00008     706       3
     707   2.291   -65.93160    0.00003    0.00006     707       2
     708   2.292   -65.93160    0.00003    0.00011     708       4
     709   2.292   -65.93160    0.00003    0.00003     709       1
     710   2.291   -65.93160    0.00003    0.00017     710       6
     711   2.294   -65.93159    0.00003    0.00070     711      25
     712   2.295   -65.93159    0.00003    0.00008     712       3
     713   2.295   -65.93159    0.00003    0.00003     713       1
     714   2.296   -65.93159    0.00003    0.00006     714       2
     715   2.295   -65.93159    0.00003    0.00008     715       3
     716   2.296   -65.93159    0.00003    0.00003     716       1
     717   2.296   -65.93159    0.00003    0.00011     717       4
     718   2.296   -65.93159    0.00003    0.00003     718       1
     719   2.296   -65.93159    0.00003    0.00014     719       5
     720   2.279   -65.93162    0.00003    0.00036     720      13
     721   2.297   -65.93159    0.00003    0.00006     721       2
     722   2.298   -65.93159    0.00003    0.00006     722       2
     723   2.298   -65.93159    0.00003    0.00006     723       2
     724   2.298   -65.93159    0.00003    0.00017     724       6
     725   2.298   -65.93159    0.00003    0.00028     725      10
     726   2.298   -65.93159    0.00003    0.00003     726       1
     727   2.297   -65.93159    0.00003    0.00072     727      26
     728   2.301   -65.93158    0.00003    0.00011     728       4
     729   2.301   -65.93158    0.00003    0.00017     729       6
     730   2.296   -65.93159    0.00003    0.00077     730      28
     731   2.305   -65.93158    0.00003    0.00003     731       1
     732   2.308   -65.93157    0.00003    0.00011     732       4
     733   2.308   -65.93157    0.00003    0.00005     733       2
     734   2.308   -65.93157    0.00003    0.00003     734       1
     735   2.308   -65.93157    0.00003    0.00005     735       2
     736   2.308   -65.93157    0.00003    0.00003     736       1
     737   2.308   -65.93157    0.00003    0.00003     737       1
     738   2.308   -65.93157    0.00003    0.00122     738      45
     739   2.316   -65.93156    0.00003    0.00005     739       2
     740   2.316   -65.93156    0.00003    0.00003     740       1
     741   2.316   -65.93156    0.00003    0.00011     741       4
     742   2.316   -65.93156    0.00003    0.00008     742       3
     743   2.316   -65.93156    0.00003    0.00003     743       1
     744   2.316   -65.93156    0.00003    0.00005     744       2
     745   2.316   -65.93156    0.00003    0.00005     745       2
     746   2.316   -65.93156    0.00003    0.00003     746       1
     747   2.316   -65.93156    0.00003    0.00056     747      21
     748   2.321   -65.93155    0.00003    0.00003     748       1
     749   2.321   -65.93155    0.00003    0.00008     749       3
     750   2.321   -65.93155    0.00003    0.00008     750       3
     751   2.321   -65.93155    0.00003    0.00003     751       1
     752   2.321   -65.93155    0.00003    0.00069     752      26
     753   2.331   -65.93153    0.00003    0.00013     753       5
     754   2.320   -65.93155    0.00003    0.00003     754       1
     755   2.333   -65.93153    0.00003    0.00008     755       3
     756   2.335   -65.93153    0.00003    0.00008     756       3
     757   2.335   -65.93153    0.00003    0.00003     757       1
     758   2.338   -65.93152    0.00003    0.00003     758       1
     759   2.335   -65.93153    0.00003    0.00005     759       2
     760   2.335   -65.93153    0.00003    0.00089     760      34
     761   2.343   -65.93152    0.00003    0.00003     761       1
     762   2.345   -65.93151    0.00003    0.00003     762       1
     763   2.344   -65.93151    0.00003    0.00016     763       6
     764   2.345   -65.93151    0.00003    0.00005     764       2
     765   2.347   -65.93151    0.00003    0.00003     765       1
     766   2.347   -65.93151    0.00003    0.00008     766       3
     767   2.320   -65.93155    0.00003    0.00003     767       1
     768   2.339   -65.93152    0.00003    0.00010     768       4
     769   2.349   -65.93151    0.00003    0.00005     769       2
     770   2.347   -65.93151    0.00003    0.00015     770       6
     771   2.349   -65.93151    0.00003    0.00010     771       4
     772   2.350   -65.93151    0.00003    0.00013     772       5
     773   2.350   -65.93151    0.00003    0.00010     773       4
     774   2.350   -65.93150    0.00003    0.00003     774       1
     775   2.350   -65.93150    0.00003    0.00005     775       2
     776   2.350   -65.93150    0.00003    0.00003     776       1
     777   2.350   -65.93150    0.00003    0.00005     777       2
     778   2.350   -65.93150    0.00003    0.00005     778       2
     779   2.350   -65.93150    0.00003    0.00086     779      34
     780   2.350   -65.93150    0.00003    0.00091     780      36
     781   2.352   -65.93150    0.00003    0.00048     781      19
     782   2.347   -65.93151    0.00003    0.00005     782       2
     783   2.350   -65.93150    0.00003    0.00010     783       4
     784   2.362   -65.93149    0.00002    0.00015     784       6
     785   2.362   -65.93149    0.00002    0.00005     785       2
     786   2.362   -65.93149    0.00002    0.00002     786       1
     787   2.362   -65.93149    0.00002    0.00112     787      45
     788   2.362   -65.93149    0.00002    0.00002     788       1
     789   2.372   -65.93147    0.00002    0.00007     789       3
     790   2.373   -65.93147    0.00002    0.00012     790       5
     791   2.375   -65.93146    0.00002    0.00007     791       3
     792   2.371   -65.93147    0.00002    0.00002     792       1
     793   2.377   -65.93146    0.00002    0.00002     793       1
     794   2.350   -65.93151    0.00003    0.00005     794       2
     795   2.377   -65.93146    0.00002    0.00005     795       2
     796   2.378   -65.93146    0.00002    0.00017     796       7
     797   2.378   -65.93146    0.00002    0.00002     797       1
     798   2.375   -65.93146    0.00002    0.00017     798       7
     799   2.379   -65.93146    0.00002    0.00005     799       2
     800   2.380   -65.93146    0.00002    0.00005     800       2
     801   2.380   -65.93146    0.00002    0.00039     801      16
     802   2.380   -65.93146    0.00002    0.00002     802       1
     803   2.381   -65.93146    0.00002    0.00029     803      12
     804   2.384   -65.93145    0.00002    0.00002     804       1
     805   2.382   -65.93145    0.00002    0.00024     805      10
     806   2.386   -65.93145    0.00002    0.00005     806       2
     807   2.382   -65.93145    0.00002    0.00014     807       6
     808   2.385   -65.93145    0.00002    0.00007     808       3
     809   2.387   -65.93145    0.00002    0.00019     809       8
     810   2.387   -65.93145    0.00002    0.00010     810       4
     811   2.390   -65.93144    0.00002    0.00012     811       5
     812   2.389   -65.93144    0.00002    0.00005     812       2
     813   2.390   -65.93144    0.00002    0.00002     813       1
     814   2.391   -65.93144    0.00002    0.00012     814       5
     815   2.392   -65.93144    0.00002    0.00026     815      11
     816   2.367   -65.93148    0.00002    0.00007     816       3
     817   2.392   -65.93144    0.00002    0.00002     817       1
     818   2.390   -65.93144    0.00002    0.00005     818       2
     819   2.392   -65.93144    0.00002    0.00014     819       6
     820   2.392   -65.93144    0.00002    0.00005     820       2
     821   2.392   -65.93144    0.00002    0.00002     821       1
     822   2.393   -65.93144    0.00002    0.00005     822       2
     823   2.393   -65.93144    0.00002    0.00007     823       3
     824   2.398   -65.93143    0.00002    0.00002     824       1
     825   2.393   -65.93144    0.00002    0.00106     825      45
     826   2.400   -65.93143    0.00002    0.00007     826       3
     827   2.392   -65.93144    0.00002    0.00014     827       6
     828   2.404   -65.93142    0.00002    0.00009     828       4
     829   2.404   -65.93142    0.00002    0.00002     829       1
     830   2.383   -65.93145    0.00002    0.00005     830       2
     831   2.404   -65.93142    0.00002    0.00009     831       4
     832   2.404   -65.93142    0.00002    0.00002     832       1
     833   2.405   -65.93142    0.00002    0.00005     833       2
     834   2.401   -65.93142    0.00002    0.00007     834       3
     835   2.406   -65.93141    0.00002    0.00005     835       2
     836   2.401   -65.93142    0.00002    0.00018     836       8
     837   2.409   -65.93141    0.00002    0.00002     837       1
     838   2.409   -65.93141    0.00002    0.00030     838      13
     839   2.406   -65.93142    0.00002    0.00007     839       3
     840   2.405   -65.93142    0.00002    0.00002     840       1
     841   2.405   -65.93142    0.00002    0.00025     841      11
     842   2.387   -65.93145    0.00002    0.00002     842       1
     843   2.415   -65.93140    0.00002    0.00018     843       8
     844   2.406   -65.93142    0.00002    0.00002     844       1
     845   2.420   -65.93139    0.00002    0.00009     845       4
     846   2.420   -65.93139    0.00002    0.00002     846       1
     847   2.420   -65.93139    0.00002    0.00005     847       2
     848   2.418   -65.93140    0.00002    0.00005     848       2
     849   2.420   -65.93139    0.00002    0.00005     849       2
     850   2.420   -65.93139    0.00002    0.00005     850       2
     851   2.420   -65.93139    0.00002    0.00005     851       2
     852   2.420   -65.93139    0.00002    0.00002     852       1
     853   2.420   -65.93139    0.00002    0.00092     853      41
     854   2.426   -65.93138    0.00002    0.00025     854      11
     855   2.428   -65.93138    0.00002    0.00007     855       3
     856   2.428   -65.93138    0.00002    0.00009     856       4
     857   2.430   -65.93138    0.00002    0.00025     857      11
     858   2.432   -65.93137    0.00002    0.00013     858       6
     859   2.433   -65.93137    0.00002    0.00007     859       3
     860   2.433   -65.93137    0.00002    0.00051     860      23
     861   2.435   -65.93137    0.00002    0.00026     861      12
     862   2.438   -65.93136    0.00002    0.00002     862       1
     863   2.438   -65.93136    0.00002    0.00002     863       1
     864   2.439   -65.93136    0.00002    0.00004     864       2
     865   2.442   -65.93136    0.00002    0.00004     865       2
     866   2.444   -65.93135    0.00002    0.00011     866       5
     867   2.428   -65.93138    0.00002    0.00004     867       2
     868   2.445   -65.93135    0.00002    0.00002     868       1
     869   2.437   -65.93137    0.00002    0.00002     869       1
     870   2.445   -65.93135    0.00002    0.00002     870       1
     871   2.448   -65.93135    0.00002    0.00009     871       4
     872   2.450   -65.93135    0.00002    0.00002     872       1
     873   2.451   -65.93134    0.00002    0.00002     873       1
     874   2.447   -65.93135    0.00002    0.00009     874       4
     875   2.447   -65.93135    0.00002    0.00028     875      13
     876   2.455   -65.93134    0.00002    0.00002     876       1
     877   2.449   -65.93135    0.00002    0.00002     877       1
     878   2.457   -65.93133    0.00002    0.00013     878       6
     879   2.457   -65.93133    0.00002    0.00004     879       2
     880   2.458   -65.93133    0.00002    0.00002     880       1
     881   2.459   -65.93133    0.00002    0.00029     881      14
     882   2.460   -65.93133    0.00002    0.00065     882      31
     883   2.464   -65.93132    0.00002    0.00025     883      12
     884   2.464   -65.93132    0.00002    0.00002     884       1
     885   2.465   -65.93132    0.00002    0.00015     885       7
     886   2.466   -65.93132    0.00002    0.00004     886       2
     887   2.466   -65.93132    0.00002    0.00004     887       2
     888   2.467   -65.93132    0.00002    0.00004     888       2
     889   2.464   -65.93132    0.00002    0.00073     889      35
     890   2.463   -65.93132    0.00002    0.00054     890      26
     891   2.470   -65.93131    0.00002    0.00002     891       1
     892   2.462   -65.93133    0.00002    0.00004     892       2
     893   2.468   -65.93132    0.00002    0.00006     893       3
     894   2.463   -65.93133    0.00002    0.00002     894       1
     895   2.463   -65.93133    0.00002    0.00010     895       5
     896   2.470   -65.93131    0.00002    0.00029     896      14
     897   2.468   -65.93132    0.00002    0.00002     897       1
     898   2.472   -65.93131    0.00002    0.00006     898       3
     899   2.475   -65.93131    0.00002    0.00008     899       4
     900   2.475   -65.93131    0.00002    0.00004     900       2
     901   2.475   -65.93131    0.00002    0.00068     901      33
     902   2.478   -65.93130    0.00002    0.00002     902       1
     903   2.478   -65.93130    0.00002    0.00004     903       2
     904   2.478   -65.93130    0.00002    0.00012     904       6
     905   2.479   -65.93130    0.00002    0.00055     905      27
     906   2.483   -65.93129    0.00002    0.00004     906       2
     907   2.474   -65.93131    0.00002    0.00008     907       4
     908   2.485   -65.93129    0.00002    0.00004     908       2
     909   2.487   -65.93129    0.00002    0.00012     909       6
     910   2.491   -65.93128    0.00002    0.00002     910       1
     911   2.489   -65.93128    0.00002    0.00002     911       1
     912   2.491   -65.93128    0.00002    0.00002     912       1
     913   2.491   -65.93128    0.00002    0.00008     913       4
     914   2.491   -65.93128    0.00002    0.00002     914       1
     915   2.491   -65.93128    0.00002    0.00070     915      35
     916   2.493   -65.93128    0.00002    0.00002     916       1
     917   2.493   -65.93128    0.00002    0.00106     917      53
     918   2.502   -65.93126    0.00002    0.00002     918       1
     919   2.503   -65.93126    0.00002    0.00006     919       3
     920   2.503   -65.93126    0.00002    0.00010     920       5
     921   2.504   -65.93126    0.00002    0.00002     921       1
     922   2.503   -65.93126    0.00002    0.00002     922       1
     923   2.504   -65.93126    0.00002    0.00016     923       8
     924   2.504   -65.93126    0.00002    0.00008     924       4
     925   2.504   -65.93126    0.00002    0.00025     925      13
     926   2.509   -65.93125    0.00002    0.00014     926       7
     927   2.514   -65.93124    0.00002    0.00006     927       3
     928   2.497   -65.93127    0.00002    0.00002     928       1
     929   2.504   -65.93126    0.00002    0.00004     929       2
     930   2.511   -65.93125    0.00002    0.00010     930       5
     931   2.514   -65.93124    0.00002    0.00012     931       6
     932   2.514   -65.93124    0.00002    0.00014     932       7
     933   2.514   -65.93124    0.00002    0.00004     933       2
     934   2.514   -65.93124    0.00002    0.00002     934       1
     935   2.514   -65.93124    0.00002    0.00017     935       9
     936   2.515   -65.93124    0.00002    0.00002     936       1
     937   2.515   -65.93124    0.00002    0.00008     937       4
     938   2.516   -65.93124    0.00002    0.00078     938      41
     939   2.522   -65.93123    0.00002    0.00006     939       3
     940   2.522   -65.93123    0.00002    0.00004     940       2
     941   2.522   -65.93123    0.00002    0.00002     941       1
     942   2.522   -65.93123    0.00002    0.00078     942      41
     943   2.522   -65.93123    0.00002    0.00004     943       2
     944   2.531   -65.93122    0.00002    0.00002     944       1
     945   2.532   -65.93122    0.00002    0.00010     945       5
     946   2.533   -65.93121    0.00002    0.00002     946       1
     947   2.498   -65.93127    0.00002    0.00002     947       1
     948   2.533   -65.93121    0.00002    0.00002     948       1
     949   2.533   -65.93121    0.00002    0.00002     949       1
     950   2.528   -65.93122    0.00002    0.00002     950       1
     951   2.534   -65.93121    0.00002    0.00017     951       9
     952   2.532   -65.93121    0.00002    0.00022     952      12
     953   2.536   -65.93121    0.00002    0.00024     953      13
     954   2.536   -65.93121    0.00002    0.00004     954       2
     955   2.537   -65.93121    0.00002    0.00044     955      24
     956   2.537   -65.93121    0.00002    0.00002     956       1
     957   2.537   -65.93121    0.00002    0.00004     957       2
     958   2.538   -65.93121    0.00002    0.00079     958      43
     959   2.538   -65.93120    0.00002    0.00035     959      19
     960   2.551   -65.93118    0.00002    0.00004     960       2
     961   2.551   -65.93118    0.00002    0.00004     961       2
     962   2.551   -65.93118    0.00002    0.00009     962       5
     963   2.550   -65.93119    0.00002    0.00004     963       2
     964   2.550   -65.93119    0.00002    0.00004     964       2
     965   2.551   -65.93118    0.00002    0.00002     965       1
     966   2.551   -65.93118    0.00002    0.00002     966       1
     967   2.551   -65.93118    0.00002    0.00004     967       2
     968   2.552   -65.93118    0.00002    0.00016     968       9
     969   2.555   -65.93118    0.00002    0.00004     969       2
     970   2.555   -65.93118    0.00002    0.00005     970       3
     971   2.556   -65.93118    0.00002    0.00007     971       4
     972   2.557   -65.93117    0.00002    0.00002     972       1
     973   2.556   -65.93118    0.00002    0.00027     973      15
     974   2.559   -65.93117    0.00002    0.00018     974      10
     975   2.557   -65.93117    0.00002    0.00005     975       3
     976   2.555   -65.93118    0.00002    0.00005     976       3
     977   2.558   -65.93117    0.00002    0.00012     977       7
     978   2.561   -65.93117    0.00002    0.00043     978      24
     979   2.565   -65.93116    0.00002    0.00025     979      14
     980   2.558   -65.93117    0.00002    0.00002     980       1
     981   2.558   -65.93117    0.00002    0.00005     981       3
     982   2.571   -65.93115    0.00002    0.00002     982       1
     983   2.569   -65.93116    0.00002    0.00009     983       5
     984   2.574   -65.93115    0.00002    0.00007     984       4
     985   2.573   -65.93115    0.00002    0.00007     985       4
     986   2.575   -65.93115    0.00002    0.00003     986       2
     987   2.576   -65.93115    0.00002    0.00003     987       2
     988   2.575   -65.93115    0.00002    0.00009     988       5
     989   2.558   -65.93117    0.00002    0.00005     989       3
     990   2.576   -65.93114    0.00002    0.00012     990       7
     991   2.576   -65.93114    0.00002    0.00005     991       3
     992   2.576   -65.93114    0.00002    0.00003     992       2
     993   2.576   -65.93114    0.00002    0.00005     993       3
     994   2.577   -65.93114    0.00002    0.00061     994      35
     995   2.582   -65.93113    0.00002    0.00002     995       1
     996   2.576   -65.93114    0.00002    0.00033     996      19
     997   2.584   -65.93113    0.00002    0.00009     997       5
     998   2.586   -65.93113    0.00002    0.00003     998       2
     999   2.586   -65.93113    0.00002    0.00003     999       2
    1000   2.584   -65.93113    0.00002    0.00002    1000       1
    1001   2.586   -65.93113    0.00002    0.00002    1001       1
    1002   2.587   -65.93113    0.00002    0.00010    1002       6
    1003   2.589   -65.93112    0.00002    0.00002    1003       1
    1004   2.559   -65.93117    0.00002    0.00022    1004      13
    1005   2.589   -65.93112    0.00002    0.00003    1005       2
    1006   2.594   -65.93112    0.00002    0.00005    1006       3
    1007   2.583   -65.93113    0.00002    0.00005    1007       3
    1008   2.594   -65.93112    0.00002    0.00003    1008       2
    1009   2.591   -65.93112    0.00002    0.00002    1009       1
    1010   2.559   -65.93117    0.00002    0.00005    1010       3
    1011   2.583   -65.93113    0.00002    0.00012    1011       7
    1012   2.594   -65.93112    0.00002    0.00002    1012       1
    1013   2.594   -65.93112    0.00002    0.00002    1013       1
    1014   2.595   -65.93111    0.00002    0.00003    1014       2
    1015   2.595   -65.93111    0.00002    0.00002    1015       1
    1016   2.595   -65.93111    0.00002    0.00008    1016       5
    1017   2.596   -65.93111    0.00002    0.00002    1017       1
    1018   2.596   -65.93111    0.00002    0.00002    1018       1
    1019   2.596   -65.93111    0.00002    0.00008    1019       5
    1020   2.597   -65.93111    0.00002    0.00043    1020      26
    1021   2.593   -65.93112    0.00002    0.00002    1021       1
    1022   2.607   -65.93109    0.00002    0.00002    1022       1
    1023   2.609   -65.93109    0.00002    0.00007    1023       4
    1024   2.606   -65.93110    0.00002    0.00002    1024       1
    1025   2.608   -65.93109    0.00002    0.00002    1025       1
    1026   2.609   -65.93109    0.00002    0.00003    1026       2
    1027   2.609   -65.93109    0.00002    0.00003    1027       2
    1028   2.611   -65.93109    0.00002    0.00007    1028       4
    1029   2.613   -65.93109    0.00002    0.00002    1029       1
    1030   2.607   -65.93110    0.00002    0.00011    1030       7
    1031   2.591   -65.93112    0.00002    0.00008    1031       5
    1032   2.610   -65.93109    0.00002    0.00002    1032       1
    1033   2.620   -65.93107    0.00002    0.00006    1033       4
    1034   2.612   -65.93109    0.00002    0.00002    1034       1
    1035   2.618   -65.93108    0.00002    0.00003    1035       2
    1036   2.610   -65.93109    0.00002    0.00002    1036       1
    1037   2.611   -65.93109    0.00002    0.00002    1037       1
    1038   2.621   -65.93107    0.00002    0.00003    1038       2
    1039   2.605   -65.93110    0.00002    0.00002    1039       1
    1040   2.621   -65.93107    0.00002    0.00011    1040       7
    1041   2.622   -65.93107    0.00002    0.00008    1041       5
    1042   2.625   -65.93107    0.00002    0.00003    1042       2
    1043   2.629   -65.93106    0.00002    0.00002    1043       1
    1044   2.630   -65.93106    0.00002    0.00002    1044       1
    1045   2.630   -65.93106    0.00002    0.00008    1045       5
    1046   2.623   -65.93107    0.00002    0.00002    1046       1
    1047   2.629   -65.93106    0.00002    0.00003    1047       2
    1048   2.632   -65.93106    0.00002    0.00002    1048       1
    1049   2.632   -65.93105    0.00002    0.00002    1049       1
    1050   2.632   -65.93105    0.00002    0.00002    1050       1
    1051   2.633   -65.93105    0.00002    0.00002    1051       1
    1052   2.633   -65.93105    0.00002    0.00008    1052       5
    1053   2.632   -65.93106    0.00002    0.00003    1053       2
    1054   2.634   -65.93105    0.00002    0.00006    1054       4
    1055   2.634   -65.93105    0.00002    0.00003    1055       2
    1056   2.634   -65.93105    0.00002    0.00044    1056      28
    1057   2.637   -65.93105    0.00002    0.00025    1057      16
    1058   2.637   -65.93105    0.00002    0.00005    1058       3
    1059   2.638   -65.93105    0.00002    0.00017    1059      11
    1060   2.639   -65.93104    0.00002    0.00006    1060       4
    1061   2.639   -65.93104    0.00002    0.00003    1061       2
    1062   2.640   -65.93104    0.00002    0.00006    1062       4
    1063   2.641   -65.93104    0.00002    0.00045    1063      29
    1064   2.646   -65.93103    0.00002    0.00005    1064       3
    1065   2.637   -65.93105    0.00002    0.00003    1065       2
    1066   2.644   -65.93104    0.00002    0.00002    1066       1
    1067   2.644   -65.93104    0.00002    0.00002    1067       1
    1068   2.644   -65.93104    0.00002    0.00039    1068      25
    1069   2.647   -65.93103    0.00002    0.00005    1069       3
    1070   2.649   -65.93103    0.00002    0.00006    1070       4
    1071   2.652   -65.93102    0.00002    0.00002    1071       1
    1072   2.653   -65.93102    0.00002    0.00002    1072       1
    1073   2.632   -65.93106    0.00002    0.00012    1073       8
    1074   2.654   -65.93102    0.00002    0.00005    1074       3
    1075   2.654   -65.93102    0.00002    0.00005    1075       3
    1076   2.657   -65.93101    0.00002    0.00005    1076       3
    1077   2.654   -65.93102    0.00002    0.00034    1077      22
    1078   2.650   -65.93103    0.00002    0.00005    1078       3
    1079   2.637   -65.93105    0.00002    0.00005    1079       3
    1080   2.650   -65.93103    0.00002    0.00003    1080       2
    1081   2.659   -65.93101    0.00002    0.00005    1081       3
    1082   2.661   -65.93101    0.00002    0.00017    1082      11
    1083   2.646   -65.93103    0.00002    0.00009    1083       6
    1084   2.664   -65.93100    0.00001    0.00001    1084       1
    1085   2.665   -65.93100    0.00001    0.00001    1085       1
    1086   2.649   -65.93103    0.00002    0.00011    1086       7
    1087   2.649   -65.93103    0.00002    0.00002    1087       1
    1088   2.663   -65.93101    0.00001    0.00001    1088       1
    1089   2.670   -65.93099    0.00001    0.00006    1089       4
    1090   2.652   -65.93102    0.00002    0.00003    1090       2
    1091   2.670   -65.93099    0.00001    0.00003    1091       2
    1092   2.663   -65.93100    0.00001    0.00003    1092       2
    1093   2.664   -65.93100    0.00001    0.00004    1093       3
    1094   2.671   -65.93099    0.00001    0.00001    1094       1
    1095   2.671   -65.93099    0.00001    0.00006    1095       4
    1096   2.671   -65.93099    0.00001    0.00001    1096       1
    1097   2.671   -65.93099    0.00001    0.00003    1097       2
    1098   2.671   -65.93099    0.00001    0.00003    1098       2
    1099   2.671   -65.93099    0.00001    0.00003    1099       2
    1100   2.671   -65.93099    0.00001    0.00007    1100       5
    1101   2.672   -65.93099    0.00001    0.00021    1101      14
    1102   2.673   -65.93099    0.00001    0.00003    1102       2
    1103   2.673   -65.93099    0.00001    0.00013    1103       9
    1104   2.674   -65.93099    0.00001    0.00032    1104      22
    1105   2.677   -65.93098    0.00001    0.00003    1105       2
    1106   2.680   -65.93098    0.00001    0.00004    1106       3
    1107   2.675   -65.93099    0.00001    0.00006    1107       4
    1108   2.671   -65.93099    0.00001    0.00003    1108       2
    1109   2.677   -65.93098    0.00001    0.00004    1109       3
    1110   2.678   -65.93098    0.00001    0.00001    1110       1
    1111   2.680   -65.93098    0.00001    0.00013    1111       9
    1112   2.681   -65.93098    0.00001    0.00003    1112       2
    1113   2.681   -65.93098    0.00001    0.00003    1113       2
    1114   2.681   -65.93098    0.00001    0.00009    1114       6
    1115   2.685   -65.93097    0.00001    0.00006    1115       4
    1116   2.683   -65.93097    0.00001    0.00009    1116       6
    1117   2.683   -65.93097    0.00001    0.00003    1117       2
    1118   2.675   -65.93099    0.00001    0.00001    1118       1
    1119   2.685   -65.93097    0.00001    0.00001    1119       1
    1120   2.678   -65.93098    0.00001    0.00006    1120       4
    1121   2.685   -65.93097    0.00001    0.00028    1121      19
    1122   2.686   -65.93097    0.00001    0.00001    1122       1
    1123   2.686   -65.93097    0.00001    0.00003    1123       2
    1124   2.686   -65.93097    0.00001    0.00006    1124       4
    1125   2.686   -65.93097    0.00001    0.00010    1125       7
    1126   2.687   -65.93097    0.00001    0.00006    1126       4
    1127   2.687   -65.93097    0.00001    0.00004    1127       3
    1128   2.687   -65.93097    0.00001    0.00001    1128       1
    1129   2.688   -65.93097    0.00001    0.00001    1129       1
    1130   2.688   -65.93097    0.00001    0.00036    1130      25
    1131   2.690   -65.93096    0.00001    0.00054    1131      38
    1132   2.697   -65.93095    0.00001    0.00001    1132       1
    1133   2.698   -65.93095    0.00001    0.00003    1133       2
    1134   2.681   -65.93098    0.00001    0.00003    1134       2
    1135   2.698   -65.93095    0.00001    0.00004    1135       3
    1136   2.699   -65.93095    0.00001    0.00011    1136       8
    1137   2.700   -65.93095    0.00001    0.00001    1137       1
    1138   2.685   -65.93097    0.00001    0.00001    1138       1
    1139   2.698   -65.93095    0.00001    0.00003    1139       2
    1140   2.699   -65.93095    0.00001    0.00001    1140       1
    1141   2.686   -65.93097    0.00001    0.00013    1141       9
    1142   2.700   -65.93095    0.00001    0.00004    1142       3
    1143   2.694   -65.93096    0.00001    0.00001    1143       1
    1144   2.701   -65.93095    0.00001    0.00004    1144       3
    1145   2.681   -65.93098    0.00001    0.00003    1145       2
    1146   2.701   -65.93095    0.00001    0.00003    1146       2
    1147   2.694   -65.93096    0.00001    0.00003    1147       2
    1148   2.694   -65.93096    0.00001    0.00004    1148       3
    1149   2.695   -65.93096    0.00001    0.00003    1149       2
    1150   2.704   -65.93094    0.00001    0.00001    1150       1
    1151   2.700   -65.93095    0.00001    0.00003    1151       2
    1152   2.685   -65.93097    0.00001    0.00001    1152       1
    1153   2.698   -65.93095    0.00001    0.00007    1153       5
    1154   2.711   -65.93093    0.00001    0.00006    1154       4
    1155   2.711   -65.93093    0.00001    0.00001    1155       1
    1156   2.711   -65.93093    0.00001    0.00001    1156       1
    1157   2.711   -65.93093    0.00001    0.00001    1157       1
    1158   2.712   -65.93093    0.00001    0.00001    1158       1
    1159   2.712   -65.93093    0.00001    0.00001    1159       1
    1160   2.712   -65.93093    0.00001    0.00003    1160       2
    1161   2.712   -65.93093    0.00001    0.00001    1161       1
    1162   2.714   -65.93092    0.00001    0.00017    1162      12
    1163   2.717   -65.93092    0.00001    0.00011    1163       8
    1164   2.715   -65.93092    0.00001    0.00001    1164       1
    1165   2.717   -65.93092    0.00001    0.00001    1165       1
    1166   2.717   -65.93092    0.00001    0.00019    1166      14
    1167   2.718   -65.93092    0.00001    0.00003    1167       2
    1168   2.718   -65.93092    0.00001    0.00027    1168      20
    1169   2.719   -65.93092    0.00001    0.00001    1169       1
    1170   2.719   -65.93092    0.00001    0.00001    1170       1
    1171   2.720   -65.93091    0.00001    0.00001    1171       1
    1172   2.720   -65.93091    0.00001    0.00010    1172       7
    1173   2.720   -65.93091    0.00001    0.00001    1173       1
    1174   2.721   -65.93091    0.00001    0.00008    1174       6
    1175   2.721   -65.93091    0.00001    0.00001    1175       1
    1176   2.721   -65.93091    0.00001    0.00005    1176       4
    1177   2.724   -65.93091    0.00001    0.00001    1177       1
    1178   2.722   -65.93091    0.00001    0.00027    1178      20
    1179   2.720   -65.93091    0.00001    0.00001    1179       1
    1180   2.727   -65.93090    0.00001    0.00004    1180       3
    1181   2.720   -65.93092    0.00001    0.00003    1181       2
    1182   2.720   -65.93092    0.00001    0.00001    1182       1
    1183   2.728   -65.93090    0.00001    0.00003    1183       2
    1184   2.711   -65.93093    0.00001    0.00004    1184       3
    1185   2.730   -65.93090    0.00001    0.00001    1185       1
    1186   2.723   -65.93091    0.00001    0.00001    1186       1
    1187   2.728   -65.93090    0.00001    0.00003    1187       2
    1188   2.730   -65.93090    0.00001    0.00003    1188       2
    1189   2.727   -65.93090    0.00001    0.00009    1189       7
    1190   2.730   -65.93090    0.00001    0.00004    1190       3
    1191   2.730   -65.93090    0.00001    0.00004    1191       3
    1192   2.730   -65.93090    0.00001    0.00001    1192       1
    1193   2.730   -65.93090    0.00001    0.00036    1193      27
    1194   2.737   -65.93089    0.00001    0.00007    1194       5
    1195   2.738   -65.93089    0.00001    0.00005    1195       4
    1196   2.739   -65.93088    0.00001    0.00001    1196       1
    1197   2.741   -65.93088    0.00001    0.00001    1197       1
    1198   2.730   -65.93090    0.00001    0.00001    1198       1
    1199   2.739   -65.93088    0.00001    0.00003    1199       2
    1200   2.741   -65.93088    0.00001    0.00001    1200       1
    1201   2.741   -65.93088    0.00001    0.00016    1201      12
    1202   2.743   -65.93088    0.00001    0.00001    1202       1
    1203   2.745   -65.93088    0.00001    0.00007    1203       5
    1204   2.742   -65.93088    0.00001    0.00001    1204       1
    1205   2.737   -65.93089    0.00001    0.00003    1205       2
    1206   2.747   -65.93087    0.00001    0.00007    1206       5
    1207   2.748   -65.93087    0.00001    0.00001    1207       1
    1208   2.748   -65.93087    0.00001    0.00004    1208       3
    1209   2.751   -65.93087    0.00001    0.00001    1209       1
    1210   2.747   -65.93087    0.00001    0.00001    1210       1
    1211   2.751   -65.93086    0.00001    0.00001    1211       1
    1212   2.749   -65.93087    0.00001    0.00001    1212       1
    1213   2.744   -65.93088    0.00001    0.00001    1213       1
    1214   2.740   -65.93088    0.00001    0.00003    1214       2
    1215   2.744   -65.93088    0.00001    0.00003    1215       2
    1216   2.753   -65.93086    0.00001    0.00009    1216       7
    1217   2.753   -65.93086    0.00001    0.00001    1217       1
    1218   2.746   -65.93087    0.00001    0.00001    1218       1
    1219   2.752   -65.93086    0.00001    0.00004    1219       3
    1220   2.753   -65.93086    0.00001    0.00001    1220       1
    1221   2.753   -65.93086    0.00001    0.00001    1221       1
    1222   2.753   -65.93086    0.00001    0.00005    1222       4
    1223   2.753   -65.93086    0.00001    0.00003    1223       2
    1224   2.753   -65.93086    0.00001    0.00001    1224       1
    1225   2.753   -65.93086    0.00001    0.00035    1225      27
    1226   2.750   -65.93087    0.00001    0.00003    1226       2
    1227   2.759   -65.93085    0.00001    0.00001    1227       1
    1228   2.750   -65.93087    0.00001    0.00001    1228       1
    1229   2.762   -65.93085    0.00001    0.00001    1229       1
    1230   2.762   -65.93085    0.00001    0.00004    1230       3
    1231   2.762   -65.93085    0.00001    0.00001    1231       1
    1232   2.762   -65.93085    0.00001    0.00044    1232      35
    1233   2.766   -65.93084    0.00001    0.00003    1233       2
    1234   2.767   -65.93084    0.00001    0.00001    1234       1
    1235   2.766   -65.93084    0.00001    0.00004    1235       3
    1236   2.767   -65.93084    0.00001    0.00006    1236       5
    1237   2.767   -65.93084    0.00001    0.00011    1237       9
    1238   2.767   -65.93084    0.00001    0.00040    1238      32
    1239   2.775   -65.93083    0.00001    0.00001    1239       1
    1240   2.775   -65.93083    0.00001    0.00001    1240       1
    1241   2.768   -65.93084    0.00001    0.00004    1241       3
    1242   2.768   -65.93084    0.00001    0.00004    1242       3
    1243   2.777   -65.93082    0.00001    0.00002    1243       2
    1244   2.777   -65.93082    0.00001    0.00002    1244       2
    1245   2.776   -65.93082    0.00001    0.00001    1245       1
    1246   2.767   -65.93084    0.00001    0.00004    1246       3
    1247   2.779   -65.93082    0.00001    0.00005    1247       4
    1248   2.783   -65.93081    0.00001    0.00001    1248       1
    1249   2.774   -65.93083    0.00001    0.00005    1249       4
    1250   2.779   -65.93082    0.00001    0.00001    1250       1
    1251   2.784   -65.93081    0.00001    0.00018    1251      15
    1252   2.785   -65.93081    0.00001    0.00001    1252       1
    1253   2.784   -65.93081    0.00001    0.00004    1253       3
    1254   2.786   -65.93081    0.00001    0.00001    1254       1
    1255   2.788   -65.93081    0.00001    0.00001    1255       1
    1256   2.782   -65.93082    0.00001    0.00002    1256       2
    1257   2.786   -65.93081    0.00001    0.00013    1257      11
    1258   2.783   -65.93081    0.00001    0.00001    1258       1
    1259   2.789   -65.93081    0.00001    0.00006    1259       5
    1260   2.789   -65.93081    0.00001    0.00001    1260       1
    1261   2.789   -65.93081    0.00001    0.00004    1261       3
    1262   2.789   -65.93081    0.00001    0.00034    1262      28
    1263   2.789   -65.93081    0.00001    0.00004    1263       3
    1264   2.791   -65.93080    0.00001    0.00001    1264       1
    1265   2.789   -65.93081    0.00001    0.00001    1265       1
    1266   2.789   -65.93081    0.00001    0.00002    1266       2
    1267   2.794   -65.93080    0.00001    0.00001    1267       1
    1268   2.789   -65.93081    0.00001    0.00002    1268       2
    1269   2.798   -65.93079    0.00001    0.00001    1269       1
    1270   2.799   -65.93079    0.00001    0.00005    1270       4
    1271   2.765   -65.93084    0.00001    0.00005    1271       4
    1272   2.800   -65.93079    0.00001    0.00001    1272       1
    1273   2.801   -65.93079    0.00001    0.00001    1273       1
    1274   2.803   -65.93078    0.00001    0.00001    1274       1
    1275   2.804   -65.93078    0.00001    0.00006    1275       5
    1276   2.804   -65.93078    0.00001    0.00008    1276       7
    1277   2.805   -65.93078    0.00001    0.00007    1277       6
    1278   2.805   -65.93078    0.00001    0.00001    1278       1
    1279   2.805   -65.93078    0.00001    0.00002    1279       2
    1280   2.801   -65.93079    0.00001    0.00001    1280       1
    1281   2.805   -65.93078    0.00001    0.00004    1281       3
    1282   2.807   -65.93078    0.00001    0.00001    1282       1
    1283   2.808   -65.93078    0.00001    0.00015    1283      13
    1284   2.810   -65.93077    0.00001    0.00001    1284       1
    1285   2.810   -65.93077    0.00001    0.00005    1285       4
    1286   2.813   -65.93077    0.00001    0.00001    1286       1
    1287   2.813   -65.93077    0.00001    0.00008    1287       7
    1288   2.810   -65.93077    0.00001    0.00002    1288       2
    1289   2.816   -65.93076    0.00001    0.00001    1289       1
    1290   2.806   -65.93078    0.00001    0.00004    1290       3
    1291   2.808   -65.93077    0.00001    0.00002    1291       2
    1292   2.816   -65.93076    0.00001    0.00002    1292       2
    1293   2.809   -65.93077    0.00001    0.00001    1293       1
    1294   2.817   -65.93076    0.00001    0.00012    1294      10
    1295   2.819   -65.93076    0.00001    0.00002    1295       2
    1296   2.818   -65.93076    0.00001    0.00001    1296       1
    1297   2.797   -65.93079    0.00001    0.00004    1297       3
    1298   2.815   -65.93076    0.00001    0.00006    1298       5
    1299   2.823   -65.93075    0.00001    0.00002    1299       2
    1300   2.803   -65.93078    0.00001    0.00004    1300       3
    1301   2.823   -65.93075    0.00001    0.00002    1301       2
    1302   2.815   -65.93076    0.00001    0.00001    1302       1
    1303   2.823   -65.93075    0.00001    0.00002    1303       2
    1304   2.827   -65.93074    0.00001    0.00001    1304       1
    1305   2.815   -65.93076    0.00001    0.00002    1305       2
    1306   2.815   -65.93076    0.00001    0.00002    1306       2
    1307   2.827   -65.93074    0.00001    0.00001    1307       1
    1308   2.828   -65.93074    0.00001    0.00001    1308       1
    1309   2.827   -65.93074    0.00001    0.00007    1309       6
    1310   2.831   -65.93074    0.00001    0.00005    1310       4
    1311   2.832   -65.93074    0.00001    0.00002    1311       2
    1312   2.832   -65.93074    0.00001    0.00001    1312       1
    1313   2.815   -65.93076    0.00001    0.00010    1313       9
    1314   2.834   -65.93073    0.00001    0.00008    1314       7
    1315   2.835   -65.93073    0.00001    0.00002    1315       2
    1316   2.834   -65.93073    0.00001    0.00002    1316       2
    1317   2.836   -65.93073    0.00001    0.00001    1317       1
    1318   2.829   -65.93074    0.00001    0.00003    1318       3
    1319   2.836   -65.93073    0.00001    0.00003    1319       3
    1320   2.837   -65.93073    0.00001    0.00001    1320       1
    1321   2.837   -65.93073    0.00001    0.00004    1321       4
    1322   2.839   -65.93073    0.00001    0.00002    1322       2
    1323   2.835   -65.93073    0.00001    0.00009    1323       8
    1324   2.838   -65.93073    0.00001    0.00003    1324       3
    1325   2.839   -65.93072    0.00001    0.00001    1325       1
    1326   2.838   -65.93073    0.00001    0.00002    1326       2
    1327   2.839   -65.93072    0.00001    0.00002    1327       2
    1328   2.839   -65.93073    0.00001    0.00001    1328       1
    1329   2.840   -65.93072    0.00001    0.00002    1329       2
    1330   2.840   -65.93072    0.00001    0.00002    1330       2
    1331   2.840   -65.93072    0.00001    0.00008    1331       7
    1332   2.841   -65.93072    0.00001    0.00001    1332       1
    1333   2.841   -65.93072    0.00001    0.00001    1333       1
    1334   2.842   -65.93072    0.00001    0.00026    1334      23
    1335   2.843   -65.93072    0.00001    0.00002    1335       2
    1336   2.844   -65.93072    0.00001    0.00019    1336      17
    1337   2.844   -65.93072    0.00001    0.00001    1337       1
    1338   2.844   -65.93072    0.00001    0.00002    1338       2
    1339   2.844   -65.93072    0.00001    0.00004    1339       4
    1340   2.845   -65.93072    0.00001    0.00037    1340      34
    1341   2.843   -65.93072    0.00001    0.00003    1341       3
    1342   2.850   -65.93071    0.00001    0.00020    1342      18
    1343   2.839   -65.93072    0.00001    0.00027    1343      25
    1344   2.849   -65.93071    0.00001    0.00001    1344       1
    1345   2.845   -65.93072    0.00001    0.00002    1345       2
    1346   2.851   -65.93071    0.00001    0.00001    1346       1
    1347   2.844   -65.93072    0.00001    0.00001    1347       1
    1348   2.853   -65.93070    0.00001    0.00002    1348       2
    1349   2.853   -65.93070    0.00001    0.00005    1349       5
    1350   2.853   -65.93070    0.00001    0.00008    1350       7
    1351   2.853   -65.93070    0.00001    0.00007    1351       6
    1352   2.853   -65.93070    0.00001    0.00001    1352       1
    1353   2.853   -65.93070    0.00001    0.00001    1353       1
    1354   2.853   -65.93070    0.00001    0.00001    1354       1
    1355   2.850   -65.93071    0.00001    0.00005    1355       5
    1356   2.853   -65.93070    0.00001    0.00001    1356       1
    1357   2.853   -65.93070    0.00001    0.00004    1357       4
    1358   2.853   -65.93070    0.00001    0.00002    1358       2
    1359   2.853   -65.93070    0.00001    0.00001    1359       1
    1360   2.853   -65.93070    0.00001    0.00003    1360       3
    1361   2.853   -65.93070    0.00001    0.00044    1361      41
    1362   2.855   -65.93070    0.00001    0.00003    1362       3
    1363   2.855   -65.93070    0.00001    0.00005    1363       5
    1364   2.856   -65.93070    0.00001    0.00001    1364       1
    1365   2.856   -65.93070    0.00001    0.00001    1365       1
    1366   2.856   -65.93070    0.00001    0.00001    1366       1
    1367   2.856   -65.93070    0.00001    0.00039    1367      36
    1368   2.855   -65.93070    0.00001    0.00001    1368       1
    1369   2.860   -65.93069    0.00001    0.00002    1369       2
    1370   2.858   -65.93070    0.00001    0.00001    1370       1
    1371   2.863   -65.93069    0.00001    0.00004    1371       4
    1372   2.863   -65.93069    0.00001    0.00002    1372       2
    1373   2.858   -65.93069    0.00001    0.00003    1373       3
    1374   2.863   -65.93069    0.00001    0.00003    1374       3
    1375   2.862   -65.93069    0.00001    0.00001    1375       1
    1376   2.863   -65.93069    0.00001    0.00004    1376       4
    1377   2.863   -65.93069    0.00001    0.00001    1377       1
    1378   2.863   -65.93069    0.00001    0.00001    1378       1
    1379   2.863   -65.93069    0.00001    0.00001    1379       1
    1380   2.863   -65.93069    0.00001    0.00001    1380       1
    1381   2.863   -65.93069    0.00001    0.00037    1381      35
    1382   2.864   -65.93069    0.00001    0.00054    1382      51
    1383   2.870   -65.93068    0.00001    0.00004    1383       4
    1384   2.869   -65.93068    0.00001    0.00002    1384       2
    1385   2.866   -65.93068    0.00001    0.00011    1385      10
    1386   2.873   -65.93067    0.00001    0.00001    1386       1
    1387   2.869   -65.93068    0.00001    0.00003    1387       3
    1388   2.875   -65.93067    0.00001    0.00002    1388       2
    1389   2.867   -65.93068    0.00001    0.00007    1389       7
    1390   2.876   -65.93067    0.00001    0.00001    1390       1
    1391   2.875   -65.93067    0.00001    0.00002    1391       2
    1392   2.860   -65.93069    0.00001    0.00008    1392       8
    1393   2.877   -65.93066    0.00001    0.00003    1393       3
    1394   2.878   -65.93066    0.00001    0.00001    1394       1
    1395   2.878   -65.93066    0.00001    0.00002    1395       2
    1396   2.871   -65.93067    0.00001    0.00001    1396       1
    1397   2.878   -65.93066    0.00001    0.00001    1397       1
    1398   2.878   -65.93066    0.00001    0.00002    1398       2
    1399   2.879   -65.93066    0.00001    0.00001    1399       1
    1400   2.879   -65.93066    0.00001    0.00003    1400       3
    1401   2.879   -65.93066    0.00001    0.00001    1401       1
    1402   2.879   -65.93066    0.00001    0.00018    1402      17
    1403   2.876   -65.93067    0.00001    0.00003    1403       3
    1404   2.880   -65.93066    0.00001    0.00001    1404       1
    1405   2.880   -65.93066    0.00001    0.00024    1405      23
    1406   2.881   -65.93066    0.00001    0.00003    1406       3
    1407   2.881   -65.93066    0.00001    0.00020    1407      19
    1408   2.884   -65.93065    0.00001    0.00006    1408       6
    1409   2.880   -65.93066    0.00001    0.00002    1409       2
    1410   2.886   -65.93065    0.00001    0.00004    1410       4
    1411   2.889   -65.93065    0.00001    0.00001    1411       1
    1412   2.884   -65.93065    0.00001    0.00001    1412       1
    1413   2.890   -65.93064    0.00001    0.00003    1413       3
    1414   2.884   -65.93065    0.00001    0.00002    1414       2
    1415   2.890   -65.93064    0.00001    0.00008    1415       8
    1416   2.892   -65.93064    0.00001    0.00002    1416       2
    1417   2.892   -65.93064    0.00001    0.00003    1417       3
    1418   2.889   -65.93065    0.00001    0.00013    1418      13
    1419   2.893   -65.93064    0.00001    0.00004    1419       4
    1420   2.891   -65.93064    0.00001    0.00013    1420      13
    1421   2.884   -65.93065    0.00001    0.00001    1421       1
    1422   2.895   -65.93064    0.00001    0.00001    1422       1
    1423   2.890   -65.93064    0.00001    0.00005    1423       5
    1424   2.896   -65.93063    0.00001    0.00002    1424       2
    1425   2.891   -65.93064    0.00001    0.00001    1425       1
    1426   2.896   -65.93063    0.00001    0.00001    1426       1
    1427   2.897   -65.93063    0.00001    0.00001    1427       1
    1428   2.890   -65.93064    0.00001    0.00001    1428       1
    1429   2.896   -65.93063    0.00001    0.00001    1429       1
    1430   2.894   -65.93064    0.00001    0.00006    1430       6
    1431   2.891   -65.93064    0.00001    0.00001    1431       1
    1432   2.898   -65.93063    0.00001    0.00001    1432       1
    1433   2.898   -65.93063    0.00001    0.00001    1433       1
    1434   2.898   -65.93063    0.00001    0.00003    1434       3
    1435   2.898   -65.93063    0.00001    0.00037    1435      37
    1436   2.905   -65.93062    0.00001    0.00003    1436       3
    1437   2.905   -65.93062    0.00001    0.00002    1437       2
    1438   2.905   -65.93062    0.00001    0.00003    1438       3
    1439   2.907   -65.93062    0.00001    0.00003    1439       3
    1440   2.907   -65.93062    0.00001    0.00002    1440       2
    1441   2.906   -65.93062    0.00001    0.00001    1441       1
    1442   2.906   -65.93062    0.00001    0.00004    1442       4
    1443   2.907   -65.93062    0.00001    0.00007    1443       7
    1444   2.906   -65.93062    0.00001    0.00002    1444       2
    1445   2.907   -65.93062    0.00001    0.00006    1445       6
    1446   2.905   -65.93062    0.00001    0.00002    1446       2
    1447   2.908   -65.93062    0.00001    0.00009    1447       9
    1448   2.908   -65.93062    0.00001    0.00002    1448       2
    1449   2.908   -65.93062    0.00001    0.00029    1449      29
    1450   2.911   -65.93061    0.00001    0.00004    1450       4
    1451   2.911   -65.93061    0.00001    0.00002    1451       2
    1452   2.911   -65.93061    0.00001    0.00001    1452       1
    1453   2.912   -65.93061    0.00001    0.00002    1453       2
    1454   2.912   -65.93061    0.00001    0.00001    1454       1
    1455   2.911   -65.93061    0.00001    0.00001    1455       1
    1456   2.907   -65.93062    0.00001    0.00005    1456       5
    1457   2.912   -65.93061    0.00001    0.00001    1457       1
    1458   2.915   -65.93060    0.00001    0.00010    1458      10
    1459   2.916   -65.93060    0.00001    0.00001    1459       1
    1460   2.917   -65.93060    0.00001    0.00003    1460       3
    1461   2.917   -65.93060    0.00001    0.00012    1461      12
    1462   2.915   -65.93060    0.00001    0.00005    1462       5
    1463   2.918   -65.93060    0.00001    0.00001    1463       1
    1464   2.918   -65.93060    0.00001    0.00002    1464       2
    1465   2.918   -65.93060    0.00001    0.00001    1465       1
    1466   2.918   -65.93060    0.00001    0.00003    1466       3
    1467   2.918   -65.93060    0.00001    0.00001    1467       1
    1468   2.918   -65.93060    0.00001    0.00008    1468       8
    1469   2.918   -65.93060    0.00001    0.00001    1469       1
    1470   2.918   -65.93060    0.00001    0.00001    1470       1
    1471   2.919   -65.93060    0.00001    0.00023    1471      24
    1472   2.919   -65.93060    0.00001    0.00014    1472      14
    1473   2.920   -65.93060    0.00001    0.00001    1473       1
    1474   2.920   -65.93060    0.00001    0.00003    1474       3
    1475   2.920   -65.93060    0.00001    0.00004    1475       4
    1476   2.920   -65.93060    0.00001    0.00035    1476      36
    1477   2.915   -65.93060    0.00001    0.00004    1477       4
    1478   2.922   -65.93059    0.00001    0.00001    1478       1
    1479   2.922   -65.93059    0.00001    0.00010    1479      10
    1480   2.926   -65.93059    0.00001    0.00001    1480       1
    1481   2.926   -65.93059    0.00001    0.00002    1481       2
    1482   2.927   -65.93058    0.00001    0.00002    1482       2
    1483   2.928   -65.93058    0.00001    0.00006    1483       6
    1484   2.923   -65.93059    0.00001    0.00003    1484       3
    1485   2.917   -65.93060    0.00001    0.00001    1485       1
    1486   2.928   -65.93058    0.00001    0.00002    1486       2
    1487   2.917   -65.93060    0.00001    0.00010    1487      10
    1488   2.923   -65.93059    0.00001    0.00002    1488       2
    1489   2.924   -65.93059    0.00001    0.00006    1489       6
    1490   2.916   -65.93060    0.00001    0.00005    1490       5
    1491   2.934   -65.93057    0.00001    0.00004    1491       4
    1492   2.930   -65.93058    0.00001    0.00001    1492       1
    1493   2.936   -65.93057    0.00001    0.00001    1493       1
    1494   2.936   -65.93057    0.00001    0.00005    1494       5
    1495   2.938   -65.93057    0.00001    0.00001    1495       1
    1496   2.933   -65.93057    0.00001    0.00001    1496       1
    1497   2.936   -65.93057    0.00001    0.00001    1497       1
    1498   2.939   -65.93057    0.00001    0.00001    1498       1
    1499   2.939   -65.93057    0.00001    0.00003    1499       3
    1500   2.934   -65.93057    0.00001    0.00002    1500       2
    1501   2.939   -65.93057    0.00001    0.00002    1501       2
    1502   2.940   -65.93056    0.00001    0.00003    1502       3
    1503   2.942   -65.93056    0.00001    0.00001    1503       1
    1504   2.931   -65.93058    0.00001    0.00001    1504       1
    1505   2.943   -65.93056    0.00001    0.00002    1505       2
    1506   2.940   -65.93056    0.00001    0.00004    1506       4
    1507   2.944   -65.93056    0.00001    0.00001    1507       1
    1508   2.938   -65.93057    0.00001    0.00002    1508       2
    1509   2.944   -65.93056    0.00001    0.00001    1509       1
    1510   2.945   -65.93056    0.00001    0.00003    1510       3
    1511   2.946   -65.93055    0.00001    0.00002    1511       2
    1512   2.945   -65.93056    0.00001    0.00002    1512       2
    1513   2.945   -65.93056    0.00001    0.00006    1513       6
    1514   2.949   -65.93055    0.00001    0.00004    1514       4
    1515   2.950   -65.93055    0.00001    0.00003    1515       3
    1516   2.950   -65.93055    0.00001    0.00004    1516       4
    1517   2.945   -65.93056    0.00001    0.00004    1517       4
    1518   2.952   -65.93055    0.00001    0.00001    1518       1
    1519   2.953   -65.93054    0.00001    0.00001    1519       1
    1520   2.946   -65.93055    0.00001    0.00001    1520       1
    1521   2.944   -65.93056    0.00001    0.00001    1521       1
    1522   2.948   -65.93055    0.00001    0.00001    1522       1
    1523   2.943   -65.93056    0.00001    0.00002    1523       2
    1524   2.938   -65.93057    0.00001    0.00001    1524       1
    1525   2.953   -65.93054    0.00001    0.00001    1525       1
    1526   2.953   -65.93054    0.00001    0.00005    1526       5
    1527   2.955   -65.93054    0.00001    0.00001    1527       1
    1528   2.954   -65.93054    0.00001    0.00004    1528       4
    1529   2.948   -65.93055    0.00001    0.00004    1529       4
    1530   2.957   -65.93054    0.00001    0.00005    1530       6
    1531   2.957   -65.93054    0.00001    0.00002    1531       2
    1532   2.957   -65.93054    0.00001    0.00001    1532       1
    1533   2.957   -65.93054    0.00001    0.00006    1533       6
    1534   2.958   -65.93054    0.00001    0.00002    1534       2
    1535   2.960   -65.93053    0.00001    0.00001    1535       1
    1536   2.960   -65.93053    0.00001    0.00004    1536       4
    1537   2.960   -65.93053    0.00001    0.00001    1537       1
    1538   2.960   -65.93053    0.00001    0.00010    1538      11
    1539   2.961   -65.93053    0.00001    0.00002    1539       2
    1540   2.960   -65.93053    0.00001    0.00006    1540       7
    1541   2.961   -65.93053    0.00001    0.00004    1541       4
    1542   2.961   -65.93053    0.00001    0.00001    1542       1
    1543   2.961   -65.93053    0.00001    0.00004    1543       4
    1544   2.961   -65.93053    0.00001    0.00037    1544      41
    1545   2.964   -65.93053    0.00001    0.00001    1545       1
    1546   2.964   -65.93053    0.00001    0.00029    1546      32
    1547   2.966   -65.93052    0.00001    0.00007    1547       8
    1548   2.967   -65.93052    0.00001    0.00004    1548       5
    1549   2.967   -65.93052    0.00001    0.00043    1549      48
    1550   2.971   -65.93052    0.00001    0.00002    1550       2
    1551   2.977   -65.93051    0.00001    0.00001    1551       1
    1552   2.966   -65.93052    0.00001    0.00001    1552       1
    1553   2.977   -65.93050    0.00001    0.00003    1553       3
    1554   2.973   -65.93051    0.00001    0.00001    1554       1
    1555   2.963   -65.93053    0.00001    0.00004    1555       4
    1556   2.971   -65.93051    0.00001    0.00004    1556       4
    1557   2.981   -65.93050    0.00001    0.00001    1557       1
    1558   2.982   -65.93050    0.00001    0.00002    1558       2
    1559   2.965   -65.93052    0.00001    0.00002    1559       2
    1560   2.982   -65.93050    0.00001    0.00002    1560       2
    1561   2.977   -65.93050    0.00001    0.00003    1561       3
    1562   2.982   -65.93050    0.00001    0.00001    1562       1
    1563   2.966   -65.93052    0.00001    0.00002    1563       2
    1564   2.982   -65.93050    0.00001    0.00008    1564       9
    1565   2.984   -65.93049    0.00001    0.00001    1565       1
    1566   2.984   -65.93049    0.00001    0.00002    1566       2
    1567   2.986   -65.93049    0.00001    0.00001    1567       1
    1568   2.979   -65.93050    0.00001    0.00002    1568       2
    1569   2.986   -65.93049    0.00001    0.00001    1569       1
    1570   2.986   -65.93049    0.00001    0.00001    1570       1
    1571   2.987   -65.93049    0.00001    0.00001    1571       1
    1572   2.987   -65.93049    0.00001    0.00013    1572      15
    1573   2.988   -65.93049    0.00001    0.00001    1573       1
    1574   2.989   -65.93049    0.00001    0.00003    1574       3
    1575   2.988   -65.93049    0.00001    0.00001    1575       1
    1576   2.992   -65.93048    0.00001    0.00003    1576       4
    1577   2.996   -65.93047    0.00001    0.00004    1577       5
    1578   2.997   -65.93047    0.00001    0.00005    1578       6
    1579   2.997   -65.93047    0.00001    0.00001    1579       1
    1580   2.991   -65.93048    0.00001    0.00001    1580       1
    1581   2.992   -65.93048    0.00001    0.00001    1581       1
    1582   2.997   -65.93047    0.00001    0.00001    1582       1
    1583   2.997   -65.93047    0.00001    0.00001    1583       1
    1584   2.998   -65.93047    0.00001    0.00001    1584       1
    1585   2.998   -65.93047    0.00001    0.00002    1585       2
    1586   2.998   -65.93047    0.00001    0.00003    1586       3
    1587   2.999   -65.93047    0.00001    0.00020    1587      24
    1588   3.002   -65.93046    0.00001    0.00002    1588       2
    1589   3.001   -65.93047    0.00001    0.00002    1589       2
    1590   3.002   -65.93047    0.00001    0.00003    1590       4
    1591   3.003   -65.93046    0.00001    0.00001    1591       1
    1592   3.002   -65.93047    0.00001    0.00009    1592      11
    1593   3.003   -65.93046    0.00001    0.00001    1593       1
    1594   3.004   -65.93046    0.00001    0.00004    1594       5
    1595   2.993   -65.93048    0.00001    0.00001    1595       1
    1596   3.003   -65.93046    0.00001    0.00011    1596      13
    1597   3.010   -65.93045    0.00001    0.00003    1597       3
    1598   3.011   -65.93045    0.00001    0.00001    1598       1
    1599   3.000   -65.93047    0.00001    0.00002    1599       2
    1600   3.012   -65.93045    0.00001    0.00003    1600       3
    1601   3.001   -65.93047    0.00001    0.00001    1601       1
    1602   3.013   -65.93045    0.00001    0.00001    1602       1
    1603   3.001   -65.93047    0.00001    0.00001    1603       1
    1604   3.013   -65.93045    0.00001    0.00001    1604       1
    1605   3.014   -65.93045    0.00001    0.00003    1605       4
    1606   3.015   -65.93044    0.00001    0.00001    1606       1
    1607   3.016   -65.93044    0.00001    0.00005    1607       6
    1608   3.017   -65.93044    0.00001    0.00003    1608       4
    1609   3.013   -65.93045    0.00001    0.00001    1609       1
    1610   3.017   -65.93044    0.00001    0.00004    1610       5
    1611   3.017   -65.93044    0.00001    0.00001    1611       1
    1612   3.017   -65.93044    0.00001    0.00002    1612       2
    1613   3.018   -65.93044    0.00001    0.00008    1613      10
    1614   3.020   -65.93044    0.00001    0.00001    1614       1
    1615   3.020   -65.93044    0.00001    0.00001    1615       1
    1616   3.020   -65.93044    0.00001    0.00001    1616       1
    1617   3.020   -65.93044    0.00001    0.00001    1617       1
    1618   3.020   -65.93044    0.00001    0.00002    1618       2
    1619   3.022   -65.93043    0.00001    0.00007    1619       9
    1620   3.014   -65.93045    0.00001    0.00002    1620       2
    1621   3.022   -65.93043    0.00001    0.00002    1621       2
    1622   3.024   -65.93043    0.00001    0.00006    1622       7
    1623   3.016   -65.93044    0.00001    0.00001    1623       1
    1624   3.019   -65.93044    0.00001    0.00010    1624      12
    1625   3.027   -65.93042    0.00001    0.00002    1625       2
    1626   3.015   -65.93045    0.00001    0.00002    1626       2
    1627   3.018   -65.93044    0.00001    0.00002    1627       3
    1628   3.023   -65.93043    0.00001    0.00002    1628       3
    1629   3.026   -65.93043    0.00001    0.00001    1629       1
    1630   3.029   -65.93042    0.00001    0.00001    1630       1
    1631   3.028   -65.93042    0.00001    0.00001    1631       1
    1632   3.023   -65.93043    0.00001    0.00002    1632       2
    1633   3.030   -65.93042    0.00001    0.00002    1633       3
    1634   3.016   -65.93044    0.00001    0.00002    1634       3
    1635   3.031   -65.93042    0.00001    0.00001    1635       1
    1636   3.026   -65.93043    0.00001    0.00003    1636       4
    1637   3.033   -65.93042    0.00001    0.00002    1637       3
    1638   3.024   -65.93043    0.00001    0.00001    1638       1
    1639   3.034   -65.93041    0.00001    0.00001    1639       1
    1640   3.035   -65.93041    0.00001    0.00002    1640       3
    1641   3.035   -65.93041    0.00001    0.00003    1641       4
    1642   3.035   -65.93041    0.00001    0.00002    1642       3
    1643   3.032   -65.93042    0.00001    0.00001    1643       1
    1644   3.035   -65.93041    0.00001    0.00005    1644       6
    1645   3.036   -65.93041    0.00001    0.00002    1645       3
    1646   3.036   -65.93041    0.00001    0.00002    1646       3
    1647   3.037   -65.93041    0.00001    0.00023    1647      29
    1648   3.046   -65.93040    0.00001    0.00002    1648       2
    1649   3.047   -65.93039    0.00001    0.00001    1649       1
    1650   3.046   -65.93039    0.00001    0.00001    1650       1
    1651   3.047   -65.93039    0.00001    0.00003    1651       4
    1652   3.047   -65.93039    0.00001    0.00001    1652       1
    1653   3.035   -65.93041    0.00001    0.00002    1653       2
    1654   3.014   -65.93045    0.00001    0.00002    1654       2
    1655   3.044   -65.93040    0.00001    0.00002    1655       2
    1656   3.048   -65.93039    0.00001    0.00002    1656       3
    1657   3.048   -65.93039    0.00001    0.00005    1657       6
    1658   3.048   -65.93039    0.00001    0.00002    1658       3
    1659   3.048   -65.93039    0.00001    0.00001    1659       1
    1660   3.048   -65.93039    0.00001    0.00002    1660       2
    1661   3.048   -65.93039    0.00001    0.00002    1661       3
    1662   3.048   -65.93039    0.00001    0.00001    1662       1
    1663   3.048   -65.93039    0.00001    0.00003    1663       4
    1664   3.048   -65.93039    0.00001    0.00036    1664      46
    1665   3.054   -65.93038    0.00001    0.00001    1665       1
    1666   3.048   -65.93039    0.00001    0.00010    1666      13
    1667   3.058   -65.93038    0.00001    0.00002    1667       2
    1668   3.058   -65.93038    0.00001    0.00006    1668       8
    1669   3.059   -65.93037    0.00001    0.00001    1669       1
    1670   3.060   -65.93037    0.00001    0.00002    1670       2
    1671   3.060   -65.93037    0.00001    0.00002    1671       3
    1672   3.058   -65.93038    0.00001    0.00001    1672       1
    1673   3.059   -65.93037    0.00001    0.00004    1673       5
    1674   3.061   -65.93037    0.00001    0.00002    1674       2
    1675   3.061   -65.93037    0.00001    0.00005    1675       7
    1676   3.061   -65.93037    0.00001    0.00005    1676       7
    1677   3.061   -65.93037    0.00001    0.00001    1677       1
    1678   3.063   -65.93037    0.00001    0.00002    1678       3
    1679   3.063   -65.93037    0.00001    0.00005    1679       6
    1680   3.063   -65.93037    0.00001    0.00009    1680      12
    1681   3.064   -65.93037    0.00001    0.00001    1681       1
    1682   3.064   -65.93037    0.00001    0.00002    1682       3
    1683   3.058   -65.93038    0.00001    0.00004    1683       5
    1684   3.064   -65.93037    0.00001    0.00001    1684       1
    1685   3.064   -65.93037    0.00001    0.00004    1685       5
    1686   3.059   -65.93037    0.00001    0.00011    1686      15
    1687   3.062   -65.93037    0.00001    0.00003    1687       4
    1688   3.066   -65.93036    0.00001    0.00001    1688       1
    1689   3.066   -65.93036    0.00001    0.00021    1689      28
    1690   3.063   -65.93037    0.00001    0.00016    1690      21
    1691   3.070   -65.93036    0.00001    0.00001    1691       1
    1692   3.070   -65.93036    0.00001    0.00002    1692       2
    1693   3.070   -65.93036    0.00001    0.00002    1693       2
    1694   3.063   -65.93037    0.00001    0.00002    1694       2
    1695   3.070   -65.93036    0.00001    0.00002    1695       2
    1696   3.071   -65.93036    0.00001    0.00001    1696       1
    1697   3.071   -65.93036    0.00001    0.00002    1697       3
    1698   3.071   -65.93036    0.00001    0.00005    1698       6
    1699   3.071   -65.93036    0.00001    0.00001    1699       1
    1700   3.071   -65.93036    0.00001    0.00002    1700       2
    1701   3.072   -65.93035    0.00001    0.00001    1701       1
    1702   3.072   -65.93035    0.00001    0.00002    1702       3
    1703   3.072   -65.93035    0.00001    0.00023    1703      30
    1704   3.074   -65.93035    0.00001    0.00001    1704       1
    1705   3.074   -65.93035    0.00001    0.00001    1705       2
    1706   3.074   -65.93035    0.00001    0.00003    1706       4
    1707   3.078   -65.93034    0.00001    0.00001    1707       2
    1708   3.079   -65.93034    0.00001    0.00003    1708       4
    1709   3.079   -65.93034    0.00001    0.00001    1709       1
    1710   3.073   -65.93035    0.00001    0.00001    1710       2
    1711   3.075   -65.93035    0.00001    0.00002    1711       3
    1712   3.079   -65.93034    0.00001    0.00004    1712       6
    1713   3.076   -65.93035    0.00001    0.00001    1713       1
    1714   3.078   -65.93034    0.00001    0.00021    1714      28
    1715   3.078   -65.93035    0.00001    0.00004    1715       6
    1716   3.086   -65.93033    0.00001    0.00001    1716       1
    1717   3.081   -65.93034    0.00001    0.00001    1717       2
    1718   3.080   -65.93034    0.00001    0.00001    1718       1
    1719   3.063   -65.93037    0.00001    0.00002    1719       2
    1720   3.086   -65.93033    0.00001    0.00001    1720       1
    1721   3.069   -65.93036    0.00001    0.00001    1721       1
    1722   3.063   -65.93037    0.00001    0.00003    1722       4
    1723   3.048   -65.93039    0.00001    0.00001    1723       1
    1724   3.087   -65.93033    0.00001    0.00001    1724       2
    1725   3.073   -65.93035    0.00001    0.00004    1725       5
    1726   3.073   -65.93035    0.00001    0.00004    1726       5
    1727   3.087   -65.93033    0.00001    0.00001    1727       1
    1728   3.088   -65.93033    0.00001    0.00001    1728       1
    1729   3.088   -65.93033    0.00001    0.00001    1729       1
    1730   3.088   -65.93033    0.00001    0.00001    1730       1
    1731   3.087   -65.93033    0.00001    0.00001    1731       1
    1732   3.088   -65.93033    0.00001    0.00003    1732       4
    1733   3.089   -65.93033    0.00001    0.00002    1733       3
    1734   3.087   -65.93033    0.00001    0.00001    1734       1
    1735   3.090   -65.93033    0.00001    0.00001    1735       1
    1736   3.089   -65.93033    0.00001    0.00001    1736       1
    1737   3.082   -65.93034    0.00001    0.00001    1737       2
    1738   3.089   -65.93033    0.00001    0.00001    1738       1
    1739   3.090   -65.93033    0.00001    0.00005    1739       7
    1740   3.096   -65.93032    0.00001    0.00002    1740       3
    1741   3.084   -65.93033    0.00001    0.00001    1741       1
    1742   3.088   -65.93033    0.00001    0.00004    1742       5
    1743   3.091   -65.93032    0.00001    0.00003    1743       4
    1744   3.092   -65.93032    0.00001    0.00001    1744       1
    1745   3.092   -65.93032    0.00001    0.00007    1745       9
    1746   3.096   -65.93032    0.00001    0.00001    1746       1
    1747   3.081   -65.93034    0.00001    0.00001    1747       1
    1748   3.096   -65.93031    0.00001    0.00004    1748       6
    1749   3.088   -65.93033    0.00001    0.00003    1749       4
    1750   3.097   -65.93031    0.00001    0.00001    1750       1
    1751   3.099   -65.93031    0.00001    0.00001    1751       2
    1752   3.099   -65.93031    0.00001    0.00001    1752       1
    1753   3.099   -65.93031    0.00001    0.00001    1753       1
    1754   3.097   -65.93031    0.00001    0.00002    1754       3
    1755   3.097   -65.93031    0.00001    0.00001    1755       1
    1756   3.097   -65.93031    0.00001    0.00001    1756       1
    1757   3.097   -65.93031    0.00001    0.00001    1757       1
    1758   3.097   -65.93031    0.00001    0.00001    1758       2
    1759   3.097   -65.93031    0.00001    0.00001    1759       2
    1760   3.098   -65.93031    0.00001    0.00019    1760      27
    1761   3.100   -65.93031    0.00001    0.00001    1761       1
    1762   3.100   -65.93031    0.00001    0.00001    1762       2
    1763   3.084   -65.93033    0.00001    0.00001    1763       1
    1764   3.096   -65.93032    0.00001    0.00001    1764       1
    1765   3.100   -65.93031    0.00001    0.00001    1765       1
    1766   3.101   -65.93031    0.00001    0.00001    1766       2
    1767   3.101   -65.93031    0.00001    0.00002    1767       3
    1768   3.099   -65.93031    0.00001    0.00028    1768      39
    1769   3.106   -65.93030    0.00001    0.00001    1769       2
    1770   3.104   -65.93030    0.00001    0.00001    1770       1
    1771   3.088   -65.93033    0.00001    0.00001    1771       1
    1772   3.104   -65.93030    0.00001    0.00002    1772       3
    1773   3.110   -65.93029    0.00001    0.00001    1773       1
    1774   3.095   -65.93032    0.00001    0.00001    1774       1
    1775   3.088   -65.93033    0.00001    0.00002    1775       3
    1776   3.110   -65.93029    0.00001    0.00001    1776       1
    1777   3.104   -65.93030    0.00001    0.00010    1777      14
    1778   3.110   -65.93029    0.00001    0.00001    1778       1
    1779   3.110   -65.93029    0.00001    0.00002    1779       3
    1780   3.096   -65.93032    0.00001    0.00001    1780       1
    1781   3.110   -65.93029    0.00001    0.00001    1781       2
    1782   3.110   -65.93029    0.00001    0.00022    1782      31
    1783   3.113   -65.93029    0.00001    0.00015    1783      22
    1784   3.115   -65.93028    0.00001    0.00001    1784       2
    1785   3.116   -65.93028    0.00001    0.00003    1785       4
    1786   3.117   -65.93028    0.00001    0.00006    1786       8
    1787   3.115   -65.93029    0.00001    0.00001    1787       2
    1788   3.114   -65.93029    0.00001    0.00004    1788       5
    1789   3.118   -65.93028    0.00001    0.00013    1789      19
    1790   3.118   -65.93028    0.00001    0.00001    1790       1
    1791   3.118   -65.93028    0.00001    0.00001    1791       1
    1792   3.118   -65.93028    0.00001    0.00001    1792       2
    1793   3.118   -65.93028    0.00001    0.00002    1793       3
    1794   3.118   -65.93028    0.00001    0.00001    1794       1
    1795   3.119   -65.93028    0.00001    0.00001    1795       1
    1796   3.119   -65.93028    0.00001    0.00001    1796       1
    1797   3.119   -65.93028    0.00001    0.00031    1797      45
    1798   3.118   -65.93028    0.00001    0.00001    1798       1
    1799   3.130   -65.93026    0.00001    0.00001    1799       1
    1800   3.130   -65.93026    0.00001    0.00002    1800       3
    1801   3.124   -65.93027    0.00001    0.00003    1801       4
    1802   3.130   -65.93026    0.00001    0.00003    1802       4
    1803   3.130   -65.93026    0.00001    0.00002    1803       3
    1804   3.132   -65.93026    0.00001    0.00003    1804       4
    1805   3.133   -65.93026    0.00001    0.00004    1805       6
    1806   3.138   -65.93025    0.00001    0.00001    1806       1
    1807   3.123   -65.93027    0.00001    0.00001    1807       1
    1808   3.139   -65.93025    0.00001    0.00001    1808       1
    1809   3.133   -65.93026    0.00001    0.00005    1809       8
    1810   3.139   -65.93025    0.00001    0.00001    1810       1
    1811   3.130   -65.93026    0.00001    0.00010    1811      14
    1812   3.141   -65.93024    0.00001    0.00025    1812      38
    1813   3.152   -65.93023    0.00001    0.00003    1813       5
    1814   3.154   -65.93022    0.00001    0.00001    1814       1
    1815   3.134   -65.93025    0.00001    0.00001    1815       2
    1816   3.150   -65.93023    0.00001    0.00001    1816       1
    1817   3.156   -65.93022    0.00001    0.00001    1817       1
    1818   3.156   -65.93022    0.00001    0.00001    1818       1
    1819   3.138   -65.93025    0.00001    0.00001    1819       2
    1820   3.152   -65.93023    0.00001    0.00022    1820      34
    1821   3.163   -65.93021    0.00001    0.00003    1821       4
    1822   3.164   -65.93021    0.00001    0.00001    1822       2
    1823   3.163   -65.93021    0.00001    0.00003    1823       4
    1824   3.154   -65.93022    0.00001    0.00002    1824       3
    1825   3.163   -65.93021    0.00001    0.00001    1825       1
    1826   3.158   -65.93022    0.00001    0.00001    1826       1
    1827   3.164   -65.93021    0.00001    0.00003    1827       4
    1828   3.164   -65.93021    0.00001    0.00001    1828       2
    1829   3.164   -65.93021    0.00001    0.00004    1829       6
    1830   3.164   -65.93021    0.00001    0.00001    1830       1
    1831   3.164   -65.93021    0.00001    0.00001    1831       1
    1832   3.158   -65.93022    0.00001    0.00001    1832       2
    1833   3.164   -65.93021    0.00001    0.00003    1833       5
    1834   3.164   -65.93021    0.00001    0.00001    1834       1
    1835   3.164   -65.93021    0.00001    0.00002    1835       3
    1836   3.164   -65.93021    0.00001    0.00006    1836       9
    1837   3.135   -65.93025    0.00001    0.00001    1837       1
    1838   3.135   -65.93025    0.00001    0.00001    1838       1
    1839   3.135   -65.93025    0.00001    0.00001    1839       2
    1840   3.164   -65.93021    0.00001    0.00002    1840       3
    1841   3.135   -65.93025    0.00001    0.00004    1841       6
    1842   3.164   -65.93021    0.00001    0.00001    1842       1
    1843   3.164   -65.93021    0.00001    0.00001    1843       1
    1844   3.165   -65.93021    0.00001    0.00001    1844       2
    1845   3.165   -65.93021    0.00001    0.00001    1845       1
    1846   3.165   -65.93021    0.00001    0.00001    1846       1
    1847   3.165   -65.93021    0.00001    0.00004    1847       6
    1848   3.165   -65.93021    0.00001    0.00004    1848       6
    1849   3.166   -65.93020    0.00001    0.00010    1849      15
    1850   3.136   -65.93025    0.00001    0.00001    1850       1
    1851   3.167   -65.93020    0.00001    0.00040    1851      62
    1852   3.177   -65.93019    0.00001    0.00006    1852      10
    1853   3.178   -65.93018    0.00001    0.00001    1853       1
    1854   3.179   -65.93018    0.00001    0.00001    1854       1
    1855   3.179   -65.93018    0.00001    0.00001    1855       1
    1856   3.179   -65.93018    0.00001    0.00002    1856       3
    1857   3.180   -65.93018    0.00001    0.00001    1857       1
    1858   3.174   -65.93019    0.00001    0.00001    1858       2
    1859   3.181   -65.93018    0.00001    0.00003    1859       5
    1860   3.171   -65.93020    0.00001    0.00001    1860       2
    1861   3.164   -65.93021    0.00001    0.00001    1861       1
    1862   3.181   -65.93018    0.00001    0.00001    1862       1
    1863   3.181   -65.93018    0.00001    0.00001    1863       2
    1864   3.181   -65.93018    0.00001    0.00001    1864       2
    1865   3.181   -65.93018    0.00001    0.00001    1865       1
    1866   3.171   -65.93020    0.00001    0.00013    1866      21
    1867   3.183   -65.93018    0.00001    0.00001    1867       1
    1868   3.183   -65.93018    0.00001    0.00003    1868       4
    1869   3.184   -65.93017    0.00001    0.00001    1869       2
    1870   3.185   -65.93017    0.00001    0.00001    1870       2
    1871   3.185   -65.93017    0.00001    0.00001    1871       1
    1872   3.185   -65.93017    0.00001    0.00001    1872       2
    1873   3.186   -65.93017    0.00001    0.00002    1873       4
    1874   3.191   -65.93016    0.00001    0.00001    1874       1
    1875   3.186   -65.93017    0.00001    0.00019    1875      31
    1876   3.195   -65.93016    0.00001    0.00004    1876       6
    1877   3.172   -65.93019    0.00001    0.00001    1877       1
    1878   3.195   -65.93016    0.00001    0.00001    1878       1
    1879   3.172   -65.93019    0.00001    0.00003    1879       4
    1880   3.197   -65.93016    0.00001    0.00001    1880       2
    1881   3.199   -65.93015    0.00001    0.00001    1881       2
    1882   3.199   -65.93015    0.00001    0.00001    1882       2
    1883   3.199   -65.93015    0.00001    0.00002    1883       3
    1884   3.200   -65.93015    0.00001    0.00001    1884       1
    1885   3.188   -65.93017    0.00001    0.00002    1885       4
    1886   3.202   -65.93015    0.00001    0.00001    1886       1
    1887   3.164   -65.93021    0.00001    0.00001    1887       1
    1888   3.200   -65.93015    0.00001    0.00001    1888       1
    1889   3.195   -65.93016    0.00001    0.00002    1889       3
    1890   3.173   -65.93019    0.00001    0.00004    1890       6
    1891   3.201   -65.93015    0.00001    0.00012    1891      19
    1892   3.205   -65.93014    0.00001    0.00001    1892       1
    1893   3.206   -65.93014    0.00001    0.00001    1893       1
    1894   3.202   -65.93015    0.00001    0.00002    1894       4
    1895   3.206   -65.93014    0.00001    0.00001    1895       1
    1896   3.206   -65.93014    0.00001    0.00006    1896      10
    1897   3.209   -65.93014    0.00001    0.00001    1897       2
    1898   3.209   -65.93014    0.00001    0.00002    1898       3
    1899   3.211   -65.93013    0.00001    0.00004    1899       6
    1900   3.209   -65.93014    0.00001    0.00001    1900       1
    1901   3.205   -65.93014    0.00001    0.00001    1901       2
    1902   3.209   -65.93013    0.00001    0.00001    1902       1
    1903   3.209   -65.93013    0.00001    0.00001    1903       2
    1904   3.173   -65.93019    0.00001    0.00001    1904       1
    1905   3.210   -65.93013    0.00001    0.00018    1905      30
    1906   3.215   -65.93013    0.00001    0.00001    1906       1
    1907   3.216   -65.93012    0.00001    0.00001    1907       1
    1908   3.217   -65.93012    0.00001    0.00015    1908      25
    1909   3.221   -65.93012    0.00001    0.00003    1909       5
    1910   3.222   -65.93012    0.00001    0.00001    1910       1
    1911   3.222   -65.93012    0.00001    0.00001    1911       2
    1912   3.222   -65.93012    0.00001    0.00001    1912       1
    1913   3.216   -65.93012    0.00001    0.00010    1913      17
    1914   3.223   -65.93011    0.00001    0.00001    1914       1
    1915   3.223   -65.93011    0.00001    0.00001    1915       1
    1916   3.229   -65.93010    0.00001    0.00003    1916       5
    1917   3.202   -65.93015    0.00001    0.00001    1917       1
    1918   3.229   -65.93010    0.00001    0.00003    1918       5
    1919   3.230   -65.93010    0.00001    0.00002    1919       4
    1920   3.230   -65.93010    0.00001    0.00001    1920       1
    1921   3.230   -65.93010    0.00001    0.00002    1921       3
    1922   3.205   -65.93014    0.00001    0.00001    1922       2
    1923   3.230   -65.93010    0.00001    0.00001    1923       2
    1924   3.205   -65.93014    0.00001    0.00001    1924       2
    1925   3.231   -65.93010    0.00001    0.00003    1925       6
    1926   3.233   -65.93010    0.00001    0.00002    1926       3
    1927   3.232   -65.93010    0.00001    0.00001    1927       1
    1928   3.229   -65.93010    0.00001    0.00001    1928       2
    1929   3.232   -65.93010    0.00001    0.00001    1929       1
    1930   3.231   -65.93010    0.00001    0.00005    1930       9
    1931   3.198   -65.93015    0.00001    0.00007    1931      12
    1932   3.233   -65.93010    0.00001    0.00001    1932       2
    1933   3.233   -65.93010    0.00001    0.00001    1933       1
    1934   3.234   -65.93010    0.00001    0.00002    1934       3
    1935   3.234   -65.93010    0.00001    0.00001    1935       1
    1936   3.234   -65.93010    0.00001    0.00002    1936       4
    1937   3.234   -65.93010    0.00001    0.00002    1937       4
    1938   3.234   -65.93010    0.00001    0.00001    1938       1
    1939   3.234   -65.93010    0.00001    0.00002    1939       3
    1940   3.234   -65.93010    0.00001    0.00025    1940      43
    1941   3.242   -65.93008    0.00001    0.00002    1941       3
    1942   3.242   -65.93008    0.00001    0.00001    1942       2
    1943   3.245   -65.93008    0.00001    0.00001    1943       1
    1944   3.242   -65.93008    0.00001    0.00002    1944       3
    1945   3.206   -65.93014    0.00001    0.00002    1945       4
    1946   3.244   -65.93008    0.00001    0.00002    1946       3
    1947   3.234   -65.93010    0.00001    0.00003    1947       6
    1948   3.248   -65.93007    0.00001    0.00003    1948       5
    1949   3.239   -65.93009    0.00001    0.00001    1949       1
    1950   3.250   -65.93007    0.00001    0.00001    1950       1
    1951   3.250   -65.93007    0.00001    0.00001    1951       1
    1952   3.240   -65.93009    0.00001    0.00001    1952       1
    1953   3.251   -65.93007    0.00001    0.00001    1953       1
    1954   3.252   -65.93007    0.00001    0.00001    1954       1
    1955   3.253   -65.93007    0.00001    0.00001    1955       1
    1956   3.254   -65.93006    0.00001    0.00001    1956       1
    1957   3.254   -65.93006    0.00001    0.00001    1957       1
    1958   3.255   -65.93006    0.00001    0.00001    1958       2
    1959   3.257   -65.93006    0.00001    0.00001    1959       2
    1960   3.245   -65.93008    0.00001    0.00001    1960       2
    1961   3.252   -65.93007    0.00001    0.00001    1961       1
    1962   3.227   -65.93011    0.00001    0.00002    1962       3
    1963   3.255   -65.93006    0.00001    0.00002    1963       4
    1964   3.257   -65.93006    0.00001    0.00001    1964       1
    1965   3.257   -65.93006    0.00001    0.00005    1965       9
    1966   3.257   -65.93006    0.00001    0.00001    1966       1
    1967   3.257   -65.93006    0.00001    0.00001    1967       1
    1968   3.257   -65.93006    0.00001    0.00001    1968       1
    1969   3.257   -65.93006    0.00001    0.00001    1969       2
    1970   3.257   -65.93006    0.00001    0.00001    1970       2
    1971   3.257   -65.93006    0.00001    0.00001    1971       1
    1972   3.257   -65.93006    0.00001    0.00027    1972      49
    1973   3.269   -65.93004    0.00001    0.00004    1973       8
    1974   3.269   -65.93004    0.00001    0.00001    1974       1
    1975   3.270   -65.93004    0.00001    0.00001    1975       1
    1976   3.270   -65.93004    0.00001    0.00001    1976       1
    1977   3.257   -65.93006    0.00001    0.00001    1977       1
    1978   3.257   -65.93006    0.00001    0.00007    1978      13
    1979   3.272   -65.93004    0.00001    0.00001    1979       2
    1980   3.273   -65.93003    0.00001    0.00001    1980       2
    1981   3.273   -65.93003    0.00001    0.00001    1981       1
    1982   3.270   -65.93004    0.00001    0.00001    1982       2
    1983   3.273   -65.93003    0.00001    0.00002    1983       3
    1984   3.276   -65.93003    0.00001    0.00003    1984       5
    1985   3.255   -65.93006    0.00001    0.00002    1985       3
    1986   3.275   -65.93003    0.00001    0.00014    1986      26
    1987   3.279   -65.93002    0.00001    0.00001    1987       1
    1988   3.257   -65.93006    0.00001    0.00001    1988       1
    1989   3.269   -65.93004    0.00001    0.00001    1989       1
    1990   3.275   -65.93003    0.00001    0.00002    1990       4
    1991   3.281   -65.93002    0.00001    0.00002    1991       3
    1992   3.277   -65.93003    0.00001    0.00003    1992       5
    1993   3.280   -65.93002    0.00001    0.00001    1993       1
    1994   3.281   -65.93002    0.00001    0.00001    1994       2
    1995   3.282   -65.93002    0.00001    0.00001    1995       1
    1996   3.257   -65.93006    0.00001    0.00001    1996       1
    1997   3.281   -65.93002    0.00001    0.00001    1997       1
    1998   3.282   -65.93002    0.00001    0.00001    1998       1
    1999   3.281   -65.93002    0.00001    0.00001    1999       1
    2000   3.282   -65.93002    0.00001    0.00008    2000      15
    2001   3.287   -65.93001    0.00001    0.00003    2001       5
    2002   3.282   -65.93002    0.00001    0.00006    2002      11
    2003   3.285   -65.93001    0.00001    0.00001    2003       1
    2004   3.288   -65.93001    0.00001    0.00002    2004       3
    2005   3.256   -65.93006    0.00001    0.00001    2005       1
    2006   3.291   -65.93000    0.00001    0.00001    2006       1
    2007   3.290   -65.93001    0.00001    0.00004    2007       7
    2008   3.289   -65.93001    0.00001    0.00003    2008       6
    2009   3.293   -65.93000    0.00001    0.00002    2009       3
    2010   3.294   -65.93000    0.00001    0.00002    2010       3
    2011   3.294   -65.93000    0.00001    0.00002    2011       3
    2012   3.294   -65.93000    0.00001    0.00001    2012       1
    2013   3.294   -65.93000    0.00001    0.00005    2013      10
    2014   3.296   -65.93000    0.00001    0.00006    2014      11
    2015   3.293   -65.93000    0.00001    0.00004    2015       7
    2016   3.293   -65.93000    0.00001    0.00003    2016       5
    2017   3.293   -65.93000    0.00001    0.00001    2017       2
    2018   3.301   -65.92999    0.00001    0.00001    2018       2
    2019   3.302   -65.92999    0.00001    0.00005    2019       9
    2020   3.303   -65.92999    0.00001    0.00001    2020       2
    2021   3.301   -65.92999    0.00001    0.00001    2021       1
    2022   3.301   -65.92999    0.00001    0.00002    2022       3
    2023   3.299   -65.92999    0.00001    0.00002    2023       4
    2024   3.304   -65.92998    0.00001    0.00001    2024       2
    2025   3.304   -65.92998    0.00001    0.00002    2025       4
    2026   3.291   -65.93001    0.00001    0.00001    2026       1
    2027   3.305   -65.92998    0.00001    0.00001    2027       1
    2028   3.304   -65.92998    0.00001    0.00003    2028       6
    2029   3.302   -65.92999    0.00001    0.00001    2029       2
    2030   3.291   -65.93001    0.00001    0.00001    2030       1
    2031   3.306   -65.92998    0.00001    0.00001    2031       2
    2032   3.306   -65.92998    0.00001    0.00002    2032       4
    2033   3.306   -65.92998    0.00001    0.00004    2033       7
    2034   3.307   -65.92998    0.00001    0.00001    2034       1
    2035   3.311   -65.92997    0.00001    0.00001    2035       1
    2036   3.311   -65.92997    0.00001    0.00001    2036       1
    2037   3.311   -65.92997    0.00001    0.00001    2037       1
    2038   3.309   -65.92998    0.00001    0.00001    2038       1
    2039   3.304   -65.92998    0.00001    0.00001    2039       1
    2040   3.311   -65.92997    0.00001    0.00001    2040       2
    2041   3.309   -65.92998    0.00001    0.00001    2041       1
    2042   3.302   -65.92999    0.00001    0.00002    2042       3
    2043   3.311   -65.92997    0.00001    0.00002    2043       3
    2044   3.311   -65.92997    0.00001    0.00001    2044       1
    2045   3.303   -65.92999    0.00001    0.00002    2045       4
    2046   3.311   -65.92997    0.00001    0.00001    2046       1
    2047   3.311   -65.92997    0.00001    0.00001    2047       1
    2048   3.311   -65.92997    0.00001    0.00001    2048       1
    2049   3.312   -65.92997    0.00001    0.00001    2049       1
    2050   3.312   -65.92997    0.00001    0.00001    2050       1
    2051   3.312   -65.92997    0.00001    0.00002    2051       4
    2052   3.313   -65.92997    0.00001    0.00001    2052       2
    2053   3.311   -65.92997    0.00001    0.00001    2053       1
    2054   3.314   -65.92997    0.00000    0.00001    2054       2
    2055   3.315   -65.92997    0.00000    0.00009    2055      18
    2056   3.299   -65.92999    0.00001    0.00001    2056       1
    2057   3.311   -65.92997    0.00001    0.00001    2057       3
    2058   3.291   -65.93000    0.00001    0.00001    2058       2
    2059   3.325   -65.92995    0.00000    0.00000    2059       1
    2060   3.318   -65.92996    0.00000    0.00002    2060       4
    2061   3.326   -65.92995    0.00000    0.00000    2061       1
    2062   3.326   -65.92995    0.00000    0.00000    2062       1
    2063   3.327   -65.92995    0.00000    0.00000    2063       1
    2064   3.317   -65.92996    0.00000    0.00001    2064       2
    2065   3.310   -65.92997    0.00001    0.00001    2065       1
    2066   3.325   -65.92995    0.00000    0.00000    2066       1
    2067   3.327   -65.92995    0.00000    0.00000    2067       1
    2068   3.327   -65.92995    0.00000    0.00006    2068      13
    2069   3.329   -65.92994    0.00000    0.00000    2069       1
    2070   3.336   -65.92993    0.00000    0.00000    2070       1
    2071   3.336   -65.92993    0.00000    0.00000    2071       1
    2072   3.337   -65.92993    0.00000    0.00000    2072       1
    2073   3.337   -65.92993    0.00000    0.00002    2073       5
    2074   3.340   -65.92993    0.00000    0.00004    2074       9
    2075   3.342   -65.92992    0.00000    0.00000    2075       1
    2076   3.342   -65.92992    0.00000    0.00003    2076       7
    2077   3.344   -65.92992    0.00000    0.00000    2077       1
    2078   3.344   -65.92992    0.00000    0.00002    2078       5
    2079   3.344   -65.92992    0.00000    0.00001    2079       2
    2080   3.345   -65.92992    0.00000    0.00006    2080      13
    2081   3.346   -65.92992    0.00000    0.00001    2081       3
    2082   3.346   -65.92992    0.00000    0.00000    2082       1
    2083   3.344   -65.92992    0.00000    0.00001    2083       2
    2084   3.330   -65.92994    0.00000    0.00003    2084       7
    2085   3.347   -65.92992    0.00000    0.00000    2085       1
    2086   3.347   -65.92992    0.00000    0.00004    2086       8
    2087   3.348   -65.92991    0.00000    0.00000    2087       1
    2088   3.348   -65.92991    0.00000    0.00013    2088      28
    2089   3.353   -65.92991    0.00000    0.00000    2089       1
    2090   3.350   -65.92991    0.00000    0.00001    2090       3
    2091   3.333   -65.92994    0.00000    0.00001    2091       3
    2092   3.358   -65.92990    0.00000    0.00002    2092       4
    2093   3.358   -65.92990    0.00000    0.00000    2093       1
    2094   3.358   -65.92990    0.00000    0.00002    2094       4
    2095   3.358   -65.92990    0.00000    0.00001    2095       3
    2096   3.358   -65.92990    0.00000    0.00000    2096       1
    2097   3.358   -65.92990    0.00000    0.00001    2097       2
    2098   3.358   -65.92990    0.00000    0.00002    2098       4
    2099   3.360   -65.92989    0.00000    0.00001    2099       3
    2100   3.361   -65.92989    0.00000    0.00001    2100       3
    2101   3.361   -65.92989    0.00000    0.00009    2101      19
    2102   3.365   -65.92989    0.00000    0.00000    2102       1
    2103   3.340   -65.92993    0.00000    0.00001    2103       2
    2104   3.352   -65.92991    0.00000    0.00001    2104       3
    2105   3.371   -65.92988    0.00000    0.00000    2105       1
    2106   3.371   -65.92988    0.00000    0.00000    2106       1
    2107   3.372   -65.92988    0.00000    0.00004    2107       8
    2108   3.373   -65.92987    0.00000    0.00001    2108       2
    2109   3.373   -65.92987    0.00000    0.00005    2109      12
    2110   3.378   -65.92987    0.00000    0.00000    2110       1
    2111   3.378   -65.92987    0.00000    0.00000    2111       1
    2112   3.378   -65.92987    0.00000    0.00001    2112       2
    2113   3.378   -65.92987    0.00000    0.00000    2113       1
    2114   3.379   -65.92987    0.00000    0.00007    2114      15
    2115   3.383   -65.92986    0.00000    0.00008    2115      17
    2116   3.384   -65.92986    0.00000    0.00003    2116       7
    2117   3.378   -65.92987    0.00000    0.00004    2117       9
    2118   3.385   -65.92985    0.00000    0.00002    2118       4
    2119   3.388   -65.92985    0.00000    0.00004    2119       8
    2120   3.389   -65.92985    0.00000    0.00001    2120       3
    2121   3.392   -65.92984    0.00000    0.00000    2121       1
    2122   3.392   -65.92984    0.00000    0.00001    2122       3
    2123   3.392   -65.92984    0.00000    0.00001    2123       3
    2124   3.392   -65.92984    0.00000    0.00008    2124      19
    2125   3.394   -65.92984    0.00000    0.00000    2125       1
    2126   3.394   -65.92984    0.00000    0.00001    2126       3
    2127   3.395   -65.92984    0.00000    0.00000    2127       1
    2128   3.396   -65.92984    0.00000    0.00000    2128       1
    2129   3.396   -65.92984    0.00000    0.00000    2129       1
    2130   3.396   -65.92984    0.00000    0.00000    2130       1
    2131   3.396   -65.92984    0.00000    0.00015    2131      34
    2132   3.387   -65.92985    0.00000    0.00001    2132       3
    2133   3.401   -65.92983    0.00000    0.00001    2133       2
    2134   3.402   -65.92983    0.00000    0.00000    2134       1
    2135   3.402   -65.92983    0.00000    0.00001    2135       3
    2136   3.402   -65.92983    0.00000    0.00001    2136       3
    2137   3.407   -65.92982    0.00000    0.00000    2137       1
    2138   3.403   -65.92983    0.00000    0.00000    2138       1
    2139   3.404   -65.92983    0.00000    0.00000    2139       1
    2140   3.406   -65.92982    0.00000    0.00000    2140       1
    2141   3.401   -65.92983    0.00000    0.00002    2141       4
    2142   3.407   -65.92982    0.00000    0.00008    2142      18
    2143   3.410   -65.92981    0.00000    0.00000    2143       1
    2144   3.410   -65.92981    0.00000    0.00000    2144       1
    2145   3.411   -65.92981    0.00000    0.00000    2145       1
    2146   3.411   -65.92981    0.00000    0.00001    2146       2
    2147   3.412   -65.92981    0.00000    0.00000    2147       1
    2148   3.409   -65.92982    0.00000    0.00001    2148       2
    2149   3.412   -65.92981    0.00000    0.00003    2149       6
    2150   3.406   -65.92982    0.00000    0.00001    2150       2
    2151   3.412   -65.92981    0.00000    0.00001    2151       2
    2152   3.412   -65.92981    0.00000    0.00001    2152       2
    2153   3.413   -65.92981    0.00000    0.00000    2153       1
    2154   3.413   -65.92981    0.00000    0.00001    2154       2
    2155   3.413   -65.92981    0.00000    0.00000    2155       1
    2156   3.413   -65.92981    0.00000    0.00001    2156       2
    2157   3.413   -65.92981    0.00000    0.00001    2157       2
    2158   3.414   -65.92981    0.00000    0.00008    2158      20
    2159   3.422   -65.92980    0.00000    0.00000    2159       1
    2160   3.382   -65.92986    0.00000    0.00002    2160       5
    2161   3.426   -65.92979    0.00000    0.00000    2161       1
    2162   3.426   -65.92979    0.00000    0.00000    2162       1
    2163   3.427   -65.92979    0.00000    0.00000    2163       1
    2164   3.416   -65.92981    0.00000    0.00001    2164       2
    2165   3.427   -65.92979    0.00000    0.00001    2165       2
    2166   3.401   -65.92983    0.00000    0.00001    2166       2
    2167   3.425   -65.92979    0.00000    0.00000    2167       1
    2168   3.429   -65.92978    0.00000    0.00000    2168       1
    2169   3.430   -65.92978    0.00000    0.00001    2169       2
    2170   3.382   -65.92986    0.00000    0.00000    2170       1
    2171   3.430   -65.92978    0.00000    0.00001    2171       2
    2172   3.431   -65.92978    0.00000    0.00001    2172       3
    2173   3.423   -65.92979    0.00000    0.00000    2173       1
    2174   3.432   -65.92978    0.00000    0.00000    2174       1
    2175   3.429   -65.92979    0.00000    0.00000    2175       1
    2176   3.434   -65.92978    0.00000    0.00000    2176       1
    2177   3.434   -65.92978    0.00000    0.00001    2177       2
    2178   3.427   -65.92979    0.00000    0.00002    2178       4
    2179   3.437   -65.92977    0.00000    0.00000    2179       1
    2180   3.437   -65.92977    0.00000    0.00000    2180       1
    2181   3.438   -65.92977    0.00000    0.00000    2181       1
    2182   3.439   -65.92977    0.00000    0.00001    2182       3
    2183   3.443   -65.92976    0.00000    0.00000    2183       1
    2184   3.436   -65.92977    0.00000    0.00000    2184       1
    2185   3.443   -65.92976    0.00000    0.00000    2185       1
    2186   3.443   -65.92976    0.00000    0.00000    2186       1
    2187   3.443   -65.92976    0.00000    0.00001    2187       2
    2188   3.443   -65.92976    0.00000    0.00001    2188       3
    2189   3.443   -65.92976    0.00000    0.00001    2189       3
    2190   3.444   -65.92976    0.00000    0.00001    2190       3
    2191   3.444   -65.92976    0.00000    0.00007    2191      18
    2192   3.443   -65.92976    0.00000    0.00004    2192       9
    2193   3.448   -65.92976    0.00000    0.00002    2193       4
    2194   3.448   -65.92976    0.00000    0.00005    2194      12
    2195   3.448   -65.92975    0.00000    0.00001    2195       3
    2196   3.448   -65.92975    0.00000    0.00001    2196       3
    2197   3.449   -65.92975    0.00000    0.00000    2197       1
    2198   3.449   -65.92975    0.00000    0.00000    2198       1
    2199   3.449   -65.92975    0.00000    0.00000    2199       1
    2200   3.449   -65.92975    0.00000    0.00002    2200       6
    2201   3.450   -65.92975    0.00000    0.00001    2201       3
    2202   3.451   -65.92975    0.00000    0.00000    2202       1
    2203   3.451   -65.92975    0.00000    0.00000    2203       1
    2204   3.451   -65.92975    0.00000    0.00018    2204      47
    2205   3.463   -65.92973    0.00000    0.00001    2205       2
    2206   3.444   -65.92976    0.00000    0.00000    2206       1
    2207   3.463   -65.92973    0.00000    0.00000    2207       1
    2208   3.463   -65.92973    0.00000    0.00001    2208       2
    2209   3.448   -65.92975    0.00000    0.00001    2209       3
    2210   3.463   -65.92973    0.00000    0.00001    2210       3
    2211   3.463   -65.92973    0.00000    0.00004    2211      10
    2212   3.464   -65.92973    0.00000    0.00002    2212       6
    2213   3.465   -65.92973    0.00000    0.00000    2213       1
    2214   3.465   -65.92973    0.00000    0.00000    2214       1
    2215   3.448   -65.92975    0.00000    0.00001    2215       2
    2216   3.466   -65.92973    0.00000    0.00001    2216       3
    2217   3.466   -65.92973    0.00000    0.00011    2217      29
    2218   3.444   -65.92976    0.00000    0.00000    2218       1
    2219   3.463   -65.92973    0.00000    0.00001    2219       2
    2220   3.474   -65.92971    0.00000    0.00003    2220       7
    2221   3.471   -65.92972    0.00000    0.00001    2221       2
    2222   3.471   -65.92972    0.00000    0.00000    2222       1
    2223   3.477   -65.92971    0.00000    0.00004    2223      10
    2224   3.479   -65.92971    0.00000    0.00000    2224       1
    2225   3.479   -65.92970    0.00000    0.00000    2225       1
    2226   3.472   -65.92972    0.00000    0.00000    2226       1
    2227   3.460   -65.92974    0.00000    0.00000    2227       1
    2228   3.463   -65.92973    0.00000    0.00000    2228       1
    2229   3.476   -65.92971    0.00000    0.00000    2229       1
    2230   3.480   -65.92970    0.00000    0.00000    2230       1
    2231   3.480   -65.92970    0.00000    0.00000    2231       1
    2232   3.481   -65.92970    0.00000    0.00000    2232       1
    2233   3.460   -65.92974    0.00000    0.00000    2233       1
    2234   3.476   -65.92971    0.00000    0.00000    2234       1
    2235   3.484   -65.92970    0.00000    0.00001    2235       2
    2236   3.484   -65.92970    0.00000    0.00000    2236       1
    2237   3.484   -65.92970    0.00000    0.00001    2237       3
    2238   3.487   -65.92969    0.00000    0.00000    2238       1
    2239   3.488   -65.92969    0.00000    0.00000    2239       1
    2240   3.488   -65.92969    0.00000    0.00001    2240       2
    2241   3.488   -65.92969    0.00000    0.00000    2241       1
    2242   3.488   -65.92969    0.00000    0.00000    2242       1
    2243   3.488   -65.92969    0.00000    0.00003    2243       8
    2244   3.489   -65.92969    0.00000    0.00005    2244      14
    2245   3.492   -65.92968    0.00000    0.00000    2245       1
    2246   3.490   -65.92969    0.00000    0.00000    2246       1
    2247   3.490   -65.92969    0.00000    0.00001    2247       2
    2248   3.490   -65.92969    0.00000    0.00000    2248       1
    2249   3.490   -65.92969    0.00000    0.00000    2249       1
    2250   3.493   -65.92968    0.00000    0.00000    2250       1
    2251   3.494   -65.92968    0.00000    0.00000    2251       1
    2252   3.491   -65.92969    0.00000    0.00000    2252       1
    2253   3.495   -65.92968    0.00000    0.00017    2253      47
    2254   3.499   -65.92967    0.00000    0.00004    2254      11
    2255   3.503   -65.92967    0.00000    0.00002    2255       6
    2256   3.504   -65.92967    0.00000    0.00001    2256       3
    2257   3.503   -65.92967    0.00000    0.00001    2257       4
    2258   3.504   -65.92967    0.00000    0.00000    2258       1
    2259   3.503   -65.92967    0.00000    0.00001    2259       2
    2260   3.504   -65.92967    0.00000    0.00000    2260       1
    2261   3.504   -65.92967    0.00000    0.00001    2261       4
    2262   3.504   -65.92967    0.00000    0.00001    2262       4
    2263   3.504   -65.92966    0.00000    0.00000    2263       1
    2264   3.504   -65.92966    0.00000    0.00002    2264       5
    2265   3.505   -65.92966    0.00000    0.00001    2265       3
    2266   3.505   -65.92966    0.00000    0.00000    2266       1
    2267   3.504   -65.92967    0.00000    0.00001    2267       3
    2268   3.506   -65.92966    0.00000    0.00009    2268      25
    2269   3.512   -65.92965    0.00000    0.00000    2269       1
    2270   3.510   -65.92966    0.00000    0.00003    2270       7
    2271   3.514   -65.92965    0.00000    0.00001    2271       2
    2272   3.515   -65.92965    0.00000    0.00000    2272       1
    2273   3.515   -65.92965    0.00000    0.00002    2273       5
    2274   3.515   -65.92965    0.00000    0.00000    2274       1
    2275   3.514   -65.92965    0.00000    0.00001    2275       3
    2276   3.515   -65.92965    0.00000    0.00003    2276       8
    2277   3.512   -65.92965    0.00000    0.00001    2277       2
    2278   3.499   -65.92967    0.00000    0.00001    2278       2
    2279   3.516   -65.92965    0.00000    0.00002    2279       5
    2280   3.508   -65.92966    0.00000    0.00004    2280      10
    2281   3.518   -65.92964    0.00000    0.00001    2281       3
    2282   3.520   -65.92964    0.00000    0.00001    2282       4
    2283   3.512   -65.92965    0.00000    0.00000    2283       1
    2284   3.520   -65.92964    0.00000    0.00001    2284       3
    2285   3.506   -65.92966    0.00000    0.00000    2285       1
    2286   3.520   -65.92964    0.00000    0.00001    2286       3
    2287   3.520   -65.92964    0.00000    0.00002    2287       5
    2288   3.519   -65.92964    0.00000    0.00001    2288       3
    2289   3.514   -65.92965    0.00000    0.00005    2289      13
    2290   3.520   -65.92964    0.00000    0.00000    2290       1
    2291   3.521   -65.92964    0.00000    0.00000    2291       1
    2292   3.521   -65.92964    0.00000    0.00002    2292       5
    2293   3.521   -65.92964    0.00000    0.00000    2293       1
    2294   3.521   -65.92964    0.00000    0.00000    2294       1
    2295   3.523   -65.92964    0.00000    0.00000    2295       1
    2296   3.516   -65.92965    0.00000    0.00001    2296       2
    2297   3.521   -65.92964    0.00000    0.00000    2297       1
    2298   3.521   -65.92964    0.00000    0.00001    2298       2
    2299   3.523   -65.92964    0.00000    0.00000    2299       1
    2300   3.521   -65.92964    0.00000    0.00001    2300       2
    2301   3.521   -65.92964    0.00000    0.00011    2301      30
    2302   3.523   -65.92963    0.00000    0.00000    2302       1
    2303   3.527   -65.92963    0.00000    0.00001    2303       3
    2304   3.527   -65.92963    0.00000    0.00004    2304      11
    2305   3.532   -65.92962    0.00000    0.00002    2305       6
    2306   3.533   -65.92962    0.00000    0.00003    2306      10
    2307   3.534   -65.92962    0.00000    0.00000    2307       1
    2308   3.524   -65.92963    0.00000    0.00000    2308       1
    2309   3.523   -65.92963    0.00000    0.00000    2309       1
    2310   3.535   -65.92962    0.00000    0.00000    2310       1
    2311   3.535   -65.92962    0.00000    0.00000    2311       1
    2312   3.535   -65.92962    0.00000    0.00001    2312       2
    2313   3.534   -65.92962    0.00000    0.00001    2313       3
    2314   3.535   -65.92962    0.00000    0.00000    2314       1
    2315   3.524   -65.92963    0.00000    0.00001    2315       2
    2316   3.535   -65.92962    0.00000    0.00000    2316       1
    2317   3.535   -65.92962    0.00000    0.00002    2317       7
    2318   3.535   -65.92962    0.00000    0.00000    2318       1
    2319   3.535   -65.92962    0.00000    0.00001    2319       2
    2320   3.535   -65.92962    0.00000    0.00001    2320       3
    2321   3.536   -65.92962    0.00000    0.00000    2321       1
    2322   3.531   -65.92962    0.00000    0.00000    2322       1
    2323   3.536   -65.92961    0.00000    0.00000    2323       1
    2324   3.537   -65.92961    0.00000    0.00000    2324       1
    2325   3.536   -65.92961    0.00000    0.00001    2325       3
    2326   3.537   -65.92961    0.00000    0.00001    2326       2
    2327   3.537   -65.92961    0.00000    0.00001    2327       2
    2328   3.504   -65.92967    0.00000    0.00001    2328       2
    2329   3.537   -65.92961    0.00000    0.00000    2329       1
    2330   3.537   -65.92961    0.00000    0.00006    2330      17
    2331   3.541   -65.92961    0.00000    0.00003    2331       8
    2332   3.538   -65.92961    0.00000    0.00000    2332       1
    2333   3.535   -65.92962    0.00000    0.00001    2333       2
    2334   3.544   -65.92960    0.00000    0.00000    2334       1
    2335   3.540   -65.92961    0.00000    0.00002    2335       7
    2336   3.498   -65.92968    0.00000    0.00003    2336       8
    2337   3.543   -65.92960    0.00000    0.00000    2337       1
    2338   3.548   -65.92960    0.00000    0.00000    2338       1
    2339   3.524   -65.92963    0.00000    0.00001    2339       2
    2340   3.548   -65.92960    0.00000    0.00001    2340       3
    2341   3.552   -65.92959    0.00000    0.00000    2341       1
    2342   3.549   -65.92959    0.00000    0.00000    2342       1
    2343   3.552   -65.92959    0.00000    0.00000    2343       1
    2344   3.549   -65.92959    0.00000    0.00001    2344       3
    2345   3.553   -65.92959    0.00000    0.00000    2345       1
    2346   3.554   -65.92959    0.00000    0.00000    2346       1
    2347   3.520   -65.92964    0.00000    0.00002    2347       5
    2348   3.554   -65.92959    0.00000    0.00000    2348       1
    2349   3.554   -65.92959    0.00000    0.00000    2349       1
    2350   3.554   -65.92959    0.00000    0.00001    2350       4
    2351   3.547   -65.92960    0.00000    0.00000    2351       1
    2352   3.556   -65.92958    0.00000    0.00000    2352       1
    2353   3.548   -65.92960    0.00000    0.00000    2353       1
    2354   3.556   -65.92958    0.00000    0.00000    2354       1
    2355   3.556   -65.92958    0.00000    0.00000    2355       1
    2356   3.556   -65.92958    0.00000    0.00000    2356       1
    2357   3.557   -65.92958    0.00000    0.00000    2357       1
    2358   3.559   -65.92958    0.00000    0.00001    2358       2
    2359   3.559   -65.92958    0.00000    0.00002    2359       6
    2360   3.562   -65.92957    0.00000    0.00001    2360       2
    2361   3.556   -65.92958    0.00000    0.00001    2361       2
    2362   3.560   -65.92958    0.00000    0.00001    2362       2
    2363   3.563   -65.92957    0.00000    0.00000    2363       1
    2364   3.563   -65.92957    0.00000    0.00001    2364       2
    2365   3.565   -65.92957    0.00000    0.00000    2365       1
    2366   3.565   -65.92957    0.00000    0.00000    2366       1
    2367   3.557   -65.92958    0.00000    0.00000    2367       1
    2368   3.563   -65.92957    0.00000    0.00001    2368       2
    2369   3.559   -65.92958    0.00000    0.00000    2369       1
    2370   3.564   -65.92957    0.00000    0.00001    2370       2
    2371   3.566   -65.92957    0.00000    0.00001    2371       2
    2372   3.565   -65.92957    0.00000    0.00000    2372       1
    2373   3.557   -65.92958    0.00000    0.00001    2373       3
    2374   3.561   -65.92958    0.00000    0.00001    2374       3
    2375   3.568   -65.92956    0.00000    0.00000    2375       1
    2376   3.568   -65.92956    0.00000    0.00002    2376       6
    2377   3.572   -65.92956    0.00000    0.00000    2377       1
    2378   3.572   -65.92956    0.00000    0.00001    2378       2
    2379   3.573   -65.92956    0.00000    0.00001    2379       2
    2380   3.573   -65.92956    0.00000    0.00001    2380       3
    2381   3.573   -65.92955    0.00000    0.00000    2381       1
    2382   3.574   -65.92955    0.00000    0.00000    2382       1
    2383   3.574   -65.92955    0.00000    0.00008    2383      25
    2384   3.577   -65.92955    0.00000    0.00001    2384       2
    2385   3.587   -65.92953    0.00000    0.00001    2385       2
    2386   3.587   -65.92953    0.00000    0.00001    2386       2
    2387   3.578   -65.92955    0.00000    0.00000    2387       1
    2388   3.588   -65.92953    0.00000    0.00000    2388       1
    2389   3.588   -65.92953    0.00000    0.00000    2389       1
    2390   3.579   -65.92955    0.00000    0.00000    2390       1
    2391   3.588   -65.92953    0.00000    0.00002    2391       5
    2392   3.589   -65.92953    0.00000    0.00001    2392       3
    2393   3.584   -65.92954    0.00000    0.00001    2393       2
    2394   3.593   -65.92952    0.00000    0.00001    2394       4
    2395   3.579   -65.92955    0.00000    0.00000    2395       1
    2396   3.590   -65.92953    0.00000    0.00000    2396       1
    2397   3.588   -65.92953    0.00000    0.00001    2397       2
    2398   3.595   -65.92952    0.00000    0.00002    2398       6
    2399   3.596   -65.92952    0.00000    0.00002    2399       7
    2400   3.599   -65.92951    0.00000    0.00000    2400       1
    2401   3.591   -65.92953    0.00000    0.00002    2401       5
    2402   3.604   -65.92951    0.00000    0.00001    2402       4
    2403   3.609   -65.92950    0.00000    0.00000    2403       1
    2404   3.594   -65.92952    0.00000    0.00000    2404       1
    2405   3.612   -65.92949    0.00000    0.00000    2405       1
    2406   3.612   -65.92949    0.00000    0.00000    2406       1
    2407   3.613   -65.92949    0.00000    0.00000    2407       1
    2408   3.612   -65.92949    0.00000    0.00001    2408       2
    2409   3.613   -65.92949    0.00000    0.00001    2409       4
    2410   3.614   -65.92949    0.00000    0.00000    2410       1
    2411   3.602   -65.92951    0.00000    0.00003    2411      11
    2412   3.616   -65.92949    0.00000    0.00004    2412      14
    2413   3.616   -65.92949    0.00000    0.00001    2413       2
    2414   3.613   -65.92949    0.00000    0.00000    2414       1
    2415   3.618   -65.92948    0.00000    0.00001    2415       2
    2416   3.622   -65.92948    0.00000    0.00001    2416       2
    2417   3.617   -65.92949    0.00000    0.00001    2417       4
    2418   3.619   -65.92948    0.00000    0.00001    2418       3
    2419   3.624   -65.92947    0.00000    0.00000    2419       1
    2420   3.612   -65.92949    0.00000    0.00001    2420       2
    2421   3.624   -65.92947    0.00000    0.00000    2421       1
    2422   3.626   -65.92947    0.00000    0.00000    2422       1
    2423   3.626   -65.92947    0.00000    0.00000    2423       1
    2424   3.628   -65.92947    0.00000    0.00000    2424       1
    2425   3.613   -65.92949    0.00000    0.00001    2425       2
    2426   3.629   -65.92947    0.00000    0.00000    2426       1
    2427   3.629   -65.92947    0.00000    0.00001    2427       3
    2428   3.630   -65.92946    0.00000    0.00001    2428       2
    2429   3.634   -65.92946    0.00000    0.00001    2429       3
    2430   3.632   -65.92946    0.00000    0.00001    2430       5
    2431   3.633   -65.92946    0.00000    0.00001    2431       2
    2432   3.636   -65.92945    0.00000    0.00000    2432       1
    2433   3.617   -65.92949    0.00000    0.00001    2433       2
    2434   3.638   -65.92945    0.00000    0.00000    2434       1
    2435   3.634   -65.92946    0.00000    0.00000    2435       1
    2436   3.633   -65.92946    0.00000    0.00001    2436       2
    2437   3.641   -65.92945    0.00000    0.00000    2437       1
    2438   3.641   -65.92945    0.00000    0.00000    2438       1
    2439   3.641   -65.92945    0.00000    0.00000    2439       1
    2440   3.642   -65.92945    0.00000    0.00001    2440       3
    2441   3.643   -65.92944    0.00000    0.00000    2441       1
    2442   3.643   -65.92944    0.00000    0.00000    2442       1
    2443   3.644   -65.92944    0.00000    0.00000    2443       1
    2444   3.647   -65.92944    0.00000    0.00001    2444       3
    2445   3.641   -65.92945    0.00000    0.00001    2445       2
    2446   3.648   -65.92944    0.00000    0.00001    2446       2
    2447   3.647   -65.92944    0.00000    0.00000    2447       1
    2448   3.651   -65.92943    0.00000    0.00000    2448       1
    2449   3.651   -65.92943    0.00000    0.00000    2449       1
    2450   3.651   -65.92943    0.00000    0.00004    2450      15
    2451   3.653   -65.92943    0.00000    0.00001    2451       2
    2452   3.660   -65.92942    0.00000    0.00000    2452       1
    2453   3.660   -65.92942    0.00000    0.00000    2453       1
    2454   3.661   -65.92942    0.00000    0.00001    2454       4
    2455   3.663   -65.92941    0.00000    0.00001    2455       2
    2456   3.663   -65.92941    0.00000    0.00001    2456       3
    2457   3.663   -65.92941    0.00000    0.00001    2457       2
    2458   3.664   -65.92941    0.00000    0.00002    2458       6
    2459   3.664   -65.92941    0.00000    0.00001    2459       2
    2460   3.665   -65.92941    0.00000    0.00003    2460      12
    2461   3.670   -65.92940    0.00000    0.00000    2461       1
    2462   3.670   -65.92940    0.00000    0.00000    2462       1
    2463   3.671   -65.92940    0.00000    0.00000    2463       1
    2464   3.671   -65.92940    0.00000    0.00001    2464       4
    2465   3.671   -65.92940    0.00000    0.00001    2465       5
    2466   3.673   -65.92940    0.00000    0.00004    2466      14
    2467   3.680   -65.92938    0.00000    0.00000    2467       1
    2468   3.681   -65.92938    0.00000    0.00000    2468       1
    2469   3.682   -65.92938    0.00000    0.00001    2469       2
    2470   3.683   -65.92938    0.00000    0.00001    2470       2
    2471   3.683   -65.92938    0.00000    0.00000    2471       1
    2472   3.685   -65.92938    0.00000    0.00001    2472       2
    2473   3.686   -65.92938    0.00000    0.00000    2473       1
    2474   3.687   -65.92937    0.00000    0.00000    2474       1
    2475   3.688   -65.92937    0.00000    0.00001    2475       3
    2476   3.688   -65.92937    0.00000    0.00000    2476       1
    2477   3.681   -65.92938    0.00000    0.00000    2477       1
    2478   3.688   -65.92937    0.00000    0.00001    2478       3
    2479   3.689   -65.92937    0.00000    0.00000    2479       1
    2480   3.690   -65.92937    0.00000    0.00000    2480       1
    2481   3.688   -65.92937    0.00000    0.00000    2481       1
    2482   3.689   -65.92937    0.00000    0.00001    2482       2
    2483   3.691   -65.92937    0.00000    0.00001    2483       4
    2484   3.684   -65.92938    0.00000    0.00002    2484       8
    2485   3.695   -65.92936    0.00000    0.00001    2485       2
    2486   3.694   -65.92936    0.00000    0.00002    2486       6
    2487   3.696   -65.92936    0.00000    0.00000    2487       1
    2488   3.697   -65.92936    0.00000    0.00001    2488       2
    2489   3.698   -65.92936    0.00000    0.00000    2489       1
    2490   3.694   -65.92936    0.00000    0.00000    2490       1
    2491   3.699   -65.92936    0.00000    0.00000    2491       1
    2492   3.694   -65.92936    0.00000    0.00001    2492       2
    2493   3.688   -65.92937    0.00000    0.00000    2493       1
    2494   3.705   -65.92935    0.00000    0.00000    2494       1
    2495   3.705   -65.92935    0.00000    0.00000    2495       1
    2496   3.705   -65.92934    0.00000    0.00000    2496       1
    2497   3.706   -65.92934    0.00000    0.00001    2497       2
    2498   3.707   -65.92934    0.00000    0.00001    2498       5
    2499   3.708   -65.92934    0.00000    0.00000    2499       1
    2500   3.708   -65.92934    0.00000    0.00000    2500       1
    2501   3.691   -65.92937    0.00000    0.00001    2501       3
    2502   3.709   -65.92934    0.00000    0.00003    2502      13
    2503   3.713   -65.92933    0.00000    0.00001    2503       2
    2504   3.708   -65.92934    0.00000    0.00000    2504       1
    2505   3.710   -65.92934    0.00000    0.00000    2505       1
    2506   3.713   -65.92933    0.00000    0.00001    2506       4
    2507   3.713   -65.92933    0.00000    0.00001    2507       2
    2508   3.713   -65.92933    0.00000    0.00010    2508      40
    2509   3.713   -65.92933    0.00000    0.00000    2509       1
    2510   3.719   -65.92932    0.00000    0.00001    2510       2
    2511   3.715   -65.92933    0.00000    0.00001    2511       2
    2512   3.720   -65.92932    0.00000    0.00001    2512       2
    2513   3.721   -65.92932    0.00000    0.00000    2513       1
    2514   3.716   -65.92933    0.00000    0.00000    2514       1
    2515   3.716   -65.92933    0.00000    0.00000    2515       1
    2516   3.721   -65.92932    0.00000    0.00000    2516       1
    2517   3.721   -65.92932    0.00000    0.00008    2517      31
    2518   3.723   -65.92932    0.00000    0.00000    2518       1
    2519   3.724   -65.92931    0.00000    0.00000    2519       1
    2520   3.725   -65.92931    0.00000    0.00000    2520       2
    2521   3.724   -65.92931    0.00000    0.00000    2521       2
    2522   3.723   -65.92932    0.00000    0.00001    2522       3
    2523   3.730   -65.92931    0.00000    0.00000    2523       1
    2524   3.730   -65.92931    0.00000    0.00000    2524       1
    2525   3.730   -65.92930    0.00000    0.00000    2525       1
    2526   3.731   -65.92930    0.00000    0.00002    2526       7
    2527   3.731   -65.92930    0.00000    0.00000    2527       2
    2528   3.732   -65.92930    0.00000    0.00003    2528      13
    2529   3.734   -65.92930    0.00000    0.00004    2529      16
    2530   3.741   -65.92929    0.00000    0.00000    2530       2
    2531   3.742   -65.92929    0.00000    0.00000    2531       1
    2532   3.742   -65.92929    0.00000    0.00000    2532       1
    2533   3.733   -65.92930    0.00000    0.00001    2533       5
    2534   3.733   -65.92930    0.00000    0.00000    2534       2
    2535   3.743   -65.92928    0.00000    0.00000    2535       1
    2536   3.743   -65.92928    0.00000    0.00000    2536       1
    2537   3.743   -65.92928    0.00000    0.00000    2537       1
    2538   3.740   -65.92929    0.00000    0.00000    2538       1
    2539   3.743   -65.92928    0.00000    0.00000    2539       1
    2540   3.743   -65.92928    0.00000    0.00000    2540       1
    2541   3.743   -65.92928    0.00000    0.00000    2541       1
    2542   3.743   -65.92928    0.00000    0.00000    2542       1
    2543   3.743   -65.92928    0.00000    0.00000    2543       1
    2544   3.743   -65.92928    0.00000    0.00000    2544       1
    2545   3.743   -65.92928    0.00000    0.00007    2545      27
    2546   3.745   -65.92928    0.00000    0.00000    2546       2
    2547   3.741   -65.92929    0.00000    0.00001    2547       5
    2548   3.745   -65.92928    0.00000    0.00000    2548       2
    2549   3.746   -65.92928    0.00000    0.00000    2549       1
    2550   3.748   -65.92928    0.00000    0.00000    2550       2
    2551   3.748   -65.92928    0.00000    0.00000    2551       2
    2552   3.748   -65.92928    0.00000    0.00000    2552       1
    2553   3.748   -65.92928    0.00000    0.00000    2553       1
    2554   3.748   -65.92928    0.00000    0.00000    2554       1
    2555   3.749   -65.92928    0.00000    0.00000    2555       2
    2556   3.749   -65.92928    0.00000    0.00000    2556       1
    2557   3.749   -65.92928    0.00000    0.00000    2557       1
    2558   3.749   -65.92928    0.00000    0.00000    2558       1
    2559   3.749   -65.92928    0.00000    0.00000    2559       1
    2560   3.749   -65.92928    0.00000    0.00009    2560      37
    2561   3.754   -65.92927    0.00000    0.00004    2561      18
    2562   3.756   -65.92926    0.00000    0.00000    2562       1
    2563   3.757   -65.92926    0.00000    0.00001    2563       5
    2564   3.763   -65.92925    0.00000    0.00000    2564       1
    2565   3.757   -65.92926    0.00000    0.00000    2565       1
    2566   3.764   -65.92925    0.00000    0.00000    2566       2
    2567   3.757   -65.92926    0.00000    0.00014    2567      60
    2568   3.782   -65.92922    0.00000    0.00001    2568       3
    2569   3.760   -65.92926    0.00000    0.00000    2569       1
    2570   3.763   -65.92925    0.00000    0.00000    2570       1
    2571   3.760   -65.92926    0.00000    0.00000    2571       1
    2572   3.782   -65.92922    0.00000    0.00008    2572      37
    2573   3.756   -65.92926    0.00000    0.00003    2573      14
    2574   3.784   -65.92922    0.00000    0.00000    2574       2
    2575   3.785   -65.92922    0.00000    0.00001    2575       4
    2576   3.785   -65.92922    0.00000    0.00001    2576       3
    2577   3.784   -65.92922    0.00000    0.00000    2577       1
    2578   3.787   -65.92922    0.00000    0.00000    2578       1
    2579   3.787   -65.92922    0.00000    0.00000    2579       1
    2580   3.787   -65.92921    0.00000    0.00000    2580       1
    2581   3.788   -65.92921    0.00000    0.00000    2581       2
    2582   3.789   -65.92921    0.00000    0.00001    2582       3
    2583   3.791   -65.92921    0.00000    0.00001    2583       3
    2584   3.792   -65.92921    0.00000    0.00000    2584       1
    2585   3.792   -65.92921    0.00000    0.00000    2585       1
    2586   3.792   -65.92921    0.00000    0.00001    2586       3
    2587   3.793   -65.92921    0.00000    0.00000    2587       2
    2588   3.799   -65.92920    0.00000    0.00000    2588       1
    2589   3.793   -65.92921    0.00000    0.00002    2589       7
    2590   3.793   -65.92920    0.00000    0.00000    2590       2
    2591   3.793   -65.92920    0.00000    0.00000    2591       1
    2592   3.794   -65.92920    0.00000    0.00000    2592       1
    2593   3.794   -65.92920    0.00000    0.00001    2593       3
    2594   3.795   -65.92920    0.00000    0.00000    2594       2
    2595   3.800   -65.92919    0.00000    0.00000    2595       1
    2596   3.795   -65.92920    0.00000    0.00018    2596      80
    2597   3.762   -65.92925    0.00000    0.00000    2597       1
    2598   3.762   -65.92925    0.00000    0.00000    2598       2
    2599   3.809   -65.92918    0.00000    0.00000    2599       1
    2600   3.809   -65.92918    0.00000    0.00000    2600       2
    2601   3.763   -65.92925    0.00000    0.00001    2601       6
    2602   3.809   -65.92918    0.00000    0.00001    2602       4
    2603   3.809   -65.92918    0.00000    0.00000    2603       1
    2604   3.809   -65.92918    0.00000    0.00000    2604       2
    2605   3.809   -65.92918    0.00000    0.00001    2605       3
    2606   3.810   -65.92918    0.00000    0.00000    2606       1
    2607   3.775   -65.92923    0.00000    0.00004    2607      19
    2608   3.776   -65.92923    0.00000    0.00000    2608       1
    2609   3.809   -65.92918    0.00000    0.00004    2609      17
    2610   3.796   -65.92920    0.00000    0.00000    2610       1
    2611   3.796   -65.92920    0.00000    0.00000    2611       2
    2612   3.797   -65.92920    0.00000    0.00000    2612       1
    2613   3.797   -65.92920    0.00000    0.00001    2613       4
    2614   3.797   -65.92920    0.00000    0.00000    2614       2
    2615   3.797   -65.92920    0.00000    0.00000    2615       2
    2616   3.797   -65.92920    0.00000    0.00000    2616       1
    2617   3.797   -65.92920    0.00000    0.00002    2617       7
    2618   3.798   -65.92920    0.00000    0.00000    2618       2
    2619   3.798   -65.92920    0.00000    0.00002    2619      11
    2620   3.809   -65.92918    0.00000    0.00000    2620       2
    2621   3.814   -65.92917    0.00000    0.00000    2621       1
    2622   3.815   -65.92917    0.00000    0.00000    2622       2
    2623   3.810   -65.92918    0.00000    0.00000    2623       2
    2624   3.802   -65.92919    0.00000    0.00000    2624       2
    2625   3.817   -65.92917    0.00000    0.00000    2625       2
    2626   3.819   -65.92916    0.00000    0.00001    2626       6
    2627   3.819   -65.92916    0.00000    0.00000    2627       2
    2628   3.818   -65.92917    0.00000    0.00001    2628       5
    2629   3.820   -65.92916    0.00000    0.00000    2629       1
    2630   3.810   -65.92918    0.00000    0.00000    2630       2
    2631   3.820   -65.92916    0.00000    0.00000    2631       1
    2632   3.820   -65.92916    0.00000    0.00001    2632       5
    2633   3.821   -65.92916    0.00000    0.00000    2633       1
    2634   3.821   -65.92916    0.00000    0.00003    2634      14
    2635   3.822   -65.92916    0.00000    0.00002    2635       9
    2636   3.825   -65.92915    0.00000    0.00000    2636       1
    2637   3.825   -65.92915    0.00000    0.00001    2637       3
    2638   3.826   -65.92915    0.00000    0.00001    2638       6
    2639   3.824   -65.92916    0.00000    0.00000    2639       1
    2640   3.824   -65.92916    0.00000    0.00001    2640       3
    2641   3.826   -65.92915    0.00000    0.00000    2641       1
    2642   3.826   -65.92915    0.00000    0.00000    2642       1
    2643   3.826   -65.92915    0.00000    0.00000    2643       1
    2644   3.827   -65.92915    0.00000    0.00000    2644       2
    2645   3.828   -65.92915    0.00000    0.00000    2645       2
    2646   3.828   -65.92915    0.00000    0.00003    2646      14
    2647   3.831   -65.92915    0.00000    0.00000    2647       1
    2648   3.830   -65.92915    0.00000    0.00000    2648       2
    2649   3.831   -65.92914    0.00000    0.00000    2649       1
    2650   3.826   -65.92915    0.00000    0.00001    2650       3
    2651   3.832   -65.92914    0.00000    0.00001    2651       3
    2652   3.832   -65.92914    0.00000    0.00000    2652       2
    2653   3.832   -65.92914    0.00000    0.00001    2653       6
    2654   3.825   -65.92915    0.00000    0.00000    2654       2
    2655   3.831   -65.92915    0.00000    0.00001    2655       3
    2656   3.835   -65.92914    0.00000    0.00000    2656       2
    2657   3.836   -65.92914    0.00000    0.00000    2657       1
    2658   3.836   -65.92914    0.00000    0.00000    2658       1
    2659   3.816   -65.92917    0.00000    0.00000    2659       2
    2660   3.836   -65.92914    0.00000    0.00000    2660       2
    2661   3.836   -65.92914    0.00000    0.00000    2661       1
    2662   3.836   -65.92914    0.00000    0.00000    2662       1
    2663   3.836   -65.92914    0.00000    0.00001    2663       4
    2664   3.836   -65.92914    0.00000    0.00000    2664       2
    2665   3.836   -65.92914    0.00000    0.00004    2665      18
    2666   3.837   -65.92914    0.00000    0.00000    2666       1
    2667   3.829   -65.92915    0.00000    0.00006    2667      28
    2668   3.842   -65.92913    0.00000    0.00002    2668       9
    2669   3.838   -65.92913    0.00000    0.00001    2669       5
    2670   3.843   -65.92913    0.00000    0.00000    2670       2
    2671   3.844   -65.92912    0.00000    0.00001    2671       3
    2672   3.845   -65.92912    0.00000    0.00000    2672       2
    2673   3.846   -65.92912    0.00000    0.00000    2673       1
    2674   3.843   -65.92913    0.00000    0.00000    2674       1
    2675   3.839   -65.92913    0.00000    0.00001    2675       3
    2676   3.848   -65.92912    0.00000    0.00001    2676       3
    2677   3.850   -65.92911    0.00000    0.00000    2677       1
    2678   3.851   -65.92911    0.00000    0.00000    2678       1
    2679   3.836   -65.92914    0.00000    0.00000    2679       1
    2680   3.830   -65.92915    0.00000    0.00000    2680       1
    2681   3.851   -65.92911    0.00000    0.00000    2681       1
    2682   3.816   -65.92917    0.00000    0.00000    2682       1
    2683   3.840   -65.92913    0.00000    0.00001    2683       3
    2684   3.838   -65.92913    0.00000    0.00001    2684       4
    2685   3.852   -65.92911    0.00000    0.00000    2685       2
    2686   3.855   -65.92911    0.00000    0.00000    2686       2
    2687   3.848   -65.92912    0.00000    0.00000    2687       1
    2688   3.838   -65.92913    0.00000    0.00001    2688       4
    2689   3.857   -65.92910    0.00000    0.00000    2689       1
    2690   3.857   -65.92910    0.00000    0.00000    2690       1
    2691   3.852   -65.92911    0.00000    0.00000    2691       1
    2692   3.857   -65.92910    0.00000    0.00000    2692       1
    2693   3.857   -65.92910    0.00000    0.00000    2693       1
    2694   3.857   -65.92910    0.00000    0.00001    2694       3
    2695   3.857   -65.92910    0.00000    0.00000    2695       2
    2696   3.858   -65.92910    0.00000    0.00000    2696       1
    2697   3.858   -65.92910    0.00000    0.00000    2697       2
    2698   3.858   -65.92910    0.00000    0.00003    2698      15
    2699   3.859   -65.92910    0.00000    0.00000    2699       1
    2700   3.859   -65.92910    0.00000    0.00000    2700       2
    2701   3.859   -65.92910    0.00000    0.00000    2701       2
    2702   3.859   -65.92910    0.00000    0.00001    2702       3
    2703   3.859   -65.92910    0.00000    0.00000    2703       1
    2704   3.859   -65.92910    0.00000    0.00007    2704      37
    2705   3.864   -65.92909    0.00000    0.00000    2705       2
    2706   3.864   -65.92909    0.00000    0.00003    2706      13
    2707   3.865   -65.92909    0.00000    0.00001    2707       4
    2708   3.868   -65.92909    0.00000    0.00000    2708       2
    2709   3.870   -65.92908    0.00000    0.00002    2709      11
    2710   3.864   -65.92909    0.00000    0.00000    2710       1
    2711   3.875   -65.92907    0.00000    0.00001    2711       7
    2712   3.864   -65.92909    0.00000    0.00003    2712      14
    2713   3.880   -65.92907    0.00000    0.00000    2713       1
    2714   3.881   -65.92907    0.00000    0.00000    2714       1
    2715   3.881   -65.92907    0.00000    0.00000    2715       1
    2716   3.881   -65.92906    0.00000    0.00000    2716       1
    2717   3.881   -65.92906    0.00000    0.00001    2717       4
    2718   3.881   -65.92906    0.00000    0.00001    2718       7
    2719   3.882   -65.92906    0.00000    0.00000    2719       1
    2720   3.882   -65.92906    0.00000    0.00000    2720       1
    2721   3.883   -65.92906    0.00000    0.00000    2721       2
    2722   3.884   -65.92906    0.00000    0.00003    2722      16
    2723   3.889   -65.92905    0.00000    0.00000    2723       1
    2724   3.883   -65.92906    0.00000    0.00000    2724       1
    2725   3.890   -65.92905    0.00000    0.00000    2725       2
    2726   3.890   -65.92905    0.00000    0.00001    2726       6
    2727   3.890   -65.92905    0.00000    0.00000    2727       1
    2728   3.891   -65.92905    0.00000    0.00001    2728       4
    2729   3.891   -65.92905    0.00000    0.00000    2729       2
    2730   3.890   -65.92905    0.00000    0.00000    2730       1
    2731   3.892   -65.92905    0.00000    0.00000    2731       1
    2732   3.892   -65.92905    0.00000    0.00000    2732       2
    2733   3.892   -65.92905    0.00000    0.00000    2733       1
    2734   3.892   -65.92905    0.00000    0.00000    2734       2
    2735   3.892   -65.92905    0.00000    0.00001    2735       7
    2736   3.898   -65.92904    0.00000    0.00000    2736       1
    2737   3.899   -65.92904    0.00000    0.00000    2737       2
    2738   3.902   -65.92903    0.00000    0.00003    2738      15
    2739   3.904   -65.92903    0.00000    0.00000    2739       2
    2740   3.905   -65.92903    0.00000    0.00000    2740       2
    2741   3.905   -65.92903    0.00000    0.00001    2741       4
    2742   3.901   -65.92903    0.00000    0.00000    2742       2
    2743   3.867   -65.92909    0.00000    0.00000    2743       1
    2744   3.905   -65.92903    0.00000    0.00000    2744       1
    2745   3.887   -65.92905    0.00000    0.00000    2745       1
    2746   3.879   -65.92907    0.00000    0.00000    2746       1
    2747   3.879   -65.92907    0.00000    0.00000    2747       1
    2748   3.905   -65.92903    0.00000    0.00000    2748       2
    2749   3.905   -65.92903    0.00000    0.00000    2749       1
    2750   3.905   -65.92903    0.00000    0.00000    2750       2
    2751   3.905   -65.92903    0.00000    0.00000    2751       2
    2752   3.905   -65.92903    0.00000    0.00000    2752       1
    2753   3.905   -65.92903    0.00000    0.00006    2753      32
    2754   3.898   -65.92904    0.00000    0.00004    2754      24
    2755   3.916   -65.92901    0.00000    0.00000    2755       2
    2756   3.916   -65.92901    0.00000    0.00000    2756       1
    2757   3.915   -65.92901    0.00000    0.00002    2757      13
    2758   3.918   -65.92901    0.00000    0.00000    2758       2
    2759   3.918   -65.92901    0.00000    0.00000    2759       1
    2760   3.911   -65.92902    0.00000    0.00001    2760       3
    2761   3.918   -65.92901    0.00000    0.00000    2761       1
    2762   3.909   -65.92902    0.00000    0.00000    2762       1
    2763   3.918   -65.92901    0.00000    0.00002    2763      12
    2764   3.920   -65.92900    0.00000    0.00000    2764       2
    2765   3.920   -65.92900    0.00000    0.00001    2765       5
    2766   3.921   -65.92900    0.00000    0.00001    2766       3
    2767   3.923   -65.92900    0.00000    0.00000    2767       2
    2768   3.923   -65.92900    0.00000    0.00003    2768      17
    2769   3.924   -65.92900    0.00000    0.00001    2769       6
    2770   3.924   -65.92900    0.00000    0.00000    2770       2
    2771   3.927   -65.92899    0.00000    0.00000    2771       2
    2772   3.924   -65.92900    0.00000    0.00001    2772       4
    2773   3.925   -65.92899    0.00000    0.00000    2773       1
    2774   3.925   -65.92899    0.00000    0.00006    2774      35
    2775   3.927   -65.92899    0.00000    0.00001    2775       6
    2776   3.928   -65.92899    0.00000    0.00001    2776       3
    2777   3.919   -65.92900    0.00000    0.00000    2777       1
    2778   3.926   -65.92899    0.00000    0.00003    2778      17
    2779   3.933   -65.92898    0.00000    0.00000    2779       2
    2780   3.933   -65.92898    0.00000    0.00000    2780       2
    2781   3.933   -65.92898    0.00000    0.00000    2781       1
    2782   3.933   -65.92898    0.00000    0.00000    2782       1
    2783   3.933   -65.92898    0.00000    0.00001    2783       5
    2784   3.933   -65.92898    0.00000    0.00001    2784       3
    2785   3.933   -65.92898    0.00000    0.00000    2785       1
    2786   3.934   -65.92898    0.00000    0.00002    2786       9
    2787   3.935   -65.92898    0.00000    0.00000    2787       1
    2788   3.933   -65.92898    0.00000    0.00005    2788      27
    2789   3.933   -65.92898    0.00000    0.00000    2789       1
    2790   3.939   -65.92897    0.00000    0.00006    2790      37
    2791   3.919   -65.92900    0.00000    0.00001    2791       3
    2792   3.939   -65.92897    0.00000    0.00000    2792       2
    2793   3.934   -65.92898    0.00000    0.00002    2793       9
    2794   3.947   -65.92896    0.00000    0.00001    2794       5
    2795   3.945   -65.92896    0.00000    0.00001    2795       3
    2796   3.949   -65.92896    0.00000    0.00000    2796       2
    2797   3.949   -65.92896    0.00000    0.00001    2797       5
    2798   3.949   -65.92896    0.00000    0.00000    2798       1
    2799   3.950   -65.92895    0.00000    0.00000    2799       2
    2800   3.943   -65.92897    0.00000    0.00001    2800       3
    2801   3.950   -65.92895    0.00000    0.00000    2801       1
    2802   3.950   -65.92896    0.00000    0.00000    2802       1
    2803   3.950   -65.92895    0.00000    0.00000    2803       2
    2804   3.951   -65.92895    0.00000    0.00001    2804       4
    2805   3.951   -65.92895    0.00000    0.00000    2805       1
    2806   3.918   -65.92901    0.00000    0.00002    2806       9
    2807   3.952   -65.92895    0.00000    0.00000    2807       1
    2808   3.955   -65.92895    0.00000    0.00000    2808       1
    2809   3.955   -65.92895    0.00000    0.00000    2809       1
    2810   3.953   -65.92895    0.00000    0.00000    2810       1
    2811   3.950   -65.92896    0.00000    0.00000    2811       1
    2812   3.955   -65.92895    0.00000    0.00000    2812       2
    2813   3.953   -65.92895    0.00000    0.00000    2813       1
    2814   3.954   -65.92895    0.00000    0.00000    2814       1
    2815   3.924   -65.92900    0.00000    0.00002    2815      11
    2816   3.955   -65.92895    0.00000    0.00001    2816       5
    2817   3.959   -65.92894    0.00000    0.00001    2817       4
    2818   3.944   -65.92896    0.00000    0.00000    2818       1
    2819   3.957   -65.92894    0.00000    0.00001    2819       3
    2820   3.958   -65.92894    0.00000    0.00000    2820       2
    2821   3.960   -65.92894    0.00000    0.00000    2821       1
    2822   3.960   -65.92894    0.00000    0.00002    2822      14
    2823   3.961   -65.92894    0.00000    0.00000    2823       2
    2824   3.961   -65.92894    0.00000    0.00000    2824       2
    2825   3.961   -65.92894    0.00000    0.00000    2825       1
    2826   3.961   -65.92894    0.00000    0.00001    2826       5
    2827   3.961   -65.92894    0.00000    0.00000    2827       2
    2828   3.962   -65.92894    0.00000    0.00000    2828       2
    2829   3.962   -65.92894    0.00000    0.00000    2829       1
    2830   3.962   -65.92893    0.00000    0.00001    2830       3
    2831   3.963   -65.92893    0.00000    0.00000    2831       1
    2832   3.964   -65.92893    0.00000    0.00002    2832      10
    2833   3.962   -65.92894    0.00000    0.00001    2833       7
    2834   3.964   -65.92893    0.00000    0.00001    2834       4
    2835   3.964   -65.92893    0.00000    0.00000    2835       1
    2836   3.964   -65.92893    0.00000    0.00000    2836       2
    2837   3.964   -65.92893    0.00000    0.00000    2837       1
    2838   3.965   -65.92893    0.00000    0.00004    2838      25
    2839   3.974   -65.92892    0.00000    0.00000    2839       3
    2840   3.974   -65.92892    0.00000    0.00000    2840       1
    2841   3.974   -65.92892    0.00000    0.00000    2841       1
    2842   3.975   -65.92892    0.00000    0.00000    2842       1
    2843   3.976   -65.92891    0.00000    0.00000    2843       1
    2844   3.975   -65.92892    0.00000    0.00000    2844       1
    2845   3.975   -65.92891    0.00000    0.00001    2845       6
    2846   3.975   -65.92891    0.00000    0.00000    2846       1
    2847   3.975   -65.92891    0.00000    0.00000    2847       1
    2848   3.976   -65.92891    0.00000    0.00002    2848      12
    2849   3.977   -65.92891    0.00000    0.00000    2849       2
    2850   3.980   -65.92891    0.00000    0.00000    2850       1
    2851   3.971   -65.92892    0.00000    0.00001    2851       6
    2852   3.976   -65.92891    0.00000    0.00002    2852      10
    2853   3.976   -65.92891    0.00000    0.00000    2853       1
    2854   3.981   -65.92890    0.00000    0.00001    2854       5
    2855   3.984   -65.92890    0.00000    0.00000    2855       1
    2856   3.982   -65.92890    0.00000    0.00000    2856       1
    2857   3.985   -65.92890    0.00000    0.00000    2857       1
    2858   3.985   -65.92890    0.00000    0.00000    2858       2
    2859   3.949   -65.92896    0.00000    0.00001    2859       5
    2860   3.976   -65.92891    0.00000    0.00001    2860       4
    2861   3.982   -65.92890    0.00000    0.00002    2861      10
    2862   3.988   -65.92889    0.00000    0.00000    2862       1
    2863   3.986   -65.92890    0.00000    0.00000    2863       1
    2864   3.988   -65.92889    0.00000    0.00000    2864       1
    2865   3.986   -65.92890    0.00000    0.00001    2865       4
    2866   3.990   -65.92889    0.00000    0.00001    2866       5
    2867   3.987   -65.92890    0.00000    0.00000    2867       1
    2868   3.990   -65.92889    0.00000    0.00000    2868       1
    2869   3.990   -65.92889    0.00000    0.00001    2869       7
    2870   3.991   -65.92889    0.00000    0.00000    2870       1
    2871   3.992   -65.92889    0.00000    0.00000    2871       1
    2872   3.992   -65.92889    0.00000    0.00000    2872       2
    2873   3.992   -65.92889    0.00000    0.00000    2873       1
    2874   3.992   -65.92889    0.00000    0.00000    2874       1
    2875   3.991   -65.92889    0.00000    0.00001    2875       5
    2876   3.979   -65.92891    0.00000    0.00000    2876       2
    2877   3.993   -65.92889    0.00000    0.00000    2877       2
    2878   3.989   -65.92889    0.00000    0.00002    2878      10
    2879   3.996   -65.92888    0.00000    0.00000    2879       1
    2880   3.997   -65.92888    0.00000    0.00001    2880       8
    2881   3.994   -65.92888    0.00000    0.00001    2881       4
    2882   3.995   -65.92888    0.00000    0.00000    2882       3
    2883   3.995   -65.92888    0.00000    0.00000    2883       1
    2884   3.991   -65.92889    0.00000    0.00000    2884       2
    2885   3.996   -65.92888    0.00000    0.00000    2885       1
    2886   3.998   -65.92888    0.00000    0.00000    2886       1
    2887   3.998   -65.92888    0.00000    0.00000    2887       2
    2888   3.998   -65.92888    0.00000    0.00000    2888       3
    2889   3.999   -65.92888    0.00000    0.00000    2889       1
    2890   3.998   -65.92888    0.00000    0.00002    2890      14
    2891   4.000   -65.92888    0.00000    0.00001    2891       9
    2892   4.000   -65.92887    0.00000    0.00000    2892       2
    2893   4.000   -65.92887    0.00000    0.00000    2893       1
    2894   3.995   -65.92888    0.00000    0.00001    2894       4
    2895   4.004   -65.92887    0.00000    0.00000    2895       3
    2896   4.005   -65.92887    0.00000    0.00000    2896       3
    2897   4.005   -65.92887    0.00000    0.00000    2897       1
    2898   4.005   -65.92887    0.00000    0.00000    2898       1
    2899   3.996   -65.92888    0.00000    0.00000    2899       3
    2900   4.005   -65.92887    0.00000    0.00000    2900       1
    2901   4.005   -65.92887    0.00000    0.00000    2901       2
    2902   4.007   -65.92886    0.00000    0.00000    2902       1
    2903   4.006   -65.92887    0.00000    0.00000    2903       1
    2904   4.006   -65.92887    0.00000    0.00000    2904       1
    2905   3.982   -65.92890    0.00000    0.00000    2905       1
    2906   4.009   -65.92886    0.00000    0.00000    2906       2
    2907   4.006   -65.92887    0.00000    0.00001    2907       6
    2908   4.001   -65.92887    0.00000    0.00000    2908       3
    2909   4.010   -65.92886    0.00000    0.00000    2909       1
    2910   4.010   -65.92886    0.00000    0.00000    2910       3
    2911   4.010   -65.92886    0.00000    0.00000    2911       1
    2912   4.010   -65.92886    0.00000    0.00001    2912       7
    2913   4.013   -65.92885    0.00000    0.00000    2913       2
    2914   4.012   -65.92886    0.00000    0.00001    2914       4
    2915   4.013   -65.92885    0.00000    0.00002    2915      11
    2916   4.013   -65.92885    0.00000    0.00001    2916       7
    2917   4.014   -65.92885    0.00000    0.00001    2917       5
    2918   4.015   -65.92885    0.00000    0.00000    2918       3
    2919   4.015   -65.92885    0.00000    0.00000    2919       2
    2920   4.013   -65.92885    0.00000    0.00000    2920       1
    2921   4.016   -65.92885    0.00000    0.00000    2921       1
    2922   4.017   -65.92885    0.00000    0.00000    2922       3
    2923   4.020   -65.92884    0.00000    0.00003    2923      19
    2924   4.009   -65.92886    0.00000    0.00000    2924       3
    2925   4.024   -65.92884    0.00000    0.00000    2925       1
    2926   4.009   -65.92886    0.00000    0.00001    2926       4
    2927   4.011   -65.92886    0.00000    0.00001    2927       5
    2928   4.027   -65.92883    0.00000    0.00000    2928       1
    2929   4.027   -65.92883    0.00000    0.00000    2929       1
    2930   4.027   -65.92883    0.00000    0.00000    2930       2
    2931   4.013   -65.92885    0.00000    0.00000    2931       2
    2932   4.020   -65.92884    0.00000    0.00000    2932       1
    2933   4.000   -65.92887    0.00000    0.00000    2933       3
    2934   4.009   -65.92886    0.00000    0.00000    2934       1
    2935   4.013   -65.92885    0.00000    0.00000    2935       1
    2936   4.031   -65.92883    0.00000    0.00000    2936       3
    2937   4.033   -65.92882    0.00000    0.00000    2937       1
    2938   4.024   -65.92884    0.00000    0.00000    2938       1
    2939   4.033   -65.92882    0.00000    0.00001    2939       4
    2940   4.034   -65.92882    0.00000    0.00000    2940       1
    2941   4.024   -65.92884    0.00000    0.00000    2941       1
    2942   4.034   -65.92882    0.00000    0.00000    2942       2
    2943   4.035   -65.92882    0.00000    0.00000    2943       1
    2944   4.035   -65.92882    0.00000    0.00000    2944       1
    2945   4.035   -65.92882    0.00000    0.00000    2945       1
    2946   4.035   -65.92882    0.00000    0.00000    2946       2
    2947   4.037   -65.92882    0.00000    0.00000    2947       1
    2948   4.038   -65.92882    0.00000    0.00000    2948       1
    2949   4.035   -65.92882    0.00000    0.00000    2949       1
    2950   4.038   -65.92882    0.00000    0.00000    2950       2
    2951   4.036   -65.92882    0.00000    0.00000    2951       2
    2952   4.038   -65.92881    0.00000    0.00000    2952       2
    2953   4.038   -65.92881    0.00000    0.00000    2953       2
    2954   4.038   -65.92881    0.00000    0.00000    2954       1
    2955   4.039   -65.92881    0.00000    0.00003    2955      19
    2956   4.041   -65.92881    0.00000    0.00000    2956       1
    2957   4.041   -65.92881    0.00000    0.00000    2957       2
    2958   4.041   -65.92881    0.00000    0.00000    2958       3
    2959   4.041   -65.92881    0.00000    0.00000    2959       1
    2960   4.041   -65.92881    0.00000    0.00000    2960       1
    2961   4.043   -65.92881    0.00000    0.00001    2961       5
    2962   4.037   -65.92882    0.00000    0.00000    2962       1
    2963   4.035   -65.92882    0.00000    0.00000    2963       1
    2964   4.043   -65.92881    0.00000    0.00000    2964       2
    2965   4.043   -65.92881    0.00000    0.00000    2965       2
    2966   4.044   -65.92881    0.00000    0.00000    2966       1
    2967   4.038   -65.92882    0.00000    0.00001    2967       8
    2968   4.045   -65.92880    0.00000    0.00000    2968       1
    2969   4.039   -65.92881    0.00000    0.00000    2969       3
    2970   4.044   -65.92880    0.00000    0.00000    2970       1
    2971   4.045   -65.92880    0.00000    0.00000    2971       1
    2972   4.045   -65.92880    0.00000    0.00002    2972      15
    2973   4.046   -65.92880    0.00000    0.00001    2973       7
    2974   4.035   -65.92882    0.00000    0.00000    2974       2
    2975   4.037   -65.92882    0.00000    0.00000    2975       1
    2976   4.047   -65.92880    0.00000    0.00000    2976       2
    2977   4.048   -65.92880    0.00000    0.00000    2977       1
    2978   4.047   -65.92880    0.00000    0.00000    2978       2
    2979   4.051   -65.92879    0.00000    0.00002    2979      15
    2980   4.051   -65.92879    0.00000    0.00000    2980       1
    2981   4.047   -65.92880    0.00000    0.00000    2981       1
    2982   4.055   -65.92879    0.00000    0.00000    2982       2
    2983   4.056   -65.92879    0.00000    0.00001    2983       4
    2984   4.057   -65.92878    0.00000    0.00000    2984       1
    2985   4.056   -65.92879    0.00000    0.00000    2985       1
    2986   4.051   -65.92879    0.00000    0.00003    2986      18
    2987   4.057   -65.92878    0.00000    0.00000    2987       1
    2988   4.059   -65.92878    0.00000    0.00000    2988       1
    2989   4.058   -65.92878    0.00000    0.00001    2989       7
    2990   4.059   -65.92878    0.00000    0.00000    2990       1
    2991   4.022   -65.92884    0.00000    0.00000    2991       3
    2992   4.048   -65.92880    0.00000    0.00002    2992      12
    2993   4.052   -65.92879    0.00000    0.00000    2993       1
    2994   4.023   -65.92884    0.00000    0.00000    2994       1
    2995   4.059   -65.92878    0.00000    0.00000    2995       2
    2996   4.023   -65.92884    0.00000    0.00000    2996       1
    2997   4.050   -65.92880    0.00000    0.00001    2997       4
    2998   4.060   -65.92878    0.00000    0.00000    2998       1
    2999   4.060   -65.92878    0.00000    0.00000    2999       2
    3000   4.060   -65.92878    0.00000    0.00000    3000       1
    3001   4.060   -65.92878    0.00000    0.00000    3001       1
    3002   4.060   -65.92878    0.00000    0.00001    3002       8
    3003   4.062   -65.92878    0.00000    0.00000    3003       2
    3004   4.062   -65.92878    0.00000    0.00000    3004       2
    3005   4.062   -65.92878    0.00000    0.00000    3005       1
    3006   4.062   -65.92878    0.00000    0.00000    3006       2
    3007   4.063   -65.92877    0.00000    0.00000    3007       2
    3008   4.053   -65.92879    0.00000    0.00009    3008      62
    3009   4.085   -65.92874    0.00000    0.00000    3009       2
    3010   4.071   -65.92876    0.00000    0.00000    3010       1
    3011   4.085   -65.92874    0.00000    0.00000    3011       1
    3012   4.077   -65.92875    0.00000    0.00001    3012       4
    3013   4.072   -65.92876    0.00000    0.00000    3013       1
    3014   4.085   -65.92874    0.00000    0.00001    3014       4
    3015   4.086   -65.92874    0.00000    0.00000    3015       1
    3016   4.086   -65.92874    0.00000    0.00000    3016       2
    3017   4.078   -65.92875    0.00000    0.00000    3017       1
    3018   4.078   -65.92875    0.00000    0.00000    3018       1
    3019   4.087   -65.92874    0.00000    0.00000    3019       1
    3020   4.078   -65.92875    0.00000    0.00001    3020       4
    3021   4.088   -65.92874    0.00000    0.00000    3021       1
    3022   4.088   -65.92873    0.00000    0.00000    3022       1
    3023   4.078   -65.92875    0.00000    0.00000    3023       1
    3024   4.088   -65.92873    0.00000    0.00008    3024      55
    3025   4.092   -65.92873    0.00000    0.00000    3025       1
    3026   4.092   -65.92873    0.00000    0.00000    3026       1
    3027   4.093   -65.92873    0.00000    0.00000    3027       2
    3028   4.093   -65.92873    0.00000    0.00000    3028       1
    3029   4.093   -65.92873    0.00000    0.00000    3029       1
    3030   4.090   -65.92873    0.00000    0.00000    3030       1
    3031   4.067   -65.92877    0.00000    0.00000    3031       1
    3032   4.093   -65.92873    0.00000    0.00001    3032       4
    3033   4.094   -65.92873    0.00000    0.00000    3033       2
    3034   4.095   -65.92872    0.00000    0.00000    3034       2
    3035   4.094   -65.92872    0.00000    0.00000    3035       2
    3036   4.095   -65.92872    0.00000    0.00001    3036       7
    3037   4.096   -65.92872    0.00000    0.00000    3037       1
    3038   4.095   -65.92872    0.00000    0.00000    3038       1
    3039   4.096   -65.92872    0.00000    0.00000    3039       1
    3040   4.095   -65.92872    0.00000    0.00000    3040       1
    3041   4.096   -65.92872    0.00000    0.00000    3041       1
    3042   4.096   -65.92872    0.00000    0.00000    3042       1
    3043   4.067   -65.92877    0.00000    0.00000    3043       1
    3044   4.068   -65.92877    0.00000    0.00000    3044       1
    3045   4.068   -65.92877    0.00000    0.00000    3045       1
    3046   4.096   -65.92872    0.00000    0.00000    3046       3
    3047   4.068   -65.92877    0.00000    0.00000    3047       2
    3048   4.068   -65.92877    0.00000    0.00001    3048       8
    3049   4.095   -65.92872    0.00000    0.00000    3049       2
    3050   4.096   -65.92872    0.00000    0.00000    3050       3
    3051   4.068   -65.92877    0.00000    0.00000    3051       2
    3052   4.069   -65.92877    0.00000    0.00000    3052       2
    3053   4.069   -65.92877    0.00000    0.00000    3053       3
    3054   4.069   -65.92877    0.00000    0.00000    3054       2
    3055   4.053   -65.92879    0.00000    0.00000    3055       1
    3056   4.069   -65.92877    0.00000    0.00000    3056       2
    3057   4.069   -65.92877    0.00000    0.00001    3057       7
    3058   4.069   -65.92876    0.00000    0.00000    3058       1
    3059   4.054   -65.92879    0.00000    0.00002    3059      12
    3060   4.099   -65.92872    0.00000    0.00000    3060       1
    3061   4.099   -65.92872    0.00000    0.00001    3061       4
    3062   4.097   -65.92872    0.00000    0.00000    3062       1
    3063   4.099   -65.92872    0.00000    0.00001    3063       6
    3064   4.095   -65.92872    0.00000    0.00000    3064       1
    3065   4.081   -65.92875    0.00000    0.00001    3065       6
    3066   4.100   -65.92872    0.00000    0.00001    3066       4
    3067   4.101   -65.92871    0.00000    0.00000    3067       3
    3068   4.081   -65.92875    0.00000    0.00001    3068       4
    3069   4.101   -65.92871    0.00000    0.00001    3069       5
    3070   4.100   -65.92872    0.00000    0.00000    3070       1
    3071   4.082   -65.92874    0.00000    0.00000    3071       2
    3072   4.082   -65.92874    0.00000    0.00001    3072       7
    3073   4.083   -65.92874    0.00000    0.00001    3073       5
    3074   4.083   -65.92874    0.00000    0.00003    3074      23
    3075   4.105   -65.92871    0.00000    0.00000    3075       1
    3076   4.106   -65.92871    0.00000    0.00001    3076      11
    3077   4.097   -65.92872    0.00000    0.00000    3077       1
    3078   4.097   -65.92872    0.00000    0.00000    3078       2
    3079   4.102   -65.92871    0.00000    0.00001    3079       5
    3080   4.109   -65.92870    0.00000    0.00000    3080       1
    3081   4.109   -65.92870    0.00000    0.00000    3081       2
    3082   4.102   -65.92871    0.00000    0.00000    3082       1
    3083   4.101   -65.92871    0.00000    0.00000    3083       1
    3084   4.110   -65.92870    0.00000    0.00000    3084       1
    3085   4.084   -65.92874    0.00000    0.00003    3085      21
    3086   4.102   -65.92871    0.00000    0.00000    3086       1
    3087   4.071   -65.92876    0.00000    0.00000    3087       3
    3088   4.109   -65.92870    0.00000    0.00000    3088       1
    3089   4.102   -65.92871    0.00000    0.00000    3089       1
    3090   4.116   -65.92869    0.00000    0.00000    3090       1
    3091   4.084   -65.92874    0.00000    0.00000    3091       1
    3092   4.084   -65.92874    0.00000    0.00000    3092       1
    3093   4.102   -65.92871    0.00000    0.00001    3093       4
    3094   4.117   -65.92869    0.00000    0.00000    3094       2
    3095   4.117   -65.92869    0.00000    0.00000    3095       1
    3096   4.118   -65.92869    0.00000    0.00000    3096       2
    3097   4.102   -65.92871    0.00000    0.00000    3097       1
    3098   4.118   -65.92869    0.00000    0.00000    3098       3
    3099   4.085   -65.92874    0.00000    0.00000    3099       1
    3100   4.114   -65.92869    0.00000    0.00000    3100       1
    3101   4.119   -65.92869    0.00000    0.00000    3101       3
    3102   4.091   -65.92873    0.00000    0.00000    3102       1
    3103   4.119   -65.92869    0.00000    0.00000    3103       2
    3104   4.119   -65.92868    0.00000    0.00000    3104       3
    3105   4.120   -65.92868    0.00000    0.00000    3105       1
    3106   4.118   -65.92869    0.00000    0.00000    3106       3
    3107   4.121   -65.92868    0.00000    0.00000    3107       1
    3108   4.121   -65.92868    0.00000    0.00002    3108      12
    3109   4.121   -65.92868    0.00000    0.00000    3109       1
    3110   4.124   -65.92868    0.00000    0.00000    3110       1
    3111   4.126   -65.92867    0.00000    0.00000    3111       2
    3112   4.125   -65.92868    0.00000    0.00000    3112       2
    3113   4.126   -65.92867    0.00000    0.00001    3113       5
    3114   4.127   -65.92867    0.00000    0.00000    3114       1
    3115   4.129   -65.92867    0.00000    0.00000    3115       2
    3116   4.129   -65.92867    0.00000    0.00000    3116       1
    3117   4.129   -65.92867    0.00000    0.00001    3117       4
    3118   4.129   -65.92867    0.00000    0.00000    3118       1
    3119   4.130   -65.92867    0.00000    0.00001    3119       4
    3120   4.130   -65.92867    0.00000    0.00000    3120       1
    3121   4.130   -65.92867    0.00000    0.00000    3121       1
    3122   4.131   -65.92867    0.00000    0.00000    3122       1
    3123   4.130   -65.92867    0.00000    0.00000    3123       3
    3124   4.132   -65.92867    0.00000    0.00001    3124       8
    3125   4.132   -65.92866    0.00000    0.00000    3125       1
    3126   4.132   -65.92866    0.00000    0.00001    3126       5
    3127   4.129   -65.92867    0.00000    0.00008    3127      64
    3128   4.102   -65.92871    0.00000    0.00000    3128       2
    3129   4.147   -65.92864    0.00000    0.00005    3129      38
    3130   4.148   -65.92864    0.00000    0.00000    3130       2
    3131   4.149   -65.92864    0.00000    0.00001    3131       7
    3132   4.157   -65.92863    0.00000    0.00000    3132       3
    3133   4.157   -65.92862    0.00000    0.00000    3133       1
    3134   4.157   -65.92862    0.00000    0.00000    3134       1
    3135   4.157   -65.92863    0.00000    0.00000    3135       3
    3136   4.157   -65.92862    0.00000    0.00000    3136       1
    3137   4.157   -65.92862    0.00000    0.00000    3137       1
    3138   4.157   -65.92862    0.00000    0.00000    3138       1
    3139   4.157   -65.92862    0.00000    0.00001    3139       5
    3140   4.158   -65.92862    0.00000    0.00007    3140      54
    3141   4.157   -65.92862    0.00000    0.00000    3141       1
    3142   4.158   -65.92862    0.00000    0.00000    3142       2
    3143   4.158   -65.92862    0.00000    0.00000    3143       3
    3144   4.159   -65.92862    0.00000    0.00000    3144       3
    3145   4.159   -65.92862    0.00000    0.00000    3145       1
    3146   4.159   -65.92862    0.00000    0.00001    3146      12
    3147   4.160   -65.92862    0.00000    0.00000    3147       3
    3148   4.133   -65.92866    0.00000    0.00000    3148       3
    3149   4.133   -65.92866    0.00000    0.00000    3149       1
    3150   4.133   -65.92866    0.00000    0.00000    3150       1
    3151   4.133   -65.92866    0.00000    0.00000    3151       1
    3152   4.133   -65.92866    0.00000    0.00000    3152       2
    3153   4.133   -65.92866    0.00000    0.00004    3153      34
    3154   4.165   -65.92861    0.00000    0.00000    3154       1
    3155   4.137   -65.92866    0.00000    0.00000    3155       1
    3156   4.137   -65.92866    0.00000    0.00000    3156       1
    3157   4.165   -65.92861    0.00000    0.00000    3157       1
    3158   4.166   -65.92861    0.00000    0.00000    3158       1
    3159   4.137   -65.92866    0.00000    0.00000    3159       1
    3160   4.166   -65.92861    0.00000    0.00000    3160       3
    3161   4.167   -65.92861    0.00000    0.00000    3161       1
    3162   4.167   -65.92861    0.00000    0.00000    3162       1
    3163   4.167   -65.92861    0.00000    0.00000    3163       1
    3164   4.159   -65.92862    0.00000    0.00000    3164       1
    3165   4.168   -65.92861    0.00000    0.00002    3165      14
    3166   4.168   -65.92861    0.00000    0.00000    3166       2
    3167   4.168   -65.92861    0.00000    0.00001    3167       5
    3168   4.161   -65.92862    0.00000    0.00003    3168      24
    3169   4.162   -65.92862    0.00000    0.00000    3169       4
    3170   4.170   -65.92860    0.00000    0.00000    3170       1
    3171   4.163   -65.92862    0.00000    0.00000    3171       1
    3172   4.162   -65.92862    0.00000    0.00000    3172       1
    3173   4.171   -65.92860    0.00000    0.00000    3173       3
    3174   4.170   -65.92860    0.00000    0.00000    3174       1
    3175   4.130   -65.92867    0.00000    0.00004    3175      32
    3176   4.174   -65.92860    0.00000    0.00000    3176       1
    3177   4.174   -65.92860    0.00000    0.00001    3177       5
    3178   4.174   -65.92860    0.00000    0.00000    3178       1
    3179   4.149   -65.92864    0.00000    0.00000    3179       1
    3180   4.159   -65.92862    0.00000    0.00000    3180       2
    3181   4.174   -65.92860    0.00000    0.00000    3181       1
    3182   4.175   -65.92860    0.00000    0.00000    3182       2
    3183   4.175   -65.92860    0.00000    0.00000    3183       1
    3184   4.175   -65.92860    0.00000    0.00000    3184       1
    3185   4.175   -65.92860    0.00000    0.00001    3185       6
    3186   4.139   -65.92865    0.00000    0.00000    3186       4
    3187   4.175   -65.92860    0.00000    0.00000    3187       4
    3188   4.175   -65.92860    0.00000    0.00000    3188       3
    3189   4.169   -65.92861    0.00000    0.00000    3189       1
    3190   4.176   -65.92859    0.00000    0.00002    3190      15
    3191   4.177   -65.92859    0.00000    0.00000    3191       2
    3192   4.179   -65.92859    0.00000    0.00000    3192       2
    3193   4.174   -65.92860    0.00000    0.00000    3193       2
    3194   4.177   -65.92859    0.00000    0.00002    3194      16
    3195   4.179   -65.92859    0.00000    0.00000    3195       1
    3196   4.178   -65.92859    0.00000    0.00000    3196       1
    3197   4.178   -65.92859    0.00000    0.00000    3197       1
    3198   4.178   -65.92859    0.00000    0.00001    3198      11
    3199   4.179   -65.92859    0.00000    0.00000    3199       1
    3200   4.178   -65.92859    0.00000    0.00002    3200      15
    3201   4.178   -65.92859    0.00000    0.00000    3201       1
    3202   4.185   -65.92858    0.00000    0.00004    3202      35
    3203   4.176   -65.92859    0.00000    0.00000    3203       1
    3204   4.152   -65.92863    0.00000    0.00000    3204       2
    3205   4.178   -65.92859    0.00000    0.00005    3205      40
    3206   4.190   -65.92857    0.00000    0.00000    3206       1
    3207   4.175   -65.92860    0.00000    0.00000    3207       1
    3208   4.191   -65.92857    0.00000    0.00000    3208       1
    3209   4.191   -65.92857    0.00000    0.00000    3209       3
    3210   4.191   -65.92857    0.00000    0.00000    3210       2
    3211   4.172   -65.92860    0.00000    0.00000    3211       1
    3212   4.191   -65.92857    0.00000    0.00000    3212       4
    3213   4.191   -65.92857    0.00000    0.00000    3213       3
    3214   4.191   -65.92857    0.00000    0.00000    3214       1
    3215   4.191   -65.92857    0.00000    0.00000    3215       1
    3216   4.190   -65.92857    0.00000    0.00000    3216       2
    3217   4.193   -65.92857    0.00000    0.00000    3217       1
    3218   4.190   -65.92857    0.00000    0.00001    3218       7
    3219   4.193   -65.92857    0.00000    0.00001    3219       9
    3220   4.193   -65.92857    0.00000    0.00000    3220       1
    3221   4.190   -65.92857    0.00000    0.00000    3221       4
    3222   4.195   -65.92856    0.00000    0.00000    3222       2
    3223   4.195   -65.92856    0.00000    0.00000    3223       2
    3224   4.172   -65.92860    0.00000    0.00000    3224       1
    3225   4.195   -65.92856    0.00000    0.00002    3225      17
    3226   4.171   -65.92860    0.00000    0.00000    3226       1
    3227   4.198   -65.92856    0.00000    0.00000    3227       4
    3228   4.184   -65.92858    0.00000    0.00000    3228       2
    3229   4.194   -65.92857    0.00000    0.00000    3229       1
    3230   4.198   -65.92856    0.00000    0.00000    3230       1
    3231   4.202   -65.92855    0.00000    0.00000    3231       1
    3232   4.201   -65.92855    0.00000    0.00000    3232       2
    3233   4.202   -65.92855    0.00000    0.00002    3233      15
    3234   4.202   -65.92855    0.00000    0.00003    3234      24
    3235   4.204   -65.92855    0.00000    0.00000    3235       1
    3236   4.179   -65.92859    0.00000    0.00000    3236       4
    3237   4.194   -65.92857    0.00000    0.00000    3237       2
    3238   4.207   -65.92855    0.00000    0.00000    3238       3
    3239   4.192   -65.92857    0.00000    0.00000    3239       1
    3240   4.206   -65.92855    0.00000    0.00000    3240       3
    3241   4.207   -65.92854    0.00000    0.00000    3241       1
    3242   4.206   -65.92855    0.00000    0.00000    3242       1
    3243   4.193   -65.92857    0.00000    0.00000    3243       1
    3244   4.163   -65.92862    0.00000    0.00000    3244       2
    3245   4.208   -65.92854    0.00000    0.00000    3245       1
    3246   4.206   -65.92855    0.00000    0.00000    3246       1
    3247   4.184   -65.92858    0.00000    0.00000    3247       3
    3248   4.202   -65.92855    0.00000    0.00000    3248       1
    3249   4.208   -65.92854    0.00000    0.00000    3249       1
    3250   4.209   -65.92854    0.00000    0.00000    3250       1
    3251   4.184   -65.92858    0.00000    0.00000    3251       3
    3252   4.209   -65.92854    0.00000    0.00001    3252      10
    3253   4.211   -65.92854    0.00000    0.00000    3253       1
    3254   4.211   -65.92854    0.00000    0.00000    3254       2
    3255   4.206   -65.92855    0.00000    0.00000    3255       4
    3256   4.214   -65.92853    0.00000    0.00000    3256       2
    3257   4.214   -65.92853    0.00000    0.00001    3257       5
    3258   4.207   -65.92855    0.00000    0.00000    3258       1
    3259   4.215   -65.92853    0.00000    0.00000    3259       1
    3260   4.215   -65.92853    0.00000    0.00000    3260       1
    3261   4.209   -65.92854    0.00000    0.00000    3261       3
    3262   4.212   -65.92854    0.00000    0.00000    3262       1
    3263   4.215   -65.92853    0.00000    0.00000    3263       1
    3264   4.205   -65.92855    0.00000    0.00000    3264       1
    3265   4.216   -65.92853    0.00000    0.00001    3265      13
    3266   4.218   -65.92853    0.00000    0.00000    3266       1
    3267   4.185   -65.92858    0.00000    0.00000    3267       1
    3268   4.218   -65.92853    0.00000    0.00000    3268       2
    3269   4.192   -65.92857    0.00000    0.00000    3269       1
    3270   4.219   -65.92853    0.00000    0.00000    3270       1
    3271   4.213   -65.92853    0.00000    0.00000    3271       1
    3272   4.185   -65.92858    0.00000    0.00000    3272       3
    3273   4.192   -65.92857    0.00000    0.00000    3273       2
    3274   4.222   -65.92852    0.00000    0.00000    3274       1
    3275   4.208   -65.92854    0.00000    0.00000    3275       1
    3276   4.223   -65.92852    0.00000    0.00000    3276       1
    3277   4.207   -65.92855    0.00000    0.00000    3277       1
    3278   4.225   -65.92852    0.00000    0.00000    3278       1
    3279   4.226   -65.92852    0.00000    0.00000    3279       2
    3280   4.216   -65.92853    0.00000    0.00000    3280       2
    3281   4.220   -65.92853    0.00000    0.00000    3281       3
    3282   4.226   -65.92852    0.00000    0.00000    3282       3
    3283   4.226   -65.92851    0.00000    0.00000    3283       1
    3284   4.226   -65.92852    0.00000    0.00000    3284       3
    3285   4.220   -65.92852    0.00000    0.00001    3285       8
    3286   4.228   -65.92851    0.00000    0.00000    3286       1
    3287   4.229   -65.92851    0.00000    0.00000    3287       1
    3288   4.224   -65.92852    0.00000    0.00000    3288       1
    3289   4.229   -65.92851    0.00000    0.00000    3289       2
    3290   4.229   -65.92851    0.00000    0.00000    3290       1
    3291   4.229   -65.92851    0.00000    0.00000    3291       2
    3292   4.229   -65.92851    0.00000    0.00001    3292       6
    3293   4.231   -65.92851    0.00000    0.00000    3293       2
    3294   4.228   -65.92851    0.00000    0.00000    3294       1
    3295   4.230   -65.92851    0.00000    0.00000    3295       1
    3296   4.218   -65.92853    0.00000    0.00000    3296       1
    3297   4.232   -65.92851    0.00000    0.00000    3297       2
    3298   4.232   -65.92851    0.00000    0.00000    3298       1
    3299   4.231   -65.92851    0.00000    0.00001    3299       5
    3300   4.231   -65.92851    0.00000    0.00000    3300       1
    3301   4.235   -65.92850    0.00000    0.00000    3301       1
    3302   4.235   -65.92850    0.00000    0.00000    3302       4
    3303   4.235   -65.92850    0.00000    0.00000    3303       2
    3304   4.233   -65.92850    0.00000    0.00001    3304      10
    3305   4.235   -65.92850    0.00000    0.00000    3305       4
    3306   4.233   -65.92850    0.00000    0.00000    3306       3
    3307   4.237   -65.92850    0.00000    0.00001    3307       6
    3308   4.239   -65.92849    0.00000    0.00000    3308       1
    3309   4.225   -65.92852    0.00000    0.00001    3309       7
    3310   4.220   -65.92852    0.00000    0.00000    3310       1
    3311   4.240   -65.92849    0.00000    0.00000    3311       1
    3312   4.240   -65.92849    0.00000    0.00000    3312       4
    3313   4.240   -65.92849    0.00000    0.00001    3313       8
    3314   4.241   -65.92849    0.00000    0.00000    3314       1
    3315   4.235   -65.92850    0.00000    0.00000    3315       1
    3316   4.235   -65.92850    0.00000    0.00000    3316       2
    3317   4.242   -65.92849    0.00000    0.00000    3317       3
    3318   4.242   -65.92849    0.00000    0.00000    3318       3
    3319   4.242   -65.92849    0.00000    0.00000    3319       1
    3320   4.242   -65.92849    0.00000    0.00000    3320       2
    3321   4.242   -65.92849    0.00000    0.00000    3321       1
    3322   4.242   -65.92849    0.00000    0.00000    3322       2
    3323   4.242   -65.92849    0.00000    0.00000    3323       2
    3324   4.242   -65.92849    0.00000    0.00000    3324       1
    3325   4.242   -65.92849    0.00000    0.00000    3325       1
    3326   4.242   -65.92849    0.00000    0.00004    3326      37
    3327   4.236   -65.92850    0.00000    0.00000    3327       1
    3328   4.252   -65.92847    0.00000    0.00000    3328       1
    3329   4.252   -65.92847    0.00000    0.00000    3329       1
    3330   4.236   -65.92850    0.00000    0.00000    3330       4
    3331   4.251   -65.92847    0.00000    0.00000    3331       1
    3332   4.236   -65.92850    0.00000    0.00000    3332       1
    3333   4.251   -65.92847    0.00000    0.00001    3333      10
    3334   4.256   -65.92847    0.00000    0.00000    3334       1
    3335   4.253   -65.92847    0.00000    0.00000    3335       1
    3336   4.254   -65.92847    0.00000    0.00000    3336       1
    3337   4.254   -65.92847    0.00000    0.00000    3337       2
    3338   4.254   -65.92847    0.00000    0.00000    3338       1
    3339   4.257   -65.92847    0.00000    0.00000    3339       3
    3340   4.241   -65.92849    0.00000    0.00001    3340      12
    3341   4.257   -65.92847    0.00000    0.00000    3341       1
    3342   4.255   -65.92847    0.00000    0.00000    3342       1
    3343   4.237   -65.92850    0.00000    0.00000    3343       1
    3344   4.258   -65.92846    0.00000    0.00000    3344       2
    3345   4.258   -65.92846    0.00000    0.00000    3345       3
    3346   4.258   -65.92846    0.00000    0.00000    3346       1
    3347   4.258   -65.92846    0.00000    0.00000    3347       2
    3348   4.259   -65.92846    0.00000    0.00000    3348       2
    3349   4.259   -65.92846    0.00000    0.00000    3349       1
    3350   4.235   -65.92850    0.00000    0.00001    3350       9
    3351   4.259   -65.92846    0.00000    0.00000    3351       2
    3352   4.259   -65.92846    0.00000    0.00000    3352       3
    3353   4.259   -65.92846    0.00000    0.00003    3353      26
    3354   4.267   -65.92845    0.00000    0.00000    3354       2
    3355   4.268   -65.92845    0.00000    0.00001    3355      11
    3356   4.269   -65.92845    0.00000    0.00000    3356       1
    3357   4.269   -65.92845    0.00000    0.00000    3357       1
    3358   4.270   -65.92845    0.00000    0.00000    3358       4
    3359   4.253   -65.92847    0.00000    0.00000    3359       2
    3360   4.270   -65.92844    0.00000    0.00000    3360       2
    3361   4.271   -65.92844    0.00000    0.00000    3361       3
    3362   4.271   -65.92844    0.00000    0.00000    3362       1
    3363   4.257   -65.92847    0.00000    0.00001    3363       6
    3364   4.272   -65.92844    0.00000    0.00000    3364       5
    3365   4.273   -65.92844    0.00000    0.00000    3365       1
    3366   4.274   -65.92844    0.00000    0.00000    3366       1
    3367   4.273   -65.92844    0.00000    0.00000    3367       1
    3368   4.274   -65.92844    0.00000    0.00000    3368       1
    3369   4.274   -65.92844    0.00000    0.00000    3369       1
    3370   4.273   -65.92844    0.00000    0.00000    3370       1
    3371   4.274   -65.92844    0.00000    0.00001    3371      11
    3372   4.277   -65.92843    0.00000    0.00000    3372       1
    3373   4.277   -65.92843    0.00000    0.00000    3373       2
    3374   4.277   -65.92843    0.00000    0.00000    3374       1
    3375   4.277   -65.92843    0.00000    0.00000    3375       1
    3376   4.276   -65.92844    0.00000    0.00000    3376       1
    3377   4.261   -65.92846    0.00000    0.00000    3377       1
    3378   4.274   -65.92844    0.00000    0.00000    3378       1
    3379   4.274   -65.92844    0.00000    0.00000    3379       1
    3380   4.274   -65.92844    0.00000    0.00001    3380       7
    3381   4.278   -65.92843    0.00000    0.00000    3381       2
    3382   4.273   -65.92844    0.00000    0.00000    3382       2
    3383   4.278   -65.92843    0.00000    0.00001    3383       7
    3384   4.261   -65.92846    0.00000    0.00000    3384       3
    3385   4.275   -65.92844    0.00000    0.00000    3385       1
    3386   4.281   -65.92843    0.00000    0.00000    3386       1
    3387   4.283   -65.92842    0.00000    0.00000    3387       1
    3388   4.281   -65.92843    0.00000    0.00000    3388       1
    3389   4.275   -65.92844    0.00000    0.00000    3389       1
    3390   4.270   -65.92844    0.00000    0.00000    3390       4
    3391   4.285   -65.92842    0.00000    0.00000    3391       1
    3392   4.285   -65.92842    0.00000    0.00000    3392       1
    3393   4.284   -65.92842    0.00000    0.00000    3393       1
    3394   4.285   -65.92842    0.00000    0.00000    3394       4
    3395   4.286   -65.92842    0.00000    0.00000    3395       3
    3396   4.287   -65.92842    0.00000    0.00000    3396       1
    3397   4.287   -65.92842    0.00000    0.00000    3397       5
    3398   4.288   -65.92842    0.00000    0.00000    3398       4
    3399   4.289   -65.92841    0.00000    0.00000    3399       2
    3400   4.289   -65.92841    0.00000    0.00001    3400       7
    3401   4.290   -65.92841    0.00000    0.00000    3401       1
    3402   4.264   -65.92845    0.00000    0.00000    3402       1
    3403   4.291   -65.92841    0.00000    0.00000    3403       1
    3404   4.292   -65.92841    0.00000    0.00000    3404       1
    3405   4.285   -65.92842    0.00000    0.00001    3405       9
    3406   4.292   -65.92841    0.00000    0.00000    3406       3
    3407   4.293   -65.92841    0.00000    0.00000    3407       2
    3408   4.293   -65.92841    0.00000    0.00000    3408       2
    3409   4.293   -65.92841    0.00000    0.00000    3409       1
    3410   4.294   -65.92841    0.00000    0.00000    3410       2
    3411   4.294   -65.92841    0.00000    0.00000    3411       2
    3412   4.295   -65.92841    0.00000    0.00000    3412       2
    3413   4.295   -65.92840    0.00000    0.00000    3413       3
    3414   4.295   -65.92840    0.00000    0.00000    3414       4
    3415   4.296   -65.92840    0.00000    0.00000    3415       1
    3416   4.293   -65.92841    0.00000    0.00000    3416       1
    3417   4.296   -65.92840    0.00000    0.00002    3417      18
    3418   4.300   -65.92840    0.00000    0.00000    3418       1
    3419   4.300   -65.92840    0.00000    0.00000    3419       1
    3420   4.300   -65.92840    0.00000    0.00000    3420       1
    3421   4.302   -65.92839    0.00000    0.00000    3421       1
    3422   4.302   -65.92839    0.00000    0.00000    3422       2
    3423   4.300   -65.92840    0.00000    0.00000    3423       1
    3424   4.301   -65.92840    0.00000    0.00000    3424       3
    3425   4.305   -65.92839    0.00000    0.00000    3425       1
    3426   4.301   -65.92840    0.00000    0.00000    3426       1
    3427   4.299   -65.92840    0.00000    0.00000    3427       1
    3428   4.302   -65.92839    0.00000    0.00001    3428       9
    3429   4.290   -65.92841    0.00000    0.00000    3429       1
    3430   4.303   -65.92839    0.00000    0.00001    3430      15
    3431   4.309   -65.92838    0.00000    0.00000    3431       1
    3432   4.308   -65.92838    0.00000    0.00000    3432       1
    3433   4.303   -65.92839    0.00000    0.00000    3433       1
    3434   4.301   -65.92840    0.00000    0.00000    3434       1
    3435   4.309   -65.92838    0.00000    0.00000    3435       3
    3436   4.310   -65.92838    0.00000    0.00000    3436       2
    3437   4.311   -65.92838    0.00000    0.00000    3437       3
    3438   4.304   -65.92839    0.00000    0.00000    3438       1
    3439   4.294   -65.92841    0.00000    0.00000    3439       2
    3440   4.313   -65.92838    0.00000    0.00000    3440       1
    3441   4.313   -65.92838    0.00000    0.00000    3441       1
    3442   4.313   -65.92838    0.00000    0.00000    3442       1
    3443   4.304   -65.92839    0.00000    0.00000    3443       2
    3444   4.310   -65.92838    0.00000    0.00000    3444       1
    3445   4.313   -65.92838    0.00000    0.00000    3445       2
    3446   4.315   -65.92837    0.00000    0.00000    3446       1
    3447   4.306   -65.92839    0.00000    0.00000    3447       2
    3448   4.301   -65.92840    0.00000    0.00000    3448       1
    3449   4.270   -65.92844    0.00000    0.00000    3449       2
    3450   4.318   -65.92837    0.00000    0.00000    3450       1
    3451   4.318   -65.92837    0.00000    0.00000    3451       2
    3452   4.318   -65.92837    0.00000    0.00000    3452       1
    3453   4.319   -65.92837    0.00000    0.00000    3453       2
    3454   4.314   -65.92837    0.00000    0.00000    3454       3
    3455   4.320   -65.92837    0.00000    0.00000    3455       1
    3456   4.320   -65.92836    0.00000    0.00000    3456       1
    3457   4.322   -65.92836    0.00000    0.00000    3457       1
    3458   4.283   -65.92842    0.00000    0.00000    3458       1
    3459   4.302   -65.92839    0.00000    0.00000    3459       1
    3460   4.322   -65.92836    0.00000    0.00000    3460       1
    3461   4.323   -65.92836    0.00000    0.00000    3461       1
    3462   4.324   -65.92836    0.00000    0.00000    3462       1
    3463   4.304   -65.92839    0.00000    0.00000    3463       1
    3464   4.324   -65.92836    0.00000    0.00000    3464       1
    3465   4.324   -65.92836    0.00000    0.00000    3465       1
    3466   4.306   -65.92839    0.00000    0.00000    3466       1
    3467   4.324   -65.92836    0.00000    0.00000    3467       1
    3468   4.325   -65.92836    0.00000    0.00000    3468       1
    3469   4.325   -65.92836    0.00000    0.00000    3469       4
    3470   4.327   -65.92835    0.00000    0.00000    3470       1
    3471   4.327   -65.92835    0.00000    0.00000    3471       3
    3472   4.327   -65.92835    0.00000    0.00000    3472       3
    3473   4.328   -65.92835    0.00000    0.00000    3473       1
    3474   4.328   -65.92835    0.00000    0.00000    3474       1
    3475   4.328   -65.92835    0.00000    0.00000    3475       1
    3476   4.328   -65.92835    0.00000    0.00000    3476       2
    3477   4.329   -65.92835    0.00000    0.00000    3477       1
    3478   4.329   -65.92835    0.00000    0.00000    3478       3
    3479   4.331   -65.92835    0.00000    0.00000    3479       1
    3480   4.330   -65.92835    0.00000    0.00000    3480       1
    3481   4.332   -65.92835    0.00000    0.00001    3481      12
    3482   4.326   -65.92836    0.00000    0.00000    3482       1
    3483   4.338   -65.92834    0.00000    0.00000    3483       4
    3484   4.335   -65.92834    0.00000    0.00000    3484       2
    3485   4.339   -65.92834    0.00000    0.00000    3485       5
    3486   4.340   -65.92833    0.00000    0.00000    3486       1
    3487   4.333   -65.92834    0.00000    0.00000    3487       1
    3488   4.340   -65.92833    0.00000    0.00000    3488       1
    3489   4.342   -65.92833    0.00000    0.00000    3489       1
    3490   4.324   -65.92836    0.00000    0.00000    3490       1
    3491   4.342   -65.92833    0.00000    0.00000    3491       1
    3492   4.342   -65.92833    0.00000    0.00000    3492       1
    3493   4.342   -65.92833    0.00000    0.00000    3493       1
    3494   4.342   -65.92833    0.00000    0.00000    3494       3
    3495   4.343   -65.92833    0.00000    0.00000    3495       3
    3496   4.347   -65.92832    0.00000    0.00000    3496       1
    3497   4.347   -65.92832    0.00000    0.00000    3497       1
    3498   4.350   -65.92832    0.00000    0.00001    3498       6
    3499   4.327   -65.92835    0.00000    0.00001    3499       7
    3500   4.351   -65.92832    0.00000    0.00000    3500       1
    3501   4.354   -65.92831    0.00000    0.00000    3501       1
    3502   4.356   -65.92831    0.00000    0.00000    3502       4
    3503   4.356   -65.92831    0.00000    0.00000    3503       3
    3504   4.324   -65.92836    0.00000    0.00000    3504       2
    3505   4.357   -65.92831    0.00000    0.00000    3505       2
    3506   4.357   -65.92831    0.00000    0.00000    3506       2
    3507   4.358   -65.92830    0.00000    0.00000    3507       3
    3508   4.359   -65.92830    0.00000    0.00000    3508       1
    3509   4.362   -65.92830    0.00000    0.00000    3509       1
    3510   4.356   -65.92831    0.00000    0.00000    3510       1
    3511   4.361   -65.92830    0.00000    0.00000    3511       2
    3512   4.363   -65.92830    0.00000    0.00001    3512       8
    3513   4.363   -65.92830    0.00000    0.00000    3513       2
    3514   4.364   -65.92830    0.00000    0.00000    3514       3
    3515   4.364   -65.92830    0.00000    0.00000    3515       2
    3516   4.364   -65.92830    0.00000    0.00000    3516       2
    3517   4.364   -65.92829    0.00000    0.00002    3517      24
    3518   4.367   -65.92829    0.00000    0.00000    3518       1
    3519   4.366   -65.92829    0.00000    0.00000    3519       1
    3520   4.367   -65.92829    0.00000    0.00000    3520       1
    3521   4.368   -65.92829    0.00000    0.00001    3521       7
    3522   4.371   -65.92828    0.00000    0.00000    3522       1
    3523   4.371   -65.92828    0.00000    0.00000    3523       1
    3524   4.370   -65.92829    0.00000    0.00001    3524       9
    3525   4.370   -65.92829    0.00000    0.00000    3525       1
    3526   4.375   -65.92828    0.00000    0.00001    3526       7
    3527   4.376   -65.92828    0.00000    0.00000    3527       2
    3528   4.370   -65.92829    0.00000    0.00001    3528       9
    3529   4.366   -65.92829    0.00000    0.00000    3529       1
    3530   4.352   -65.92831    0.00000    0.00000    3530       5
    3531   4.368   -65.92829    0.00000    0.00000    3531       5
    3532   4.372   -65.92828    0.00000    0.00000    3532       3
    3533   4.379   -65.92827    0.00000    0.00000    3533       1
    3534   4.381   -65.92827    0.00000    0.00000    3534       4
    3535   4.369   -65.92829    0.00000    0.00000    3535       1
    3536   4.383   -65.92826    0.00000    0.00000    3536       3
    3537   4.377   -65.92827    0.00000    0.00000    3537       1
    3538   4.385   -65.92826    0.00000    0.00000    3538       1
    3539   4.369   -65.92829    0.00000    0.00000    3539       1
    3540   4.382   -65.92827    0.00000    0.00000    3540       1
    3541   4.373   -65.92828    0.00000    0.00000    3541       2
    3542   4.383   -65.92826    0.00000    0.00000    3542       3
    3543   4.385   -65.92826    0.00000    0.00000    3543       5
    3544   4.387   -65.92826    0.00000    0.00000    3544       2
    3545   4.387   -65.92826    0.00000    0.00000    3545       1
    3546   4.386   -65.92826    0.00000    0.00000    3546       1
    3547   4.387   -65.92826    0.00000    0.00000    3547       5
    3548   4.389   -65.92826    0.00000    0.00000    3548       1
    3549   4.389   -65.92826    0.00000    0.00000    3549       1
    3550   4.389   -65.92825    0.00000    0.00000    3550       3
    3551   4.390   -65.92825    0.00000    0.00000    3551       1
    3552   4.373   -65.92828    0.00000    0.00000    3552       1
    3553   4.384   -65.92826    0.00000    0.00000    3553       3
    3554   4.385   -65.92826    0.00000    0.00000    3554       1
    3555   4.391   -65.92825    0.00000    0.00000    3555       1
    3556   4.392   -65.92825    0.00000    0.00000    3556       1
    3557   4.392   -65.92825    0.00000    0.00000    3557       1
    3558   4.392   -65.92825    0.00000    0.00000    3558       2
    3559   4.386   -65.92826    0.00000    0.00000    3559       1
    3560   4.392   -65.92825    0.00000    0.00000    3560       1
    3561   4.378   -65.92827    0.00000    0.00000    3561       1
    3562   4.393   -65.92825    0.00000    0.00000    3562       2
    3563   4.370   -65.92828    0.00000    0.00000    3563       1
    3564   4.393   -65.92825    0.00000    0.00001    3564       9
    3565   4.397   -65.92824    0.00000    0.00000    3565       1
    3566   4.397   -65.92824    0.00000    0.00000    3566       1
    3567   4.397   -65.92824    0.00000    0.00000    3567       3
    3568   4.397   -65.92824    0.00000    0.00000    3568       1
    3569   4.408   -65.92822    0.00000    0.00000    3569       2
    3570   4.397   -65.92824    0.00000    0.00000    3570       4
    3571   4.397   -65.92824    0.00000    0.00000    3571       1
    3572   4.397   -65.92824    0.00000    0.00004    3572      51
    3573   4.414   -65.92822    0.00000    0.00000    3573       1
    3574   4.391   -65.92825    0.00000    0.00000    3574       2
    3575   4.401   -65.92824    0.00000    0.00000    3575       2
    3576   4.414   -65.92822    0.00000    0.00000    3576       1
    3577   4.415   -65.92821    0.00000    0.00000    3577       1
    3578   4.415   -65.92821    0.00000    0.00000    3578       4
    3579   4.416   -65.92821    0.00000    0.00000    3579       1
    3580   4.416   -65.92821    0.00000    0.00000    3580       6
    3581   4.414   -65.92822    0.00000    0.00000    3581       1
    3582   4.421   -65.92820    0.00000    0.00000    3582       1
    3583   4.401   -65.92824    0.00000    0.00000    3583       1
    3584   4.417   -65.92821    0.00000    0.00000    3584       1
    3585   4.417   -65.92821    0.00000    0.00000    3585       1
    3586   4.413   -65.92822    0.00000    0.00000    3586       1
    3587   4.417   -65.92821    0.00000    0.00000    3587       1
    3588   4.418   -65.92821    0.00000    0.00000    3588       2
    3589   4.421   -65.92820    0.00000    0.00000    3589       1
    3590   4.418   -65.92821    0.00000    0.00000    3590       3
    3591   4.418   -65.92821    0.00000    0.00000    3591       1
    3592   4.418   -65.92821    0.00000    0.00000    3592       2
    3593   4.422   -65.92820    0.00000    0.00002    3593      31
    3594   4.424   -65.92820    0.00000    0.00000    3594       1
    3595   4.426   -65.92820    0.00000    0.00000    3595       6
    3596   4.424   -65.92820    0.00000    0.00000    3596       2
    3597   4.425   -65.92820    0.00000    0.00000    3597       2
    3598   4.427   -65.92819    0.00000    0.00000    3598       1
    3599   4.429   -65.92819    0.00000    0.00000    3599       4
    3600   4.420   -65.92821    0.00000    0.00001    3600      11
    3601   4.430   -65.92819    0.00000    0.00000    3601       2
    3602   4.431   -65.92819    0.00000    0.00000    3602       1
    3603   4.431   -65.92819    0.00000    0.00000    3603       3
    3604   4.431   -65.92819    0.00000    0.00000    3604       1
    3605   4.432   -65.92819    0.00000    0.00001    3605       7
    3606   4.432   -65.92819    0.00000    0.00000    3606       1
    3607   4.429   -65.92819    0.00000    0.00000    3607       1
    3608   4.432   -65.92819    0.00000    0.00000    3608       1
    3609   4.431   -65.92819    0.00000    0.00000    3609       3
    3610   4.432   -65.92819    0.00000    0.00000    3610       1
    3611   4.432   -65.92819    0.00000    0.00000    3611       1
    3612   4.432   -65.92819    0.00000    0.00002    3612      25
    3613   4.436   -65.92818    0.00000    0.00000    3613       2
    3614   4.403   -65.92823    0.00000    0.00000    3614       1
    3615   4.403   -65.92823    0.00000    0.00000    3615       1
    3616   4.436   -65.92818    0.00000    0.00000    3616       2
    3617   4.439   -65.92818    0.00000    0.00000    3617       1
    3618   4.436   -65.92818    0.00000    0.00001    3618      12
    3619   4.425   -65.92820    0.00000    0.00000    3619       1
    3620   4.403   -65.92823    0.00000    0.00000    3620       1
    3621   4.434   -65.92818    0.00000    0.00000    3621       5
    3622   4.439   -65.92818    0.00000    0.00001    3622      14
    3623   4.406   -65.92823    0.00000    0.00000    3623       1
    3624   4.407   -65.92823    0.00000    0.00000    3624       1
    3625   4.443   -65.92817    0.00000    0.00000    3625       1
    3626   4.431   -65.92819    0.00000    0.00000    3626       1
    3627   4.427   -65.92819    0.00000    0.00000    3627       5
    3628   4.447   -65.92816    0.00000    0.00000    3628       1
    3629   4.445   -65.92817    0.00000    0.00000    3629       1
    3630   4.445   -65.92817    0.00000    0.00000    3630       4
    3631   4.447   -65.92816    0.00000    0.00000    3631       2
    3632   4.448   -65.92816    0.00000    0.00000    3632       3
    3633   4.446   -65.92816    0.00000    0.00000    3633       1
    3634   4.448   -65.92816    0.00000    0.00000    3634       1
    3635   4.407   -65.92823    0.00000    0.00001    3635       9
    3636   4.449   -65.92816    0.00000    0.00000    3636       1
    3637   4.450   -65.92816    0.00000    0.00000    3637       1
    3638   4.451   -65.92816    0.00000    0.00000    3638       2
    3639   4.440   -65.92817    0.00000    0.00000    3639       2
    3640   4.453   -65.92815    0.00000    0.00000    3640       1
    3641   4.454   -65.92815    0.00000    0.00000    3641       1
    3642   4.454   -65.92815    0.00000    0.00000    3642       2
    3643   4.455   -65.92815    0.00000    0.00000    3643       2
    3644   4.455   -65.92815    0.00000    0.00000    3644       1
    3645   4.451   -65.92816    0.00000    0.00000    3645       3
    3646   4.455   -65.92815    0.00000    0.00000    3646       3
    3647   4.449   -65.92816    0.00000    0.00000    3647       1
    3648   4.440   -65.92817    0.00000    0.00001    3648       7
    3649   4.424   -65.92820    0.00000    0.00000    3649       4
    3650   4.456   -65.92815    0.00000    0.00000    3650       2
    3651   4.456   -65.92815    0.00000    0.00000    3651       2
    3652   4.457   -65.92815    0.00000    0.00000    3652       2
    3653   4.457   -65.92815    0.00000    0.00000    3653       1
    3654   4.457   -65.92815    0.00000    0.00000    3654       2
    3655   4.457   -65.92815    0.00000    0.00000    3655       1
    3656   4.450   -65.92816    0.00000    0.00000    3656       1
    3657   4.457   -65.92815    0.00000    0.00000    3657       1
    3658   4.461   -65.92814    0.00000    0.00000    3658       3
    3659   4.463   -65.92814    0.00000    0.00001    3659      19
    3660   4.465   -65.92813    0.00000    0.00000    3660       1
    3661   4.465   -65.92813    0.00000    0.00000    3661       3
    3662   4.465   -65.92813    0.00000    0.00000    3662       1
    3663   4.463   -65.92814    0.00000    0.00000    3663       1
    3664   4.465   -65.92813    0.00000    0.00000    3664       1
    3665   4.465   -65.92813    0.00000    0.00000    3665       1
    3666   4.468   -65.92813    0.00000    0.00000    3666       4
    3667   4.469   -65.92813    0.00000    0.00000    3667       2
    3668   4.466   -65.92813    0.00000    0.00000    3668       2
    3669   4.466   -65.92813    0.00000    0.00000    3669       1
    3670   4.470   -65.92813    0.00000    0.00000    3670       1
    3671   4.471   -65.92812    0.00000    0.00000    3671       1
    3672   4.471   -65.92812    0.00000    0.00000    3672       1
    3673   4.471   -65.92812    0.00000    0.00001    3673       8
    3674   4.475   -65.92812    0.00000    0.00000    3674       1
    3675   4.465   -65.92813    0.00000    0.00000    3675       3
    3676   4.475   -65.92812    0.00000    0.00000    3676       1
    3677   4.459   -65.92814    0.00000    0.00000    3677       1
    3678   4.476   -65.92812    0.00000    0.00000    3678       1
    3679   4.475   -65.92812    0.00000    0.00000    3679       1
    3680   4.468   -65.92813    0.00000    0.00000    3680       2
    3681   4.477   -65.92812    0.00000    0.00000    3681       2
    3682   4.478   -65.92811    0.00000    0.00000    3682       1
    3683   4.482   -65.92811    0.00000    0.00001    3683      10
    3684   4.479   -65.92811    0.00000    0.00000    3684       1
    3685   4.482   -65.92811    0.00000    0.00000    3685       2
    3686   4.480   -65.92811    0.00000    0.00000    3686       1
    3687   4.480   -65.92811    0.00000    0.00002    3687      33
    3688   4.489   -65.92810    0.00000    0.00000    3688       2
    3689   4.490   -65.92809    0.00000    0.00000    3689       1
    3690   4.493   -65.92809    0.00000    0.00000    3690       1
    3691   4.491   -65.92809    0.00000    0.00000    3691       2
    3692   4.491   -65.92809    0.00000    0.00000    3692       1
    3693   4.493   -65.92809    0.00000    0.00000    3693       7
    3694   4.493   -65.92809    0.00000    0.00001    3694      11
    3695   4.497   -65.92808    0.00000    0.00001    3695      18
    3696   4.500   -65.92808    0.00000    0.00000    3696       2
    3697   4.496   -65.92808    0.00000    0.00000    3697       1
    3698   4.476   -65.92812    0.00000    0.00000    3698       3
    3699   4.503   -65.92807    0.00000    0.00000    3699       2
    3700   4.504   -65.92807    0.00000    0.00000    3700       1
    3701   4.501   -65.92808    0.00000    0.00000    3701       1
    3702   4.503   -65.92807    0.00000    0.00000    3702       3
    3703   4.503   -65.92807    0.00000    0.00000    3703       1
    3704   4.505   -65.92807    0.00000    0.00000    3704       4
    3705   4.506   -65.92807    0.00000    0.00000    3705       2
    3706   4.501   -65.92808    0.00000    0.00000    3706       1
    3707   4.504   -65.92807    0.00000    0.00000    3707       1
    3708   4.494   -65.92809    0.00000    0.00000    3708       4
    3709   4.509   -65.92806    0.00000    0.00000    3709       1
    3710   4.494   -65.92809    0.00000    0.00000    3710       1
    3711   4.494   -65.92809    0.00000    0.00000    3711       2
    3712   4.510   -65.92806    0.00000    0.00000    3712       2
    3713   4.481   -65.92811    0.00000    0.00000    3713       1
    3714   4.481   -65.92811    0.00000    0.00000    3714       1
    3715   4.498   -65.92808    0.00000    0.00000    3715       1
    3716   4.481   -65.92811    0.00000    0.00001    3716      11
    3717   4.511   -65.92806    0.00000    0.00001    3717       8
    3718   4.512   -65.92806    0.00000    0.00000    3718       2
    3719   4.482   -65.92811    0.00000    0.00000    3719       1
    3720   4.502   -65.92808    0.00000    0.00000    3720       1
    3721   4.515   -65.92805    0.00000    0.00000    3721       1
    3722   4.494   -65.92809    0.00000    0.00000    3722       4
    3723   4.512   -65.92806    0.00000    0.00000    3723       1
    3724   4.487   -65.92810    0.00000    0.00000    3724       1
    3725   4.516   -65.92805    0.00000    0.00000    3725       1
    3726   4.482   -65.92811    0.00000    0.00000    3726       1
    3727   4.517   -65.92805    0.00000    0.00000    3727       2
    3728   4.502   -65.92808    0.00000    0.00000    3728       3
    3729   4.517   -65.92805    0.00000    0.00000    3729       3
    3730   4.519   -65.92805    0.00000    0.00000    3730       1
    3731   4.519   -65.92805    0.00000    0.00000    3731       3
    3732   4.523   -65.92804    0.00000    0.00000    3732       2
    3733   4.521   -65.92805    0.00000    0.00000    3733       2
    3734   4.524   -65.92804    0.00000    0.00000    3734       1
    3735   4.515   -65.92805    0.00000    0.00000    3735       3
    3736   4.521   -65.92804    0.00000    0.00000    3736       1
    3737   4.525   -65.92804    0.00000    0.00000    3737       1
    3738   4.513   -65.92806    0.00000    0.00000    3738       1
    3739   4.525   -65.92804    0.00000    0.00000    3739       1
    3740   4.525   -65.92804    0.00000    0.00001    3740      13
    3741   4.521   -65.92804    0.00000    0.00000    3741       3
    3742   4.527   -65.92804    0.00000    0.00000    3742       4
    3743   4.528   -65.92803    0.00000    0.00000    3743       2
    3744   4.529   -65.92803    0.00000    0.00000    3744       1
    3745   4.502   -65.92808    0.00000    0.00000    3745       1
    3746   4.517   -65.92805    0.00000    0.00000    3746       4
    3747   4.515   -65.92805    0.00000    0.00000    3747       1
    3748   4.528   -65.92803    0.00000    0.00000    3748       1
    3749   4.530   -65.92803    0.00000    0.00001    3749       8
    3750   4.535   -65.92802    0.00000    0.00000    3750       1
    3751   4.534   -65.92802    0.00000    0.00000    3751       2
    3752   4.517   -65.92805    0.00000    0.00000    3752       1
    3753   4.534   -65.92802    0.00000    0.00000    3753       2
    3754   4.536   -65.92802    0.00000    0.00000    3754       6
    3755   4.539   -65.92802    0.00000    0.00000    3755       2
    3756   4.538   -65.92802    0.00000    0.00000    3756       1
    3757   4.538   -65.92802    0.00000    0.00000    3757       1
    3758   4.522   -65.92804    0.00000    0.00000    3758       1
    3759   4.539   -65.92802    0.00000    0.00000    3759       3
    3760   4.498   -65.92808    0.00000    0.00000    3760       2
    3761   4.540   -65.92801    0.00000    0.00000    3761       1
    3762   4.529   -65.92803    0.00000    0.00000    3762       1
    3763   4.540   -65.92801    0.00000    0.00000    3763       1
    3764   4.540   -65.92801    0.00000    0.00000    3764       1
    3765   4.541   -65.92801    0.00000    0.00000    3765       1
    3766   4.541   -65.92801    0.00000    0.00000    3766       1
    3767   4.542   -65.92801    0.00000    0.00000    3767       2
    3768   4.500   -65.92808    0.00000    0.00000    3768       1
    3769   4.541   -65.92801    0.00000    0.00000    3769       2
    3770   4.543   -65.92801    0.00000    0.00000    3770       1
    3771   4.541   -65.92801    0.00000    0.00000    3771       2
    3772   4.542   -65.92801    0.00000    0.00000    3772       4
    3773   4.544   -65.92801    0.00000    0.00000    3773       1
    3774   4.545   -65.92801    0.00000    0.00000    3774       1
    3775   4.544   -65.92801    0.00000    0.00001    3775      21
    3776   4.547   -65.92800    0.00000    0.00000    3776       1
    3777   4.546   -65.92800    0.00000    0.00000    3777       2
    3778   4.547   -65.92800    0.00000    0.00000    3778       8
    3779   4.551   -65.92800    0.00000    0.00000    3779       3
    3780   4.546   -65.92800    0.00000    0.00000    3780       2
    3781   4.551   -65.92800    0.00000    0.00000    3781       2
    3782   4.546   -65.92800    0.00000    0.00001    3782      11
    3783   4.553   -65.92799    0.00000    0.00000    3783       1
    3784   4.555   -65.92799    0.00000    0.00000    3784       4
    3785   4.553   -65.92799    0.00000    0.00000    3785       1
    3786   4.555   -65.92799    0.00000    0.00000    3786       1
    3787   4.553   -65.92799    0.00000    0.00001    3787      18
    3788   4.555   -65.92799    0.00000    0.00000    3788       1
    3789   4.555   -65.92799    0.00000    0.00001    3789      12
    3790   4.557   -65.92799    0.00000    0.00000    3790       1
    3791   4.551   -65.92800    0.00000    0.00000    3791       2
    3792   4.558   -65.92799    0.00000    0.00000    3792       1
    3793   4.556   -65.92799    0.00000    0.00000    3793       1
    3794   4.558   -65.92799    0.00000    0.00000    3794       1
    3795   4.557   -65.92799    0.00000    0.00001    3795      15
    3796   4.562   -65.92798    0.00000    0.00000    3796       5
    3797   4.562   -65.92798    0.00000    0.00000    3797       2
    3798   4.558   -65.92799    0.00000    0.00000    3798       2
    3799   4.563   -65.92798    0.00000    0.00000    3799       1
    3800   4.563   -65.92798    0.00000    0.00000    3800       2
    3801   4.554   -65.92799    0.00000    0.00000    3801       2
    3802   4.564   -65.92798    0.00000    0.00000    3802       2
    3803   4.569   -65.92797    0.00000    0.00000    3803       1
    3804   4.565   -65.92797    0.00000    0.00000    3804       2
    3805   4.565   -65.92797    0.00000    0.00000    3805       2
    3806   4.567   -65.92797    0.00000    0.00000    3806       2
    3807   4.560   -65.92798    0.00000    0.00001    3807       9
    3808   4.572   -65.92796    0.00000    0.00000    3808       1
    3809   4.572   -65.92796    0.00000    0.00000    3809       1
    3810   4.555   -65.92799    0.00000    0.00000    3810       1
    3811   4.562   -65.92798    0.00000    0.00000    3811       1
    3812   4.573   -65.92796    0.00000    0.00000    3812       3
    3813   4.573   -65.92796    0.00000    0.00000    3813       5
    3814   4.575   -65.92796    0.00000    0.00000    3814       1
    3815   4.576   -65.92796    0.00000    0.00000    3815       1
    3816   4.578   -65.92795    0.00000    0.00000    3816       1
    3817   4.579   -65.92795    0.00000    0.00000    3817       1
    3818   4.575   -65.92796    0.00000    0.00000    3818       3
    3819   4.580   -65.92795    0.00000    0.00000    3819       1
    3820   4.580   -65.92795    0.00000    0.00000    3820       3
    3821   4.581   -65.92795    0.00000    0.00000    3821       1
    3822   4.581   -65.92795    0.00000    0.00000    3822       4
    3823   4.586   -65.92794    0.00000    0.00000    3823       2
    3824   4.585   -65.92794    0.00000    0.00000    3824       1
    3825   4.545   -65.92801    0.00000    0.00000    3825       4
    3826   4.572   -65.92796    0.00000    0.00000    3826       1
    3827   4.582   -65.92795    0.00000    0.00000    3827       2
    3828   4.591   -65.92793    0.00000    0.00000    3828       1
    3829   4.591   -65.92793    0.00000    0.00000    3829       1
    3830   4.573   -65.92796    0.00000    0.00000    3830       1
    3831   4.591   -65.92793    0.00000    0.00000    3831       1
    3832   4.582   -65.92795    0.00000    0.00000    3832       2
    3833   4.592   -65.92793    0.00000    0.00000    3833       2
    3834   4.592   -65.92793    0.00000    0.00000    3834       1
    3835   4.592   -65.92793    0.00000    0.00000    3835       1
    3836   4.563   -65.92798    0.00000    0.00000    3836       2
    3837   4.593   -65.92793    0.00000    0.00000    3837       2
    3838   4.593   -65.92793    0.00000    0.00000    3838       2
    3839   4.593   -65.92793    0.00000    0.00000    3839       2
    3840   4.594   -65.92793    0.00000    0.00000    3840       2
    3841   4.594   -65.92793    0.00000    0.00001    3841      14
    3842   4.598   -65.92792    0.00000    0.00000    3842       1
    3843   4.589   -65.92794    0.00000    0.00000    3843       3
    3844   4.602   -65.92792    0.00000    0.00000    3844       2
    3845   4.592   -65.92793    0.00000    0.00000    3845       4
    3846   4.603   -65.92791    0.00000    0.00000    3846       1
    3847   4.605   -65.92791    0.00000    0.00000    3847       1
    3848   4.605   -65.92791    0.00000    0.00000    3848       1
    3849   4.604   -65.92791    0.00000    0.00000    3849       1
    3850   4.606   -65.92791    0.00000    0.00000    3850       1
    3851   4.583   -65.92795    0.00000    0.00000    3851       2
    3852   4.595   -65.92793    0.00000    0.00000    3852       1
    3853   4.607   -65.92791    0.00000    0.00000    3853       1
    3854   4.607   -65.92791    0.00000    0.00000    3854       2
    3855   4.596   -65.92793    0.00000    0.00000    3855       1
    3856   4.593   -65.92793    0.00000    0.00000    3856       1
    3857   4.609   -65.92790    0.00000    0.00000    3857       1
    3858   4.610   -65.92790    0.00000    0.00000    3858       2
    3859   4.611   -65.92790    0.00000    0.00000    3859       2
    3860   4.611   -65.92790    0.00000    0.00000    3860       2
    3861   4.611   -65.92790    0.00000    0.00000    3861       2
    3862   4.611   -65.92790    0.00000    0.00000    3862       1
    3863   4.611   -65.92790    0.00000    0.00000    3863       1
    3864   4.611   -65.92790    0.00000    0.00000    3864       2
    3865   4.612   -65.92790    0.00000    0.00000    3865       1
    3866   4.612   -65.92790    0.00000    0.00000    3866       1
    3867   4.612   -65.92790    0.00000    0.00001    3867      14
    3868   4.598   -65.92792    0.00000    0.00000    3868       1
    3869   4.610   -65.92790    0.00000    0.00000    3869       1
    3870   4.618   -65.92789    0.00000    0.00000    3870       3
    3871   4.618   -65.92789    0.00000    0.00000    3871       2
    3872   4.619   -65.92789    0.00000    0.00000    3872       1
    3873   4.619   -65.92789    0.00000    0.00000    3873       1
    3874   4.618   -65.92789    0.00000    0.00000    3874       5
    3875   4.620   -65.92789    0.00000    0.00000    3875       3
    3876   4.622   -65.92788    0.00000    0.00000    3876       5
    3877   4.620   -65.92789    0.00000    0.00000    3877       1
    3878   4.625   -65.92788    0.00000    0.00000    3878       1
    3879   4.620   -65.92789    0.00000    0.00000    3879       2
    3880   4.610   -65.92790    0.00000    0.00000    3880       2
    3881   4.628   -65.92787    0.00000    0.00000    3881       1
    3882   4.628   -65.92787    0.00000    0.00000    3882       1
    3883   4.626   -65.92788    0.00000    0.00000    3883       6
    3884   4.628   -65.92787    0.00000    0.00000    3884       3
    3885   4.629   -65.92787    0.00000    0.00000    3885       3
    3886   4.629   -65.92787    0.00000    0.00000    3886       2
    3887   4.629   -65.92787    0.00000    0.00000    3887       4
    3888   4.631   -65.92787    0.00000    0.00000    3888       1
    3889   4.631   -65.92787    0.00000    0.00000    3889       1
    3890   4.631   -65.92787    0.00000    0.00000    3890       2
    3891   4.632   -65.92787    0.00000    0.00000    3891       1
    3892   4.637   -65.92786    0.00000    0.00001    3892      13
    3893   4.611   -65.92790    0.00000    0.00000    3893       1
    3894   4.640   -65.92785    0.00000    0.00000    3894       2
    3895   4.635   -65.92786    0.00000    0.00000    3895       1
    3896   4.640   -65.92785    0.00000    0.00000    3896       1
    3897   4.628   -65.92787    0.00000    0.00000    3897       1
    3898   4.642   -65.92785    0.00000    0.00000    3898       1
    3899   4.629   -65.92787    0.00000    0.00000    3899       1
    3900   4.643   -65.92785    0.00000    0.00000    3900       1
    3901   4.643   -65.92785    0.00000    0.00000    3901       1
    3902   4.643   -65.92785    0.00000    0.00000    3902       1
    3903   4.643   -65.92785    0.00000    0.00000    3903       7
    3904   4.647   -65.92784    0.00000    0.00000    3904       2
    3905   4.647   -65.92784    0.00000    0.00000    3905       1
    3906   4.648   -65.92784    0.00000    0.00000    3906       5
    3907   4.650   -65.92784    0.00000    0.00000    3907       1
    3908   4.652   -65.92784    0.00000    0.00000    3908       1
    3909   4.652   -65.92784    0.00000    0.00000    3909       2
    3910   4.654   -65.92783    0.00000    0.00000    3910       1
    3911   4.654   -65.92783    0.00000    0.00000    3911       6
    3912   4.653   -65.92783    0.00000    0.00000    3912       1
    3913   4.655   -65.92783    0.00000    0.00000    3913       1
    3914   4.656   -65.92783    0.00000    0.00000    3914       1
    3915   4.657   -65.92783    0.00000    0.00000    3915       5
    3916   4.658   -65.92783    0.00000    0.00000    3916       7
    3917   4.661   -65.92782    0.00000    0.00000    3917       1
    3918   4.661   -65.92782    0.00000    0.00000    3918       2
    3919   4.661   -65.92782    0.00000    0.00000    3919       1
    3920   4.661   -65.92782    0.00000    0.00001    3920      10
    3921   4.663   -65.92782    0.00000    0.00000    3921       2
    3922   4.661   -65.92782    0.00000    0.00000    3922       2
    3923   4.653   -65.92783    0.00000    0.00000    3923       2
    3924   4.664   -65.92782    0.00000    0.00001    3924      10
    3925   4.670   -65.92781    0.00000    0.00000    3925       7
    3926   4.669   -65.92781    0.00000    0.00000    3926       2
    3927   4.669   -65.92781    0.00000    0.00000    3927       2
    3928   4.666   -65.92781    0.00000    0.00000    3928       1
    3929   4.670   -65.92781    0.00000    0.00000    3929       1
    3930   4.672   -65.92780    0.00000    0.00000    3930       6
    3931   4.666   -65.92781    0.00000    0.00000    3931       2
    3932   4.682   -65.92779    0.00000    0.00000    3932       1
    3933   4.681   -65.92779    0.00000    0.00000    3933       1
    3934   4.675   -65.92780    0.00000    0.00000    3934       1
    3935   4.670   -65.92781    0.00000    0.00000    3935       1
    3936   4.653   -65.92783    0.00000    0.00000    3936       1
    3937   4.653   -65.92783    0.00000    0.00000    3937       4
    3938   4.682   -65.92779    0.00000    0.00000    3938       6
    3939   4.683   -65.92779    0.00000    0.00000    3939       1
    3940   4.684   -65.92778    0.00000    0.00000    3940       4
    3941   4.686   -65.92778    0.00000    0.00000    3941       2
    3942   4.686   -65.92778    0.00000    0.00000    3942       2
    3943   4.690   -65.92778    0.00000    0.00000    3943       1
    3944   4.681   -65.92779    0.00000    0.00000    3944       1
    3945   4.688   -65.92778    0.00000    0.00000    3945       1
    3946   4.688   -65.92778    0.00000    0.00000    3946       1
    3947   4.686   -65.92778    0.00000    0.00000    3947       5
    3948   4.692   -65.92777    0.00000    0.00000    3948       7
    3949   4.696   -65.92777    0.00000    0.00000    3949       1
    3950   4.698   -65.92776    0.00000    0.00000    3950       2
    3951   4.697   -65.92776    0.00000    0.00000    3951       1
    3952   4.694   -65.92777    0.00000    0.00000    3952       1
    3953   4.689   -65.92778    0.00000    0.00000    3953       1
    3954   4.700   -65.92776    0.00000    0.00000    3954       3
    3955   4.658   -65.92783    0.00000    0.00000    3955       1
    3956   4.700   -65.92776    0.00000    0.00000    3956       1
    3957   4.699   -65.92776    0.00000    0.00000    3957       3
    3958   4.702   -65.92776    0.00000    0.00000    3958       2
    3959   4.703   -65.92775    0.00000    0.00000    3959       1
    3960   4.700   -65.92776    0.00000    0.00000    3960       2
    3961   4.704   -65.92775    0.00000    0.00000    3961       1
    3962   4.700   -65.92776    0.00000    0.00000    3962       1
    3963   4.704   -65.92775    0.00000    0.00000    3963       1
    3964   4.704   -65.92775    0.00000    0.00000    3964       2
    3965   4.705   -65.92775    0.00000    0.00000    3965       1
    3966   4.705   -65.92775    0.00000    0.00000    3966       1
    3967   4.705   -65.92775    0.00000    0.00000    3967       2
    3968   4.705   -65.92775    0.00000    0.00000    3968       2
    3969   4.706   -65.92775    0.00000    0.00000    3969       1
    3970   4.676   -65.92780    0.00000    0.00000    3970       1
    3971   4.706   -65.92775    0.00000    0.00000    3971       2
    3972   4.706   -65.92775    0.00000    0.00000    3972       1
    3973   4.706   -65.92775    0.00000    0.00000    3973       2
    3974   4.707   -65.92775    0.00000    0.00000    3974       1
    3975   4.707   -65.92775    0.00000    0.00000    3975       1
    3976   4.714   -65.92774    0.00000    0.00000    3976       1
    3977   4.703   -65.92775    0.00000    0.00000    3977       1
    3978   4.707   -65.92775    0.00000    0.00001    3978      21
    3979   4.718   -65.92773    0.00000    0.00000    3979       1
    3980   4.718   -65.92773    0.00000    0.00000    3980       1
    3981   4.678   -65.92779    0.00000    0.00000    3981       1
    3982   4.717   -65.92773    0.00000    0.00000    3982       1
    3983   4.718   -65.92773    0.00000    0.00000    3983       1
    3984   4.678   -65.92779    0.00000    0.00000    3984       1
    3985   4.719   -65.92773    0.00000    0.00000    3985       1
    3986   4.719   -65.92773    0.00000    0.00000    3986       1
    3987   4.720   -65.92773    0.00000    0.00000    3987       1
    3988   4.720   -65.92773    0.00000    0.00000    3988       2
    3989   4.720   -65.92773    0.00000    0.00000    3989       1
    3990   4.682   -65.92779    0.00000    0.00000    3990       2
    3991   4.720   -65.92773    0.00000    0.00000    3991       2
    3992   4.720   -65.92773    0.00000    0.00000    3992       1
    3993   4.720   -65.92773    0.00000    0.00000    3993       1
    3994   4.720   -65.92773    0.00000    0.00000    3994       2
    3995   4.720   -65.92773    0.00000    0.00000    3995       5
    3996   4.719   -65.92773    0.00000    0.00000    3996       2
    3997   4.720   -65.92773    0.00000    0.00000    3997       1
    3998   4.722   -65.92772    0.00000    0.00000    3998       4
    3999   4.723   -65.92772    0.00000    0.00000    3999       1
    4000   4.721   -65.92773    0.00000    0.00000    4000       1
    4001   4.725   -65.92772    0.00000    0.00000    4001       4
    4002   4.723   -65.92772    0.00000    0.00000    4002       1
    4003   4.723   -65.92772    0.00000    0.00000    4003       1
    4004   4.723   -65.92772    0.00000    0.00000    4004       1
    4005   4.724   -65.92772    0.00000    0.00001    4005      17
    4006   4.725   -65.92772    0.00000    0.00000    4006       2
    4007   4.729   -65.92771    0.00000    0.00001    4007      11
    4008   4.726   -65.92772    0.00000    0.00000    4008       1
    4009   4.740   -65.92770    0.00000    0.00000    4009       2
    4010   4.725   -65.92772    0.00000    0.00000    4010       2
    4011   4.704   -65.92775    0.00000    0.00000    4011       1
    4012   4.739   -65.92770    0.00000    0.00000    4012       2
    4013   4.741   -65.92769    0.00000    0.00000    4013       1
    4014   4.741   -65.92769    0.00000    0.00000    4014       2
    4015   4.743   -65.92769    0.00000    0.00000    4015      10
    4016   4.744   -65.92769    0.00000    0.00000    4016       2
    4017   4.744   -65.92769    0.00000    0.00000    4017       1
    4018   4.744   -65.92769    0.00000    0.00000    4018       1
    4019   4.744   -65.92769    0.00000    0.00000    4019       1
    4020   4.746   -65.92769    0.00000    0.00000    4020       9
    4021   4.711   -65.92774    0.00000    0.00000    4021       4
    4022   4.712   -65.92774    0.00000    0.00000    4022       2
    4023   4.713   -65.92774    0.00000    0.00000    4023       1
    4024   4.744   -65.92769    0.00000    0.00000    4024       1
    4025   4.749   -65.92768    0.00000    0.00000    4025       1
    4026   4.750   -65.92768    0.00000    0.00000    4026       1
    4027   4.714   -65.92774    0.00000    0.00000    4027       2
    4028   4.749   -65.92768    0.00000    0.00000    4028       6
    4029   4.751   -65.92768    0.00000    0.00000    4029       2
    4030   4.751   -65.92768    0.00000    0.00000    4030       4
    4031   4.745   -65.92769    0.00000    0.00000    4031       1
    4032   4.752   -65.92768    0.00000    0.00000    4032       1
    4033   4.746   -65.92769    0.00000    0.00000    4033       4
    4034   4.754   -65.92767    0.00000    0.00000    4034       1
    4035   4.754   -65.92767    0.00000    0.00000    4035       1
    4036   4.756   -65.92767    0.00000    0.00000    4036       1
    4037   4.754   -65.92767    0.00000    0.00000    4037       3
    4038   4.756   -65.92767    0.00000    0.00000    4038       1
    4039   4.757   -65.92767    0.00000    0.00000    4039       1
    4040   4.745   -65.92769    0.00000    0.00000    4040       1
    4041   4.759   -65.92767    0.00000    0.00000    4041       4
    4042   4.760   -65.92766    0.00000    0.00000    4042       1
    4043   4.760   -65.92766    0.00000    0.00000    4043       6
    4044   4.760   -65.92766    0.00000    0.00000    4044       1
    4045   4.761   -65.92766    0.00000    0.00000    4045       1
    4046   4.762   -65.92766    0.00000    0.00000    4046       1
    4047   4.761   -65.92766    0.00000    0.00000    4047       6
    4048   4.762   -65.92766    0.00000    0.00000    4048       1
    4049   4.762   -65.92766    0.00000    0.00000    4049       1
    4050   4.762   -65.92766    0.00000    0.00000    4050       1
    4051   4.762   -65.92766    0.00000    0.00000    4051       2
    4052   4.763   -65.92766    0.00000    0.00000    4052       9
    4053   4.765   -65.92766    0.00000    0.00000    4053       1
    4054   4.755   -65.92767    0.00000    0.00000    4054       3
    4055   4.763   -65.92766    0.00000    0.00000    4055       1
    4056   4.767   -65.92765    0.00000    0.00000    4056       1
    4057   4.768   -65.92765    0.00000    0.00000    4057       1
    4058   4.738   -65.92770    0.00000    0.00000    4058       3
    4059   4.766   -65.92765    0.00000    0.00000    4059       1
    4060   4.770   -65.92765    0.00000    0.00000    4060      10
    4061   4.774   -65.92764    0.00000    0.00000    4061       4
    4062   4.766   -65.92765    0.00000    0.00000    4062       1
    4063   4.776   -65.92764    0.00000    0.00000    4063       1
    4064   4.776   -65.92764    0.00000    0.00000    4064       1
    4065   4.767   -65.92765    0.00000    0.00000    4065       1
    4066   4.758   -65.92767    0.00000    0.00000    4066       1
    4067   4.776   -65.92764    0.00000    0.00000    4067       1
    4068   4.782   -65.92763    0.00000    0.00000    4068       1
    4069   4.782   -65.92763    0.00000    0.00000    4069       1
    4070   4.776   -65.92764    0.00000    0.00000    4070       1
    4071   4.776   -65.92764    0.00000    0.00001    4071      25
    4072   4.789   -65.92762    0.00000    0.00000    4072       1
    4073   4.781   -65.92763    0.00000    0.00000    4073       1
    4074   4.781   -65.92763    0.00000    0.00000    4074       1
    4075   4.781   -65.92763    0.00000    0.00000    4075       1
    4076   4.789   -65.92762    0.00000    0.00000    4076       3
    4077   4.781   -65.92763    0.00000    0.00000    4077       2
    4078   4.781   -65.92763    0.00000    0.00000    4078       2
    4079   4.789   -65.92762    0.00000    0.00000    4079       2
    4080   4.789   -65.92762    0.00000    0.00000    4080       4
    4081   4.790   -65.92762    0.00000    0.00000    4081       1
    4082   4.790   -65.92762    0.00000    0.00000    4082       1
    4083   4.792   -65.92761    0.00000    0.00000    4083       1
    4084   4.792   -65.92761    0.00000    0.00000    4084       2
    4085   4.793   -65.92761    0.00000    0.00000    4085       2
    4086   4.795   -65.92761    0.00000    0.00000    4086       5
    4087   4.796   -65.92761    0.00000    0.00000    4087       1
    4088   4.793   -65.92761    0.00000    0.00000    4088       1
    4089   4.797   -65.92760    0.00000    0.00000    4089       7
    4090   4.798   -65.92760    0.00000    0.00000    4090       1
    4091   4.798   -65.92760    0.00000    0.00000    4091       2
    4092   4.799   -65.92760    0.00000    0.00000    4092       1
    4093   4.799   -65.92760    0.00000    0.00000    4093       2
    4094   4.799   -65.92760    0.00000    0.00000    4094       1
    4095   4.799   -65.92760    0.00000    0.00000    4095       1
    4096   4.802   -65.92760    0.00000    0.00000    4096       3
    4097   4.798   -65.92760    0.00000    0.00000    4097       1
    4098   4.799   -65.92760    0.00000    0.00000    4098       1
    4099   4.796   -65.92761    0.00000    0.00000    4099       1
    4100   4.803   -65.92760    0.00000    0.00001    4100      21
    4101   4.801   -65.92760    0.00000    0.00000    4101       3
    4102   4.799   -65.92760    0.00000    0.00000    4102       1
    4103   4.795   -65.92761    0.00000    0.00000    4103       6
    4104   4.807   -65.92759    0.00000    0.00000    4104       1
    4105   4.804   -65.92759    0.00000    0.00000    4105       2
    4106   4.808   -65.92759    0.00000    0.00000    4106       2
    4107   4.796   -65.92761    0.00000    0.00000    4107       9
    4108   4.810   -65.92758    0.00000    0.00000    4108       1
    4109   4.808   -65.92759    0.00000    0.00000    4109       1
    4110   4.811   -65.92758    0.00000    0.00000    4110       1
    4111   4.811   -65.92758    0.00000    0.00000    4111       2
    4112   4.802   -65.92760    0.00000    0.00000    4112       2
    4113   4.811   -65.92758    0.00000    0.00000    4113       1
    4114   4.811   -65.92758    0.00000    0.00000    4114       1
    4115   4.811   -65.92758    0.00000    0.00000    4115       2
    4116   4.811   -65.92758    0.00000    0.00000    4116       3
    4117   4.811   -65.92758    0.00000    0.00000    4117       1
    4118   4.814   -65.92758    0.00000    0.00000    4118       1
    4119   4.811   -65.92758    0.00000    0.00000    4119       1
    4120   4.814   -65.92758    0.00000    0.00001    4120      17
    4121   4.815   -65.92758    0.00000    0.00000    4121       1
    4122   4.815   -65.92758    0.00000    0.00000    4122       1
    4123   4.815   -65.92758    0.00000    0.00000    4123       1
    4124   4.815   -65.92758    0.00000    0.00000    4124       2
    4125   4.815   -65.92758    0.00000    0.00000    4125       1
    4126   4.815   -65.92758    0.00000    0.00000    4126       1
    4127   4.816   -65.92758    0.00000    0.00000    4127       9
    4128   4.816   -65.92757    0.00000    0.00000    4128       1
    4129   4.817   -65.92757    0.00000    0.00000    4129       2
    4130   4.817   -65.92757    0.00000    0.00000    4130       3
    4131   4.819   -65.92757    0.00000    0.00000    4131       7
    4132   4.819   -65.92757    0.00000    0.00000    4132       2
    4133   4.817   -65.92757    0.00000    0.00000    4133       1
    4134   4.817   -65.92757    0.00000    0.00001    4134      18
    4135   4.821   -65.92757    0.00000    0.00000    4135       1
    4136   4.818   -65.92757    0.00000    0.00000    4136       3
    4137   4.822   -65.92757    0.00000    0.00000    4137       1
    4138   4.822   -65.92757    0.00000    0.00001    4138      15
    4139   4.822   -65.92756    0.00000    0.00000    4139       2
    4140   4.827   -65.92756    0.00000    0.00000    4140       1
    4141   4.828   -65.92756    0.00000    0.00000    4141       2
    4142   4.827   -65.92756    0.00000    0.00000    4142       1
    4143   4.829   -65.92755    0.00000    0.00000    4143       1
    4144   4.830   -65.92755    0.00000    0.00000    4144       1
    4145   4.829   -65.92755    0.00000    0.00000    4145       1
    4146   4.830   -65.92755    0.00000    0.00000    4146       2
    4147   4.827   -65.92756    0.00000    0.00000    4147       5
    4148   4.831   -65.92755    0.00000    0.00000    4148       1
    4149   4.822   -65.92756    0.00000    0.00000    4149       1
    4150   4.832   -65.92755    0.00000    0.00000    4150       2
    4151   4.830   -65.92755    0.00000    0.00000    4151       1
    4152   4.828   -65.92756    0.00000    0.00000    4152       2
    4153   4.833   -65.92755    0.00000    0.00000    4153       2
    4154   4.832   -65.92755    0.00000    0.00000    4154       2
    4155   4.819   -65.92757    0.00000    0.00000    4155       1
    4156   4.833   -65.92755    0.00000    0.00000    4156       1
    4157   4.834   -65.92755    0.00000    0.00000    4157       2
    4158   4.833   -65.92755    0.00000    0.00000    4158       3
    4159   4.834   -65.92755    0.00000    0.00000    4159       1
    4160   4.834   -65.92755    0.00000    0.00000    4160       3
    4161   4.840   -65.92754    0.00000    0.00001    4161      27
    4162   4.847   -65.92753    0.00000    0.00000    4162       1
    4163   4.845   -65.92753    0.00000    0.00001    4163      15
    4164   4.849   -65.92752    0.00000    0.00000    4164       1
    4165   4.848   -65.92752    0.00000    0.00000    4165       5
    4166   4.849   -65.92752    0.00000    0.00000    4166       4
    4167   4.850   -65.92752    0.00000    0.00000    4167       1
    4168   4.847   -65.92753    0.00000    0.00000    4168       1
    4169   4.850   -65.92752    0.00000    0.00000    4169       1
    4170   4.848   -65.92752    0.00000    0.00000    4170       8
    4171   4.828   -65.92756    0.00000    0.00000    4171       2
    4172   4.851   -65.92752    0.00000    0.00000    4172       4
    4173   4.852   -65.92752    0.00000    0.00000    4173       7
    4174   4.835   -65.92754    0.00000    0.00000    4174       1
    4175   4.852   -65.92752    0.00000    0.00000    4175       8
    4176   4.855   -65.92751    0.00000    0.00000    4176       1
    4177   4.846   -65.92753    0.00000    0.00000    4177       3
    4178   4.859   -65.92751    0.00000    0.00000    4178       1
    4179   4.856   -65.92751    0.00000    0.00000    4179       1
    4180   4.859   -65.92751    0.00000    0.00000    4180       2
    4181   4.862   -65.92750    0.00000    0.00000    4181       3
    4182   4.849   -65.92752    0.00000    0.00000    4182       1
    4183   4.862   -65.92750    0.00000    0.00000    4183       4
    4184   4.859   -65.92751    0.00000    0.00000    4184       1
    4185   4.862   -65.92750    0.00000    0.00000    4185       2
    4186   4.858   -65.92751    0.00000    0.00000    4186       1
    4187   4.860   -65.92751    0.00000    0.00000    4187       2
    4188   4.859   -65.92751    0.00000    0.00000    4188       2
    4189   4.864   -65.92750    0.00000    0.00000    4189      10
    4190   4.860   -65.92750    0.00000    0.00000    4190       1
    4191   4.864   -65.92750    0.00000    0.00000    4191       1
    4192   4.866   -65.92750    0.00000    0.00000    4192       2
    4193   4.866   -65.92750    0.00000    0.00000    4193       6
    4194   4.856   -65.92751    0.00000    0.00000    4194       1
    4195   4.866   -65.92749    0.00000    0.00000    4195       4
    4196   4.867   -65.92749    0.00000    0.00000    4196       3
    4197   4.868   -65.92749    0.00000    0.00000    4197      11
    4198   4.869   -65.92749    0.00000    0.00000    4198       1
    4199   4.864   -65.92750    0.00000    0.00000    4199       1
    4200   4.869   -65.92749    0.00000    0.00000    4200       5
    4201   4.836   -65.92754    0.00000    0.00000    4201       7
    4202   4.869   -65.92749    0.00000    0.00000    4202       2
    4203   4.837   -65.92754    0.00000    0.00000    4203       1
    4204   4.869   -65.92749    0.00000    0.00000    4204       1
    4205   4.869   -65.92749    0.00000    0.00000    4205       1
    4206   4.870   -65.92749    0.00000    0.00000    4206       1
    4207   4.837   -65.92754    0.00000    0.00000    4207       1
    4208   4.870   -65.92749    0.00000    0.00000    4208       2
    4209   4.870   -65.92749    0.00000    0.00000    4209       1
    4210   4.864   -65.92750    0.00000    0.00000    4210       8
    4211   4.856   -65.92751    0.00000    0.00000    4211       1
    4212   4.870   -65.92749    0.00000    0.00000    4212       2
    4213   4.870   -65.92749    0.00000    0.00000    4213       4
    4214   4.838   -65.92754    0.00000    0.00000    4214       2
    4215   4.871   -65.92749    0.00000    0.00000    4215       2
    4216   4.871   -65.92749    0.00000    0.00000    4216       1
    4217   4.872   -65.92749    0.00000    0.00000    4217       1
    4218   4.872   -65.92749    0.00000    0.00000    4218       2
    4219   4.872   -65.92748    0.00000    0.00000    4219       1
    4220   4.869   -65.92749    0.00000    0.00000    4220       2
    4221   4.871   -65.92749    0.00000    0.00000    4221       1
    4222   4.870   -65.92749    0.00000    0.00000    4222       1
    4223   4.840   -65.92754    0.00000    0.00000    4223       6
    4224   4.860   -65.92750    0.00000    0.00000    4224       1
    4225   4.840   -65.92754    0.00000    0.00000    4225       1
    4226   4.840   -65.92754    0.00000    0.00000    4226       1
    4227   4.874   -65.92748    0.00000    0.00000    4227       1
    4228   4.840   -65.92754    0.00000    0.00000    4228       2
    4229   4.840   -65.92754    0.00000    0.00000    4229       2
    4230   4.874   -65.92748    0.00000    0.00000    4230       2
    4231   4.872   -65.92749    0.00000    0.00000    4231       9
    4232   4.838   -65.92754    0.00000    0.00000    4232       1
    4233   4.877   -65.92748    0.00000    0.00000    4233       1
    4234   4.872   -65.92749    0.00000    0.00000    4234       2
    4235   4.865   -65.92750    0.00000    0.00000    4235       1
    4236   4.878   -65.92748    0.00000    0.00000    4236      13
    4237   4.882   -65.92747    0.00000    0.00000    4237       1
    4238   4.877   -65.92748    0.00000    0.00000    4238       4
    4239   4.883   -65.92747    0.00000    0.00000    4239       1
    4240   4.880   -65.92747    0.00000    0.00000    4240       2
    4241   4.871   -65.92749    0.00000    0.00000    4241       2
    4242   4.883   -65.92747    0.00000    0.00000    4242       1
    4243   4.875   -65.92748    0.00000    0.00000    4243       1
    4244   4.884   -65.92747    0.00000    0.00000    4244       3
    4245   4.885   -65.92746    0.00000    0.00000    4245       1
    4246   4.886   -65.92746    0.00000    0.00000    4246       1
    4247   4.886   -65.92746    0.00000    0.00000    4247       4
    4248   4.882   -65.92747    0.00000    0.00000    4248       1
    4249   4.886   -65.92746    0.00000    0.00000    4249       2
    4250   4.855   -65.92751    0.00000    0.00000    4250       2
    4251   4.861   -65.92750    0.00000    0.00000    4251       3
    4252   4.886   -65.92746    0.00000    0.00000    4252       1
    4253   4.887   -65.92746    0.00000    0.00000    4253       1
    4254   4.887   -65.92746    0.00000    0.00000    4254       2
    4255   4.888   -65.92746    0.00000    0.00000    4255       1
    4256   4.879   -65.92747    0.00000    0.00000    4256       1
    4257   4.888   -65.92746    0.00000    0.00000    4257       1
    4258   4.888   -65.92746    0.00000    0.00000    4258       1
    4259   4.889   -65.92746    0.00000    0.00000    4259      11
    4260   4.890   -65.92746    0.00000    0.00001    4260      19
    4261   4.890   -65.92746    0.00000    0.00000    4261       1
    4262   4.896   -65.92745    0.00000    0.00000    4262       5
    4263   4.898   -65.92744    0.00000    0.00000    4263       1
    4264   4.894   -65.92745    0.00000    0.00000    4264       1
    4265   4.886   -65.92746    0.00000    0.00000    4265       1
    4266   4.899   -65.92744    0.00000    0.00000    4266       5
    4267   4.899   -65.92744    0.00000    0.00000    4267      14
    4268   4.873   -65.92748    0.00000    0.00000    4268       1
    4269   4.902   -65.92744    0.00000    0.00000    4269       2
    4270   4.903   -65.92744    0.00000    0.00000    4270       2
    4271   4.903   -65.92744    0.00000    0.00000    4271       1
    4272   4.903   -65.92744    0.00000    0.00000    4272       4
    4273   4.890   -65.92746    0.00000    0.00000    4273       2
    4274   4.907   -65.92743    0.00000    0.00000    4274       1
    4275   4.907   -65.92743    0.00000    0.00000    4275       2
    4276   4.904   -65.92744    0.00000    0.00000    4276       3
    4277   4.907   -65.92743    0.00000    0.00000    4277       1
    4278   4.901   -65.92744    0.00000    0.00000    4278       2
    4279   4.907   -65.92743    0.00000    0.00000    4279       1
    4280   4.908   -65.92743    0.00000    0.00000    4280      10
    4281   4.910   -65.92742    0.00000    0.00000    4281       2
    4282   4.908   -65.92743    0.00000    0.00000    4282       1
    4283   4.913   -65.92742    0.00000    0.00000    4283       1
    4284   4.911   -65.92742    0.00000    0.00000    4284       4
    4285   4.913   -65.92742    0.00000    0.00000    4285       1
    4286   4.914   -65.92742    0.00000    0.00000    4286       1
    4287   4.914   -65.92742    0.00000    0.00000    4287       2
    4288   4.914   -65.92742    0.00000    0.00000    4288       1
    4289   4.914   -65.92742    0.00000    0.00000    4289       2
    4290   4.915   -65.92742    0.00000    0.00000    4290       5
    4291   4.907   -65.92743    0.00000    0.00000    4291       1
    4292   4.916   -65.92742    0.00000    0.00000    4292       1
    4293   4.899   -65.92744    0.00000    0.00000    4293       7
    4294   4.917   -65.92741    0.00000    0.00000    4294       1
    4295   4.887   -65.92746    0.00000    0.00000    4295      11
    4296   4.917   -65.92741    0.00000    0.00000    4296       1
    4297   4.918   -65.92741    0.00000    0.00000    4297       2
    4298   4.918   -65.92741    0.00000    0.00000    4298       1
    4299   4.917   -65.92741    0.00000    0.00000    4299       3
    4300   4.921   -65.92741    0.00000    0.00000    4300       5
    4301   4.923   -65.92740    0.00000    0.00000    4301       1
    4302   4.924   -65.92740    0.00000    0.00000    4302       1
    4303   4.920   -65.92741    0.00000    0.00000    4303       1
    4304   4.899   -65.92744    0.00000    0.00000    4304       2
    4305   4.887   -65.92746    0.00000    0.00000    4305       2
    4306   4.921   -65.92741    0.00000    0.00000    4306       7
    4307   4.898   -65.92744    0.00000    0.00000    4307       5
    4308   4.925   -65.92740    0.00000    0.00000    4308       1
    4309   4.926   -65.92740    0.00000    0.00000    4309       1
    4310   4.926   -65.92740    0.00000    0.00000    4310       2
    4311   4.925   -65.92740    0.00000    0.00000    4311       2
    4312   4.926   -65.92740    0.00000    0.00000    4312       1
    4313   4.927   -65.92740    0.00000    0.00000    4313       1
    4314   4.926   -65.92740    0.00000    0.00000    4314       1
    4315   4.926   -65.92740    0.00000    0.00000    4315       4
    4316   4.929   -65.92740    0.00000    0.00000    4316       8
    4317   4.926   -65.92740    0.00000    0.00000    4317       3
    4318   4.930   -65.92739    0.00000    0.00000    4318       2
    4319   4.931   -65.92739    0.00000    0.00000    4319       2
    4320   4.931   -65.92739    0.00000    0.00000    4320       1
    4321   4.931   -65.92739    0.00000    0.00000    4321       1
    4322   4.932   -65.92739    0.00000    0.00000    4322       2
    4323   4.934   -65.92739    0.00000    0.00000    4323       1
    4324   4.934   -65.92739    0.00000    0.00000    4324       1
    4325   4.936   -65.92738    0.00000    0.00000    4325       2
    4326   4.927   -65.92740    0.00000    0.00000    4326       1
    4327   4.917   -65.92741    0.00000    0.00000    4327       1
    4328   4.926   -65.92740    0.00000    0.00000    4328       3
    4329   4.939   -65.92738    0.00000    0.00000    4329       4
    4330   4.935   -65.92739    0.00000    0.00000    4330       1
    4331   4.936   -65.92738    0.00000    0.00000    4331       4
    4332   4.937   -65.92738    0.00000    0.00000    4332       1
    4333   4.943   -65.92737    0.00000    0.00000    4333       1
    4334   4.944   -65.92737    0.00000    0.00000    4334       1
    4335   4.944   -65.92737    0.00000    0.00000    4335       1
    4336   4.918   -65.92741    0.00000    0.00000    4336       1
    4337   4.938   -65.92738    0.00000    0.00000    4337       3
    4338   4.936   -65.92738    0.00000    0.00000    4338       1
    4339   4.944   -65.92737    0.00000    0.00000    4339       1
    4340   4.944   -65.92737    0.00000    0.00000    4340       2
    4341   4.929   -65.92739    0.00000    0.00000    4341       1
    4342   4.942   -65.92737    0.00000    0.00000    4342       3
    4343   4.948   -65.92736    0.00000    0.00000    4343       1
    4344   4.948   -65.92736    0.00000    0.00000    4344       1
    4345   4.948   -65.92736    0.00000    0.00000    4345       1
    4346   4.949   -65.92736    0.00000    0.00000    4346       1
    4347   4.949   -65.92736    0.00000    0.00000    4347       2
    4348   4.949   -65.92736    0.00000    0.00000    4348       2
    4349   4.948   -65.92736    0.00000    0.00000    4349       4
    4350   4.951   -65.92736    0.00000    0.00000    4350       3
    4351   4.952   -65.92736    0.00000    0.00000    4351       1
    4352   4.951   -65.92736    0.00000    0.00000    4352       4
    4353   4.948   -65.92736    0.00000    0.00000    4353       1
    4354   4.955   -65.92735    0.00000    0.00000    4354       1
    4355   4.950   -65.92736    0.00000    0.00000    4355       1
    4356   4.952   -65.92736    0.00000    0.00000    4356       3
    4357   4.916   -65.92742    0.00000    0.00000    4357       1
    4358   4.956   -65.92735    0.00000    0.00000    4358       2
    4359   4.956   -65.92735    0.00000    0.00000    4359       1
    4360   4.959   -65.92735    0.00000    0.00000    4360       5
    4361   4.962   -65.92734    0.00000    0.00000    4361       1
    4362   4.963   -65.92734    0.00000    0.00000    4362       1
    4363   4.959   -65.92735    0.00000    0.00000    4363       5
    4364   4.960   -65.92734    0.00000    0.00000    4364       2
    4365   4.964   -65.92734    0.00000    0.00000    4365       2
    4366   4.965   -65.92734    0.00000    0.00000    4366       3
    4367   4.966   -65.92733    0.00000    0.00000    4367       3
    4368   4.966   -65.92734    0.00000    0.00000    4368       3
    4369   4.969   -65.92733    0.00000    0.00000    4369       1
    4370   4.943   -65.92737    0.00000    0.00000    4370       3
    4371   4.968   -65.92733    0.00000    0.00000    4371       1
    4372   4.969   -65.92733    0.00000    0.00000    4372       1
    4373   4.969   -65.92733    0.00000    0.00000    4373       4
    4374   4.970   -65.92733    0.00000    0.00000    4374       2
    4375   4.972   -65.92733    0.00000    0.00000    4375       5
    4376   4.972   -65.92733    0.00000    0.00000    4376       1
    4377   4.972   -65.92733    0.00000    0.00000    4377       1
    4378   4.971   -65.92733    0.00000    0.00000    4378       5
    4379   4.972   -65.92733    0.00000    0.00000    4379       4
    4380   4.970   -65.92733    0.00000    0.00000    4380       1
    4381   4.973   -65.92733    0.00000    0.00000    4381       5
    4382   4.971   -65.92733    0.00000    0.00000    4382       1
    4383   4.974   -65.92732    0.00000    0.00000    4383       4
    4384   4.969   -65.92733    0.00000    0.00000    4384       1
    4385   4.976   -65.92732    0.00000    0.00000    4385      12
    4386   4.976   -65.92732    0.00000    0.00000    4386       1
    4387   4.976   -65.92732    0.00000    0.00000    4387       1
    4388   4.976   -65.92732    0.00000    0.00000    4388       2
    4389   4.976   -65.92732    0.00000    0.00000    4389       1
    4390   4.976   -65.92732    0.00000    0.00000    4390       2
    4391   4.976   -65.92732    0.00000    0.00000    4391      10
    4392   4.981   -65.92731    0.00000    0.00000    4392       1
    4393   4.981   -65.92731    0.00000    0.00000    4393       5
    4394   4.984   -65.92731    0.00000    0.00000    4394       1
    4395   4.984   -65.92731    0.00000    0.00000    4395       1
    4396   4.971   -65.92733    0.00000    0.00000    4396       1
    4397   4.985   -65.92731    0.00000    0.00000    4397       2
    4398   4.985   -65.92731    0.00000    0.00000    4398       2
    4399   4.986   -65.92730    0.00000    0.00000    4399       1
    4400   4.986   -65.92730    0.00000    0.00000    4400       1
    4401   4.987   -65.92730    0.00000    0.00000    4401       2
    4402   4.988   -65.92730    0.00000    0.00000    4402       1
    4403   4.988   -65.92730    0.00000    0.00000    4403       1
    4404   4.988   -65.92730    0.00000    0.00000    4404       1
    4405   4.985   -65.92731    0.00000    0.00000    4405       2
    4406   4.991   -65.92730    0.00000    0.00000    4406       1
    4407   4.991   -65.92730    0.00000    0.00000    4407       4
    4408   4.991   -65.92730    0.00000    0.00000    4408       1
    4409   4.992   -65.92729    0.00000    0.00000    4409       1
    4410   4.975   -65.92732    0.00000    0.00000    4410       1
    4411   4.992   -65.92729    0.00000    0.00000    4411       2
    4412   4.993   -65.92729    0.00000    0.00000    4412       1
    4413   4.993   -65.92729    0.00000    0.00000    4413       1
    4414   4.993   -65.92729    0.00000    0.00000    4414       9
    4415   4.994   -65.92729    0.00000    0.00000    4415       1
    4416   4.994   -65.92729    0.00000    0.00000    4416       1
    4417   4.994   -65.92729    0.00000    0.00000    4417       1
    4418   4.995   -65.92729    0.00000    0.00000    4418       8
    4419   4.998   -65.92729    0.00000    0.00000    4419       7
    4420   4.981   -65.92731    0.00000    0.00000    4420       2
    4421   5.001   -65.92728    0.00000    0.00000    4421       1
    4422   5.001   -65.92728    0.00000    0.00000    4422       2
    4423   5.002   -65.92728    0.00000    0.00000    4423       1
    4424   5.001   -65.92728    0.00000    0.00000    4424       3
    4425   5.002   -65.92728    0.00000    0.00000    4425       4
    4426   5.005   -65.92727    0.00000    0.00000    4426       1
    4427   5.001   -65.92728    0.00000    0.00000    4427       7
    4428   5.006   -65.92727    0.00000    0.00000    4428       1
    4429   5.002   -65.92728    0.00000    0.00000    4429       1
    4430   5.002   -65.92728    0.00000    0.00000    4430      12
    4431   5.015   -65.92726    0.00000    0.00000    4431       2
    4432   5.015   -65.92726    0.00000    0.00000    4432       1
    4433   5.016   -65.92726    0.00000    0.00000    4433       8
    4434   5.018   -65.92725    0.00000    0.00000    4434       1
    4435   5.018   -65.92725    0.00000    0.00000    4435       1
    4436   5.017   -65.92725    0.00000    0.00000    4436       2
    4437   5.015   -65.92726    0.00000    0.00000    4437       1
    4438   5.017   -65.92725    0.00000    0.00000    4438       1
    4439   5.019   -65.92725    0.00000    0.00000    4439       1
    4440   5.019   -65.92725    0.00000    0.00000    4440       1
    4441   5.019   -65.92725    0.00000    0.00000    4441       1
    4442   5.019   -65.92725    0.00000    0.00000    4442       1
    4443   5.006   -65.92727    0.00000    0.00000    4443       2
    4444   5.006   -65.92727    0.00000    0.00000    4444       2
    4445   5.019   -65.92725    0.00000    0.00000    4445       2
    4446   5.019   -65.92725    0.00000    0.00000    4446       2
    4447   5.021   -65.92725    0.00000    0.00000    4447       1
    4448   5.021   -65.92725    0.00000    0.00000    4448       3
    4449   5.022   -65.92725    0.00000    0.00000    4449       4
    4450   5.022   -65.92725    0.00000    0.00000    4450       1
    4451   5.023   -65.92725    0.00000    0.00000    4451       1
    4452   4.991   -65.92730    0.00000    0.00000    4452       3
    4453   5.023   -65.92724    0.00000    0.00000    4453       2
    4454   5.023   -65.92724    0.00000    0.00000    4454       1
    4455   5.025   -65.92724    0.00000    0.00000    4455       1
    4456   5.025   -65.92724    0.00000    0.00000    4456      12
    4457   5.027   -65.92724    0.00000    0.00000    4457       5
    4458   5.028   -65.92724    0.00000    0.00000    4458       1
    4459   5.027   -65.92724    0.00000    0.00000    4459       1
    4460   5.028   -65.92724    0.00000    0.00000    4460       2
    4461   5.028   -65.92724    0.00000    0.00000    4461      12
    4462   5.029   -65.92723    0.00000    0.00000    4462       1
    4463   5.031   -65.92723    0.00000    0.00000    4463       1
    4464   5.028   -65.92724    0.00000    0.00000    4464       2
    4465   5.031   -65.92723    0.00000    0.00000    4465       2
    4466   5.029   -65.92723    0.00000    0.00000    4466       1
    4467   5.032   -65.92723    0.00000    0.00000    4467       8
    4468   5.038   -65.92722    0.00000    0.00001    4468      30
    4469   5.047   -65.92721    0.00000    0.00000    4469       1
    4470   5.047   -65.92721    0.00000    0.00000    4470       1
    4471   5.048   -65.92721    0.00000    0.00000    4471       1
    4472   5.048   -65.92721    0.00000    0.00000    4472       5
    4473   5.049   -65.92720    0.00000    0.00000    4473       1
    4474   5.048   -65.92720    0.00000    0.00000    4474       1
    4475   5.007   -65.92727    0.00000    0.00000    4475       4
    4476   5.041   -65.92722    0.00000    0.00000    4476       8
    4477   5.049   -65.92720    0.00000    0.00000    4477       1
    4478   5.054   -65.92720    0.00000    0.00000    4478       1
    4479   5.054   -65.92720    0.00000    0.00000    4479       1
    4480   5.052   -65.92720    0.00000    0.00000    4480       1
    4481   5.054   -65.92720    0.00000    0.00000    4481      10
    4482   5.059   -65.92719    0.00000    0.00000    4482       1
    4483   5.059   -65.92719    0.00000    0.00000    4483       1
    4484   5.050   -65.92720    0.00000    0.00000    4484       4
    4485   5.059   -65.92719    0.00000    0.00000    4485       2
    4486   5.060   -65.92719    0.00000    0.00000    4486       3
    4487   5.060   -65.92719    0.00000    0.00000    4487       1
    4488   5.051   -65.92720    0.00000    0.00000    4488       1
    4489   5.061   -65.92718    0.00000    0.00000    4489       1
    4490   5.058   -65.92719    0.00000    0.00000    4490       4
    4491   5.062   -65.92718    0.00000    0.00000    4491       1
    4492   5.062   -65.92718    0.00000    0.00000    4492       1
    4493   5.062   -65.92718    0.00000    0.00000    4493       2
    4494   5.063   -65.92718    0.00000    0.00000    4494       1
    4495   5.057   -65.92719    0.00000    0.00000    4495       2
    4496   5.064   -65.92718    0.00000    0.00000    4496       2
    4497   5.051   -65.92720    0.00000    0.00000    4497       3
    4498   5.062   -65.92718    0.00000    0.00000    4498       1
    4499   5.062   -65.92718    0.00000    0.00000    4499       1
    4500   5.032   -65.92723    0.00000    0.00000    4500       3
    4501   5.033   -65.92723    0.00000    0.00000    4501       1
    4502   5.033   -65.92723    0.00000    0.00000    4502       5
    4503   5.035   -65.92723    0.00000    0.00000    4503       2
    4504   5.064   -65.92718    0.00000    0.00000    4504       1
    4505   5.035   -65.92723    0.00000    0.00000    4505       1
    4506   5.035   -65.92723    0.00000    0.00000    4506       5
    4507   5.043   -65.92721    0.00000    0.00000    4507       1
    4508   5.036   -65.92722    0.00000    0.00000    4508       5
    4509   5.066   -65.92718    0.00000    0.00000    4509       1
    4510   5.066   -65.92718    0.00000    0.00000    4510       1
    4511   5.066   -65.92718    0.00000    0.00000    4511       1
    4512   5.067   -65.92717    0.00000    0.00000    4512       2
    4513   5.069   -65.92717    0.00000    0.00000    4513       2
    4514   5.019   -65.92725    0.00000    0.00000    4514       1
    4515   5.067   -65.92717    0.00000    0.00000    4515       2
    4516   5.061   -65.92718    0.00000    0.00000    4516       3
    4517   5.069   -65.92717    0.00000    0.00000    4517       2
    4518   5.067   -65.92717    0.00000    0.00000    4518       3
    4519   5.072   -65.92717    0.00000    0.00000    4519       2
    4520   5.073   -65.92717    0.00000    0.00000    4520       9
    4521   5.061   -65.92718    0.00000    0.00000    4521       2
    4522   5.073   -65.92716    0.00000    0.00000    4522       2
    4523   5.074   -65.92716    0.00000    0.00000    4523       1
    4524   5.074   -65.92716    0.00000    0.00000    4524       3
    4525   5.069   -65.92717    0.00000    0.00000    4525       1
    4526   5.079   -65.92716    0.00000    0.00000    4526       2
    4527   5.079   -65.92716    0.00000    0.00000    4527       1
    4528   5.079   -65.92716    0.00000    0.00000    4528       1
    4529   5.045   -65.92721    0.00000    0.00000    4529       1
    4530   5.068   -65.92717    0.00000    0.00001    4530      20
    4531   5.082   -65.92715    0.00000    0.00000    4531       1
    4532   5.082   -65.92715    0.00000    0.00000    4532       1
    4533   5.083   -65.92715    0.00000    0.00000    4533       1
    4534   5.083   -65.92715    0.00000    0.00000    4534       3
    4535   5.084   -65.92715    0.00000    0.00000    4535       2
    4536   5.082   -65.92715    0.00000    0.00000    4536       4
    4537   5.087   -65.92714    0.00000    0.00000    4537       1
    4538   5.087   -65.92714    0.00000    0.00000    4538       1
    4539   5.082   -65.92715    0.00000    0.00000    4539       4
    4540   5.087   -65.92714    0.00000    0.00000    4540       2
    4541   5.075   -65.92716    0.00000    0.00000    4541       7
    4542   5.075   -65.92716    0.00000    0.00000    4542       1
    4543   5.094   -65.92713    0.00000    0.00000    4543       1
    4544   5.076   -65.92716    0.00000    0.00000    4544      11
    4545   5.067   -65.92718    0.00000    0.00000    4545       1
    4546   5.095   -65.92713    0.00000    0.00000    4546       1
    4547   5.069   -65.92717    0.00000    0.00000    4547       1
    4548   5.077   -65.92716    0.00000    0.00000    4548       1
    4549   5.095   -65.92713    0.00000    0.00000    4549       1
    4550   5.096   -65.92713    0.00000    0.00000    4550       2
    4551   5.080   -65.92715    0.00000    0.00000    4551       1
    4552   5.095   -65.92713    0.00000    0.00000    4552      15
    4553   5.099   -65.92712    0.00000    0.00000    4553      13
    4554   5.091   -65.92714    0.00000    0.00000    4554       1
    4555   5.100   -65.92712    0.00000    0.00000    4555       1
    4556   5.101   -65.92712    0.00000    0.00000    4556       3
    4557   5.099   -65.92712    0.00000    0.00000    4557       1
    4558   5.101   -65.92712    0.00000    0.00000    4558       2
    4559   5.102   -65.92712    0.00000    0.00000    4559       4
    4560   5.102   -65.92712    0.00000    0.00000    4560       2
    4561   5.102   -65.92712    0.00000    0.00000    4561       1
    4562   5.088   -65.92714    0.00000    0.00000    4562       3
    4563   5.103   -65.92712    0.00000    0.00000    4563       1
    4564   5.102   -65.92712    0.00000    0.00000    4564       1
    4565   5.103   -65.92712    0.00000    0.00000    4565       1
    4566   5.103   -65.92712    0.00000    0.00000    4566       2
    4567   5.105   -65.92711    0.00000    0.00000    4567       1
    4568   5.103   -65.92712    0.00000    0.00000    4568       4
    4569   5.105   -65.92711    0.00000    0.00000    4569       4
    4570   5.105   -65.92711    0.00000    0.00000    4570       1
    4571   5.107   -65.92711    0.00000    0.00000    4571       1
    4572   5.102   -65.92712    0.00000    0.00000    4572       1
    4573   5.107   -65.92711    0.00000    0.00000    4573       2
    4574   5.105   -65.92711    0.00000    0.00000    4574       2
    4575   5.092   -65.92714    0.00000    0.00000    4575       1
    4576   5.099   -65.92712    0.00000    0.00000    4576       1
    4577   5.110   -65.92711    0.00000    0.00000    4577       1
    4578   5.110   -65.92711    0.00000    0.00000    4578       2
    4579   5.110   -65.92711    0.00000    0.00000    4579       9
    4580   5.108   -65.92711    0.00000    0.00000    4580       5
    4581   5.111   -65.92710    0.00000    0.00000    4581       9
    4582   5.113   -65.92710    0.00000    0.00000    4582       1
    4583   5.105   -65.92711    0.00000    0.00000    4583       1
    4584   5.088   -65.92714    0.00000    0.00000    4584       2
    4585   5.113   -65.92710    0.00000    0.00000    4585       1
    4586   5.080   -65.92715    0.00000    0.00000    4586       1
    4587   5.113   -65.92710    0.00000    0.00000    4587       3
    4588   5.089   -65.92714    0.00000    0.00000    4588       1
    4589   5.116   -65.92710    0.00000    0.00000    4589       1
    4590   5.113   -65.92710    0.00000    0.00000    4590       2
    4591   5.116   -65.92710    0.00000    0.00000    4591       1
    4592   5.113   -65.92710    0.00000    0.00000    4592       1
    4593   5.113   -65.92710    0.00000    0.00000    4593       1
    4594   5.113   -65.92710    0.00000    0.00000    4594       1
    4595   5.113   -65.92710    0.00000    0.00000    4595       1
    4596   5.114   -65.92710    0.00000    0.00000    4596       1
    4597   5.114   -65.92710    0.00000    0.00000    4597       1
    4598   5.116   -65.92710    0.00000    0.00000    4598       2
    4599   5.117   -65.92709    0.00000    0.00000    4599      12
    4600   5.116   -65.92710    0.00000    0.00000    4600       1
    4601   5.112   -65.92710    0.00000    0.00000    4601       1
    4602   5.089   -65.92714    0.00000    0.00000    4602       2
    4603   5.119   -65.92709    0.00000    0.00000    4603       3
    4604   5.120   -65.92709    0.00000    0.00000    4604       1
    4605   5.120   -65.92709    0.00000    0.00000    4605       4
    4606   5.121   -65.92709    0.00000    0.00000    4606       1
    4607   5.121   -65.92709    0.00000    0.00000    4607       7
    4608   5.094   -65.92713    0.00000    0.00000    4608       1
    4609   5.122   -65.92709    0.00000    0.00000    4609       2
    4610   5.122   -65.92709    0.00000    0.00000    4610       3
    4611   5.118   -65.92709    0.00000    0.00000    4611       3
    4612   5.123   -65.92709    0.00000    0.00000    4612       1
    4613   5.124   -65.92708    0.00000    0.00000    4613       1
    4614   5.123   -65.92709    0.00000    0.00000    4614       1
    4615   5.123   -65.92709    0.00000    0.00000    4615       2
    4616   5.091   -65.92714    0.00000    0.00000    4616       3
    4617   5.125   -65.92708    0.00000    0.00000    4617       1
    4618   5.125   -65.92708    0.00000    0.00000    4618       1
    4619   5.126   -65.92708    0.00000    0.00000    4619       2
    4620   5.128   -65.92708    0.00000    0.00000    4620       1
    4621   5.128   -65.92708    0.00000    0.00000    4621       1
    4622   5.128   -65.92708    0.00000    0.00000    4622       6
    4623   5.130   -65.92707    0.00000    0.00000    4623       3
    4624   5.118   -65.92709    0.00000    0.00000    4624       3
    4625   5.126   -65.92708    0.00000    0.00000    4625       2
    4626   5.129   -65.92708    0.00000    0.00000    4626       2
    4627   5.131   -65.92707    0.00000    0.00000    4627       3
    4628   5.131   -65.92707    0.00000    0.00000    4628       4
    4629   5.132   -65.92707    0.00000    0.00000    4629       1
    4630   5.132   -65.92707    0.00000    0.00000    4630       1
    4631   5.127   -65.92708    0.00000    0.00000    4631       4
    4632   5.130   -65.92707    0.00000    0.00000    4632       3
    4633   5.132   -65.92707    0.00000    0.00000    4633       3
    4634   5.133   -65.92707    0.00000    0.00000    4634       2
    4635   5.133   -65.92707    0.00000    0.00000    4635       6
    4636   5.131   -65.92707    0.00000    0.00000    4636       2
    4637   5.133   -65.92707    0.00000    0.00000    4637       1
    4638   5.125   -65.92708    0.00000    0.00000    4638      11
    4639   5.135   -65.92707    0.00000    0.00000    4639       7
    4640   5.136   -65.92706    0.00000    0.00000    4640       1
    4641   5.137   -65.92706    0.00000    0.00000    4641       3
    4642   5.141   -65.92706    0.00000    0.00000    4642       1
    4643   5.142   -65.92706    0.00000    0.00000    4643       1
    4644   5.144   -65.92705    0.00000    0.00000    4644       1
    4645   5.145   -65.92705    0.00000    0.00000    4645       1
    4646   5.139   -65.92706    0.00000    0.00000    4646       1
    4647   5.146   -65.92705    0.00000    0.00000    4647       4
    4648   5.146   -65.92705    0.00000    0.00000    4648       2
    4649   5.148   -65.92705    0.00000    0.00000    4649       1
    4650   5.148   -65.92705    0.00000    0.00000    4650       1
    4651   5.124   -65.92708    0.00000    0.00000    4651       1
    4652   5.150   -65.92704    0.00000    0.00000    4652       1
    4653   5.150   -65.92704    0.00000    0.00000    4653       1
    4654   5.147   -65.92705    0.00000    0.00000    4654       1
    4655   5.136   -65.92706    0.00000    0.00000    4655       1
    4656   5.131   -65.92707    0.00000    0.00000    4656       2
    4657   5.150   -65.92704    0.00000    0.00000    4657       1
    4658   5.151   -65.92704    0.00000    0.00000    4658       1
    4659   5.151   -65.92704    0.00000    0.00000    4659       1
    4660   5.150   -65.92704    0.00000    0.00000    4660       1
    4661   5.152   -65.92704    0.00000    0.00000    4661       1
    4662   5.152   -65.92704    0.00000    0.00000    4662       2
    4663   5.152   -65.92704    0.00000    0.00000    4663       1
    4664   5.153   -65.92704    0.00000    0.00000    4664       1
    4665   5.129   -65.92708    0.00000    0.00000    4665       1
    4666   5.154   -65.92704    0.00000    0.00000    4666       1
    4667   5.135   -65.92707    0.00000    0.00000    4667       5
    4668   5.155   -65.92703    0.00000    0.00000    4668       1
    4669   5.156   -65.92703    0.00000    0.00000    4669       1
    4670   5.159   -65.92703    0.00000    0.00000    4670       1
    4671   5.160   -65.92703    0.00000    0.00000    4671       2
    4672   5.160   -65.92703    0.00000    0.00000    4672       8
    4673   5.163   -65.92702    0.00000    0.00000    4673       4
    4674   5.155   -65.92703    0.00000    0.00000    4674       1
    4675   5.165   -65.92702    0.00000    0.00000    4675       1
    4676   5.155   -65.92704    0.00000    0.00000    4676       2
    4677   5.165   -65.92702    0.00000    0.00000    4677       1
    4678   5.166   -65.92702    0.00000    0.00000    4678       1
    4679   5.166   -65.92702    0.00000    0.00000    4679       1
    4680   5.166   -65.92702    0.00000    0.00000    4680       1
    4681   5.157   -65.92703    0.00000    0.00000    4681       1
    4682   5.167   -65.92702    0.00000    0.00000    4682       2
    4683   5.167   -65.92702    0.00000    0.00000    4683       4
    4684   5.169   -65.92701    0.00000    0.00000    4684       1
    4685   5.169   -65.92701    0.00000    0.00000    4685       1
    4686   5.169   -65.92701    0.00000    0.00000    4686      12
    4687   5.169   -65.92701    0.00000    0.00000    4687       1
    4688   5.172   -65.92701    0.00000    0.00000    4688      11
    4689   5.175   -65.92700    0.00000    0.00000    4689       1
    4690   5.159   -65.92703    0.00000    0.00000    4690       1
    4691   5.173   -65.92701    0.00000    0.00000    4691       8
    4692   5.176   -65.92700    0.00000    0.00000    4692       1
    4693   5.176   -65.92700    0.00000    0.00000    4693       1
    4694   5.180   -65.92699    0.00000    0.00000    4694       1
    4695   5.177   -65.92700    0.00000    0.00000    4695       1
    4696   5.177   -65.92700    0.00000    0.00000    4696       1
    4697   5.179   -65.92700    0.00000    0.00000    4697       1
    4698   5.179   -65.92700    0.00000    0.00000    4698       8
    4699   5.182   -65.92699    0.00000    0.00000    4699       3
    4700   5.185   -65.92699    0.00000    0.00000    4700       1
    4701   5.173   -65.92701    0.00000    0.00000    4701       6
    4702   5.186   -65.92699    0.00000    0.00000    4702       1
    4703   5.182   -65.92699    0.00000    0.00000    4703       1
    4704   5.186   -65.92699    0.00000    0.00000    4704       1
    4705   5.181   -65.92699    0.00000    0.00000    4705       1
    4706   5.186   -65.92699    0.00000    0.00000    4706       1
    4707   5.186   -65.92698    0.00000    0.00000    4707       1
    4708   5.187   -65.92698    0.00000    0.00000    4708       1
    4709   5.187   -65.92698    0.00000    0.00000    4709       1
    4710   5.187   -65.92698    0.00000    0.00000    4710       1
    4711   5.187   -65.92698    0.00000    0.00000    4711      10
    4712   5.188   -65.92698    0.00000    0.00000    4712       1
    4713   5.188   -65.92698    0.00000    0.00000    4713       5
    4714   5.193   -65.92697    0.00000    0.00000    4714       1
    4715   5.187   -65.92698    0.00000    0.00000    4715       1
    4716   5.195   -65.92697    0.00000    0.00000    4716       1
    4717   5.195   -65.92697    0.00000    0.00000    4717       2
    4718   5.195   -65.92697    0.00000    0.00000    4718       1
    4719   5.196   -65.92697    0.00000    0.00000    4719       3
    4720   5.197   -65.92697    0.00000    0.00000    4720       2
    4721   5.197   -65.92697    0.00000    0.00000    4721       8
    4722   5.197   -65.92697    0.00000    0.00000    4722       1
    4723   5.199   -65.92696    0.00000    0.00000    4723       6
    4724   5.202   -65.92696    0.00000    0.00000    4724       1
    4725   5.200   -65.92696    0.00000    0.00000    4725      10
    4726   5.204   -65.92696    0.00000    0.00000    4726       1
    4727   5.201   -65.92696    0.00000    0.00000    4727       1
    4728   5.202   -65.92696    0.00000    0.00000    4728       1
    4729   5.205   -65.92696    0.00000    0.00000    4729       3
    4730   5.203   -65.92696    0.00000    0.00000    4730       7
    4731   5.207   -65.92695    0.00000    0.00000    4731       4
    4732   5.209   -65.92695    0.00000    0.00000    4732       5
    4733   5.210   -65.92695    0.00000    0.00000    4733       1
    4734   5.208   -65.92695    0.00000    0.00000    4734       1
    4735   5.210   -65.92695    0.00000    0.00000    4735       1
    4736   5.211   -65.92695    0.00000    0.00000    4736       1
    4737   5.204   -65.92696    0.00000    0.00000    4737       7
    4738   5.215   -65.92694    0.00000    0.00000    4738       2
    4739   5.174   -65.92700    0.00000    0.00000    4739       5
    4740   5.216   -65.92694    0.00000    0.00000    4740       1
    4741   5.205   -65.92695    0.00000    0.00000    4741       2
    4742   5.216   -65.92694    0.00000    0.00000    4742       1
    4743   5.215   -65.92694    0.00000    0.00000    4743       2
    4744   5.195   -65.92697    0.00000    0.00000    4744       1
    4745   5.204   -65.92696    0.00000    0.00000    4745       1
    4746   5.204   -65.92696    0.00000    0.00000    4746       1
    4747   5.217   -65.92694    0.00000    0.00000    4747       1
    4748   5.218   -65.92693    0.00000    0.00000    4748       1
    4749   5.218   -65.92693    0.00000    0.00000    4749       1
    4750   5.218   -65.92693    0.00000    0.00000    4750       2
    4751   5.219   -65.92693    0.00000    0.00000    4751       1
    4752   5.220   -65.92693    0.00000    0.00000    4752       3
    4753   5.224   -65.92692    0.00000    0.00000    4753       1
    4754   5.223   -65.92693    0.00000    0.00000    4754       2
    4755   5.201   -65.92696    0.00000    0.00000    4755       1
    4756   5.225   -65.92692    0.00000    0.00000    4756       1
    4757   5.205   -65.92695    0.00000    0.00000    4757       6
    4758   5.228   -65.92692    0.00000    0.00000    4758       2
    4759   5.229   -65.92692    0.00000    0.00000    4759       2
    4760   5.219   -65.92693    0.00000    0.00000    4760       1
    4761   5.229   -65.92692    0.00000    0.00000    4761       2
    4762   5.230   -65.92692    0.00000    0.00000    4762       1
    4763   5.230   -65.92692    0.00000    0.00000    4763       1
    4764   5.232   -65.92691    0.00000    0.00000    4764       2
    4765   5.232   -65.92691    0.00000    0.00000    4765       1
    4766   5.233   -65.92691    0.00000    0.00000    4766      18
    4767   5.234   -65.92691    0.00000    0.00000    4767       1
    4768   5.235   -65.92691    0.00000    0.00000    4768       1
    4769   5.235   -65.92691    0.00000    0.00000    4769       1
    4770   5.235   -65.92691    0.00000    0.00000    4770       2
    4771   5.236   -65.92691    0.00000    0.00000    4771       9
    4772   5.237   -65.92690    0.00000    0.00000    4772       1
    4773   5.238   -65.92690    0.00000    0.00000    4773       1
    4774   5.238   -65.92690    0.00000    0.00000    4774       1
    4775   5.229   -65.92692    0.00000    0.00000    4775       1
    4776   5.238   -65.92690    0.00000    0.00000    4776       1
    4777   5.238   -65.92690    0.00000    0.00000    4777       2
    4778   5.238   -65.92690    0.00000    0.00000    4778       1
    4779   5.241   -65.92690    0.00000    0.00000    4779       1
    4780   5.241   -65.92690    0.00000    0.00000    4780       1
    4781   5.238   -65.92690    0.00000    0.00000    4781       2
    4782   5.239   -65.92690    0.00000    0.00000    4782      10
    4783   5.230   -65.92691    0.00000    0.00000    4783       1
    4784   5.245   -65.92689    0.00000    0.00000    4784       1
    4785   5.246   -65.92689    0.00000    0.00000    4785       2
    4786   5.246   -65.92689    0.00000    0.00000    4786       1
    4787   5.246   -65.92689    0.00000    0.00000    4787       1
    4788   5.247   -65.92689    0.00000    0.00000    4788       2
    4789   5.247   -65.92689    0.00000    0.00000    4789       3
    4790   5.248   -65.92689    0.00000    0.00000    4790       2
    4791   5.249   -65.92688    0.00000    0.00000    4791       1
    4792   5.238   -65.92690    0.00000    0.00000    4792       2
    4793   5.231   -65.92691    0.00000    0.00000    4793       1
    4794   5.250   -65.92688    0.00000    0.00000    4794       1
    4795   5.250   -65.92688    0.00000    0.00000    4795       1
    4796   5.251   -65.92688    0.00000    0.00000    4796       1
    4797   5.231   -65.92691    0.00000    0.00000    4797       2
    4798   5.252   -65.92688    0.00000    0.00000    4798       1
    4799   5.253   -65.92688    0.00000    0.00000    4799       2
    4800   5.251   -65.92688    0.00000    0.00000    4800       1
    4801   5.253   -65.92688    0.00000    0.00000    4801       1
    4802   5.254   -65.92688    0.00000    0.00000    4802       1
    4803   5.257   -65.92687    0.00000    0.00000    4803       2
    4804   5.255   -65.92687    0.00000    0.00000    4804       3
    4805   5.257   -65.92687    0.00000    0.00000    4805       1
    4806   5.258   -65.92687    0.00000    0.00000    4806       1
    4807   5.258   -65.92687    0.00000    0.00000    4807       1
    4808   5.259   -65.92687    0.00000    0.00000    4808       3
    4809   5.259   -65.92687    0.00000    0.00000    4809       1
    4810   5.250   -65.92688    0.00000    0.00000    4810       1
    4811   5.260   -65.92687    0.00000    0.00000    4811       1
    4812   5.260   -65.92687    0.00000    0.00000    4812       1
    4813   5.253   -65.92688    0.00000    0.00000    4813       1
    4814   5.263   -65.92686    0.00000    0.00000    4814       1
    4815   5.264   -65.92686    0.00000    0.00000    4815       1
    4816   5.258   -65.92687    0.00000    0.00000    4816       1
    4817   5.264   -65.92686    0.00000    0.00000    4817       2
    4818   5.266   -65.92686    0.00000    0.00000    4818       1
    4819   5.266   -65.92686    0.00000    0.00000    4819       1
    4820   5.267   -65.92686    0.00000    0.00000    4820       1
    4821   5.267   -65.92686    0.00000    0.00000    4821       1
    4822   5.268   -65.92685    0.00000    0.00000    4822       1
    4823   5.231   -65.92691    0.00000    0.00000    4823       1
    4824   5.269   -65.92685    0.00000    0.00000    4824       1
    4825   5.270   -65.92685    0.00000    0.00000    4825       1
    4826   5.270   -65.92685    0.00000    0.00000    4826       1
    4827   5.272   -65.92685    0.00000    0.00000    4827       1
    4828   5.273   -65.92685    0.00000    0.00000    4828       1
    4829   5.274   -65.92685    0.00000    0.00000    4829       1
    4830   5.275   -65.92684    0.00000    0.00000    4830       2
    4831   5.276   -65.92684    0.00000    0.00000    4831       1
    4832   5.276   -65.92684    0.00000    0.00000    4832       1
    4833   5.276   -65.92684    0.00000    0.00000    4833       1
    4834   5.277   -65.92684    0.00000    0.00000    4834       1
    4835   5.277   -65.92684    0.00000    0.00000    4835       1
    4836   5.278   -65.92684    0.00000    0.00000    4836       1
    4837   5.280   -65.92683    0.00000    0.00000    4837       1
    4838   5.280   -65.92683    0.00000    0.00000    4838       1
    4839   5.275   -65.92684    0.00000    0.00000    4839      13
    4840   5.283   -65.92683    0.00000    0.00000    4840       1
    4841   5.282   -65.92683    0.00000    0.00000    4841       2
    4842   5.287   -65.92682    0.00000    0.00000    4842       8
    4843   5.287   -65.92682    0.00000    0.00000    4843       2
    4844   5.290   -65.92682    0.00000    0.00000    4844       1
    4845   5.290   -65.92682    0.00000    0.00000    4845       4
    4846   5.293   -65.92681    0.00000    0.00000    4846       8
    4847   5.294   -65.92681    0.00000    0.00000    4847       5
    4848   5.300   -65.92680    0.00000    0.00000    4848       2
    4849   5.295   -65.92681    0.00000    0.00000    4849       6
    4850   5.292   -65.92682    0.00000    0.00000    4850       1
    4851   5.301   -65.92680    0.00000    0.00000    4851       2
    4852   5.301   -65.92680    0.00000    0.00000    4852       1
    4853   5.301   -65.92680    0.00000    0.00000    4853       1
    4854   5.302   -65.92680    0.00000    0.00000    4854       1
    4855   5.302   -65.92680    0.00000    0.00000    4855       1
    4856   5.302   -65.92680    0.00000    0.00000    4856       1
    4857   5.303   -65.92680    0.00000    0.00000    4857       2
    4858   5.306   -65.92679    0.00000    0.00000    4858      10
    4859   5.308   -65.92679    0.00000    0.00000    4859       1
    4860   5.297   -65.92681    0.00000    0.00000    4860       1
    4861   5.313   -65.92678    0.00000    0.00000    4861       1
    4862   5.308   -65.92679    0.00000    0.00000    4862       2
    4863   5.313   -65.92678    0.00000    0.00000    4863      10
    4864   5.315   -65.92678    0.00000    0.00000    4864       2
    4865   5.316   -65.92678    0.00000    0.00000    4865       2
    4866   5.317   -65.92678    0.00000    0.00000    4866       1
    4867   5.319   -65.92677    0.00000    0.00000    4867       1
    4868   5.315   -65.92678    0.00000    0.00000    4868       6
    4869   5.317   -65.92678    0.00000    0.00000    4869       2
    4870   5.318   -65.92678    0.00000    0.00000    4870       1
    4871   5.319   -65.92677    0.00000    0.00000    4871       2
    4872   5.319   -65.92677    0.00000    0.00000    4872       2
    4873   5.322   -65.92677    0.00000    0.00000    4873      10
    4874   5.309   -65.92679    0.00000    0.00000    4874       1
    4875   5.322   -65.92677    0.00000    0.00000    4875       5
    4876   5.304   -65.92680    0.00000    0.00000    4876       2
    4877   5.310   -65.92679    0.00000    0.00000    4877       8
    4878   5.330   -65.92676    0.00000    0.00000    4878       3
    4879   5.333   -65.92675    0.00000    0.00000    4879       1
    4880   5.331   -65.92675    0.00000    0.00000    4880       1
    4881   5.333   -65.92675    0.00000    0.00000    4881       1
    4882   5.311   -65.92679    0.00000    0.00000    4882       1
    4883   5.331   -65.92675    0.00000    0.00000    4883       3
    4884   5.333   -65.92675    0.00000    0.00000    4884       3
    4885   5.297   -65.92681    0.00000    0.00000    4885       1
    4886   5.334   -65.92675    0.00000    0.00000    4886       1
    4887   5.336   -65.92675    0.00000    0.00000    4887       1
    4888   5.319   -65.92677    0.00000    0.00000    4888       1
    4889   5.311   -65.92679    0.00000    0.00000    4889       1
    4890   5.341   -65.92674    0.00000    0.00000    4890       1
    4891   5.341   -65.92674    0.00000    0.00000    4891       7
    4892   5.346   -65.92673    0.00000    0.00000    4892       1
    4893   5.348   -65.92673    0.00000    0.00000    4893       1
    4894   5.347   -65.92673    0.00000    0.00000    4894       1
    4895   5.349   -65.92673    0.00000    0.00000    4895       6
    4896   5.354   -65.92672    0.00000    0.00000    4896       1
    4897   5.348   -65.92673    0.00000    0.00000    4897       1
    4898   5.355   -65.92672    0.00000    0.00000    4898       1
    4899   5.354   -65.92672    0.00000    0.00000    4899       1
    4900   5.355   -65.92672    0.00000    0.00000    4900       2
    4901   5.355   -65.92672    0.00000    0.00000    4901       1
    4902   5.349   -65.92672    0.00000    0.00000    4902       1
    4903   5.315   -65.92678    0.00000    0.00000    4903       4
    4904   5.357   -65.92671    0.00000    0.00000    4904       2
    4905   5.357   -65.92671    0.00000    0.00000    4905       1
    4906   5.357   -65.92671    0.00000    0.00000    4906       1
    4907   5.358   -65.92671    0.00000    0.00000    4907       1
    4908   5.359   -65.92671    0.00000    0.00000    4908       1
    4909   5.360   -65.92671    0.00000    0.00000    4909      10
    4910   5.364   -65.92670    0.00000    0.00000    4910       1
    4911   5.366   -65.92670    0.00000    0.00000    4911       2
    4912   5.358   -65.92671    0.00000    0.00000    4912       1
    4913   5.367   -65.92670    0.00000    0.00000    4913       1
    4914   5.366   -65.92670    0.00000    0.00000    4914       4
    4915   5.368   -65.92669    0.00000    0.00000    4915       1
    4916   5.359   -65.92671    0.00000    0.00000    4916       1
    4917   5.369   -65.92669    0.00000    0.00000    4917       3
    4918   5.369   -65.92669    0.00000    0.00000    4918       1
    4919   5.369   -65.92669    0.00000    0.00000    4919       1
    4920   5.369   -65.92669    0.00000    0.00000    4920       2
    4921   5.369   -65.92669    0.00000    0.00000    4921       1
    4922   5.369   -65.92669    0.00000    0.00000    4922       3
    4923   5.370   -65.92669    0.00000    0.00000    4923       1
    4924   5.371   -65.92669    0.00000    0.00000    4924       1
    4925   5.371   -65.92669    0.00000    0.00000    4925       2
    4926   5.374   -65.92669    0.00000    0.00000    4926       1
    4927   5.374   -65.92669    0.00000    0.00000    4927       1
    4928   5.367   -65.92670    0.00000    0.00000    4928       2
    4929   5.372   -65.92669    0.00000    0.00000    4929       1
    4930   5.371   -65.92669    0.00000    0.00000    4930       3
    4931   5.369   -65.92669    0.00000    0.00000    4931       4
    4932   5.374   -65.92668    0.00000    0.00000    4932       1
    4933   5.337   -65.92674    0.00000    0.00000    4933       2
    4934   5.375   -65.92668    0.00000    0.00000    4934       7
    4935   5.376   -65.92668    0.00000    0.00000    4935       1
    4936   5.377   -65.92668    0.00000    0.00000    4936       1
    4937   5.378   -65.92668    0.00000    0.00000    4937       1
    4938   5.378   -65.92668    0.00000    0.00000    4938       1
    4939   5.379   -65.92668    0.00000    0.00000    4939       2
    4940   5.379   -65.92668    0.00000    0.00000    4940       1
    4941   5.379   -65.92668    0.00000    0.00000    4941       2
    4942   5.380   -65.92668    0.00000    0.00000    4942       1
    4943   5.380   -65.92668    0.00000    0.00000    4943       1
    4944   5.381   -65.92667    0.00000    0.00000    4944      14
    4945   5.362   -65.92670    0.00000    0.00000    4945       2
    4946   5.383   -65.92667    0.00000    0.00000    4946       1
    4947   5.384   -65.92667    0.00000    0.00000    4947       1
    4948   5.385   -65.92667    0.00000    0.00000    4948       1
    4949   5.386   -65.92667    0.00000    0.00000    4949       1
    4950   5.386   -65.92667    0.00000    0.00000    4950       1
    4951   5.387   -65.92666    0.00000    0.00000    4951       1
    4952   5.388   -65.92666    0.00000    0.00000    4952       1
    4953   5.388   -65.92666    0.00000    0.00000    4953       1
    4954   5.389   -65.92666    0.00000    0.00000    4954       1
    4955   5.392   -65.92666    0.00000    0.00000    4955       2
    4956   5.393   -65.92666    0.00000    0.00000    4956       2
    4957   5.380   -65.92668    0.00000    0.00000    4957       1
    4958   5.380   -65.92668    0.00000    0.00000    4958       1
    4959   5.362   -65.92670    0.00000    0.00000    4959       2
    4960   5.395   -65.92665    0.00000    0.00000    4960       2
    4961   5.396   -65.92665    0.00000    0.00000    4961       1
    4962   5.387   -65.92666    0.00000    0.00000    4962       1
    4963   5.397   -65.92665    0.00000    0.00000    4963       1
    4964   5.398   -65.92665    0.00000    0.00000    4964       2
    4965   5.387   -65.92666    0.00000    0.00000    4965       3
    4966   5.399   -65.92665    0.00000    0.00000    4966       3
    4967   5.399   -65.92665    0.00000    0.00000    4967       1
    4968   5.400   -65.92664    0.00000    0.00000    4968       4
    4969   5.402   -65.92664    0.00000    0.00000    4969       1
    4970   5.395   -65.92665    0.00000    0.00000    4970       1
    4971   5.389   -65.92666    0.00000    0.00000    4971       1
    4972   5.402   -65.92664    0.00000    0.00000    4972       1
    4973   5.405   -65.92664    0.00000    0.00000    4973       1
    4974   5.404   -65.92664    0.00000    0.00000    4974       1
    4975   5.405   -65.92664    0.00000    0.00000    4975       3
    4976   5.409   -65.92663    0.00000    0.00000    4976       1
    4977   5.409   -65.92663    0.00000    0.00000    4977       1
    4978   5.410   -65.92663    0.00000    0.00000    4978       1
    4979   5.411   -65.92663    0.00000    0.00000    4979       1
    4980   5.397   -65.92665    0.00000    0.00000    4980       1
    4981   5.405   -65.92664    0.00000    0.00000    4981       1
    4982   5.411   -65.92663    0.00000    0.00000    4982       1
    4983   5.411   -65.92663    0.00000    0.00000    4983       1
    4984   5.411   -65.92663    0.00000    0.00000    4984       1
    4985   5.411   -65.92663    0.00000    0.00000    4985      19
    4986   5.411   -65.92663    0.00000    0.00000    4986       2
    4987   5.422   -65.92661    0.00000    0.00000    4987       1
    4988   5.423   -65.92661    0.00000    0.00000    4988       1
    4989   5.412   -65.92662    0.00000    0.00000    4989       1
    4990   5.423   -65.92661    0.00000    0.00000    4990       2
    4991   5.424   -65.92661    0.00000    0.00000    4991       6
    4992   5.424   -65.92661    0.00000    0.00000    4992      13
    4993   5.421   -65.92661    0.00000    0.00000    4993       2
    4994   5.431   -65.92659    0.00000    0.00000    4994       3
    4995   5.432   -65.92659    0.00000    0.00000    4995       2
    4996   5.426   -65.92660    0.00000    0.00000    4996       1
    4997   5.432   -65.92659    0.00000    0.00000    4997       1
    4998   5.433   -65.92659    0.00000    0.00000    4998       1
    4999   5.433   -65.92659    0.00000    0.00000    4999       4
    5000   5.433   -65.92659    0.00000    0.00000    5000       1
    5001   5.433   -65.92659    0.00000    0.00000    5001       1
    5002   5.434   -65.92659    0.00000    0.00000    5002       1
    5003   5.440   -65.92658    0.00000    0.00000    5003       8
    5004   5.428   -65.92660    0.00000    0.00000    5004       2
    5005   5.444   -65.92657    0.00000    0.00000    5005       1
    5006   5.439   -65.92658    0.00000    0.00000    5006       1
    5007   5.446   -65.92657    0.00000    0.00000    5007       1
    5008   5.445   -65.92657    0.00000    0.00000    5008       1
    5009   5.446   -65.92657    0.00000    0.00000    5009       1
    5010   5.397   -65.92665    0.00000    0.00000    5010       5
    5011   5.447   -65.92657    0.00000    0.00000    5011       1
    5012   5.450   -65.92656    0.00000    0.00000    5012       2
    5013   5.447   -65.92657    0.00000    0.00000    5013       9
    5014   5.446   -65.92657    0.00000    0.00000    5014       1
    5015   5.449   -65.92657    0.00000    0.00000    5015       1
    5016   5.452   -65.92656    0.00000    0.00000    5016       1
    5017   5.452   -65.92656    0.00000    0.00000    5017       1
    5018   5.453   -65.92656    0.00000    0.00000    5018       1
    5019   5.453   -65.92656    0.00000    0.00000    5019       1
    5020   5.455   -65.92656    0.00000    0.00000    5020       1
    5021   5.458   -65.92655    0.00000    0.00000    5021       3
    5022   5.426   -65.92660    0.00000    0.00000    5022       2
    5023   5.460   -65.92655    0.00000    0.00000    5023       1
    5024   5.461   -65.92655    0.00000    0.00000    5024       2
    5025   5.462   -65.92654    0.00000    0.00000    5025       1
    5026   5.462   -65.92654    0.00000    0.00000    5026       3
    5027   5.463   -65.92654    0.00000    0.00000    5027       1
    5028   5.463   -65.92654    0.00000    0.00000    5028       1
    5029   5.462   -65.92655    0.00000    0.00000    5029       1
    5030   5.464   -65.92654    0.00000    0.00000    5030       1
    5031   5.459   -65.92655    0.00000    0.00000    5031       1
    5032   5.464   -65.92654    0.00000    0.00000    5032       2
    5033   5.463   -65.92654    0.00000    0.00000    5033       2
    5034   5.468   -65.92654    0.00000    0.00000    5034       1
    5035   5.463   -65.92654    0.00000    0.00000    5035       1
    5036   5.468   -65.92654    0.00000    0.00000    5036       3
    5037   5.468   -65.92654    0.00000    0.00000    5037       1
    5038   5.471   -65.92653    0.00000    0.00000    5038       1
    5039   5.473   -65.92653    0.00000    0.00000    5039       1
    5040   5.473   -65.92653    0.00000    0.00000    5040       2
    5041   5.465   -65.92654    0.00000    0.00000    5041       1
    5042   5.468   -65.92654    0.00000    0.00000    5042       2
    5043   5.457   -65.92655    0.00000    0.00000    5043       1
    5044   5.473   -65.92653    0.00000    0.00000    5044       3
    5045   5.473   -65.92653    0.00000    0.00000    5045       1
    5046   5.473   -65.92653    0.00000    0.00000    5046       1
    5047   5.473   -65.92653    0.00000    0.00000    5047       1
    5048   5.474   -65.92653    0.00000    0.00000    5048      17
    5049   5.484   -65.92651    0.00000    0.00000    5049       1
    5050   5.483   -65.92651    0.00000    0.00000    5050       2
    5051   5.485   -65.92651    0.00000    0.00000    5051       3
    5052   5.485   -65.92651    0.00000    0.00000    5052       1
    5053   5.488   -65.92650    0.00000    0.00000    5053       2
    5054   5.486   -65.92651    0.00000    0.00000    5054       9
    5055   5.490   -65.92650    0.00000    0.00000    5055       2
    5056   5.492   -65.92650    0.00000    0.00000    5056       1
    5057   5.488   -65.92650    0.00000    0.00000    5057       1
    5058   5.492   -65.92650    0.00000    0.00000    5058       1
    5059   5.492   -65.92650    0.00000    0.00000    5059       1
    5060   5.490   -65.92650    0.00000    0.00000    5060       1
    5061   5.493   -65.92650    0.00000    0.00000    5061       3
    5062   5.493   -65.92650    0.00000    0.00000    5062       1
    5063   5.497   -65.92649    0.00000    0.00000    5063       1
    5064   5.494   -65.92649    0.00000    0.00000    5064       8
    5065   5.496   -65.92649    0.00000    0.00000    5065       2
    5066   5.501   -65.92648    0.00000    0.00000    5066       1
    5067   5.501   -65.92648    0.00000    0.00000    5067       1
    5068   5.500   -65.92648    0.00000    0.00000    5068       1
    5069   5.501   -65.92648    0.00000    0.00000    5069       2
    5070   5.505   -65.92648    0.00000    0.00000    5070       1
    5071   5.507   -65.92647    0.00000    0.00000    5071       1
    5072   5.505   -65.92648    0.00000    0.00000    5072       2
    5073   5.502   -65.92648    0.00000    0.00000    5073       3
    5074   5.507   -65.92647    0.00000    0.00000    5074       3
    5075   5.507   -65.92647    0.00000    0.00000    5075       1
    5076   5.508   -65.92647    0.00000    0.00000    5076       3
    5077   5.482   -65.92651    0.00000    0.00000    5077       2
    5078   5.510   -65.92647    0.00000    0.00000    5078       1
    5079   5.510   -65.92647    0.00000    0.00000    5079       1
    5080   5.510   -65.92647    0.00000    0.00000    5080       1
    5081   5.510   -65.92647    0.00000    0.00000    5081       9
    5082   5.514   -65.92646    0.00000    0.00000    5082       1
    5083   5.514   -65.92646    0.00000    0.00000    5083       1
    5084   5.512   -65.92647    0.00000    0.00000    5084       3
    5085   5.515   -65.92646    0.00000    0.00000    5085       2
    5086   5.517   -65.92646    0.00000    0.00000    5086       1
    5087   5.518   -65.92646    0.00000    0.00000    5087       2
    5088   5.494   -65.92649    0.00000    0.00000    5088       1
    5089   5.519   -65.92646    0.00000    0.00000    5089       2
    5090   5.519   -65.92645    0.00000    0.00000    5090       1
    5091   5.521   -65.92645    0.00000    0.00000    5091       2
    5092   5.521   -65.92645    0.00000    0.00000    5092       1
    5093   5.521   -65.92645    0.00000    0.00000    5093       1
    5094   5.525   -65.92645    0.00000    0.00000    5094       2
    5095   5.525   -65.92645    0.00000    0.00000    5095       5
    5096   5.527   -65.92644    0.00000    0.00000    5096       1
    5097   5.527   -65.92644    0.00000    0.00000    5097       1
    5098   5.528   -65.92644    0.00000    0.00000    5098       1
    5099   5.521   -65.92645    0.00000    0.00000    5099       1
    5100   5.529   -65.92644    0.00000    0.00000    5100       1
    5101   5.530   -65.92644    0.00000    0.00000    5101       1
    5102   5.530   -65.92644    0.00000    0.00000    5102       1
    5103   5.530   -65.92644    0.00000    0.00000    5103       1
    5104   5.532   -65.92643    0.00000    0.00000    5104       1
    5105   5.533   -65.92643    0.00000    0.00000    5105       3
    5106   5.533   -65.92643    0.00000    0.00000    5106       4
    5107   5.524   -65.92645    0.00000    0.00000    5107       1
    5108   5.533   -65.92643    0.00000    0.00000    5108       2
    5109   5.539   -65.92642    0.00000    0.00000    5109       1
    5110   5.519   -65.92645    0.00000    0.00000    5110       1
    5111   5.539   -65.92642    0.00000    0.00000    5111       1
    5112   5.540   -65.92642    0.00000    0.00000    5112       1
    5113   5.540   -65.92642    0.00000    0.00000    5113       6
    5114   5.545   -65.92641    0.00000    0.00000    5114       1
    5115   5.545   -65.92641    0.00000    0.00000    5115       1
    5116   5.549   -65.92641    0.00000    0.00000    5116       1
    5117   5.549   -65.92641    0.00000    0.00000    5117       1
    5118   5.549   -65.92641    0.00000    0.00000    5118       1
    5119   5.551   -65.92640    0.00000    0.00000    5119       2
    5120   5.534   -65.92643    0.00000    0.00000    5120       2
    5121   5.555   -65.92640    0.00000    0.00000    5121       2
    5122   5.556   -65.92640    0.00000    0.00000    5122       1
    5123   5.557   -65.92639    0.00000    0.00000    5123       1
    5124   5.552   -65.92640    0.00000    0.00000    5124       1
    5125   5.559   -65.92639    0.00000    0.00000    5125       1
    5126   5.561   -65.92639    0.00000    0.00000    5126       1
    5127   5.562   -65.92639    0.00000    0.00000    5127       1
    5128   5.555   -65.92640    0.00000    0.00000    5128       1
    5129   5.562   -65.92639    0.00000    0.00000    5129       1
    5130   5.565   -65.92638    0.00000    0.00000    5130       6
    5131   5.571   -65.92637    0.00000    0.00000    5131       1
    5132   5.572   -65.92637    0.00000    0.00000    5132       1
    5133   5.572   -65.92637    0.00000    0.00000    5133       2
    5134   5.574   -65.92637    0.00000    0.00000    5134       1
    5135   5.575   -65.92636    0.00000    0.00000    5135       2
    5136   5.577   -65.92636    0.00000    0.00000    5136       1
    5137   5.578   -65.92636    0.00000    0.00000    5137       1
    5138   5.578   -65.92636    0.00000    0.00000    5138       2
    5139   5.579   -65.92636    0.00000    0.00000    5139       2
    5140   5.579   -65.92636    0.00000    0.00000    5140       2
    5141   5.564   -65.92638    0.00000    0.00000    5141       2
    5142   5.543   -65.92642    0.00000    0.00000    5142       1
    5143   5.580   -65.92636    0.00000    0.00000    5143       1
    5144   5.580   -65.92636    0.00000    0.00000    5144       1
    5145   5.582   -65.92635    0.00000    0.00000    5145       5
    5146   5.583   -65.92635    0.00000    0.00000    5146       1
    5147   5.583   -65.92635    0.00000    0.00000    5147       3
    5148   5.585   -65.92635    0.00000    0.00000    5148       2
    5149   5.585   -65.92635    0.00000    0.00000    5149       1
    5150   5.586   -65.92635    0.00000    0.00000    5150       2
    5151   5.587   -65.92635    0.00000    0.00000    5151       3
    5152   5.587   -65.92635    0.00000    0.00000    5152       6
    5153   5.587   -65.92635    0.00000    0.00000    5153       2
    5154   5.590   -65.92634    0.00000    0.00000    5154       3
    5155   5.585   -65.92635    0.00000    0.00000    5155       1
    5156   5.591   -65.92634    0.00000    0.00000    5156       2
    5157   5.592   -65.92634    0.00000    0.00000    5157       1
    5158   5.592   -65.92634    0.00000    0.00000    5158       1
    5159   5.593   -65.92634    0.00000    0.00000    5159       2
    5160   5.595   -65.92633    0.00000    0.00000    5160       2
    5161   5.599   -65.92633    0.00000    0.00000    5161       3
    5162   5.600   -65.92633    0.00000    0.00000    5162       1
    5163   5.598   -65.92633    0.00000    0.00000    5163       5
    5164   5.602   -65.92632    0.00000    0.00000    5164       1
    5165   5.602   -65.92632    0.00000    0.00000    5165       1
    5166   5.600   -65.92632    0.00000    0.00000    5166       1
    5167   5.606   -65.92632    0.00000    0.00000    5167       2
    5168   5.607   -65.92631    0.00000    0.00000    5168       1
    5169   5.603   -65.92632    0.00000    0.00000    5169       9
    5170   5.608   -65.92631    0.00000    0.00000    5170       5
    5171   5.610   -65.92631    0.00000    0.00000    5171       1
    5172   5.610   -65.92631    0.00000    0.00000    5172       1
    5173   5.611   -65.92631    0.00000    0.00000    5173       1
    5174   5.611   -65.92631    0.00000    0.00000    5174       1
    5175   5.613   -65.92630    0.00000    0.00000    5175       1
    5176   5.611   -65.92631    0.00000    0.00000    5176       2
    5177   5.614   -65.92630    0.00000    0.00000    5177       1
    5178   5.616   -65.92630    0.00000    0.00000    5178       1
    5179   5.605   -65.92632    0.00000    0.00000    5179       4
    5180   5.616   -65.92630    0.00000    0.00000    5180       1
    5181   5.607   -65.92631    0.00000    0.00000    5181       3
    5182   5.619   -65.92630    0.00000    0.00000    5182       1
    5183   5.593   -65.92634    0.00000    0.00000    5183       1
    5184   5.621   -65.92629    0.00000    0.00000    5184       1
    5185   5.593   -65.92634    0.00000    0.00000    5185       1
    5186   5.620   -65.92629    0.00000    0.00000    5186       1
    5187   5.594   -65.92634    0.00000    0.00000    5187       1
    5188   5.622   -65.92629    0.00000    0.00000    5188       2
    5189   5.623   -65.92629    0.00000    0.00000    5189       2
    5190   5.621   -65.92629    0.00000    0.00000    5190       1
    5191   5.624   -65.92629    0.00000    0.00000    5191       1
    5192   5.625   -65.92629    0.00000    0.00000    5192       1
    5193   5.626   -65.92628    0.00000    0.00000    5193       1
    5194   5.626   -65.92628    0.00000    0.00000    5194       2
    5195   5.624   -65.92629    0.00000    0.00000    5195       1
    5196   5.627   -65.92628    0.00000    0.00000    5196       1
    5197   5.627   -65.92628    0.00000    0.00000    5197       1
    5198   5.627   -65.92628    0.00000    0.00000    5198       1
    5199   5.627   -65.92628    0.00000    0.00000    5199       1
    5200   5.609   -65.92631    0.00000    0.00000    5200       2
    5201   5.628   -65.92628    0.00000    0.00000    5201       1
    5202   5.629   -65.92628    0.00000    0.00000    5202       3
    5203   5.629   -65.92628    0.00000    0.00000    5203       1
    5204   5.631   -65.92628    0.00000    0.00000    5204       7
    5205   5.637   -65.92627    0.00000    0.00000    5205       1
    5206   5.637   -65.92627    0.00000    0.00000    5206       1
    5207   5.638   -65.92627    0.00000    0.00000    5207       1
    5208   5.638   -65.92626    0.00000    0.00000    5208       1
    5209   5.638   -65.92626    0.00000    0.00000    5209       2
    5210   5.639   -65.92626    0.00000    0.00000    5210       1
    5211   5.637   -65.92627    0.00000    0.00000    5211       1
    5212   5.615   -65.92630    0.00000    0.00000    5212       1
    5213   5.627   -65.92628    0.00000    0.00000    5213       1
    5214   5.640   -65.92626    0.00000    0.00000    5214       5
    5215   5.641   -65.92626    0.00000    0.00000    5215       1
    5216   5.642   -65.92626    0.00000    0.00000    5216       1
    5217   5.643   -65.92626    0.00000    0.00000    5217       1
    5218   5.640   -65.92626    0.00000    0.00000    5218       2
    5219   5.644   -65.92626    0.00000    0.00000    5219       2
    5220   5.633   -65.92627    0.00000    0.00000    5220       1
    5221   5.645   -65.92625    0.00000    0.00000    5221       1
    5222   5.647   -65.92625    0.00000    0.00000    5222       1
    5223   5.648   -65.92625    0.00000    0.00000    5223       2
    5224   5.649   -65.92625    0.00000    0.00000    5224       1
    5225   5.651   -65.92624    0.00000    0.00000    5225       1
    5226   5.653   -65.92624    0.00000    0.00000    5226       2
    5227   5.655   -65.92624    0.00000    0.00000    5227       4
    5228   5.657   -65.92624    0.00000    0.00000    5228       2
    5229   5.657   -65.92623    0.00000    0.00000    5229       2
    5230   5.651   -65.92624    0.00000    0.00000    5230       1
    5231   5.658   -65.92623    0.00000    0.00000    5231       3
    5232   5.651   -65.92624    0.00000    0.00000    5232       1
    5233   5.664   -65.92622    0.00000    0.00000    5233       1
    5234   5.656   -65.92624    0.00000    0.00000    5234       1
    5235   5.664   -65.92622    0.00000    0.00000    5235       3
    5236   5.666   -65.92622    0.00000    0.00000    5236       1
    5237   5.667   -65.92622    0.00000    0.00000    5237       1
    5238   5.652   -65.92624    0.00000    0.00000    5238       1
    5239   5.652   -65.92624    0.00000    0.00000    5239       1
    5240   5.668   -65.92622    0.00000    0.00000    5240       1
    5241   5.654   -65.92624    0.00000    0.00000    5241       1
    5242   5.668   -65.92622    0.00000    0.00000    5242       1
    5243   5.673   -65.92621    0.00000    0.00000    5243       3
    5244   5.674   -65.92621    0.00000    0.00000    5244       1
    5245   5.659   -65.92623    0.00000    0.00000    5245       3
    5246   5.677   -65.92620    0.00000    0.00000    5246       1
    5247   5.674   -65.92621    0.00000    0.00000    5247       2
    5248   5.677   -65.92620    0.00000    0.00000    5248       1
    5249   5.678   -65.92620    0.00000    0.00000    5249       2
    5250   5.681   -65.92620    0.00000    0.00000    5250       2
    5251   5.682   -65.92619    0.00000    0.00000    5251       1
    5252   5.682   -65.92619    0.00000    0.00000    5252       1
    5253   5.683   -65.92619    0.00000    0.00000    5253       2
    5254   5.685   -65.92619    0.00000    0.00000    5254       2
    5255   5.688   -65.92619    0.00000    0.00000    5255       3
    5256   5.691   -65.92618    0.00000    0.00000    5256       2
    5257   5.683   -65.92619    0.00000    0.00000    5257       3
    5258   5.691   -65.92618    0.00000    0.00000    5258       1
    5259   5.685   -65.92619    0.00000    0.00000    5259       2
    5260   5.690   -65.92618    0.00000    0.00000    5260       2
    5261   5.700   -65.92617    0.00000    0.00000    5261       1
    5262   5.661   -65.92623    0.00000    0.00000    5262       1
    5263   5.699   -65.92617    0.00000    0.00000    5263       2
    5264   5.692   -65.92618    0.00000    0.00000    5264       1
    5265   5.702   -65.92616    0.00000    0.00000    5265       1
    5266   5.705   -65.92616    0.00000    0.00000    5266       2
    5267   5.688   -65.92618    0.00000    0.00000    5267       2
    5268   5.705   -65.92616    0.00000    0.00000    5268       6
    5269   5.718   -65.92614    0.00000    0.00000    5269       2
    5270   5.720   -65.92613    0.00000    0.00000    5270       1
    5271   5.705   -65.92616    0.00000    0.00000    5271       1
    5272   5.720   -65.92613    0.00000    0.00000    5272       1
    5273   5.720   -65.92613    0.00000    0.00000    5273       1
    5274   5.721   -65.92613    0.00000    0.00000    5274       1
    5275   5.722   -65.92613    0.00000    0.00000    5275       4
    5276   5.722   -65.92613    0.00000    0.00000    5276       1
    5277   5.722   -65.92613    0.00000    0.00000    5277       2
    5278   5.725   -65.92613    0.00000    0.00000    5278       1
    5279   5.722   -65.92613    0.00000    0.00000    5279       1
    5280   5.728   -65.92612    0.00000    0.00000    5280       1
    5281   5.730   -65.92612    0.00000    0.00000    5281       1
    5282   5.732   -65.92612    0.00000    0.00000    5282       2
    5283   5.735   -65.92611    0.00000    0.00000    5283       1
    5284   5.732   -65.92611    0.00000    0.00000    5284       1
    5285   5.737   -65.92611    0.00000    0.00000    5285       1
    5286   5.737   -65.92611    0.00000    0.00000    5286       1
    5287   5.738   -65.92611    0.00000    0.00000    5287       1
    5288   5.739   -65.92610    0.00000    0.00000    5288       1
    5289   5.740   -65.92610    0.00000    0.00000    5289       1
    5290   5.740   -65.92610    0.00000    0.00000    5290       1
    5291   5.745   -65.92609    0.00000    0.00000    5291       1
    5292   5.746   -65.92609    0.00000    0.00000    5292       3
    5293   5.752   -65.92608    0.00000    0.00000    5293       2
    5294   5.753   -65.92608    0.00000    0.00000    5294       1
    5295   5.756   -65.92608    0.00000    0.00000    5295       1
    5296   5.756   -65.92608    0.00000    0.00000    5296       1
    5297   5.756   -65.92608    0.00000    0.00000    5297       2
    5298   5.759   -65.92607    0.00000    0.00000    5298       2
    5299   5.759   -65.92607    0.00000    0.00000    5299       1
    5300   5.760   -65.92607    0.00000    0.00000    5300       1
    5301   5.760   -65.92607    0.00000    0.00000    5301       1
    5302   5.763   -65.92607    0.00000    0.00000    5302       6
    5303   5.773   -65.92605    0.00000    0.00000    5303       2
    5304   5.767   -65.92606    0.00000    0.00000    5304       2
    5305   5.770   -65.92606    0.00000    0.00000    5305       1
    5306   5.774   -65.92605    0.00000    0.00000    5306       6
    5307   5.767   -65.92606    0.00000    0.00000    5307       2
    5308   5.776   -65.92605    0.00000    0.00000    5308       1
    5309   5.772   -65.92605    0.00000    0.00000    5309       1
    5310   5.776   -65.92605    0.00000    0.00000    5310       2
    5311   5.776   -65.92604    0.00000    0.00000    5311       4
    5312   5.777   -65.92604    0.00000    0.00000    5312       2
    5313   5.779   -65.92604    0.00000    0.00000    5313       3
    5314   5.787   -65.92603    0.00000    0.00000    5314       2
    5315   5.791   -65.92602    0.00000    0.00000    5315       4
    5316   5.791   -65.92602    0.00000    0.00000    5316       2
    5317   5.797   -65.92601    0.00000    0.00000    5317       1
    5318   5.800   -65.92601    0.00000    0.00000    5318       3
    5319   5.800   -65.92601    0.00000    0.00000    5319       1
    5320   5.801   -65.92601    0.00000    0.00000    5320       1
    5321   5.802   -65.92600    0.00000    0.00000    5321       1
    5322   5.793   -65.92602    0.00000    0.00000    5322       1
    5323   5.802   -65.92600    0.00000    0.00000    5323       1
    5324   5.802   -65.92600    0.00000    0.00000    5324       1
    5325   5.803   -65.92600    0.00000    0.00000    5325       1
    5326   5.808   -65.92599    0.00000    0.00000    5326       1
    5327   5.794   -65.92602    0.00000    0.00000    5327       5
    5328   5.806   -65.92600    0.00000    0.00000    5328       2
    5329   5.773   -65.92605    0.00000    0.00000    5329       2
    5330   5.817   -65.92598    0.00000    0.00000    5330       1
    5331   5.817   -65.92598    0.00000    0.00000    5331       4
    5332   5.819   -65.92598    0.00000    0.00000    5332       2
    5333   5.819   -65.92598    0.00000    0.00000    5333       1
    5334   5.820   -65.92597    0.00000    0.00000    5334       1
    5335   5.819   -65.92598    0.00000    0.00000    5335       2
    5336   5.821   -65.92597    0.00000    0.00000    5336       2
    5337   5.821   -65.92597    0.00000    0.00000    5337       2
    5338   5.822   -65.92597    0.00000    0.00000    5338       5
    5339   5.827   -65.92596    0.00000    0.00000    5339       1
    5340   5.807   -65.92599    0.00000    0.00000    5340       1
    5341   5.827   -65.92596    0.00000    0.00000    5341       1
    5342   5.828   -65.92596    0.00000    0.00000    5342       1
    5343   5.829   -65.92596    0.00000    0.00000    5343       1
    5344   5.831   -65.92596    0.00000    0.00000    5344       1
    5345   5.831   -65.92596    0.00000    0.00000    5345       2
    5346   5.832   -65.92596    0.00000    0.00000    5346       1
    5347   5.835   -65.92595    0.00000    0.00000    5347       1
    5348   5.836   -65.92595    0.00000    0.00000    5348       1
    5349   5.837   -65.92595    0.00000    0.00000    5349       1
    5350   5.837   -65.92595    0.00000    0.00000    5350       1
    5351   5.838   -65.92595    0.00000    0.00000    5351       2
    5352   5.840   -65.92594    0.00000    0.00000    5352       2
    5353   5.841   -65.92594    0.00000    0.00000    5353       1
    5354   5.842   -65.92594    0.00000    0.00000    5354       4
    5355   5.838   -65.92595    0.00000    0.00000    5355       1
    5356   5.842   -65.92594    0.00000    0.00000    5356       2
    5357   5.844   -65.92594    0.00000    0.00000    5357       1
    5358   5.844   -65.92594    0.00000    0.00000    5358       1
    5359   5.847   -65.92593    0.00000    0.00000    5359       3
    5360   5.847   -65.92593    0.00000    0.00000    5360       2
    5361   5.851   -65.92593    0.00000    0.00000    5361       1
    5362   5.851   -65.92593    0.00000    0.00000    5362       1
    5363   5.852   -65.92592    0.00000    0.00000    5363       1
    5364   5.852   -65.92592    0.00000    0.00000    5364       1
    5365   5.853   -65.92592    0.00000    0.00000    5365       1
    5366   5.853   -65.92592    0.00000    0.00000    5366       1
    5367   5.853   -65.92592    0.00000    0.00000    5367       1
    5368   5.855   -65.92592    0.00000    0.00000    5368       1
    5369   5.856   -65.92592    0.00000    0.00000    5369       1
    5370   5.856   -65.92592    0.00000    0.00000    5370       1
    5371   5.859   -65.92591    0.00000    0.00000    5371       2
    5372   5.860   -65.92591    0.00000    0.00000    5372       2
    5373   5.865   -65.92590    0.00000    0.00000    5373       3
    5374   5.865   -65.92590    0.00000    0.00000    5374       1
    5375   5.865   -65.92590    0.00000    0.00000    5375       6
    5376   5.868   -65.92590    0.00000    0.00000    5376       3
    5377   5.869   -65.92590    0.00000    0.00000    5377       1
    5378   5.870   -65.92590    0.00000    0.00000    5378       2
    5379   5.869   -65.92590    0.00000    0.00000    5379       1
    5380   5.866   -65.92590    0.00000    0.00000    5380       3
    5381   5.871   -65.92589    0.00000    0.00000    5381       2
    5382   5.873   -65.92589    0.00000    0.00000    5382       1
    5383   5.873   -65.92589    0.00000    0.00000    5383       1
    5384   5.873   -65.92589    0.00000    0.00000    5384       2
    5385   5.874   -65.92589    0.00000    0.00000    5385       1
    5386   5.874   -65.92589    0.00000    0.00000    5386       3
    5387   5.875   -65.92589    0.00000    0.00000    5387       1
    5388   5.876   -65.92588    0.00000    0.00000    5388       1
    5389   5.869   -65.92590    0.00000    0.00000    5389       2
    5390   5.866   -65.92590    0.00000    0.00000    5390       2
    5391   5.878   -65.92588    0.00000    0.00000    5391       1
    5392   5.875   -65.92589    0.00000    0.00000    5392       1
    5393   5.877   -65.92588    0.00000    0.00000    5393       2
    5394   5.882   -65.92588    0.00000    0.00000    5394       1
    5395   5.874   -65.92589    0.00000    0.00000    5395       1
    5396   5.882   -65.92588    0.00000    0.00000    5396       1
    5397   5.886   -65.92587    0.00000    0.00000    5397       5
    5398   5.888   -65.92587    0.00000    0.00000    5398       1
    5399   5.882   -65.92588    0.00000    0.00000    5399       1
    5400   5.890   -65.92586    0.00000    0.00000    5400       2
    5401   5.882   -65.92588    0.00000    0.00000    5401       1
    5402   5.892   -65.92586    0.00000    0.00000    5402       1
    5403   5.892   -65.92586    0.00000    0.00000    5403       1
    5404   5.887   -65.92587    0.00000    0.00000    5404       1
    5405   5.893   -65.92586    0.00000    0.00000    5405       1
    5406   5.895   -65.92585    0.00000    0.00000    5406       1
    5407   5.898   -65.92585    0.00000    0.00000    5407       1
    5408   5.870   -65.92589    0.00000    0.00000    5408       1
    5409   5.898   -65.92585    0.00000    0.00000    5409       1
    5410   5.900   -65.92585    0.00000    0.00000    5410       1
    5411   5.901   -65.92585    0.00000    0.00000    5411       1
    5412   5.884   -65.92587    0.00000    0.00000    5412       1
    5413   5.902   -65.92584    0.00000    0.00000    5413       1
    5414   5.902   -65.92584    0.00000    0.00000    5414       2
    5415   5.903   -65.92584    0.00000    0.00000    5415       1
    5416   5.903   -65.92584    0.00000    0.00000    5416       5
    5417   5.905   -65.92584    0.00000    0.00000    5417       1
    5418   5.904   -65.92584    0.00000    0.00000    5418       1
    5419   5.906   -65.92584    0.00000    0.00000    5419       1
    5420   5.906   -65.92584    0.00000    0.00000    5420       2
    5421   5.910   -65.92583    0.00000    0.00000    5421       3
    5422   5.910   -65.92583    0.00000    0.00000    5422       1
    5423   5.910   -65.92583    0.00000    0.00000    5423       8
    5424   5.914   -65.92582    0.00000    0.00000    5424       4
    5425   5.916   -65.92582    0.00000    0.00000    5425       1
    5426   5.915   -65.92582    0.00000    0.00000    5426       2
    5427   5.917   -65.92582    0.00000    0.00000    5427       1
    5428   5.918   -65.92582    0.00000    0.00000    5428       1
    5429   5.917   -65.92582    0.00000    0.00000    5429       1
    5430   5.918   -65.92582    0.00000    0.00000    5430       2
    5431   5.920   -65.92582    0.00000    0.00000    5431       3
    5432   5.922   -65.92581    0.00000    0.00000    5432       2
    5433   5.925   -65.92581    0.00000    0.00000    5433       4
    5434   5.928   -65.92580    0.00000    0.00000    5434       1
    5435   5.928   -65.92580    0.00000    0.00000    5435       1
    5436   5.928   -65.92580    0.00000    0.00000    5436       1
    5437   5.914   -65.92583    0.00000    0.00000    5437       1
    5438   5.914   -65.92583    0.00000    0.00000    5438       1
    5439   5.930   -65.92580    0.00000    0.00000    5439       3
    5440   5.931   -65.92580    0.00000    0.00000    5440       1
    5441   5.932   -65.92580    0.00000    0.00000    5441       2
    5442   5.938   -65.92579    0.00000    0.00000    5442       2
    5443   5.931   -65.92580    0.00000    0.00000    5443       1
    5444   5.939   -65.92579    0.00000    0.00000    5444       2
    5445   5.928   -65.92580    0.00000    0.00000    5445       1
    5446   5.940   -65.92578    0.00000    0.00000    5446       1
    5447   5.940   -65.92578    0.00000    0.00000    5447       1
    5448   5.929   -65.92580    0.00000    0.00000    5448       2
    5449   5.943   -65.92578    0.00000    0.00000    5449       2
    5450   5.945   -65.92578    0.00000    0.00000    5450       1
    5451   5.946   -65.92577    0.00000    0.00000    5451       1
    5452   5.947   -65.92577    0.00000    0.00000    5452       1
    5453   5.949   -65.92577    0.00000    0.00000    5453       1
    5454   5.949   -65.92577    0.00000    0.00000    5454       1
    5455   5.949   -65.92577    0.00000    0.00000    5455       5
    5456   5.949   -65.92577    0.00000    0.00000    5456       5
    5457   5.949   -65.92577    0.00000    0.00000    5457       1
    5458   5.951   -65.92577    0.00000    0.00000    5458       1
    5459   5.952   -65.92577    0.00000    0.00000    5459       1
    5460   5.953   -65.92576    0.00000    0.00000    5460       1
    5461   5.954   -65.92576    0.00000    0.00000    5461       1
    5462   5.957   -65.92576    0.00000    0.00000    5462       1
    5463   5.959   -65.92575    0.00000    0.00000    5463       1
    5464   5.963   -65.92575    0.00000    0.00000    5464       2
    5465   5.963   -65.92575    0.00000    0.00000    5465       4
    5466   5.964   -65.92575    0.00000    0.00000    5466       1
    5467   5.964   -65.92574    0.00000    0.00000    5467       1
    5468   5.964   -65.92575    0.00000    0.00000    5468       2
    5469   5.970   -65.92574    0.00000    0.00000    5469       3
    5470   5.971   -65.92573    0.00000    0.00000    5470       3
    5471   5.974   -65.92573    0.00000    0.00000    5471       1
    5472   5.974   -65.92573    0.00000    0.00000    5472       1
    5473   5.975   -65.92573    0.00000    0.00000    5473       1
    5474   5.976   -65.92573    0.00000    0.00000    5474       4
    5475   5.978   -65.92572    0.00000    0.00000    5475       1
    5476   5.978   -65.92572    0.00000    0.00000    5476       1
    5477   5.978   -65.92572    0.00000    0.00000    5477       1
    5478   5.978   -65.92572    0.00000    0.00000    5478       1
    5479   5.979   -65.92572    0.00000    0.00000    5479       1
    5480   5.979   -65.92572    0.00000    0.00000    5480       2
    5481   5.980   -65.92572    0.00000    0.00000    5481       2
    5482   5.983   -65.92572    0.00000    0.00000    5482       4
    5483   5.985   -65.92571    0.00000    0.00000    5483       1
    5484   5.976   -65.92573    0.00000    0.00000    5484       1
    5485   5.980   -65.92572    0.00000    0.00000    5485       4
    5486   5.985   -65.92571    0.00000    0.00000    5486       1
    5487   5.991   -65.92570    0.00000    0.00000    5487       1
    5488   5.992   -65.92570    0.00000    0.00000    5488       1
    5489   5.992   -65.92570    0.00000    0.00000    5489       1
    5490   5.980   -65.92572    0.00000    0.00000    5490       1
    5491   5.993   -65.92570    0.00000    0.00000    5491       1
    5492   5.994   -65.92570    0.00000    0.00000    5492       1
    5493   5.994   -65.92570    0.00000    0.00000    5493       1
    5494   5.994   -65.92570    0.00000    0.00000    5494       1
    5495   5.995   -65.92570    0.00000    0.00000    5495       1
    5496   5.995   -65.92570    0.00000    0.00000    5496       1
    5497   5.997   -65.92569    0.00000    0.00000    5497       2
    5498   5.969   -65.92574    0.00000    0.00000    5498       1
    5499   5.998   -65.92569    0.00000    0.00000    5499       1
    5500   5.999   -65.92569    0.00000    0.00000    5500       1
    5501   5.999   -65.92569    0.00000    0.00000    5501       1
T /K                                  :   298.15
E lowest                              :   -65.93525
ensemble average energy (kcal)        :    1.100
ensemble entropy (J/mol K, cal/mol K) :   70.451   16.838
ensemble free energy (kcal/mol)       :   -5.020
population of lowest in %             :    6.666
 number of unique conformers for further calc         5501
 list of relative energies saved as "crest.energies"
 compare nuclear equivalencies ...
::::::::::: conformer group all :::::::::::
 chemical equivalencies (mag.active nuclei):
reference atom  28 # : 2
reference atom  31 # : 3
reference atom  34 # : 4
reference atom  38 # : 6
 magnetic equivalencies:
reference atom  31 # : 3
reference atom  38 # : 3
reference atom  41 # : 3

******************************************************************************************
**                           ENSEMBLE ENTROPY CALCULATION                               **
******************************************************************************************
======================================================
 Containing 3871 conformers :
     H(298.15K)-H(0) (conf)      1.328956
                   Cp(conf)      4.936745
                    S(conf)     12.621146
======================================================
 Containing 4247 conformers :
     H(298.15K)-H(0) (conf)      1.376526
                   Cp(conf)      4.810446
                    S(conf)     12.883624
======================================================
 Containing 4541 conformers :
     H(298.15K)-H(0) (conf)      1.408176
                   Cp(conf)      4.846069
                    S(conf)     13.023908
======================================================
 Containing 4757 conformers :
     H(298.15K)-H(0) (conf)      1.436543
                   Cp(conf)      4.871696
                    S(conf)     13.143702
======================================================
 Containing 4945 conformers :
     H(298.15K)-H(0) (conf)      1.470902
                   Cp(conf)      4.865681
                    S(conf)     13.242611
======================================================
 Containing 5129 conformers :
     H(298.15K)-H(0) (conf)      1.503328
                   Cp(conf)      4.846578
                    S(conf)     13.317437
======================================================
 Containing 5285 conformers :
     H(298.15K)-H(0) (conf)      1.518392
                   Cp(conf)      4.894258
                    S(conf)     13.374808
======================================================
 Containing 5405 conformers :
     H(298.15K)-H(0) (conf)      1.547484
                   Cp(conf)      4.853805
                    S(conf)     13.449287
======================================================
 Containing 5501 conformers :
     H(298.15K)-H(0) (conf)      1.588253
                   Cp(conf)      4.815154
                    S(conf)     13.497638
======================================================

 --------------------------------------
 FINAL CALCULATION OF MOLECULAR ENTROPY
 --------------------------------------

   block      Siter   Siter (fit) 
        1    0.262    0.260
        2    0.403    0.408
        3    0.523    0.522
        4    0.621    0.616
        5    0.696    0.695
        6    0.754    0.763
        7    0.828    0.823
        8    0.876    0.876
R²       :    0.999938
FINAL ENTROPY (extrapol.)  :     14.09135

 ----------------------------------
 Frequency Calculation and Averages
 ----------------------------------
 Nconf on file      : 5501
 Taken for Hessians : 992 (= 90.01% total population)
 T range  /K    :   278.15   378.15
 scaling factor :          1.000000     
 rotor cutoff   :         25.000000 cm⁻¹
 imag. cutoff   :        -50.000000 cm⁻¹

 Running 992 calculations ...
 |>0.1% |>10.1% |>20.1% |>30.0% |>40.0% |>50.0% |>60.1% |>70.1% |>80.0% |>90.0% |>100.0%
 done.
 calculating averages for G and S ...    done.
 calculating Boltzmann weights ...       done.
 calculating reference S (bhess) ... > bhess not implemented for calculator routines
    done.
 calculating δSrrho ...                  done.

 Coordinates for the bhess reference structure (Ångström):
 -----------------------------------------------------------
  48

 Cl         5.8266510752       -0.1992061804       -0.8505874174
 N         -3.2601495380       -0.8086466681       -0.4900620677
 N         -0.6923576132        1.3819664226        0.0653999404
 N          1.8048158578       -1.4021549529        1.9638838146
 C         -2.8215138768        2.2879180077       -0.6660852680
 C         -2.9180354376        1.2808331815       -1.8198549981
 C         -2.0201982810        1.7586750055        0.5288817473
 C         -3.8205056019        0.0789259265       -1.5233056572
 C         -1.9112193789        2.8119825900        1.6355988161
 C         -4.3073478660       -1.6251773274        0.1473510188
 C         -2.1348751697       -1.6215350571       -0.9675233181
 C          0.1145837058        0.4926575869        0.7186529347
 C          1.4807601675        0.3603754898        0.3105068128
 C         -4.9929074611       -0.8287469714        1.2546227174
 C         -2.4887394228       -2.6889182113       -2.0098407178
 C         -0.3342457680       -0.3480657171        1.7277515267
 C          2.2810478421       -0.6071201171        0.9765854444
 C          2.0767041471        1.1239182182       -0.7167756473
 C          0.5447853797       -1.2655189054        2.3083692335
 C          3.6348687247       -0.7701653455        0.6072033725
 C          3.3926605473        0.9495410645       -1.0640213004
 C          4.1745613079       -0.0048221610       -0.3921535695
 H         -3.8259813989        2.5545198645       -0.3224563930
 H         -2.3452433272        3.2016781152       -1.0392039058
 H         -1.9130184932        0.9453271939       -2.0905694432
 H         -3.3348589265        1.7977854930       -2.6903087014
 H         -2.5180545812        0.8645679479        0.9182108182
 H         -4.7847025069        0.4460298669       -1.1594366554
 H         -4.0040926227       -0.4685077398       -2.4591460949
 H         -0.2261140341        2.1080598698       -0.4593301205
 H         -1.3350028675        2.4144976213        2.4705924085
 H         -2.9050102060        3.0834399545        1.9907628474
 H         -1.4126032798        3.7072439571        1.2624272885
 H         -5.0492665594       -1.9685810828       -0.5874964603
 H         -3.8287740689       -2.5030583202        0.5912658165
 H         -1.3838717439       -0.9434431056       -1.3831764076
 H         -1.6909769580       -2.1048606431       -0.0907724804
 H         -5.7236434109       -1.4570567598        1.7643414907
 H         -4.2524714404       -0.4900855223        1.9798823478
 H         -5.5068085446        0.0439408036        0.8518644120
 H         -2.8863692649       -2.2417474753       -2.9206811647
 H         -1.5840917037       -3.2402204883       -2.2670551131
 H         -3.2215431226       -3.3945022579       -1.6192438988
 H         -1.3551095166       -0.3086320403        2.0830636598
 H          1.4925560187        1.8640077637       -1.2541442753
 H          0.1844552286       -1.9159678243        3.1011249665
 H          4.2256696892       -1.5119030931        1.1298412390
 H          3.8378912657        1.5411376565       -1.8546552308
 -----------------------------------------------------------
 as read from <coord>
 Heavy-atom RMSD between lowest conformer and this reference :
 RMSD(heavy) =        0.004456 Å

 msRRHO(bhess) reference entropies:
      278.15        156.986296
      288.15        159.983693
      298.15        162.970895
      308.15        165.948715
      318.15        168.917735
      328.15        171.878342
      338.15        174.830752
      348.15        177.775033
      358.15        180.711138
      368.15        183.638918
      378.15        186.558148

       T/K  |S(T)|/cal/molK       |G(T)|/Eh     G_lowest/Eh    (conf)
   -----------------------------------------------------------------
    278.15    0.158553E+03    0.357174E+00      -65.578149         8
    288.15    0.161567E+03    0.354668E+00      -65.580665         8
    298.15    0.164568E+03    0.352115E+00      -65.583229         8
    308.15    0.167557E+03    0.349514E+00      -65.585841         8
    318.15    0.170534E+03    0.346866E+00      -65.588500         8
    328.15    0.173501E+03    0.344171E+00      -65.591206         8
    338.15    0.176458E+03    0.341429E+00      -65.593960         8
    348.15    0.179406E+03    0.338640E+00      -65.596760         8
    358.15    0.182344E+03    0.335805E+00      -65.599607         8
    368.15    0.185272E+03    0.332923E+00      -65.602501         8
    378.15    0.188191E+03    0.329994E+00      -65.605441         8
   -----------------------------------------------------------------
   NOTE: if |G(T)| is the averaged contributrion to the free energy.
   |G(T)| used only for the higher-energetic structures (n > 992).
   All other structures use G(T) from the respective Hessian calculations.

 Quantities calculated on free energies:
       T/K          δSrrho           Cp(T)     [H(T)-H(0)]
   -------------------------------------------------------
    278.15    0.156648E+01    0.375717E+01        1.677566
    288.15    0.158329E+01    0.359037E+01        1.718568
    298.15    0.159694E+01    0.344177E+01        1.757442
    308.15    0.160787E+01    0.330886E+01        1.794422
    318.15    0.161642E+01    0.318944E+01        1.829708
    328.15    0.162292E+01    0.308163E+01        1.863475
    338.15    0.162764E+01    0.298382E+01        1.895876
    348.15    0.163081E+01    0.289463E+01        1.927044
    358.15    0.163264E+01    0.281288E+01        1.957092
    368.15    0.163330E+01    0.273759E+01        1.986124
    378.15    0.163296E+01    0.266790E+01        2.014227
   -------------------------------------------------------
   NOTE: δSrrho(T) = |S(T)| - Sref(T)

 ----------------------
 TEMPERATURE DEPENDENCE
 ----------------------

 Final CONFORMATIONAL quantities at given T:
       T/K        S(total)           Cp(T)     [H(T)-H(0)]        G(total)
   -----------------------------------------------------------------------
    278.15       15.195953        3.757170        1.677566       -2.549188
    288.15       15.472162        3.590374        1.718568       -2.739736
    298.15       15.688291        3.441773        1.757442       -2.920022
    308.15       15.937377        3.308856        1.794422       -3.116681
    318.15       16.121781        3.189436        1.829708       -3.299437
    328.15       16.292438        3.081629        1.863475       -3.482888
    338.15       16.449946        2.983819        1.895876       -3.666673
    348.15       16.595780        2.894629        1.927044       -3.850777
    358.15       16.707282        2.812884        1.957092       -4.026621
    368.15       16.769057        2.737589        1.986124       -4.187404
    378.15       16.933534        2.667896        2.014227       -4.389189
   -----------------------------------------------------------------------
   S and Cp in cal/mol*K; H and G in kcal/mol
   G(total) is the ensemble free energy (H-T*S) and S(total) = S(conf,extrapol.) + δSrrho

 ----------------------------------------------------
 |      FINAL MOLECULAR ENTROPY AT T= 298.15 K      |
 ----------------------------------------------------
     Sconf   =         14.091347
   + δSrrho  =          1.596944
 -----------------------------------------------------
 = S(total)  =         15.688291  (cal mol⁻¹ K⁻¹)

   H(T)-H(0) =          1.757442
   G         =         -4.677464   (-T*S)
 -----------------------------------------------------
 = G(total)  =         -2.920022  (H-T*S) (kcal mol⁻¹)

   Cp(total) =          3.441773  (cal mol⁻¹ K⁻¹)


 -----------------
 Wall Time Summary
 -----------------
 CREST runtime (total)               0 d, 14 h, 15 min, 52.983 sec
 ------------------------------------------------------------------
 Trial metadynamics (MTD)   ...        0 min, 10.652 sec (  0.021%)
 Metadynamics (MTD)         ...       23 min, 18.943 sec (  2.724%)
 Geometry optimization      ...      668 min, 59.791 sec ( 78.164%)
 Static metadynamics (sMTD) ...      143 min, 26.091 sec ( 16.759%)
 Conf. entropy evaluation   ...       16 min,  2.585 sec (  1.874%)
 I/O and setup              ...        3 min, 54.922 sec (  0.457%)
 ------------------------------------------------------------------
 * wall-time:     0 d, 14 h, 15 min, 52.983 sec
 *  cpu-time:     8 d, 23 h, 51 min, 11.471 sec
 * ratio c/w:    15.132 speedup
 ------------------------------------------------------------------
 * Total number of energy+grad calls: 14399643

 CREST terminated normally.
