
       ╔════════════════════════════════════════════════╗
       ║                                                ║
       ║     ██████╗██████╗ ███████╗███████╗████████╗   ║
       ║    ██╔════╝██╔══██╗██╔════╝██╔════╝╚══██╔══╝   ║
       ║    ██║     ██████╔╝█████╗  ███████╗   ██║      ║
       ║    ██║     ██╔══██╗██╔══╝  ╚════██║   ██║      ║
       ║    ╚██████╗██║  ██║███████╗███████║   ██║      ║
       ║     ╚═════╝╚═╝  ╚═╝╚══════╝╚══════╝   ╚═╝      ║
       ║                                                ║
       ║    Conformer-Rotamer Ensemble Sampling Tool    ║
       ║            based on the xTB methods            ║
       ║                                                ║
       ╚════════════════════════════════════════════════╝
        Version 3.0.2, Mon, 29 September 16:25:59, 09/29/2025
        commit (c39758d) compiled by 'andrey@PC1'

   Cite work conducted with this code as

   • P.Pracht, F.Bohle, S.Grimme, PCCP, 2020, 22, 7169-7192.
   • S.Grimme, JCTC, 2019, 15, 2847-2862.
   • P.Pracht, S.Grimme, C.Bannwarth, F.Bohle, S.Ehlert,
     G.Feldmann, J.Gorges, M.Müller, T.Neudecker, C.Plett,
     S.Spicher, P.Steinbach, P.Wesołowski, F.Zeller,
     J. Chem. Phys., 2024, 160, 114110.

   for works involving QCG cite

   • S.Spicher, C.Plett, P.Pracht, A.Hansen, S.Grimme,
     JCTC, 2022, 18 (5), 3174-3189.
   • C.Plett, S. Grimme,
     Angew. Chem. Int. Ed. 2023, 62, e202214477.

   for works involving MECP screening cite

   • P.Pracht, C.Bannwarth, JCTC, 2022, 18 (10), 6370-6385.

   Original code
     P.Pracht, S.Grimme, Universität Bonn, MCTC
   with help from (alphabetical order):
     C.Bannwarth, F.Bohle, S.Ehlert, G.Feldmann, J.Gorges,
     S.Grimme, C.Plett, P.Pracht, S.Spicher, P.Steinbach,
     P.Wesolowski, F.Zeller

   Online documentation is available at
   https://crest-lab.github.io/crest-docs/

   This program is distributed in the hope that it will be useful,
   but WITHOUT ANY WARRANTY; without even the implied warranty of
   MERCHANTABILITY or FITNESS FOR A PARTICULAR PURPOSE. See the
   GNU Lesser General Public License (LGPL) for more details.

 Command line input:
 $ ./crest m1_00_Penicilin-uni_best.xyz --T 16 --entropy --gfn2 --chrg 0

  --T 16 (CPUs/Threads selected)
  --entropy : enhanced ensemble entropy calculation
  --gfn2               : Use of GFN2-xTB requested.
  --chrg 0

> Setting up backup calculator ... done.
 ----------------
 Calculation info
 ----------------
> User-defined calculation level:
 : xTB calculation via tblite lib
 : GFN2-xTB level
 :   Molecular charge    : 0
 :   Fermi temperature   : 300.00000
 :   Accuracy            : 1.00000
 :   max SCC cycles      : 500


 -----------------------------
 Initial Geometry Optimization
 -----------------------------
 Geometry successfully optimized.

          ┍━━━━━━━━━━━━━━━━━━━━━━━━━━━━━━━━━━━━━━━━━━━━━━━━━┑
          │              CREST ENTROPY SAMPLING             │
          ┕━━━━━━━━━━━━━━━━━━━━━━━━━━━━━━━━━━━━━━━━━━━━━━━━━┙

 please cite:
 • P.Pracht, S.Grimme, Chem. Sci., 2021, 12, 6551-6568.
 • J.Gorges, S.Grimme, A.Hansen, P.Pracht, PCCP, 2022,24, 12249-12259.

 Input structure:
  41

 S         -0.4570140648       -0.6756940384       -0.9944301666
 O         -1.1165002930        2.2639530277        2.1566703544
 O         -4.8389471179       -0.7270589507        0.1464207322
 O         -3.8062541174        0.2641321487       -1.5662237811
 O          2.4569204651        3.0629777477       -1.0142573127
 N         -1.8695507484        1.1622127281        0.2240734530
 N          1.2964543090        1.5441384238        0.1898872464
 C         -0.9504866893        1.0813921384       -0.8845067883
 C         -1.6217641385       -1.2096671144        0.3589854655
 C         -2.6192906541       -0.0217999832        0.5240199357
 C         -0.0003936793        2.0457982149       -0.1195979274
 C         -1.0309035689        1.9093643317        1.0185278906
 C         -2.2954941639       -2.5047748030       -0.0655540299
 C         -0.8259324542       -1.4010697784        1.6447685985
 C         -3.7973597028       -0.1315295118       -0.4357684620
 C          2.4333045746        2.0502146259       -0.3569916466
 C          3.6757181523        1.2320107864       -0.0112980785
 C          3.3798042868       -0.2385455096        0.0378929141
 C          3.1919583107       -0.8912743005        1.2516128413
 C          3.2184132488       -0.9563541417       -1.1421534372
 C          2.8519571328       -2.2330866319        1.2843588749
 C          2.8755684397       -2.2952752124       -1.1099361533
 C          2.6890092443       -2.9366030486        0.1033818003
 H         -1.3455888449        1.4014966869       -1.8475482882
 H         -2.9949432970        0.0178728567        1.5495267677
 H          0.1101814866        3.0383683139       -0.5617021660
 H         -1.5585043440       -3.3033932038       -0.1021961964
 H         -3.0736283934       -2.7751164179        0.6459193071
 H         -2.7368296882       -2.4051908067       -1.0547203908
 H         -1.4574923833       -1.8431948799        2.4133888831
 H          0.0187279295       -2.0621301204        1.4615271179
 H         -0.4458015038       -0.4518138182        2.0184482872
 H          1.3455036407        0.6318503000        0.6239225853
 H         -5.5874860257       -0.7939455945       -0.4691523275
 H          4.0394573041        1.5866356103        0.9560857024
 H          4.4322854815        1.4599727112       -0.7634171476
 H          3.3159609129       -0.3467832544        2.1778501171
 H          3.3566126428       -0.4560925365       -2.0891833095
 H          2.7141745630       -2.7279336173        2.2351713795
 H          2.7486810941       -2.8393206994       -2.0334357312
 H          2.4198791436       -3.9822249991        0.1283241153

 ------------------------------------------------
 Generating MTD length from a flexibility measure
 ------------------------------------------------
 Calculating GFN0-xTB WBOs   ... done.
 Calculating NCI flexibility ... done.
     covalent flexibility measure :   0.249
 non-covalent flexibility measure :   0.658
 flexibility measure :   0.289
 t(MTD) / ps    :    13.0
 Σ(t(MTD)) / ps :   312.0 (24 MTDs)

 -----------------------------------
 Starting trial MTD to test settings
 -----------------------------------
 Trial MTD 1 runtime (1.0 ps) ...        0 min,  5.734 sec
 Estimated runtime for one MTD (13.0 ps) on a single thread: 1 min 15 sec
 Estimated runtime for a batch of 24 MTDs on 16 threads: 2 min 29 sec

********************************************************************************
**                    N E W   I T E R A T I O N  C Y C L E                    **
********************************************************************************

 ------------------------------
 Meta-Dynamics Iteration 1
 ------------------------------
 list of applied metadynamics Vbias parameters:
$metadyn    0.30750   1.618
$metadyn    0.15375   1.618
$metadyn    0.07687   1.618
$metadyn    0.03844   1.618
$metadyn    0.30750   1.000
$metadyn    0.15375   1.000
$metadyn    0.07687   1.000
$metadyn    0.03844   1.000
$metadyn    0.30750   0.618
$metadyn    0.15375   0.618
$metadyn    0.07687   0.618
$metadyn    0.03844   0.618
$metadyn    0.30750   0.382
$metadyn    0.15375   0.382
$metadyn    0.07687   0.382
$metadyn    0.03844   0.382
$metadyn    0.30750   0.236
$metadyn    0.15375   0.236
$metadyn    0.07687   0.236
$metadyn    0.03844   0.236
$metadyn    0.30750   0.146
$metadyn    0.15375   0.146
$metadyn    0.07687   0.146
$metadyn    0.03844   0.146

  ::::::::::::: starting MTD   20 :::::::::::::
  |   MD simulation time   :    13.0 ps       |
  |   target T             :   300.0 K        |
  |   timestep dt          :     5.0 fs       |
  |   dump interval(trj)   :   100.0 fs       |
  |   SHAKE algorithm      : true (all bonds) |
  |   dump interval(Vbias) :    1.00 ps       |
  |   Vbias prefactor (k)  :  0.0384 Eh       |
  |   Vbias exponent (α)   :  0.2361 bohr⁻²   |
  ::::::::::::: starting MTD   21 :::::::::::::
  |   MD simulation time   :    13.0 ps       |
  |   target T             :   300.0 K        |
  |   timestep dt          :     5.0 fs       |
  |   dump interval(trj)   :   100.0 fs       |
  |   SHAKE algorithm      : true (all bonds) |
  |   dump interval(Vbias) :    1.00 ps       |
  |   Vbias prefactor (k)  :  0.3075 Eh       |
  |   Vbias exponent (α)   :  0.1459 bohr⁻²   |
  ::::::::::::: starting MTD    5 :::::::::::::
  |   MD simulation time   :    13.0 ps       |
  |   target T             :   300.0 K        |
  |   timestep dt          :     5.0 fs       |
  |   dump interval(trj)   :   100.0 fs       |
  |   SHAKE algorithm      : true (all bonds) |
  |   dump interval(Vbias) :    1.00 ps       |
  |   Vbias prefactor (k)  :  0.3075 Eh       |
  |   Vbias exponent (α)   :  1.0000 bohr⁻²   |
  ::::::::::::: starting MTD    9 :::::::::::::
  |   MD simulation time   :    13.0 ps       |
  |   target T             :   300.0 K        |
  |   timestep dt          :     5.0 fs       |
  |   dump interval(trj)   :   100.0 fs       |
  |   SHAKE algorithm      : true (all bonds) |
  |   dump interval(Vbias) :    1.00 ps       |
  |   Vbias prefactor (k)  :  0.3075 Eh       |
  |   Vbias exponent (α)   :  0.6180 bohr⁻²   |
  ::::::::::::: starting MTD   19 :::::::::::::
  |   MD simulation time   :    13.0 ps       |
  |   target T             :   300.0 K        |
  |   timestep dt          :     5.0 fs       |
  |   dump interval(trj)   :   100.0 fs       |
  |   SHAKE algorithm      : true (all bonds) |
  |   dump interval(Vbias) :    1.00 ps       |
  |   Vbias prefactor (k)  :  0.0769 Eh       |
  |   Vbias exponent (α)   :  0.2361 bohr⁻²   |
  ::::::::::::: starting MTD   23 :::::::::::::
  |   MD simulation time   :    13.0 ps       |
  |   target T             :   300.0 K        |
  |   timestep dt          :     5.0 fs       |
  |   dump interval(trj)   :   100.0 fs       |
  |   SHAKE algorithm      : true (all bonds) |
  |   dump interval(Vbias) :    1.00 ps       |
  |   Vbias prefactor (k)  :  0.0769 Eh       |
  |   Vbias exponent (α)   :  0.1459 bohr⁻²   |
  ::::::::::::: starting MTD   15 :::::::::::::
  |   MD simulation time   :    13.0 ps       |
  |   target T             :   300.0 K        |
  |   timestep dt          :     5.0 fs       |
  |   dump interval(trj)   :   100.0 fs       |
  |   SHAKE algorithm      : true (all bonds) |
  |   dump interval(Vbias) :    1.00 ps       |
  |   Vbias prefactor (k)  :  0.0769 Eh       |
  |   Vbias exponent (α)   :  0.3820 bohr⁻²   |
  ::::::::::::: starting MTD   22 :::::::::::::
  |   MD simulation time   :    13.0 ps       |
  |   target T             :   300.0 K        |
  |   timestep dt          :     5.0 fs       |
  |   dump interval(trj)   :   100.0 fs       |
  |   SHAKE algorithm      : true (all bonds) |
  |   dump interval(Vbias) :    1.00 ps       |
  |   Vbias prefactor (k)  :  0.1537 Eh       |
  |   Vbias exponent (α)   :  0.1459 bohr⁻²   |
  ::::::::::::: starting MTD    7 :::::::::::::
  |   MD simulation time   :    13.0 ps       |
  |   target T             :   300.0 K        |
  |   timestep dt          :     5.0 fs       |
  |   dump interval(trj)   :   100.0 fs       |
  |   SHAKE algorithm      : true (all bonds) |
  |   dump interval(Vbias) :    1.00 ps       |
  |   Vbias prefactor (k)  :  0.0769 Eh       |
  |   Vbias exponent (α)   :  1.0000 bohr⁻²   |
  ::::::::::::: starting MTD   11 :::::::::::::
  |   MD simulation time   :    13.0 ps       |
  |   target T             :   300.0 K        |
  |   timestep dt          :     5.0 fs       |
  |   dump interval(trj)   :   100.0 fs       |
  |   SHAKE algorithm      : true (all bonds) |
  |   dump interval(Vbias) :    1.00 ps       |
  |   Vbias prefactor (k)  :  0.0769 Eh       |
  |   Vbias exponent (α)   :  0.6180 bohr⁻²   |
  ::::::::::::: starting MTD   17 :::::::::::::
  |   MD simulation time   :    13.0 ps       |
  |   target T             :   300.0 K        |
  |   timestep dt          :     5.0 fs       |
  |   dump interval(trj)   :   100.0 fs       |
  |   SHAKE algorithm      : true (all bonds) |
  |   dump interval(Vbias) :    1.00 ps       |
  |   Vbias prefactor (k)  :  0.3075 Eh       |
  |   Vbias exponent (α)   :  0.2361 bohr⁻²   |
  ::::::::::::: starting MTD   13 :::::::::::::
  |   MD simulation time   :    13.0 ps       |
  |   target T             :   300.0 K        |
  |   timestep dt          :     5.0 fs       |
  |   dump interval(trj)   :   100.0 fs       |
  |   SHAKE algorithm      : true (all bonds) |
  |   dump interval(Vbias) :    1.00 ps       |
  |   Vbias prefactor (k)  :  0.3075 Eh       |
  |   Vbias exponent (α)   :  0.3820 bohr⁻²   |
  ::::::::::::: starting MTD   18 :::::::::::::
  |   MD simulation time   :    13.0 ps       |
  |   target T             :   300.0 K        |
  |   timestep dt          :     5.0 fs       |
  |   dump interval(trj)   :   100.0 fs       |
  |   SHAKE algorithm      : true (all bonds) |
  |   dump interval(Vbias) :    1.00 ps       |
  |   Vbias prefactor (k)  :  0.1537 Eh       |
  |   Vbias exponent (α)   :  0.2361 bohr⁻²   |
  ::::::::::::: starting MTD   24 :::::::::::::
  |   MD simulation time   :    13.0 ps       |
  |   target T             :   300.0 K        |
  |   timestep dt          :     5.0 fs       |
  |   dump interval(trj)   :   100.0 fs       |
  |   SHAKE algorithm      : true (all bonds) |
  |   dump interval(Vbias) :    1.00 ps       |
  |   Vbias prefactor (k)  :  0.0384 Eh       |
  |   Vbias exponent (α)   :  0.1459 bohr⁻²   |
  ::::::::::::: starting MTD    3 :::::::::::::
  |   MD simulation time   :    13.0 ps       |
  |   target T             :   300.0 K        |
  |   timestep dt          :     5.0 fs       |
  |   dump interval(trj)   :   100.0 fs       |
  |   SHAKE algorithm      : true (all bonds) |
  |   dump interval(Vbias) :    1.00 ps       |
  |   Vbias prefactor (k)  :  0.0769 Eh       |
  |   Vbias exponent (α)   :  1.6180 bohr⁻²   |
  ::::::::::::: starting MTD    1 :::::::::::::
  |   MD simulation time   :    13.0 ps       |
  |   target T             :   300.0 K        |
  |   timestep dt          :     5.0 fs       |
  |   dump interval(trj)   :   100.0 fs       |
  |   SHAKE algorithm      : true (all bonds) |
  |   dump interval(Vbias) :    1.00 ps       |
  |   Vbias prefactor (k)  :  0.3075 Eh       |
  |   Vbias exponent (α)   :  1.6180 bohr⁻²   |
*MTD  15 completed successfully ...        1 min, 59.134 sec
  ::::::::::::: starting MTD   16 :::::::::::::
  |   MD simulation time   :    13.0 ps       |
  |   target T             :   300.0 K        |
  |   timestep dt          :     5.0 fs       |
  |   dump interval(trj)   :   100.0 fs       |
  |   SHAKE algorithm      : true (all bonds) |
  |   dump interval(Vbias) :    1.00 ps       |
  |   Vbias prefactor (k)  :  0.0384 Eh       |
  |   Vbias exponent (α)   :  0.3820 bohr⁻²   |
*MTD  11 completed successfully ...        1 min, 59.169 sec
  ::::::::::::: starting MTD   12 :::::::::::::
  |   MD simulation time   :    13.0 ps       |
  |   target T             :   300.0 K        |
  |   timestep dt          :     5.0 fs       |
  |   dump interval(trj)   :   100.0 fs       |
  |   SHAKE algorithm      : true (all bonds) |
  |   dump interval(Vbias) :    1.00 ps       |
  |   Vbias prefactor (k)  :  0.0384 Eh       |
  |   Vbias exponent (α)   :  0.6180 bohr⁻²   |
*MTD   7 completed successfully ...        1 min, 59.690 sec
  ::::::::::::: starting MTD    8 :::::::::::::
  |   MD simulation time   :    13.0 ps       |
  |   target T             :   300.0 K        |
  |   timestep dt          :     5.0 fs       |
  |   dump interval(trj)   :   100.0 fs       |
  |   SHAKE algorithm      : true (all bonds) |
  |   dump interval(Vbias) :    1.00 ps       |
  |   Vbias prefactor (k)  :  0.0384 Eh       |
  |   Vbias exponent (α)   :  1.0000 bohr⁻²   |
*MTD  18 completed successfully ...        1 min, 59.746 sec
*MTD   3 completed successfully ...        1 min, 59.774 sec
  ::::::::::::: starting MTD    4 :::::::::::::
  |   MD simulation time   :    13.0 ps       |
  |   target T             :   300.0 K        |
  |   timestep dt          :     5.0 fs       |
  |   dump interval(trj)   :   100.0 fs       |
  |   SHAKE algorithm      : true (all bonds) |
  |   dump interval(Vbias) :    1.00 ps       |
  |   Vbias prefactor (k)  :  0.0384 Eh       |
  |   Vbias exponent (α)   :  1.6180 bohr⁻²   |
*MTD  22 completed successfully ...        1 min, 59.805 sec
*MTD  24 completed successfully ...        1 min, 59.876 sec
*MTD  17 completed successfully ...        1 min, 59.923 sec
*MTD  19 completed successfully ...        2 min,  0.031 sec
*MTD   1 completed successfully ...        2 min,  0.057 sec
  ::::::::::::: starting MTD    2 :::::::::::::
  |   MD simulation time   :    13.0 ps       |
  |   target T             :   300.0 K        |
  |   timestep dt          :     5.0 fs       |
  |   dump interval(trj)   :   100.0 fs       |
  |   SHAKE algorithm      : true (all bonds) |
  |   dump interval(Vbias) :    1.00 ps       |
  |   Vbias prefactor (k)  :  0.1537 Eh       |
  |   Vbias exponent (α)   :  1.6180 bohr⁻²   |
*MTD   5 completed successfully ...        2 min,  0.111 sec
  ::::::::::::: starting MTD    6 :::::::::::::
  |   MD simulation time   :    13.0 ps       |
  |   target T             :   300.0 K        |
  |   timestep dt          :     5.0 fs       |
  |   dump interval(trj)   :   100.0 fs       |
  |   SHAKE algorithm      : true (all bonds) |
  |   dump interval(Vbias) :    1.00 ps       |
  |   Vbias prefactor (k)  :  0.1537 Eh       |
  |   Vbias exponent (α)   :  1.0000 bohr⁻²   |
*MTD  20 completed successfully ...        2 min,  0.141 sec
*MTD  13 completed successfully ...        2 min,  0.223 sec
  ::::::::::::: starting MTD   14 :::::::::::::
  |   MD simulation time   :    13.0 ps       |
  |   target T             :   300.0 K        |
  |   timestep dt          :     5.0 fs       |
  |   dump interval(trj)   :   100.0 fs       |
  |   SHAKE algorithm      : true (all bonds) |
  |   dump interval(Vbias) :    1.00 ps       |
  |   Vbias prefactor (k)  :  0.1537 Eh       |
  |   Vbias exponent (α)   :  0.3820 bohr⁻²   |
*MTD  23 completed successfully ...        2 min,  0.398 sec
*MTD   9 completed successfully ...        2 min,  0.407 sec
  ::::::::::::: starting MTD   10 :::::::::::::
  |   MD simulation time   :    13.0 ps       |
  |   target T             :   300.0 K        |
  |   timestep dt          :     5.0 fs       |
  |   dump interval(trj)   :   100.0 fs       |
  |   SHAKE algorithm      : true (all bonds) |
  |   dump interval(Vbias) :    1.00 ps       |
  |   Vbias prefactor (k)  :  0.1537 Eh       |
  |   Vbias exponent (α)   :  0.6180 bohr⁻²   |
*MTD  21 completed successfully ...        2 min,  1.295 sec
*MTD  16 completed successfully ...        1 min, 20.875 sec
*MTD   8 completed successfully ...        1 min, 20.631 sec
*MTD   2 completed successfully ...        1 min, 20.715 sec
*MTD   4 completed successfully ...        1 min, 21.028 sec
*MTD  12 completed successfully ...        1 min, 21.688 sec
*MTD   6 completed successfully ...        1 min, 20.839 sec
*MTD  14 completed successfully ...        1 min, 21.117 sec
*MTD  10 completed successfully ...        1 min, 20.995 sec

 ======================================
 |  Multilevel Ensemble Optimization  |
 ======================================
 Optimizing all 3096 structures from file "crest_dynamics.trj" ...
 ----------------------
 crude pre-optimization
 ----------------------
 Optimization engine: ANCOPT
 Hessian update type: BFGS
 E/G convergence criteria:  0.500E-03 Eh, 0.100E-01 Eh/a0
 maximum optimization steps: 200
 |>0.0% |>7.5% |>15.0% |>22.5% |>30.0% |>37.5% |>45.0% |>52.5% |>60.0% |>67.5% |>75.0% |>82.5% |>90.0% |>97.5% |>100.0%
 done.
> 3096 of 3096 structures successfully optimized (100.0% success)
> Total runtime for 3096 optimizations:
 * wall-time:     0 d,  0 h,  2 min, 26.464 sec
 *  cpu-time:     0 d,  0 h, 37 min, 37.837 sec
 * ratio c/w:    15.416 speedup
> Corresponding to approximately 0.047 sec per processed structure

CREGEN> running RMSDs ... done.
CREGEN> E lowest :   -68.83414
 2896 structures remain within    12.00 kcal/mol window
 ----------------------------------
 optimization with tight thresholds
 ----------------------------------
 Optimization engine: ANCOPT
 Hessian update type: BFGS
 E/G convergence criteria:  0.100E-05 Eh, 0.800E-03 Eh/a0
 maximum optimization steps: 200
 |>0.0% |>7.5% |>15.0% |>22.5% |>30.0% |>37.5% |>45.0% |>52.5% |>60.0% |>67.5% |>75.0% |>82.5% |>90.0% |>97.5% |>100.0%
 done.
> 2141 of 2896 structures successfully optimized (73.9% success)
> Total runtime for 2896 optimizations:
 * wall-time:     0 d,  0 h, 11 min, 46.303 sec
 *  cpu-time:     0 d,  3 h,  4 min,  4.183 sec
 * ratio c/w:    15.637 speedup
> Corresponding to approximately 0.244 sec per processed structure

CREGEN> running RMSDs ... done.
CREGEN> E lowest :   -68.83444
 480 structures remain within     6.00 kcal/mol window

========================================
           MTD Simulations done         
========================================
 Collecting ensmbles.
CREGEN> running RMSDs ... done.
CREGEN> E lowest :   -68.83444
 480 structures remain within     6.00 kcal/mol window
     H(298.15K)-H(0) (conf)      0.724060
                   Cp(conf)      3.055433
                    S(conf)      7.112513

********************************************************************************
**                     I T E R A T I O N    C Y C L E      1                  **
********************************************************************************
 -------------------------------------------
 determining bias structures via PCA/k-Means
 -------------------------------------------

 4 structures were selected
 done.

 -----------------------------------------------
 determining MTD seed structures via PCA/k-Means
 -----------------------------------------------

 35 structures were selected
 done.


 ===========================================================
 Static MTDs (umbrella sampling) on 35 selected conformer(s)
 ===========================================================
> Using 4 constant RMSD bias potentials per MTD
  :::::::::: starting static MTD   1 ::::::::::
  |   MD simulation time   :     6.5 ps       |
  |   target T             :   400.0 K        |
  |   timestep dt          :     5.0 fs       |
  |   dump interval(trj)   :   100.0 fs       |
  |   SHAKE algorithm      : true (all bonds) |
  |   Vbias prefactor (k)  :  0.0026 Eh       |
  |   Vbias exponent (α)   :  1.0000 bohr⁻²   |
  :::::::::: starting static MTD   8 ::::::::::
  |   MD simulation time   :     6.5 ps       |
  |   target T             :   400.0 K        |
  |   timestep dt          :     5.0 fs       |
  |   dump interval(trj)   :   100.0 fs       |
  |   SHAKE algorithm      : true (all bonds) |
  |   Vbias prefactor (k)  :  0.0026 Eh       |
  |   Vbias exponent (α)   :  1.0000 bohr⁻²   |
  :::::::::: starting static MTD  10 ::::::::::
  |   MD simulation time   :     6.5 ps       |
  |   target T             :   400.0 K        |
  |   timestep dt          :     5.0 fs       |
  |   dump interval(trj)   :   100.0 fs       |
  |   SHAKE algorithm      : true (all bonds) |
  |   Vbias prefactor (k)  :  0.0026 Eh       |
  |   Vbias exponent (α)   :  1.0000 bohr⁻²   |
  :::::::::: starting static MTD  14 ::::::::::
  |   MD simulation time   :     6.5 ps       |
  |   target T             :   400.0 K        |
  |   timestep dt          :     5.0 fs       |
  |   dump interval(trj)   :   100.0 fs       |
  |   SHAKE algorithm      : true (all bonds) |
  |   Vbias prefactor (k)  :  0.0026 Eh       |
  |   Vbias exponent (α)   :  1.0000 bohr⁻²   |
  :::::::::: starting static MTD  15 ::::::::::
  |   MD simulation time   :     6.5 ps       |
  |   target T             :   400.0 K        |
  |   timestep dt          :     5.0 fs       |
  |   dump interval(trj)   :   100.0 fs       |
  |   SHAKE algorithm      : true (all bonds) |
  |   Vbias prefactor (k)  :  0.0026 Eh       |
  |   Vbias exponent (α)   :  1.0000 bohr⁻²   |
  :::::::::: starting static MTD  12 ::::::::::
  |   MD simulation time   :     6.5 ps       |
  |   target T             :   400.0 K        |
  |   timestep dt          :     5.0 fs       |
  |   dump interval(trj)   :   100.0 fs       |
  |   SHAKE algorithm      : true (all bonds) |
  |   Vbias prefactor (k)  :  0.0026 Eh       |
  |   Vbias exponent (α)   :  1.0000 bohr⁻²   |
  :::::::::: starting static MTD  13 ::::::::::
  |   MD simulation time   :     6.5 ps       |
  |   target T             :   400.0 K        |
  |   timestep dt          :     5.0 fs       |
  |   dump interval(trj)   :   100.0 fs       |
  |   SHAKE algorithm      : true (all bonds) |
  |   Vbias prefactor (k)  :  0.0026 Eh       |
  |   Vbias exponent (α)   :  1.0000 bohr⁻²   |
  :::::::::: starting static MTD  35 ::::::::::
  |   MD simulation time   :     6.5 ps       |
  |   target T             :   400.0 K        |
  |   timestep dt          :     5.0 fs       |
  |   dump interval(trj)   :   100.0 fs       |
  |   SHAKE algorithm      : true (all bonds) |
  |   Vbias prefactor (k)  :  0.0026 Eh       |
  |   Vbias exponent (α)   :  1.0000 bohr⁻²   |
  :::::::::: starting static MTD   4 ::::::::::
  |   MD simulation time   :     6.5 ps       |
  |   target T             :   400.0 K        |
  |   timestep dt          :     5.0 fs       |
  |   dump interval(trj)   :   100.0 fs       |
  |   SHAKE algorithm      : true (all bonds) |
  |   Vbias prefactor (k)  :  0.0026 Eh       |
  |   Vbias exponent (α)   :  1.0000 bohr⁻²   |
  :::::::::: starting static MTD   7 ::::::::::
  |   MD simulation time   :     6.5 ps       |
  |   target T             :   400.0 K        |
  |   timestep dt          :     5.0 fs       |
  |   dump interval(trj)   :   100.0 fs       |
  |   SHAKE algorithm      : true (all bonds) |
  |   Vbias prefactor (k)  :  0.0026 Eh       |
  |   Vbias exponent (α)   :  1.0000 bohr⁻²   |
  :::::::::: starting static MTD   5 ::::::::::
  |   MD simulation time   :     6.5 ps       |
  |   target T             :   400.0 K        |
  |   timestep dt          :     5.0 fs       |
  |   dump interval(trj)   :   100.0 fs       |
  |   SHAKE algorithm      : true (all bonds) |
  |   Vbias prefactor (k)  :  0.0026 Eh       |
  |   Vbias exponent (α)   :  1.0000 bohr⁻²   |
  :::::::::: starting static MTD  11 ::::::::::
  |   MD simulation time   :     6.5 ps       |
  |   target T             :   400.0 K        |
  |   timestep dt          :     5.0 fs       |
  |   dump interval(trj)   :   100.0 fs       |
  |   SHAKE algorithm      : true (all bonds) |
  |   Vbias prefactor (k)  :  0.0026 Eh       |
  |   Vbias exponent (α)   :  1.0000 bohr⁻²   |
  :::::::::: starting static MTD   6 ::::::::::
  |   MD simulation time   :     6.5 ps       |
  |   target T             :   400.0 K        |
  |   timestep dt          :     5.0 fs       |
  |   dump interval(trj)   :   100.0 fs       |
  |   SHAKE algorithm      : true (all bonds) |
  |   Vbias prefactor (k)  :  0.0026 Eh       |
  |   Vbias exponent (α)   :  1.0000 bohr⁻²   |
  :::::::::: starting static MTD   9 ::::::::::
  |   MD simulation time   :     6.5 ps       |
  |   target T             :   400.0 K        |
  |   timestep dt          :     5.0 fs       |
  |   dump interval(trj)   :   100.0 fs       |
  |   SHAKE algorithm      : true (all bonds) |
  |   Vbias prefactor (k)  :  0.0026 Eh       |
  |   Vbias exponent (α)   :  1.0000 bohr⁻²   |
  :::::::::: starting static MTD   2 ::::::::::
  |   MD simulation time   :     6.5 ps       |
  |   target T             :   400.0 K        |
  |   timestep dt          :     5.0 fs       |
  |   dump interval(trj)   :   100.0 fs       |
  |   SHAKE algorithm      : true (all bonds) |
  |   Vbias prefactor (k)  :  0.0026 Eh       |
  |   Vbias exponent (α)   :  1.0000 bohr⁻²   |
  :::::::::: starting static MTD   3 ::::::::::
  |   MD simulation time   :     6.5 ps       |
  |   target T             :   400.0 K        |
  |   timestep dt          :     5.0 fs       |
  |   dump interval(trj)   :   100.0 fs       |
  |   SHAKE algorithm      : true (all bonds) |
  |   Vbias prefactor (k)  :  0.0026 Eh       |
  |   Vbias exponent (α)   :  1.0000 bohr⁻²   |
*sMTD  35 completed successfully ...        1 min,  0.245 sec
  :::::::::: starting static MTD  34 ::::::::::
  |   MD simulation time   :     6.5 ps       |
  |   target T             :   400.0 K        |
  |   timestep dt          :     5.0 fs       |
  |   dump interval(trj)   :   100.0 fs       |
  |   SHAKE algorithm      : true (all bonds) |
  |   Vbias prefactor (k)  :  0.0026 Eh       |
  |   Vbias exponent (α)   :  1.0000 bohr⁻²   |
*sMTD  15 completed successfully ...        1 min,  1.033 sec
  :::::::::: starting static MTD  16 ::::::::::
  |   MD simulation time   :     6.5 ps       |
  |   target T             :   400.0 K        |
  |   timestep dt          :     5.0 fs       |
  |   dump interval(trj)   :   100.0 fs       |
  |   SHAKE algorithm      : true (all bonds) |
  |   Vbias prefactor (k)  :  0.0026 Eh       |
  |   Vbias exponent (α)   :  1.0000 bohr⁻²   |
*sMTD   7 completed successfully ...        1 min,  1.154 sec
  :::::::::: starting static MTD  17 ::::::::::
  |   MD simulation time   :     6.5 ps       |
  |   target T             :   400.0 K        |
  |   timestep dt          :     5.0 fs       |
  |   dump interval(trj)   :   100.0 fs       |
  |   SHAKE algorithm      : true (all bonds) |
  |   Vbias prefactor (k)  :  0.0026 Eh       |
  |   Vbias exponent (α)   :  1.0000 bohr⁻²   |
*sMTD   6 completed successfully ...        1 min,  1.323 sec
  :::::::::: starting static MTD  18 ::::::::::
  |   MD simulation time   :     6.5 ps       |
  |   target T             :   400.0 K        |
  |   timestep dt          :     5.0 fs       |
  |   dump interval(trj)   :   100.0 fs       |
  |   SHAKE algorithm      : true (all bonds) |
  |   Vbias prefactor (k)  :  0.0026 Eh       |
  |   Vbias exponent (α)   :  1.0000 bohr⁻²   |
*sMTD   2 completed successfully ...        1 min,  1.332 sec
  :::::::::: starting static MTD  19 ::::::::::
  |   MD simulation time   :     6.5 ps       |
  |   target T             :   400.0 K        |
  |   timestep dt          :     5.0 fs       |
  |   dump interval(trj)   :   100.0 fs       |
  |   SHAKE algorithm      : true (all bonds) |
  |   Vbias prefactor (k)  :  0.0026 Eh       |
  |   Vbias exponent (α)   :  1.0000 bohr⁻²   |
*sMTD   4 completed successfully ...        1 min,  1.503 sec
  :::::::::: starting static MTD  20 ::::::::::
  |   MD simulation time   :     6.5 ps       |
  |   target T             :   400.0 K        |
  |   timestep dt          :     5.0 fs       |
  |   dump interval(trj)   :   100.0 fs       |
  |   SHAKE algorithm      : true (all bonds) |
  |   Vbias prefactor (k)  :  0.0026 Eh       |
  |   Vbias exponent (α)   :  1.0000 bohr⁻²   |
*sMTD   9 completed successfully ...        1 min,  1.594 sec
  :::::::::: starting static MTD  21 ::::::::::
  |   MD simulation time   :     6.5 ps       |
  |   target T             :   400.0 K        |
  |   timestep dt          :     5.0 fs       |
  |   dump interval(trj)   :   100.0 fs       |
  |   SHAKE algorithm      : true (all bonds) |
  |   Vbias prefactor (k)  :  0.0026 Eh       |
  |   Vbias exponent (α)   :  1.0000 bohr⁻²   |
*sMTD   5 completed successfully ...        1 min,  1.750 sec
  :::::::::: starting static MTD  22 ::::::::::
  |   MD simulation time   :     6.5 ps       |
  |   target T             :   400.0 K        |
  |   timestep dt          :     5.0 fs       |
  |   dump interval(trj)   :   100.0 fs       |
  |   SHAKE algorithm      : true (all bonds) |
  |   Vbias prefactor (k)  :  0.0026 Eh       |
  |   Vbias exponent (α)   :  1.0000 bohr⁻²   |
*sMTD  12 completed successfully ...        1 min,  1.806 sec
  :::::::::: starting static MTD  23 ::::::::::
  |   MD simulation time   :     6.5 ps       |
  |   target T             :   400.0 K        |
  |   timestep dt          :     5.0 fs       |
  |   dump interval(trj)   :   100.0 fs       |
  |   SHAKE algorithm      : true (all bonds) |
  |   Vbias prefactor (k)  :  0.0026 Eh       |
  |   Vbias exponent (α)   :  1.0000 bohr⁻²   |
*sMTD   3 completed successfully ...        1 min,  1.919 sec
  :::::::::: starting static MTD  24 ::::::::::
  |   MD simulation time   :     6.5 ps       |
  |   target T             :   400.0 K        |
  |   timestep dt          :     5.0 fs       |
  |   dump interval(trj)   :   100.0 fs       |
  |   SHAKE algorithm      : true (all bonds) |
  |   Vbias prefactor (k)  :  0.0026 Eh       |
  |   Vbias exponent (α)   :  1.0000 bohr⁻²   |
*sMTD  11 completed successfully ...        1 min,  1.995 sec
  :::::::::: starting static MTD  25 ::::::::::
  |   MD simulation time   :     6.5 ps       |
  |   target T             :   400.0 K        |
  |   timestep dt          :     5.0 fs       |
  |   dump interval(trj)   :   100.0 fs       |
  |   SHAKE algorithm      : true (all bonds) |
  |   Vbias prefactor (k)  :  0.0026 Eh       |
  |   Vbias exponent (α)   :  1.0000 bohr⁻²   |
*sMTD  10 completed successfully ...        1 min,  2.223 sec
  :::::::::: starting static MTD  26 ::::::::::
  |   MD simulation time   :     6.5 ps       |
  |   target T             :   400.0 K        |
  |   timestep dt          :     5.0 fs       |
  |   dump interval(trj)   :   100.0 fs       |
  |   SHAKE algorithm      : true (all bonds) |
  |   Vbias prefactor (k)  :  0.0026 Eh       |
  |   Vbias exponent (α)   :  1.0000 bohr⁻²   |
*sMTD   1 completed successfully ...        1 min,  2.272 sec
  :::::::::: starting static MTD  27 ::::::::::
  |   MD simulation time   :     6.5 ps       |
  |   target T             :   400.0 K        |
  |   timestep dt          :     5.0 fs       |
  |   dump interval(trj)   :   100.0 fs       |
  |   SHAKE algorithm      : true (all bonds) |
  |   Vbias prefactor (k)  :  0.0026 Eh       |
  |   Vbias exponent (α)   :  1.0000 bohr⁻²   |
*sMTD  13 completed successfully ...        1 min,  2.856 sec
  :::::::::: starting static MTD  28 ::::::::::
  |   MD simulation time   :     6.5 ps       |
  |   target T             :   400.0 K        |
  |   timestep dt          :     5.0 fs       |
  |   dump interval(trj)   :   100.0 fs       |
  |   SHAKE algorithm      : true (all bonds) |
  |   Vbias prefactor (k)  :  0.0026 Eh       |
  |   Vbias exponent (α)   :  1.0000 bohr⁻²   |
*sMTD   8 completed successfully ...        1 min,  2.975 sec
  :::::::::: starting static MTD  29 ::::::::::
  |   MD simulation time   :     6.5 ps       |
  |   target T             :   400.0 K        |
  |   timestep dt          :     5.0 fs       |
  |   dump interval(trj)   :   100.0 fs       |
  |   SHAKE algorithm      : true (all bonds) |
  |   Vbias prefactor (k)  :  0.0026 Eh       |
  |   Vbias exponent (α)   :  1.0000 bohr⁻²   |
*sMTD  14 completed successfully ...        1 min,  3.083 sec
  :::::::::: starting static MTD  30 ::::::::::
  |   MD simulation time   :     6.5 ps       |
  |   target T             :   400.0 K        |
  |   timestep dt          :     5.0 fs       |
  |   dump interval(trj)   :   100.0 fs       |
  |   SHAKE algorithm      : true (all bonds) |
  |   Vbias prefactor (k)  :  0.0026 Eh       |
  |   Vbias exponent (α)   :  1.0000 bohr⁻²   |
*sMTD  34 completed successfully ...        0 min, 59.910 sec
  :::::::::: starting static MTD  33 ::::::::::
  |   MD simulation time   :     6.5 ps       |
  |   target T             :   400.0 K        |
  |   timestep dt          :     5.0 fs       |
  |   dump interval(trj)   :   100.0 fs       |
  |   SHAKE algorithm      : true (all bonds) |
  |   Vbias prefactor (k)  :  0.0026 Eh       |
  |   Vbias exponent (α)   :  1.0000 bohr⁻²   |
*sMTD  25 completed successfully ...        1 min,  0.143 sec
  :::::::::: starting static MTD  31 ::::::::::
  |   MD simulation time   :     6.5 ps       |
  |   target T             :   400.0 K        |
  |   timestep dt          :     5.0 fs       |
  |   dump interval(trj)   :   100.0 fs       |
  |   SHAKE algorithm      : true (all bonds) |
  |   Vbias prefactor (k)  :  0.0026 Eh       |
  |   Vbias exponent (α)   :  1.0000 bohr⁻²   |
*sMTD  20 completed successfully ...        1 min,  0.848 sec
  :::::::::: starting static MTD  32 ::::::::::
  |   MD simulation time   :     6.5 ps       |
  |   target T             :   400.0 K        |
  |   timestep dt          :     5.0 fs       |
  |   dump interval(trj)   :   100.0 fs       |
  |   SHAKE algorithm      : true (all bonds) |
  |   Vbias prefactor (k)  :  0.0026 Eh       |
  |   Vbias exponent (α)   :  1.0000 bohr⁻²   |
*sMTD  16 completed successfully ...        1 min,  1.380 sec
*sMTD  23 completed successfully ...        1 min,  0.623 sec
*sMTD  24 completed successfully ...        1 min,  0.703 sec
*sMTD  22 completed successfully ...        1 min,  0.875 sec
*sMTD  19 completed successfully ...        1 min,  1.431 sec
*sMTD  17 completed successfully ...        1 min,  1.845 sec
*sMTD  21 completed successfully ...        1 min,  1.463 sec
*sMTD  18 completed successfully ...        1 min,  1.828 sec
*sMTD  27 completed successfully ...        1 min,  1.046 sec
*sMTD  28 completed successfully ...        1 min,  0.586 sec
*sMTD  26 completed successfully ...        1 min,  1.232 sec
*sMTD  29 completed successfully ...        1 min,  0.490 sec
*sMTD  30 completed successfully ...        1 min,  0.460 sec
*sMTD  33 completed successfully ...        0 min, 39.215 sec
*sMTD  32 completed successfully ...        0 min, 37.929 sec
*sMTD  31 completed successfully ...        0 min, 38.357 sec

 ======================================
 |  Multilevel Ensemble Optimization  |
 ======================================
 Optimizing all 2240 structures from file "crest_rotamers_0.xyz" ...
 ----------------------
 crude pre-optimization
 ----------------------
 Optimization engine: ANCOPT
 Hessian update type: BFGS
 E/G convergence criteria:  0.500E-03 Eh, 0.100E-01 Eh/a0
 maximum optimization steps: 200
 |>0.0% |>7.5% |>15.0% |>22.5% |>30.0% |>37.5% |>45.0% |>52.5% |>60.0% |>67.5% |>75.0% |>82.5% |>90.0% |>97.5% |>100.0%
 done.
> 2240 of 2240 structures successfully optimized (100.0% success)
> Total runtime for 2240 optimizations:
 * wall-time:     0 d,  0 h,  1 min,  0.597 sec
 *  cpu-time:     0 d,  0 h, 15 min, 35.497 sec
 * ratio c/w:    15.438 speedup
> Corresponding to approximately 0.027 sec per processed structure

CREGEN> running RMSDs ... done.
CREGEN> E lowest :   -68.83388
 1872 structures remain within    12.00 kcal/mol window
 ---------------------------------------
 optimization with very tight thresholds
 ---------------------------------------
 Optimization engine: ANCOPT
 Hessian update type: BFGS
 E/G convergence criteria:  0.100E-06 Eh, 0.200E-03 Eh/a0
 maximum optimization steps: 200
 |>0.1% |>7.5% |>15.0% |>22.5% |>30.0% |>37.5% |>45.0% |>52.5% |>60.0% |>67.5% |>75.0% |>82.5% |>90.0% |>97.5% |>100.0%
 done.
> 1380 of 1872 structures successfully optimized (73.7% success)
> Total runtime for 1872 optimizations:
 * wall-time:     0 d,  0 h,  7 min, 42.231 sec
 *  cpu-time:     0 d,  2 h,  0 min, 52.389 sec
 * ratio c/w:    15.690 speedup
> Corresponding to approximately 0.247 sec per processed structure

CREGEN> running RMSDs ... done.
CREGEN> E lowest :   -68.83444
 158 structures remain within     6.00 kcal/mol window
CREGEN> running RMSDs ... done.
CREGEN> E lowest :   -68.83444

 Static MTD simulation iteration 1 finished
 A total of 165 conformers (+ 7.88%) in crest_conformers.xyz
 S(approx.) =    7.263657 cal/molK (dS = 2.04%)
 Convergence w.r.t. conformers: F
 Convergence w.r.t. entropy   : F

     H(298.15K)-H(0) (conf)      0.793212
                   Cp(conf)      3.461517
                    S(conf)      7.260841

********************************************************************************
**                     I T E R A T I O N    C Y C L E      2                  **
********************************************************************************
 -------------------------------------------
 determining bias structures via PCA/k-Means
 -------------------------------------------

 5 structures were selected
 done.

 -----------------------------------------------
 determining MTD seed structures via PCA/k-Means
 -----------------------------------------------

 36 structures were selected
 done.


 ===========================================================
 Static MTDs (umbrella sampling) on 36 selected conformer(s)
 ===========================================================
> Using 5 constant RMSD bias potentials per MTD
  :::::::::: starting static MTD   1 ::::::::::
  |   MD simulation time   :     6.5 ps       |
  |   target T             :   400.0 K        |
  |   timestep dt          :     5.0 fs       |
  |   dump interval(trj)   :   100.0 fs       |
  |   SHAKE algorithm      : true (all bonds) |
  |   Vbias prefactor (k)  :  0.0026 Eh       |
  |   Vbias exponent (α)   :  1.0000 bohr⁻²   |
  :::::::::: starting static MTD  12 ::::::::::
  |   MD simulation time   :     6.5 ps       |
  |   target T             :   400.0 K        |
  |   timestep dt          :     5.0 fs       |
  |   dump interval(trj)   :   100.0 fs       |
  |   SHAKE algorithm      : true (all bonds) |
  |   Vbias prefactor (k)  :  0.0026 Eh       |
  |   Vbias exponent (α)   :  1.0000 bohr⁻²   |
  :::::::::: starting static MTD   4 ::::::::::
  |   MD simulation time   :     6.5 ps       |
  |   target T             :   400.0 K        |
  |   timestep dt          :     5.0 fs       |
  |   dump interval(trj)   :   100.0 fs       |
  |   SHAKE algorithm      : true (all bonds) |
  |   Vbias prefactor (k)  :  0.0026 Eh       |
  |   Vbias exponent (α)   :  1.0000 bohr⁻²   |
  :::::::::: starting static MTD   7 ::::::::::
  |   MD simulation time   :     6.5 ps       |
  |   target T             :   400.0 K        |
  |   timestep dt          :     5.0 fs       |
  |   dump interval(trj)   :   100.0 fs       |
  |   SHAKE algorithm      : true (all bonds) |
  |   Vbias prefactor (k)  :  0.0026 Eh       |
  |   Vbias exponent (α)   :  1.0000 bohr⁻²   |
  :::::::::: starting static MTD  36 ::::::::::
  |   MD simulation time   :     6.5 ps       |
  |   target T             :   400.0 K        |
  |   timestep dt          :     5.0 fs       |
  |   dump interval(trj)   :   100.0 fs       |
  |   SHAKE algorithm      : true (all bonds) |
  |   Vbias prefactor (k)  :  0.0026 Eh       |
  |   Vbias exponent (α)   :  1.0000 bohr⁻²   |
  :::::::::: starting static MTD  10 ::::::::::
  |   MD simulation time   :     6.5 ps       |
  |   target T             :   400.0 K        |
  |   timestep dt          :     5.0 fs       |
  |   dump interval(trj)   :   100.0 fs       |
  |   SHAKE algorithm      : true (all bonds) |
  |   Vbias prefactor (k)  :  0.0026 Eh       |
  |   Vbias exponent (α)   :  1.0000 bohr⁻²   |
  :::::::::: starting static MTD   9 ::::::::::
  |   MD simulation time   :     6.5 ps       |
  |   target T             :   400.0 K        |
  |   timestep dt          :     5.0 fs       |
  |   dump interval(trj)   :   100.0 fs       |
  |   SHAKE algorithm      : true (all bonds) |
  |   Vbias prefactor (k)  :  0.0026 Eh       |
  |   Vbias exponent (α)   :  1.0000 bohr⁻²   |
  :::::::::: starting static MTD   5 ::::::::::
  |   MD simulation time   :     6.5 ps       |
  |   target T             :   400.0 K        |
  |   timestep dt          :     5.0 fs       |
  |   dump interval(trj)   :   100.0 fs       |
  |   SHAKE algorithm      : true (all bonds) |
  |   Vbias prefactor (k)  :  0.0026 Eh       |
  |   Vbias exponent (α)   :  1.0000 bohr⁻²   |
  :::::::::: starting static MTD   3 ::::::::::
  |   MD simulation time   :     6.5 ps       |
  |   target T             :   400.0 K        |
  |   timestep dt          :     5.0 fs       |
  |   dump interval(trj)   :   100.0 fs       |
  |   SHAKE algorithm      : true (all bonds) |
  |   Vbias prefactor (k)  :  0.0026 Eh       |
  |   Vbias exponent (α)   :  1.0000 bohr⁻²   |
  :::::::::: starting static MTD   8 ::::::::::
  |   MD simulation time   :     6.5 ps       |
  |   target T             :   400.0 K        |
  |   timestep dt          :     5.0 fs       |
  |   dump interval(trj)   :   100.0 fs       |
  |   SHAKE algorithm      : true (all bonds) |
  |   Vbias prefactor (k)  :  0.0026 Eh       |
  |   Vbias exponent (α)   :  1.0000 bohr⁻²   |
  :::::::::: starting static MTD   6 ::::::::::
  |   MD simulation time   :     6.5 ps       |
  |   target T             :   400.0 K        |
  |   timestep dt          :     5.0 fs       |
  |   dump interval(trj)   :   100.0 fs       |
  |   SHAKE algorithm      : true (all bonds) |
  |   Vbias prefactor (k)  :  0.0026 Eh       |
  |   Vbias exponent (α)   :  1.0000 bohr⁻²   |
  :::::::::: starting static MTD  13 ::::::::::
  |   MD simulation time   :     6.5 ps       |
  |   target T             :   400.0 K        |
  |   timestep dt          :     5.0 fs       |
  |   dump interval(trj)   :   100.0 fs       |
  |   SHAKE algorithm      : true (all bonds) |
  |   Vbias prefactor (k)  :  0.0026 Eh       |
  |   Vbias exponent (α)   :  1.0000 bohr⁻²   |
  :::::::::: starting static MTD   2 ::::::::::
  |   MD simulation time   :     6.5 ps       |
  |   target T             :   400.0 K        |
  |   timestep dt          :     5.0 fs       |
  |   dump interval(trj)   :   100.0 fs       |
  |   SHAKE algorithm      : true (all bonds) |
  |   Vbias prefactor (k)  :  0.0026 Eh       |
  |   Vbias exponent (α)   :  1.0000 bohr⁻²   |
  :::::::::: starting static MTD  15 ::::::::::
  |   MD simulation time   :     6.5 ps       |
  |   target T             :   400.0 K        |
  |   timestep dt          :     5.0 fs       |
  |   dump interval(trj)   :   100.0 fs       |
  |   SHAKE algorithm      : true (all bonds) |
  |   Vbias prefactor (k)  :  0.0026 Eh       |
  |   Vbias exponent (α)   :  1.0000 bohr⁻²   |
  :::::::::: starting static MTD  11 ::::::::::
  |   MD simulation time   :     6.5 ps       |
  |   target T             :   400.0 K        |
  |   timestep dt          :     5.0 fs       |
  |   dump interval(trj)   :   100.0 fs       |
  |   SHAKE algorithm      : true (all bonds) |
  |   Vbias prefactor (k)  :  0.0026 Eh       |
  |   Vbias exponent (α)   :  1.0000 bohr⁻²   |
  :::::::::: starting static MTD  14 ::::::::::
  |   MD simulation time   :     6.5 ps       |
  |   target T             :   400.0 K        |
  |   timestep dt          :     5.0 fs       |
  |   dump interval(trj)   :   100.0 fs       |
  |   SHAKE algorithm      : true (all bonds) |
  |   Vbias prefactor (k)  :  0.0026 Eh       |
  |   Vbias exponent (α)   :  1.0000 bohr⁻²   |
*sMTD  11 completed successfully ...        1 min,  0.615 sec
  :::::::::: starting static MTD  16 ::::::::::
  |   MD simulation time   :     6.5 ps       |
  |   target T             :   400.0 K        |
  |   timestep dt          :     5.0 fs       |
  |   dump interval(trj)   :   100.0 fs       |
  |   SHAKE algorithm      : true (all bonds) |
  |   Vbias prefactor (k)  :  0.0026 Eh       |
  |   Vbias exponent (α)   :  1.0000 bohr⁻²   |
*sMTD   4 completed successfully ...        1 min,  0.746 sec
  :::::::::: starting static MTD  17 ::::::::::
  |   MD simulation time   :     6.5 ps       |
  |   target T             :   400.0 K        |
  |   timestep dt          :     5.0 fs       |
  |   dump interval(trj)   :   100.0 fs       |
  |   SHAKE algorithm      : true (all bonds) |
  |   Vbias prefactor (k)  :  0.0026 Eh       |
  |   Vbias exponent (α)   :  1.0000 bohr⁻²   |
*sMTD  36 completed successfully ...        1 min,  0.995 sec
  :::::::::: starting static MTD  35 ::::::::::
  |   MD simulation time   :     6.5 ps       |
  |   target T             :   400.0 K        |
  |   timestep dt          :     5.0 fs       |
  |   dump interval(trj)   :   100.0 fs       |
  |   SHAKE algorithm      : true (all bonds) |
  |   Vbias prefactor (k)  :  0.0026 Eh       |
  |   Vbias exponent (α)   :  1.0000 bohr⁻²   |
*sMTD  10 completed successfully ...        1 min,  1.165 sec
  :::::::::: starting static MTD  18 ::::::::::
  |   MD simulation time   :     6.5 ps       |
  |   target T             :   400.0 K        |
  |   timestep dt          :     5.0 fs       |
  |   dump interval(trj)   :   100.0 fs       |
  |   SHAKE algorithm      : true (all bonds) |
  |   Vbias prefactor (k)  :  0.0026 Eh       |
  |   Vbias exponent (α)   :  1.0000 bohr⁻²   |
*sMTD   8 completed successfully ...        1 min,  1.195 sec
  :::::::::: starting static MTD  19 ::::::::::
  |   MD simulation time   :     6.5 ps       |
  |   target T             :   400.0 K        |
  |   timestep dt          :     5.0 fs       |
  |   dump interval(trj)   :   100.0 fs       |
  |   SHAKE algorithm      : true (all bonds) |
  |   Vbias prefactor (k)  :  0.0026 Eh       |
  |   Vbias exponent (α)   :  1.0000 bohr⁻²   |
*sMTD   1 completed successfully ...        1 min,  1.218 sec
  :::::::::: starting static MTD  20 ::::::::::
  |   MD simulation time   :     6.5 ps       |
  |   target T             :   400.0 K        |
  |   timestep dt          :     5.0 fs       |
  |   dump interval(trj)   :   100.0 fs       |
  |   SHAKE algorithm      : true (all bonds) |
  |   Vbias prefactor (k)  :  0.0026 Eh       |
  |   Vbias exponent (α)   :  1.0000 bohr⁻²   |
*sMTD   2 completed successfully ...        1 min,  1.523 sec
  :::::::::: starting static MTD  21 ::::::::::
  |   MD simulation time   :     6.5 ps       |
  |   target T             :   400.0 K        |
  |   timestep dt          :     5.0 fs       |
  |   dump interval(trj)   :   100.0 fs       |
  |   SHAKE algorithm      : true (all bonds) |
  |   Vbias prefactor (k)  :  0.0026 Eh       |
  |   Vbias exponent (α)   :  1.0000 bohr⁻²   |
*sMTD  14 completed successfully ...        1 min,  1.528 sec
  :::::::::: starting static MTD  22 ::::::::::
  |   MD simulation time   :     6.5 ps       |
  |   target T             :   400.0 K        |
  |   timestep dt          :     5.0 fs       |
  |   dump interval(trj)   :   100.0 fs       |
  |   SHAKE algorithm      : true (all bonds) |
  |   Vbias prefactor (k)  :  0.0026 Eh       |
  |   Vbias exponent (α)   :  1.0000 bohr⁻²   |
*sMTD  15 completed successfully ...        1 min,  1.528 sec
  :::::::::: starting static MTD  23 ::::::::::
  |   MD simulation time   :     6.5 ps       |
  |   target T             :   400.0 K        |
  |   timestep dt          :     5.0 fs       |
  |   dump interval(trj)   :   100.0 fs       |
  |   SHAKE algorithm      : true (all bonds) |
  |   Vbias prefactor (k)  :  0.0026 Eh       |
  |   Vbias exponent (α)   :  1.0000 bohr⁻²   |
*sMTD  13 completed successfully ...        1 min,  1.530 sec
  :::::::::: starting static MTD  24 ::::::::::
  |   MD simulation time   :     6.5 ps       |
  |   target T             :   400.0 K        |
  |   timestep dt          :     5.0 fs       |
  |   dump interval(trj)   :   100.0 fs       |
  |   SHAKE algorithm      : true (all bonds) |
  |   Vbias prefactor (k)  :  0.0026 Eh       |
  |   Vbias exponent (α)   :  1.0000 bohr⁻²   |
*sMTD   3 completed successfully ...        1 min,  1.574 sec
  :::::::::: starting static MTD  25 ::::::::::
  |   MD simulation time   :     6.5 ps       |
  |   target T             :   400.0 K        |
  |   timestep dt          :     5.0 fs       |
  |   dump interval(trj)   :   100.0 fs       |
  |   SHAKE algorithm      : true (all bonds) |
  |   Vbias prefactor (k)  :  0.0026 Eh       |
  |   Vbias exponent (α)   :  1.0000 bohr⁻²   |
*sMTD  12 completed successfully ...        1 min,  1.788 sec
  :::::::::: starting static MTD  26 ::::::::::
  |   MD simulation time   :     6.5 ps       |
  |   target T             :   400.0 K        |
  |   timestep dt          :     5.0 fs       |
  |   dump interval(trj)   :   100.0 fs       |
  |   SHAKE algorithm      : true (all bonds) |
  |   Vbias prefactor (k)  :  0.0026 Eh       |
  |   Vbias exponent (α)   :  1.0000 bohr⁻²   |
*sMTD   7 completed successfully ...        1 min,  1.950 sec
  :::::::::: starting static MTD  27 ::::::::::
  |   MD simulation time   :     6.5 ps       |
  |   target T             :   400.0 K        |
  |   timestep dt          :     5.0 fs       |
  |   dump interval(trj)   :   100.0 fs       |
  |   SHAKE algorithm      : true (all bonds) |
  |   Vbias prefactor (k)  :  0.0026 Eh       |
  |   Vbias exponent (α)   :  1.0000 bohr⁻²   |
*sMTD   5 completed successfully ...        1 min,  1.978 sec
  :::::::::: starting static MTD  28 ::::::::::
  |   MD simulation time   :     6.5 ps       |
  |   target T             :   400.0 K        |
  |   timestep dt          :     5.0 fs       |
  |   dump interval(trj)   :   100.0 fs       |
  |   SHAKE algorithm      : true (all bonds) |
  |   Vbias prefactor (k)  :  0.0026 Eh       |
  |   Vbias exponent (α)   :  1.0000 bohr⁻²   |
*sMTD   6 completed successfully ...        1 min,  3.358 sec
  :::::::::: starting static MTD  29 ::::::::::
  |   MD simulation time   :     6.5 ps       |
  |   target T             :   400.0 K        |
  |   timestep dt          :     5.0 fs       |
  |   dump interval(trj)   :   100.0 fs       |
  |   SHAKE algorithm      : true (all bonds) |
  |   Vbias prefactor (k)  :  0.0026 Eh       |
  |   Vbias exponent (α)   :  1.0000 bohr⁻²   |
*sMTD   9 completed successfully ...        1 min,  3.605 sec
  :::::::::: starting static MTD  30 ::::::::::
  |   MD simulation time   :     6.5 ps       |
  |   target T             :   400.0 K        |
  |   timestep dt          :     5.0 fs       |
  |   dump interval(trj)   :   100.0 fs       |
  |   SHAKE algorithm      : true (all bonds) |
  |   Vbias prefactor (k)  :  0.0026 Eh       |
  |   Vbias exponent (α)   :  1.0000 bohr⁻²   |
*sMTD  35 completed successfully ...        1 min,  0.454 sec
  :::::::::: starting static MTD  34 ::::::::::
  |   MD simulation time   :     6.5 ps       |
  |   target T             :   400.0 K        |
  |   timestep dt          :     5.0 fs       |
  |   dump interval(trj)   :   100.0 fs       |
  |   SHAKE algorithm      : true (all bonds) |
  |   Vbias prefactor (k)  :  0.0026 Eh       |
  |   Vbias exponent (α)   :  1.0000 bohr⁻²   |
*sMTD  16 completed successfully ...        1 min,  0.939 sec
  :::::::::: starting static MTD  31 ::::::::::
  |   MD simulation time   :     6.5 ps       |
  |   target T             :   400.0 K        |
  |   timestep dt          :     5.0 fs       |
  |   dump interval(trj)   :   100.0 fs       |
  |   SHAKE algorithm      : true (all bonds) |
  |   Vbias prefactor (k)  :  0.0026 Eh       |
  |   Vbias exponent (α)   :  1.0000 bohr⁻²   |
*sMTD  17 completed successfully ...        1 min,  0.864 sec
  :::::::::: starting static MTD  32 ::::::::::
  |   MD simulation time   :     6.5 ps       |
  |   target T             :   400.0 K        |
  |   timestep dt          :     5.0 fs       |
  |   dump interval(trj)   :   100.0 fs       |
  |   SHAKE algorithm      : true (all bonds) |
  |   Vbias prefactor (k)  :  0.0026 Eh       |
  |   Vbias exponent (α)   :  1.0000 bohr⁻²   |
*sMTD  19 completed successfully ...        1 min,  0.695 sec
  :::::::::: starting static MTD  33 ::::::::::
  |   MD simulation time   :     6.5 ps       |
  |   target T             :   400.0 K        |
  |   timestep dt          :     5.0 fs       |
  |   dump interval(trj)   :   100.0 fs       |
  |   SHAKE algorithm      : true (all bonds) |
  |   Vbias prefactor (k)  :  0.0026 Eh       |
  |   Vbias exponent (α)   :  1.0000 bohr⁻²   |
*sMTD  24 completed successfully ...        1 min,  0.515 sec
*sMTD  18 completed successfully ...        1 min,  1.052 sec
*sMTD  25 completed successfully ...        1 min,  0.703 sec
*sMTD  23 completed successfully ...        1 min,  0.769 sec
*sMTD  27 completed successfully ...        1 min,  0.720 sec
*sMTD  21 completed successfully ...        1 min,  1.573 sec
*sMTD  20 completed successfully ...        1 min,  1.947 sec
*sMTD  29 completed successfully ...        0 min, 59.844 sec
*sMTD  26 completed successfully ...        1 min,  1.599 sec
*sMTD  28 completed successfully ...        1 min,  1.427 sec
*sMTD  22 completed successfully ...        1 min,  1.886 sec
*sMTD  30 completed successfully ...        1 min,  0.499 sec
*sMTD  34 completed successfully ...        0 min, 38.632 sec
*sMTD  32 completed successfully ...        0 min, 38.994 sec
*sMTD  33 completed successfully ...        0 min, 39.226 sec
*sMTD  31 completed successfully ...        0 min, 39.680 sec

 ======================================
 |  Multilevel Ensemble Optimization  |
 ======================================
 Optimizing all 2304 structures from file "crest_rotamers_0.xyz" ...
 ----------------------
 crude pre-optimization
 ----------------------
 Optimization engine: ANCOPT
 Hessian update type: BFGS
 E/G convergence criteria:  0.500E-03 Eh, 0.100E-01 Eh/a0
 maximum optimization steps: 200
 |>0.0% |>7.5% |>15.0% |>22.5% |>30.0% |>37.5% |>45.0% |>52.5% |>60.0% |>67.5% |>75.0% |>82.5% |>90.0% |>97.5% |>100.0%
 done.
> 2304 of 2304 structures successfully optimized (100.0% success)
> Total runtime for 2304 optimizations:
 * wall-time:     0 d,  0 h,  1 min,  1.291 sec
 *  cpu-time:     0 d,  0 h, 15 min, 43.065 sec
 * ratio c/w:    15.387 speedup
> Corresponding to approximately 0.027 sec per processed structure

CREGEN> running RMSDs ... done.
CREGEN> E lowest :   -68.83399
 1951 structures remain within    12.00 kcal/mol window
 ---------------------------------------
 optimization with very tight thresholds
 ---------------------------------------
 Optimization engine: ANCOPT
 Hessian update type: BFGS
 E/G convergence criteria:  0.100E-06 Eh, 0.200E-03 Eh/a0
 maximum optimization steps: 200
 |>0.1% |>7.5% |>15.0% |>22.5% |>30.0% |>37.5% |>45.0% |>52.5% |>60.0% |>67.5% |>75.0% |>82.5% |>90.0% |>97.5% |>100.0%
 done.
> 1429 of 1951 structures successfully optimized (73.2% success)
> Total runtime for 1951 optimizations:
 * wall-time:     0 d,  0 h,  8 min,  5.657 sec
 *  cpu-time:     0 d,  2 h,  7 min,  3.085 sec
 * ratio c/w:    15.696 speedup
> Corresponding to approximately 0.249 sec per processed structure

CREGEN> running RMSDs ... done.
CREGEN> E lowest :   -68.83444
 135 structures remain within     6.00 kcal/mol window
CREGEN> running RMSDs ... done.
CREGEN> E lowest :   -68.83444

 Static MTD simulation iteration 2 finished
 A total of 169 conformers (+ 2.37%) in crest_conformers.xyz
 S(approx.) =    7.230939 cal/molK (dS = 0.45%)
 Convergence w.r.t. conformers: F
 Convergence w.r.t. entropy   : T

     H(298.15K)-H(0) (conf)      0.769640
                   Cp(conf)      3.367272
                    S(conf)      7.227989

********************************************************************************
**                     I T E R A T I O N    C Y C L E      3                  **
********************************************************************************
 -------------------------------------------
 determining bias structures via PCA/k-Means
 -------------------------------------------

 6 structures were selected
 done.

 -----------------------------------------------
 determining MTD seed structures via PCA/k-Means
 -----------------------------------------------

 36 structures were selected
 done.


 ===========================================================
 Static MTDs (umbrella sampling) on 36 selected conformer(s)
 ===========================================================
> Using 6 constant RMSD bias potentials per MTD
  :::::::::: starting static MTD   1 ::::::::::
  |   MD simulation time   :     6.5 ps       |
  |   target T             :   400.0 K        |
  |   timestep dt          :     5.0 fs       |
  |   dump interval(trj)   :   100.0 fs       |
  |   SHAKE algorithm      : true (all bonds) |
  |   Vbias prefactor (k)  :  0.0026 Eh       |
  |   Vbias exponent (α)   :  1.0000 bohr⁻²   |
  :::::::::: starting static MTD  12 ::::::::::
  |   MD simulation time   :     6.5 ps       |
  |   target T             :   400.0 K        |
  |   timestep dt          :     5.0 fs       |
  |   dump interval(trj)   :   100.0 fs       |
  |   SHAKE algorithm      : true (all bonds) |
  |   Vbias prefactor (k)  :  0.0026 Eh       |
  |   Vbias exponent (α)   :  1.0000 bohr⁻²   |
  :::::::::: starting static MTD  11 ::::::::::
  |   MD simulation time   :     6.5 ps       |
  |   target T             :   400.0 K        |
  |   timestep dt          :     5.0 fs       |
  |   dump interval(trj)   :   100.0 fs       |
  |   SHAKE algorithm      : true (all bonds) |
  |   Vbias prefactor (k)  :  0.0026 Eh       |
  |   Vbias exponent (α)   :  1.0000 bohr⁻²   |
  :::::::::: starting static MTD  10 ::::::::::
  |   MD simulation time   :     6.5 ps       |
  |   target T             :   400.0 K        |
  |   timestep dt          :     5.0 fs       |
  |   dump interval(trj)   :   100.0 fs       |
  |   SHAKE algorithm      : true (all bonds) |
  |   Vbias prefactor (k)  :  0.0026 Eh       |
  |   Vbias exponent (α)   :  1.0000 bohr⁻²   |
  :::::::::: starting static MTD   6 ::::::::::
  |   MD simulation time   :     6.5 ps       |
  |   target T             :   400.0 K        |
  |   timestep dt          :     5.0 fs       |
  |   dump interval(trj)   :   100.0 fs       |
  |   SHAKE algorithm      : true (all bonds) |
  |   Vbias prefactor (k)  :  0.0026 Eh       |
  |   Vbias exponent (α)   :  1.0000 bohr⁻²   |
  :::::::::: starting static MTD  13 ::::::::::
  |   MD simulation time   :     6.5 ps       |
  |   target T             :   400.0 K        |
  |   timestep dt          :     5.0 fs       |
  |   dump interval(trj)   :   100.0 fs       |
  |   SHAKE algorithm      : true (all bonds) |
  |   Vbias prefactor (k)  :  0.0026 Eh       |
  |   Vbias exponent (α)   :  1.0000 bohr⁻²   |
  :::::::::: starting static MTD  15 ::::::::::
  |   MD simulation time   :     6.5 ps       |
  |   target T             :   400.0 K        |
  |   timestep dt          :     5.0 fs       |
  |   dump interval(trj)   :   100.0 fs       |
  |   SHAKE algorithm      : true (all bonds) |
  |   Vbias prefactor (k)  :  0.0026 Eh       |
  |   Vbias exponent (α)   :  1.0000 bohr⁻²   |
  :::::::::: starting static MTD  14 ::::::::::
  |   MD simulation time   :     6.5 ps       |
  |   target T             :   400.0 K        |
  |   timestep dt          :     5.0 fs       |
  |   dump interval(trj)   :   100.0 fs       |
  |   SHAKE algorithm      : true (all bonds) |
  |   Vbias prefactor (k)  :  0.0026 Eh       |
  |   Vbias exponent (α)   :  1.0000 bohr⁻²   |
  :::::::::: starting static MTD  36 ::::::::::
  |   MD simulation time   :     6.5 ps       |
  |   target T             :   400.0 K        |
  |   timestep dt          :     5.0 fs       |
  |   dump interval(trj)   :   100.0 fs       |
  |   SHAKE algorithm      : true (all bonds) |
  |   Vbias prefactor (k)  :  0.0026 Eh       |
  |   Vbias exponent (α)   :  1.0000 bohr⁻²   |
  :::::::::: starting static MTD   5 ::::::::::
  |   MD simulation time   :     6.5 ps       |
  |   target T             :   400.0 K        |
  |   timestep dt          :     5.0 fs       |
  |   dump interval(trj)   :   100.0 fs       |
  |   SHAKE algorithm      : true (all bonds) |
  |   Vbias prefactor (k)  :  0.0026 Eh       |
  |   Vbias exponent (α)   :  1.0000 bohr⁻²   |
  :::::::::: starting static MTD   3 ::::::::::
  |   MD simulation time   :     6.5 ps       |
  |   target T             :   400.0 K        |
  |   timestep dt          :     5.0 fs       |
  |   dump interval(trj)   :   100.0 fs       |
  |   SHAKE algorithm      : true (all bonds) |
  |   Vbias prefactor (k)  :  0.0026 Eh       |
  |   Vbias exponent (α)   :  1.0000 bohr⁻²   |
  :::::::::: starting static MTD   8 ::::::::::
  |   MD simulation time   :     6.5 ps       |
  |   target T             :   400.0 K        |
  |   timestep dt          :     5.0 fs       |
  |   dump interval(trj)   :   100.0 fs       |
  |   SHAKE algorithm      : true (all bonds) |
  |   Vbias prefactor (k)  :  0.0026 Eh       |
  |   Vbias exponent (α)   :  1.0000 bohr⁻²   |
  :::::::::: starting static MTD   4 ::::::::::
  |   MD simulation time   :     6.5 ps       |
  |   target T             :   400.0 K        |
  |   timestep dt          :     5.0 fs       |
  |   dump interval(trj)   :   100.0 fs       |
  |   SHAKE algorithm      : true (all bonds) |
  |   Vbias prefactor (k)  :  0.0026 Eh       |
  |   Vbias exponent (α)   :  1.0000 bohr⁻²   |
  :::::::::: starting static MTD   9 ::::::::::
  |   MD simulation time   :     6.5 ps       |
  |   target T             :   400.0 K        |
  |   timestep dt          :     5.0 fs       |
  |   dump interval(trj)   :   100.0 fs       |
  |   SHAKE algorithm      : true (all bonds) |
  |   Vbias prefactor (k)  :  0.0026 Eh       |
  |   Vbias exponent (α)   :  1.0000 bohr⁻²   |
  :::::::::: starting static MTD   7 ::::::::::
  |   MD simulation time   :     6.5 ps       |
  |   target T             :   400.0 K        |
  |   timestep dt          :     5.0 fs       |
  |   dump interval(trj)   :   100.0 fs       |
  |   SHAKE algorithm      : true (all bonds) |
  |   Vbias prefactor (k)  :  0.0026 Eh       |
  |   Vbias exponent (α)   :  1.0000 bohr⁻²   |
  :::::::::: starting static MTD   2 ::::::::::
  |   MD simulation time   :     6.5 ps       |
  |   target T             :   400.0 K        |
  |   timestep dt          :     5.0 fs       |
  |   dump interval(trj)   :   100.0 fs       |
  |   SHAKE algorithm      : true (all bonds) |
  |   Vbias prefactor (k)  :  0.0026 Eh       |
  |   Vbias exponent (α)   :  1.0000 bohr⁻²   |
*sMTD  36 completed successfully ...        1 min,  0.616 sec
  :::::::::: starting static MTD  35 ::::::::::
  |   MD simulation time   :     6.5 ps       |
  |   target T             :   400.0 K        |
  |   timestep dt          :     5.0 fs       |
  |   dump interval(trj)   :   100.0 fs       |
  |   SHAKE algorithm      : true (all bonds) |
  |   Vbias prefactor (k)  :  0.0026 Eh       |
  |   Vbias exponent (α)   :  1.0000 bohr⁻²   |
*sMTD   2 completed successfully ...        1 min,  0.791 sec
  :::::::::: starting static MTD  16 ::::::::::
  |   MD simulation time   :     6.5 ps       |
  |   target T             :   400.0 K        |
  |   timestep dt          :     5.0 fs       |
  |   dump interval(trj)   :   100.0 fs       |
  |   SHAKE algorithm      : true (all bonds) |
  |   Vbias prefactor (k)  :  0.0026 Eh       |
  |   Vbias exponent (α)   :  1.0000 bohr⁻²   |
*sMTD   7 completed successfully ...        1 min,  0.864 sec
  :::::::::: starting static MTD  17 ::::::::::
  |   MD simulation time   :     6.5 ps       |
  |   target T             :   400.0 K        |
  |   timestep dt          :     5.0 fs       |
  |   dump interval(trj)   :   100.0 fs       |
  |   SHAKE algorithm      : true (all bonds) |
  |   Vbias prefactor (k)  :  0.0026 Eh       |
  |   Vbias exponent (α)   :  1.0000 bohr⁻²   |
*sMTD  11 completed successfully ...        1 min,  1.281 sec
  :::::::::: starting static MTD  18 ::::::::::
  |   MD simulation time   :     6.5 ps       |
  |   target T             :   400.0 K        |
  |   timestep dt          :     5.0 fs       |
  |   dump interval(trj)   :   100.0 fs       |
  |   SHAKE algorithm      : true (all bonds) |
  |   Vbias prefactor (k)  :  0.0026 Eh       |
  |   Vbias exponent (α)   :  1.0000 bohr⁻²   |
*sMTD   8 completed successfully ...        1 min,  1.441 sec
  :::::::::: starting static MTD  19 ::::::::::
  |   MD simulation time   :     6.5 ps       |
  |   target T             :   400.0 K        |
  |   timestep dt          :     5.0 fs       |
  |   dump interval(trj)   :   100.0 fs       |
  |   SHAKE algorithm      : true (all bonds) |
  |   Vbias prefactor (k)  :  0.0026 Eh       |
  |   Vbias exponent (α)   :  1.0000 bohr⁻²   |
*sMTD  15 completed successfully ...        1 min,  1.508 sec
  :::::::::: starting static MTD  20 ::::::::::
  |   MD simulation time   :     6.5 ps       |
  |   target T             :   400.0 K        |
  |   timestep dt          :     5.0 fs       |
  |   dump interval(trj)   :   100.0 fs       |
  |   SHAKE algorithm      : true (all bonds) |
  |   Vbias prefactor (k)  :  0.0026 Eh       |
  |   Vbias exponent (α)   :  1.0000 bohr⁻²   |
*sMTD   1 completed successfully ...        1 min,  1.558 sec
  :::::::::: starting static MTD  21 ::::::::::
  |   MD simulation time   :     6.5 ps       |
  |   target T             :   400.0 K        |
  |   timestep dt          :     5.0 fs       |
  |   dump interval(trj)   :   100.0 fs       |
  |   SHAKE algorithm      : true (all bonds) |
  |   Vbias prefactor (k)  :  0.0026 Eh       |
  |   Vbias exponent (α)   :  1.0000 bohr⁻²   |
*sMTD  12 completed successfully ...        1 min,  1.566 sec
  :::::::::: starting static MTD  22 ::::::::::
  |   MD simulation time   :     6.5 ps       |
  |   target T             :   400.0 K        |
  |   timestep dt          :     5.0 fs       |
  |   dump interval(trj)   :   100.0 fs       |
  |   SHAKE algorithm      : true (all bonds) |
  |   Vbias prefactor (k)  :  0.0026 Eh       |
  |   Vbias exponent (α)   :  1.0000 bohr⁻²   |
*sMTD  14 completed successfully ...        1 min,  1.956 sec
  :::::::::: starting static MTD  23 ::::::::::
  |   MD simulation time   :     6.5 ps       |
  |   target T             :   400.0 K        |
  |   timestep dt          :     5.0 fs       |
  |   dump interval(trj)   :   100.0 fs       |
  |   SHAKE algorithm      : true (all bonds) |
  |   Vbias prefactor (k)  :  0.0026 Eh       |
  |   Vbias exponent (α)   :  1.0000 bohr⁻²   |
*sMTD   3 completed successfully ...        1 min,  2.008 sec
  :::::::::: starting static MTD  24 ::::::::::
  |   MD simulation time   :     6.5 ps       |
  |   target T             :   400.0 K        |
  |   timestep dt          :     5.0 fs       |
  |   dump interval(trj)   :   100.0 fs       |
  |   SHAKE algorithm      : true (all bonds) |
  |   Vbias prefactor (k)  :  0.0026 Eh       |
  |   Vbias exponent (α)   :  1.0000 bohr⁻²   |
*sMTD  10 completed successfully ...        1 min,  2.019 sec
  :::::::::: starting static MTD  25 ::::::::::
  |   MD simulation time   :     6.5 ps       |
  |   target T             :   400.0 K        |
  |   timestep dt          :     5.0 fs       |
  |   dump interval(trj)   :   100.0 fs       |
  |   SHAKE algorithm      : true (all bonds) |
  |   Vbias prefactor (k)  :  0.0026 Eh       |
  |   Vbias exponent (α)   :  1.0000 bohr⁻²   |
*sMTD   4 completed successfully ...        1 min,  2.134 sec
  :::::::::: starting static MTD  26 ::::::::::
  |   MD simulation time   :     6.5 ps       |
  |   target T             :   400.0 K        |
  |   timestep dt          :     5.0 fs       |
  |   dump interval(trj)   :   100.0 fs       |
  |   SHAKE algorithm      : true (all bonds) |
  |   Vbias prefactor (k)  :  0.0026 Eh       |
  |   Vbias exponent (α)   :  1.0000 bohr⁻²   |
*sMTD  13 completed successfully ...        1 min,  2.312 sec
  :::::::::: starting static MTD  27 ::::::::::
  |   MD simulation time   :     6.5 ps       |
  |   target T             :   400.0 K        |
  |   timestep dt          :     5.0 fs       |
  |   dump interval(trj)   :   100.0 fs       |
  |   SHAKE algorithm      : true (all bonds) |
  |   Vbias prefactor (k)  :  0.0026 Eh       |
  |   Vbias exponent (α)   :  1.0000 bohr⁻²   |
*sMTD   6 completed successfully ...        1 min,  2.996 sec
  :::::::::: starting static MTD  28 ::::::::::
  |   MD simulation time   :     6.5 ps       |
  |   target T             :   400.0 K        |
  |   timestep dt          :     5.0 fs       |
  |   dump interval(trj)   :   100.0 fs       |
  |   SHAKE algorithm      : true (all bonds) |
  |   Vbias prefactor (k)  :  0.0026 Eh       |
  |   Vbias exponent (α)   :  1.0000 bohr⁻²   |
*sMTD   5 completed successfully ...        1 min,  3.104 sec
  :::::::::: starting static MTD  29 ::::::::::
  |   MD simulation time   :     6.5 ps       |
  |   target T             :   400.0 K        |
  |   timestep dt          :     5.0 fs       |
  |   dump interval(trj)   :   100.0 fs       |
  |   SHAKE algorithm      : true (all bonds) |
  |   Vbias prefactor (k)  :  0.0026 Eh       |
  |   Vbias exponent (α)   :  1.0000 bohr⁻²   |
*sMTD   9 completed successfully ...        1 min,  3.330 sec
  :::::::::: starting static MTD  30 ::::::::::
  |   MD simulation time   :     6.5 ps       |
  |   target T             :   400.0 K        |
  |   timestep dt          :     5.0 fs       |
  |   dump interval(trj)   :   100.0 fs       |
  |   SHAKE algorithm      : true (all bonds) |
  |   Vbias prefactor (k)  :  0.0026 Eh       |
  |   Vbias exponent (α)   :  1.0000 bohr⁻²   |
*sMTD  17 completed successfully ...        1 min,  1.265 sec
  :::::::::: starting static MTD  31 ::::::::::
  |   MD simulation time   :     6.5 ps       |
  |   target T             :   400.0 K        |
  |   timestep dt          :     5.0 fs       |
  |   dump interval(trj)   :   100.0 fs       |
  |   SHAKE algorithm      : true (all bonds) |
  |   Vbias prefactor (k)  :  0.0026 Eh       |
  |   Vbias exponent (α)   :  1.0000 bohr⁻²   |
*sMTD  16 completed successfully ...        1 min,  1.548 sec
  :::::::::: starting static MTD  32 ::::::::::
  |   MD simulation time   :     6.5 ps       |
  |   target T             :   400.0 K        |
  |   timestep dt          :     5.0 fs       |
  |   dump interval(trj)   :   100.0 fs       |
  |   SHAKE algorithm      : true (all bonds) |
  |   Vbias prefactor (k)  :  0.0026 Eh       |
  |   Vbias exponent (α)   :  1.0000 bohr⁻²   |
*sMTD  35 completed successfully ...        1 min,  1.731 sec
  :::::::::: starting static MTD  34 ::::::::::
  |   MD simulation time   :     6.5 ps       |
  |   target T             :   400.0 K        |
  |   timestep dt          :     5.0 fs       |
  |   dump interval(trj)   :   100.0 fs       |
  |   SHAKE algorithm      : true (all bonds) |
  |   Vbias prefactor (k)  :  0.0026 Eh       |
  |   Vbias exponent (α)   :  1.0000 bohr⁻²   |
*sMTD  25 completed successfully ...        1 min,  0.862 sec
  :::::::::: starting static MTD  33 ::::::::::
  |   MD simulation time   :     6.5 ps       |
  |   target T             :   400.0 K        |
  |   timestep dt          :     5.0 fs       |
  |   dump interval(trj)   :   100.0 fs       |
  |   SHAKE algorithm      : true (all bonds) |
  |   Vbias prefactor (k)  :  0.0026 Eh       |
  |   Vbias exponent (α)   :  1.0000 bohr⁻²   |
*sMTD  18 completed successfully ...        1 min,  1.774 sec
*sMTD  19 completed successfully ...        1 min,  1.666 sec
*sMTD  24 completed successfully ...        1 min,  1.131 sec
*sMTD  20 completed successfully ...        1 min,  1.716 sec
*sMTD  23 completed successfully ...        1 min,  1.335 sec
*sMTD  27 completed successfully ...        1 min,  1.273 sec
*sMTD  21 completed successfully ...        1 min,  2.354 sec
*sMTD  22 completed successfully ...        1 min,  2.427 sec
*sMTD  30 completed successfully ...        1 min,  0.696 sec
*sMTD  26 completed successfully ...        1 min,  2.400 sec
*sMTD  29 completed successfully ...        1 min,  1.615 sec
*sMTD  28 completed successfully ...        1 min,  2.400 sec
*sMTD  31 completed successfully ...        0 min, 38.874 sec
*sMTD  34 completed successfully ...        0 min, 38.825 sec
*sMTD  32 completed successfully ...        0 min, 38.975 sec
*sMTD  33 completed successfully ...        0 min, 39.306 sec

 ======================================
 |  Multilevel Ensemble Optimization  |
 ======================================
 Optimizing all 2304 structures from file "crest_rotamers_0.xyz" ...
 ----------------------
 crude pre-optimization
 ----------------------
 Optimization engine: ANCOPT
 Hessian update type: BFGS
 E/G convergence criteria:  0.500E-03 Eh, 0.100E-01 Eh/a0
 maximum optimization steps: 200
 |>0.0% |>7.5% |>15.0% |>22.5% |>30.0% |>37.5% |>45.0% |>52.5% |>60.0% |>67.5% |>75.0% |>82.5% |>90.0% |>97.5% |>100.0%
 done.
> 2304 of 2304 structures successfully optimized (100.0% success)
> Total runtime for 2304 optimizations:
 * wall-time:     0 d,  0 h,  1 min,  1.268 sec
 *  cpu-time:     0 d,  0 h, 15 min, 44.500 sec
 * ratio c/w:    15.416 speedup
> Corresponding to approximately 0.027 sec per processed structure

CREGEN> running RMSDs ... done.
CREGEN> E lowest :   -68.83350
 1949 structures remain within    12.00 kcal/mol window
 ---------------------------------------
 optimization with very tight thresholds
 ---------------------------------------
 Optimization engine: ANCOPT
 Hessian update type: BFGS
 E/G convergence criteria:  0.100E-06 Eh, 0.200E-03 Eh/a0
 maximum optimization steps: 200
 |>0.1% |>7.5% |>15.0% |>22.5% |>30.0% |>37.5% |>45.0% |>52.5% |>60.0% |>67.5% |>75.0% |>82.5% |>90.0% |>97.5% |>100.0%
 done.
> 1468 of 1949 structures successfully optimized (75.3% success)
> Total runtime for 1949 optimizations:
 * wall-time:     0 d,  0 h,  7 min, 51.848 sec
 *  cpu-time:     0 d,  2 h,  3 min, 24.066 sec
 * ratio c/w:    15.692 speedup
> Corresponding to approximately 0.242 sec per processed structure

CREGEN> running RMSDs ... done.
CREGEN> E lowest :   -68.83444
 151 structures remain within     6.00 kcal/mol window
CREGEN> running RMSDs ... done.
CREGEN> E lowest :   -68.83444

 Static MTD simulation iteration 3 finished
 A total of 175 conformers (+ 3.43%) in crest_conformers.xyz
 S(approx.) =    7.295379 cal/molK (dS = 0.88%)
 Convergence w.r.t. conformers: F
 Convergence w.r.t. entropy   : F

     H(298.15K)-H(0) (conf)      0.772910
                   Cp(conf)      3.434767
                    S(conf)      7.292398

********************************************************************************
**                     I T E R A T I O N    C Y C L E      4                  **
********************************************************************************
 -------------------------------------------
 determining bias structures via PCA/k-Means
 -------------------------------------------

 7 structures were selected
 done.

 -----------------------------------------------
 determining MTD seed structures via PCA/k-Means
 -----------------------------------------------

 36 structures were selected
 done.


 ===========================================================
 Static MTDs (umbrella sampling) on 36 selected conformer(s)
 ===========================================================
> Using 7 constant RMSD bias potentials per MTD
  :::::::::: starting static MTD   1 ::::::::::
  |   MD simulation time   :     6.5 ps       |
  |   target T             :   400.0 K        |
  |   timestep dt          :     5.0 fs       |
  |   dump interval(trj)   :   100.0 fs       |
  |   SHAKE algorithm      : true (all bonds) |
  |   Vbias prefactor (k)  :  0.0026 Eh       |
  |   Vbias exponent (α)   :  1.0000 bohr⁻²   |
  :::::::::: starting static MTD  11 ::::::::::
  |   MD simulation time   :     6.5 ps       |
  |   target T             :   400.0 K        |
  |   timestep dt          :     5.0 fs       |
  |   dump interval(trj)   :   100.0 fs       |
  |   SHAKE algorithm      : true (all bonds) |
  |   Vbias prefactor (k)  :  0.0026 Eh       |
  |   Vbias exponent (α)   :  1.0000 bohr⁻²   |
  :::::::::: starting static MTD   7 ::::::::::
  |   MD simulation time   :     6.5 ps       |
  |   target T             :   400.0 K        |
  |   timestep dt          :     5.0 fs       |
  |   dump interval(trj)   :   100.0 fs       |
  |   SHAKE algorithm      : true (all bonds) |
  |   Vbias prefactor (k)  :  0.0026 Eh       |
  |   Vbias exponent (α)   :  1.0000 bohr⁻²   |
  :::::::::: starting static MTD  13 ::::::::::
  |   MD simulation time   :     6.5 ps       |
  |   target T             :   400.0 K        |
  |   timestep dt          :     5.0 fs       |
  |   dump interval(trj)   :   100.0 fs       |
  |   SHAKE algorithm      : true (all bonds) |
  |   Vbias prefactor (k)  :  0.0026 Eh       |
  |   Vbias exponent (α)   :  1.0000 bohr⁻²   |
  :::::::::: starting static MTD  12 ::::::::::
  |   MD simulation time   :     6.5 ps       |
  |   target T             :   400.0 K        |
  |   timestep dt          :     5.0 fs       |
  |   dump interval(trj)   :   100.0 fs       |
  |   SHAKE algorithm      : true (all bonds) |
  |   Vbias prefactor (k)  :  0.0026 Eh       |
  |   Vbias exponent (α)   :  1.0000 bohr⁻²   |
  :::::::::: starting static MTD  10 ::::::::::
  |   MD simulation time   :     6.5 ps       |
  |   target T             :   400.0 K        |
  |   timestep dt          :     5.0 fs       |
  |   dump interval(trj)   :   100.0 fs       |
  |   SHAKE algorithm      : true (all bonds) |
  |   Vbias prefactor (k)  :  0.0026 Eh       |
  |   Vbias exponent (α)   :  1.0000 bohr⁻²   |
  :::::::::: starting static MTD  15 ::::::::::
  |   MD simulation time   :     6.5 ps       |
  |   target T             :   400.0 K        |
  |   timestep dt          :     5.0 fs       |
  |   dump interval(trj)   :   100.0 fs       |
  |   SHAKE algorithm      : true (all bonds) |
  |   Vbias prefactor (k)  :  0.0026 Eh       |
  |   Vbias exponent (α)   :  1.0000 bohr⁻²   |
  :::::::::: starting static MTD  14 ::::::::::
  |   MD simulation time   :     6.5 ps       |
  |   target T             :   400.0 K        |
  |   timestep dt          :     5.0 fs       |
  |   dump interval(trj)   :   100.0 fs       |
  |   SHAKE algorithm      : true (all bonds) |
  |   Vbias prefactor (k)  :  0.0026 Eh       |
  |   Vbias exponent (α)   :  1.0000 bohr⁻²   |
  :::::::::: starting static MTD   8 ::::::::::
  |   MD simulation time   :     6.5 ps       |
  |   target T             :   400.0 K        |
  |   timestep dt          :     5.0 fs       |
  |   dump interval(trj)   :   100.0 fs       |
  |   SHAKE algorithm      : true (all bonds) |
  |   Vbias prefactor (k)  :  0.0026 Eh       |
  |   Vbias exponent (α)   :  1.0000 bohr⁻²   |
  :::::::::: starting static MTD   2 ::::::::::
  |   MD simulation time   :     6.5 ps       |
  |   target T             :   400.0 K        |
  |   timestep dt          :     5.0 fs       |
  |   dump interval(trj)   :   100.0 fs       |
  |   SHAKE algorithm      : true (all bonds) |
  |   Vbias prefactor (k)  :  0.0026 Eh       |
  |   Vbias exponent (α)   :  1.0000 bohr⁻²   |
  :::::::::: starting static MTD   9 ::::::::::
  |   MD simulation time   :     6.5 ps       |
  |   target T             :   400.0 K        |
  |   timestep dt          :     5.0 fs       |
  |   dump interval(trj)   :   100.0 fs       |
  |   SHAKE algorithm      : true (all bonds) |
  |   Vbias prefactor (k)  :  0.0026 Eh       |
  |   Vbias exponent (α)   :  1.0000 bohr⁻²   |
  :::::::::: starting static MTD   4 ::::::::::
  |   MD simulation time   :     6.5 ps       |
  |   target T             :   400.0 K        |
  |   timestep dt          :     5.0 fs       |
  |   dump interval(trj)   :   100.0 fs       |
  |   SHAKE algorithm      : true (all bonds) |
  |   Vbias prefactor (k)  :  0.0026 Eh       |
  |   Vbias exponent (α)   :  1.0000 bohr⁻²   |
  :::::::::: starting static MTD  36 ::::::::::
  |   MD simulation time   :     6.5 ps       |
  |   target T             :   400.0 K        |
  |   timestep dt          :     5.0 fs       |
  |   dump interval(trj)   :   100.0 fs       |
  |   SHAKE algorithm      : true (all bonds) |
  |   Vbias prefactor (k)  :  0.0026 Eh       |
  |   Vbias exponent (α)   :  1.0000 bohr⁻²   |
  :::::::::: starting static MTD   6 ::::::::::
  |   MD simulation time   :     6.5 ps       |
  |   target T             :   400.0 K        |
  |   timestep dt          :     5.0 fs       |
  |   dump interval(trj)   :   100.0 fs       |
  |   SHAKE algorithm      : true (all bonds) |
  |   Vbias prefactor (k)  :  0.0026 Eh       |
  |   Vbias exponent (α)   :  1.0000 bohr⁻²   |
  :::::::::: starting static MTD   3 ::::::::::
  |   MD simulation time   :     6.5 ps       |
  |   target T             :   400.0 K        |
  |   timestep dt          :     5.0 fs       |
  |   dump interval(trj)   :   100.0 fs       |
  |   SHAKE algorithm      : true (all bonds) |
  |   Vbias prefactor (k)  :  0.0026 Eh       |
  |   Vbias exponent (α)   :  1.0000 bohr⁻²   |
  :::::::::: starting static MTD   5 ::::::::::
  |   MD simulation time   :     6.5 ps       |
  |   target T             :   400.0 K        |
  |   timestep dt          :     5.0 fs       |
  |   dump interval(trj)   :   100.0 fs       |
  |   SHAKE algorithm      : true (all bonds) |
  |   Vbias prefactor (k)  :  0.0026 Eh       |
  |   Vbias exponent (α)   :  1.0000 bohr⁻²   |
*sMTD   1 completed successfully ...        1 min,  0.262 sec
  :::::::::: starting static MTD  16 ::::::::::
  |   MD simulation time   :     6.5 ps       |
  |   target T             :   400.0 K        |
  |   timestep dt          :     5.0 fs       |
  |   dump interval(trj)   :   100.0 fs       |
  |   SHAKE algorithm      : true (all bonds) |
  |   Vbias prefactor (k)  :  0.0026 Eh       |
  |   Vbias exponent (α)   :  1.0000 bohr⁻²   |
*sMTD   8 completed successfully ...        1 min,  0.409 sec
  :::::::::: starting static MTD  17 ::::::::::
  |   MD simulation time   :     6.5 ps       |
  |   target T             :   400.0 K        |
  |   timestep dt          :     5.0 fs       |
  |   dump interval(trj)   :   100.0 fs       |
  |   SHAKE algorithm      : true (all bonds) |
  |   Vbias prefactor (k)  :  0.0026 Eh       |
  |   Vbias exponent (α)   :  1.0000 bohr⁻²   |
*sMTD  11 completed successfully ...        1 min,  1.063 sec
  :::::::::: starting static MTD  18 ::::::::::
  |   MD simulation time   :     6.5 ps       |
  |   target T             :   400.0 K        |
  |   timestep dt          :     5.0 fs       |
  |   dump interval(trj)   :   100.0 fs       |
  |   SHAKE algorithm      : true (all bonds) |
  |   Vbias prefactor (k)  :  0.0026 Eh       |
  |   Vbias exponent (α)   :  1.0000 bohr⁻²   |
*sMTD  10 completed successfully ...        1 min,  1.076 sec
  :::::::::: starting static MTD  19 ::::::::::
  |   MD simulation time   :     6.5 ps       |
  |   target T             :   400.0 K        |
  |   timestep dt          :     5.0 fs       |
  |   dump interval(trj)   :   100.0 fs       |
  |   SHAKE algorithm      : true (all bonds) |
  |   Vbias prefactor (k)  :  0.0026 Eh       |
  |   Vbias exponent (α)   :  1.0000 bohr⁻²   |
*sMTD  14 completed successfully ...        1 min,  1.435 sec
  :::::::::: starting static MTD  20 ::::::::::
  |   MD simulation time   :     6.5 ps       |
  |   target T             :   400.0 K        |
  |   timestep dt          :     5.0 fs       |
  |   dump interval(trj)   :   100.0 fs       |
  |   SHAKE algorithm      : true (all bonds) |
  |   Vbias prefactor (k)  :  0.0026 Eh       |
  |   Vbias exponent (α)   :  1.0000 bohr⁻²   |
*sMTD   3 completed successfully ...        1 min,  1.563 sec
  :::::::::: starting static MTD  21 ::::::::::
  |   MD simulation time   :     6.5 ps       |
  |   target T             :   400.0 K        |
  |   timestep dt          :     5.0 fs       |
  |   dump interval(trj)   :   100.0 fs       |
  |   SHAKE algorithm      : true (all bonds) |
  |   Vbias prefactor (k)  :  0.0026 Eh       |
  |   Vbias exponent (α)   :  1.0000 bohr⁻²   |
*sMTD   6 completed successfully ...        1 min,  1.748 sec
  :::::::::: starting static MTD  22 ::::::::::
  |   MD simulation time   :     6.5 ps       |
  |   target T             :   400.0 K        |
  |   timestep dt          :     5.0 fs       |
  |   dump interval(trj)   :   100.0 fs       |
  |   SHAKE algorithm      : true (all bonds) |
  |   Vbias prefactor (k)  :  0.0026 Eh       |
  |   Vbias exponent (α)   :  1.0000 bohr⁻²   |
*sMTD   5 completed successfully ...        1 min,  1.845 sec
  :::::::::: starting static MTD  23 ::::::::::
  |   MD simulation time   :     6.5 ps       |
  |   target T             :   400.0 K        |
  |   timestep dt          :     5.0 fs       |
  |   dump interval(trj)   :   100.0 fs       |
  |   SHAKE algorithm      : true (all bonds) |
  |   Vbias prefactor (k)  :  0.0026 Eh       |
  |   Vbias exponent (α)   :  1.0000 bohr⁻²   |
*sMTD  13 completed successfully ...        1 min,  1.952 sec
  :::::::::: starting static MTD  24 ::::::::::
  |   MD simulation time   :     6.5 ps       |
  |   target T             :   400.0 K        |
  |   timestep dt          :     5.0 fs       |
  |   dump interval(trj)   :   100.0 fs       |
  |   SHAKE algorithm      : true (all bonds) |
  |   Vbias prefactor (k)  :  0.0026 Eh       |
  |   Vbias exponent (α)   :  1.0000 bohr⁻²   |
*sMTD  36 completed successfully ...        1 min,  2.203 sec
  :::::::::: starting static MTD  35 ::::::::::
  |   MD simulation time   :     6.5 ps       |
  |   target T             :   400.0 K        |
  |   timestep dt          :     5.0 fs       |
  |   dump interval(trj)   :   100.0 fs       |
  |   SHAKE algorithm      : true (all bonds) |
  |   Vbias prefactor (k)  :  0.0026 Eh       |
  |   Vbias exponent (α)   :  1.0000 bohr⁻²   |
*sMTD   9 completed successfully ...        1 min,  2.362 sec
  :::::::::: starting static MTD  25 ::::::::::
  |   MD simulation time   :     6.5 ps       |
  |   target T             :   400.0 K        |
  |   timestep dt          :     5.0 fs       |
  |   dump interval(trj)   :   100.0 fs       |
  |   SHAKE algorithm      : true (all bonds) |
  |   Vbias prefactor (k)  :  0.0026 Eh       |
  |   Vbias exponent (α)   :  1.0000 bohr⁻²   |
*sMTD  12 completed successfully ...        1 min,  2.492 sec
  :::::::::: starting static MTD  26 ::::::::::
  |   MD simulation time   :     6.5 ps       |
  |   target T             :   400.0 K        |
  |   timestep dt          :     5.0 fs       |
  |   dump interval(trj)   :   100.0 fs       |
  |   SHAKE algorithm      : true (all bonds) |
  |   Vbias prefactor (k)  :  0.0026 Eh       |
  |   Vbias exponent (α)   :  1.0000 bohr⁻²   |
*sMTD   2 completed successfully ...        1 min,  2.593 sec
  :::::::::: starting static MTD  27 ::::::::::
  |   MD simulation time   :     6.5 ps       |
  |   target T             :   400.0 K        |
  |   timestep dt          :     5.0 fs       |
  |   dump interval(trj)   :   100.0 fs       |
  |   SHAKE algorithm      : true (all bonds) |
  |   Vbias prefactor (k)  :  0.0026 Eh       |
  |   Vbias exponent (α)   :  1.0000 bohr⁻²   |
*sMTD   7 completed successfully ...        1 min,  2.612 sec
  :::::::::: starting static MTD  28 ::::::::::
  |   MD simulation time   :     6.5 ps       |
  |   target T             :   400.0 K        |
  |   timestep dt          :     5.0 fs       |
  |   dump interval(trj)   :   100.0 fs       |
  |   SHAKE algorithm      : true (all bonds) |
  |   Vbias prefactor (k)  :  0.0026 Eh       |
  |   Vbias exponent (α)   :  1.0000 bohr⁻²   |
*sMTD  15 completed successfully ...        1 min,  2.657 sec
  :::::::::: starting static MTD  29 ::::::::::
  |   MD simulation time   :     6.5 ps       |
  |   target T             :   400.0 K        |
  |   timestep dt          :     5.0 fs       |
  |   dump interval(trj)   :   100.0 fs       |
  |   SHAKE algorithm      : true (all bonds) |
  |   Vbias prefactor (k)  :  0.0026 Eh       |
  |   Vbias exponent (α)   :  1.0000 bohr⁻²   |
*sMTD   4 completed successfully ...        1 min,  3.732 sec
  :::::::::: starting static MTD  30 ::::::::::
  |   MD simulation time   :     6.5 ps       |
  |   target T             :   400.0 K        |
  |   timestep dt          :     5.0 fs       |
  |   dump interval(trj)   :   100.0 fs       |
  |   SHAKE algorithm      : true (all bonds) |
  |   Vbias prefactor (k)  :  0.0026 Eh       |
  |   Vbias exponent (α)   :  1.0000 bohr⁻²   |
*sMTD  16 completed successfully ...        1 min,  0.387 sec
  :::::::::: starting static MTD  31 ::::::::::
  |   MD simulation time   :     6.5 ps       |
  |   target T             :   400.0 K        |
  |   timestep dt          :     5.0 fs       |
  |   dump interval(trj)   :   100.0 fs       |
  |   SHAKE algorithm      : true (all bonds) |
  |   Vbias prefactor (k)  :  0.0026 Eh       |
  |   Vbias exponent (α)   :  1.0000 bohr⁻²   |
*sMTD  19 completed successfully ...        1 min,  0.237 sec
  :::::::::: starting static MTD  32 ::::::::::
  |   MD simulation time   :     6.5 ps       |
  |   target T             :   400.0 K        |
  |   timestep dt          :     5.0 fs       |
  |   dump interval(trj)   :   100.0 fs       |
  |   SHAKE algorithm      : true (all bonds) |
  |   Vbias prefactor (k)  :  0.0026 Eh       |
  |   Vbias exponent (α)   :  1.0000 bohr⁻²   |
*sMTD  24 completed successfully ...        0 min, 59.841 sec
  :::::::::: starting static MTD  33 ::::::::::
  |   MD simulation time   :     6.5 ps       |
  |   target T             :   400.0 K        |
  |   timestep dt          :     5.0 fs       |
  |   dump interval(trj)   :   100.0 fs       |
  |   SHAKE algorithm      : true (all bonds) |
  |   Vbias prefactor (k)  :  0.0026 Eh       |
  |   Vbias exponent (α)   :  1.0000 bohr⁻²   |
*sMTD  17 completed successfully ...        1 min,  1.933 sec
  :::::::::: starting static MTD  34 ::::::::::
  |   MD simulation time   :     6.5 ps       |
  |   target T             :   400.0 K        |
  |   timestep dt          :     5.0 fs       |
  |   dump interval(trj)   :   100.0 fs       |
  |   SHAKE algorithm      : true (all bonds) |
  |   Vbias prefactor (k)  :  0.0026 Eh       |
  |   Vbias exponent (α)   :  1.0000 bohr⁻²   |
*sMTD  23 completed successfully ...        1 min,  0.620 sec
*sMTD  22 completed successfully ...        1 min,  0.897 sec
*sMTD  25 completed successfully ...        1 min,  0.288 sec
*sMTD  35 completed successfully ...        1 min,  0.648 sec
*sMTD  20 completed successfully ...        1 min,  1.864 sec
*sMTD  26 completed successfully ...        1 min,  1.193 sec
*sMTD  18 completed successfully ...        1 min,  2.747 sec
*sMTD  27 completed successfully ...        1 min,  1.300 sec
*sMTD  21 completed successfully ...        1 min,  2.363 sec
*sMTD  29 completed successfully ...        1 min,  1.331 sec
*sMTD  28 completed successfully ...        1 min,  1.427 sec
*sMTD  30 completed successfully ...        1 min,  0.709 sec
*sMTD  31 completed successfully ...        0 min, 39.334 sec
*sMTD  33 completed successfully ...        0 min, 38.835 sec
*sMTD  32 completed successfully ...        0 min, 39.333 sec
*sMTD  34 completed successfully ...        0 min, 38.829 sec

 ======================================
 |  Multilevel Ensemble Optimization  |
 ======================================
 Optimizing all 2304 structures from file "crest_rotamers_0.xyz" ...
 ----------------------
 crude pre-optimization
 ----------------------
 Optimization engine: ANCOPT
 Hessian update type: BFGS
 E/G convergence criteria:  0.500E-03 Eh, 0.100E-01 Eh/a0
 maximum optimization steps: 200
 |>0.0% |>7.5% |>15.0% |>22.5% |>30.0% |>37.5% |>45.0% |>52.5% |>60.0% |>67.5% |>75.0% |>82.5% |>90.0% |>97.5% |>100.0%
 done.
> 2304 of 2304 structures successfully optimized (100.0% success)
> Total runtime for 2304 optimizations:
 * wall-time:     0 d,  0 h,  1 min,  0.995 sec
 *  cpu-time:     0 d,  0 h, 15 min, 42.860 sec
 * ratio c/w:    15.458 speedup
> Corresponding to approximately 0.026 sec per processed structure

CREGEN> running RMSDs ... done.
CREGEN> E lowest :   -68.83394
 2024 structures remain within    12.00 kcal/mol window
 ---------------------------------------
 optimization with very tight thresholds
 ---------------------------------------
 Optimization engine: ANCOPT
 Hessian update type: BFGS
 E/G convergence criteria:  0.100E-06 Eh, 0.200E-03 Eh/a0
 maximum optimization steps: 200
 |>0.0% |>7.5% |>15.0% |>22.5% |>30.0% |>37.5% |>45.0% |>52.5% |>60.0% |>67.5% |>75.0% |>82.5% |>90.0% |>97.5% |>100.0%
 done.
> 1377 of 2024 structures successfully optimized (68.0% success)
> Total runtime for 2024 optimizations:
 * wall-time:     0 d,  0 h,  8 min, 45.254 sec
 *  cpu-time:     0 d,  2 h, 17 min, 11.893 sec
 * ratio c/w:    15.672 speedup
> Corresponding to approximately 0.260 sec per processed structure

CREGEN> running RMSDs ... done.
CREGEN> E lowest :   -68.83444
 160 structures remain within     6.00 kcal/mol window
CREGEN> running RMSDs ... done.
CREGEN> E lowest :   -68.83444

 Static MTD simulation iteration 4 finished
 A total of 173 conformers (+-1.16%) in crest_conformers.xyz
 S(approx.) =    7.235858 cal/molK (dS = 0.82%)
 Convergence w.r.t. conformers: F
 Convergence w.r.t. entropy   : F

 Warning: Nconf DECREASED, which is unphysical.
 Rewind ensemble and exit iterations ...
CREGEN> running RMSDs ... done.
CREGEN> E lowest :   -68.83444


 --------------------------
 Final Ensemble Information
 --------------------------
 input  file name : crest_rotamers_2.xyz
 output file name : crest_rotamers_3.xyz
 number of atoms                :   41
 number of points on xyz files  :   626
 RMSD threshold                 :   0.1250
 Bconst threshold               :   0.0100
 population threshold           :   0.0500
 # fragment in coord            :     1
 # bonds in reference structure :    43
 number of reliable points      :   626
 sorting energy window (EWIN)   :    6.0000 / kcal*mol⁻¹
 reference state Etot           :  -68.834442319999994
 number of doubles removed by rot/RMSD         :           0
 total number unique points considered further :         626
       Erel/kcal        Etot weight/tot  conformer     set   degen     origin
       1   0.000   -68.83444    0.01552    0.30818       1      20
       2   0.065   -68.83434    0.01390    0.01390       2       1
       3   0.090   -68.83430    0.01333    0.01333       3       1
       4   0.255   -68.83404    0.01009    0.05851       4       6
       5   0.290   -68.83398    0.00952    0.08359       5       9
       6   0.316   -68.83394    0.00911    0.03600       6       4
       7   0.343   -68.83390    0.00870    0.05142       7       6
       8   0.369   -68.83385    0.00832    0.01627       8       2
       9   0.478   -68.83368    0.00693    0.00693       9       1
      10   0.517   -68.83362    0.00649    0.14763      10      23
      11   0.548   -68.83357    0.00615    0.01870      11       3
      12   0.891   -68.83302    0.00345    0.02030      12       6
      13   0.919   -68.83298    0.00329    0.03233      13      10
      14   0.963   -68.83291    0.00306    0.00602      14       2
      15   1.145   -68.83262    0.00225    0.02241      15      10
      16   1.197   -68.83254    0.00206    0.00410      16       2
      17   1.218   -68.83250    0.00199    0.00199      17       1
      18   1.242   -68.83246    0.00191    0.00378      18       2
      19   1.260   -68.83243    0.00185    0.00553      19       3
      20   1.273   -68.83241    0.00181    0.00181      20       1
      21   1.286   -68.83239    0.00177    0.00354      21       2
      22   1.299   -68.83237    0.00173    0.00518      22       3
      23   1.305   -68.83236    0.00172    0.00172      23       1
      24   1.308   -68.83236    0.00171    0.01707      24      10
      25   1.315   -68.83235    0.00169    0.00169      25       1
      26   1.317   -68.83234    0.00168    0.00501      26       3
      27   1.324   -68.83233    0.00166    0.00166      27       1
      28   1.325   -68.83233    0.00166    0.00332      28       2
      29   1.325   -68.83233    0.00166    0.00666      29       4
      30   1.329   -68.83232    0.00165    0.00331      30       2
      31   1.320   -68.83234    0.00167    0.00167      31       1
      32   1.785   -68.83160    0.00077    0.00841      32      11
      33   1.824   -68.83154    0.00072    0.01279      33      18
      34   1.834   -68.83152    0.00070    0.00210      34       3
      35   1.841   -68.83151    0.00070    0.00138      35       2
      36   1.856   -68.83148    0.00068    0.00204      36       3
      37   1.856   -68.83149    0.00068    0.00205      37       3
      38   1.857   -68.83148    0.00068    0.00068      38       1
      39   1.908   -68.83140    0.00062    0.00556      39       9
      40   1.940   -68.83135    0.00059    0.00175      40       3
      41   1.976   -68.83129    0.00055    0.00164      41       3
      42   1.999   -68.83126    0.00053    0.00159      42       3
      43   2.022   -68.83122    0.00051    0.00102      43       2
      44   2.034   -68.83120    0.00050    0.00452      44       9
      45   2.042   -68.83119    0.00050    0.00099      45       2
      46   2.042   -68.83119    0.00050    0.00050      46       1
      47   2.051   -68.83117    0.00049    0.00097      47       2
      48   2.063   -68.83116    0.00048    0.00143      48       3
      49   2.076   -68.83113    0.00047    0.00093      49       2
      50   2.083   -68.83112    0.00046    0.00092      50       2
      51   2.092   -68.83111    0.00046    0.00091      51       2
      52   2.096   -68.83110    0.00045    0.00452      52      10
      53   2.098   -68.83110    0.00045    0.00135      53       3
      54   2.098   -68.83110    0.00045    0.00090      54       2
      55   2.102   -68.83109    0.00045    0.00045      55       1
      56   2.102   -68.83109    0.00045    0.00134      56       3
      57   2.105   -68.83109    0.00045    0.00134      57       3
      58   2.105   -68.83109    0.00045    0.00089      58       2
      59   2.116   -68.83107    0.00044    0.00044      59       1
      60   2.467   -68.83051    0.00024    0.00479      60      20
      61   2.497   -68.83046    0.00023    0.00069      61       3
      62   2.500   -68.83046    0.00023    0.00023      62       1
      63   2.551   -68.83038    0.00021    0.00021      63       1
      64   2.562   -68.83036    0.00021    0.00144      64       7
      65   2.566   -68.83035    0.00020    0.00020      65       1
      66   2.575   -68.83034    0.00020    0.00020      66       1
      67   2.588   -68.83032    0.00020    0.00274      67      14
      68   2.598   -68.83030    0.00019    0.00019      68       1
      69   2.598   -68.83030    0.00019    0.00328      69      17
      70   2.610   -68.83028    0.00019    0.00019      70       1
      71   2.618   -68.83027    0.00019    0.00037      71       2
      72   2.624   -68.83026    0.00019    0.00074      72       4
      73   2.628   -68.83025    0.00018    0.00129      73       7
      74   2.631   -68.83025    0.00018    0.00036      74       2
      75   2.637   -68.83024    0.00018    0.00018      75       1
      76   2.648   -68.83022    0.00018    0.00018      76       1
      77   2.651   -68.83022    0.00018    0.00035      77       2
      78   2.658   -68.83021    0.00018    0.00035      78       2
      79   2.659   -68.83021    0.00018    0.00035      79       2
      80   2.661   -68.83020    0.00017    0.00035      80       2
      81   2.667   -68.83019    0.00017    0.00017      81       1
      82   2.672   -68.83018    0.00017    0.00017      82       1
      83   2.675   -68.83018    0.00017    0.00085      83       5
      84   2.678   -68.83017    0.00017    0.00017      84       1
      85   2.681   -68.83017    0.00017    0.00050      85       3
      86   2.686   -68.83016    0.00017    0.00017      86       1
      87   2.798   -68.82998    0.00014    0.00083      87       6
      88   2.810   -68.82996    0.00014    0.00108      88       8
      89   2.814   -68.82996    0.00013    0.00027      89       2
      90   2.820   -68.82995    0.00013    0.00013      90       1
      91   2.850   -68.82990    0.00013    0.00013      91       1
      92   2.868   -68.82987    0.00012    0.00012      92       1
      93   2.978   -68.82970    0.00010    0.00102      93      10
      94   3.012   -68.82964    0.00010    0.00019      94       2
      95   3.013   -68.82964    0.00010    0.00029      95       3
      96   3.015   -68.82964    0.00010    0.00038      96       4
      97   3.014   -68.82964    0.00010    0.00048      97       5
      98   3.020   -68.82963    0.00010    0.00019      98       2
      99   3.014   -68.82964    0.00010    0.00038      99       4
     100   3.027   -68.82962    0.00009    0.00028     100       3
     101   3.038   -68.82960    0.00009    0.00018     101       2
     102   3.048   -68.82958    0.00009    0.00018     102       2
     103   3.073   -68.82955    0.00009    0.00017     103       2
     104   3.094   -68.82951    0.00008    0.00025     104       3
     105   3.107   -68.82949    0.00008    0.00113     105      14
     106   3.134   -68.82945    0.00008    0.00008     106       1
     107   3.138   -68.82944    0.00008    0.00030     107       4
     108   3.140   -68.82944    0.00008    0.00023     108       3
     109   3.190   -68.82936    0.00007    0.00021     109       3
     110   3.256   -68.82925    0.00006    0.00006     110       1
     111   3.361   -68.82909    0.00005    0.00005     111       1
     112   3.367   -68.82908    0.00005    0.00005     112       1
     113   3.400   -68.82902    0.00005    0.00015     113       3
     114   3.424   -68.82899    0.00005    0.00014     114       3
     115   3.435   -68.82897    0.00005    0.00009     115       2
     116   3.440   -68.82896    0.00005    0.00014     116       3
     117   3.451   -68.82894    0.00005    0.00032     117       7
     118   3.462   -68.82892    0.00005    0.00035     118       8
     119   3.488   -68.82888    0.00004    0.00009     119       2
     120   3.497   -68.82887    0.00004    0.00025     120       6
     121   3.522   -68.82883    0.00004    0.00028     121       7
     122   3.513   -68.82884    0.00004    0.00004     122       1
     123   3.600   -68.82871    0.00004    0.00028     123       8
     124   3.642   -68.82864    0.00003    0.00023     124       7
     125   3.644   -68.82863    0.00003    0.00003     125       1
     126   3.669   -68.82859    0.00003    0.00003     126       1
     127   3.669   -68.82859    0.00003    0.00006     127       2
     128   3.673   -68.82859    0.00003    0.00006     128       2
     129   3.678   -68.82858    0.00003    0.00003     129       1
     130   3.793   -68.82840    0.00003    0.00015     130       6
     131   3.866   -68.82828    0.00002    0.00002     131       1
     132   3.925   -68.82819    0.00002    0.00002     132       1
     133   3.973   -68.82811    0.00002    0.00002     133       1
     134   4.066   -68.82796    0.00002    0.00006     134       4
     135   4.081   -68.82794    0.00002    0.00003     135       2
     136   4.102   -68.82791    0.00002    0.00006     136       4
     137   4.121   -68.82788    0.00001    0.00007     137       5
     138   4.129   -68.82786    0.00001    0.00006     138       4
     139   4.148   -68.82783    0.00001    0.00011     139       8
     140   4.190   -68.82777    0.00001    0.00004     140       3
     141   4.204   -68.82774    0.00001    0.00001     141       1
     142   4.212   -68.82773    0.00001    0.00001     142       1
     143   4.247   -68.82767    0.00001    0.00002     143       2
     144   4.359   -68.82750    0.00001    0.00001     144       1
     145   4.371   -68.82748    0.00001    0.00004     145       4
     146   4.392   -68.82744    0.00001    0.00001     146       1
     147   4.862   -68.82669    0.00000    0.00003     147       7
     148   4.876   -68.82667    0.00000    0.00001     148       2
     149   4.883   -68.82666    0.00000    0.00001     149       3
     150   4.886   -68.82666    0.00000    0.00001     150       3
     151   4.901   -68.82663    0.00000    0.00001     151       3
     152   4.932   -68.82658    0.00000    0.00000     152       1
     153   4.949   -68.82656    0.00000    0.00002     153       6
     154   5.003   -68.82647    0.00000    0.00001     154       2
     155   5.044   -68.82640    0.00000    0.00000     155       1
     156   5.057   -68.82638    0.00000    0.00001     156       3
     157   5.080   -68.82635    0.00000    0.00000     157       1
     158   5.104   -68.82631    0.00000    0.00000     158       1
     159   5.120   -68.82628    0.00000    0.00001     159       2
     160   5.134   -68.82626    0.00000    0.00001     160       2
     161   5.150   -68.82623    0.00000    0.00001     161       3
     162   5.184   -68.82618    0.00000    0.00000     162       1
     163   5.167   -68.82621    0.00000    0.00000     163       1
     164   5.189   -68.82617    0.00000    0.00002     164       9
     165   5.227   -68.82611    0.00000    0.00000     165       1
     166   5.200   -68.82615    0.00000    0.00000     166       2
     167   5.212   -68.82614    0.00000    0.00000     167       1
     168   5.214   -68.82613    0.00000    0.00000     168       1
     169   5.215   -68.82613    0.00000    0.00000     169       1
     170   5.228   -68.82611    0.00000    0.00000     170       2
     171   5.236   -68.82610    0.00000    0.00000     171       1
     172   5.282   -68.82602    0.00000    0.00000     172       1
     173   5.283   -68.82602    0.00000    0.00000     173       2
     174   5.544   -68.82561    0.00000    0.00001     174       4
     175   5.709   -68.82534    0.00000    0.00000     175       1
T /K                                  :   298.15
E lowest                              :   -68.83444
ensemble average energy (kcal)        :    0.555
ensemble entropy (J/mol K, cal/mol K) :   42.421   10.139
ensemble free energy (kcal/mol)       :   -3.023
population of lowest in %             :   30.818
 number of unique conformers for further calc          175
 list of relative energies saved as "crest.energies"
 compare nuclear equivalencies ...
::::::::::: conformer group all :::::::::::
 chemical equivalencies (mag.active nuclei):
reference atom  27 # : 3
reference atom  30 # : 3
reference atom  37 # : 2
reference atom  39 # : 2
 magnetic equivalencies:
reference atom  27 # : 3
reference atom  30 # : 3

******************************************************************************************
**                           ENSEMBLE ENTROPY CALCULATION                               **
******************************************************************************************
======================================================
 Containing 152 conformers :
     H(298.15K)-H(0) (conf)      0.724060
                   Cp(conf)      3.055433
                    S(conf)      7.112513
======================================================
 Containing 165 conformers :
     H(298.15K)-H(0) (conf)      0.793212
                   Cp(conf)      3.461517
                    S(conf)      7.260841
======================================================
 Containing 169 conformers :
     H(298.15K)-H(0) (conf)      0.769640
                   Cp(conf)      3.367272
                    S(conf)      7.227989
======================================================
 Containing 175 conformers :
     H(298.15K)-H(0) (conf)      0.772910
                   Cp(conf)      3.434767
                    S(conf)      7.292398
======================================================

 --------------------------------------
 FINAL CALCULATION OF MOLECULAR ENTROPY
 --------------------------------------

   block      Siter   Siter (fit) 
        1    0.148    0.148
        2    0.115    0.148
        3    0.180    0.148
R²       :    0.983886
WARNING: large fit error expected

FINAL ENTROPY (max conf.)  :      7.29240

 ----------------------------------
 Frequency Calculation and Averages
 ----------------------------------
 Nconf on file      : 175
 Taken for Hessians : 41 (= 90.26% total population)
 T range  /K    :   278.15   378.15
 scaling factor :          1.000000     
 rotor cutoff   :         25.000000 cm⁻¹
 imag. cutoff   :        -50.000000 cm⁻¹

 Running 41 calculations ...
 |>2.4% |>12.2% |>22.0% |>31.7% |>41.5% |>51.2% |>61.0% |>70.7% |>80.5% |>90.2% |>100.0%
 done.
 calculating averages for G and S ...    done.
 calculating Boltzmann weights ...       done.
 calculating reference S (bhess) ... > bhess not implemented for calculator routines
    done.
 calculating δSrrho ...                  done.

 Coordinates for the bhess reference structure (Ångström):
 -----------------------------------------------------------
  41

 S         -0.4569795880       -0.6757387114       -0.9944531779
 O         -1.1165075890        2.2639596978        2.1566717770
 O         -4.8389608513       -0.7270614121        0.1464250401
 O         -3.8062547192        0.2641390159       -1.5662165500
 O          2.4569186911        3.0629577845       -1.0142198160
 N         -1.8695687456        1.1622070556        0.2240965120
 N          1.2964758884        1.5441342409        0.1898977665
 C         -0.9505015003        1.0813618399       -0.8844801617
 C         -1.6217941739       -1.2096111828        0.3589864136
 C         -2.6193274579       -0.0217805594        0.5240359301
 C         -0.0004029803        2.0458199239       -0.1195964357
 C         -1.0309062685        1.9093359896        1.0185222334
 C         -2.2954755552       -2.5047592827       -0.0655737357
 C         -0.8259185720       -1.4010739415        1.6447524485
 C         -3.7973451100       -0.1315540540       -0.4357828231
 C          2.4332849851        2.0502019660       -0.3570588849
 C          3.6757522105        1.2320549644       -0.0112884274
 C          3.3797758976       -0.2385273342        0.0378894984
 C          3.1919786135       -0.8912763588        1.2516345177
 C          3.2184180547       -0.9563778678       -1.1421680481
 C          2.8519918483       -2.2331123029        1.2843551175
 C          2.8755614246       -2.2952831357       -1.1099173665
 C          2.6890246395       -2.9365808567        0.1033711254
 H         -1.3455916601        1.4014966405       -1.8475490379
 H         -2.9949400513        0.0178819963        1.5495299561
 H          0.1101901286        3.0383773898       -0.5617095159
 H         -1.5585010458       -3.3034038362       -0.1021946872
 H         -3.0736254297       -2.7751050992        0.6459196025
 H         -2.7368377022       -2.4051894001       -1.0547226518
 H         -1.4574900664       -1.8431935435        2.4133788945
 H          0.0187286481       -2.0621342857        1.4615325038
 H         -0.4458013308       -0.4518083456        2.0184512611
 H          1.3455155257        0.6318615872        0.6239118146
 H         -5.5874893840       -0.7939407588       -0.4691513363
 H          4.0394607817        1.5866268432        0.9561067624
 H          4.4322792601        1.4599659489       -0.7634243380
 H          3.3159496808       -0.3467790177        2.1778520894
 H          3.3566070564       -0.4560885215       -2.0891801050
 H          2.7141617566       -2.7279319621        2.2351761881
 H          2.7486825339       -2.8393259043       -2.0334407786
 H          2.4198686464       -3.9822275309        0.1283214542
 -----------------------------------------------------------
 as read from <coord>
 Heavy-atom RMSD between lowest conformer and this reference :
 RMSD(heavy) =        0.004042 Å

 msRRHO(bhess) reference entropies:
      278.15        153.707267
      288.15        156.564610
      298.15        159.410530
      308.15        162.245331
      318.15        165.069161
      328.15        167.882041
      338.15        170.683889
      348.15        173.474536
      358.15        176.253752
      368.15        179.021257
      378.15        181.776738

       T/K  |S(T)|/cal/molK       |G(T)|/Eh     G_lowest/Eh    (conf)
   -----------------------------------------------------------------
    278.15    0.154194E+03    0.268058E+00      -68.567388         5
    288.15    0.157021E+03    0.265637E+00      -68.569847         5
    298.15    0.159837E+03    0.263171E+00      -68.572351         5
    308.15    0.162642E+03    0.260661E+00      -68.574901         5
    318.15    0.165436E+03    0.258105E+00      -68.577495         5
    328.15    0.168219E+03    0.255504E+00      -68.580133         5
    338.15    0.170991E+03    0.252859E+00      -68.582817         5
    348.15    0.173752E+03    0.250169E+00      -68.585544         5
    358.15    0.176502E+03    0.247435E+00      -68.588316         5
    368.15    0.179240E+03    0.244657E+00      -68.591132         5
    378.15    0.181967E+03    0.241835E+00      -68.593991         5
   -----------------------------------------------------------------
   NOTE: if |G(T)| is the averaged contributrion to the free energy.
   |G(T)| used only for the higher-energetic structures (n > 41).
   All other structures use G(T) from the respective Hessian calculations.

 Quantities calculated on free energies:
       T/K          δSrrho           Cp(T)     [H(T)-H(0)]
   -------------------------------------------------------
    278.15    0.486375E+00    0.314584E+01        0.526292
    288.15    0.456563E+00    0.326818E+01        0.559733
    298.15    0.426643E+00    0.338352E+01        0.594084
    308.15    0.396675E+00    0.349139E+01        0.629292
    318.15    0.366716E+00    0.359145E+01        0.665301
    328.15    0.336823E+00    0.368351E+01        0.702051
    338.15    0.307047E+00    0.376747E+01        0.739483
    348.15    0.277435E+00    0.384334E+01        0.777537
    358.15    0.248034E+00    0.391123E+01        0.816153
    368.15    0.218883E+00    0.397127E+01        0.855273
    378.15    0.190018E+00    0.402371E+01        0.894838
   -------------------------------------------------------
   NOTE: δSrrho(T) = |S(T)| - Sref(T)

 ----------------------
 TEMPERATURE DEPENDENCE
 ----------------------

 Final CONFORMATIONAL quantities at given T:
       T/K        S(total)           Cp(T)     [H(T)-H(0)]        G(total)
   -----------------------------------------------------------------------
    278.15        7.542339        3.145839        0.526292       -1.571610
    288.15        7.633142        3.268182        0.559733       -1.639757
    298.15        7.719041        3.383522        0.594084       -1.707348
    308.15        7.800160        3.491388        0.629292       -1.774327
    318.15        7.876644        3.591450        0.665301       -1.840653
    328.15        7.948658        3.683506        0.702051       -1.906301
    338.15        8.016383        3.767468        0.739483       -1.971257
    348.15        8.080006        3.843344        0.777537       -2.035517
    358.15        8.139721        3.911225        0.816153       -2.099088
    368.15        8.195724        3.971275        0.855273       -2.161983
    378.15        8.248209        4.023711        0.894838       -2.224222
   -----------------------------------------------------------------------
   S and Cp in cal/mol*K; H and G in kcal/mol
   G(total) is the ensemble free energy (H-T*S) and S(total) = S(conf,extrapol.) + δSrrho

 ----------------------------------------------------
 |      FINAL MOLECULAR ENTROPY AT T= 298.15 K      |
 ----------------------------------------------------
     Sconf   =          7.292398
   + δSrrho  =          0.426643
 -----------------------------------------------------
 = S(total)  =          7.719041  (cal mol⁻¹ K⁻¹)

   H(T)-H(0) =          0.594084
   G         =         -2.301432   (-T*S)
 -----------------------------------------------------
 = G(total)  =         -1.707348  (H-T*S) (kcal mol⁻¹)

   Cp(total) =          3.383522  (cal mol⁻¹ K⁻¹)


 -----------------
 Wall Time Summary
 -----------------
 CREST runtime (total)               0 d,  1 h,  5 min, 39.936 sec
 ------------------------------------------------------------------
 Trial metadynamics (MTD)   ...        0 min,  5.735 sec (  0.146%)
 Metadynamics (MTD)         ...        3 min, 22.081 sec (  5.129%)
 Geometry optimization      ...       50 min, 59.020 sec ( 77.641%)
 Static metadynamics (sMTD) ...       10 min, 45.713 sec ( 16.389%)
 Conf. entropy evaluation   ...        0 min, 23.848 sec (  0.605%)
 I/O and setup              ...        0 min,  3.540 sec (  0.090%)
 ------------------------------------------------------------------
 * wall-time:     0 d,  1 h,  5 min, 39.936 sec
 *  cpu-time:     0 d, 16 h, 16 min, 56.224 sec
 * ratio c/w:    14.877 speedup
 ------------------------------------------------------------------
 * Total number of energy+grad calls: 1812372

 CREST terminated normally.
