
       ╔════════════════════════════════════════════════╗
       ║                                                ║
       ║     ██████╗██████╗ ███████╗███████╗████████╗   ║
       ║    ██╔════╝██╔══██╗██╔════╝██╔════╝╚══██╔══╝   ║
       ║    ██║     ██████╔╝█████╗  ███████╗   ██║      ║
       ║    ██║     ██╔══██╗██╔══╝  ╚════██║   ██║      ║
       ║    ╚██████╗██║  ██║███████╗███████║   ██║      ║
       ║     ╚═════╝╚═╝  ╚═╝╚══════╝╚══════╝   ╚═╝      ║
       ║                                                ║
       ║    Conformer-Rotamer Ensemble Sampling Tool    ║
       ║            based on the xTB methods            ║
       ║                                                ║
       ╚════════════════════════════════════════════════╝
        Version 3.0.2, Mon, 29 September 16:25:59, 09/29/2025
        commit (c39758d) compiled by 'andrey@PC1'

   Cite work conducted with this code as

   • P.Pracht, F.Bohle, S.Grimme, PCCP, 2020, 22, 7169-7192.
   • S.Grimme, JCTC, 2019, 15, 2847-2862.
   • P.Pracht, S.Grimme, C.Bannwarth, F.Bohle, S.Ehlert,
     G.Feldmann, J.Gorges, M.Müller, T.Neudecker, C.Plett,
     S.Spicher, P.Steinbach, P.Wesołowski, F.Zeller,
     J. Chem. Phys., 2024, 160, 114110.

   for works involving QCG cite

   • S.Spicher, C.Plett, P.Pracht, A.Hansen, S.Grimme,
     JCTC, 2022, 18 (5), 3174-3189.
   • C.Plett, S. Grimme,
     Angew. Chem. Int. Ed. 2023, 62, e202214477.

   for works involving MECP screening cite

   • P.Pracht, C.Bannwarth, JCTC, 2022, 18 (10), 6370-6385.

   Original code
     P.Pracht, S.Grimme, Universität Bonn, MCTC
   with help from (alphabetical order):
     C.Bannwarth, F.Bohle, S.Ehlert, G.Feldmann, J.Gorges,
     S.Grimme, C.Plett, P.Pracht, S.Spicher, P.Steinbach,
     P.Wesolowski, F.Zeller

   Online documentation is available at
   https://crest-lab.github.io/crest-docs/

   This program is distributed in the hope that it will be useful,
   but WITHOUT ANY WARRANTY; without even the implied warranty of
   MERCHANTABILITY or FITNESS FOR A PARTICULAR PURPOSE. See the
   GNU Lesser General Public License (LGPL) for more details.

 Command line input:
 $ ./crest m1_00_Tamiflu-uni_best.xyz --T 16 --entropy --gfn1 --chrg 0

  --T 16 (CPUs/Threads selected)
  --entropy : enhanced ensemble entropy calculation
  --gfn1               : Use of GFN1-xTB requested.
  --chrg 0

> Setting up backup calculator ... done.
 ----------------
 Calculation info
 ----------------
> User-defined calculation level:
 : xTB calculation via tblite lib
 : GFN1-xTB level
 :   Molecular charge    : 0
 :   Fermi temperature   : 300.00000
 :   Accuracy            : 1.00000
 :   max SCC cycles      : 500


 -----------------------------
 Initial Geometry Optimization
 -----------------------------
 Geometry successfully optimized.

          ┍━━━━━━━━━━━━━━━━━━━━━━━━━━━━━━━━━━━━━━━━━━━━━━━━━┑
          │              CREST ENTROPY SAMPLING             │
          ┕━━━━━━━━━━━━━━━━━━━━━━━━━━━━━━━━━━━━━━━━━━━━━━━━━┙

 please cite:
 • P.Pracht, S.Grimme, Chem. Sci., 2021, 12, 6551-6568.
 • J.Gorges, S.Grimme, A.Hansen, P.Pracht, PCCP, 2022,24, 12249-12259.

 Input structure:
  50

 O         -1.3794404519        1.4749850308        0.8238885610
 C         -1.2814502114        2.0977359187       -0.4623199751
 C         -1.2843393762        3.6178583611       -0.2403675086
 C         -0.0488394273        4.0871348383        0.5241190513
 H          0.8617201267        3.8364610449       -0.0219236990
 H         -0.0831531324        5.1679803137        0.6627833831
 H         -0.0122026395        3.6133406677        1.5052225602
 H         -2.1803081910        3.8924551304        0.3231132284
 H         -1.3285300936        4.1142647373       -1.2143839791
 C         -2.4447632897        1.6612373085       -1.3720433104
 C         -3.8086837452        1.8347144028       -0.7057521092
 H         -4.5860246389        1.3926702038       -1.3292598399
 H         -4.0447679224        2.8887599950       -0.5565844268
 H         -3.8150961939        1.3377697101        0.2654278462
 H         -2.3128983715        0.6107942402       -1.6431351059
 H         -2.4001558282        2.2468955740       -2.2952173128
 H         -0.3311806213        1.8031910484       -0.9392494388
 C         -0.5748434509        0.3546357965        1.1072773946
 C          0.8926940557        0.6066799187        0.8855157393
 C          1.7529229949       -0.3394337004        0.5020587109
 C          3.1818438674        0.0409203437        0.3197898770
 O          3.6184368714        1.1447831167        0.5385750977
 O          3.9251976814       -0.9800684336       -0.1175873920
 C          5.3175974884       -0.7200668594       -0.3430900726
 C          5.5229080783        0.0369868874       -1.6484249287
 H          6.5896681649        0.1545476338       -1.8349427269
 H          5.0622539392        1.0216673680       -1.5853697110
 H          5.0738081384       -0.5117794656       -2.4756460992
 H          5.7163310373       -0.1456833266        0.5024034078
 H          5.7996577112       -1.7018238148       -0.3797299638
 C          1.3542168228       -1.7597570532        0.2096986802
 H          1.4105603916       -1.9278171239       -0.8717755602
 H          2.0651021513       -2.4499272658        0.6725581808
 C         -0.0613228621       -2.0754968281        0.7036001142
 N         -0.5105503389       -3.3180183213        0.1012068499
 H         -0.6947235101       -3.1579206357       -0.8858100178
 H         -1.3934583305       -3.5826312005        0.5253607552
 H         -0.0531996382       -2.2085269353        1.7942620591
 C         -1.0019556147       -0.9066976861        0.3378260617
 N         -2.3835888053       -1.2245401006        0.6683079405
 C         -3.2074649917       -1.7264812682       -0.2826570334
 O         -2.8206103120       -2.0546971278       -1.3868638985
 C         -4.6461106802       -1.8721214640        0.1684442856
 H         -4.7007817013       -2.5633061296        1.0086306824
 H         -5.0417847799       -0.9081265148        0.4850208262
 H         -5.2406501859       -2.2566686775       -0.6569546577
 H         -2.7622258619       -0.8407333186        1.5191918663
 H         -0.9480463847       -0.7399507644       -0.7447606155
 H          1.2475358526        1.6138772463        1.0771771738
 H         -0.7306372330        0.1724683036        2.1850965242

 ------------------------------------------------
 Generating MTD length from a flexibility measure
 ------------------------------------------------
 Calculating GFN0-xTB WBOs   ... done.
 Calculating NCI flexibility ... done.
     covalent flexibility measure :   0.475
 non-covalent flexibility measure :   0.734
 flexibility measure :   0.490
 t(MTD) / ps    :    66.0
 Σ(t(MTD)) / ps :  1584.0 (24 MTDs)

 -----------------------------------
 Starting trial MTD to test settings
 -----------------------------------
 Trial MTD 1 runtime (1.0 ps) ...        0 min, 10.566 sec
 Estimated runtime for one MTD (66.0 ps) on a single thread: 11 min 37 sec
 Estimated runtime for a batch of 24 MTDs on 16 threads: 23 min 15 sec

********************************************************************************
**                    N E W   I T E R A T I O N  C Y C L E                    **
********************************************************************************

 ------------------------------
 Meta-Dynamics Iteration 1
 ------------------------------
 list of applied metadynamics Vbias parameters:
$metadyn    0.37500   1.618
$metadyn    0.18750   1.618
$metadyn    0.09375   1.618
$metadyn    0.04688   1.618
$metadyn    0.37500   1.000
$metadyn    0.18750   1.000
$metadyn    0.09375   1.000
$metadyn    0.04688   1.000
$metadyn    0.37500   0.618
$metadyn    0.18750   0.618
$metadyn    0.09375   0.618
$metadyn    0.04688   0.618
$metadyn    0.37500   0.382
$metadyn    0.18750   0.382
$metadyn    0.09375   0.382
$metadyn    0.04688   0.382
$metadyn    0.37500   0.236
$metadyn    0.18750   0.236
$metadyn    0.09375   0.236
$metadyn    0.04688   0.236
$metadyn    0.37500   0.146
$metadyn    0.18750   0.146
$metadyn    0.09375   0.146
$metadyn    0.04688   0.146

  ::::::::::::: starting MTD    1 :::::::::::::
  |   MD simulation time   :    66.0 ps       |
  |   target T             :   300.0 K        |
  |   timestep dt          :     5.0 fs       |
  |   dump interval(trj)   :   100.0 fs       |
  |   SHAKE algorithm      : true (all bonds) |
  |   dump interval(Vbias) :    1.00 ps       |
  |   Vbias prefactor (k)  :  0.3750 Eh       |
  |   Vbias exponent (α)   :  1.6180 bohr⁻²   |
  ::::::::::::: starting MTD   19 :::::::::::::
  |   MD simulation time   :    66.0 ps       |
  |   target T             :   300.0 K        |
  |   timestep dt          :     5.0 fs       |
  |   dump interval(trj)   :   100.0 fs       |
  |   SHAKE algorithm      : true (all bonds) |
  |   dump interval(Vbias) :    1.00 ps       |
  |   Vbias prefactor (k)  :  0.0938 Eh       |
  |   Vbias exponent (α)   :  0.2361 bohr⁻²   |
  ::::::::::::: starting MTD   24 :::::::::::::
  |   MD simulation time   :    66.0 ps       |
  |   target T             :   300.0 K        |
  |   timestep dt          :     5.0 fs       |
  |   dump interval(trj)   :   100.0 fs       |
  |   SHAKE algorithm      : true (all bonds) |
  |   dump interval(Vbias) :    1.00 ps       |
  |   Vbias prefactor (k)  :  0.0469 Eh       |
  |   Vbias exponent (α)   :  0.1459 bohr⁻²   |
  ::::::::::::: starting MTD   20 :::::::::::::
  |   MD simulation time   :    66.0 ps       |
  |   target T             :   300.0 K        |
  |   timestep dt          :     5.0 fs       |
  |   dump interval(trj)   :   100.0 fs       |
  |   SHAKE algorithm      : true (all bonds) |
  |   dump interval(Vbias) :    1.00 ps       |
  |   Vbias prefactor (k)  :  0.0469 Eh       |
  |   Vbias exponent (α)   :  0.2361 bohr⁻²   |
  ::::::::::::: starting MTD   11 :::::::::::::
  |   MD simulation time   :    66.0 ps       |
  |   target T             :   300.0 K        |
  |   timestep dt          :     5.0 fs       |
  |   dump interval(trj)   :   100.0 fs       |
  |   SHAKE algorithm      : true (all bonds) |
  |   dump interval(Vbias) :    1.00 ps       |
  |   Vbias prefactor (k)  :  0.0938 Eh       |
  |   Vbias exponent (α)   :  0.6180 bohr⁻²   |
  ::::::::::::: starting MTD   22 :::::::::::::
  |   MD simulation time   :    66.0 ps       |
  |   target T             :   300.0 K        |
  |   timestep dt          :     5.0 fs       |
  |   dump interval(trj)   :   100.0 fs       |
  |   SHAKE algorithm      : true (all bonds) |
  |   dump interval(Vbias) :    1.00 ps       |
  |   Vbias prefactor (k)  :  0.1875 Eh       |
  |   Vbias exponent (α)   :  0.1459 bohr⁻²   |
  ::::::::::::: starting MTD    5 :::::::::::::
  |   MD simulation time   :    66.0 ps       |
  |   target T             :   300.0 K        |
  |   timestep dt          :     5.0 fs       |
  |   dump interval(trj)   :   100.0 fs       |
  |   SHAKE algorithm      : true (all bonds) |
  |   dump interval(Vbias) :    1.00 ps       |
  |   Vbias prefactor (k)  :  0.3750 Eh       |
  |   Vbias exponent (α)   :  1.0000 bohr⁻²   |
  ::::::::::::: starting MTD   23 :::::::::::::
  |   MD simulation time   :    66.0 ps       |
  |   target T             :   300.0 K        |
  |   timestep dt          :     5.0 fs       |
  |   dump interval(trj)   :   100.0 fs       |
  |   SHAKE algorithm      : true (all bonds) |
  |   dump interval(Vbias) :    1.00 ps       |
  |   Vbias prefactor (k)  :  0.0938 Eh       |
  |   Vbias exponent (α)   :  0.1459 bohr⁻²   |
  ::::::::::::: starting MTD   21 :::::::::::::
  |   MD simulation time   :    66.0 ps       |
  |   target T             :   300.0 K        |
  |   timestep dt          :     5.0 fs       |
  |   dump interval(trj)   :   100.0 fs       |
  |   SHAKE algorithm      : true (all bonds) |
  |   dump interval(Vbias) :    1.00 ps       |
  |   Vbias prefactor (k)  :  0.3750 Eh       |
  |   Vbias exponent (α)   :  0.1459 bohr⁻²   |
  ::::::::::::: starting MTD   15 :::::::::::::
  |   MD simulation time   :    66.0 ps       |
  |   target T             :   300.0 K        |
  |   timestep dt          :     5.0 fs       |
  |   dump interval(trj)   :   100.0 fs       |
  |   SHAKE algorithm      : true (all bonds) |
  |   dump interval(Vbias) :    1.00 ps       |
  |   Vbias prefactor (k)  :  0.0938 Eh       |
  |   Vbias exponent (α)   :  0.3820 bohr⁻²   |
  ::::::::::::: starting MTD   18 :::::::::::::
  |   MD simulation time   :    66.0 ps       |
  |   target T             :   300.0 K        |
  |   timestep dt          :     5.0 fs       |
  |   dump interval(trj)   :   100.0 fs       |
  |   SHAKE algorithm      : true (all bonds) |
  |   dump interval(Vbias) :    1.00 ps       |
  |   Vbias prefactor (k)  :  0.1875 Eh       |
  |   Vbias exponent (α)   :  0.2361 bohr⁻²   |
  ::::::::::::: starting MTD    7 :::::::::::::
  |   MD simulation time   :    66.0 ps       |
  |   target T             :   300.0 K        |
  |   timestep dt          :     5.0 fs       |
  |   dump interval(trj)   :   100.0 fs       |
  |   SHAKE algorithm      : true (all bonds) |
  |   dump interval(Vbias) :    1.00 ps       |
  |   Vbias prefactor (k)  :  0.0938 Eh       |
  |   Vbias exponent (α)   :  1.0000 bohr⁻²   |
  ::::::::::::: starting MTD    9 :::::::::::::
  |   MD simulation time   :    66.0 ps       |
  |   target T             :   300.0 K        |
  |   timestep dt          :     5.0 fs       |
  |   dump interval(trj)   :   100.0 fs       |
  |   SHAKE algorithm      : true (all bonds) |
  |   dump interval(Vbias) :    1.00 ps       |
  |   Vbias prefactor (k)  :  0.3750 Eh       |
  |   Vbias exponent (α)   :  0.6180 bohr⁻²   |
  ::::::::::::: starting MTD   17 :::::::::::::
  |   MD simulation time   :    66.0 ps       |
  |   target T             :   300.0 K        |
  |   timestep dt          :     5.0 fs       |
  |   dump interval(trj)   :   100.0 fs       |
  |   SHAKE algorithm      : true (all bonds) |
  |   dump interval(Vbias) :    1.00 ps       |
  |   Vbias prefactor (k)  :  0.3750 Eh       |
  |   Vbias exponent (α)   :  0.2361 bohr⁻²   |
  ::::::::::::: starting MTD    3 :::::::::::::
  |   MD simulation time   :    66.0 ps       |
  |   target T             :   300.0 K        |
  |   timestep dt          :     5.0 fs       |
  |   dump interval(trj)   :   100.0 fs       |
  |   SHAKE algorithm      : true (all bonds) |
  |   dump interval(Vbias) :    1.00 ps       |
  |   Vbias prefactor (k)  :  0.0938 Eh       |
  |   Vbias exponent (α)   :  1.6180 bohr⁻²   |
  ::::::::::::: starting MTD   13 :::::::::::::
  |   MD simulation time   :    66.0 ps       |
  |   target T             :   300.0 K        |
  |   timestep dt          :     5.0 fs       |
  |   dump interval(trj)   :   100.0 fs       |
  |   SHAKE algorithm      : true (all bonds) |
  |   dump interval(Vbias) :    1.00 ps       |
  |   Vbias prefactor (k)  :  0.3750 Eh       |
  |   Vbias exponent (α)   :  0.3820 bohr⁻²   |
*MTD   5 completed successfully ...       13 min, 50.507 sec
  ::::::::::::: starting MTD    6 :::::::::::::
  |   MD simulation time   :    66.0 ps       |
  |   target T             :   300.0 K        |
  |   timestep dt          :     5.0 fs       |
  |   dump interval(trj)   :   100.0 fs       |
  |   SHAKE algorithm      : true (all bonds) |
  |   dump interval(Vbias) :    1.00 ps       |
  |   Vbias prefactor (k)  :  0.1875 Eh       |
  |   Vbias exponent (α)   :  1.0000 bohr⁻²   |
*MTD  11 completed successfully ...       13 min, 51.373 sec
  ::::::::::::: starting MTD   12 :::::::::::::
  |   MD simulation time   :    66.0 ps       |
  |   target T             :   300.0 K        |
  |   timestep dt          :     5.0 fs       |
  |   dump interval(trj)   :   100.0 fs       |
  |   SHAKE algorithm      : true (all bonds) |
  |   dump interval(Vbias) :    1.00 ps       |
  |   Vbias prefactor (k)  :  0.0469 Eh       |
  |   Vbias exponent (α)   :  0.6180 bohr⁻²   |
*MTD  15 completed successfully ...       13 min, 53.427 sec
  ::::::::::::: starting MTD   16 :::::::::::::
  |   MD simulation time   :    66.0 ps       |
  |   target T             :   300.0 K        |
  |   timestep dt          :     5.0 fs       |
  |   dump interval(trj)   :   100.0 fs       |
  |   SHAKE algorithm      : true (all bonds) |
  |   dump interval(Vbias) :    1.00 ps       |
  |   Vbias prefactor (k)  :  0.0469 Eh       |
  |   Vbias exponent (α)   :  0.3820 bohr⁻²   |
*MTD   1 completed successfully ...       13 min, 54.135 sec
  ::::::::::::: starting MTD    2 :::::::::::::
  |   MD simulation time   :    66.0 ps       |
  |   target T             :   300.0 K        |
  |   timestep dt          :     5.0 fs       |
  |   dump interval(trj)   :   100.0 fs       |
  |   SHAKE algorithm      : true (all bonds) |
  |   dump interval(Vbias) :    1.00 ps       |
  |   Vbias prefactor (k)  :  0.1875 Eh       |
  |   Vbias exponent (α)   :  1.6180 bohr⁻²   |
*MTD   3 completed successfully ...       13 min, 54.585 sec
  ::::::::::::: starting MTD    4 :::::::::::::
  |   MD simulation time   :    66.0 ps       |
  |   target T             :   300.0 K        |
  |   timestep dt          :     5.0 fs       |
  |   dump interval(trj)   :   100.0 fs       |
  |   SHAKE algorithm      : true (all bonds) |
  |   dump interval(Vbias) :    1.00 ps       |
  |   Vbias prefactor (k)  :  0.0469 Eh       |
  |   Vbias exponent (α)   :  1.6180 bohr⁻²   |
*MTD   7 completed successfully ...       13 min, 54.895 sec
  ::::::::::::: starting MTD    8 :::::::::::::
  |   MD simulation time   :    66.0 ps       |
  |   target T             :   300.0 K        |
  |   timestep dt          :     5.0 fs       |
  |   dump interval(trj)   :   100.0 fs       |
  |   SHAKE algorithm      : true (all bonds) |
  |   dump interval(Vbias) :    1.00 ps       |
  |   Vbias prefactor (k)  :  0.0469 Eh       |
  |   Vbias exponent (α)   :  1.0000 bohr⁻²   |
*MTD   9 completed successfully ...       13 min, 56.489 sec
  ::::::::::::: starting MTD   10 :::::::::::::
  |   MD simulation time   :    66.0 ps       |
  |   target T             :   300.0 K        |
  |   timestep dt          :     5.0 fs       |
  |   dump interval(trj)   :   100.0 fs       |
  |   SHAKE algorithm      : true (all bonds) |
  |   dump interval(Vbias) :    1.00 ps       |
  |   Vbias prefactor (k)  :  0.1875 Eh       |
  |   Vbias exponent (α)   :  0.6180 bohr⁻²   |
*MTD  20 completed successfully ...       14 min,  0.287 sec
*MTD  13 completed successfully ...       14 min,  3.290 sec
  ::::::::::::: starting MTD   14 :::::::::::::
  |   MD simulation time   :    66.0 ps       |
  |   target T             :   300.0 K        |
  |   timestep dt          :     5.0 fs       |
  |   dump interval(trj)   :   100.0 fs       |
  |   SHAKE algorithm      : true (all bonds) |
  |   dump interval(Vbias) :    1.00 ps       |
  |   Vbias prefactor (k)  :  0.1875 Eh       |
  |   Vbias exponent (α)   :  0.3820 bohr⁻²   |
*MTD  19 completed successfully ...       14 min,  8.289 sec
*MTD  24 completed successfully ...       14 min, 11.320 sec
*MTD  18 completed successfully ...       14 min, 12.905 sec
*MTD  23 completed successfully ...       14 min, 19.208 sec
*MTD  17 completed successfully ...       14 min, 25.842 sec
*MTD  22 completed successfully ...       14 min, 29.080 sec
*MTD  21 completed successfully ...       14 min, 43.440 sec
*MTD   6 completed successfully ...       12 min, 21.363 sec
*MTD  12 completed successfully ...       12 min, 23.881 sec
*MTD   2 completed successfully ...       12 min, 23.731 sec
*MTD   4 completed successfully ...       12 min, 24.429 sec
*MTD  16 completed successfully ...       12 min, 26.949 sec
*MTD  10 completed successfully ...       12 min, 23.896 sec
*MTD   8 completed successfully ...       12 min, 27.181 sec
*MTD  14 completed successfully ...       12 min, 28.154 sec

 ======================================
 |  Multilevel Ensemble Optimization  |
 ======================================
 Optimizing all 15816 structures from file "crest_dynamics.trj" ...
 ----------------------
 crude pre-optimization
 ----------------------
 Optimization engine: ANCOPT
 Hessian update type: BFGS
 E/G convergence criteria:  0.500E-03 Eh, 0.100E-01 Eh/a0
 maximum optimization steps: 200
 |>0.0% |>2.5% |>5.0% |>7.5% |>10.0% |>12.5% |>15.0% |>17.5% |>20.0% |>22.5% |>25.0% |>27.5% |>30.0% |>32.5% |>35.0% |>37.5% |>40.0% |>42.5% |>45.0% |>47.5% |>50.0% |>52.5% |>55.0% |>57.5% |>60.0% |>62.5% |>65.0% |>67.5% |>70.0% |>72.5% |>75.0% |>77.5% |>80.0% |>82.5% |>85.0% |>87.5% |>90.0% |>92.5% |>95.0% |>97.5% |>100.0%
 done.
> 15816 of 15816 structures successfully optimized (100.0% success)
> Total runtime for 15816 optimizations:
 * wall-time:     0 d,  0 h, 22 min, 28.306 sec
 *  cpu-time:     0 d,  5 h, 57 min, 29.115 sec
 * ratio c/w:    15.908 speedup
> Corresponding to approximately 0.085 sec per processed structure

CREGEN> running RMSDs ... done.
CREGEN> E lowest :   -74.20892
 14033 structures remain within    12.00 kcal/mol window
 ----------------------------------
 optimization with tight thresholds
 ----------------------------------
 Optimization engine: ANCOPT
 Hessian update type: BFGS
 E/G convergence criteria:  0.100E-05 Eh, 0.800E-03 Eh/a0
 maximum optimization steps: 200
 |>0.0% |>2.5% |>5.0% |>7.5% |>10.0% |>12.5% |>15.0% |>17.5% |>20.0% |>22.5% |>25.0% |>27.5% |>30.0% |>32.5% |>35.0% |>37.5% |>40.0% |>42.5% |>45.0% |>47.5% |>50.0% |>52.5% |>55.0% |>57.5% |>60.0% |>62.5% |>65.0% |>67.5% |>70.0% |>72.5% |>75.0% |>77.5% |>80.0% |>82.5% |>85.0% |>87.5% |>90.0% |>92.5% |>95.0% |>97.5% |>100.0%
 done.
> 13767 of 14033 structures successfully optimized (98.1% success)
> Total runtime for 14033 optimizations:
 * wall-time:     0 d,  1 h,  5 min, 31.649 sec
 *  cpu-time:     0 d, 17 h, 24 min, 14.774 sec
 * ratio c/w:    15.936 speedup
> Corresponding to approximately 0.280 sec per processed structure

CREGEN> running RMSDs ... done.
CREGEN> E lowest :   -74.20934
 10858 structures remain within     6.00 kcal/mol window

========================================
           MTD Simulations done         
========================================
 Collecting ensmbles.
CREGEN> running RMSDs ... done.
CREGEN> E lowest :   -74.20934
 10858 structures remain within     6.00 kcal/mol window
     H(298.15K)-H(0) (conf)      1.418497
                   Cp(conf)      3.067364
                    S(conf)     13.592007

********************************************************************************
**                     I T E R A T I O N    C Y C L E      1                  **
********************************************************************************
 -------------------------------------------
 determining bias structures via PCA/k-Means
 -------------------------------------------

 20 structures were selected
 done.

 -----------------------------------------------
 determining MTD seed structures via PCA/k-Means
 -----------------------------------------------

 36 structures were selected
 done.


 ===========================================================
 Static MTDs (umbrella sampling) on 36 selected conformer(s)
 ===========================================================
> Using 20 constant RMSD bias potentials per MTD
  :::::::::: starting static MTD   1 ::::::::::
  |   MD simulation time   :    33.0 ps       |
  |   target T             :   400.0 K        |
  |   timestep dt          :     5.0 fs       |
  |   dump interval(trj)   :   100.0 fs       |
  |   SHAKE algorithm      : true (all bonds) |
  |   Vbias prefactor (k)  :  0.0036 Eh       |
  |   Vbias exponent (α)   :  1.0000 bohr⁻²   |
  :::::::::: starting static MTD   2 ::::::::::
  |   MD simulation time   :    33.0 ps       |
  |   target T             :   400.0 K        |
  |   timestep dt          :     5.0 fs       |
  |   dump interval(trj)   :   100.0 fs       |
  |   SHAKE algorithm      : true (all bonds) |
  |   Vbias prefactor (k)  :  0.0036 Eh       |
  |   Vbias exponent (α)   :  1.0000 bohr⁻²   |
  :::::::::: starting static MTD  36 ::::::::::
  |   MD simulation time   :    33.0 ps       |
  |   target T             :   400.0 K        |
  |   timestep dt          :     5.0 fs       |
  |   dump interval(trj)   :   100.0 fs       |
  |   SHAKE algorithm      : true (all bonds) |
  |   Vbias prefactor (k)  :  0.0036 Eh       |
  |   Vbias exponent (α)   :  1.0000 bohr⁻²   |
  :::::::::: starting static MTD   3 ::::::::::
  |   MD simulation time   :    33.0 ps       |
  |   target T             :   400.0 K        |
  |   timestep dt          :     5.0 fs       |
  |   dump interval(trj)   :   100.0 fs       |
  |   SHAKE algorithm      : true (all bonds) |
  |   Vbias prefactor (k)  :  0.0036 Eh       |
  |   Vbias exponent (α)   :  1.0000 bohr⁻²   |
  :::::::::: starting static MTD  10 ::::::::::
  |   MD simulation time   :    33.0 ps       |
  |   target T             :   400.0 K        |
  |   timestep dt          :     5.0 fs       |
  |   dump interval(trj)   :   100.0 fs       |
  |   SHAKE algorithm      : true (all bonds) |
  |   Vbias prefactor (k)  :  0.0036 Eh       |
  |   Vbias exponent (α)   :  1.0000 bohr⁻²   |
  :::::::::: starting static MTD   7 ::::::::::
  |   MD simulation time   :    33.0 ps       |
  |   target T             :   400.0 K        |
  |   timestep dt          :     5.0 fs       |
  |   dump interval(trj)   :   100.0 fs       |
  |   SHAKE algorithm      : true (all bonds) |
  |   Vbias prefactor (k)  :  0.0036 Eh       |
  |   Vbias exponent (α)   :  1.0000 bohr⁻²   |
  :::::::::: starting static MTD  12 ::::::::::
  |   MD simulation time   :    33.0 ps       |
  |   target T             :   400.0 K        |
  |   timestep dt          :     5.0 fs       |
  |   dump interval(trj)   :   100.0 fs       |
  |   SHAKE algorithm      : true (all bonds) |
  |   Vbias prefactor (k)  :  0.0036 Eh       |
  |   Vbias exponent (α)   :  1.0000 bohr⁻²   |
  :::::::::: starting static MTD   9 ::::::::::
  |   MD simulation time   :    33.0 ps       |
  |   target T             :   400.0 K        |
  |   timestep dt          :     5.0 fs       |
  |   dump interval(trj)   :   100.0 fs       |
  |   SHAKE algorithm      : true (all bonds) |
  |   Vbias prefactor (k)  :  0.0036 Eh       |
  |   Vbias exponent (α)   :  1.0000 bohr⁻²   |
  :::::::::: starting static MTD  15 ::::::::::
  |   MD simulation time   :    33.0 ps       |
  |   target T             :   400.0 K        |
  |   timestep dt          :     5.0 fs       |
  |   dump interval(trj)   :   100.0 fs       |
  |   SHAKE algorithm      : true (all bonds) |
  |   Vbias prefactor (k)  :  0.0036 Eh       |
  |   Vbias exponent (α)   :  1.0000 bohr⁻²   |
  :::::::::: starting static MTD   5 ::::::::::
  |   MD simulation time   :    33.0 ps       |
  |   target T             :   400.0 K        |
  |   timestep dt          :     5.0 fs       |
  |   dump interval(trj)   :   100.0 fs       |
  |   SHAKE algorithm      : true (all bonds) |
  |   Vbias prefactor (k)  :  0.0036 Eh       |
  |   Vbias exponent (α)   :  1.0000 bohr⁻²   |
  :::::::::: starting static MTD   4 ::::::::::
  |   MD simulation time   :    33.0 ps       |
  |   target T             :   400.0 K        |
  |   timestep dt          :     5.0 fs       |
  |   dump interval(trj)   :   100.0 fs       |
  |   SHAKE algorithm      : true (all bonds) |
  |   Vbias prefactor (k)  :  0.0036 Eh       |
  |   Vbias exponent (α)   :  1.0000 bohr⁻²   |
  :::::::::: starting static MTD  13 ::::::::::
  |   MD simulation time   :    33.0 ps       |
  |   target T             :   400.0 K        |
  |   timestep dt          :     5.0 fs       |
  |   dump interval(trj)   :   100.0 fs       |
  |   SHAKE algorithm      : true (all bonds) |
  |   Vbias prefactor (k)  :  0.0036 Eh       |
  |   Vbias exponent (α)   :  1.0000 bohr⁻²   |
  :::::::::: starting static MTD   6 ::::::::::
  |   MD simulation time   :    33.0 ps       |
  |   target T             :   400.0 K        |
  |   timestep dt          :     5.0 fs       |
  |   dump interval(trj)   :   100.0 fs       |
  |   SHAKE algorithm      : true (all bonds) |
  |   Vbias prefactor (k)  :  0.0036 Eh       |
  |   Vbias exponent (α)   :  1.0000 bohr⁻²   |
  :::::::::: starting static MTD   8 ::::::::::
  |   MD simulation time   :    33.0 ps       |
  |   target T             :   400.0 K        |
  |   timestep dt          :     5.0 fs       |
  |   dump interval(trj)   :   100.0 fs       |
  |   SHAKE algorithm      : true (all bonds) |
  |   Vbias prefactor (k)  :  0.0036 Eh       |
  |   Vbias exponent (α)   :  1.0000 bohr⁻²   |
  :::::::::: starting static MTD  11 ::::::::::
  |   MD simulation time   :    33.0 ps       |
  |   target T             :   400.0 K        |
  |   timestep dt          :     5.0 fs       |
  |   dump interval(trj)   :   100.0 fs       |
  |   SHAKE algorithm      : true (all bonds) |
  |   Vbias prefactor (k)  :  0.0036 Eh       |
  |   Vbias exponent (α)   :  1.0000 bohr⁻²   |
  :::::::::: starting static MTD  14 ::::::::::
  |   MD simulation time   :    33.0 ps       |
  |   target T             :   400.0 K        |
  |   timestep dt          :     5.0 fs       |
  |   dump interval(trj)   :   100.0 fs       |
  |   SHAKE algorithm      : true (all bonds) |
  |   Vbias prefactor (k)  :  0.0036 Eh       |
  |   Vbias exponent (α)   :  1.0000 bohr⁻²   |
*sMTD  14 completed successfully ...        7 min,  8.257 sec
  :::::::::: starting static MTD  16 ::::::::::
  |   MD simulation time   :    33.0 ps       |
  |   target T             :   400.0 K        |
  |   timestep dt          :     5.0 fs       |
  |   dump interval(trj)   :   100.0 fs       |
  |   SHAKE algorithm      : true (all bonds) |
  |   Vbias prefactor (k)  :  0.0036 Eh       |
  |   Vbias exponent (α)   :  1.0000 bohr⁻²   |
*sMTD  12 completed successfully ...        7 min,  9.099 sec
  :::::::::: starting static MTD  17 ::::::::::
  |   MD simulation time   :    33.0 ps       |
  |   target T             :   400.0 K        |
  |   timestep dt          :     5.0 fs       |
  |   dump interval(trj)   :   100.0 fs       |
  |   SHAKE algorithm      : true (all bonds) |
  |   Vbias prefactor (k)  :  0.0036 Eh       |
  |   Vbias exponent (α)   :  1.0000 bohr⁻²   |
*sMTD   7 completed successfully ...        7 min,  9.562 sec
  :::::::::: starting static MTD  18 ::::::::::
  |   MD simulation time   :    33.0 ps       |
  |   target T             :   400.0 K        |
  |   timestep dt          :     5.0 fs       |
  |   dump interval(trj)   :   100.0 fs       |
  |   SHAKE algorithm      : true (all bonds) |
  |   Vbias prefactor (k)  :  0.0036 Eh       |
  |   Vbias exponent (α)   :  1.0000 bohr⁻²   |
*sMTD   6 completed successfully ...        7 min,  9.672 sec
  :::::::::: starting static MTD  19 ::::::::::
  |   MD simulation time   :    33.0 ps       |
  |   target T             :   400.0 K        |
  |   timestep dt          :     5.0 fs       |
  |   dump interval(trj)   :   100.0 fs       |
  |   SHAKE algorithm      : true (all bonds) |
  |   Vbias prefactor (k)  :  0.0036 Eh       |
  |   Vbias exponent (α)   :  1.0000 bohr⁻²   |
*sMTD   2 completed successfully ...        7 min,  9.846 sec
  :::::::::: starting static MTD  20 ::::::::::
  |   MD simulation time   :    33.0 ps       |
  |   target T             :   400.0 K        |
  |   timestep dt          :     5.0 fs       |
  |   dump interval(trj)   :   100.0 fs       |
  |   SHAKE algorithm      : true (all bonds) |
  |   Vbias prefactor (k)  :  0.0036 Eh       |
  |   Vbias exponent (α)   :  1.0000 bohr⁻²   |
*sMTD   4 completed successfully ...        7 min, 10.037 sec
  :::::::::: starting static MTD  21 ::::::::::
  |   MD simulation time   :    33.0 ps       |
  |   target T             :   400.0 K        |
  |   timestep dt          :     5.0 fs       |
  |   dump interval(trj)   :   100.0 fs       |
  |   SHAKE algorithm      : true (all bonds) |
  |   Vbias prefactor (k)  :  0.0036 Eh       |
  |   Vbias exponent (α)   :  1.0000 bohr⁻²   |
*sMTD  36 completed successfully ...        7 min, 10.168 sec
  :::::::::: starting static MTD  35 ::::::::::
  |   MD simulation time   :    33.0 ps       |
  |   target T             :   400.0 K        |
  |   timestep dt          :     5.0 fs       |
  |   dump interval(trj)   :   100.0 fs       |
  |   SHAKE algorithm      : true (all bonds) |
  |   Vbias prefactor (k)  :  0.0036 Eh       |
  |   Vbias exponent (α)   :  1.0000 bohr⁻²   |
*sMTD  13 completed successfully ...        7 min, 10.262 sec
  :::::::::: starting static MTD  22 ::::::::::
  |   MD simulation time   :    33.0 ps       |
  |   target T             :   400.0 K        |
  |   timestep dt          :     5.0 fs       |
  |   dump interval(trj)   :   100.0 fs       |
  |   SHAKE algorithm      : true (all bonds) |
  |   Vbias prefactor (k)  :  0.0036 Eh       |
  |   Vbias exponent (α)   :  1.0000 bohr⁻²   |
*sMTD  10 completed successfully ...        7 min, 10.605 sec
  :::::::::: starting static MTD  23 ::::::::::
  |   MD simulation time   :    33.0 ps       |
  |   target T             :   400.0 K        |
  |   timestep dt          :     5.0 fs       |
  |   dump interval(trj)   :   100.0 fs       |
  |   SHAKE algorithm      : true (all bonds) |
  |   Vbias prefactor (k)  :  0.0036 Eh       |
  |   Vbias exponent (α)   :  1.0000 bohr⁻²   |
*sMTD   1 completed successfully ...        7 min, 10.749 sec
  :::::::::: starting static MTD  24 ::::::::::
  |   MD simulation time   :    33.0 ps       |
  |   target T             :   400.0 K        |
  |   timestep dt          :     5.0 fs       |
  |   dump interval(trj)   :   100.0 fs       |
  |   SHAKE algorithm      : true (all bonds) |
  |   Vbias prefactor (k)  :  0.0036 Eh       |
  |   Vbias exponent (α)   :  1.0000 bohr⁻²   |
*sMTD  11 completed successfully ...        7 min, 10.969 sec
  :::::::::: starting static MTD  25 ::::::::::
  |   MD simulation time   :    33.0 ps       |
  |   target T             :   400.0 K        |
  |   timestep dt          :     5.0 fs       |
  |   dump interval(trj)   :   100.0 fs       |
  |   SHAKE algorithm      : true (all bonds) |
  |   Vbias prefactor (k)  :  0.0036 Eh       |
  |   Vbias exponent (α)   :  1.0000 bohr⁻²   |
*sMTD   8 completed successfully ...        7 min, 11.457 sec
  :::::::::: starting static MTD  26 ::::::::::
  |   MD simulation time   :    33.0 ps       |
  |   target T             :   400.0 K        |
  |   timestep dt          :     5.0 fs       |
  |   dump interval(trj)   :   100.0 fs       |
  |   SHAKE algorithm      : true (all bonds) |
  |   Vbias prefactor (k)  :  0.0036 Eh       |
  |   Vbias exponent (α)   :  1.0000 bohr⁻²   |
*sMTD   5 completed successfully ...        7 min, 12.339 sec
  :::::::::: starting static MTD  27 ::::::::::
  |   MD simulation time   :    33.0 ps       |
  |   target T             :   400.0 K        |
  |   timestep dt          :     5.0 fs       |
  |   dump interval(trj)   :   100.0 fs       |
  |   SHAKE algorithm      : true (all bonds) |
  |   Vbias prefactor (k)  :  0.0036 Eh       |
  |   Vbias exponent (α)   :  1.0000 bohr⁻²   |
*sMTD  15 completed successfully ...        7 min, 12.802 sec
  :::::::::: starting static MTD  28 ::::::::::
  |   MD simulation time   :    33.0 ps       |
  |   target T             :   400.0 K        |
  |   timestep dt          :     5.0 fs       |
  |   dump interval(trj)   :   100.0 fs       |
  |   SHAKE algorithm      : true (all bonds) |
  |   Vbias prefactor (k)  :  0.0036 Eh       |
  |   Vbias exponent (α)   :  1.0000 bohr⁻²   |
*sMTD   9 completed successfully ...        7 min, 14.631 sec
  :::::::::: starting static MTD  29 ::::::::::
  |   MD simulation time   :    33.0 ps       |
  |   target T             :   400.0 K        |
  |   timestep dt          :     5.0 fs       |
  |   dump interval(trj)   :   100.0 fs       |
  |   SHAKE algorithm      : true (all bonds) |
  |   Vbias prefactor (k)  :  0.0036 Eh       |
  |   Vbias exponent (α)   :  1.0000 bohr⁻²   |
*sMTD   3 completed successfully ...        7 min, 14.733 sec
  :::::::::: starting static MTD  30 ::::::::::
  |   MD simulation time   :    33.0 ps       |
  |   target T             :   400.0 K        |
  |   timestep dt          :     5.0 fs       |
  |   dump interval(trj)   :   100.0 fs       |
  |   SHAKE algorithm      : true (all bonds) |
  |   Vbias prefactor (k)  :  0.0036 Eh       |
  |   Vbias exponent (α)   :  1.0000 bohr⁻²   |
*sMTD  18 completed successfully ...        7 min,  8.751 sec
  :::::::::: starting static MTD  31 ::::::::::
  |   MD simulation time   :    33.0 ps       |
  |   target T             :   400.0 K        |
  |   timestep dt          :     5.0 fs       |
  |   dump interval(trj)   :   100.0 fs       |
  |   SHAKE algorithm      : true (all bonds) |
  |   Vbias prefactor (k)  :  0.0036 Eh       |
  |   Vbias exponent (α)   :  1.0000 bohr⁻²   |
*sMTD  17 completed successfully ...        7 min,  9.434 sec
  :::::::::: starting static MTD  32 ::::::::::
  |   MD simulation time   :    33.0 ps       |
  |   target T             :   400.0 K        |
  |   timestep dt          :     5.0 fs       |
  |   dump interval(trj)   :   100.0 fs       |
  |   SHAKE algorithm      : true (all bonds) |
  |   Vbias prefactor (k)  :  0.0036 Eh       |
  |   Vbias exponent (α)   :  1.0000 bohr⁻²   |
*sMTD  20 completed successfully ...        7 min,  9.163 sec
  :::::::::: starting static MTD  33 ::::::::::
  |   MD simulation time   :    33.0 ps       |
  |   target T             :   400.0 K        |
  |   timestep dt          :     5.0 fs       |
  |   dump interval(trj)   :   100.0 fs       |
  |   SHAKE algorithm      : true (all bonds) |
  |   Vbias prefactor (k)  :  0.0036 Eh       |
  |   Vbias exponent (α)   :  1.0000 bohr⁻²   |
*sMTD  25 completed successfully ...        7 min,  8.194 sec
  :::::::::: starting static MTD  34 ::::::::::
  |   MD simulation time   :    33.0 ps       |
  |   target T             :   400.0 K        |
  |   timestep dt          :     5.0 fs       |
  |   dump interval(trj)   :   100.0 fs       |
  |   SHAKE algorithm      : true (all bonds) |
  |   Vbias prefactor (k)  :  0.0036 Eh       |
  |   Vbias exponent (α)   :  1.0000 bohr⁻²   |
*sMTD  23 completed successfully ...        7 min,  8.740 sec
*sMTD  35 completed successfully ...        7 min,  9.192 sec
*sMTD  16 completed successfully ...        7 min, 11.466 sec
*sMTD  22 completed successfully ...        7 min,  9.856 sec
*sMTD  24 completed successfully ...        7 min,  9.911 sec
*sMTD  26 completed successfully ...        7 min,  9.385 sec
*sMTD  19 completed successfully ...        7 min, 11.484 sec
*sMTD  21 completed successfully ...        7 min, 11.185 sec
*sMTD  28 completed successfully ...        7 min,  9.181 sec
*sMTD  27 completed successfully ...        7 min, 10.146 sec
*sMTD  29 completed successfully ...        7 min, 10.606 sec
*sMTD  30 completed successfully ...        7 min, 12.358 sec
*sMTD  32 completed successfully ...        5 min, 59.449 sec
*sMTD  33 completed successfully ...        5 min, 59.701 sec
*sMTD  31 completed successfully ...        6 min,  2.199 sec
*sMTD  34 completed successfully ...        6 min,  3.988 sec

 ======================================
 |  Multilevel Ensemble Optimization  |
 ======================================
 Optimizing all 11844 structures from file "crest_rotamers_0.xyz" ...
 ----------------------
 crude pre-optimization
 ----------------------
 Optimization engine: ANCOPT
 Hessian update type: BFGS
 E/G convergence criteria:  0.500E-03 Eh, 0.100E-01 Eh/a0
 maximum optimization steps: 200
 |>0.0% |>2.5% |>5.0% |>7.5% |>10.0% |>12.5% |>15.0% |>17.5% |>20.0% |>22.5% |>25.0% |>27.5% |>30.0% |>32.5% |>35.0% |>37.5% |>40.0% |>42.5% |>45.0% |>47.5% |>50.0% |>52.5% |>55.0% |>57.5% |>60.0% |>62.5% |>65.0% |>67.5% |>70.0% |>72.5% |>75.0% |>77.5% |>80.0% |>82.5% |>85.0% |>87.5% |>90.0% |>92.5% |>95.0% |>97.5% |>100.0%
 done.
> 11844 of 11844 structures successfully optimized (100.0% success)
> Total runtime for 11844 optimizations:
 * wall-time:     0 d,  0 h, 11 min, 19.005 sec
 *  cpu-time:     0 d,  3 h,  0 min,  4.583 sec
 * ratio c/w:    15.912 speedup
> Corresponding to approximately 0.057 sec per processed structure

CREGEN> running RMSDs ... done.
CREGEN> E lowest :   -74.20839
 11694 structures remain within    12.00 kcal/mol window
 ---------------------------------------
 optimization with very tight thresholds
 ---------------------------------------
 Optimization engine: ANCOPT
 Hessian update type: BFGS
 E/G convergence criteria:  0.100E-06 Eh, 0.200E-03 Eh/a0
 maximum optimization steps: 200
 |>0.0% |>2.5% |>5.0% |>7.5% |>10.0% |>12.5% |>15.0% |>17.5% |>20.0% |>22.5% |>25.0% |>27.5% |>30.0% |>32.5% |>35.0% |>37.5% |>40.0% |>42.5% |>45.0% |>47.5% |>50.0% |>52.5% |>55.0% |>57.5% |>60.0% |>62.5% |>65.0% |>67.5% |>70.0% |>72.5% |>75.0% |>77.5% |>80.0% |>82.5% |>85.0% |>87.5% |>90.0% |>92.5% |>95.0% |>97.5% |>100.0%
 done.
> 10961 of 11694 structures successfully optimized (93.7% success)
> Total runtime for 11694 optimizations:
 * wall-time:     0 d,  1 h,  7 min, 20.671 sec
 *  cpu-time:     0 d, 17 h, 54 min, 39.629 sec
 * ratio c/w:    15.958 speedup
> Corresponding to approximately 0.346 sec per processed structure

CREGEN> running RMSDs ... done.
CREGEN> E lowest :   -74.20934
 5212 structures remain within     6.00 kcal/mol window
CREGEN> running RMSDs ... done.
CREGEN> E lowest :   -74.20934

 Static MTD simulation iteration 1 finished
 A total of 5029 conformers (+12.37%) in crest_conformers.xyz
 S(approx.) =   13.904379 cal/molK (dS = 2.22%)
 Convergence w.r.t. conformers: F
 Convergence w.r.t. entropy   : F

     H(298.15K)-H(0) (conf)      1.453706
                   Cp(conf)      3.035561
                    S(conf)     13.900825

********************************************************************************
**                     I T E R A T I O N    C Y C L E      2                  **
********************************************************************************
 -------------------------------------------
 determining bias structures via PCA/k-Means
 -------------------------------------------

 25 structures were selected
 done.

 -----------------------------------------------
 determining MTD seed structures via PCA/k-Means
 -----------------------------------------------

 36 structures were selected
 done.


 ===========================================================
 Static MTDs (umbrella sampling) on 36 selected conformer(s)
 ===========================================================
> Using 25 constant RMSD bias potentials per MTD
  :::::::::: starting static MTD   1 ::::::::::
  |   MD simulation time   :    33.0 ps       |
  |   target T             :   400.0 K        |
  |   timestep dt          :     5.0 fs       |
  |   dump interval(trj)   :   100.0 fs       |
  |   SHAKE algorithm      : true (all bonds) |
  |   Vbias prefactor (k)  :  0.0036 Eh       |
  |   Vbias exponent (α)   :  1.0000 bohr⁻²   |
  :::::::::: starting static MTD   2 ::::::::::
  |   MD simulation time   :    33.0 ps       |
  |   target T             :   400.0 K        |
  |   timestep dt          :     5.0 fs       |
  |   dump interval(trj)   :   100.0 fs       |
  |   SHAKE algorithm      : true (all bonds) |
  |   Vbias prefactor (k)  :  0.0036 Eh       |
  |   Vbias exponent (α)   :  1.0000 bohr⁻²   |
  :::::::::: starting static MTD  36 ::::::::::
  |   MD simulation time   :    33.0 ps       |
  |   target T             :   400.0 K        |
  |   timestep dt          :     5.0 fs       |
  |   dump interval(trj)   :   100.0 fs       |
  |   SHAKE algorithm      : true (all bonds) |
  |   Vbias prefactor (k)  :  0.0036 Eh       |
  |   Vbias exponent (α)   :  1.0000 bohr⁻²   |
  :::::::::: starting static MTD   3 ::::::::::
  |   MD simulation time   :    33.0 ps       |
  |   target T             :   400.0 K        |
  |   timestep dt          :     5.0 fs       |
  |   dump interval(trj)   :   100.0 fs       |
  |   SHAKE algorithm      : true (all bonds) |
  |   Vbias prefactor (k)  :  0.0036 Eh       |
  |   Vbias exponent (α)   :  1.0000 bohr⁻²   |
  :::::::::: starting static MTD   7 ::::::::::
  |   MD simulation time   :    33.0 ps       |
  |   target T             :   400.0 K        |
  |   timestep dt          :     5.0 fs       |
  |   dump interval(trj)   :   100.0 fs       |
  |   SHAKE algorithm      : true (all bonds) |
  |   Vbias prefactor (k)  :  0.0036 Eh       |
  |   Vbias exponent (α)   :  1.0000 bohr⁻²   |
  :::::::::: starting static MTD   4 ::::::::::
  |   MD simulation time   :    33.0 ps       |
  |   target T             :   400.0 K        |
  |   timestep dt          :     5.0 fs       |
  |   dump interval(trj)   :   100.0 fs       |
  |   SHAKE algorithm      : true (all bonds) |
  |   Vbias prefactor (k)  :  0.0036 Eh       |
  |   Vbias exponent (α)   :  1.0000 bohr⁻²   |
  :::::::::: starting static MTD  10 ::::::::::
  |   MD simulation time   :    33.0 ps       |
  |   target T             :   400.0 K        |
  |   timestep dt          :     5.0 fs       |
  |   dump interval(trj)   :   100.0 fs       |
  |   SHAKE algorithm      : true (all bonds) |
  |   Vbias prefactor (k)  :  0.0036 Eh       |
  |   Vbias exponent (α)   :  1.0000 bohr⁻²   |
  :::::::::: starting static MTD  13 ::::::::::
  |   MD simulation time   :    33.0 ps       |
  |   target T             :   400.0 K        |
  |   timestep dt          :     5.0 fs       |
  |   dump interval(trj)   :   100.0 fs       |
  |   SHAKE algorithm      : true (all bonds) |
  |   Vbias prefactor (k)  :  0.0036 Eh       |
  |   Vbias exponent (α)   :  1.0000 bohr⁻²   |
  :::::::::: starting static MTD   5 ::::::::::
  |   MD simulation time   :    33.0 ps       |
  |   target T             :   400.0 K        |
  |   timestep dt          :     5.0 fs       |
  |   dump interval(trj)   :   100.0 fs       |
  |   SHAKE algorithm      : true (all bonds) |
  |   Vbias prefactor (k)  :  0.0036 Eh       |
  |   Vbias exponent (α)   :  1.0000 bohr⁻²   |
  :::::::::: starting static MTD   6 ::::::::::
  |   MD simulation time   :    33.0 ps       |
  |   target T             :   400.0 K        |
  |   timestep dt          :     5.0 fs       |
  |   dump interval(trj)   :   100.0 fs       |
  |   SHAKE algorithm      : true (all bonds) |
  |   Vbias prefactor (k)  :  0.0036 Eh       |
  |   Vbias exponent (α)   :  1.0000 bohr⁻²   |
  :::::::::: starting static MTD  11 ::::::::::
  |   MD simulation time   :    33.0 ps       |
  |   target T             :   400.0 K        |
  |   timestep dt          :     5.0 fs       |
  |   dump interval(trj)   :   100.0 fs       |
  |   SHAKE algorithm      : true (all bonds) |
  |   Vbias prefactor (k)  :  0.0036 Eh       |
  |   Vbias exponent (α)   :  1.0000 bohr⁻²   |
  :::::::::: starting static MTD  14 ::::::::::
  |   MD simulation time   :    33.0 ps       |
  |   target T             :   400.0 K        |
  |   timestep dt          :     5.0 fs       |
  |   dump interval(trj)   :   100.0 fs       |
  |   SHAKE algorithm      : true (all bonds) |
  |   Vbias prefactor (k)  :  0.0036 Eh       |
  |   Vbias exponent (α)   :  1.0000 bohr⁻²   |
  :::::::::: starting static MTD  15 ::::::::::
  |   MD simulation time   :    33.0 ps       |
  |   target T             :   400.0 K        |
  |   timestep dt          :     5.0 fs       |
  |   dump interval(trj)   :   100.0 fs       |
  |   SHAKE algorithm      : true (all bonds) |
  |   Vbias prefactor (k)  :  0.0036 Eh       |
  |   Vbias exponent (α)   :  1.0000 bohr⁻²   |
  :::::::::: starting static MTD   8 ::::::::::
  |   MD simulation time   :    33.0 ps       |
  |   target T             :   400.0 K        |
  |   timestep dt          :     5.0 fs       |
  |   dump interval(trj)   :   100.0 fs       |
  |   SHAKE algorithm      : true (all bonds) |
  |   Vbias prefactor (k)  :  0.0036 Eh       |
  |   Vbias exponent (α)   :  1.0000 bohr⁻²   |
  :::::::::: starting static MTD  12 ::::::::::
  |   MD simulation time   :    33.0 ps       |
  |   target T             :   400.0 K        |
  |   timestep dt          :     5.0 fs       |
  |   dump interval(trj)   :   100.0 fs       |
  |   SHAKE algorithm      : true (all bonds) |
  |   Vbias prefactor (k)  :  0.0036 Eh       |
  |   Vbias exponent (α)   :  1.0000 bohr⁻²   |
  :::::::::: starting static MTD   9 ::::::::::
  |   MD simulation time   :    33.0 ps       |
  |   target T             :   400.0 K        |
  |   timestep dt          :     5.0 fs       |
  |   dump interval(trj)   :   100.0 fs       |
  |   SHAKE algorithm      : true (all bonds) |
  |   Vbias prefactor (k)  :  0.0036 Eh       |
  |   Vbias exponent (α)   :  1.0000 bohr⁻²   |
*sMTD  14 completed successfully ...        7 min,  7.574 sec
  :::::::::: starting static MTD  16 ::::::::::
  |   MD simulation time   :    33.0 ps       |
  |   target T             :   400.0 K        |
  |   timestep dt          :     5.0 fs       |
  |   dump interval(trj)   :   100.0 fs       |
  |   SHAKE algorithm      : true (all bonds) |
  |   Vbias prefactor (k)  :  0.0036 Eh       |
  |   Vbias exponent (α)   :  1.0000 bohr⁻²   |
*sMTD  36 completed successfully ...        7 min,  7.604 sec
  :::::::::: starting static MTD  35 ::::::::::
  |   MD simulation time   :    33.0 ps       |
  |   target T             :   400.0 K        |
  |   timestep dt          :     5.0 fs       |
  |   dump interval(trj)   :   100.0 fs       |
  |   SHAKE algorithm      : true (all bonds) |
  |   Vbias prefactor (k)  :  0.0036 Eh       |
  |   Vbias exponent (α)   :  1.0000 bohr⁻²   |
*sMTD   5 completed successfully ...        7 min,  7.955 sec
  :::::::::: starting static MTD  17 ::::::::::
  |   MD simulation time   :    33.0 ps       |
  |   target T             :   400.0 K        |
  |   timestep dt          :     5.0 fs       |
  |   dump interval(trj)   :   100.0 fs       |
  |   SHAKE algorithm      : true (all bonds) |
  |   Vbias prefactor (k)  :  0.0036 Eh       |
  |   Vbias exponent (α)   :  1.0000 bohr⁻²   |
*sMTD  15 completed successfully ...        7 min,  8.127 sec
  :::::::::: starting static MTD  18 ::::::::::
  |   MD simulation time   :    33.0 ps       |
  |   target T             :   400.0 K        |
  |   timestep dt          :     5.0 fs       |
  |   dump interval(trj)   :   100.0 fs       |
  |   SHAKE algorithm      : true (all bonds) |
  |   Vbias prefactor (k)  :  0.0036 Eh       |
  |   Vbias exponent (α)   :  1.0000 bohr⁻²   |
*sMTD   9 completed successfully ...        7 min,  8.325 sec
  :::::::::: starting static MTD  19 ::::::::::
  |   MD simulation time   :    33.0 ps       |
  |   target T             :   400.0 K        |
  |   timestep dt          :     5.0 fs       |
  |   dump interval(trj)   :   100.0 fs       |
  |   SHAKE algorithm      : true (all bonds) |
  |   Vbias prefactor (k)  :  0.0036 Eh       |
  |   Vbias exponent (α)   :  1.0000 bohr⁻²   |
*sMTD   7 completed successfully ...        7 min,  8.411 sec
  :::::::::: starting static MTD  20 ::::::::::
  |   MD simulation time   :    33.0 ps       |
  |   target T             :   400.0 K        |
  |   timestep dt          :     5.0 fs       |
  |   dump interval(trj)   :   100.0 fs       |
  |   SHAKE algorithm      : true (all bonds) |
  |   Vbias prefactor (k)  :  0.0036 Eh       |
  |   Vbias exponent (α)   :  1.0000 bohr⁻²   |
*sMTD   6 completed successfully ...        7 min,  9.082 sec
  :::::::::: starting static MTD  21 ::::::::::
  |   MD simulation time   :    33.0 ps       |
  |   target T             :   400.0 K        |
  |   timestep dt          :     5.0 fs       |
  |   dump interval(trj)   :   100.0 fs       |
  |   SHAKE algorithm      : true (all bonds) |
  |   Vbias prefactor (k)  :  0.0036 Eh       |
  |   Vbias exponent (α)   :  1.0000 bohr⁻²   |
*sMTD   4 completed successfully ...        7 min,  9.167 sec
  :::::::::: starting static MTD  22 ::::::::::
  |   MD simulation time   :    33.0 ps       |
  |   target T             :   400.0 K        |
  |   timestep dt          :     5.0 fs       |
  |   dump interval(trj)   :   100.0 fs       |
  |   SHAKE algorithm      : true (all bonds) |
  |   Vbias prefactor (k)  :  0.0036 Eh       |
  |   Vbias exponent (α)   :  1.0000 bohr⁻²   |
*sMTD  13 completed successfully ...        7 min,  9.603 sec
  :::::::::: starting static MTD  23 ::::::::::
  |   MD simulation time   :    33.0 ps       |
  |   target T             :   400.0 K        |
  |   timestep dt          :     5.0 fs       |
  |   dump interval(trj)   :   100.0 fs       |
  |   SHAKE algorithm      : true (all bonds) |
  |   Vbias prefactor (k)  :  0.0036 Eh       |
  |   Vbias exponent (α)   :  1.0000 bohr⁻²   |
*sMTD  12 completed successfully ...        7 min, 10.013 sec
  :::::::::: starting static MTD  24 ::::::::::
  |   MD simulation time   :    33.0 ps       |
  |   target T             :   400.0 K        |
  |   timestep dt          :     5.0 fs       |
  |   dump interval(trj)   :   100.0 fs       |
  |   SHAKE algorithm      : true (all bonds) |
  |   Vbias prefactor (k)  :  0.0036 Eh       |
  |   Vbias exponent (α)   :  1.0000 bohr⁻²   |
*sMTD  11 completed successfully ...        7 min, 10.234 sec
  :::::::::: starting static MTD  25 ::::::::::
  |   MD simulation time   :    33.0 ps       |
  |   target T             :   400.0 K        |
  |   timestep dt          :     5.0 fs       |
  |   dump interval(trj)   :   100.0 fs       |
  |   SHAKE algorithm      : true (all bonds) |
  |   Vbias prefactor (k)  :  0.0036 Eh       |
  |   Vbias exponent (α)   :  1.0000 bohr⁻²   |
*sMTD   2 completed successfully ...        7 min, 10.432 sec
  :::::::::: starting static MTD  26 ::::::::::
  |   MD simulation time   :    33.0 ps       |
  |   target T             :   400.0 K        |
  |   timestep dt          :     5.0 fs       |
  |   dump interval(trj)   :   100.0 fs       |
  |   SHAKE algorithm      : true (all bonds) |
  |   Vbias prefactor (k)  :  0.0036 Eh       |
  |   Vbias exponent (α)   :  1.0000 bohr⁻²   |
*sMTD   3 completed successfully ...        7 min, 10.441 sec
  :::::::::: starting static MTD  27 ::::::::::
  |   MD simulation time   :    33.0 ps       |
  |   target T             :   400.0 K        |
  |   timestep dt          :     5.0 fs       |
  |   dump interval(trj)   :   100.0 fs       |
  |   SHAKE algorithm      : true (all bonds) |
  |   Vbias prefactor (k)  :  0.0036 Eh       |
  |   Vbias exponent (α)   :  1.0000 bohr⁻²   |
*sMTD   8 completed successfully ...        7 min, 11.321 sec
  :::::::::: starting static MTD  28 ::::::::::
  |   MD simulation time   :    33.0 ps       |
  |   target T             :   400.0 K        |
  |   timestep dt          :     5.0 fs       |
  |   dump interval(trj)   :   100.0 fs       |
  |   SHAKE algorithm      : true (all bonds) |
  |   Vbias prefactor (k)  :  0.0036 Eh       |
  |   Vbias exponent (α)   :  1.0000 bohr⁻²   |
*sMTD   1 completed successfully ...        7 min, 11.412 sec
  :::::::::: starting static MTD  29 ::::::::::
  |   MD simulation time   :    33.0 ps       |
  |   target T             :   400.0 K        |
  |   timestep dt          :     5.0 fs       |
  |   dump interval(trj)   :   100.0 fs       |
  |   SHAKE algorithm      : true (all bonds) |
  |   Vbias prefactor (k)  :  0.0036 Eh       |
  |   Vbias exponent (α)   :  1.0000 bohr⁻²   |
*sMTD  10 completed successfully ...        7 min, 12.435 sec
  :::::::::: starting static MTD  30 ::::::::::
  |   MD simulation time   :    33.0 ps       |
  |   target T             :   400.0 K        |
  |   timestep dt          :     5.0 fs       |
  |   dump interval(trj)   :   100.0 fs       |
  |   SHAKE algorithm      : true (all bonds) |
  |   Vbias prefactor (k)  :  0.0036 Eh       |
  |   Vbias exponent (α)   :  1.0000 bohr⁻²   |
*sMTD  16 completed successfully ...        7 min,  9.280 sec
  :::::::::: starting static MTD  31 ::::::::::
  |   MD simulation time   :    33.0 ps       |
  |   target T             :   400.0 K        |
  |   timestep dt          :     5.0 fs       |
  |   dump interval(trj)   :   100.0 fs       |
  |   SHAKE algorithm      : true (all bonds) |
  |   Vbias prefactor (k)  :  0.0036 Eh       |
  |   Vbias exponent (α)   :  1.0000 bohr⁻²   |
*sMTD  29 completed successfully ...        7 min,  5.894 sec
  :::::::::: starting static MTD  32 ::::::::::
  |   MD simulation time   :    33.0 ps       |
  |   target T             :   400.0 K        |
  |   timestep dt          :     5.0 fs       |
  |   dump interval(trj)   :   100.0 fs       |
  |   SHAKE algorithm      : true (all bonds) |
  |   Vbias prefactor (k)  :  0.0036 Eh       |
  |   Vbias exponent (α)   :  1.0000 bohr⁻²   |
*sMTD  18 completed successfully ...        7 min,  9.586 sec
  :::::::::: starting static MTD  33 ::::::::::
  |   MD simulation time   :    33.0 ps       |
  |   target T             :   400.0 K        |
  |   timestep dt          :     5.0 fs       |
  |   dump interval(trj)   :   100.0 fs       |
  |   SHAKE algorithm      : true (all bonds) |
  |   Vbias prefactor (k)  :  0.0036 Eh       |
  |   Vbias exponent (α)   :  1.0000 bohr⁻²   |
*sMTD  17 completed successfully ...        7 min, 10.152 sec
  :::::::::: starting static MTD  34 ::::::::::
  |   MD simulation time   :    33.0 ps       |
  |   target T             :   400.0 K        |
  |   timestep dt          :     5.0 fs       |
  |   dump interval(trj)   :   100.0 fs       |
  |   SHAKE algorithm      : true (all bonds) |
  |   Vbias prefactor (k)  :  0.0036 Eh       |
  |   Vbias exponent (α)   :  1.0000 bohr⁻²   |
*sMTD  26 completed successfully ...        7 min,  7.802 sec
*sMTD  35 completed successfully ...        7 min, 10.644 sec
*sMTD  20 completed successfully ...        7 min, 10.060 sec
*sMTD  25 completed successfully ...        7 min,  8.853 sec
*sMTD  19 completed successfully ...        7 min, 10.766 sec
*sMTD  23 completed successfully ...        7 min, 10.239 sec
*sMTD  21 completed successfully ...        7 min, 10.860 sec
*sMTD  28 completed successfully ...        7 min,  9.140 sec
*sMTD  27 completed successfully ...        7 min, 10.450 sec
*sMTD  22 completed successfully ...        7 min, 11.864 sec
*sMTD  24 completed successfully ...        7 min, 11.819 sec
*sMTD  30 completed successfully ...        7 min, 10.594 sec
*sMTD  32 completed successfully ...        6 min,  0.898 sec
*sMTD  31 completed successfully ...        6 min,  1.463 sec
*sMTD  33 completed successfully ...        6 min,  2.576 sec
*sMTD  34 completed successfully ...        6 min,  3.029 sec

 ======================================
 |  Multilevel Ensemble Optimization  |
 ======================================
 Optimizing all 11844 structures from file "crest_rotamers_0.xyz" ...
 ----------------------
 crude pre-optimization
 ----------------------
 Optimization engine: ANCOPT
 Hessian update type: BFGS
 E/G convergence criteria:  0.500E-03 Eh, 0.100E-01 Eh/a0
 maximum optimization steps: 200
 |>0.0% |>2.5% |>5.0% |>7.5% |>10.0% |>12.5% |>15.0% |>17.5% |>20.0% |>22.5% |>25.0% |>27.5% |>30.0% |>32.5% |>35.0% |>37.5% |>40.0% |>42.5% |>45.0% |>47.5% |>50.0% |>52.5% |>55.0% |>57.5% |>60.0% |>62.5% |>65.0% |>67.5% |>70.0% |>72.5% |>75.0% |>77.5% |>80.0% |>82.5% |>85.0% |>87.5% |>90.0% |>92.5% |>95.0% |>97.5% |>100.0%
 done.
> 11844 of 11844 structures successfully optimized (100.0% success)
> Total runtime for 11844 optimizations:
 * wall-time:     0 d,  0 h, 11 min, 33.429 sec
 *  cpu-time:     0 d,  3 h,  3 min, 57.082 sec
 * ratio c/w:    15.917 speedup
> Corresponding to approximately 0.059 sec per processed structure

CREGEN> running RMSDs ... done.
CREGEN> E lowest :   -74.20841
 11676 structures remain within    12.00 kcal/mol window
 ---------------------------------------
 optimization with very tight thresholds
 ---------------------------------------
 Optimization engine: ANCOPT
 Hessian update type: BFGS
 E/G convergence criteria:  0.100E-06 Eh, 0.200E-03 Eh/a0
 maximum optimization steps: 200
 |>0.0% |>2.5% |>5.0% |>7.5% |>10.0% |>12.5% |>15.0% |>17.5% |>20.0% |>22.5% |>25.0% |>27.5% |>30.0% |>32.5% |>35.0% |>37.5% |>40.0% |>42.5% |>45.0% |>47.5% |>50.0% |>52.5% |>55.0% |>57.5% |>60.0% |>62.5% |>65.0% |>67.5% |>70.0% |>72.5% |>75.0% |>77.5% |>80.0% |>82.5% |>85.0% |>87.5% |>90.0% |>92.5% |>95.0% |>97.5% |>100.0%
 done.
> 11002 of 11676 structures successfully optimized (94.2% success)
> Total runtime for 11676 optimizations:
 * wall-time:     0 d,  1 h,  5 min, 11.369 sec
 *  cpu-time:     0 d, 17 h, 19 min, 20.350 sec
 * ratio c/w:    15.943 speedup
> Corresponding to approximately 0.335 sec per processed structure

CREGEN> running RMSDs ... done.
CREGEN> E lowest :   -74.20934
 5442 structures remain within     6.00 kcal/mol window
CREGEN> running RMSDs ... done.
CREGEN> E lowest :   -74.20934

 Static MTD simulation iteration 2 finished
 A total of 5521 conformers (+ 8.91%) in crest_conformers.xyz
 S(approx.) =   14.080424 cal/molK (dS = 1.25%)
 Convergence w.r.t. conformers: F
 Convergence w.r.t. entropy   : F

     H(298.15K)-H(0) (conf)      1.459050
                   Cp(conf)      3.082310
                    S(conf)     14.076815

********************************************************************************
**                     I T E R A T I O N    C Y C L E      3                  **
********************************************************************************
 -------------------------------------------
 determining bias structures via PCA/k-Means
 -------------------------------------------

 32 structures were selected
 done.

 -----------------------------------------------
 determining MTD seed structures via PCA/k-Means
 -----------------------------------------------

 36 structures were selected
 done.


 ===========================================================
 Static MTDs (umbrella sampling) on 36 selected conformer(s)
 ===========================================================
> Using 32 constant RMSD bias potentials per MTD
  :::::::::: starting static MTD   1 ::::::::::
  |   MD simulation time   :    33.0 ps       |
  |   target T             :   400.0 K        |
  |   timestep dt          :     5.0 fs       |
  |   dump interval(trj)   :   100.0 fs       |
  |   SHAKE algorithm      : true (all bonds) |
  |   Vbias prefactor (k)  :  0.0036 Eh       |
  |   Vbias exponent (α)   :  1.0000 bohr⁻²   |
  :::::::::: starting static MTD   2 ::::::::::
  |   MD simulation time   :    33.0 ps       |
  |   target T             :   400.0 K        |
  |   timestep dt          :     5.0 fs       |
  |   dump interval(trj)   :   100.0 fs       |
  |   SHAKE algorithm      : true (all bonds) |
  |   Vbias prefactor (k)  :  0.0036 Eh       |
  |   Vbias exponent (α)   :  1.0000 bohr⁻²   |
  :::::::::: starting static MTD  36 ::::::::::
  |   MD simulation time   :    33.0 ps       |
  |   target T             :   400.0 K        |
  |   timestep dt          :     5.0 fs       |
  |   dump interval(trj)   :   100.0 fs       |
  |   SHAKE algorithm      : true (all bonds) |
  |   Vbias prefactor (k)  :  0.0036 Eh       |
  |   Vbias exponent (α)   :  1.0000 bohr⁻²   |
  :::::::::: starting static MTD  10 ::::::::::
  |   MD simulation time   :    33.0 ps       |
  |   target T             :   400.0 K        |
  |   timestep dt          :     5.0 fs       |
  |   dump interval(trj)   :   100.0 fs       |
  |   SHAKE algorithm      : true (all bonds) |
  |   Vbias prefactor (k)  :  0.0036 Eh       |
  |   Vbias exponent (α)   :  1.0000 bohr⁻²   |
  :::::::::: starting static MTD  15 ::::::::::
  |   MD simulation time   :    33.0 ps       |
  |   target T             :   400.0 K        |
  |   timestep dt          :     5.0 fs       |
  |   dump interval(trj)   :   100.0 fs       |
  |   SHAKE algorithm      : true (all bonds) |
  |   Vbias prefactor (k)  :  0.0036 Eh       |
  |   Vbias exponent (α)   :  1.0000 bohr⁻²   |
  :::::::::: starting static MTD   5 ::::::::::
  |   MD simulation time   :    33.0 ps       |
  |   target T             :   400.0 K        |
  |   timestep dt          :     5.0 fs       |
  |   dump interval(trj)   :   100.0 fs       |
  |   SHAKE algorithm      : true (all bonds) |
  |   Vbias prefactor (k)  :  0.0036 Eh       |
  |   Vbias exponent (α)   :  1.0000 bohr⁻²   |
  :::::::::: starting static MTD   8 ::::::::::
  |   MD simulation time   :    33.0 ps       |
  |   target T             :   400.0 K        |
  |   timestep dt          :     5.0 fs       |
  |   dump interval(trj)   :   100.0 fs       |
  |   SHAKE algorithm      : true (all bonds) |
  |   Vbias prefactor (k)  :  0.0036 Eh       |
  |   Vbias exponent (α)   :  1.0000 bohr⁻²   |
  :::::::::: starting static MTD  12 ::::::::::
  |   MD simulation time   :    33.0 ps       |
  |   target T             :   400.0 K        |
  |   timestep dt          :     5.0 fs       |
  |   dump interval(trj)   :   100.0 fs       |
  |   SHAKE algorithm      : true (all bonds) |
  |   Vbias prefactor (k)  :  0.0036 Eh       |
  |   Vbias exponent (α)   :  1.0000 bohr⁻²   |
  :::::::::: starting static MTD  13 ::::::::::
  |   MD simulation time   :    33.0 ps       |
  |   target T             :   400.0 K        |
  |   timestep dt          :     5.0 fs       |
  |   dump interval(trj)   :   100.0 fs       |
  |   SHAKE algorithm      : true (all bonds) |
  |   Vbias prefactor (k)  :  0.0036 Eh       |
  |   Vbias exponent (α)   :  1.0000 bohr⁻²   |
  :::::::::: starting static MTD   7 ::::::::::
  |   MD simulation time   :    33.0 ps       |
  |   target T             :   400.0 K        |
  |   timestep dt          :     5.0 fs       |
  |   dump interval(trj)   :   100.0 fs       |
  |   SHAKE algorithm      : true (all bonds) |
  |   Vbias prefactor (k)  :  0.0036 Eh       |
  |   Vbias exponent (α)   :  1.0000 bohr⁻²   |
  :::::::::: starting static MTD  14 ::::::::::
  |   MD simulation time   :    33.0 ps       |
  |   target T             :   400.0 K        |
  |   timestep dt          :     5.0 fs       |
  |   dump interval(trj)   :   100.0 fs       |
  |   SHAKE algorithm      : true (all bonds) |
  |   Vbias prefactor (k)  :  0.0036 Eh       |
  |   Vbias exponent (α)   :  1.0000 bohr⁻²   |
  :::::::::: starting static MTD   3 ::::::::::
  |   MD simulation time   :    33.0 ps       |
  |   target T             :   400.0 K        |
  |   timestep dt          :     5.0 fs       |
  |   dump interval(trj)   :   100.0 fs       |
  |   SHAKE algorithm      : true (all bonds) |
  |   Vbias prefactor (k)  :  0.0036 Eh       |
  |   Vbias exponent (α)   :  1.0000 bohr⁻²   |
  :::::::::: starting static MTD   4 ::::::::::
  |   MD simulation time   :    33.0 ps       |
  |   target T             :   400.0 K        |
  |   timestep dt          :     5.0 fs       |
  |   dump interval(trj)   :   100.0 fs       |
  |   SHAKE algorithm      : true (all bonds) |
  |   Vbias prefactor (k)  :  0.0036 Eh       |
  |   Vbias exponent (α)   :  1.0000 bohr⁻²   |
  :::::::::: starting static MTD   9 ::::::::::
  |   MD simulation time   :    33.0 ps       |
  |   target T             :   400.0 K        |
  |   timestep dt          :     5.0 fs       |
  |   dump interval(trj)   :   100.0 fs       |
  |   SHAKE algorithm      : true (all bonds) |
  |   Vbias prefactor (k)  :  0.0036 Eh       |
  |   Vbias exponent (α)   :  1.0000 bohr⁻²   |
  :::::::::: starting static MTD   6 ::::::::::
  |   MD simulation time   :    33.0 ps       |
  |   target T             :   400.0 K        |
  |   timestep dt          :     5.0 fs       |
  |   dump interval(trj)   :   100.0 fs       |
  |   SHAKE algorithm      : true (all bonds) |
  |   Vbias prefactor (k)  :  0.0036 Eh       |
  |   Vbias exponent (α)   :  1.0000 bohr⁻²   |
  :::::::::: starting static MTD  11 ::::::::::
  |   MD simulation time   :    33.0 ps       |
  |   target T             :   400.0 K        |
  |   timestep dt          :     5.0 fs       |
  |   dump interval(trj)   :   100.0 fs       |
  |   SHAKE algorithm      : true (all bonds) |
  |   Vbias prefactor (k)  :  0.0036 Eh       |
  |   Vbias exponent (α)   :  1.0000 bohr⁻²   |
*sMTD   5 completed successfully ...        7 min,  6.061 sec
  :::::::::: starting static MTD  16 ::::::::::
  |   MD simulation time   :    33.0 ps       |
  |   target T             :   400.0 K        |
  |   timestep dt          :     5.0 fs       |
  |   dump interval(trj)   :   100.0 fs       |
  |   SHAKE algorithm      : true (all bonds) |
  |   Vbias prefactor (k)  :  0.0036 Eh       |
  |   Vbias exponent (α)   :  1.0000 bohr⁻²   |
*sMTD  15 completed successfully ...        7 min,  6.765 sec
  :::::::::: starting static MTD  17 ::::::::::
  |   MD simulation time   :    33.0 ps       |
  |   target T             :   400.0 K        |
  |   timestep dt          :     5.0 fs       |
  |   dump interval(trj)   :   100.0 fs       |
  |   SHAKE algorithm      : true (all bonds) |
  |   Vbias prefactor (k)  :  0.0036 Eh       |
  |   Vbias exponent (α)   :  1.0000 bohr⁻²   |
*sMTD   1 completed successfully ...        7 min,  7.287 sec
  :::::::::: starting static MTD  18 ::::::::::
  |   MD simulation time   :    33.0 ps       |
  |   target T             :   400.0 K        |
  |   timestep dt          :     5.0 fs       |
  |   dump interval(trj)   :   100.0 fs       |
  |   SHAKE algorithm      : true (all bonds) |
  |   Vbias prefactor (k)  :  0.0036 Eh       |
  |   Vbias exponent (α)   :  1.0000 bohr⁻²   |
*sMTD  12 completed successfully ...        7 min,  7.850 sec
  :::::::::: starting static MTD  19 ::::::::::
  |   MD simulation time   :    33.0 ps       |
  |   target T             :   400.0 K        |
  |   timestep dt          :     5.0 fs       |
  |   dump interval(trj)   :   100.0 fs       |
  |   SHAKE algorithm      : true (all bonds) |
  |   Vbias prefactor (k)  :  0.0036 Eh       |
  |   Vbias exponent (α)   :  1.0000 bohr⁻²   |
*sMTD  14 completed successfully ...        7 min,  7.862 sec
  :::::::::: starting static MTD  20 ::::::::::
  |   MD simulation time   :    33.0 ps       |
  |   target T             :   400.0 K        |
  |   timestep dt          :     5.0 fs       |
  |   dump interval(trj)   :   100.0 fs       |
  |   SHAKE algorithm      : true (all bonds) |
  |   Vbias prefactor (k)  :  0.0036 Eh       |
  |   Vbias exponent (α)   :  1.0000 bohr⁻²   |
*sMTD   6 completed successfully ...        7 min,  8.015 sec
  :::::::::: starting static MTD  21 ::::::::::
  |   MD simulation time   :    33.0 ps       |
  |   target T             :   400.0 K        |
  |   timestep dt          :     5.0 fs       |
  |   dump interval(trj)   :   100.0 fs       |
  |   SHAKE algorithm      : true (all bonds) |
  |   Vbias prefactor (k)  :  0.0036 Eh       |
  |   Vbias exponent (α)   :  1.0000 bohr⁻²   |
*sMTD   7 completed successfully ...        7 min,  9.474 sec
  :::::::::: starting static MTD  22 ::::::::::
  |   MD simulation time   :    33.0 ps       |
  |   target T             :   400.0 K        |
  |   timestep dt          :     5.0 fs       |
  |   dump interval(trj)   :   100.0 fs       |
  |   SHAKE algorithm      : true (all bonds) |
  |   Vbias prefactor (k)  :  0.0036 Eh       |
  |   Vbias exponent (α)   :  1.0000 bohr⁻²   |
*sMTD  13 completed successfully ...        7 min, 10.267 sec
  :::::::::: starting static MTD  23 ::::::::::
  |   MD simulation time   :    33.0 ps       |
  |   target T             :   400.0 K        |
  |   timestep dt          :     5.0 fs       |
  |   dump interval(trj)   :   100.0 fs       |
  |   SHAKE algorithm      : true (all bonds) |
  |   Vbias prefactor (k)  :  0.0036 Eh       |
  |   Vbias exponent (α)   :  1.0000 bohr⁻²   |
*sMTD  36 completed successfully ...        7 min, 10.697 sec
  :::::::::: starting static MTD  35 ::::::::::
  |   MD simulation time   :    33.0 ps       |
  |   target T             :   400.0 K        |
  |   timestep dt          :     5.0 fs       |
  |   dump interval(trj)   :   100.0 fs       |
  |   SHAKE algorithm      : true (all bonds) |
  |   Vbias prefactor (k)  :  0.0036 Eh       |
  |   Vbias exponent (α)   :  1.0000 bohr⁻²   |
*sMTD  10 completed successfully ...        7 min, 11.067 sec
  :::::::::: starting static MTD  24 ::::::::::
  |   MD simulation time   :    33.0 ps       |
  |   target T             :   400.0 K        |
  |   timestep dt          :     5.0 fs       |
  |   dump interval(trj)   :   100.0 fs       |
  |   SHAKE algorithm      : true (all bonds) |
  |   Vbias prefactor (k)  :  0.0036 Eh       |
  |   Vbias exponent (α)   :  1.0000 bohr⁻²   |
*sMTD   4 completed successfully ...        7 min, 11.243 sec
  :::::::::: starting static MTD  25 ::::::::::
  |   MD simulation time   :    33.0 ps       |
  |   target T             :   400.0 K        |
  |   timestep dt          :     5.0 fs       |
  |   dump interval(trj)   :   100.0 fs       |
  |   SHAKE algorithm      : true (all bonds) |
  |   Vbias prefactor (k)  :  0.0036 Eh       |
  |   Vbias exponent (α)   :  1.0000 bohr⁻²   |
*sMTD   9 completed successfully ...        7 min, 11.284 sec
  :::::::::: starting static MTD  26 ::::::::::
  |   MD simulation time   :    33.0 ps       |
  |   target T             :   400.0 K        |
  |   timestep dt          :     5.0 fs       |
  |   dump interval(trj)   :   100.0 fs       |
  |   SHAKE algorithm      : true (all bonds) |
  |   Vbias prefactor (k)  :  0.0036 Eh       |
  |   Vbias exponent (α)   :  1.0000 bohr⁻²   |
*sMTD   8 completed successfully ...        7 min, 11.471 sec
  :::::::::: starting static MTD  27 ::::::::::
  |   MD simulation time   :    33.0 ps       |
  |   target T             :   400.0 K        |
  |   timestep dt          :     5.0 fs       |
  |   dump interval(trj)   :   100.0 fs       |
  |   SHAKE algorithm      : true (all bonds) |
  |   Vbias prefactor (k)  :  0.0036 Eh       |
  |   Vbias exponent (α)   :  1.0000 bohr⁻²   |
*sMTD  11 completed successfully ...        7 min, 11.898 sec
  :::::::::: starting static MTD  28 ::::::::::
  |   MD simulation time   :    33.0 ps       |
  |   target T             :   400.0 K        |
  |   timestep dt          :     5.0 fs       |
  |   dump interval(trj)   :   100.0 fs       |
  |   SHAKE algorithm      : true (all bonds) |
  |   Vbias prefactor (k)  :  0.0036 Eh       |
  |   Vbias exponent (α)   :  1.0000 bohr⁻²   |
*sMTD   2 completed successfully ...        7 min, 11.930 sec
  :::::::::: starting static MTD  29 ::::::::::
  |   MD simulation time   :    33.0 ps       |
  |   target T             :   400.0 K        |
  |   timestep dt          :     5.0 fs       |
  |   dump interval(trj)   :   100.0 fs       |
  |   SHAKE algorithm      : true (all bonds) |
  |   Vbias prefactor (k)  :  0.0036 Eh       |
  |   Vbias exponent (α)   :  1.0000 bohr⁻²   |
*sMTD   3 completed successfully ...        7 min, 12.643 sec
  :::::::::: starting static MTD  30 ::::::::::
  |   MD simulation time   :    33.0 ps       |
  |   target T             :   400.0 K        |
  |   timestep dt          :     5.0 fs       |
  |   dump interval(trj)   :   100.0 fs       |
  |   SHAKE algorithm      : true (all bonds) |
  |   Vbias prefactor (k)  :  0.0036 Eh       |
  |   Vbias exponent (α)   :  1.0000 bohr⁻²   |
*sMTD  19 completed successfully ...        7 min,  6.194 sec
  :::::::::: starting static MTD  31 ::::::::::
  |   MD simulation time   :    33.0 ps       |
  |   target T             :   400.0 K        |
  |   timestep dt          :     5.0 fs       |
  |   dump interval(trj)   :   100.0 fs       |
  |   SHAKE algorithm      : true (all bonds) |
  |   Vbias prefactor (k)  :  0.0036 Eh       |
  |   Vbias exponent (α)   :  1.0000 bohr⁻²   |
*sMTD  17 completed successfully ...        7 min,  9.089 sec
  :::::::::: starting static MTD  32 ::::::::::
  |   MD simulation time   :    33.0 ps       |
  |   target T             :   400.0 K        |
  |   timestep dt          :     5.0 fs       |
  |   dump interval(trj)   :   100.0 fs       |
  |   SHAKE algorithm      : true (all bonds) |
  |   Vbias prefactor (k)  :  0.0036 Eh       |
  |   Vbias exponent (α)   :  1.0000 bohr⁻²   |
*sMTD  21 completed successfully ...        7 min,  8.037 sec
  :::::::::: starting static MTD  33 ::::::::::
  |   MD simulation time   :    33.0 ps       |
  |   target T             :   400.0 K        |
  |   timestep dt          :     5.0 fs       |
  |   dump interval(trj)   :   100.0 fs       |
  |   SHAKE algorithm      : true (all bonds) |
  |   Vbias prefactor (k)  :  0.0036 Eh       |
  |   Vbias exponent (α)   :  1.0000 bohr⁻²   |
*sMTD  16 completed successfully ...        7 min, 10.543 sec
  :::::::::: starting static MTD  34 ::::::::::
  |   MD simulation time   :    33.0 ps       |
  |   target T             :   400.0 K        |
  |   timestep dt          :     5.0 fs       |
  |   dump interval(trj)   :   100.0 fs       |
  |   SHAKE algorithm      : true (all bonds) |
  |   Vbias prefactor (k)  :  0.0036 Eh       |
  |   Vbias exponent (α)   :  1.0000 bohr⁻²   |
*sMTD  20 completed successfully ...        7 min,  8.800 sec
*sMTD  23 completed successfully ...        7 min,  6.429 sec
*sMTD  18 completed successfully ...        7 min, 11.266 sec
*sMTD  27 completed successfully ...        7 min,  7.968 sec
*sMTD  35 completed successfully ...        7 min,  8.807 sec
*sMTD  25 completed successfully ...        7 min,  9.182 sec
*sMTD  26 completed successfully ...        7 min,  9.780 sec
*sMTD  24 completed successfully ...        7 min, 10.196 sec
*sMTD  28 completed successfully ...        7 min,  9.389 sec
*sMTD  22 completed successfully ...        7 min, 12.054 sec
*sMTD  30 completed successfully ...        7 min, 10.421 sec
*sMTD  29 completed successfully ...        7 min, 13.156 sec
*sMTD  31 completed successfully ...        6 min,  1.410 sec
*sMTD  33 completed successfully ...        5 min, 59.847 sec
*sMTD  32 completed successfully ...        6 min,  0.774 sec
*sMTD  34 completed successfully ...        6 min,  1.409 sec

 ======================================
 |  Multilevel Ensemble Optimization  |
 ======================================
 Optimizing all 11844 structures from file "crest_rotamers_0.xyz" ...
 ----------------------
 crude pre-optimization
 ----------------------
 Optimization engine: ANCOPT
 Hessian update type: BFGS
 E/G convergence criteria:  0.500E-03 Eh, 0.100E-01 Eh/a0
 maximum optimization steps: 200
 |>0.0% |>2.5% |>5.0% |>7.5% |>10.0% |>12.5% |>15.0% |>17.5% |>20.0% |>22.5% |>25.0% |>27.5% |>30.0% |>32.5% |>35.0% |>37.5% |>40.0% |>42.5% |>45.0% |>47.5% |>50.0% |>52.5% |>55.0% |>57.5% |>60.0% |>62.5% |>65.0% |>67.5% |>70.0% |>72.5% |>75.0% |>77.5% |>80.0% |>82.5% |>85.0% |>87.5% |>90.0% |>92.5% |>95.0% |>97.5% |>100.0%
 done.
> 11844 of 11844 structures successfully optimized (100.0% success)
> Total runtime for 11844 optimizations:
 * wall-time:     0 d,  0 h, 11 min, 37.184 sec
 *  cpu-time:     0 d,  3 h,  4 min, 53.262 sec
 * ratio c/w:    15.912 speedup
> Corresponding to approximately 0.059 sec per processed structure

CREGEN> running RMSDs ... done.
CREGEN> E lowest :   -74.20812
 11697 structures remain within    12.00 kcal/mol window
 ---------------------------------------
 optimization with very tight thresholds
 ---------------------------------------
 Optimization engine: ANCOPT
 Hessian update type: BFGS
 E/G convergence criteria:  0.100E-06 Eh, 0.200E-03 Eh/a0
 maximum optimization steps: 200
 |>0.0% |>2.5% |>5.0% |>7.5% |>10.0% |>12.5% |>15.0% |>17.5% |>20.0% |>22.5% |>25.0% |>27.5% |>30.0% |>32.5% |>35.0% |>37.5% |>40.0% |>42.5% |>45.0% |>47.5% |>50.0% |>52.5% |>55.0% |>57.5% |>60.0% |>62.5% |>65.0% |>67.5% |>70.0% |>72.5% |>75.0% |>77.5% |>80.0% |>82.5% |>85.0% |>87.5% |>90.0% |>92.5% |>95.0% |>97.5% |>100.0%
 done.
> 10976 of 11697 structures successfully optimized (93.8% success)
> Total runtime for 11697 optimizations:
 * wall-time:     0 d,  1 h,  6 min, 47.037 sec
 *  cpu-time:     0 d, 17 h, 44 min, 58.795 sec
 * ratio c/w:    15.947 speedup
> Corresponding to approximately 0.343 sec per processed structure

CREGEN> running RMSDs ... done.
CREGEN> E lowest :   -74.20934
 5668 structures remain within     6.00 kcal/mol window
CREGEN> running RMSDs ... done.
CREGEN> E lowest :   -74.20934

 Static MTD simulation iteration 3 finished
 A total of 5911 conformers (+ 6.60%) in crest_conformers.xyz
 S(approx.) =   14.176641 cal/molK (dS = 0.68%)
 Convergence w.r.t. conformers: F
 Convergence w.r.t. entropy   : F

     H(298.15K)-H(0) (conf)      1.467283
                   Cp(conf)      3.211781
                    S(conf)     14.172971

********************************************************************************
**                     I T E R A T I O N    C Y C L E      4                  **
********************************************************************************
 -------------------------------------------
 determining bias structures via PCA/k-Means
 -------------------------------------------

 40 structures were selected
 done.

 -----------------------------------------------
 determining MTD seed structures via PCA/k-Means
 -----------------------------------------------

 36 structures were selected
 done.


 ===========================================================
 Static MTDs (umbrella sampling) on 36 selected conformer(s)
 ===========================================================
> Using 40 constant RMSD bias potentials per MTD
  :::::::::: starting static MTD   1 ::::::::::
  |   MD simulation time   :    33.0 ps       |
  |   target T             :   400.0 K        |
  |   timestep dt          :     5.0 fs       |
  |   dump interval(trj)   :   100.0 fs       |
  |   SHAKE algorithm      : true (all bonds) |
  |   Vbias prefactor (k)  :  0.0036 Eh       |
  |   Vbias exponent (α)   :  1.0000 bohr⁻²   |
  :::::::::: starting static MTD   2 ::::::::::
  |   MD simulation time   :    33.0 ps       |
  |   target T             :   400.0 K        |
  |   timestep dt          :     5.0 fs       |
  |   dump interval(trj)   :   100.0 fs       |
  |   SHAKE algorithm      : true (all bonds) |
  |   Vbias prefactor (k)  :  0.0036 Eh       |
  |   Vbias exponent (α)   :  1.0000 bohr⁻²   |
  :::::::::: starting static MTD  36 ::::::::::
  |   MD simulation time   :    33.0 ps       |
  |   target T             :   400.0 K        |
  |   timestep dt          :     5.0 fs       |
  |   dump interval(trj)   :   100.0 fs       |
  |   SHAKE algorithm      : true (all bonds) |
  |   Vbias prefactor (k)  :  0.0036 Eh       |
  |   Vbias exponent (α)   :  1.0000 bohr⁻²   |
  :::::::::: starting static MTD   4 ::::::::::
  |   MD simulation time   :    33.0 ps       |
  |   target T             :   400.0 K        |
  |   timestep dt          :     5.0 fs       |
  |   dump interval(trj)   :   100.0 fs       |
  |   SHAKE algorithm      : true (all bonds) |
  |   Vbias prefactor (k)  :  0.0036 Eh       |
  |   Vbias exponent (α)   :  1.0000 bohr⁻²   |
  :::::::::: starting static MTD   8 ::::::::::
  |   MD simulation time   :    33.0 ps       |
  |   target T             :   400.0 K        |
  |   timestep dt          :     5.0 fs       |
  |   dump interval(trj)   :   100.0 fs       |
  |   SHAKE algorithm      : true (all bonds) |
  |   Vbias prefactor (k)  :  0.0036 Eh       |
  |   Vbias exponent (α)   :  1.0000 bohr⁻²   |
  :::::::::: starting static MTD   5 ::::::::::
  |   MD simulation time   :    33.0 ps       |
  |   target T             :   400.0 K        |
  |   timestep dt          :     5.0 fs       |
  |   dump interval(trj)   :   100.0 fs       |
  |   SHAKE algorithm      : true (all bonds) |
  |   Vbias prefactor (k)  :  0.0036 Eh       |
  |   Vbias exponent (α)   :  1.0000 bohr⁻²   |
  :::::::::: starting static MTD  11 ::::::::::
  |   MD simulation time   :    33.0 ps       |
  |   target T             :   400.0 K        |
  |   timestep dt          :     5.0 fs       |
  |   dump interval(trj)   :   100.0 fs       |
  |   SHAKE algorithm      : true (all bonds) |
  |   Vbias prefactor (k)  :  0.0036 Eh       |
  |   Vbias exponent (α)   :  1.0000 bohr⁻²   |
  :::::::::: starting static MTD  14 ::::::::::
  |   MD simulation time   :    33.0 ps       |
  |   target T             :   400.0 K        |
  |   timestep dt          :     5.0 fs       |
  |   dump interval(trj)   :   100.0 fs       |
  |   SHAKE algorithm      : true (all bonds) |
  |   Vbias prefactor (k)  :  0.0036 Eh       |
  |   Vbias exponent (α)   :  1.0000 bohr⁻²   |
  :::::::::: starting static MTD   7 ::::::::::
  |   MD simulation time   :    33.0 ps       |
  |   target T             :   400.0 K        |
  |   timestep dt          :     5.0 fs       |
  |   dump interval(trj)   :   100.0 fs       |
  |   SHAKE algorithm      : true (all bonds) |
  |   Vbias prefactor (k)  :  0.0036 Eh       |
  |   Vbias exponent (α)   :  1.0000 bohr⁻²   |
  :::::::::: starting static MTD  12 ::::::::::
  |   MD simulation time   :    33.0 ps       |
  |   target T             :   400.0 K        |
  |   timestep dt          :     5.0 fs       |
  |   dump interval(trj)   :   100.0 fs       |
  |   SHAKE algorithm      : true (all bonds) |
  |   Vbias prefactor (k)  :  0.0036 Eh       |
  |   Vbias exponent (α)   :  1.0000 bohr⁻²   |
  :::::::::: starting static MTD  15 ::::::::::
  |   MD simulation time   :    33.0 ps       |
  |   target T             :   400.0 K        |
  |   timestep dt          :     5.0 fs       |
  |   dump interval(trj)   :   100.0 fs       |
  |   SHAKE algorithm      : true (all bonds) |
  |   Vbias prefactor (k)  :  0.0036 Eh       |
  |   Vbias exponent (α)   :  1.0000 bohr⁻²   |
  :::::::::: starting static MTD   3 ::::::::::
  |   MD simulation time   :    33.0 ps       |
  |   target T             :   400.0 K        |
  |   timestep dt          :     5.0 fs       |
  |   dump interval(trj)   :   100.0 fs       |
  |   SHAKE algorithm      : true (all bonds) |
  |   Vbias prefactor (k)  :  0.0036 Eh       |
  |   Vbias exponent (α)   :  1.0000 bohr⁻²   |
  :::::::::: starting static MTD  10 ::::::::::
  |   MD simulation time   :    33.0 ps       |
  |   target T             :   400.0 K        |
  |   timestep dt          :     5.0 fs       |
  |   dump interval(trj)   :   100.0 fs       |
  |   SHAKE algorithm      : true (all bonds) |
  |   Vbias prefactor (k)  :  0.0036 Eh       |
  |   Vbias exponent (α)   :  1.0000 bohr⁻²   |
  :::::::::: starting static MTD  13 ::::::::::
  |   MD simulation time   :    33.0 ps       |
  |   target T             :   400.0 K        |
  |   timestep dt          :     5.0 fs       |
  |   dump interval(trj)   :   100.0 fs       |
  |   SHAKE algorithm      : true (all bonds) |
  |   Vbias prefactor (k)  :  0.0036 Eh       |
  |   Vbias exponent (α)   :  1.0000 bohr⁻²   |
  :::::::::: starting static MTD   6 ::::::::::
  |   MD simulation time   :    33.0 ps       |
  |   target T             :   400.0 K        |
  |   timestep dt          :     5.0 fs       |
  |   dump interval(trj)   :   100.0 fs       |
  |   SHAKE algorithm      : true (all bonds) |
  |   Vbias prefactor (k)  :  0.0036 Eh       |
  |   Vbias exponent (α)   :  1.0000 bohr⁻²   |
  :::::::::: starting static MTD   9 ::::::::::
  |   MD simulation time   :    33.0 ps       |
  |   target T             :   400.0 K        |
  |   timestep dt          :     5.0 fs       |
  |   dump interval(trj)   :   100.0 fs       |
  |   SHAKE algorithm      : true (all bonds) |
  |   Vbias prefactor (k)  :  0.0036 Eh       |
  |   Vbias exponent (α)   :  1.0000 bohr⁻²   |
*sMTD  14 completed successfully ...        7 min,  6.209 sec
  :::::::::: starting static MTD  16 ::::::::::
  |   MD simulation time   :    33.0 ps       |
  |   target T             :   400.0 K        |
  |   timestep dt          :     5.0 fs       |
  |   dump interval(trj)   :   100.0 fs       |
  |   SHAKE algorithm      : true (all bonds) |
  |   Vbias prefactor (k)  :  0.0036 Eh       |
  |   Vbias exponent (α)   :  1.0000 bohr⁻²   |
*sMTD  36 completed successfully ...        7 min,  8.374 sec
  :::::::::: starting static MTD  35 ::::::::::
  |   MD simulation time   :    33.0 ps       |
  |   target T             :   400.0 K        |
  |   timestep dt          :     5.0 fs       |
  |   dump interval(trj)   :   100.0 fs       |
  |   SHAKE algorithm      : true (all bonds) |
  |   Vbias prefactor (k)  :  0.0036 Eh       |
  |   Vbias exponent (α)   :  1.0000 bohr⁻²   |
*sMTD   6 completed successfully ...        7 min,  8.782 sec
  :::::::::: starting static MTD  17 ::::::::::
  |   MD simulation time   :    33.0 ps       |
  |   target T             :   400.0 K        |
  |   timestep dt          :     5.0 fs       |
  |   dump interval(trj)   :   100.0 fs       |
  |   SHAKE algorithm      : true (all bonds) |
  |   Vbias prefactor (k)  :  0.0036 Eh       |
  |   Vbias exponent (α)   :  1.0000 bohr⁻²   |
*sMTD  15 completed successfully ...        7 min,  9.178 sec
  :::::::::: starting static MTD  18 ::::::::::
  |   MD simulation time   :    33.0 ps       |
  |   target T             :   400.0 K        |
  |   timestep dt          :     5.0 fs       |
  |   dump interval(trj)   :   100.0 fs       |
  |   SHAKE algorithm      : true (all bonds) |
  |   Vbias prefactor (k)  :  0.0036 Eh       |
  |   Vbias exponent (α)   :  1.0000 bohr⁻²   |
*sMTD  12 completed successfully ...        7 min,  9.805 sec
  :::::::::: starting static MTD  19 ::::::::::
  |   MD simulation time   :    33.0 ps       |
  |   target T             :   400.0 K        |
  |   timestep dt          :     5.0 fs       |
  |   dump interval(trj)   :   100.0 fs       |
  |   SHAKE algorithm      : true (all bonds) |
  |   Vbias prefactor (k)  :  0.0036 Eh       |
  |   Vbias exponent (α)   :  1.0000 bohr⁻²   |
*sMTD   9 completed successfully ...        7 min,  9.877 sec
  :::::::::: starting static MTD  20 ::::::::::
  |   MD simulation time   :    33.0 ps       |
  |   target T             :   400.0 K        |
  |   timestep dt          :     5.0 fs       |
  |   dump interval(trj)   :   100.0 fs       |
  |   SHAKE algorithm      : true (all bonds) |
  |   Vbias prefactor (k)  :  0.0036 Eh       |
  |   Vbias exponent (α)   :  1.0000 bohr⁻²   |
*sMTD   8 completed successfully ...        7 min, 10.175 sec
  :::::::::: starting static MTD  21 ::::::::::
  |   MD simulation time   :    33.0 ps       |
  |   target T             :   400.0 K        |
  |   timestep dt          :     5.0 fs       |
  |   dump interval(trj)   :   100.0 fs       |
  |   SHAKE algorithm      : true (all bonds) |
  |   Vbias prefactor (k)  :  0.0036 Eh       |
  |   Vbias exponent (α)   :  1.0000 bohr⁻²   |
*sMTD  13 completed successfully ...        7 min, 10.248 sec
  :::::::::: starting static MTD  22 ::::::::::
  |   MD simulation time   :    33.0 ps       |
  |   target T             :   400.0 K        |
  |   timestep dt          :     5.0 fs       |
  |   dump interval(trj)   :   100.0 fs       |
  |   SHAKE algorithm      : true (all bonds) |
  |   Vbias prefactor (k)  :  0.0036 Eh       |
  |   Vbias exponent (α)   :  1.0000 bohr⁻²   |
*sMTD   1 completed successfully ...        7 min, 10.254 sec
  :::::::::: starting static MTD  23 ::::::::::
  |   MD simulation time   :    33.0 ps       |
  |   target T             :   400.0 K        |
  |   timestep dt          :     5.0 fs       |
  |   dump interval(trj)   :   100.0 fs       |
  |   SHAKE algorithm      : true (all bonds) |
  |   Vbias prefactor (k)  :  0.0036 Eh       |
  |   Vbias exponent (α)   :  1.0000 bohr⁻²   |
*sMTD   2 completed successfully ...        7 min, 11.292 sec
  :::::::::: starting static MTD  24 ::::::::::
  |   MD simulation time   :    33.0 ps       |
  |   target T             :   400.0 K        |
  |   timestep dt          :     5.0 fs       |
  |   dump interval(trj)   :   100.0 fs       |
  |   SHAKE algorithm      : true (all bonds) |
  |   Vbias prefactor (k)  :  0.0036 Eh       |
  |   Vbias exponent (α)   :  1.0000 bohr⁻²   |
*sMTD   5 completed successfully ...        7 min, 11.399 sec
  :::::::::: starting static MTD  25 ::::::::::
  |   MD simulation time   :    33.0 ps       |
  |   target T             :   400.0 K        |
  |   timestep dt          :     5.0 fs       |
  |   dump interval(trj)   :   100.0 fs       |
  |   SHAKE algorithm      : true (all bonds) |
  |   Vbias prefactor (k)  :  0.0036 Eh       |
  |   Vbias exponent (α)   :  1.0000 bohr⁻²   |
*sMTD   7 completed successfully ...        7 min, 11.400 sec
  :::::::::: starting static MTD  26 ::::::::::
  |   MD simulation time   :    33.0 ps       |
  |   target T             :   400.0 K        |
  |   timestep dt          :     5.0 fs       |
  |   dump interval(trj)   :   100.0 fs       |
  |   SHAKE algorithm      : true (all bonds) |
  |   Vbias prefactor (k)  :  0.0036 Eh       |
  |   Vbias exponent (α)   :  1.0000 bohr⁻²   |
*sMTD   3 completed successfully ...        7 min, 11.848 sec
  :::::::::: starting static MTD  27 ::::::::::
  |   MD simulation time   :    33.0 ps       |
  |   target T             :   400.0 K        |
  |   timestep dt          :     5.0 fs       |
  |   dump interval(trj)   :   100.0 fs       |
  |   SHAKE algorithm      : true (all bonds) |
  |   Vbias prefactor (k)  :  0.0036 Eh       |
  |   Vbias exponent (α)   :  1.0000 bohr⁻²   |
*sMTD   4 completed successfully ...        7 min, 13.291 sec
  :::::::::: starting static MTD  28 ::::::::::
  |   MD simulation time   :    33.0 ps       |
  |   target T             :   400.0 K        |
  |   timestep dt          :     5.0 fs       |
  |   dump interval(trj)   :   100.0 fs       |
  |   SHAKE algorithm      : true (all bonds) |
  |   Vbias prefactor (k)  :  0.0036 Eh       |
  |   Vbias exponent (α)   :  1.0000 bohr⁻²   |
*sMTD  11 completed successfully ...        7 min, 14.431 sec
  :::::::::: starting static MTD  29 ::::::::::
  |   MD simulation time   :    33.0 ps       |
  |   target T             :   400.0 K        |
  |   timestep dt          :     5.0 fs       |
  |   dump interval(trj)   :   100.0 fs       |
  |   SHAKE algorithm      : true (all bonds) |
  |   Vbias prefactor (k)  :  0.0036 Eh       |
  |   Vbias exponent (α)   :  1.0000 bohr⁻²   |
*sMTD  10 completed successfully ...        7 min, 23.682 sec
  :::::::::: starting static MTD  30 ::::::::::
  |   MD simulation time   :    33.0 ps       |
  |   target T             :   400.0 K        |
  |   timestep dt          :     5.0 fs       |
  |   dump interval(trj)   :   100.0 fs       |
  |   SHAKE algorithm      : true (all bonds) |
  |   Vbias prefactor (k)  :  0.0036 Eh       |
  |   Vbias exponent (α)   :  1.0000 bohr⁻²   |
*sMTD  16 completed successfully ...        7 min,  7.807 sec
  :::::::::: starting static MTD  31 ::::::::::
  |   MD simulation time   :    33.0 ps       |
  |   target T             :   400.0 K        |
  |   timestep dt          :     5.0 fs       |
  |   dump interval(trj)   :   100.0 fs       |
  |   SHAKE algorithm      : true (all bonds) |
  |   Vbias prefactor (k)  :  0.0036 Eh       |
  |   Vbias exponent (α)   :  1.0000 bohr⁻²   |
*sMTD  23 completed successfully ...        7 min,  7.998 sec
  :::::::::: starting static MTD  32 ::::::::::
  |   MD simulation time   :    33.0 ps       |
  |   target T             :   400.0 K        |
  |   timestep dt          :     5.0 fs       |
  |   dump interval(trj)   :   100.0 fs       |
  |   SHAKE algorithm      : true (all bonds) |
  |   Vbias prefactor (k)  :  0.0036 Eh       |
  |   Vbias exponent (α)   :  1.0000 bohr⁻²   |
*sMTD  35 completed successfully ...        7 min, 10.105 sec
  :::::::::: starting static MTD  34 ::::::::::
  |   MD simulation time   :    33.0 ps       |
  |   target T             :   400.0 K        |
  |   timestep dt          :     5.0 fs       |
  |   dump interval(trj)   :   100.0 fs       |
  |   SHAKE algorithm      : true (all bonds) |
  |   Vbias prefactor (k)  :  0.0036 Eh       |
  |   Vbias exponent (α)   :  1.0000 bohr⁻²   |
*sMTD  19 completed successfully ...        7 min,  9.694 sec
  :::::::::: starting static MTD  33 ::::::::::
  |   MD simulation time   :    33.0 ps       |
  |   target T             :   400.0 K        |
  |   timestep dt          :     5.0 fs       |
  |   dump interval(trj)   :   100.0 fs       |
  |   SHAKE algorithm      : true (all bonds) |
  |   Vbias prefactor (k)  :  0.0036 Eh       |
  |   Vbias exponent (α)   :  1.0000 bohr⁻²   |
*sMTD  20 completed successfully ...        7 min,  9.955 sec
*sMTD  17 completed successfully ...        7 min, 12.087 sec
*sMTD  18 completed successfully ...        7 min, 12.117 sec
*sMTD  22 completed successfully ...        7 min, 11.171 sec
*sMTD  21 completed successfully ...        7 min, 11.450 sec
*sMTD  25 completed successfully ...        7 min, 10.443 sec
*sMTD  26 completed successfully ...        7 min, 11.962 sec
*sMTD  24 completed successfully ...        7 min, 12.284 sec
*sMTD  28 completed successfully ...        7 min, 11.034 sec
*sMTD  29 completed successfully ...        7 min, 10.528 sec
*sMTD  27 completed successfully ...        7 min, 15.565 sec
*sMTD  30 completed successfully ...        7 min, 11.713 sec
*sMTD  31 completed successfully ...        6 min,  0.789 sec
*sMTD  34 completed successfully ...        5 min, 58.764 sec
*sMTD  32 completed successfully ...        6 min,  0.045 sec
*sMTD  33 completed successfully ...        6 min,  1.313 sec

 ======================================
 |  Multilevel Ensemble Optimization  |
 ======================================
 Optimizing all 11844 structures from file "crest_rotamers_0.xyz" ...
 ----------------------
 crude pre-optimization
 ----------------------
 Optimization engine: ANCOPT
 Hessian update type: BFGS
 E/G convergence criteria:  0.500E-03 Eh, 0.100E-01 Eh/a0
 maximum optimization steps: 200
 |>0.0% |>2.5% |>5.0% |>7.5% |>10.0% |>12.5% |>15.0% |>17.5% |>20.0% |>22.5% |>25.0% |>27.5% |>30.0% |>32.5% |>35.0% |>37.5% |>40.0% |>42.5% |>45.0% |>47.5% |>50.0% |>52.5% |>55.0% |>57.5% |>60.0% |>62.5% |>65.0% |>67.5% |>70.0% |>72.5% |>75.0% |>77.5% |>80.0% |>82.5% |>85.0% |>87.5% |>90.0% |>92.5% |>95.0% |>97.5% |>100.0%
 done.
> 11844 of 11844 structures successfully optimized (100.0% success)
> Total runtime for 11844 optimizations:
 * wall-time:     0 d,  0 h, 11 min, 31.252 sec
 *  cpu-time:     0 d,  3 h,  3 min, 20.863 sec
 * ratio c/w:    15.914 speedup
> Corresponding to approximately 0.058 sec per processed structure

CREGEN> running RMSDs ... done.
CREGEN> E lowest :   -74.20776
 11686 structures remain within    12.00 kcal/mol window
 ---------------------------------------
 optimization with very tight thresholds
 ---------------------------------------
 Optimization engine: ANCOPT
 Hessian update type: BFGS
 E/G convergence criteria:  0.100E-06 Eh, 0.200E-03 Eh/a0
 maximum optimization steps: 200
 |>0.0% |>2.5% |>5.0% |>7.5% |>10.0% |>12.5% |>15.0% |>17.5% |>20.0% |>22.5% |>25.0% |>27.5% |>30.0% |>32.5% |>35.0% |>37.5% |>40.0% |>42.5% |>45.0% |>47.5% |>50.0% |>52.5% |>55.0% |>57.5% |>60.0% |>62.5% |>65.0% |>67.5% |>70.0% |>72.5% |>75.0% |>77.5% |>80.0% |>82.5% |>85.0% |>87.5% |>90.0% |>92.5% |>95.0% |>97.5% |>100.0%
 done.
> 10984 of 11686 structures successfully optimized (94.0% success)
> Total runtime for 11686 optimizations:
 * wall-time:     0 d,  1 h,  6 min, 51.740 sec
 *  cpu-time:     0 d, 17 h, 46 min, 39.160 sec
 * ratio c/w:    15.953 speedup
> Corresponding to approximately 0.343 sec per processed structure

CREGEN> running RMSDs ... done.
CREGEN> E lowest :   -74.20934
 5459 structures remain within     6.00 kcal/mol window
CREGEN> running RMSDs ... done.
CREGEN> E lowest :   -74.20934

 Static MTD simulation iteration 4 finished
 A total of 6302 conformers (+ 6.20%) in crest_conformers.xyz
 S(approx.) =   14.286401 cal/molK (dS = 0.77%)
 Convergence w.r.t. conformers: F
 Convergence w.r.t. entropy   : F

     H(298.15K)-H(0) (conf)      1.476379
                   Cp(conf)      3.283568
                    S(conf)     14.282713

********************************************************************************
**                     I T E R A T I O N    C Y C L E      5                  **
********************************************************************************
 -------------------------------------------
 determining bias structures via PCA/k-Means
 -------------------------------------------

 51 structures were selected
 done.

 -----------------------------------------------
 determining MTD seed structures via PCA/k-Means
 -----------------------------------------------

 36 structures were selected
 done.


 ===========================================================
 Static MTDs (umbrella sampling) on 36 selected conformer(s)
 ===========================================================
> Using 51 constant RMSD bias potentials per MTD
  :::::::::: starting static MTD   1 ::::::::::
  |   MD simulation time   :    33.0 ps       |
  |   target T             :   400.0 K        |
  |   timestep dt          :     5.0 fs       |
  |   dump interval(trj)   :   100.0 fs       |
  |   SHAKE algorithm      : true (all bonds) |
  |   Vbias prefactor (k)  :  0.0036 Eh       |
  |   Vbias exponent (α)   :  1.0000 bohr⁻²   |
  :::::::::: starting static MTD   2 ::::::::::
  |   MD simulation time   :    33.0 ps       |
  |   target T             :   400.0 K        |
  |   timestep dt          :     5.0 fs       |
  |   dump interval(trj)   :   100.0 fs       |
  |   SHAKE algorithm      : true (all bonds) |
  |   Vbias prefactor (k)  :  0.0036 Eh       |
  |   Vbias exponent (α)   :  1.0000 bohr⁻²   |
  :::::::::: starting static MTD  36 ::::::::::
  |   MD simulation time   :    33.0 ps       |
  |   target T             :   400.0 K        |
  |   timestep dt          :     5.0 fs       |
  |   dump interval(trj)   :   100.0 fs       |
  |   SHAKE algorithm      : true (all bonds) |
  |   Vbias prefactor (k)  :  0.0036 Eh       |
  |   Vbias exponent (α)   :  1.0000 bohr⁻²   |
  :::::::::: starting static MTD   5 ::::::::::
  |   MD simulation time   :    33.0 ps       |
  |   target T             :   400.0 K        |
  |   timestep dt          :     5.0 fs       |
  |   dump interval(trj)   :   100.0 fs       |
  |   SHAKE algorithm      : true (all bonds) |
  |   Vbias prefactor (k)  :  0.0036 Eh       |
  |   Vbias exponent (α)   :  1.0000 bohr⁻²   |
  :::::::::: starting static MTD   8 ::::::::::
  |   MD simulation time   :    33.0 ps       |
  |   target T             :   400.0 K        |
  |   timestep dt          :     5.0 fs       |
  |   dump interval(trj)   :   100.0 fs       |
  |   SHAKE algorithm      : true (all bonds) |
  |   Vbias prefactor (k)  :  0.0036 Eh       |
  |   Vbias exponent (α)   :  1.0000 bohr⁻²   |
  :::::::::: starting static MTD  13 ::::::::::
  |   MD simulation time   :    33.0 ps       |
  |   target T             :   400.0 K        |
  |   timestep dt          :     5.0 fs       |
  |   dump interval(trj)   :   100.0 fs       |
  |   SHAKE algorithm      : true (all bonds) |
  |   Vbias prefactor (k)  :  0.0036 Eh       |
  |   Vbias exponent (α)   :  1.0000 bohr⁻²   |
  :::::::::: starting static MTD   9 ::::::::::
  |   MD simulation time   :    33.0 ps       |
  |   target T             :   400.0 K        |
  |   timestep dt          :     5.0 fs       |
  |   dump interval(trj)   :   100.0 fs       |
  |   SHAKE algorithm      : true (all bonds) |
  |   Vbias prefactor (k)  :  0.0036 Eh       |
  |   Vbias exponent (α)   :  1.0000 bohr⁻²   |
  :::::::::: starting static MTD  12 ::::::::::
  |   MD simulation time   :    33.0 ps       |
  |   target T             :   400.0 K        |
  |   timestep dt          :     5.0 fs       |
  |   dump interval(trj)   :   100.0 fs       |
  |   SHAKE algorithm      : true (all bonds) |
  |   Vbias prefactor (k)  :  0.0036 Eh       |
  |   Vbias exponent (α)   :  1.0000 bohr⁻²   |
  :::::::::: starting static MTD  11 ::::::::::
  |   MD simulation time   :    33.0 ps       |
  |   target T             :   400.0 K        |
  |   timestep dt          :     5.0 fs       |
  |   dump interval(trj)   :   100.0 fs       |
  |   SHAKE algorithm      : true (all bonds) |
  |   Vbias prefactor (k)  :  0.0036 Eh       |
  |   Vbias exponent (α)   :  1.0000 bohr⁻²   |
  :::::::::: starting static MTD   4 ::::::::::
  |   MD simulation time   :    33.0 ps       |
  |   target T             :   400.0 K        |
  |   timestep dt          :     5.0 fs       |
  |   dump interval(trj)   :   100.0 fs       |
  |   SHAKE algorithm      : true (all bonds) |
  |   Vbias prefactor (k)  :  0.0036 Eh       |
  |   Vbias exponent (α)   :  1.0000 bohr⁻²   |
  :::::::::: starting static MTD  14 ::::::::::
  |   MD simulation time   :    33.0 ps       |
  |   target T             :   400.0 K        |
  |   timestep dt          :     5.0 fs       |
  |   dump interval(trj)   :   100.0 fs       |
  |   SHAKE algorithm      : true (all bonds) |
  |   Vbias prefactor (k)  :  0.0036 Eh       |
  |   Vbias exponent (α)   :  1.0000 bohr⁻²   |
  :::::::::: starting static MTD   3 ::::::::::
  |   MD simulation time   :    33.0 ps       |
  |   target T             :   400.0 K        |
  |   timestep dt          :     5.0 fs       |
  |   dump interval(trj)   :   100.0 fs       |
  |   SHAKE algorithm      : true (all bonds) |
  |   Vbias prefactor (k)  :  0.0036 Eh       |
  |   Vbias exponent (α)   :  1.0000 bohr⁻²   |
  :::::::::: starting static MTD  10 ::::::::::
  |   MD simulation time   :    33.0 ps       |
  |   target T             :   400.0 K        |
  |   timestep dt          :     5.0 fs       |
  |   dump interval(trj)   :   100.0 fs       |
  |   SHAKE algorithm      : true (all bonds) |
  |   Vbias prefactor (k)  :  0.0036 Eh       |
  |   Vbias exponent (α)   :  1.0000 bohr⁻²   |
  :::::::::: starting static MTD   6 ::::::::::
  |   MD simulation time   :    33.0 ps       |
  |   target T             :   400.0 K        |
  |   timestep dt          :     5.0 fs       |
  |   dump interval(trj)   :   100.0 fs       |
  |   SHAKE algorithm      : true (all bonds) |
  |   Vbias prefactor (k)  :  0.0036 Eh       |
  |   Vbias exponent (α)   :  1.0000 bohr⁻²   |
  :::::::::: starting static MTD   7 ::::::::::
  |   MD simulation time   :    33.0 ps       |
  |   target T             :   400.0 K        |
  |   timestep dt          :     5.0 fs       |
  |   dump interval(trj)   :   100.0 fs       |
  |   SHAKE algorithm      : true (all bonds) |
  |   Vbias prefactor (k)  :  0.0036 Eh       |
  |   Vbias exponent (α)   :  1.0000 bohr⁻²   |
  :::::::::: starting static MTD  15 ::::::::::
  |   MD simulation time   :    33.0 ps       |
  |   target T             :   400.0 K        |
  |   timestep dt          :     5.0 fs       |
  |   dump interval(trj)   :   100.0 fs       |
  |   SHAKE algorithm      : true (all bonds) |
  |   Vbias prefactor (k)  :  0.0036 Eh       |
  |   Vbias exponent (α)   :  1.0000 bohr⁻²   |
*sMTD  13 completed successfully ...        7 min,  6.662 sec
  :::::::::: starting static MTD  16 ::::::::::
  |   MD simulation time   :    33.0 ps       |
  |   target T             :   400.0 K        |
  |   timestep dt          :     5.0 fs       |
  |   dump interval(trj)   :   100.0 fs       |
  |   SHAKE algorithm      : true (all bonds) |
  |   Vbias prefactor (k)  :  0.0036 Eh       |
  |   Vbias exponent (α)   :  1.0000 bohr⁻²   |
*sMTD  14 completed successfully ...        7 min,  6.843 sec
  :::::::::: starting static MTD  17 ::::::::::
  |   MD simulation time   :    33.0 ps       |
  |   target T             :   400.0 K        |
  |   timestep dt          :     5.0 fs       |
  |   dump interval(trj)   :   100.0 fs       |
  |   SHAKE algorithm      : true (all bonds) |
  |   Vbias prefactor (k)  :  0.0036 Eh       |
  |   Vbias exponent (α)   :  1.0000 bohr⁻²   |
*sMTD  11 completed successfully ...        7 min,  7.800 sec
  :::::::::: starting static MTD  18 ::::::::::
  |   MD simulation time   :    33.0 ps       |
  |   target T             :   400.0 K        |
  |   timestep dt          :     5.0 fs       |
  |   dump interval(trj)   :   100.0 fs       |
  |   SHAKE algorithm      : true (all bonds) |
  |   Vbias prefactor (k)  :  0.0036 Eh       |
  |   Vbias exponent (α)   :  1.0000 bohr⁻²   |
*sMTD   5 completed successfully ...        7 min,  8.331 sec
  :::::::::: starting static MTD  19 ::::::::::
  |   MD simulation time   :    33.0 ps       |
  |   target T             :   400.0 K        |
  |   timestep dt          :     5.0 fs       |
  |   dump interval(trj)   :   100.0 fs       |
  |   SHAKE algorithm      : true (all bonds) |
  |   Vbias prefactor (k)  :  0.0036 Eh       |
  |   Vbias exponent (α)   :  1.0000 bohr⁻²   |
*sMTD   9 completed successfully ...        7 min,  8.995 sec
  :::::::::: starting static MTD  20 ::::::::::
  |   MD simulation time   :    33.0 ps       |
  |   target T             :   400.0 K        |
  |   timestep dt          :     5.0 fs       |
  |   dump interval(trj)   :   100.0 fs       |
  |   SHAKE algorithm      : true (all bonds) |
  |   Vbias prefactor (k)  :  0.0036 Eh       |
  |   Vbias exponent (α)   :  1.0000 bohr⁻²   |
*sMTD  15 completed successfully ...        7 min,  9.091 sec
  :::::::::: starting static MTD  21 ::::::::::
  |   MD simulation time   :    33.0 ps       |
  |   target T             :   400.0 K        |
  |   timestep dt          :     5.0 fs       |
  |   dump interval(trj)   :   100.0 fs       |
  |   SHAKE algorithm      : true (all bonds) |
  |   Vbias prefactor (k)  :  0.0036 Eh       |
  |   Vbias exponent (α)   :  1.0000 bohr⁻²   |
*sMTD  12 completed successfully ...        7 min,  9.381 sec
  :::::::::: starting static MTD  22 ::::::::::
  |   MD simulation time   :    33.0 ps       |
  |   target T             :   400.0 K        |
  |   timestep dt          :     5.0 fs       |
  |   dump interval(trj)   :   100.0 fs       |
  |   SHAKE algorithm      : true (all bonds) |
  |   Vbias prefactor (k)  :  0.0036 Eh       |
  |   Vbias exponent (α)   :  1.0000 bohr⁻²   |
*sMTD  10 completed successfully ...        7 min,  9.859 sec
  :::::::::: starting static MTD  23 ::::::::::
  |   MD simulation time   :    33.0 ps       |
  |   target T             :   400.0 K        |
  |   timestep dt          :     5.0 fs       |
  |   dump interval(trj)   :   100.0 fs       |
  |   SHAKE algorithm      : true (all bonds) |
  |   Vbias prefactor (k)  :  0.0036 Eh       |
  |   Vbias exponent (α)   :  1.0000 bohr⁻²   |
*sMTD   4 completed successfully ...        7 min,  9.918 sec
  :::::::::: starting static MTD  24 ::::::::::
  |   MD simulation time   :    33.0 ps       |
  |   target T             :   400.0 K        |
  |   timestep dt          :     5.0 fs       |
  |   dump interval(trj)   :   100.0 fs       |
  |   SHAKE algorithm      : true (all bonds) |
  |   Vbias prefactor (k)  :  0.0036 Eh       |
  |   Vbias exponent (α)   :  1.0000 bohr⁻²   |
*sMTD   1 completed successfully ...        7 min,  9.920 sec
  :::::::::: starting static MTD  25 ::::::::::
  |   MD simulation time   :    33.0 ps       |
  |   target T             :   400.0 K        |
  |   timestep dt          :     5.0 fs       |
  |   dump interval(trj)   :   100.0 fs       |
  |   SHAKE algorithm      : true (all bonds) |
  |   Vbias prefactor (k)  :  0.0036 Eh       |
  |   Vbias exponent (α)   :  1.0000 bohr⁻²   |
*sMTD   6 completed successfully ...        7 min, 10.046 sec
  :::::::::: starting static MTD  26 ::::::::::
  |   MD simulation time   :    33.0 ps       |
  |   target T             :   400.0 K        |
  |   timestep dt          :     5.0 fs       |
  |   dump interval(trj)   :   100.0 fs       |
  |   SHAKE algorithm      : true (all bonds) |
  |   Vbias prefactor (k)  :  0.0036 Eh       |
  |   Vbias exponent (α)   :  1.0000 bohr⁻²   |
*sMTD   7 completed successfully ...        7 min, 10.407 sec
  :::::::::: starting static MTD  27 ::::::::::
  |   MD simulation time   :    33.0 ps       |
  |   target T             :   400.0 K        |
  |   timestep dt          :     5.0 fs       |
  |   dump interval(trj)   :   100.0 fs       |
  |   SHAKE algorithm      : true (all bonds) |
  |   Vbias prefactor (k)  :  0.0036 Eh       |
  |   Vbias exponent (α)   :  1.0000 bohr⁻²   |
*sMTD   8 completed successfully ...        7 min, 10.690 sec
  :::::::::: starting static MTD  28 ::::::::::
  |   MD simulation time   :    33.0 ps       |
  |   target T             :   400.0 K        |
  |   timestep dt          :     5.0 fs       |
  |   dump interval(trj)   :   100.0 fs       |
  |   SHAKE algorithm      : true (all bonds) |
  |   Vbias prefactor (k)  :  0.0036 Eh       |
  |   Vbias exponent (α)   :  1.0000 bohr⁻²   |
*sMTD   2 completed successfully ...        7 min, 12.629 sec
  :::::::::: starting static MTD  29 ::::::::::
  |   MD simulation time   :    33.0 ps       |
  |   target T             :   400.0 K        |
  |   timestep dt          :     5.0 fs       |
  |   dump interval(trj)   :   100.0 fs       |
  |   SHAKE algorithm      : true (all bonds) |
  |   Vbias prefactor (k)  :  0.0036 Eh       |
  |   Vbias exponent (α)   :  1.0000 bohr⁻²   |
*sMTD  36 completed successfully ...        7 min, 12.968 sec
  :::::::::: starting static MTD  35 ::::::::::
  |   MD simulation time   :    33.0 ps       |
  |   target T             :   400.0 K        |
  |   timestep dt          :     5.0 fs       |
  |   dump interval(trj)   :   100.0 fs       |
  |   SHAKE algorithm      : true (all bonds) |
  |   Vbias prefactor (k)  :  0.0036 Eh       |
  |   Vbias exponent (α)   :  1.0000 bohr⁻²   |
*sMTD   3 completed successfully ...        7 min, 13.918 sec
  :::::::::: starting static MTD  30 ::::::::::
  |   MD simulation time   :    33.0 ps       |
  |   target T             :   400.0 K        |
  |   timestep dt          :     5.0 fs       |
  |   dump interval(trj)   :   100.0 fs       |
  |   SHAKE algorithm      : true (all bonds) |
  |   Vbias prefactor (k)  :  0.0036 Eh       |
  |   Vbias exponent (α)   :  1.0000 bohr⁻²   |
*sMTD  16 completed successfully ...        7 min,  8.077 sec
  :::::::::: starting static MTD  31 ::::::::::
  |   MD simulation time   :    33.0 ps       |
  |   target T             :   400.0 K        |
  |   timestep dt          :     5.0 fs       |
  |   dump interval(trj)   :   100.0 fs       |
  |   SHAKE algorithm      : true (all bonds) |
  |   Vbias prefactor (k)  :  0.0036 Eh       |
  |   Vbias exponent (α)   :  1.0000 bohr⁻²   |
*sMTD  17 completed successfully ...        7 min,  8.947 sec
  :::::::::: starting static MTD  32 ::::::::::
  |   MD simulation time   :    33.0 ps       |
  |   target T             :   400.0 K        |
  |   timestep dt          :     5.0 fs       |
  |   dump interval(trj)   :   100.0 fs       |
  |   SHAKE algorithm      : true (all bonds) |
  |   Vbias prefactor (k)  :  0.0036 Eh       |
  |   Vbias exponent (α)   :  1.0000 bohr⁻²   |
*sMTD  18 completed successfully ...        7 min,  9.317 sec
  :::::::::: starting static MTD  33 ::::::::::
  |   MD simulation time   :    33.0 ps       |
  |   target T             :   400.0 K        |
  |   timestep dt          :     5.0 fs       |
  |   dump interval(trj)   :   100.0 fs       |
  |   SHAKE algorithm      : true (all bonds) |
  |   Vbias prefactor (k)  :  0.0036 Eh       |
  |   Vbias exponent (α)   :  1.0000 bohr⁻²   |
*sMTD  19 completed successfully ...        7 min,  9.675 sec
  :::::::::: starting static MTD  34 ::::::::::
  |   MD simulation time   :    33.0 ps       |
  |   target T             :   400.0 K        |
  |   timestep dt          :     5.0 fs       |
  |   dump interval(trj)   :   100.0 fs       |
  |   SHAKE algorithm      : true (all bonds) |
  |   Vbias prefactor (k)  :  0.0036 Eh       |
  |   Vbias exponent (α)   :  1.0000 bohr⁻²   |
*sMTD  23 completed successfully ...        7 min,  8.264 sec
*sMTD  25 completed successfully ...        7 min,  8.551 sec
*sMTD  20 completed successfully ...        7 min,  9.589 sec
*sMTD  21 completed successfully ...        7 min, 11.189 sec
*sMTD  29 completed successfully ...        7 min,  8.415 sec
*sMTD  22 completed successfully ...        7 min, 11.769 sec
*sMTD  24 completed successfully ...        7 min, 11.391 sec
*sMTD  27 completed successfully ...        7 min, 10.928 sec
*sMTD  26 completed successfully ...        7 min, 11.719 sec
*sMTD  30 completed successfully ...        7 min,  7.887 sec
*sMTD  35 completed successfully ...        7 min,  9.451 sec
*sMTD  28 completed successfully ...        7 min, 12.166 sec
*sMTD  32 completed successfully ...        5 min, 59.760 sec
*sMTD  31 completed successfully ...        6 min,  3.033 sec
*sMTD  33 completed successfully ...        6 min,  4.396 sec
*sMTD  34 completed successfully ...        6 min,  3.870 sec

 ======================================
 |  Multilevel Ensemble Optimization  |
 ======================================
 Optimizing all 11844 structures from file "crest_rotamers_0.xyz" ...
 ----------------------
 crude pre-optimization
 ----------------------
 Optimization engine: ANCOPT
 Hessian update type: BFGS
 E/G convergence criteria:  0.500E-03 Eh, 0.100E-01 Eh/a0
 maximum optimization steps: 200
 |>0.0% |>2.5% |>5.0% |>7.5% |>10.0% |>12.5% |>15.0% |>17.5% |>20.0% |>22.5% |>25.0% |>27.5% |>30.0% |>32.5% |>35.0% |>37.5% |>40.0% |>42.5% |>45.0% |>47.5% |>50.0% |>52.5% |>55.0% |>57.5% |>60.0% |>62.5% |>65.0% |>67.5% |>70.0% |>72.5% |>75.0% |>77.5% |>80.0% |>82.5% |>85.0% |>87.5% |>90.0% |>92.5% |>95.0% |>97.5% |>100.0%
 done.
> 11844 of 11844 structures successfully optimized (100.0% success)
> Total runtime for 11844 optimizations:
 * wall-time:     0 d,  0 h, 11 min, 38.643 sec
 *  cpu-time:     0 d,  3 h,  5 min, 16.292 sec
 * ratio c/w:    15.911 speedup
> Corresponding to approximately 0.059 sec per processed structure

CREGEN> running RMSDs ... done.
CREGEN> E lowest :   -74.20846
 11670 structures remain within    12.00 kcal/mol window
 ---------------------------------------
 optimization with very tight thresholds
 ---------------------------------------
 Optimization engine: ANCOPT
 Hessian update type: BFGS
 E/G convergence criteria:  0.100E-06 Eh, 0.200E-03 Eh/a0
 maximum optimization steps: 200
 |>0.0% |>2.5% |>5.0% |>7.5% |>10.0% |>12.5% |>15.0% |>17.5% |>20.0% |>22.5% |>25.0% |>27.5% |>30.0% |>32.5% |>35.0% |>37.5% |>40.0% |>42.5% |>45.0% |>47.5% |>50.0% |>52.5% |>55.0% |>57.5% |>60.0% |>62.5% |>65.0% |>67.5% |>70.0% |>72.5% |>75.0% |>77.5% |>80.0% |>82.5% |>85.0% |>87.5% |>90.0% |>92.5% |>95.0% |>97.5% |>100.0%
 done.
> 10923 of 11670 structures successfully optimized (93.6% success)
> Total runtime for 11670 optimizations:
 * wall-time:     0 d,  1 h,  8 min, 11.415 sec
 *  cpu-time:     0 d, 18 h,  7 min, 46.786 sec
 * ratio c/w:    15.952 speedup
> Corresponding to approximately 0.351 sec per processed structure

CREGEN> running RMSDs ... done.
CREGEN> E lowest :   -74.20934
 5554 structures remain within     6.00 kcal/mol window
CREGEN> running RMSDs ... done.
CREGEN> E lowest :   -74.20934

 Static MTD simulation iteration 5 finished
 A total of 6562 conformers (+ 3.96%) in crest_conformers.xyz
 S(approx.) =   14.351090 cal/molK (dS = 0.45%)
 Convergence w.r.t. conformers: F
 Convergence w.r.t. entropy   : T

     H(298.15K)-H(0) (conf)      1.495760
                   Cp(conf)      3.323156
                    S(conf)     14.347374

********************************************************************************
**                     I T E R A T I O N    C Y C L E      6                  **
********************************************************************************
 -------------------------------------------
 determining bias structures via PCA/k-Means
 -------------------------------------------

 65 structures were selected
 done.

 -----------------------------------------------
 determining MTD seed structures via PCA/k-Means
 -----------------------------------------------

 36 structures were selected
 done.


 ===========================================================
 Static MTDs (umbrella sampling) on 36 selected conformer(s)
 ===========================================================
> Using 65 constant RMSD bias potentials per MTD
  :::::::::: starting static MTD   1 ::::::::::
  |   MD simulation time   :    33.0 ps       |
  |   target T             :   400.0 K        |
  |   timestep dt          :     5.0 fs       |
  |   dump interval(trj)   :   100.0 fs       |
  |   SHAKE algorithm      : true (all bonds) |
  |   Vbias prefactor (k)  :  0.0036 Eh       |
  |   Vbias exponent (α)   :  1.0000 bohr⁻²   |
  :::::::::: starting static MTD   2 ::::::::::
  |   MD simulation time   :    33.0 ps       |
  |   target T             :   400.0 K        |
  |   timestep dt          :     5.0 fs       |
  |   dump interval(trj)   :   100.0 fs       |
  |   SHAKE algorithm      : true (all bonds) |
  |   Vbias prefactor (k)  :  0.0036 Eh       |
  |   Vbias exponent (α)   :  1.0000 bohr⁻²   |
  :::::::::: starting static MTD  36 ::::::::::
  |   MD simulation time   :    33.0 ps       |
  |   target T             :   400.0 K        |
  |   timestep dt          :     5.0 fs       |
  |   dump interval(trj)   :   100.0 fs       |
  |   SHAKE algorithm      : true (all bonds) |
  |   Vbias prefactor (k)  :  0.0036 Eh       |
  |   Vbias exponent (α)   :  1.0000 bohr⁻²   |
  :::::::::: starting static MTD   7 ::::::::::
  |   MD simulation time   :    33.0 ps       |
  |   target T             :   400.0 K        |
  |   timestep dt          :     5.0 fs       |
  |   dump interval(trj)   :   100.0 fs       |
  |   SHAKE algorithm      : true (all bonds) |
  |   Vbias prefactor (k)  :  0.0036 Eh       |
  |   Vbias exponent (α)   :  1.0000 bohr⁻²   |
  :::::::::: starting static MTD   4 ::::::::::
  |   MD simulation time   :    33.0 ps       |
  |   target T             :   400.0 K        |
  |   timestep dt          :     5.0 fs       |
  |   dump interval(trj)   :   100.0 fs       |
  |   SHAKE algorithm      : true (all bonds) |
  |   Vbias prefactor (k)  :  0.0036 Eh       |
  |   Vbias exponent (α)   :  1.0000 bohr⁻²   |
  :::::::::: starting static MTD  14 ::::::::::
  |   MD simulation time   :    33.0 ps       |
  |   target T             :   400.0 K        |
  |   timestep dt          :     5.0 fs       |
  |   dump interval(trj)   :   100.0 fs       |
  |   SHAKE algorithm      : true (all bonds) |
  |   Vbias prefactor (k)  :  0.0036 Eh       |
  |   Vbias exponent (α)   :  1.0000 bohr⁻²   |
  :::::::::: starting static MTD   6 ::::::::::
  |   MD simulation time   :    33.0 ps       |
  |   target T             :   400.0 K        |
  |   timestep dt          :     5.0 fs       |
  |   dump interval(trj)   :   100.0 fs       |
  |   SHAKE algorithm      : true (all bonds) |
  |   Vbias prefactor (k)  :  0.0036 Eh       |
  |   Vbias exponent (α)   :  1.0000 bohr⁻²   |
  :::::::::: starting static MTD   3 ::::::::::
  |   MD simulation time   :    33.0 ps       |
  |   target T             :   400.0 K        |
  |   timestep dt          :     5.0 fs       |
  |   dump interval(trj)   :   100.0 fs       |
  |   SHAKE algorithm      : true (all bonds) |
  |   Vbias prefactor (k)  :  0.0036 Eh       |
  |   Vbias exponent (α)   :  1.0000 bohr⁻²   |
  :::::::::: starting static MTD   8 ::::::::::
  |   MD simulation time   :    33.0 ps       |
  |   target T             :   400.0 K        |
  |   timestep dt          :     5.0 fs       |
  |   dump interval(trj)   :   100.0 fs       |
  |   SHAKE algorithm      : true (all bonds) |
  |   Vbias prefactor (k)  :  0.0036 Eh       |
  |   Vbias exponent (α)   :  1.0000 bohr⁻²   |
  :::::::::: starting static MTD  11 ::::::::::
  |   MD simulation time   :    33.0 ps       |
  |   target T             :   400.0 K        |
  |   timestep dt          :     5.0 fs       |
  |   dump interval(trj)   :   100.0 fs       |
  |   SHAKE algorithm      : true (all bonds) |
  |   Vbias prefactor (k)  :  0.0036 Eh       |
  |   Vbias exponent (α)   :  1.0000 bohr⁻²   |
  :::::::::: starting static MTD  12 ::::::::::
  |   MD simulation time   :    33.0 ps       |
  |   target T             :   400.0 K        |
  |   timestep dt          :     5.0 fs       |
  |   dump interval(trj)   :   100.0 fs       |
  |   SHAKE algorithm      : true (all bonds) |
  |   Vbias prefactor (k)  :  0.0036 Eh       |
  |   Vbias exponent (α)   :  1.0000 bohr⁻²   |
  :::::::::: starting static MTD   5 ::::::::::
  |   MD simulation time   :    33.0 ps       |
  |   target T             :   400.0 K        |
  |   timestep dt          :     5.0 fs       |
  |   dump interval(trj)   :   100.0 fs       |
  |   SHAKE algorithm      : true (all bonds) |
  |   Vbias prefactor (k)  :  0.0036 Eh       |
  |   Vbias exponent (α)   :  1.0000 bohr⁻²   |
  :::::::::: starting static MTD  10 ::::::::::
  |   MD simulation time   :    33.0 ps       |
  |   target T             :   400.0 K        |
  |   timestep dt          :     5.0 fs       |
  |   dump interval(trj)   :   100.0 fs       |
  |   SHAKE algorithm      : true (all bonds) |
  |   Vbias prefactor (k)  :  0.0036 Eh       |
  |   Vbias exponent (α)   :  1.0000 bohr⁻²   |
  :::::::::: starting static MTD  15 ::::::::::
  |   MD simulation time   :    33.0 ps       |
  |   target T             :   400.0 K        |
  |   timestep dt          :     5.0 fs       |
  |   dump interval(trj)   :   100.0 fs       |
  |   SHAKE algorithm      : true (all bonds) |
  |   Vbias prefactor (k)  :  0.0036 Eh       |
  |   Vbias exponent (α)   :  1.0000 bohr⁻²   |
  :::::::::: starting static MTD  13 ::::::::::
  |   MD simulation time   :    33.0 ps       |
  |   target T             :   400.0 K        |
  |   timestep dt          :     5.0 fs       |
  |   dump interval(trj)   :   100.0 fs       |
  |   SHAKE algorithm      : true (all bonds) |
  |   Vbias prefactor (k)  :  0.0036 Eh       |
  |   Vbias exponent (α)   :  1.0000 bohr⁻²   |
  :::::::::: starting static MTD   9 ::::::::::
  |   MD simulation time   :    33.0 ps       |
  |   target T             :   400.0 K        |
  |   timestep dt          :     5.0 fs       |
  |   dump interval(trj)   :   100.0 fs       |
  |   SHAKE algorithm      : true (all bonds) |
  |   Vbias prefactor (k)  :  0.0036 Eh       |
  |   Vbias exponent (α)   :  1.0000 bohr⁻²   |
*sMTD   3 completed successfully ...        7 min,  9.377 sec
  :::::::::: starting static MTD  16 ::::::::::
  |   MD simulation time   :    33.0 ps       |
  |   target T             :   400.0 K        |
  |   timestep dt          :     5.0 fs       |
  |   dump interval(trj)   :   100.0 fs       |
  |   SHAKE algorithm      : true (all bonds) |
  |   Vbias prefactor (k)  :  0.0036 Eh       |
  |   Vbias exponent (α)   :  1.0000 bohr⁻²   |
*sMTD  14 completed successfully ...        7 min,  9.490 sec
  :::::::::: starting static MTD  17 ::::::::::
  |   MD simulation time   :    33.0 ps       |
  |   target T             :   400.0 K        |
  |   timestep dt          :     5.0 fs       |
  |   dump interval(trj)   :   100.0 fs       |
  |   SHAKE algorithm      : true (all bonds) |
  |   Vbias prefactor (k)  :  0.0036 Eh       |
  |   Vbias exponent (α)   :  1.0000 bohr⁻²   |
*sMTD   5 completed successfully ...        7 min,  9.648 sec
  :::::::::: starting static MTD  18 ::::::::::
  |   MD simulation time   :    33.0 ps       |
  |   target T             :   400.0 K        |
  |   timestep dt          :     5.0 fs       |
  |   dump interval(trj)   :   100.0 fs       |
  |   SHAKE algorithm      : true (all bonds) |
  |   Vbias prefactor (k)  :  0.0036 Eh       |
  |   Vbias exponent (α)   :  1.0000 bohr⁻²   |
*sMTD  12 completed successfully ...        7 min,  9.871 sec
  :::::::::: starting static MTD  19 ::::::::::
  |   MD simulation time   :    33.0 ps       |
  |   target T             :   400.0 K        |
  |   timestep dt          :     5.0 fs       |
  |   dump interval(trj)   :   100.0 fs       |
  |   SHAKE algorithm      : true (all bonds) |
  |   Vbias prefactor (k)  :  0.0036 Eh       |
  |   Vbias exponent (α)   :  1.0000 bohr⁻²   |
*sMTD   7 completed successfully ...        7 min,  9.993 sec
  :::::::::: starting static MTD  20 ::::::::::
  |   MD simulation time   :    33.0 ps       |
  |   target T             :   400.0 K        |
  |   timestep dt          :     5.0 fs       |
  |   dump interval(trj)   :   100.0 fs       |
  |   SHAKE algorithm      : true (all bonds) |
  |   Vbias prefactor (k)  :  0.0036 Eh       |
  |   Vbias exponent (α)   :  1.0000 bohr⁻²   |
*sMTD  36 completed successfully ...        7 min, 10.084 sec
  :::::::::: starting static MTD  35 ::::::::::
  |   MD simulation time   :    33.0 ps       |
  |   target T             :   400.0 K        |
  |   timestep dt          :     5.0 fs       |
  |   dump interval(trj)   :   100.0 fs       |
  |   SHAKE algorithm      : true (all bonds) |
  |   Vbias prefactor (k)  :  0.0036 Eh       |
  |   Vbias exponent (α)   :  1.0000 bohr⁻²   |
*sMTD   9 completed successfully ...        7 min, 10.230 sec
  :::::::::: starting static MTD  21 ::::::::::
  |   MD simulation time   :    33.0 ps       |
  |   target T             :   400.0 K        |
  |   timestep dt          :     5.0 fs       |
  |   dump interval(trj)   :   100.0 fs       |
  |   SHAKE algorithm      : true (all bonds) |
  |   Vbias prefactor (k)  :  0.0036 Eh       |
  |   Vbias exponent (α)   :  1.0000 bohr⁻²   |
*sMTD   8 completed successfully ...        7 min, 10.492 sec
  :::::::::: starting static MTD  22 ::::::::::
  |   MD simulation time   :    33.0 ps       |
  |   target T             :   400.0 K        |
  |   timestep dt          :     5.0 fs       |
  |   dump interval(trj)   :   100.0 fs       |
  |   SHAKE algorithm      : true (all bonds) |
  |   Vbias prefactor (k)  :  0.0036 Eh       |
  |   Vbias exponent (α)   :  1.0000 bohr⁻²   |
*sMTD  11 completed successfully ...        7 min, 11.133 sec
  :::::::::: starting static MTD  23 ::::::::::
  |   MD simulation time   :    33.0 ps       |
  |   target T             :   400.0 K        |
  |   timestep dt          :     5.0 fs       |
  |   dump interval(trj)   :   100.0 fs       |
  |   SHAKE algorithm      : true (all bonds) |
  |   Vbias prefactor (k)  :  0.0036 Eh       |
  |   Vbias exponent (α)   :  1.0000 bohr⁻²   |
*sMTD  13 completed successfully ...        7 min, 11.265 sec
  :::::::::: starting static MTD  24 ::::::::::
  |   MD simulation time   :    33.0 ps       |
  |   target T             :   400.0 K        |
  |   timestep dt          :     5.0 fs       |
  |   dump interval(trj)   :   100.0 fs       |
  |   SHAKE algorithm      : true (all bonds) |
  |   Vbias prefactor (k)  :  0.0036 Eh       |
  |   Vbias exponent (α)   :  1.0000 bohr⁻²   |
*sMTD   1 completed successfully ...        7 min, 11.330 sec
  :::::::::: starting static MTD  25 ::::::::::
  |   MD simulation time   :    33.0 ps       |
  |   target T             :   400.0 K        |
  |   timestep dt          :     5.0 fs       |
  |   dump interval(trj)   :   100.0 fs       |
  |   SHAKE algorithm      : true (all bonds) |
  |   Vbias prefactor (k)  :  0.0036 Eh       |
  |   Vbias exponent (α)   :  1.0000 bohr⁻²   |
*sMTD   2 completed successfully ...        7 min, 11.493 sec
  :::::::::: starting static MTD  26 ::::::::::
  |   MD simulation time   :    33.0 ps       |
  |   target T             :   400.0 K        |
  |   timestep dt          :     5.0 fs       |
  |   dump interval(trj)   :   100.0 fs       |
  |   SHAKE algorithm      : true (all bonds) |
  |   Vbias prefactor (k)  :  0.0036 Eh       |
  |   Vbias exponent (α)   :  1.0000 bohr⁻²   |
*sMTD  10 completed successfully ...        7 min, 12.577 sec
  :::::::::: starting static MTD  27 ::::::::::
  |   MD simulation time   :    33.0 ps       |
  |   target T             :   400.0 K        |
  |   timestep dt          :     5.0 fs       |
  |   dump interval(trj)   :   100.0 fs       |
  |   SHAKE algorithm      : true (all bonds) |
  |   Vbias prefactor (k)  :  0.0036 Eh       |
  |   Vbias exponent (α)   :  1.0000 bohr⁻²   |
*sMTD   6 completed successfully ...        7 min, 12.683 sec
  :::::::::: starting static MTD  28 ::::::::::
  |   MD simulation time   :    33.0 ps       |
  |   target T             :   400.0 K        |
  |   timestep dt          :     5.0 fs       |
  |   dump interval(trj)   :   100.0 fs       |
  |   SHAKE algorithm      : true (all bonds) |
  |   Vbias prefactor (k)  :  0.0036 Eh       |
  |   Vbias exponent (α)   :  1.0000 bohr⁻²   |
*sMTD   4 completed successfully ...        7 min, 12.921 sec
  :::::::::: starting static MTD  29 ::::::::::
  |   MD simulation time   :    33.0 ps       |
  |   target T             :   400.0 K        |
  |   timestep dt          :     5.0 fs       |
  |   dump interval(trj)   :   100.0 fs       |
  |   SHAKE algorithm      : true (all bonds) |
  |   Vbias prefactor (k)  :  0.0036 Eh       |
  |   Vbias exponent (α)   :  1.0000 bohr⁻²   |
*sMTD  15 completed successfully ...        7 min, 13.646 sec
  :::::::::: starting static MTD  30 ::::::::::
  |   MD simulation time   :    33.0 ps       |
  |   target T             :   400.0 K        |
  |   timestep dt          :     5.0 fs       |
  |   dump interval(trj)   :   100.0 fs       |
  |   SHAKE algorithm      : true (all bonds) |
  |   Vbias prefactor (k)  :  0.0036 Eh       |
  |   Vbias exponent (α)   :  1.0000 bohr⁻²   |
*sMTD  20 completed successfully ...        7 min,  9.079 sec
  :::::::::: starting static MTD  31 ::::::::::
  |   MD simulation time   :    33.0 ps       |
  |   target T             :   400.0 K        |
  |   timestep dt          :     5.0 fs       |
  |   dump interval(trj)   :   100.0 fs       |
  |   SHAKE algorithm      : true (all bonds) |
  |   Vbias prefactor (k)  :  0.0036 Eh       |
  |   Vbias exponent (α)   :  1.0000 bohr⁻²   |
*sMTD  17 completed successfully ...        7 min, 10.319 sec
  :::::::::: starting static MTD  32 ::::::::::
  |   MD simulation time   :    33.0 ps       |
  |   target T             :   400.0 K        |
  |   timestep dt          :     5.0 fs       |
  |   dump interval(trj)   :   100.0 fs       |
  |   SHAKE algorithm      : true (all bonds) |
  |   Vbias prefactor (k)  :  0.0036 Eh       |
  |   Vbias exponent (α)   :  1.0000 bohr⁻²   |
*sMTD  35 completed successfully ...        7 min,  9.729 sec
  :::::::::: starting static MTD  34 ::::::::::
  |   MD simulation time   :    33.0 ps       |
  |   target T             :   400.0 K        |
  |   timestep dt          :     5.0 fs       |
  |   dump interval(trj)   :   100.0 fs       |
  |   SHAKE algorithm      : true (all bonds) |
  |   Vbias prefactor (k)  :  0.0036 Eh       |
  |   Vbias exponent (α)   :  1.0000 bohr⁻²   |
*sMTD  22 completed successfully ...        7 min,  9.532 sec
  :::::::::: starting static MTD  33 ::::::::::
  |   MD simulation time   :    33.0 ps       |
  |   target T             :   400.0 K        |
  |   timestep dt          :     5.0 fs       |
  |   dump interval(trj)   :   100.0 fs       |
  |   SHAKE algorithm      : true (all bonds) |
  |   Vbias prefactor (k)  :  0.0036 Eh       |
  |   Vbias exponent (α)   :  1.0000 bohr⁻²   |
*sMTD  19 completed successfully ...        7 min, 10.697 sec
*sMTD  21 completed successfully ...        7 min, 11.249 sec
*sMTD  24 completed successfully ...        7 min, 10.677 sec
*sMTD  28 completed successfully ...        7 min,  9.424 sec
*sMTD  25 completed successfully ...        7 min, 10.891 sec
*sMTD  16 completed successfully ...        7 min, 12.991 sec
*sMTD  29 completed successfully ...        7 min,  9.626 sec
*sMTD  23 completed successfully ...        7 min, 12.347 sec
*sMTD  26 completed successfully ...        7 min, 12.390 sec
*sMTD  18 completed successfully ...        7 min, 14.268 sec
*sMTD  27 completed successfully ...        7 min, 11.986 sec
*sMTD  30 completed successfully ...        7 min, 11.015 sec
*sMTD  33 completed successfully ...        6 min,  0.902 sec
*sMTD  34 completed successfully ...        6 min,  1.965 sec
*sMTD  31 completed successfully ...        6 min,  2.761 sec
*sMTD  32 completed successfully ...        6 min,  2.062 sec

 ======================================
 |  Multilevel Ensemble Optimization  |
 ======================================
 Optimizing all 11844 structures from file "crest_rotamers_0.xyz" ...
 ----------------------
 crude pre-optimization
 ----------------------
 Optimization engine: ANCOPT
 Hessian update type: BFGS
 E/G convergence criteria:  0.500E-03 Eh, 0.100E-01 Eh/a0
 maximum optimization steps: 200
 |>0.0% |>2.5% |>5.0% |>7.5% |>10.0% |>12.5% |>15.0% |>17.5% |>20.0% |>22.5% |>25.0% |>27.5% |>30.0% |>32.5% |>35.0% |>37.5% |>40.0% |>42.5% |>45.0% |>47.5% |>50.0% |>52.5% |>55.0% |>57.5% |>60.0% |>62.5% |>65.0% |>67.5% |>70.0% |>72.5% |>75.0% |>77.5% |>80.0% |>82.5% |>85.0% |>87.5% |>90.0% |>92.5% |>95.0% |>97.5% |>100.0%
 done.
> 11844 of 11844 structures successfully optimized (100.0% success)
> Total runtime for 11844 optimizations:
 * wall-time:     0 d,  0 h, 11 min, 37.824 sec
 *  cpu-time:     0 d,  3 h,  5 min,  3.141 sec
 * ratio c/w:    15.911 speedup
> Corresponding to approximately 0.059 sec per processed structure

CREGEN> running RMSDs ... done.
CREGEN> E lowest :   -74.20812
 11689 structures remain within    12.00 kcal/mol window
 ---------------------------------------
 optimization with very tight thresholds
 ---------------------------------------
 Optimization engine: ANCOPT
 Hessian update type: BFGS
 E/G convergence criteria:  0.100E-06 Eh, 0.200E-03 Eh/a0
 maximum optimization steps: 200
 |>0.0% |>2.5% |>5.0% |>7.5% |>10.0% |>12.5% |>15.0% |>17.5% |>20.0% |>22.5% |>25.0% |>27.5% |>30.0% |>32.5% |>35.0% |>37.5% |>40.0% |>42.5% |>45.0% |>47.5% |>50.0% |>52.5% |>55.0% |>57.5% |>60.0% |>62.5% |>65.0% |>67.5% |>70.0% |>72.5% |>75.0% |>77.5% |>80.0% |>82.5% |>85.0% |>87.5% |>90.0% |>92.5% |>95.0% |>97.5% |>100.0%
 done.
> 10869 of 11689 structures successfully optimized (93.0% success)
> Total runtime for 11689 optimizations:
 * wall-time:     0 d,  1 h,  9 min, 24.476 sec
 *  cpu-time:     0 d, 18 h, 26 min, 42.171 sec
 * ratio c/w:    15.945 speedup
> Corresponding to approximately 0.356 sec per processed structure

CREGEN> running RMSDs ... done.
CREGEN> E lowest :   -74.20934
 5504 structures remain within     6.00 kcal/mol window
CREGEN> running RMSDs ... done.
CREGEN> E lowest :   -74.20934

 Static MTD simulation iteration 6 finished
 A total of 6799 conformers (+ 3.49%) in crest_conformers.xyz
 S(approx.) =   14.391117 cal/molK (dS = 0.28%)
 Convergence w.r.t. conformers: F
 Convergence w.r.t. entropy   : T

     H(298.15K)-H(0) (conf)      1.517976
                   Cp(conf)      3.406234
                    S(conf)     14.387353

********************************************************************************
**                     I T E R A T I O N    C Y C L E      7                  **
********************************************************************************
 -------------------------------------------
 determining bias structures via PCA/k-Means
 -------------------------------------------

 82 structures were selected
 done.

 -----------------------------------------------
 determining MTD seed structures via PCA/k-Means
 -----------------------------------------------

 36 structures were selected
 done.


 ===========================================================
 Static MTDs (umbrella sampling) on 36 selected conformer(s)
 ===========================================================
> Using 82 constant RMSD bias potentials per MTD
  :::::::::: starting static MTD   1 ::::::::::
  |   MD simulation time   :    33.0 ps       |
  |   target T             :   400.0 K        |
  |   timestep dt          :     5.0 fs       |
  |   dump interval(trj)   :   100.0 fs       |
  |   SHAKE algorithm      : true (all bonds) |
  |   Vbias prefactor (k)  :  0.0036 Eh       |
  |   Vbias exponent (α)   :  1.0000 bohr⁻²   |
  :::::::::: starting static MTD   2 ::::::::::
  |   MD simulation time   :    33.0 ps       |
  |   target T             :   400.0 K        |
  |   timestep dt          :     5.0 fs       |
  |   dump interval(trj)   :   100.0 fs       |
  |   SHAKE algorithm      : true (all bonds) |
  |   Vbias prefactor (k)  :  0.0036 Eh       |
  |   Vbias exponent (α)   :  1.0000 bohr⁻²   |
  :::::::::: starting static MTD  36 ::::::::::
  |   MD simulation time   :    33.0 ps       |
  |   target T             :   400.0 K        |
  |   timestep dt          :     5.0 fs       |
  |   dump interval(trj)   :   100.0 fs       |
  |   SHAKE algorithm      : true (all bonds) |
  |   Vbias prefactor (k)  :  0.0036 Eh       |
  |   Vbias exponent (α)   :  1.0000 bohr⁻²   |
  :::::::::: starting static MTD   3 ::::::::::
  |   MD simulation time   :    33.0 ps       |
  |   target T             :   400.0 K        |
  |   timestep dt          :     5.0 fs       |
  |   dump interval(trj)   :   100.0 fs       |
  |   SHAKE algorithm      : true (all bonds) |
  |   Vbias prefactor (k)  :  0.0036 Eh       |
  |   Vbias exponent (α)   :  1.0000 bohr⁻²   |
  :::::::::: starting static MTD   5 ::::::::::
  |   MD simulation time   :    33.0 ps       |
  |   target T             :   400.0 K        |
  |   timestep dt          :     5.0 fs       |
  |   dump interval(trj)   :   100.0 fs       |
  |   SHAKE algorithm      : true (all bonds) |
  |   Vbias prefactor (k)  :  0.0036 Eh       |
  |   Vbias exponent (α)   :  1.0000 bohr⁻²   |
  :::::::::: starting static MTD   6 ::::::::::
  |   MD simulation time   :    33.0 ps       |
  |   target T             :   400.0 K        |
  |   timestep dt          :     5.0 fs       |
  |   dump interval(trj)   :   100.0 fs       |
  |   SHAKE algorithm      : true (all bonds) |
  |   Vbias prefactor (k)  :  0.0036 Eh       |
  |   Vbias exponent (α)   :  1.0000 bohr⁻²   |
  :::::::::: starting static MTD  11 ::::::::::
  |   MD simulation time   :    33.0 ps       |
  |   target T             :   400.0 K        |
  |   timestep dt          :     5.0 fs       |
  |   dump interval(trj)   :   100.0 fs       |
  |   SHAKE algorithm      : true (all bonds) |
  |   Vbias prefactor (k)  :  0.0036 Eh       |
  |   Vbias exponent (α)   :  1.0000 bohr⁻²   |
  :::::::::: starting static MTD   9 ::::::::::
  |   MD simulation time   :    33.0 ps       |
  |   target T             :   400.0 K        |
  |   timestep dt          :     5.0 fs       |
  |   dump interval(trj)   :   100.0 fs       |
  |   SHAKE algorithm      : true (all bonds) |
  |   Vbias prefactor (k)  :  0.0036 Eh       |
  |   Vbias exponent (α)   :  1.0000 bohr⁻²   |
  :::::::::: starting static MTD  14 ::::::::::
  |   MD simulation time   :    33.0 ps       |
  |   target T             :   400.0 K        |
  |   timestep dt          :     5.0 fs       |
  |   dump interval(trj)   :   100.0 fs       |
  |   SHAKE algorithm      : true (all bonds) |
  |   Vbias prefactor (k)  :  0.0036 Eh       |
  |   Vbias exponent (α)   :  1.0000 bohr⁻²   |
  :::::::::: starting static MTD  15 ::::::::::
  |   MD simulation time   :    33.0 ps       |
  |   target T             :   400.0 K        |
  |   timestep dt          :     5.0 fs       |
  |   dump interval(trj)   :   100.0 fs       |
  |   SHAKE algorithm      : true (all bonds) |
  |   Vbias prefactor (k)  :  0.0036 Eh       |
  |   Vbias exponent (α)   :  1.0000 bohr⁻²   |
  :::::::::: starting static MTD   7 ::::::::::
  |   MD simulation time   :    33.0 ps       |
  |   target T             :   400.0 K        |
  |   timestep dt          :     5.0 fs       |
  |   dump interval(trj)   :   100.0 fs       |
  |   SHAKE algorithm      : true (all bonds) |
  |   Vbias prefactor (k)  :  0.0036 Eh       |
  |   Vbias exponent (α)   :  1.0000 bohr⁻²   |
  :::::::::: starting static MTD   4 ::::::::::
  |   MD simulation time   :    33.0 ps       |
  |   target T             :   400.0 K        |
  |   timestep dt          :     5.0 fs       |
  |   dump interval(trj)   :   100.0 fs       |
  |   SHAKE algorithm      : true (all bonds) |
  |   Vbias prefactor (k)  :  0.0036 Eh       |
  |   Vbias exponent (α)   :  1.0000 bohr⁻²   |
  :::::::::: starting static MTD  10 ::::::::::
  |   MD simulation time   :    33.0 ps       |
  |   target T             :   400.0 K        |
  |   timestep dt          :     5.0 fs       |
  |   dump interval(trj)   :   100.0 fs       |
  |   SHAKE algorithm      : true (all bonds) |
  |   Vbias prefactor (k)  :  0.0036 Eh       |
  |   Vbias exponent (α)   :  1.0000 bohr⁻²   |
  :::::::::: starting static MTD  12 ::::::::::
  |   MD simulation time   :    33.0 ps       |
  |   target T             :   400.0 K        |
  |   timestep dt          :     5.0 fs       |
  |   dump interval(trj)   :   100.0 fs       |
  |   SHAKE algorithm      : true (all bonds) |
  |   Vbias prefactor (k)  :  0.0036 Eh       |
  |   Vbias exponent (α)   :  1.0000 bohr⁻²   |
  :::::::::: starting static MTD   8 ::::::::::
  |   MD simulation time   :    33.0 ps       |
  |   target T             :   400.0 K        |
  |   timestep dt          :     5.0 fs       |
  |   dump interval(trj)   :   100.0 fs       |
  |   SHAKE algorithm      : true (all bonds) |
  |   Vbias prefactor (k)  :  0.0036 Eh       |
  |   Vbias exponent (α)   :  1.0000 bohr⁻²   |
  :::::::::: starting static MTD  13 ::::::::::
  |   MD simulation time   :    33.0 ps       |
  |   target T             :   400.0 K        |
  |   timestep dt          :     5.0 fs       |
  |   dump interval(trj)   :   100.0 fs       |
  |   SHAKE algorithm      : true (all bonds) |
  |   Vbias prefactor (k)  :  0.0036 Eh       |
  |   Vbias exponent (α)   :  1.0000 bohr⁻²   |
*sMTD  36 completed successfully ...        7 min,  8.196 sec
  :::::::::: starting static MTD  35 ::::::::::
  |   MD simulation time   :    33.0 ps       |
  |   target T             :   400.0 K        |
  |   timestep dt          :     5.0 fs       |
  |   dump interval(trj)   :   100.0 fs       |
  |   SHAKE algorithm      : true (all bonds) |
  |   Vbias prefactor (k)  :  0.0036 Eh       |
  |   Vbias exponent (α)   :  1.0000 bohr⁻²   |
*sMTD   5 completed successfully ...        7 min,  9.004 sec
  :::::::::: starting static MTD  16 ::::::::::
  |   MD simulation time   :    33.0 ps       |
  |   target T             :   400.0 K        |
  |   timestep dt          :     5.0 fs       |
  |   dump interval(trj)   :   100.0 fs       |
  |   SHAKE algorithm      : true (all bonds) |
  |   Vbias prefactor (k)  :  0.0036 Eh       |
  |   Vbias exponent (α)   :  1.0000 bohr⁻²   |
*sMTD   3 completed successfully ...        7 min,  9.419 sec
  :::::::::: starting static MTD  17 ::::::::::
  |   MD simulation time   :    33.0 ps       |
  |   target T             :   400.0 K        |
  |   timestep dt          :     5.0 fs       |
  |   dump interval(trj)   :   100.0 fs       |
  |   SHAKE algorithm      : true (all bonds) |
  |   Vbias prefactor (k)  :  0.0036 Eh       |
  |   Vbias exponent (α)   :  1.0000 bohr⁻²   |
*sMTD   1 completed successfully ...        7 min,  9.672 sec
  :::::::::: starting static MTD  18 ::::::::::
  |   MD simulation time   :    33.0 ps       |
  |   target T             :   400.0 K        |
  |   timestep dt          :     5.0 fs       |
  |   dump interval(trj)   :   100.0 fs       |
  |   SHAKE algorithm      : true (all bonds) |
  |   Vbias prefactor (k)  :  0.0036 Eh       |
  |   Vbias exponent (α)   :  1.0000 bohr⁻²   |
*sMTD  11 completed successfully ...        7 min,  9.766 sec
  :::::::::: starting static MTD  19 ::::::::::
  |   MD simulation time   :    33.0 ps       |
  |   target T             :   400.0 K        |
  |   timestep dt          :     5.0 fs       |
  |   dump interval(trj)   :   100.0 fs       |
  |   SHAKE algorithm      : true (all bonds) |
  |   Vbias prefactor (k)  :  0.0036 Eh       |
  |   Vbias exponent (α)   :  1.0000 bohr⁻²   |
*sMTD   6 completed successfully ...        7 min,  9.927 sec
  :::::::::: starting static MTD  20 ::::::::::
  |   MD simulation time   :    33.0 ps       |
  |   target T             :   400.0 K        |
  |   timestep dt          :     5.0 fs       |
  |   dump interval(trj)   :   100.0 fs       |
  |   SHAKE algorithm      : true (all bonds) |
  |   Vbias prefactor (k)  :  0.0036 Eh       |
  |   Vbias exponent (α)   :  1.0000 bohr⁻²   |
*sMTD  10 completed successfully ...        7 min, 10.116 sec
  :::::::::: starting static MTD  21 ::::::::::
  |   MD simulation time   :    33.0 ps       |
  |   target T             :   400.0 K        |
  |   timestep dt          :     5.0 fs       |
  |   dump interval(trj)   :   100.0 fs       |
  |   SHAKE algorithm      : true (all bonds) |
  |   Vbias prefactor (k)  :  0.0036 Eh       |
  |   Vbias exponent (α)   :  1.0000 bohr⁻²   |
*sMTD  12 completed successfully ...        7 min, 10.214 sec
  :::::::::: starting static MTD  22 ::::::::::
  |   MD simulation time   :    33.0 ps       |
  |   target T             :   400.0 K        |
  |   timestep dt          :     5.0 fs       |
  |   dump interval(trj)   :   100.0 fs       |
  |   SHAKE algorithm      : true (all bonds) |
  |   Vbias prefactor (k)  :  0.0036 Eh       |
  |   Vbias exponent (α)   :  1.0000 bohr⁻²   |
*sMTD  15 completed successfully ...        7 min, 10.445 sec
  :::::::::: starting static MTD  23 ::::::::::
  |   MD simulation time   :    33.0 ps       |
  |   target T             :   400.0 K        |
  |   timestep dt          :     5.0 fs       |
  |   dump interval(trj)   :   100.0 fs       |
  |   SHAKE algorithm      : true (all bonds) |
  |   Vbias prefactor (k)  :  0.0036 Eh       |
  |   Vbias exponent (α)   :  1.0000 bohr⁻²   |
*sMTD  14 completed successfully ...        7 min, 10.464 sec
  :::::::::: starting static MTD  24 ::::::::::
  |   MD simulation time   :    33.0 ps       |
  |   target T             :   400.0 K        |
  |   timestep dt          :     5.0 fs       |
  |   dump interval(trj)   :   100.0 fs       |
  |   SHAKE algorithm      : true (all bonds) |
  |   Vbias prefactor (k)  :  0.0036 Eh       |
  |   Vbias exponent (α)   :  1.0000 bohr⁻²   |
*sMTD   7 completed successfully ...        7 min, 10.593 sec
  :::::::::: starting static MTD  25 ::::::::::
  |   MD simulation time   :    33.0 ps       |
  |   target T             :   400.0 K        |
  |   timestep dt          :     5.0 fs       |
  |   dump interval(trj)   :   100.0 fs       |
  |   SHAKE algorithm      : true (all bonds) |
  |   Vbias prefactor (k)  :  0.0036 Eh       |
  |   Vbias exponent (α)   :  1.0000 bohr⁻²   |
*sMTD   4 completed successfully ...        7 min, 11.287 sec
  :::::::::: starting static MTD  26 ::::::::::
  |   MD simulation time   :    33.0 ps       |
  |   target T             :   400.0 K        |
  |   timestep dt          :     5.0 fs       |
  |   dump interval(trj)   :   100.0 fs       |
  |   SHAKE algorithm      : true (all bonds) |
  |   Vbias prefactor (k)  :  0.0036 Eh       |
  |   Vbias exponent (α)   :  1.0000 bohr⁻²   |
*sMTD  13 completed successfully ...        7 min, 11.633 sec
  :::::::::: starting static MTD  27 ::::::::::
  |   MD simulation time   :    33.0 ps       |
  |   target T             :   400.0 K        |
  |   timestep dt          :     5.0 fs       |
  |   dump interval(trj)   :   100.0 fs       |
  |   SHAKE algorithm      : true (all bonds) |
  |   Vbias prefactor (k)  :  0.0036 Eh       |
  |   Vbias exponent (α)   :  1.0000 bohr⁻²   |
*sMTD   2 completed successfully ...        7 min, 11.931 sec
  :::::::::: starting static MTD  28 ::::::::::
  |   MD simulation time   :    33.0 ps       |
  |   target T             :   400.0 K        |
  |   timestep dt          :     5.0 fs       |
  |   dump interval(trj)   :   100.0 fs       |
  |   SHAKE algorithm      : true (all bonds) |
  |   Vbias prefactor (k)  :  0.0036 Eh       |
  |   Vbias exponent (α)   :  1.0000 bohr⁻²   |
*sMTD   8 completed successfully ...        7 min, 11.980 sec
  :::::::::: starting static MTD  29 ::::::::::
  |   MD simulation time   :    33.0 ps       |
  |   target T             :   400.0 K        |
  |   timestep dt          :     5.0 fs       |
  |   dump interval(trj)   :   100.0 fs       |
  |   SHAKE algorithm      : true (all bonds) |
  |   Vbias prefactor (k)  :  0.0036 Eh       |
  |   Vbias exponent (α)   :  1.0000 bohr⁻²   |
*sMTD   9 completed successfully ...        7 min, 12.567 sec
  :::::::::: starting static MTD  30 ::::::::::
  |   MD simulation time   :    33.0 ps       |
  |   target T             :   400.0 K        |
  |   timestep dt          :     5.0 fs       |
  |   dump interval(trj)   :   100.0 fs       |
  |   SHAKE algorithm      : true (all bonds) |
  |   Vbias prefactor (k)  :  0.0036 Eh       |
  |   Vbias exponent (α)   :  1.0000 bohr⁻²   |
*sMTD  20 completed successfully ...        7 min,  8.970 sec
  :::::::::: starting static MTD  31 ::::::::::
  |   MD simulation time   :    33.0 ps       |
  |   target T             :   400.0 K        |
  |   timestep dt          :     5.0 fs       |
  |   dump interval(trj)   :   100.0 fs       |
  |   SHAKE algorithm      : true (all bonds) |
  |   Vbias prefactor (k)  :  0.0036 Eh       |
  |   Vbias exponent (α)   :  1.0000 bohr⁻²   |
*sMTD  17 completed successfully ...        7 min,  9.809 sec
  :::::::::: starting static MTD  32 ::::::::::
  |   MD simulation time   :    33.0 ps       |
  |   target T             :   400.0 K        |
  |   timestep dt          :     5.0 fs       |
  |   dump interval(trj)   :   100.0 fs       |
  |   SHAKE algorithm      : true (all bonds) |
  |   Vbias prefactor (k)  :  0.0036 Eh       |
  |   Vbias exponent (α)   :  1.0000 bohr⁻²   |
*sMTD  25 completed successfully ...        7 min,  8.679 sec
  :::::::::: starting static MTD  33 ::::::::::
  |   MD simulation time   :    33.0 ps       |
  |   target T             :   400.0 K        |
  |   timestep dt          :     5.0 fs       |
  |   dump interval(trj)   :   100.0 fs       |
  |   SHAKE algorithm      : true (all bonds) |
  |   Vbias prefactor (k)  :  0.0036 Eh       |
  |   Vbias exponent (α)   :  1.0000 bohr⁻²   |
*sMTD  19 completed successfully ...        7 min,  9.680 sec
  :::::::::: starting static MTD  34 ::::::::::
  |   MD simulation time   :    33.0 ps       |
  |   target T             :   400.0 K        |
  |   timestep dt          :     5.0 fs       |
  |   dump interval(trj)   :   100.0 fs       |
  |   SHAKE algorithm      : true (all bonds) |
  |   Vbias prefactor (k)  :  0.0036 Eh       |
  |   Vbias exponent (α)   :  1.0000 bohr⁻²   |
*sMTD  35 completed successfully ...        7 min, 11.658 sec
*sMTD  26 completed successfully ...        7 min,  9.059 sec
*sMTD  24 completed successfully ...        7 min, 10.125 sec
*sMTD  28 completed successfully ...        7 min,  9.157 sec
*sMTD  16 completed successfully ...        7 min, 12.505 sec
*sMTD  21 completed successfully ...        7 min, 11.449 sec
*sMTD  27 completed successfully ...        7 min, 10.574 sec
*sMTD  29 completed successfully ...        7 min, 10.683 sec
*sMTD  23 completed successfully ...        7 min, 12.584 sec
*sMTD  22 completed successfully ...        7 min, 13.196 sec
*sMTD  18 completed successfully ...        7 min, 13.762 sec
*sMTD  30 completed successfully ...        7 min, 12.230 sec
*sMTD  32 completed successfully ...        5 min, 59.947 sec
*sMTD  34 completed successfully ...        6 min,  1.122 sec
*sMTD  33 completed successfully ...        6 min,  1.334 sec
*sMTD  31 completed successfully ...        6 min,  2.553 sec

 ======================================
 |  Multilevel Ensemble Optimization  |
 ======================================
 Optimizing all 11844 structures from file "crest_rotamers_0.xyz" ...
 ----------------------
 crude pre-optimization
 ----------------------
 Optimization engine: ANCOPT
 Hessian update type: BFGS
 E/G convergence criteria:  0.500E-03 Eh, 0.100E-01 Eh/a0
 maximum optimization steps: 200
 |>0.0% |>2.5% |>5.0% |>7.5% |>10.0% |>12.5% |>15.0% |>17.5% |>20.0% |>22.5% |>25.0% |>27.5% |>30.0% |>32.5% |>35.0% |>37.5% |>40.0% |>42.5% |>45.0% |>47.5% |>50.0% |>52.5% |>55.0% |>57.5% |>60.0% |>62.5% |>65.0% |>67.5% |>70.0% |>72.5% |>75.0% |>77.5% |>80.0% |>82.5% |>85.0% |>87.5% |>90.0% |>92.5% |>95.0% |>97.5% |>100.0%
 done.
> 11844 of 11844 structures successfully optimized (100.0% success)
> Total runtime for 11844 optimizations:
 * wall-time:     0 d,  0 h, 11 min, 48.838 sec
 *  cpu-time:     0 d,  3 h,  8 min,  0.974 sec
 * ratio c/w:    15.915 speedup
> Corresponding to approximately 0.060 sec per processed structure

CREGEN> running RMSDs ... done.
CREGEN> E lowest :   -74.20873
 11702 structures remain within    12.00 kcal/mol window
 ---------------------------------------
 optimization with very tight thresholds
 ---------------------------------------
 Optimization engine: ANCOPT
 Hessian update type: BFGS
 E/G convergence criteria:  0.100E-06 Eh, 0.200E-03 Eh/a0
 maximum optimization steps: 200
 |>0.0% |>2.5% |>5.0% |>7.5% |>10.0% |>12.5% |>15.0% |>17.5% |>20.0% |>22.5% |>25.0% |>27.5% |>30.0% |>32.5% |>35.0% |>37.5% |>40.0% |>42.5% |>45.0% |>47.5% |>50.0% |>52.5% |>55.0% |>57.5% |>60.0% |>62.5% |>65.0% |>67.5% |>70.0% |>72.5% |>75.0% |>77.5% |>80.0% |>82.5% |>85.0% |>87.5% |>90.0% |>92.5% |>95.0% |>97.5% |>100.0%
 done.
> 10806 of 11702 structures successfully optimized (92.3% success)
> Total runtime for 11702 optimizations:
 * wall-time:     0 d,  1 h,  7 min, 53.222 sec
 *  cpu-time:     0 d, 18 h,  2 min,  0.622 sec
 * ratio c/w:    15.938 speedup
> Corresponding to approximately 0.348 sec per processed structure

CREGEN> running RMSDs ... done.
CREGEN> E lowest :   -74.20934
 5651 structures remain within     6.00 kcal/mol window
CREGEN> running RMSDs ... done.
CREGEN> E lowest :   -74.20934

 Static MTD simulation iteration 7 finished
 A total of 7090 conformers (+ 4.10%) in crest_conformers.xyz
 S(approx.) =   14.439806 cal/molK (dS = 0.34%)
 Convergence w.r.t. conformers: F
 Convergence w.r.t. entropy   : T

     H(298.15K)-H(0) (conf)      1.530869
                   Cp(conf)      3.484687
                    S(conf)     14.435994

********************************************************************************
**                     I T E R A T I O N    C Y C L E      8                  **
********************************************************************************
 -------------------------------------------
 determining bias structures via PCA/k-Means
 -------------------------------------------

 104 structures were selected
 done.

 -----------------------------------------------
 determining MTD seed structures via PCA/k-Means
 -----------------------------------------------

 36 structures were selected
 done.


 ===========================================================
 Static MTDs (umbrella sampling) on 36 selected conformer(s)
 ===========================================================
> Using 104 constant RMSD bias potentials per MTD
  :::::::::: starting static MTD   1 ::::::::::
  |   MD simulation time   :    33.0 ps       |
  |   target T             :   400.0 K        |
  |   timestep dt          :     5.0 fs       |
  |   dump interval(trj)   :   100.0 fs       |
  |   SHAKE algorithm      : true (all bonds) |
  |   Vbias prefactor (k)  :  0.0036 Eh       |
  |   Vbias exponent (α)   :  1.0000 bohr⁻²   |
  :::::::::: starting static MTD   2 ::::::::::
  |   MD simulation time   :    33.0 ps       |
  |   target T             :   400.0 K        |
  |   timestep dt          :     5.0 fs       |
  |   dump interval(trj)   :   100.0 fs       |
  |   SHAKE algorithm      : true (all bonds) |
  |   Vbias prefactor (k)  :  0.0036 Eh       |
  |   Vbias exponent (α)   :  1.0000 bohr⁻²   |
  :::::::::: starting static MTD  36 ::::::::::
  |   MD simulation time   :    33.0 ps       |
  |   target T             :   400.0 K        |
  |   timestep dt          :     5.0 fs       |
  |   dump interval(trj)   :   100.0 fs       |
  |   SHAKE algorithm      : true (all bonds) |
  |   Vbias prefactor (k)  :  0.0036 Eh       |
  |   Vbias exponent (α)   :  1.0000 bohr⁻²   |
  :::::::::: starting static MTD   3 ::::::::::
  |   MD simulation time   :    33.0 ps       |
  |   target T             :   400.0 K        |
  |   timestep dt          :     5.0 fs       |
  |   dump interval(trj)   :   100.0 fs       |
  |   SHAKE algorithm      : true (all bonds) |
  |   Vbias prefactor (k)  :  0.0036 Eh       |
  |   Vbias exponent (α)   :  1.0000 bohr⁻²   |
  :::::::::: starting static MTD  11 ::::::::::
  |   MD simulation time   :    33.0 ps       |
  |   target T             :   400.0 K        |
  |   timestep dt          :     5.0 fs       |
  |   dump interval(trj)   :   100.0 fs       |
  |   SHAKE algorithm      : true (all bonds) |
  |   Vbias prefactor (k)  :  0.0036 Eh       |
  |   Vbias exponent (α)   :  1.0000 bohr⁻²   |
  :::::::::: starting static MTD   7 ::::::::::
  |   MD simulation time   :    33.0 ps       |
  |   target T             :   400.0 K        |
  |   timestep dt          :     5.0 fs       |
  |   dump interval(trj)   :   100.0 fs       |
  |   SHAKE algorithm      : true (all bonds) |
  |   Vbias prefactor (k)  :  0.0036 Eh       |
  |   Vbias exponent (α)   :  1.0000 bohr⁻²   |
  :::::::::: starting static MTD  10 ::::::::::
  |   MD simulation time   :    33.0 ps       |
  |   target T             :   400.0 K        |
  |   timestep dt          :     5.0 fs       |
  |   dump interval(trj)   :   100.0 fs       |
  |   SHAKE algorithm      : true (all bonds) |
  |   Vbias prefactor (k)  :  0.0036 Eh       |
  |   Vbias exponent (α)   :  1.0000 bohr⁻²   |
  :::::::::: starting static MTD  13 ::::::::::
  |   MD simulation time   :    33.0 ps       |
  |   target T             :   400.0 K        |
  |   timestep dt          :     5.0 fs       |
  |   dump interval(trj)   :   100.0 fs       |
  |   SHAKE algorithm      : true (all bonds) |
  |   Vbias prefactor (k)  :  0.0036 Eh       |
  |   Vbias exponent (α)   :  1.0000 bohr⁻²   |
  :::::::::: starting static MTD   6 ::::::::::
  |   MD simulation time   :    33.0 ps       |
  |   target T             :   400.0 K        |
  |   timestep dt          :     5.0 fs       |
  |   dump interval(trj)   :   100.0 fs       |
  |   SHAKE algorithm      : true (all bonds) |
  |   Vbias prefactor (k)  :  0.0036 Eh       |
  |   Vbias exponent (α)   :  1.0000 bohr⁻²   |
  :::::::::: starting static MTD   4 ::::::::::
  |   MD simulation time   :    33.0 ps       |
  |   target T             :   400.0 K        |
  |   timestep dt          :     5.0 fs       |
  |   dump interval(trj)   :   100.0 fs       |
  |   SHAKE algorithm      : true (all bonds) |
  |   Vbias prefactor (k)  :  0.0036 Eh       |
  |   Vbias exponent (α)   :  1.0000 bohr⁻²   |
  :::::::::: starting static MTD  12 ::::::::::
  |   MD simulation time   :    33.0 ps       |
  |   target T             :   400.0 K        |
  |   timestep dt          :     5.0 fs       |
  |   dump interval(trj)   :   100.0 fs       |
  |   SHAKE algorithm      : true (all bonds) |
  |   Vbias prefactor (k)  :  0.0036 Eh       |
  |   Vbias exponent (α)   :  1.0000 bohr⁻²   |
  :::::::::: starting static MTD  14 ::::::::::
  |   MD simulation time   :    33.0 ps       |
  |   target T             :   400.0 K        |
  |   timestep dt          :     5.0 fs       |
  |   dump interval(trj)   :   100.0 fs       |
  |   SHAKE algorithm      : true (all bonds) |
  |   Vbias prefactor (k)  :  0.0036 Eh       |
  |   Vbias exponent (α)   :  1.0000 bohr⁻²   |
  :::::::::: starting static MTD   8 ::::::::::
  |   MD simulation time   :    33.0 ps       |
  |   target T             :   400.0 K        |
  |   timestep dt          :     5.0 fs       |
  |   dump interval(trj)   :   100.0 fs       |
  |   SHAKE algorithm      : true (all bonds) |
  |   Vbias prefactor (k)  :  0.0036 Eh       |
  |   Vbias exponent (α)   :  1.0000 bohr⁻²   |
  :::::::::: starting static MTD   9 ::::::::::
  |   MD simulation time   :    33.0 ps       |
  |   target T             :   400.0 K        |
  |   timestep dt          :     5.0 fs       |
  |   dump interval(trj)   :   100.0 fs       |
  |   SHAKE algorithm      : true (all bonds) |
  |   Vbias prefactor (k)  :  0.0036 Eh       |
  |   Vbias exponent (α)   :  1.0000 bohr⁻²   |
  :::::::::: starting static MTD   5 ::::::::::
  |   MD simulation time   :    33.0 ps       |
  |   target T             :   400.0 K        |
  |   timestep dt          :     5.0 fs       |
  |   dump interval(trj)   :   100.0 fs       |
  |   SHAKE algorithm      : true (all bonds) |
  |   Vbias prefactor (k)  :  0.0036 Eh       |
  |   Vbias exponent (α)   :  1.0000 bohr⁻²   |
  :::::::::: starting static MTD  15 ::::::::::
  |   MD simulation time   :    33.0 ps       |
  |   target T             :   400.0 K        |
  |   timestep dt          :     5.0 fs       |
  |   dump interval(trj)   :   100.0 fs       |
  |   SHAKE algorithm      : true (all bonds) |
  |   Vbias prefactor (k)  :  0.0036 Eh       |
  |   Vbias exponent (α)   :  1.0000 bohr⁻²   |
*sMTD  13 completed successfully ...        7 min,  8.081 sec
  :::::::::: starting static MTD  16 ::::::::::
  |   MD simulation time   :    33.0 ps       |
  |   target T             :   400.0 K        |
  |   timestep dt          :     5.0 fs       |
  |   dump interval(trj)   :   100.0 fs       |
  |   SHAKE algorithm      : true (all bonds) |
  |   Vbias prefactor (k)  :  0.0036 Eh       |
  |   Vbias exponent (α)   :  1.0000 bohr⁻²   |
*sMTD   5 completed successfully ...        7 min,  8.571 sec
  :::::::::: starting static MTD  17 ::::::::::
  |   MD simulation time   :    33.0 ps       |
  |   target T             :   400.0 K        |
  |   timestep dt          :     5.0 fs       |
  |   dump interval(trj)   :   100.0 fs       |
  |   SHAKE algorithm      : true (all bonds) |
  |   Vbias prefactor (k)  :  0.0036 Eh       |
  |   Vbias exponent (α)   :  1.0000 bohr⁻²   |
*sMTD  36 completed successfully ...        7 min,  8.684 sec
  :::::::::: starting static MTD  35 ::::::::::
  |   MD simulation time   :    33.0 ps       |
  |   target T             :   400.0 K        |
  |   timestep dt          :     5.0 fs       |
  |   dump interval(trj)   :   100.0 fs       |
  |   SHAKE algorithm      : true (all bonds) |
  |   Vbias prefactor (k)  :  0.0036 Eh       |
  |   Vbias exponent (α)   :  1.0000 bohr⁻²   |
*sMTD   6 completed successfully ...        7 min,  9.087 sec
  :::::::::: starting static MTD  18 ::::::::::
  |   MD simulation time   :    33.0 ps       |
  |   target T             :   400.0 K        |
  |   timestep dt          :     5.0 fs       |
  |   dump interval(trj)   :   100.0 fs       |
  |   SHAKE algorithm      : true (all bonds) |
  |   Vbias prefactor (k)  :  0.0036 Eh       |
  |   Vbias exponent (α)   :  1.0000 bohr⁻²   |
*sMTD   7 completed successfully ...        7 min,  9.153 sec
  :::::::::: starting static MTD  19 ::::::::::
  |   MD simulation time   :    33.0 ps       |
  |   target T             :   400.0 K        |
  |   timestep dt          :     5.0 fs       |
  |   dump interval(trj)   :   100.0 fs       |
  |   SHAKE algorithm      : true (all bonds) |
  |   Vbias prefactor (k)  :  0.0036 Eh       |
  |   Vbias exponent (α)   :  1.0000 bohr⁻²   |
*sMTD   3 completed successfully ...        7 min,  9.295 sec
  :::::::::: starting static MTD  20 ::::::::::
  |   MD simulation time   :    33.0 ps       |
  |   target T             :   400.0 K        |
  |   timestep dt          :     5.0 fs       |
  |   dump interval(trj)   :   100.0 fs       |
  |   SHAKE algorithm      : true (all bonds) |
  |   Vbias prefactor (k)  :  0.0036 Eh       |
  |   Vbias exponent (α)   :  1.0000 bohr⁻²   |
*sMTD  12 completed successfully ...        7 min,  9.453 sec
  :::::::::: starting static MTD  21 ::::::::::
  |   MD simulation time   :    33.0 ps       |
  |   target T             :   400.0 K        |
  |   timestep dt          :     5.0 fs       |
  |   dump interval(trj)   :   100.0 fs       |
  |   SHAKE algorithm      : true (all bonds) |
  |   Vbias prefactor (k)  :  0.0036 Eh       |
  |   Vbias exponent (α)   :  1.0000 bohr⁻²   |
*sMTD   8 completed successfully ...        7 min,  9.675 sec
  :::::::::: starting static MTD  22 ::::::::::
  |   MD simulation time   :    33.0 ps       |
  |   target T             :   400.0 K        |
  |   timestep dt          :     5.0 fs       |
  |   dump interval(trj)   :   100.0 fs       |
  |   SHAKE algorithm      : true (all bonds) |
  |   Vbias prefactor (k)  :  0.0036 Eh       |
  |   Vbias exponent (α)   :  1.0000 bohr⁻²   |
*sMTD  11 completed successfully ...        7 min,  9.679 sec
  :::::::::: starting static MTD  23 ::::::::::
  |   MD simulation time   :    33.0 ps       |
  |   target T             :   400.0 K        |
  |   timestep dt          :     5.0 fs       |
  |   dump interval(trj)   :   100.0 fs       |
  |   SHAKE algorithm      : true (all bonds) |
  |   Vbias prefactor (k)  :  0.0036 Eh       |
  |   Vbias exponent (α)   :  1.0000 bohr⁻²   |
*sMTD  10 completed successfully ...        7 min, 10.005 sec
  :::::::::: starting static MTD  24 ::::::::::
  |   MD simulation time   :    33.0 ps       |
  |   target T             :   400.0 K        |
  |   timestep dt          :     5.0 fs       |
  |   dump interval(trj)   :   100.0 fs       |
  |   SHAKE algorithm      : true (all bonds) |
  |   Vbias prefactor (k)  :  0.0036 Eh       |
  |   Vbias exponent (α)   :  1.0000 bohr⁻²   |
*sMTD   4 completed successfully ...        7 min, 10.595 sec
  :::::::::: starting static MTD  25 ::::::::::
  |   MD simulation time   :    33.0 ps       |
  |   target T             :   400.0 K        |
  |   timestep dt          :     5.0 fs       |
  |   dump interval(trj)   :   100.0 fs       |
  |   SHAKE algorithm      : true (all bonds) |
  |   Vbias prefactor (k)  :  0.0036 Eh       |
  |   Vbias exponent (α)   :  1.0000 bohr⁻²   |
*sMTD  14 completed successfully ...        7 min, 10.597 sec
  :::::::::: starting static MTD  26 ::::::::::
  |   MD simulation time   :    33.0 ps       |
  |   target T             :   400.0 K        |
  |   timestep dt          :     5.0 fs       |
  |   dump interval(trj)   :   100.0 fs       |
  |   SHAKE algorithm      : true (all bonds) |
  |   Vbias prefactor (k)  :  0.0036 Eh       |
  |   Vbias exponent (α)   :  1.0000 bohr⁻²   |
*sMTD   2 completed successfully ...        7 min, 10.746 sec
  :::::::::: starting static MTD  27 ::::::::::
  |   MD simulation time   :    33.0 ps       |
  |   target T             :   400.0 K        |
  |   timestep dt          :     5.0 fs       |
  |   dump interval(trj)   :   100.0 fs       |
  |   SHAKE algorithm      : true (all bonds) |
  |   Vbias prefactor (k)  :  0.0036 Eh       |
  |   Vbias exponent (α)   :  1.0000 bohr⁻²   |
*sMTD  15 completed successfully ...        7 min, 11.335 sec
  :::::::::: starting static MTD  28 ::::::::::
  |   MD simulation time   :    33.0 ps       |
  |   target T             :   400.0 K        |
  |   timestep dt          :     5.0 fs       |
  |   dump interval(trj)   :   100.0 fs       |
  |   SHAKE algorithm      : true (all bonds) |
  |   Vbias prefactor (k)  :  0.0036 Eh       |
  |   Vbias exponent (α)   :  1.0000 bohr⁻²   |
*sMTD   1 completed successfully ...        7 min, 12.077 sec
  :::::::::: starting static MTD  29 ::::::::::
  |   MD simulation time   :    33.0 ps       |
  |   target T             :   400.0 K        |
  |   timestep dt          :     5.0 fs       |
  |   dump interval(trj)   :   100.0 fs       |
  |   SHAKE algorithm      : true (all bonds) |
  |   Vbias prefactor (k)  :  0.0036 Eh       |
  |   Vbias exponent (α)   :  1.0000 bohr⁻²   |
*sMTD   9 completed successfully ...        7 min, 12.305 sec
  :::::::::: starting static MTD  30 ::::::::::
  |   MD simulation time   :    33.0 ps       |
  |   target T             :   400.0 K        |
  |   timestep dt          :     5.0 fs       |
  |   dump interval(trj)   :   100.0 fs       |
  |   SHAKE algorithm      : true (all bonds) |
  |   Vbias prefactor (k)  :  0.0036 Eh       |
  |   Vbias exponent (α)   :  1.0000 bohr⁻²   |
*sMTD  35 completed successfully ...        7 min,  8.709 sec
  :::::::::: starting static MTD  34 ::::::::::
  |   MD simulation time   :    33.0 ps       |
  |   target T             :   400.0 K        |
  |   timestep dt          :     5.0 fs       |
  |   dump interval(trj)   :   100.0 fs       |
  |   SHAKE algorithm      : true (all bonds) |
  |   Vbias prefactor (k)  :  0.0036 Eh       |
  |   Vbias exponent (α)   :  1.0000 bohr⁻²   |
*sMTD  24 completed successfully ...        7 min,  9.303 sec
  :::::::::: starting static MTD  31 ::::::::::
  |   MD simulation time   :    33.0 ps       |
  |   target T             :   400.0 K        |
  |   timestep dt          :     5.0 fs       |
  |   dump interval(trj)   :   100.0 fs       |
  |   SHAKE algorithm      : true (all bonds) |
  |   Vbias prefactor (k)  :  0.0036 Eh       |
  |   Vbias exponent (α)   :  1.0000 bohr⁻²   |
*sMTD  27 completed successfully ...        7 min,  8.834 sec
  :::::::::: starting static MTD  32 ::::::::::
  |   MD simulation time   :    33.0 ps       |
  |   target T             :   400.0 K        |
  |   timestep dt          :     5.0 fs       |
  |   dump interval(trj)   :   100.0 fs       |
  |   SHAKE algorithm      : true (all bonds) |
  |   Vbias prefactor (k)  :  0.0036 Eh       |
  |   Vbias exponent (α)   :  1.0000 bohr⁻²   |
*sMTD  26 completed successfully ...        7 min,  9.220 sec
  :::::::::: starting static MTD  33 ::::::::::
  |   MD simulation time   :    33.0 ps       |
  |   target T             :   400.0 K        |
  |   timestep dt          :     5.0 fs       |
  |   dump interval(trj)   :   100.0 fs       |
  |   SHAKE algorithm      : true (all bonds) |
  |   Vbias prefactor (k)  :  0.0036 Eh       |
  |   Vbias exponent (α)   :  1.0000 bohr⁻²   |
*sMTD  22 completed successfully ...        7 min, 10.360 sec
*sMTD  16 completed successfully ...        7 min, 12.046 sec
*sMTD  23 completed successfully ...        7 min, 10.872 sec
*sMTD  28 completed successfully ...        7 min,  9.297 sec
*sMTD  20 completed successfully ...        7 min, 11.518 sec
*sMTD  21 completed successfully ...        7 min, 11.393 sec
*sMTD  25 completed successfully ...        7 min, 11.226 sec
*sMTD  19 completed successfully ...        7 min, 12.693 sec
*sMTD  18 completed successfully ...        7 min, 12.804 sec
*sMTD  30 completed successfully ...        7 min,  9.852 sec
*sMTD  29 completed successfully ...        7 min, 10.740 sec
*sMTD  17 completed successfully ...        7 min, 14.591 sec
*sMTD  34 completed successfully ...        6 min,  2.075 sec
*sMTD  31 completed successfully ...        6 min,  1.486 sec
*sMTD  33 completed successfully ...        6 min,  1.827 sec
*sMTD  32 completed successfully ...        6 min,  5.925 sec

 ======================================
 |  Multilevel Ensemble Optimization  |
 ======================================
 Optimizing all 11844 structures from file "crest_rotamers_0.xyz" ...
 ----------------------
 crude pre-optimization
 ----------------------
 Optimization engine: ANCOPT
 Hessian update type: BFGS
 E/G convergence criteria:  0.500E-03 Eh, 0.100E-01 Eh/a0
 maximum optimization steps: 200
 |>0.0% |>2.5% |>5.0% |>7.5% |>10.0% |>12.5% |>15.0% |>17.5% |>20.0% |>22.5% |>25.0% |>27.5% |>30.0% |>32.5% |>35.0% |>37.5% |>40.0% |>42.5% |>45.0% |>47.5% |>50.0% |>52.5% |>55.0% |>57.5% |>60.0% |>62.5% |>65.0% |>67.5% |>70.0% |>72.5% |>75.0% |>77.5% |>80.0% |>82.5% |>85.0% |>87.5% |>90.0% |>92.5% |>95.0% |>97.5% |>100.0%
 done.
> 11844 of 11844 structures successfully optimized (100.0% success)
> Total runtime for 11844 optimizations:
 * wall-time:     0 d,  0 h, 11 min, 31.500 sec
 *  cpu-time:     0 d,  3 h,  3 min, 18.092 sec
 * ratio c/w:    15.905 speedup
> Corresponding to approximately 0.058 sec per processed structure

CREGEN> running RMSDs ... done.
CREGEN> E lowest :   -74.20760
 11712 structures remain within    12.00 kcal/mol window
 ---------------------------------------
 optimization with very tight thresholds
 ---------------------------------------
 Optimization engine: ANCOPT
 Hessian update type: BFGS
 E/G convergence criteria:  0.100E-06 Eh, 0.200E-03 Eh/a0
 maximum optimization steps: 200
 |>0.0% |>2.5% |>5.0% |>7.5% |>10.0% |>12.5% |>15.0% |>17.5% |>20.0% |>22.5% |>25.0% |>27.5% |>30.0% |>32.5% |>35.0% |>37.5% |>40.0% |>42.5% |>45.0% |>47.5% |>50.0% |>52.5% |>55.0% |>57.5% |>60.0% |>62.5% |>65.0% |>67.5% |>70.0% |>72.5% |>75.0% |>77.5% |>80.0% |>82.5% |>85.0% |>87.5% |>90.0% |>92.5% |>95.0% |>97.5% |>100.0%
 done.
> 10664 of 11712 structures successfully optimized (91.1% success)
> Total runtime for 11712 optimizations:
 * wall-time:     0 d,  1 h, 12 min, 55.113 sec
 *  cpu-time:     0 d, 19 h, 22 min, 55.242 sec
 * ratio c/w:    15.948 speedup
> Corresponding to approximately 0.374 sec per processed structure

CREGEN> running RMSDs ... done.
CREGEN> E lowest :   -74.20934
 5323 structures remain within     6.00 kcal/mol window
CREGEN> running RMSDs ... done.
CREGEN> E lowest :   -74.20934

 Static MTD simulation iteration 8 finished
 A total of 7326 conformers (+ 3.22%) in crest_conformers.xyz
 S(approx.) =   14.474044 cal/molK (dS = 0.24%)
 Convergence w.r.t. conformers: F
 Convergence w.r.t. entropy   : T

     H(298.15K)-H(0) (conf)      1.543154
                   Cp(conf)      3.495164
                    S(conf)     14.470207

********************************************************************************
**                     I T E R A T I O N    C Y C L E      9                  **
********************************************************************************
 -------------------------------------------
 determining bias structures via PCA/k-Means
 -------------------------------------------

 132 structures were selected
 done.

 -----------------------------------------------
 determining MTD seed structures via PCA/k-Means
 -----------------------------------------------

 36 structures were selected
 done.


 ===========================================================
 Static MTDs (umbrella sampling) on 36 selected conformer(s)
 ===========================================================
> Using 132 constant RMSD bias potentials per MTD
  :::::::::: starting static MTD   1 ::::::::::
  |   MD simulation time   :    33.0 ps       |
  |   target T             :   400.0 K        |
  |   timestep dt          :     5.0 fs       |
  |   dump interval(trj)   :   100.0 fs       |
  |   SHAKE algorithm      : true (all bonds) |
  |   Vbias prefactor (k)  :  0.0036 Eh       |
  |   Vbias exponent (α)   :  1.0000 bohr⁻²   |
  :::::::::: starting static MTD   2 ::::::::::
  |   MD simulation time   :    33.0 ps       |
  |   target T             :   400.0 K        |
  |   timestep dt          :     5.0 fs       |
  |   dump interval(trj)   :   100.0 fs       |
  |   SHAKE algorithm      : true (all bonds) |
  |   Vbias prefactor (k)  :  0.0036 Eh       |
  |   Vbias exponent (α)   :  1.0000 bohr⁻²   |
  :::::::::: starting static MTD  11 ::::::::::
  |   MD simulation time   :    33.0 ps       |
  |   target T             :   400.0 K        |
  |   timestep dt          :     5.0 fs       |
  |   dump interval(trj)   :   100.0 fs       |
  |   SHAKE algorithm      : true (all bonds) |
  |   Vbias prefactor (k)  :  0.0036 Eh       |
  |   Vbias exponent (α)   :  1.0000 bohr⁻²   |
  :::::::::: starting static MTD  10 ::::::::::
  |   MD simulation time   :    33.0 ps       |
  |   target T             :   400.0 K        |
  |   timestep dt          :     5.0 fs       |
  |   dump interval(trj)   :   100.0 fs       |
  |   SHAKE algorithm      : true (all bonds) |
  |   Vbias prefactor (k)  :  0.0036 Eh       |
  |   Vbias exponent (α)   :  1.0000 bohr⁻²   |
  :::::::::: starting static MTD   6 ::::::::::
  |   MD simulation time   :    33.0 ps       |
  |   target T             :   400.0 K        |
  |   timestep dt          :     5.0 fs       |
  |   dump interval(trj)   :   100.0 fs       |
  |   SHAKE algorithm      : true (all bonds) |
  |   Vbias prefactor (k)  :  0.0036 Eh       |
  |   Vbias exponent (α)   :  1.0000 bohr⁻²   |
  :::::::::: starting static MTD   7 ::::::::::
  |   MD simulation time   :    33.0 ps       |
  |   target T             :   400.0 K        |
  |   timestep dt          :     5.0 fs       |
  |   dump interval(trj)   :   100.0 fs       |
  |   SHAKE algorithm      : true (all bonds) |
  |   Vbias prefactor (k)  :  0.0036 Eh       |
  |   Vbias exponent (α)   :  1.0000 bohr⁻²   |
  :::::::::: starting static MTD  13 ::::::::::
  |   MD simulation time   :    33.0 ps       |
  |   target T             :   400.0 K        |
  |   timestep dt          :     5.0 fs       |
  |   dump interval(trj)   :   100.0 fs       |
  |   SHAKE algorithm      : true (all bonds) |
  |   Vbias prefactor (k)  :  0.0036 Eh       |
  |   Vbias exponent (α)   :  1.0000 bohr⁻²   |
  :::::::::: starting static MTD  15 ::::::::::
  |   MD simulation time   :    33.0 ps       |
  |   target T             :   400.0 K        |
  |   timestep dt          :     5.0 fs       |
  |   dump interval(trj)   :   100.0 fs       |
  |   SHAKE algorithm      : true (all bonds) |
  |   Vbias prefactor (k)  :  0.0036 Eh       |
  |   Vbias exponent (α)   :  1.0000 bohr⁻²   |
  :::::::::: starting static MTD   4 ::::::::::
  |   MD simulation time   :    33.0 ps       |
  |   target T             :   400.0 K        |
  |   timestep dt          :     5.0 fs       |
  |   dump interval(trj)   :   100.0 fs       |
  |   SHAKE algorithm      : true (all bonds) |
  |   Vbias prefactor (k)  :  0.0036 Eh       |
  |   Vbias exponent (α)   :  1.0000 bohr⁻²   |
  :::::::::: starting static MTD  36 ::::::::::
  |   MD simulation time   :    33.0 ps       |
  |   target T             :   400.0 K        |
  |   timestep dt          :     5.0 fs       |
  |   dump interval(trj)   :   100.0 fs       |
  |   SHAKE algorithm      : true (all bonds) |
  |   Vbias prefactor (k)  :  0.0036 Eh       |
  |   Vbias exponent (α)   :  1.0000 bohr⁻²   |
  :::::::::: starting static MTD  12 ::::::::::
  |   MD simulation time   :    33.0 ps       |
  |   target T             :   400.0 K        |
  |   timestep dt          :     5.0 fs       |
  |   dump interval(trj)   :   100.0 fs       |
  |   SHAKE algorithm      : true (all bonds) |
  |   Vbias prefactor (k)  :  0.0036 Eh       |
  |   Vbias exponent (α)   :  1.0000 bohr⁻²   |
  :::::::::: starting static MTD   5 ::::::::::
  |   MD simulation time   :    33.0 ps       |
  |   target T             :   400.0 K        |
  |   timestep dt          :     5.0 fs       |
  |   dump interval(trj)   :   100.0 fs       |
  |   SHAKE algorithm      : true (all bonds) |
  |   Vbias prefactor (k)  :  0.0036 Eh       |
  |   Vbias exponent (α)   :  1.0000 bohr⁻²   |
  :::::::::: starting static MTD  14 ::::::::::
  |   MD simulation time   :    33.0 ps       |
  |   target T             :   400.0 K        |
  |   timestep dt          :     5.0 fs       |
  |   dump interval(trj)   :   100.0 fs       |
  |   SHAKE algorithm      : true (all bonds) |
  |   Vbias prefactor (k)  :  0.0036 Eh       |
  |   Vbias exponent (α)   :  1.0000 bohr⁻²   |
  :::::::::: starting static MTD   9 ::::::::::
  |   MD simulation time   :    33.0 ps       |
  |   target T             :   400.0 K        |
  |   timestep dt          :     5.0 fs       |
  |   dump interval(trj)   :   100.0 fs       |
  |   SHAKE algorithm      : true (all bonds) |
  |   Vbias prefactor (k)  :  0.0036 Eh       |
  |   Vbias exponent (α)   :  1.0000 bohr⁻²   |
  :::::::::: starting static MTD   3 ::::::::::
  |   MD simulation time   :    33.0 ps       |
  |   target T             :   400.0 K        |
  |   timestep dt          :     5.0 fs       |
  |   dump interval(trj)   :   100.0 fs       |
  |   SHAKE algorithm      : true (all bonds) |
  |   Vbias prefactor (k)  :  0.0036 Eh       |
  |   Vbias exponent (α)   :  1.0000 bohr⁻²   |
  :::::::::: starting static MTD   8 ::::::::::
  |   MD simulation time   :    33.0 ps       |
  |   target T             :   400.0 K        |
  |   timestep dt          :     5.0 fs       |
  |   dump interval(trj)   :   100.0 fs       |
  |   SHAKE algorithm      : true (all bonds) |
  |   Vbias prefactor (k)  :  0.0036 Eh       |
  |   Vbias exponent (α)   :  1.0000 bohr⁻²   |
*sMTD   7 completed successfully ...        7 min,  5.459 sec
  :::::::::: starting static MTD  16 ::::::::::
  |   MD simulation time   :    33.0 ps       |
  |   target T             :   400.0 K        |
  |   timestep dt          :     5.0 fs       |
  |   dump interval(trj)   :   100.0 fs       |
  |   SHAKE algorithm      : true (all bonds) |
  |   Vbias prefactor (k)  :  0.0036 Eh       |
  |   Vbias exponent (α)   :  1.0000 bohr⁻²   |
*sMTD  36 completed successfully ...        7 min,  6.160 sec
  :::::::::: starting static MTD  35 ::::::::::
  |   MD simulation time   :    33.0 ps       |
  |   target T             :   400.0 K        |
  |   timestep dt          :     5.0 fs       |
  |   dump interval(trj)   :   100.0 fs       |
  |   SHAKE algorithm      : true (all bonds) |
  |   Vbias prefactor (k)  :  0.0036 Eh       |
  |   Vbias exponent (α)   :  1.0000 bohr⁻²   |
*sMTD  14 completed successfully ...        7 min,  7.326 sec
  :::::::::: starting static MTD  17 ::::::::::
  |   MD simulation time   :    33.0 ps       |
  |   target T             :   400.0 K        |
  |   timestep dt          :     5.0 fs       |
  |   dump interval(trj)   :   100.0 fs       |
  |   SHAKE algorithm      : true (all bonds) |
  |   Vbias prefactor (k)  :  0.0036 Eh       |
  |   Vbias exponent (α)   :  1.0000 bohr⁻²   |
*sMTD   8 completed successfully ...        7 min,  7.433 sec
  :::::::::: starting static MTD  18 ::::::::::
  |   MD simulation time   :    33.0 ps       |
  |   target T             :   400.0 K        |
  |   timestep dt          :     5.0 fs       |
  |   dump interval(trj)   :   100.0 fs       |
  |   SHAKE algorithm      : true (all bonds) |
  |   Vbias prefactor (k)  :  0.0036 Eh       |
  |   Vbias exponent (α)   :  1.0000 bohr⁻²   |
*sMTD  11 completed successfully ...        7 min,  7.905 sec
  :::::::::: starting static MTD  19 ::::::::::
  |   MD simulation time   :    33.0 ps       |
  |   target T             :   400.0 K        |
  |   timestep dt          :     5.0 fs       |
  |   dump interval(trj)   :   100.0 fs       |
  |   SHAKE algorithm      : true (all bonds) |
  |   Vbias prefactor (k)  :  0.0036 Eh       |
  |   Vbias exponent (α)   :  1.0000 bohr⁻²   |
*sMTD  12 completed successfully ...        7 min,  8.124 sec
  :::::::::: starting static MTD  20 ::::::::::
  |   MD simulation time   :    33.0 ps       |
  |   target T             :   400.0 K        |
  |   timestep dt          :     5.0 fs       |
  |   dump interval(trj)   :   100.0 fs       |
  |   SHAKE algorithm      : true (all bonds) |
  |   Vbias prefactor (k)  :  0.0036 Eh       |
  |   Vbias exponent (α)   :  1.0000 bohr⁻²   |
*sMTD  13 completed successfully ...        7 min,  8.163 sec
  :::::::::: starting static MTD  21 ::::::::::
  |   MD simulation time   :    33.0 ps       |
  |   target T             :   400.0 K        |
  |   timestep dt          :     5.0 fs       |
  |   dump interval(trj)   :   100.0 fs       |
  |   SHAKE algorithm      : true (all bonds) |
  |   Vbias prefactor (k)  :  0.0036 Eh       |
  |   Vbias exponent (α)   :  1.0000 bohr⁻²   |
*sMTD   4 completed successfully ...        7 min,  8.849 sec
  :::::::::: starting static MTD  22 ::::::::::
  |   MD simulation time   :    33.0 ps       |
  |   target T             :   400.0 K        |
  |   timestep dt          :     5.0 fs       |
  |   dump interval(trj)   :   100.0 fs       |
  |   SHAKE algorithm      : true (all bonds) |
  |   Vbias prefactor (k)  :  0.0036 Eh       |
  |   Vbias exponent (α)   :  1.0000 bohr⁻²   |
*sMTD   5 completed successfully ...        7 min,  9.052 sec
  :::::::::: starting static MTD  23 ::::::::::
  |   MD simulation time   :    33.0 ps       |
  |   target T             :   400.0 K        |
  |   timestep dt          :     5.0 fs       |
  |   dump interval(trj)   :   100.0 fs       |
  |   SHAKE algorithm      : true (all bonds) |
  |   Vbias prefactor (k)  :  0.0036 Eh       |
  |   Vbias exponent (α)   :  1.0000 bohr⁻²   |
*sMTD   3 completed successfully ...        7 min,  9.186 sec
  :::::::::: starting static MTD  24 ::::::::::
  |   MD simulation time   :    33.0 ps       |
  |   target T             :   400.0 K        |
  |   timestep dt          :     5.0 fs       |
  |   dump interval(trj)   :   100.0 fs       |
  |   SHAKE algorithm      : true (all bonds) |
  |   Vbias prefactor (k)  :  0.0036 Eh       |
  |   Vbias exponent (α)   :  1.0000 bohr⁻²   |
*sMTD   1 completed successfully ...        7 min,  9.475 sec
  :::::::::: starting static MTD  25 ::::::::::
  |   MD simulation time   :    33.0 ps       |
  |   target T             :   400.0 K        |
  |   timestep dt          :     5.0 fs       |
  |   dump interval(trj)   :   100.0 fs       |
  |   SHAKE algorithm      : true (all bonds) |
  |   Vbias prefactor (k)  :  0.0036 Eh       |
  |   Vbias exponent (α)   :  1.0000 bohr⁻²   |
*sMTD  15 completed successfully ...        7 min, 10.373 sec
  :::::::::: starting static MTD  26 ::::::::::
  |   MD simulation time   :    33.0 ps       |
  |   target T             :   400.0 K        |
  |   timestep dt          :     5.0 fs       |
  |   dump interval(trj)   :   100.0 fs       |
  |   SHAKE algorithm      : true (all bonds) |
  |   Vbias prefactor (k)  :  0.0036 Eh       |
  |   Vbias exponent (α)   :  1.0000 bohr⁻²   |
*sMTD   2 completed successfully ...        7 min, 10.398 sec
  :::::::::: starting static MTD  27 ::::::::::
  |   MD simulation time   :    33.0 ps       |
  |   target T             :   400.0 K        |
  |   timestep dt          :     5.0 fs       |
  |   dump interval(trj)   :   100.0 fs       |
  |   SHAKE algorithm      : true (all bonds) |
  |   Vbias prefactor (k)  :  0.0036 Eh       |
  |   Vbias exponent (α)   :  1.0000 bohr⁻²   |
*sMTD   6 completed successfully ...        7 min, 10.929 sec
  :::::::::: starting static MTD  28 ::::::::::
  |   MD simulation time   :    33.0 ps       |
  |   target T             :   400.0 K        |
  |   timestep dt          :     5.0 fs       |
  |   dump interval(trj)   :   100.0 fs       |
  |   SHAKE algorithm      : true (all bonds) |
  |   Vbias prefactor (k)  :  0.0036 Eh       |
  |   Vbias exponent (α)   :  1.0000 bohr⁻²   |
*sMTD  10 completed successfully ...        7 min, 13.061 sec
  :::::::::: starting static MTD  29 ::::::::::
  |   MD simulation time   :    33.0 ps       |
  |   target T             :   400.0 K        |
  |   timestep dt          :     5.0 fs       |
  |   dump interval(trj)   :   100.0 fs       |
  |   SHAKE algorithm      : true (all bonds) |
  |   Vbias prefactor (k)  :  0.0036 Eh       |
  |   Vbias exponent (α)   :  1.0000 bohr⁻²   |
*sMTD   9 completed successfully ...        7 min, 14.016 sec
  :::::::::: starting static MTD  30 ::::::::::
  |   MD simulation time   :    33.0 ps       |
  |   target T             :   400.0 K        |
  |   timestep dt          :     5.0 fs       |
  |   dump interval(trj)   :   100.0 fs       |
  |   SHAKE algorithm      : true (all bonds) |
  |   Vbias prefactor (k)  :  0.0036 Eh       |
  |   Vbias exponent (α)   :  1.0000 bohr⁻²   |
*sMTD  35 completed successfully ...        7 min,  5.875 sec
  :::::::::: starting static MTD  34 ::::::::::
  |   MD simulation time   :    33.0 ps       |
  |   target T             :   400.0 K        |
  |   timestep dt          :     5.0 fs       |
  |   dump interval(trj)   :   100.0 fs       |
  |   SHAKE algorithm      : true (all bonds) |
  |   Vbias prefactor (k)  :  0.0036 Eh       |
  |   Vbias exponent (α)   :  1.0000 bohr⁻²   |
*sMTD  16 completed successfully ...        7 min, 10.722 sec
  :::::::::: starting static MTD  31 ::::::::::
  |   MD simulation time   :    33.0 ps       |
  |   target T             :   400.0 K        |
  |   timestep dt          :     5.0 fs       |
  |   dump interval(trj)   :   100.0 fs       |
  |   SHAKE algorithm      : true (all bonds) |
  |   Vbias prefactor (k)  :  0.0036 Eh       |
  |   Vbias exponent (α)   :  1.0000 bohr⁻²   |
*sMTD  22 completed successfully ...        7 min,  8.315 sec
  :::::::::: starting static MTD  32 ::::::::::
  |   MD simulation time   :    33.0 ps       |
  |   target T             :   400.0 K        |
  |   timestep dt          :     5.0 fs       |
  |   dump interval(trj)   :   100.0 fs       |
  |   SHAKE algorithm      : true (all bonds) |
  |   Vbias prefactor (k)  :  0.0036 Eh       |
  |   Vbias exponent (α)   :  1.0000 bohr⁻²   |
*sMTD  23 completed successfully ...        7 min,  8.123 sec
  :::::::::: starting static MTD  33 ::::::::::
  |   MD simulation time   :    33.0 ps       |
  |   target T             :   400.0 K        |
  |   timestep dt          :     5.0 fs       |
  |   dump interval(trj)   :   100.0 fs       |
  |   SHAKE algorithm      : true (all bonds) |
  |   Vbias prefactor (k)  :  0.0036 Eh       |
  |   Vbias exponent (α)   :  1.0000 bohr⁻²   |
*sMTD  18 completed successfully ...        7 min, 10.135 sec
*sMTD  19 completed successfully ...        7 min, 10.083 sec
*sMTD  17 completed successfully ...        7 min, 10.728 sec
*sMTD  25 completed successfully ...        7 min,  9.538 sec
*sMTD  27 completed successfully ...        7 min,  9.141 sec
*sMTD  24 completed successfully ...        7 min, 10.788 sec
*sMTD  20 completed successfully ...        7 min, 11.925 sec
*sMTD  28 completed successfully ...        7 min,  9.695 sec
*sMTD  26 completed successfully ...        7 min, 11.521 sec
*sMTD  29 completed successfully ...        7 min,  9.488 sec
*sMTD  21 completed successfully ...        7 min, 14.851 sec
*sMTD  30 completed successfully ...        7 min, 10.302 sec
*sMTD  34 completed successfully ...        6 min,  3.249 sec
*sMTD  33 completed successfully ...        6 min,  1.867 sec
*sMTD  32 completed successfully ...        6 min,  2.018 sec
*sMTD  31 completed successfully ...        6 min,  3.903 sec

 ======================================
 |  Multilevel Ensemble Optimization  |
 ======================================
 Optimizing all 11844 structures from file "crest_rotamers_0.xyz" ...
 ----------------------
 crude pre-optimization
 ----------------------
 Optimization engine: ANCOPT
 Hessian update type: BFGS
 E/G convergence criteria:  0.500E-03 Eh, 0.100E-01 Eh/a0
 maximum optimization steps: 200
 |>0.0% |>2.5% |>5.0% |>7.5% |>10.0% |>12.5% |>15.0% |>17.5% |>20.0% |>22.5% |>25.0% |>27.5% |>30.0% |>32.5% |>35.0% |>37.5% |>40.0% |>42.5% |>45.0% |>47.5% |>50.0% |>52.5% |>55.0% |>57.5% |>60.0% |>62.5% |>65.0% |>67.5% |>70.0% |>72.5% |>75.0% |>77.5% |>80.0% |>82.5% |>85.0% |>87.5% |>90.0% |>92.5% |>95.0% |>97.5% |>100.0%
 done.
> 11844 of 11844 structures successfully optimized (100.0% success)
> Total runtime for 11844 optimizations:
 * wall-time:     0 d,  0 h, 11 min, 38.328 sec
 *  cpu-time:     0 d,  3 h,  5 min, 11.525 sec
 * ratio c/w:    15.912 speedup
> Corresponding to approximately 0.059 sec per processed structure

CREGEN> running RMSDs ... done.
CREGEN> E lowest :   -74.20821
 11695 structures remain within    12.00 kcal/mol window
 ---------------------------------------
 optimization with very tight thresholds
 ---------------------------------------
 Optimization engine: ANCOPT
 Hessian update type: BFGS
 E/G convergence criteria:  0.100E-06 Eh, 0.200E-03 Eh/a0
 maximum optimization steps: 200
 |>0.0% |>2.5% |>5.0% |>7.5% |>10.0% |>12.5% |>15.0% |>17.5% |>20.0% |>22.5% |>25.0% |>27.5% |>30.0% |>32.5% |>35.0% |>37.5% |>40.0% |>42.5% |>45.0% |>47.5% |>50.0% |>52.5% |>55.0% |>57.5% |>60.0% |>62.5% |>65.0% |>67.5% |>70.0% |>72.5% |>75.0% |>77.5% |>80.0% |>82.5% |>85.0% |>87.5% |>90.0% |>92.5% |>95.0% |>97.5% |>100.0%
 done.
> 10850 of 11695 structures successfully optimized (92.8% success)
> Total runtime for 11695 optimizations:
 * wall-time:     0 d,  1 h, 11 min, 18.609 sec
 *  cpu-time:     0 d, 18 h, 57 min,  1.573 sec
 * ratio c/w:    15.945 speedup
> Corresponding to approximately 0.366 sec per processed structure

CREGEN> running RMSDs ... done.
CREGEN> E lowest :   -74.20934
 5521 structures remain within     6.00 kcal/mol window
CREGEN> running RMSDs ... done.
CREGEN> E lowest :   -74.20934

 Static MTD simulation iteration 9 finished
 A total of 7532 conformers (+ 2.73%) in crest_conformers.xyz
 S(approx.) =   14.497710 cal/molK (dS = 0.16%)
 Convergence w.r.t. conformers: F
 Convergence w.r.t. entropy   : T

     H(298.15K)-H(0) (conf)      1.557946
                   Cp(conf)      3.551849
                    S(conf)     14.493848

********************************************************************************
**                     I T E R A T I O N    C Y C L E     10                  **
********************************************************************************
 -------------------------------------------
 determining bias structures via PCA/k-Means
 -------------------------------------------

 167 structures were selected
 done.

 -----------------------------------------------
 determining MTD seed structures via PCA/k-Means
 -----------------------------------------------

 36 structures were selected
 done.


 ===========================================================
 Static MTDs (umbrella sampling) on 36 selected conformer(s)
 ===========================================================
> Using 167 constant RMSD bias potentials per MTD
  :::::::::: starting static MTD   2 ::::::::::
  |   MD simulation time   :    33.0 ps       |
  |   target T             :   400.0 K        |
  |   timestep dt          :     5.0 fs       |
  |   dump interval(trj)   :   100.0 fs       |
  |   SHAKE algorithm      : true (all bonds) |
  |   Vbias prefactor (k)  :  0.0036 Eh       |
  |   Vbias exponent (α)   :  1.0000 bohr⁻²   |
  :::::::::: starting static MTD   1 ::::::::::
  |   MD simulation time   :    33.0 ps       |
  |   target T             :   400.0 K        |
  |   timestep dt          :     5.0 fs       |
  |   dump interval(trj)   :   100.0 fs       |
  |   SHAKE algorithm      : true (all bonds) |
  |   Vbias prefactor (k)  :  0.0036 Eh       |
  |   Vbias exponent (α)   :  1.0000 bohr⁻²   |
  :::::::::: starting static MTD  36 ::::::::::
  |   MD simulation time   :    33.0 ps       |
  |   target T             :   400.0 K        |
  |   timestep dt          :     5.0 fs       |
  |   dump interval(trj)   :   100.0 fs       |
  |   SHAKE algorithm      : true (all bonds) |
  |   Vbias prefactor (k)  :  0.0036 Eh       |
  |   Vbias exponent (α)   :  1.0000 bohr⁻²   |
  :::::::::: starting static MTD  10 ::::::::::
  |   MD simulation time   :    33.0 ps       |
  |   target T             :   400.0 K        |
  |   timestep dt          :     5.0 fs       |
  |   dump interval(trj)   :   100.0 fs       |
  |   SHAKE algorithm      : true (all bonds) |
  |   Vbias prefactor (k)  :  0.0036 Eh       |
  |   Vbias exponent (α)   :  1.0000 bohr⁻²   |
  :::::::::: starting static MTD   3 ::::::::::
  |   MD simulation time   :    33.0 ps       |
  |   target T             :   400.0 K        |
  |   timestep dt          :     5.0 fs       |
  |   dump interval(trj)   :   100.0 fs       |
  |   SHAKE algorithm      : true (all bonds) |
  |   Vbias prefactor (k)  :  0.0036 Eh       |
  |   Vbias exponent (α)   :  1.0000 bohr⁻²   |
  :::::::::: starting static MTD   9 ::::::::::
  |   MD simulation time   :    33.0 ps       |
  |   target T             :   400.0 K        |
  |   timestep dt          :     5.0 fs       |
  |   dump interval(trj)   :   100.0 fs       |
  |   SHAKE algorithm      : true (all bonds) |
  |   Vbias prefactor (k)  :  0.0036 Eh       |
  |   Vbias exponent (α)   :  1.0000 bohr⁻²   |
  :::::::::: starting static MTD   7 ::::::::::
  |   MD simulation time   :    33.0 ps       |
  |   target T             :   400.0 K        |
  |   timestep dt          :     5.0 fs       |
  |   dump interval(trj)   :   100.0 fs       |
  |   SHAKE algorithm      : true (all bonds) |
  |   Vbias prefactor (k)  :  0.0036 Eh       |
  |   Vbias exponent (α)   :  1.0000 bohr⁻²   |
  :::::::::: starting static MTD  14 ::::::::::
  |   MD simulation time   :    33.0 ps       |
  |   target T             :   400.0 K        |
  |   timestep dt          :     5.0 fs       |
  |   dump interval(trj)   :   100.0 fs       |
  |   SHAKE algorithm      : true (all bonds) |
  |   Vbias prefactor (k)  :  0.0036 Eh       |
  |   Vbias exponent (α)   :  1.0000 bohr⁻²   |
  :::::::::: starting static MTD   8 ::::::::::
  |   MD simulation time   :    33.0 ps       |
  |   target T             :   400.0 K        |
  |   timestep dt          :     5.0 fs       |
  |   dump interval(trj)   :   100.0 fs       |
  |   SHAKE algorithm      : true (all bonds) |
  |   Vbias prefactor (k)  :  0.0036 Eh       |
  |   Vbias exponent (α)   :  1.0000 bohr⁻²   |
  :::::::::: starting static MTD  12 ::::::::::
  |   MD simulation time   :    33.0 ps       |
  |   target T             :   400.0 K        |
  |   timestep dt          :     5.0 fs       |
  |   dump interval(trj)   :   100.0 fs       |
  |   SHAKE algorithm      : true (all bonds) |
  |   Vbias prefactor (k)  :  0.0036 Eh       |
  |   Vbias exponent (α)   :  1.0000 bohr⁻²   |
  :::::::::: starting static MTD   6 ::::::::::
  |   MD simulation time   :    33.0 ps       |
  |   target T             :   400.0 K        |
  |   timestep dt          :     5.0 fs       |
  |   dump interval(trj)   :   100.0 fs       |
  |   SHAKE algorithm      : true (all bonds) |
  |   Vbias prefactor (k)  :  0.0036 Eh       |
  |   Vbias exponent (α)   :  1.0000 bohr⁻²   |
  :::::::::: starting static MTD  15 ::::::::::
  |   MD simulation time   :    33.0 ps       |
  |   target T             :   400.0 K        |
  |   timestep dt          :     5.0 fs       |
  |   dump interval(trj)   :   100.0 fs       |
  |   SHAKE algorithm      : true (all bonds) |
  |   Vbias prefactor (k)  :  0.0036 Eh       |
  |   Vbias exponent (α)   :  1.0000 bohr⁻²   |
  :::::::::: starting static MTD   4 ::::::::::
  |   MD simulation time   :    33.0 ps       |
  |   target T             :   400.0 K        |
  |   timestep dt          :     5.0 fs       |
  |   dump interval(trj)   :   100.0 fs       |
  |   SHAKE algorithm      : true (all bonds) |
  |   Vbias prefactor (k)  :  0.0036 Eh       |
  |   Vbias exponent (α)   :  1.0000 bohr⁻²   |
  :::::::::: starting static MTD   5 ::::::::::
  |   MD simulation time   :    33.0 ps       |
  |   target T             :   400.0 K        |
  |   timestep dt          :     5.0 fs       |
  |   dump interval(trj)   :   100.0 fs       |
  |   SHAKE algorithm      : true (all bonds) |
  |   Vbias prefactor (k)  :  0.0036 Eh       |
  |   Vbias exponent (α)   :  1.0000 bohr⁻²   |
  :::::::::: starting static MTD  13 ::::::::::
  |   MD simulation time   :    33.0 ps       |
  |   target T             :   400.0 K        |
  |   timestep dt          :     5.0 fs       |
  |   dump interval(trj)   :   100.0 fs       |
  |   SHAKE algorithm      : true (all bonds) |
  |   Vbias prefactor (k)  :  0.0036 Eh       |
  |   Vbias exponent (α)   :  1.0000 bohr⁻²   |
  :::::::::: starting static MTD  11 ::::::::::
  |   MD simulation time   :    33.0 ps       |
  |   target T             :   400.0 K        |
  |   timestep dt          :     5.0 fs       |
  |   dump interval(trj)   :   100.0 fs       |
  |   SHAKE algorithm      : true (all bonds) |
  |   Vbias prefactor (k)  :  0.0036 Eh       |
  |   Vbias exponent (α)   :  1.0000 bohr⁻²   |
*sMTD   1 completed successfully ...        7 min,  8.081 sec
  :::::::::: starting static MTD  16 ::::::::::
  |   MD simulation time   :    33.0 ps       |
  |   target T             :   400.0 K        |
  |   timestep dt          :     5.0 fs       |
  |   dump interval(trj)   :   100.0 fs       |
  |   SHAKE algorithm      : true (all bonds) |
  |   Vbias prefactor (k)  :  0.0036 Eh       |
  |   Vbias exponent (α)   :  1.0000 bohr⁻²   |
*sMTD   7 completed successfully ...        7 min, 10.288 sec
  :::::::::: starting static MTD  17 ::::::::::
  |   MD simulation time   :    33.0 ps       |
  |   target T             :   400.0 K        |
  |   timestep dt          :     5.0 fs       |
  |   dump interval(trj)   :   100.0 fs       |
  |   SHAKE algorithm      : true (all bonds) |
  |   Vbias prefactor (k)  :  0.0036 Eh       |
  |   Vbias exponent (α)   :  1.0000 bohr⁻²   |
*sMTD  36 completed successfully ...        7 min, 10.368 sec
  :::::::::: starting static MTD  35 ::::::::::
  |   MD simulation time   :    33.0 ps       |
  |   target T             :   400.0 K        |
  |   timestep dt          :     5.0 fs       |
  |   dump interval(trj)   :   100.0 fs       |
  |   SHAKE algorithm      : true (all bonds) |
  |   Vbias prefactor (k)  :  0.0036 Eh       |
  |   Vbias exponent (α)   :  1.0000 bohr⁻²   |
*sMTD   2 completed successfully ...        7 min, 10.939 sec
  :::::::::: starting static MTD  18 ::::::::::
  |   MD simulation time   :    33.0 ps       |
  |   target T             :   400.0 K        |
  |   timestep dt          :     5.0 fs       |
  |   dump interval(trj)   :   100.0 fs       |
  |   SHAKE algorithm      : true (all bonds) |
  |   Vbias prefactor (k)  :  0.0036 Eh       |
  |   Vbias exponent (α)   :  1.0000 bohr⁻²   |
*sMTD  10 completed successfully ...        7 min, 10.953 sec
  :::::::::: starting static MTD  19 ::::::::::
  |   MD simulation time   :    33.0 ps       |
  |   target T             :   400.0 K        |
  |   timestep dt          :     5.0 fs       |
  |   dump interval(trj)   :   100.0 fs       |
  |   SHAKE algorithm      : true (all bonds) |
  |   Vbias prefactor (k)  :  0.0036 Eh       |
  |   Vbias exponent (α)   :  1.0000 bohr⁻²   |
*sMTD   5 completed successfully ...        7 min, 12.146 sec
  :::::::::: starting static MTD  20 ::::::::::
  |   MD simulation time   :    33.0 ps       |
  |   target T             :   400.0 K        |
  |   timestep dt          :     5.0 fs       |
  |   dump interval(trj)   :   100.0 fs       |
  |   SHAKE algorithm      : true (all bonds) |
  |   Vbias prefactor (k)  :  0.0036 Eh       |
  |   Vbias exponent (α)   :  1.0000 bohr⁻²   |
*sMTD   9 completed successfully ...        7 min, 12.262 sec
  :::::::::: starting static MTD  21 ::::::::::
  |   MD simulation time   :    33.0 ps       |
  |   target T             :   400.0 K        |
  |   timestep dt          :     5.0 fs       |
  |   dump interval(trj)   :   100.0 fs       |
  |   SHAKE algorithm      : true (all bonds) |
  |   Vbias prefactor (k)  :  0.0036 Eh       |
  |   Vbias exponent (α)   :  1.0000 bohr⁻²   |
*sMTD  12 completed successfully ...        7 min, 12.324 sec
  :::::::::: starting static MTD  22 ::::::::::
  |   MD simulation time   :    33.0 ps       |
  |   target T             :   400.0 K        |
  |   timestep dt          :     5.0 fs       |
  |   dump interval(trj)   :   100.0 fs       |
  |   SHAKE algorithm      : true (all bonds) |
  |   Vbias prefactor (k)  :  0.0036 Eh       |
  |   Vbias exponent (α)   :  1.0000 bohr⁻²   |
*sMTD  11 completed successfully ...        7 min, 12.851 sec
  :::::::::: starting static MTD  23 ::::::::::
  |   MD simulation time   :    33.0 ps       |
  |   target T             :   400.0 K        |
  |   timestep dt          :     5.0 fs       |
  |   dump interval(trj)   :   100.0 fs       |
  |   SHAKE algorithm      : true (all bonds) |
  |   Vbias prefactor (k)  :  0.0036 Eh       |
  |   Vbias exponent (α)   :  1.0000 bohr⁻²   |
*sMTD  14 completed successfully ...        7 min, 13.223 sec
  :::::::::: starting static MTD  24 ::::::::::
  |   MD simulation time   :    33.0 ps       |
  |   target T             :   400.0 K        |
  |   timestep dt          :     5.0 fs       |
  |   dump interval(trj)   :   100.0 fs       |
  |   SHAKE algorithm      : true (all bonds) |
  |   Vbias prefactor (k)  :  0.0036 Eh       |
  |   Vbias exponent (α)   :  1.0000 bohr⁻²   |
*sMTD   3 completed successfully ...        7 min, 13.331 sec
  :::::::::: starting static MTD  25 ::::::::::
  |   MD simulation time   :    33.0 ps       |
  |   target T             :   400.0 K        |
  |   timestep dt          :     5.0 fs       |
  |   dump interval(trj)   :   100.0 fs       |
  |   SHAKE algorithm      : true (all bonds) |
  |   Vbias prefactor (k)  :  0.0036 Eh       |
  |   Vbias exponent (α)   :  1.0000 bohr⁻²   |
*sMTD   4 completed successfully ...        7 min, 13.337 sec
  :::::::::: starting static MTD  26 ::::::::::
  |   MD simulation time   :    33.0 ps       |
  |   target T             :   400.0 K        |
  |   timestep dt          :     5.0 fs       |
  |   dump interval(trj)   :   100.0 fs       |
  |   SHAKE algorithm      : true (all bonds) |
  |   Vbias prefactor (k)  :  0.0036 Eh       |
  |   Vbias exponent (α)   :  1.0000 bohr⁻²   |
*sMTD   6 completed successfully ...        7 min, 14.067 sec
  :::::::::: starting static MTD  27 ::::::::::
  |   MD simulation time   :    33.0 ps       |
  |   target T             :   400.0 K        |
  |   timestep dt          :     5.0 fs       |
  |   dump interval(trj)   :   100.0 fs       |
  |   SHAKE algorithm      : true (all bonds) |
  |   Vbias prefactor (k)  :  0.0036 Eh       |
  |   Vbias exponent (α)   :  1.0000 bohr⁻²   |
*sMTD  15 completed successfully ...        7 min, 14.183 sec
  :::::::::: starting static MTD  28 ::::::::::
  |   MD simulation time   :    33.0 ps       |
  |   target T             :   400.0 K        |
  |   timestep dt          :     5.0 fs       |
  |   dump interval(trj)   :   100.0 fs       |
  |   SHAKE algorithm      : true (all bonds) |
  |   Vbias prefactor (k)  :  0.0036 Eh       |
  |   Vbias exponent (α)   :  1.0000 bohr⁻²   |
*sMTD  13 completed successfully ...        7 min, 15.533 sec
  :::::::::: starting static MTD  29 ::::::::::
  |   MD simulation time   :    33.0 ps       |
  |   target T             :   400.0 K        |
  |   timestep dt          :     5.0 fs       |
  |   dump interval(trj)   :   100.0 fs       |
  |   SHAKE algorithm      : true (all bonds) |
  |   Vbias prefactor (k)  :  0.0036 Eh       |
  |   Vbias exponent (α)   :  1.0000 bohr⁻²   |
*sMTD   8 completed successfully ...        7 min, 16.760 sec
  :::::::::: starting static MTD  30 ::::::::::
  |   MD simulation time   :    33.0 ps       |
  |   target T             :   400.0 K        |
  |   timestep dt          :     5.0 fs       |
  |   dump interval(trj)   :   100.0 fs       |
  |   SHAKE algorithm      : true (all bonds) |
  |   Vbias prefactor (k)  :  0.0036 Eh       |
  |   Vbias exponent (α)   :  1.0000 bohr⁻²   |
*sMTD  16 completed successfully ...        7 min, 12.287 sec
  :::::::::: starting static MTD  31 ::::::::::
  |   MD simulation time   :    33.0 ps       |
  |   target T             :   400.0 K        |
  |   timestep dt          :     5.0 fs       |
  |   dump interval(trj)   :   100.0 fs       |
  |   SHAKE algorithm      : true (all bonds) |
  |   Vbias prefactor (k)  :  0.0036 Eh       |
  |   Vbias exponent (α)   :  1.0000 bohr⁻²   |
*sMTD  17 completed successfully ...        7 min, 12.625 sec
  :::::::::: starting static MTD  32 ::::::::::
  |   MD simulation time   :    33.0 ps       |
  |   target T             :   400.0 K        |
  |   timestep dt          :     5.0 fs       |
  |   dump interval(trj)   :   100.0 fs       |
  |   SHAKE algorithm      : true (all bonds) |
  |   Vbias prefactor (k)  :  0.0036 Eh       |
  |   Vbias exponent (α)   :  1.0000 bohr⁻²   |
*sMTD  19 completed successfully ...        7 min, 12.654 sec
  :::::::::: starting static MTD  33 ::::::::::
  |   MD simulation time   :    33.0 ps       |
  |   target T             :   400.0 K        |
  |   timestep dt          :     5.0 fs       |
  |   dump interval(trj)   :   100.0 fs       |
  |   SHAKE algorithm      : true (all bonds) |
  |   Vbias prefactor (k)  :  0.0036 Eh       |
  |   Vbias exponent (α)   :  1.0000 bohr⁻²   |
*sMTD  28 completed successfully ...        7 min, 10.515 sec
  :::::::::: starting static MTD  34 ::::::::::
  |   MD simulation time   :    33.0 ps       |
  |   target T             :   400.0 K        |
  |   timestep dt          :     5.0 fs       |
  |   dump interval(trj)   :   100.0 fs       |
  |   SHAKE algorithm      : true (all bonds) |
  |   Vbias prefactor (k)  :  0.0036 Eh       |
  |   Vbias exponent (α)   :  1.0000 bohr⁻²   |
*sMTD  18 completed successfully ...        7 min, 13.827 sec
*sMTD  35 completed successfully ...        7 min, 14.489 sec
*sMTD  25 completed successfully ...        7 min, 12.417 sec
*sMTD  20 completed successfully ...        7 min, 14.597 sec
*sMTD  26 completed successfully ...        7 min, 13.579 sec
*sMTD  21 completed successfully ...        7 min, 15.483 sec
*sMTD  22 completed successfully ...        7 min, 15.574 sec
*sMTD  29 completed successfully ...        7 min, 12.596 sec
*sMTD  24 completed successfully ...        7 min, 14.977 sec
*sMTD  27 completed successfully ...        7 min, 14.141 sec
*sMTD  23 completed successfully ...        7 min, 15.779 sec
*sMTD  30 completed successfully ...        7 min, 13.880 sec
*sMTD  31 completed successfully ...        6 min,  3.566 sec
*sMTD  32 completed successfully ...        6 min,  2.314 sec
*sMTD  34 completed successfully ...        6 min,  2.922 sec
*sMTD  33 completed successfully ...        6 min,  6.541 sec

 ======================================
 |  Multilevel Ensemble Optimization  |
 ======================================
 Optimizing all 11844 structures from file "crest_rotamers_0.xyz" ...
 ----------------------
 crude pre-optimization
 ----------------------
 Optimization engine: ANCOPT
 Hessian update type: BFGS
 E/G convergence criteria:  0.500E-03 Eh, 0.100E-01 Eh/a0
 maximum optimization steps: 200
 |>0.0% |>2.5% |>5.0% |>7.5% |>10.0% |>12.5% |>15.0% |>17.5% |>20.0% |>22.5% |>25.0% |>27.5% |>30.0% |>32.5% |>35.0% |>37.5% |>40.0% |>42.5% |>45.0% |>47.5% |>50.0% |>52.5% |>55.0% |>57.5% |>60.0% |>62.5% |>65.0% |>67.5% |>70.0% |>72.5% |>75.0% |>77.5% |>80.0% |>82.5% |>85.0% |>87.5% |>90.0% |>92.5% |>95.0% |>97.5% |>100.0%
 done.
> 11844 of 11844 structures successfully optimized (100.0% success)
> Total runtime for 11844 optimizations:
 * wall-time:     0 d,  0 h, 11 min, 46.776 sec
 *  cpu-time:     0 d,  3 h,  7 min, 27.928 sec
 * ratio c/w:    15.914 speedup
> Corresponding to approximately 0.060 sec per processed structure

CREGEN> running RMSDs ... done.
CREGEN> E lowest :   -74.20786
 11708 structures remain within    12.00 kcal/mol window
 ---------------------------------------
 optimization with very tight thresholds
 ---------------------------------------
 Optimization engine: ANCOPT
 Hessian update type: BFGS
 E/G convergence criteria:  0.100E-06 Eh, 0.200E-03 Eh/a0
 maximum optimization steps: 200
 |>0.0% |>2.5% |>5.0% |>7.5% |>10.0% |>12.5% |>15.0% |>17.5% |>20.0% |>22.5% |>25.0% |>27.5% |>30.0% |>32.5% |>35.0% |>37.5% |>40.0% |>42.5% |>45.0% |>47.5% |>50.0% |>52.5% |>55.0% |>57.5% |>60.0% |>62.5% |>65.0% |>67.5% |>70.0% |>72.5% |>75.0% |>77.5% |>80.0% |>82.5% |>85.0% |>87.5% |>90.0% |>92.5% |>95.0% |>97.5% |>100.0%
 done.
> 10647 of 11708 structures successfully optimized (90.9% success)
> Total runtime for 11708 optimizations:
 * wall-time:     0 d,  1 h, 14 min,  6.995 sec
 *  cpu-time:     0 d, 19 h, 41 min, 34.735 sec
 * ratio c/w:    15.942 speedup
> Corresponding to approximately 0.380 sec per processed structure

CREGEN> running RMSDs ... done.
CREGEN> E lowest :   -74.20934
 5632 structures remain within     6.00 kcal/mol window
CREGEN> running RMSDs ... done.
CREGEN> E lowest :   -74.20934

 Static MTD simulation iteration 10 finished
 A total of 7755 conformers (+ 2.88%) in crest_conformers.xyz
 S(approx.) =   14.514323 cal/molK (dS = 0.11%)
 Convergence w.r.t. conformers: F
 Convergence w.r.t. entropy   : T

     H(298.15K)-H(0) (conf)      1.562520
                   Cp(conf)      3.631479
                    S(conf)     14.510409

********************************************************************************
**                     I T E R A T I O N    C Y C L E     11                  **
********************************************************************************
 -------------------------------------------
 determining bias structures via PCA/k-Means
 -------------------------------------------

 211 structures were selected
 done.

 -----------------------------------------------
 determining MTD seed structures via PCA/k-Means
 -----------------------------------------------

 36 structures were selected
 done.


 ===========================================================
 Static MTDs (umbrella sampling) on 36 selected conformer(s)
 ===========================================================
> Using 211 constant RMSD bias potentials per MTD
  :::::::::: starting static MTD   1 ::::::::::
  |   MD simulation time   :    33.0 ps       |
  |   target T             :   400.0 K        |
  |   timestep dt          :     5.0 fs       |
  |   dump interval(trj)   :   100.0 fs       |
  |   SHAKE algorithm      : true (all bonds) |
  |   Vbias prefactor (k)  :  0.0036 Eh       |
  |   Vbias exponent (α)   :  1.0000 bohr⁻²   |
  :::::::::: starting static MTD   2 ::::::::::
  |   MD simulation time   :    33.0 ps       |
  |   target T             :   400.0 K        |
  |   timestep dt          :     5.0 fs       |
  |   dump interval(trj)   :   100.0 fs       |
  |   SHAKE algorithm      : true (all bonds) |
  |   Vbias prefactor (k)  :  0.0036 Eh       |
  |   Vbias exponent (α)   :  1.0000 bohr⁻²   |
  :::::::::: starting static MTD  36 ::::::::::
  |   MD simulation time   :    33.0 ps       |
  |   target T             :   400.0 K        |
  |   timestep dt          :     5.0 fs       |
  |   dump interval(trj)   :   100.0 fs       |
  |   SHAKE algorithm      : true (all bonds) |
  |   Vbias prefactor (k)  :  0.0036 Eh       |
  |   Vbias exponent (α)   :  1.0000 bohr⁻²   |
  :::::::::: starting static MTD  12 ::::::::::
  |   MD simulation time   :    33.0 ps       |
  |   target T             :   400.0 K        |
  |   timestep dt          :     5.0 fs       |
  |   dump interval(trj)   :   100.0 fs       |
  |   SHAKE algorithm      : true (all bonds) |
  |   Vbias prefactor (k)  :  0.0036 Eh       |
  |   Vbias exponent (α)   :  1.0000 bohr⁻²   |
  :::::::::: starting static MTD  10 ::::::::::
  |   MD simulation time   :    33.0 ps       |
  |   target T             :   400.0 K        |
  |   timestep dt          :     5.0 fs       |
  |   dump interval(trj)   :   100.0 fs       |
  |   SHAKE algorithm      : true (all bonds) |
  |   Vbias prefactor (k)  :  0.0036 Eh       |
  |   Vbias exponent (α)   :  1.0000 bohr⁻²   |
  :::::::::: starting static MTD   6 ::::::::::
  |   MD simulation time   :    33.0 ps       |
  |   target T             :   400.0 K        |
  |   timestep dt          :     5.0 fs       |
  |   dump interval(trj)   :   100.0 fs       |
  |   SHAKE algorithm      : true (all bonds) |
  |   Vbias prefactor (k)  :  0.0036 Eh       |
  |   Vbias exponent (α)   :  1.0000 bohr⁻²   |
  :::::::::: starting static MTD   3 ::::::::::
  |   MD simulation time   :    33.0 ps       |
  |   target T             :   400.0 K        |
  |   timestep dt          :     5.0 fs       |
  |   dump interval(trj)   :   100.0 fs       |
  |   SHAKE algorithm      : true (all bonds) |
  |   Vbias prefactor (k)  :  0.0036 Eh       |
  |   Vbias exponent (α)   :  1.0000 bohr⁻²   |
  :::::::::: starting static MTD   9 ::::::::::
  |   MD simulation time   :    33.0 ps       |
  |   target T             :   400.0 K        |
  |   timestep dt          :     5.0 fs       |
  |   dump interval(trj)   :   100.0 fs       |
  |   SHAKE algorithm      : true (all bonds) |
  |   Vbias prefactor (k)  :  0.0036 Eh       |
  |   Vbias exponent (α)   :  1.0000 bohr⁻²   |
  :::::::::: starting static MTD  11 ::::::::::
  |   MD simulation time   :    33.0 ps       |
  |   target T             :   400.0 K        |
  |   timestep dt          :     5.0 fs       |
  |   dump interval(trj)   :   100.0 fs       |
  |   SHAKE algorithm      : true (all bonds) |
  |   Vbias prefactor (k)  :  0.0036 Eh       |
  |   Vbias exponent (α)   :  1.0000 bohr⁻²   |
  :::::::::: starting static MTD   4 ::::::::::
  |   MD simulation time   :    33.0 ps       |
  |   target T             :   400.0 K        |
  |   timestep dt          :     5.0 fs       |
  |   dump interval(trj)   :   100.0 fs       |
  |   SHAKE algorithm      : true (all bonds) |
  |   Vbias prefactor (k)  :  0.0036 Eh       |
  |   Vbias exponent (α)   :  1.0000 bohr⁻²   |
  :::::::::: starting static MTD   5 ::::::::::
  |   MD simulation time   :    33.0 ps       |
  |   target T             :   400.0 K        |
  |   timestep dt          :     5.0 fs       |
  |   dump interval(trj)   :   100.0 fs       |
  |   SHAKE algorithm      : true (all bonds) |
  |   Vbias prefactor (k)  :  0.0036 Eh       |
  |   Vbias exponent (α)   :  1.0000 bohr⁻²   |
  :::::::::: starting static MTD   7 ::::::::::
  |   MD simulation time   :    33.0 ps       |
  |   target T             :   400.0 K        |
  |   timestep dt          :     5.0 fs       |
  |   dump interval(trj)   :   100.0 fs       |
  |   SHAKE algorithm      : true (all bonds) |
  |   Vbias prefactor (k)  :  0.0036 Eh       |
  |   Vbias exponent (α)   :  1.0000 bohr⁻²   |
  :::::::::: starting static MTD   8 ::::::::::
  |   MD simulation time   :    33.0 ps       |
  |   target T             :   400.0 K        |
  |   timestep dt          :     5.0 fs       |
  |   dump interval(trj)   :   100.0 fs       |
  |   SHAKE algorithm      : true (all bonds) |
  |   Vbias prefactor (k)  :  0.0036 Eh       |
  |   Vbias exponent (α)   :  1.0000 bohr⁻²   |
  :::::::::: starting static MTD  13 ::::::::::
  |   MD simulation time   :    33.0 ps       |
  |   target T             :   400.0 K        |
  |   timestep dt          :     5.0 fs       |
  |   dump interval(trj)   :   100.0 fs       |
  |   SHAKE algorithm      : true (all bonds) |
  |   Vbias prefactor (k)  :  0.0036 Eh       |
  |   Vbias exponent (α)   :  1.0000 bohr⁻²   |
  :::::::::: starting static MTD  14 ::::::::::
  |   MD simulation time   :    33.0 ps       |
  |   target T             :   400.0 K        |
  |   timestep dt          :     5.0 fs       |
  |   dump interval(trj)   :   100.0 fs       |
  |   SHAKE algorithm      : true (all bonds) |
  |   Vbias prefactor (k)  :  0.0036 Eh       |
  |   Vbias exponent (α)   :  1.0000 bohr⁻²   |
  :::::::::: starting static MTD  15 ::::::::::
  |   MD simulation time   :    33.0 ps       |
  |   target T             :   400.0 K        |
  |   timestep dt          :     5.0 fs       |
  |   dump interval(trj)   :   100.0 fs       |
  |   SHAKE algorithm      : true (all bonds) |
  |   Vbias prefactor (k)  :  0.0036 Eh       |
  |   Vbias exponent (α)   :  1.0000 bohr⁻²   |
*sMTD   5 completed successfully ...        7 min, 11.244 sec
  :::::::::: starting static MTD  16 ::::::::::
  |   MD simulation time   :    33.0 ps       |
  |   target T             :   400.0 K        |
  |   timestep dt          :     5.0 fs       |
  |   dump interval(trj)   :   100.0 fs       |
  |   SHAKE algorithm      : true (all bonds) |
  |   Vbias prefactor (k)  :  0.0036 Eh       |
  |   Vbias exponent (α)   :  1.0000 bohr⁻²   |
*sMTD   6 completed successfully ...        7 min, 11.327 sec
  :::::::::: starting static MTD  17 ::::::::::
  |   MD simulation time   :    33.0 ps       |
  |   target T             :   400.0 K        |
  |   timestep dt          :     5.0 fs       |
  |   dump interval(trj)   :   100.0 fs       |
  |   SHAKE algorithm      : true (all bonds) |
  |   Vbias prefactor (k)  :  0.0036 Eh       |
  |   Vbias exponent (α)   :  1.0000 bohr⁻²   |
*sMTD  14 completed successfully ...        7 min, 11.386 sec
  :::::::::: starting static MTD  18 ::::::::::
  |   MD simulation time   :    33.0 ps       |
  |   target T             :   400.0 K        |
  |   timestep dt          :     5.0 fs       |
  |   dump interval(trj)   :   100.0 fs       |
  |   SHAKE algorithm      : true (all bonds) |
  |   Vbias prefactor (k)  :  0.0036 Eh       |
  |   Vbias exponent (α)   :  1.0000 bohr⁻²   |
*sMTD   4 completed successfully ...        7 min, 11.592 sec
  :::::::::: starting static MTD  19 ::::::::::
  |   MD simulation time   :    33.0 ps       |
  |   target T             :   400.0 K        |
  |   timestep dt          :     5.0 fs       |
  |   dump interval(trj)   :   100.0 fs       |
  |   SHAKE algorithm      : true (all bonds) |
  |   Vbias prefactor (k)  :  0.0036 Eh       |
  |   Vbias exponent (α)   :  1.0000 bohr⁻²   |
*sMTD   9 completed successfully ...        7 min, 12.094 sec
  :::::::::: starting static MTD  20 ::::::::::
  |   MD simulation time   :    33.0 ps       |
  |   target T             :   400.0 K        |
  |   timestep dt          :     5.0 fs       |
  |   dump interval(trj)   :   100.0 fs       |
  |   SHAKE algorithm      : true (all bonds) |
  |   Vbias prefactor (k)  :  0.0036 Eh       |
  |   Vbias exponent (α)   :  1.0000 bohr⁻²   |
*sMTD   8 completed successfully ...        7 min, 12.513 sec
  :::::::::: starting static MTD  21 ::::::::::
  |   MD simulation time   :    33.0 ps       |
  |   target T             :   400.0 K        |
  |   timestep dt          :     5.0 fs       |
  |   dump interval(trj)   :   100.0 fs       |
  |   SHAKE algorithm      : true (all bonds) |
  |   Vbias prefactor (k)  :  0.0036 Eh       |
  |   Vbias exponent (α)   :  1.0000 bohr⁻²   |
*sMTD  13 completed successfully ...        7 min, 12.750 sec
  :::::::::: starting static MTD  22 ::::::::::
  |   MD simulation time   :    33.0 ps       |
  |   target T             :   400.0 K        |
  |   timestep dt          :     5.0 fs       |
  |   dump interval(trj)   :   100.0 fs       |
  |   SHAKE algorithm      : true (all bonds) |
  |   Vbias prefactor (k)  :  0.0036 Eh       |
  |   Vbias exponent (α)   :  1.0000 bohr⁻²   |
*sMTD   1 completed successfully ...        7 min, 12.810 sec
  :::::::::: starting static MTD  23 ::::::::::
  |   MD simulation time   :    33.0 ps       |
  |   target T             :   400.0 K        |
  |   timestep dt          :     5.0 fs       |
  |   dump interval(trj)   :   100.0 fs       |
  |   SHAKE algorithm      : true (all bonds) |
  |   Vbias prefactor (k)  :  0.0036 Eh       |
  |   Vbias exponent (α)   :  1.0000 bohr⁻²   |
*sMTD  15 completed successfully ...        7 min, 12.882 sec
  :::::::::: starting static MTD  24 ::::::::::
  |   MD simulation time   :    33.0 ps       |
  |   target T             :   400.0 K        |
  |   timestep dt          :     5.0 fs       |
  |   dump interval(trj)   :   100.0 fs       |
  |   SHAKE algorithm      : true (all bonds) |
  |   Vbias prefactor (k)  :  0.0036 Eh       |
  |   Vbias exponent (α)   :  1.0000 bohr⁻²   |
*sMTD   7 completed successfully ...        7 min, 13.271 sec
  :::::::::: starting static MTD  25 ::::::::::
  |   MD simulation time   :    33.0 ps       |
  |   target T             :   400.0 K        |
  |   timestep dt          :     5.0 fs       |
  |   dump interval(trj)   :   100.0 fs       |
  |   SHAKE algorithm      : true (all bonds) |
  |   Vbias prefactor (k)  :  0.0036 Eh       |
  |   Vbias exponent (α)   :  1.0000 bohr⁻²   |
*sMTD  12 completed successfully ...        7 min, 13.597 sec
  :::::::::: starting static MTD  26 ::::::::::
  |   MD simulation time   :    33.0 ps       |
  |   target T             :   400.0 K        |
  |   timestep dt          :     5.0 fs       |
  |   dump interval(trj)   :   100.0 fs       |
  |   SHAKE algorithm      : true (all bonds) |
  |   Vbias prefactor (k)  :  0.0036 Eh       |
  |   Vbias exponent (α)   :  1.0000 bohr⁻²   |
*sMTD  36 completed successfully ...        7 min, 13.713 sec
  :::::::::: starting static MTD  35 ::::::::::
  |   MD simulation time   :    33.0 ps       |
  |   target T             :   400.0 K        |
  |   timestep dt          :     5.0 fs       |
  |   dump interval(trj)   :   100.0 fs       |
  |   SHAKE algorithm      : true (all bonds) |
  |   Vbias prefactor (k)  :  0.0036 Eh       |
  |   Vbias exponent (α)   :  1.0000 bohr⁻²   |
*sMTD  11 completed successfully ...        7 min, 14.219 sec
  :::::::::: starting static MTD  27 ::::::::::
  |   MD simulation time   :    33.0 ps       |
  |   target T             :   400.0 K        |
  |   timestep dt          :     5.0 fs       |
  |   dump interval(trj)   :   100.0 fs       |
  |   SHAKE algorithm      : true (all bonds) |
  |   Vbias prefactor (k)  :  0.0036 Eh       |
  |   Vbias exponent (α)   :  1.0000 bohr⁻²   |
*sMTD   2 completed successfully ...        7 min, 14.623 sec
  :::::::::: starting static MTD  28 ::::::::::
  |   MD simulation time   :    33.0 ps       |
  |   target T             :   400.0 K        |
  |   timestep dt          :     5.0 fs       |
  |   dump interval(trj)   :   100.0 fs       |
  |   SHAKE algorithm      : true (all bonds) |
  |   Vbias prefactor (k)  :  0.0036 Eh       |
  |   Vbias exponent (α)   :  1.0000 bohr⁻²   |
*sMTD   3 completed successfully ...        7 min, 15.711 sec
  :::::::::: starting static MTD  29 ::::::::::
  |   MD simulation time   :    33.0 ps       |
  |   target T             :   400.0 K        |
  |   timestep dt          :     5.0 fs       |
  |   dump interval(trj)   :   100.0 fs       |
  |   SHAKE algorithm      : true (all bonds) |
  |   Vbias prefactor (k)  :  0.0036 Eh       |
  |   Vbias exponent (α)   :  1.0000 bohr⁻²   |
*sMTD  10 completed successfully ...        7 min, 17.377 sec
  :::::::::: starting static MTD  30 ::::::::::
  |   MD simulation time   :    33.0 ps       |
  |   target T             :   400.0 K        |
  |   timestep dt          :     5.0 fs       |
  |   dump interval(trj)   :   100.0 fs       |
  |   SHAKE algorithm      : true (all bonds) |
  |   Vbias prefactor (k)  :  0.0036 Eh       |
  |   Vbias exponent (α)   :  1.0000 bohr⁻²   |
*sMTD  17 completed successfully ...        7 min, 12.132 sec
  :::::::::: starting static MTD  31 ::::::::::
  |   MD simulation time   :    33.0 ps       |
  |   target T             :   400.0 K        |
  |   timestep dt          :     5.0 fs       |
  |   dump interval(trj)   :   100.0 fs       |
  |   SHAKE algorithm      : true (all bonds) |
  |   Vbias prefactor (k)  :  0.0036 Eh       |
  |   Vbias exponent (α)   :  1.0000 bohr⁻²   |
*sMTD  19 completed successfully ...        7 min, 12.681 sec
  :::::::::: starting static MTD  32 ::::::::::
  |   MD simulation time   :    33.0 ps       |
  |   target T             :   400.0 K        |
  |   timestep dt          :     5.0 fs       |
  |   dump interval(trj)   :   100.0 fs       |
  |   SHAKE algorithm      : true (all bonds) |
  |   Vbias prefactor (k)  :  0.0036 Eh       |
  |   Vbias exponent (α)   :  1.0000 bohr⁻²   |
*sMTD  27 completed successfully ...        7 min, 10.311 sec
  :::::::::: starting static MTD  33 ::::::::::
  |   MD simulation time   :    33.0 ps       |
  |   target T             :   400.0 K        |
  |   timestep dt          :     5.0 fs       |
  |   dump interval(trj)   :   100.0 fs       |
  |   SHAKE algorithm      : true (all bonds) |
  |   Vbias prefactor (k)  :  0.0036 Eh       |
  |   Vbias exponent (α)   :  1.0000 bohr⁻²   |
*sMTD  26 completed successfully ...        7 min, 11.228 sec
  :::::::::: starting static MTD  34 ::::::::::
  |   MD simulation time   :    33.0 ps       |
  |   target T             :   400.0 K        |
  |   timestep dt          :     5.0 fs       |
  |   dump interval(trj)   :   100.0 fs       |
  |   SHAKE algorithm      : true (all bonds) |
  |   Vbias prefactor (k)  :  0.0036 Eh       |
  |   Vbias exponent (α)   :  1.0000 bohr⁻²   |
*sMTD  24 completed successfully ...        7 min, 12.366 sec
*sMTD  35 completed successfully ...        7 min, 11.819 sec
*sMTD  23 completed successfully ...        7 min, 12.969 sec
*sMTD  18 completed successfully ...        7 min, 14.510 sec
*sMTD  16 completed successfully ...        7 min, 14.818 sec
*sMTD  21 completed successfully ...        7 min, 13.607 sec
*sMTD  25 completed successfully ...        7 min, 14.247 sec
*sMTD  28 completed successfully ...        7 min, 12.988 sec
*sMTD  22 completed successfully ...        7 min, 15.230 sec
*sMTD  20 completed successfully ...        7 min, 16.696 sec
*sMTD  29 completed successfully ...        7 min, 15.279 sec
*sMTD  30 completed successfully ...        7 min, 15.458 sec
*sMTD  31 completed successfully ...        6 min,  2.510 sec
*sMTD  32 completed successfully ...        6 min,  3.692 sec
*sMTD  34 completed successfully ...        6 min,  3.374 sec
*sMTD  33 completed successfully ...        6 min,  3.963 sec

 ======================================
 |  Multilevel Ensemble Optimization  |
 ======================================
 Optimizing all 11844 structures from file "crest_rotamers_0.xyz" ...
 ----------------------
 crude pre-optimization
 ----------------------
 Optimization engine: ANCOPT
 Hessian update type: BFGS
 E/G convergence criteria:  0.500E-03 Eh, 0.100E-01 Eh/a0
 maximum optimization steps: 200
 |>0.0% |>2.5% |>5.0% |>7.5% |>10.0% |>12.5% |>15.0% |>17.5% |>20.0% |>22.5% |>25.0% |>27.5% |>30.0% |>32.5% |>35.0% |>37.5% |>40.0% |>42.5% |>45.0% |>47.5% |>50.0% |>52.5% |>55.0% |>57.5% |>60.0% |>62.5% |>65.0% |>67.5% |>70.0% |>72.5% |>75.0% |>77.5% |>80.0% |>82.5% |>85.0% |>87.5% |>90.0% |>92.5% |>95.0% |>97.5% |>100.0%
 done.
> 11844 of 11844 structures successfully optimized (100.0% success)
> Total runtime for 11844 optimizations:
 * wall-time:     0 d,  0 h, 11 min, 42.367 sec
 *  cpu-time:     0 d,  3 h,  6 min, 19.277 sec
 * ratio c/w:    15.917 speedup
> Corresponding to approximately 0.059 sec per processed structure

CREGEN> running RMSDs ... done.
CREGEN> E lowest :   -74.20790
 11702 structures remain within    12.00 kcal/mol window
 ---------------------------------------
 optimization with very tight thresholds
 ---------------------------------------
 Optimization engine: ANCOPT
 Hessian update type: BFGS
 E/G convergence criteria:  0.100E-06 Eh, 0.200E-03 Eh/a0
 maximum optimization steps: 200
 |>0.0% |>2.5% |>5.0% |>7.5% |>10.0% |>12.5% |>15.0% |>17.5% |>20.0% |>22.5% |>25.0% |>27.5% |>30.0% |>32.5% |>35.0% |>37.5% |>40.0% |>42.5% |>45.0% |>47.5% |>50.0% |>52.5% |>55.0% |>57.5% |>60.0% |>62.5% |>65.0% |>67.5% |>70.0% |>72.5% |>75.0% |>77.5% |>80.0% |>82.5% |>85.0% |>87.5% |>90.0% |>92.5% |>95.0% |>97.5% |>100.0%
 done.
> 10385 of 11702 structures successfully optimized (88.7% success)
> Total runtime for 11702 optimizations:
 * wall-time:     0 d,  1 h, 14 min, 19.079 sec
 *  cpu-time:     0 d, 19 h, 45 min, 33.398 sec
 * ratio c/w:    15.952 speedup
> Corresponding to approximately 0.381 sec per processed structure

CREGEN> running RMSDs ... done.
CREGEN> E lowest :   -74.20934
 5356 structures remain within     6.00 kcal/mol window
CREGEN> running RMSDs ... done.
CREGEN> E lowest :   -74.20934

 Static MTD simulation iteration 11 finished
 A total of 7943 conformers (+ 2.37%) in crest_conformers.xyz
 S(approx.) =   14.543983 cal/molK (dS = 0.20%)
 Convergence w.r.t. conformers: F
 Convergence w.r.t. entropy   : T

     H(298.15K)-H(0) (conf)      1.575537
                   Cp(conf)      3.671523
                    S(conf)     14.540054

********************************************************************************
**                     I T E R A T I O N    C Y C L E     12                  **
********************************************************************************
 -------------------------------------------
 determining bias structures via PCA/k-Means
 -------------------------------------------

 267 structures were selected
 done.

 -----------------------------------------------
 determining MTD seed structures via PCA/k-Means
 -----------------------------------------------

 36 structures were selected
 done.


 ===========================================================
 Static MTDs (umbrella sampling) on 36 selected conformer(s)
 ===========================================================
> Using 267 constant RMSD bias potentials per MTD
  :::::::::: starting static MTD   1 ::::::::::
  |   MD simulation time   :    33.0 ps       |
  |   target T             :   400.0 K        |
  |   timestep dt          :     5.0 fs       |
  |   dump interval(trj)   :   100.0 fs       |
  |   SHAKE algorithm      : true (all bonds) |
  |   Vbias prefactor (k)  :  0.0036 Eh       |
  |   Vbias exponent (α)   :  1.0000 bohr⁻²   |
  :::::::::: starting static MTD   3 ::::::::::
  |   MD simulation time   :    33.0 ps       |
  |   target T             :   400.0 K        |
  |   timestep dt          :     5.0 fs       |
  |   dump interval(trj)   :   100.0 fs       |
  |   SHAKE algorithm      : true (all bonds) |
  |   Vbias prefactor (k)  :  0.0036 Eh       |
  |   Vbias exponent (α)   :  1.0000 bohr⁻²   |
  :::::::::: starting static MTD   5 ::::::::::
  |   MD simulation time   :    33.0 ps       |
  |   target T             :   400.0 K        |
  |   timestep dt          :     5.0 fs       |
  |   dump interval(trj)   :   100.0 fs       |
  |   SHAKE algorithm      : true (all bonds) |
  |   Vbias prefactor (k)  :  0.0036 Eh       |
  |   Vbias exponent (α)   :  1.0000 bohr⁻²   |
  :::::::::: starting static MTD   7 ::::::::::
  |   MD simulation time   :    33.0 ps       |
  |   target T             :   400.0 K        |
  |   timestep dt          :     5.0 fs       |
  |   dump interval(trj)   :   100.0 fs       |
  |   SHAKE algorithm      : true (all bonds) |
  |   Vbias prefactor (k)  :  0.0036 Eh       |
  |   Vbias exponent (α)   :  1.0000 bohr⁻²   |
  :::::::::: starting static MTD   6 ::::::::::
  |   MD simulation time   :    33.0 ps       |
  |   target T             :   400.0 K        |
  |   timestep dt          :     5.0 fs       |
  |   dump interval(trj)   :   100.0 fs       |
  |   SHAKE algorithm      : true (all bonds) |
  |   Vbias prefactor (k)  :  0.0036 Eh       |
  |   Vbias exponent (α)   :  1.0000 bohr⁻²   |
  :::::::::: starting static MTD   9 ::::::::::
  |   MD simulation time   :    33.0 ps       |
  |   target T             :   400.0 K        |
  |   timestep dt          :     5.0 fs       |
  |   dump interval(trj)   :   100.0 fs       |
  |   SHAKE algorithm      : true (all bonds) |
  |   Vbias prefactor (k)  :  0.0036 Eh       |
  |   Vbias exponent (α)   :  1.0000 bohr⁻²   |
  :::::::::: starting static MTD  36 ::::::::::
  |   MD simulation time   :    33.0 ps       |
  |   target T             :   400.0 K        |
  |   timestep dt          :     5.0 fs       |
  |   dump interval(trj)   :   100.0 fs       |
  |   SHAKE algorithm      : true (all bonds) |
  |   Vbias prefactor (k)  :  0.0036 Eh       |
  |   Vbias exponent (α)   :  1.0000 bohr⁻²   |
  :::::::::: starting static MTD   4 ::::::::::
  |   MD simulation time   :    33.0 ps       |
  |   target T             :   400.0 K        |
  |   timestep dt          :     5.0 fs       |
  |   dump interval(trj)   :   100.0 fs       |
  |   SHAKE algorithm      : true (all bonds) |
  |   Vbias prefactor (k)  :  0.0036 Eh       |
  |   Vbias exponent (α)   :  1.0000 bohr⁻²   |
  :::::::::: starting static MTD   2 ::::::::::
  |   MD simulation time   :    33.0 ps       |
  |   target T             :   400.0 K        |
  |   timestep dt          :     5.0 fs       |
  |   dump interval(trj)   :   100.0 fs       |
  |   SHAKE algorithm      : true (all bonds) |
  |   Vbias prefactor (k)  :  0.0036 Eh       |
  |   Vbias exponent (α)   :  1.0000 bohr⁻²   |
  :::::::::: starting static MTD  12 ::::::::::
  |   MD simulation time   :    33.0 ps       |
  |   target T             :   400.0 K        |
  |   timestep dt          :     5.0 fs       |
  |   dump interval(trj)   :   100.0 fs       |
  |   SHAKE algorithm      : true (all bonds) |
  |   Vbias prefactor (k)  :  0.0036 Eh       |
  |   Vbias exponent (α)   :  1.0000 bohr⁻²   |
  :::::::::: starting static MTD  11 ::::::::::
  |   MD simulation time   :    33.0 ps       |
  |   target T             :   400.0 K        |
  |   timestep dt          :     5.0 fs       |
  |   dump interval(trj)   :   100.0 fs       |
  |   SHAKE algorithm      : true (all bonds) |
  |   Vbias prefactor (k)  :  0.0036 Eh       |
  |   Vbias exponent (α)   :  1.0000 bohr⁻²   |
  :::::::::: starting static MTD  13 ::::::::::
  |   MD simulation time   :    33.0 ps       |
  |   target T             :   400.0 K        |
  |   timestep dt          :     5.0 fs       |
  |   dump interval(trj)   :   100.0 fs       |
  |   SHAKE algorithm      : true (all bonds) |
  |   Vbias prefactor (k)  :  0.0036 Eh       |
  |   Vbias exponent (α)   :  1.0000 bohr⁻²   |
  :::::::::: starting static MTD  14 ::::::::::
  |   MD simulation time   :    33.0 ps       |
  |   target T             :   400.0 K        |
  |   timestep dt          :     5.0 fs       |
  |   dump interval(trj)   :   100.0 fs       |
  |   SHAKE algorithm      : true (all bonds) |
  |   Vbias prefactor (k)  :  0.0036 Eh       |
  |   Vbias exponent (α)   :  1.0000 bohr⁻²   |
  :::::::::: starting static MTD   8 ::::::::::
  |   MD simulation time   :    33.0 ps       |
  |   target T             :   400.0 K        |
  |   timestep dt          :     5.0 fs       |
  |   dump interval(trj)   :   100.0 fs       |
  |   SHAKE algorithm      : true (all bonds) |
  |   Vbias prefactor (k)  :  0.0036 Eh       |
  |   Vbias exponent (α)   :  1.0000 bohr⁻²   |
  :::::::::: starting static MTD  15 ::::::::::
  |   MD simulation time   :    33.0 ps       |
  |   target T             :   400.0 K        |
  |   timestep dt          :     5.0 fs       |
  |   dump interval(trj)   :   100.0 fs       |
  |   SHAKE algorithm      : true (all bonds) |
  |   Vbias prefactor (k)  :  0.0036 Eh       |
  |   Vbias exponent (α)   :  1.0000 bohr⁻²   |
  :::::::::: starting static MTD  10 ::::::::::
  |   MD simulation time   :    33.0 ps       |
  |   target T             :   400.0 K        |
  |   timestep dt          :     5.0 fs       |
  |   dump interval(trj)   :   100.0 fs       |
  |   SHAKE algorithm      : true (all bonds) |
  |   Vbias prefactor (k)  :  0.0036 Eh       |
  |   Vbias exponent (α)   :  1.0000 bohr⁻²   |
*sMTD   1 completed successfully ...        7 min, 11.052 sec
  :::::::::: starting static MTD  16 ::::::::::
  |   MD simulation time   :    33.0 ps       |
  |   target T             :   400.0 K        |
  |   timestep dt          :     5.0 fs       |
  |   dump interval(trj)   :   100.0 fs       |
  |   SHAKE algorithm      : true (all bonds) |
  |   Vbias prefactor (k)  :  0.0036 Eh       |
  |   Vbias exponent (α)   :  1.0000 bohr⁻²   |
*sMTD   7 completed successfully ...        7 min, 11.598 sec
  :::::::::: starting static MTD  17 ::::::::::
  |   MD simulation time   :    33.0 ps       |
  |   target T             :   400.0 K        |
  |   timestep dt          :     5.0 fs       |
  |   dump interval(trj)   :   100.0 fs       |
  |   SHAKE algorithm      : true (all bonds) |
  |   Vbias prefactor (k)  :  0.0036 Eh       |
  |   Vbias exponent (α)   :  1.0000 bohr⁻²   |
*sMTD  36 completed successfully ...        7 min, 12.075 sec
  :::::::::: starting static MTD  35 ::::::::::
  |   MD simulation time   :    33.0 ps       |
  |   target T             :   400.0 K        |
  |   timestep dt          :     5.0 fs       |
  |   dump interval(trj)   :   100.0 fs       |
  |   SHAKE algorithm      : true (all bonds) |
  |   Vbias prefactor (k)  :  0.0036 Eh       |
  |   Vbias exponent (α)   :  1.0000 bohr⁻²   |
*sMTD  12 completed successfully ...        7 min, 12.132 sec
  :::::::::: starting static MTD  18 ::::::::::
  |   MD simulation time   :    33.0 ps       |
  |   target T             :   400.0 K        |
  |   timestep dt          :     5.0 fs       |
  |   dump interval(trj)   :   100.0 fs       |
  |   SHAKE algorithm      : true (all bonds) |
  |   Vbias prefactor (k)  :  0.0036 Eh       |
  |   Vbias exponent (α)   :  1.0000 bohr⁻²   |
*sMTD  13 completed successfully ...        7 min, 12.362 sec
  :::::::::: starting static MTD  19 ::::::::::
  |   MD simulation time   :    33.0 ps       |
  |   target T             :   400.0 K        |
  |   timestep dt          :     5.0 fs       |
  |   dump interval(trj)   :   100.0 fs       |
  |   SHAKE algorithm      : true (all bonds) |
  |   Vbias prefactor (k)  :  0.0036 Eh       |
  |   Vbias exponent (α)   :  1.0000 bohr⁻²   |
*sMTD  14 completed successfully ...        7 min, 13.329 sec
  :::::::::: starting static MTD  20 ::::::::::
  |   MD simulation time   :    33.0 ps       |
  |   target T             :   400.0 K        |
  |   timestep dt          :     5.0 fs       |
  |   dump interval(trj)   :   100.0 fs       |
  |   SHAKE algorithm      : true (all bonds) |
  |   Vbias prefactor (k)  :  0.0036 Eh       |
  |   Vbias exponent (α)   :  1.0000 bohr⁻²   |
*sMTD   5 completed successfully ...        7 min, 13.631 sec
  :::::::::: starting static MTD  21 ::::::::::
  |   MD simulation time   :    33.0 ps       |
  |   target T             :   400.0 K        |
  |   timestep dt          :     5.0 fs       |
  |   dump interval(trj)   :   100.0 fs       |
  |   SHAKE algorithm      : true (all bonds) |
  |   Vbias prefactor (k)  :  0.0036 Eh       |
  |   Vbias exponent (α)   :  1.0000 bohr⁻²   |
*sMTD   8 completed successfully ...        7 min, 13.814 sec
  :::::::::: starting static MTD  22 ::::::::::
  |   MD simulation time   :    33.0 ps       |
  |   target T             :   400.0 K        |
  |   timestep dt          :     5.0 fs       |
  |   dump interval(trj)   :   100.0 fs       |
  |   SHAKE algorithm      : true (all bonds) |
  |   Vbias prefactor (k)  :  0.0036 Eh       |
  |   Vbias exponent (α)   :  1.0000 bohr⁻²   |
*sMTD   3 completed successfully ...        7 min, 14.111 sec
  :::::::::: starting static MTD  23 ::::::::::
  |   MD simulation time   :    33.0 ps       |
  |   target T             :   400.0 K        |
  |   timestep dt          :     5.0 fs       |
  |   dump interval(trj)   :   100.0 fs       |
  |   SHAKE algorithm      : true (all bonds) |
  |   Vbias prefactor (k)  :  0.0036 Eh       |
  |   Vbias exponent (α)   :  1.0000 bohr⁻²   |
*sMTD  15 completed successfully ...        7 min, 14.734 sec
  :::::::::: starting static MTD  24 ::::::::::
  |   MD simulation time   :    33.0 ps       |
  |   target T             :   400.0 K        |
  |   timestep dt          :     5.0 fs       |
  |   dump interval(trj)   :   100.0 fs       |
  |   SHAKE algorithm      : true (all bonds) |
  |   Vbias prefactor (k)  :  0.0036 Eh       |
  |   Vbias exponent (α)   :  1.0000 bohr⁻²   |
*sMTD   4 completed successfully ...        7 min, 14.940 sec
  :::::::::: starting static MTD  25 ::::::::::
  |   MD simulation time   :    33.0 ps       |
  |   target T             :   400.0 K        |
  |   timestep dt          :     5.0 fs       |
  |   dump interval(trj)   :   100.0 fs       |
  |   SHAKE algorithm      : true (all bonds) |
  |   Vbias prefactor (k)  :  0.0036 Eh       |
  |   Vbias exponent (α)   :  1.0000 bohr⁻²   |
*sMTD  11 completed successfully ...        7 min, 15.066 sec
  :::::::::: starting static MTD  26 ::::::::::
  |   MD simulation time   :    33.0 ps       |
  |   target T             :   400.0 K        |
  |   timestep dt          :     5.0 fs       |
  |   dump interval(trj)   :   100.0 fs       |
  |   SHAKE algorithm      : true (all bonds) |
  |   Vbias prefactor (k)  :  0.0036 Eh       |
  |   Vbias exponent (α)   :  1.0000 bohr⁻²   |
*sMTD  10 completed successfully ...        7 min, 15.375 sec
  :::::::::: starting static MTD  27 ::::::::::
  |   MD simulation time   :    33.0 ps       |
  |   target T             :   400.0 K        |
  |   timestep dt          :     5.0 fs       |
  |   dump interval(trj)   :   100.0 fs       |
  |   SHAKE algorithm      : true (all bonds) |
  |   Vbias prefactor (k)  :  0.0036 Eh       |
  |   Vbias exponent (α)   :  1.0000 bohr⁻²   |
*sMTD   2 completed successfully ...        7 min, 15.488 sec
  :::::::::: starting static MTD  28 ::::::::::
  |   MD simulation time   :    33.0 ps       |
  |   target T             :   400.0 K        |
  |   timestep dt          :     5.0 fs       |
  |   dump interval(trj)   :   100.0 fs       |
  |   SHAKE algorithm      : true (all bonds) |
  |   Vbias prefactor (k)  :  0.0036 Eh       |
  |   Vbias exponent (α)   :  1.0000 bohr⁻²   |
*sMTD   6 completed successfully ...        7 min, 17.190 sec
  :::::::::: starting static MTD  29 ::::::::::
  |   MD simulation time   :    33.0 ps       |
  |   target T             :   400.0 K        |
  |   timestep dt          :     5.0 fs       |
  |   dump interval(trj)   :   100.0 fs       |
  |   SHAKE algorithm      : true (all bonds) |
  |   Vbias prefactor (k)  :  0.0036 Eh       |
  |   Vbias exponent (α)   :  1.0000 bohr⁻²   |
*sMTD   9 completed successfully ...        7 min, 18.269 sec
  :::::::::: starting static MTD  30 ::::::::::
  |   MD simulation time   :    33.0 ps       |
  |   target T             :   400.0 K        |
  |   timestep dt          :     5.0 fs       |
  |   dump interval(trj)   :   100.0 fs       |
  |   SHAKE algorithm      : true (all bonds) |
  |   Vbias prefactor (k)  :  0.0036 Eh       |
  |   Vbias exponent (α)   :  1.0000 bohr⁻²   |
*sMTD  16 completed successfully ...        7 min, 12.266 sec
  :::::::::: starting static MTD  31 ::::::::::
  |   MD simulation time   :    33.0 ps       |
  |   target T             :   400.0 K        |
  |   timestep dt          :     5.0 fs       |
  |   dump interval(trj)   :   100.0 fs       |
  |   SHAKE algorithm      : true (all bonds) |
  |   Vbias prefactor (k)  :  0.0036 Eh       |
  |   Vbias exponent (α)   :  1.0000 bohr⁻²   |
*sMTD  22 completed successfully ...        7 min, 10.266 sec
  :::::::::: starting static MTD  32 ::::::::::
  |   MD simulation time   :    33.0 ps       |
  |   target T             :   400.0 K        |
  |   timestep dt          :     5.0 fs       |
  |   dump interval(trj)   :   100.0 fs       |
  |   SHAKE algorithm      : true (all bonds) |
  |   Vbias prefactor (k)  :  0.0036 Eh       |
  |   Vbias exponent (α)   :  1.0000 bohr⁻²   |
*sMTD  20 completed successfully ...        7 min, 11.634 sec
  :::::::::: starting static MTD  33 ::::::::::
  |   MD simulation time   :    33.0 ps       |
  |   target T             :   400.0 K        |
  |   timestep dt          :     5.0 fs       |
  |   dump interval(trj)   :   100.0 fs       |
  |   SHAKE algorithm      : true (all bonds) |
  |   Vbias prefactor (k)  :  0.0036 Eh       |
  |   Vbias exponent (α)   :  1.0000 bohr⁻²   |
*sMTD  17 completed successfully ...        7 min, 14.840 sec
  :::::::::: starting static MTD  34 ::::::::::
  |   MD simulation time   :    33.0 ps       |
  |   target T             :   400.0 K        |
  |   timestep dt          :     5.0 fs       |
  |   dump interval(trj)   :   100.0 fs       |
  |   SHAKE algorithm      : true (all bonds) |
  |   Vbias prefactor (k)  :  0.0036 Eh       |
  |   Vbias exponent (α)   :  1.0000 bohr⁻²   |
*sMTD  35 completed successfully ...        7 min, 14.372 sec
*sMTD  18 completed successfully ...        7 min, 14.440 sec
*sMTD  21 completed successfully ...        7 min, 13.083 sec
*sMTD  28 completed successfully ...        7 min, 11.247 sec
*sMTD  19 completed successfully ...        7 min, 14.485 sec
*sMTD  23 completed successfully ...        7 min, 13.447 sec
*sMTD  25 completed successfully ...        7 min, 13.193 sec
*sMTD  26 completed successfully ...        7 min, 13.828 sec
*sMTD  29 completed successfully ...        7 min, 12.569 sec
*sMTD  27 completed successfully ...        7 min, 14.724 sec
*sMTD  24 completed successfully ...        7 min, 16.475 sec
*sMTD  30 completed successfully ...        7 min, 13.517 sec
*sMTD  31 completed successfully ...        6 min,  6.485 sec
*sMTD  33 completed successfully ...        6 min,  5.385 sec
*sMTD  34 completed successfully ...        6 min,  5.201 sec
*sMTD  32 completed successfully ...        6 min,  7.914 sec

 ======================================
 |  Multilevel Ensemble Optimization  |
 ======================================
 Optimizing all 11844 structures from file "crest_rotamers_0.xyz" ...
 ----------------------
 crude pre-optimization
 ----------------------
 Optimization engine: ANCOPT
 Hessian update type: BFGS
 E/G convergence criteria:  0.500E-03 Eh, 0.100E-01 Eh/a0
 maximum optimization steps: 200
 |>0.0% |>2.5% |>5.0% |>7.5% |>10.0% |>12.5% |>15.0% |>17.5% |>20.0% |>22.5% |>25.0% |>27.5% |>30.0% |>32.5% |>35.0% |>37.5% |>40.0% |>42.5% |>45.0% |>47.5% |>50.0% |>52.5% |>55.0% |>57.5% |>60.0% |>62.5% |>65.0% |>67.5% |>70.0% |>72.5% |>75.0% |>77.5% |>80.0% |>82.5% |>85.0% |>87.5% |>90.0% |>92.5% |>95.0% |>97.5% |>100.0%
 done.
> 11844 of 11844 structures successfully optimized (100.0% success)
> Total runtime for 11844 optimizations:
 * wall-time:     0 d,  0 h, 11 min, 54.233 sec
 *  cpu-time:     0 d,  3 h,  9 min, 23.282 sec
 * ratio c/w:    15.910 speedup
> Corresponding to approximately 0.060 sec per processed structure

CREGEN> running RMSDs ... done.
CREGEN> E lowest :   -74.20810
 11721 structures remain within    12.00 kcal/mol window
 ---------------------------------------
 optimization with very tight thresholds
 ---------------------------------------
 Optimization engine: ANCOPT
 Hessian update type: BFGS
 E/G convergence criteria:  0.100E-06 Eh, 0.200E-03 Eh/a0
 maximum optimization steps: 200
 |>0.0% |>2.5% |>5.0% |>7.5% |>10.0% |>12.5% |>15.0% |>17.5% |>20.0% |>22.5% |>25.0% |>27.5% |>30.0% |>32.5% |>35.0% |>37.5% |>40.0% |>42.5% |>45.0% |>47.5% |>50.0% |>52.5% |>55.0% |>57.5% |>60.0% |>62.5% |>65.0% |>67.5% |>70.0% |>72.5% |>75.0% |>77.5% |>80.0% |>82.5% |>85.0% |>87.5% |>90.0% |>92.5% |>95.0% |>97.5% |>100.0%
 done.
> 10810 of 11721 structures successfully optimized (92.2% success)
> Total runtime for 11721 optimizations:
 * wall-time:     0 d,  1 h, 11 min, 41.745 sec
 *  cpu-time:     0 d, 19 h,  3 min, 12.928 sec
 * ratio c/w:    15.945 speedup
> Corresponding to approximately 0.367 sec per processed structure

CREGEN> running RMSDs ... done.
CREGEN> E lowest :   -74.20934
 5512 structures remain within     6.00 kcal/mol window
CREGEN> running RMSDs ... done.
CREGEN> E lowest :   -74.20934

 Static MTD simulation iteration 12 finished
 A total of 8156 conformers (+ 2.61%) in crest_conformers.xyz
 S(approx.) =   14.567089 cal/molK (dS = 0.16%)
 Convergence w.r.t. conformers: F
 Convergence w.r.t. entropy   : T

     H(298.15K)-H(0) (conf)      1.578106
                   Cp(conf)      3.725114
                    S(conf)     14.563132

********************************************************************************
**                     I T E R A T I O N    C Y C L E     13                  **
********************************************************************************
 -------------------------------------------
 determining bias structures via PCA/k-Means
 -------------------------------------------

 338 structures were selected
 done.

 -----------------------------------------------
 determining MTD seed structures via PCA/k-Means
 -----------------------------------------------

 36 structures were selected
 done.


 ===========================================================
 Static MTDs (umbrella sampling) on 36 selected conformer(s)
 ===========================================================
> Using 338 constant RMSD bias potentials per MTD
  :::::::::: starting static MTD   1 ::::::::::
  |   MD simulation time   :    33.0 ps       |
  |   target T             :   400.0 K        |
  |   timestep dt          :     5.0 fs       |
  |   dump interval(trj)   :   100.0 fs       |
  |   SHAKE algorithm      : true (all bonds) |
  |   Vbias prefactor (k)  :  0.0036 Eh       |
  |   Vbias exponent (α)   :  1.0000 bohr⁻²   |
  :::::::::: starting static MTD   2 ::::::::::
  |   MD simulation time   :    33.0 ps       |
  |   target T             :   400.0 K        |
  |   timestep dt          :     5.0 fs       |
  |   dump interval(trj)   :   100.0 fs       |
  |   SHAKE algorithm      : true (all bonds) |
  |   Vbias prefactor (k)  :  0.0036 Eh       |
  |   Vbias exponent (α)   :  1.0000 bohr⁻²   |
  :::::::::: starting static MTD   5 ::::::::::
  |   MD simulation time   :    33.0 ps       |
  |   target T             :   400.0 K        |
  |   timestep dt          :     5.0 fs       |
  |   dump interval(trj)   :   100.0 fs       |
  |   SHAKE algorithm      : true (all bonds) |
  |   Vbias prefactor (k)  :  0.0036 Eh       |
  |   Vbias exponent (α)   :  1.0000 bohr⁻²   |
  :::::::::: starting static MTD  13 ::::::::::
  |   MD simulation time   :    33.0 ps       |
  |   target T             :   400.0 K        |
  |   timestep dt          :     5.0 fs       |
  |   dump interval(trj)   :   100.0 fs       |
  |   SHAKE algorithm      : true (all bonds) |
  |   Vbias prefactor (k)  :  0.0036 Eh       |
  |   Vbias exponent (α)   :  1.0000 bohr⁻²   |
  :::::::::: starting static MTD   7 ::::::::::
  |   MD simulation time   :    33.0 ps       |
  |   target T             :   400.0 K        |
  |   timestep dt          :     5.0 fs       |
  |   dump interval(trj)   :   100.0 fs       |
  |   SHAKE algorithm      : true (all bonds) |
  |   Vbias prefactor (k)  :  0.0036 Eh       |
  |   Vbias exponent (α)   :  1.0000 bohr⁻²   |
  :::::::::: starting static MTD  36 ::::::::::
  |   MD simulation time   :    33.0 ps       |
  |   target T             :   400.0 K        |
  |   timestep dt          :     5.0 fs       |
  |   dump interval(trj)   :   100.0 fs       |
  |   SHAKE algorithm      : true (all bonds) |
  |   Vbias prefactor (k)  :  0.0036 Eh       |
  |   Vbias exponent (α)   :  1.0000 bohr⁻²   |
  :::::::::: starting static MTD   9 ::::::::::
  |   MD simulation time   :    33.0 ps       |
  |   target T             :   400.0 K        |
  |   timestep dt          :     5.0 fs       |
  |   dump interval(trj)   :   100.0 fs       |
  |   SHAKE algorithm      : true (all bonds) |
  |   Vbias prefactor (k)  :  0.0036 Eh       |
  |   Vbias exponent (α)   :  1.0000 bohr⁻²   |
  :::::::::: starting static MTD  10 ::::::::::
  |   MD simulation time   :    33.0 ps       |
  |   target T             :   400.0 K        |
  |   timestep dt          :     5.0 fs       |
  |   dump interval(trj)   :   100.0 fs       |
  |   SHAKE algorithm      : true (all bonds) |
  |   Vbias prefactor (k)  :  0.0036 Eh       |
  |   Vbias exponent (α)   :  1.0000 bohr⁻²   |
  :::::::::: starting static MTD   6 ::::::::::
  |   MD simulation time   :    33.0 ps       |
  |   target T             :   400.0 K        |
  |   timestep dt          :     5.0 fs       |
  |   dump interval(trj)   :   100.0 fs       |
  |   SHAKE algorithm      : true (all bonds) |
  |   Vbias prefactor (k)  :  0.0036 Eh       |
  |   Vbias exponent (α)   :  1.0000 bohr⁻²   |
  :::::::::: starting static MTD   8 ::::::::::
  |   MD simulation time   :    33.0 ps       |
  |   target T             :   400.0 K        |
  |   timestep dt          :     5.0 fs       |
  |   dump interval(trj)   :   100.0 fs       |
  |   SHAKE algorithm      : true (all bonds) |
  |   Vbias prefactor (k)  :  0.0036 Eh       |
  |   Vbias exponent (α)   :  1.0000 bohr⁻²   |
  :::::::::: starting static MTD  12 ::::::::::
  |   MD simulation time   :    33.0 ps       |
  |   target T             :   400.0 K        |
  |   timestep dt          :     5.0 fs       |
  |   dump interval(trj)   :   100.0 fs       |
  |   SHAKE algorithm      : true (all bonds) |
  |   Vbias prefactor (k)  :  0.0036 Eh       |
  |   Vbias exponent (α)   :  1.0000 bohr⁻²   |
  :::::::::: starting static MTD  11 ::::::::::
  |   MD simulation time   :    33.0 ps       |
  |   target T             :   400.0 K        |
  |   timestep dt          :     5.0 fs       |
  |   dump interval(trj)   :   100.0 fs       |
  |   SHAKE algorithm      : true (all bonds) |
  |   Vbias prefactor (k)  :  0.0036 Eh       |
  |   Vbias exponent (α)   :  1.0000 bohr⁻²   |
  :::::::::: starting static MTD  15 ::::::::::
  |   MD simulation time   :    33.0 ps       |
  |   target T             :   400.0 K        |
  |   timestep dt          :     5.0 fs       |
  |   dump interval(trj)   :   100.0 fs       |
  |   SHAKE algorithm      : true (all bonds) |
  |   Vbias prefactor (k)  :  0.0036 Eh       |
  |   Vbias exponent (α)   :  1.0000 bohr⁻²   |
  :::::::::: starting static MTD  14 ::::::::::
  |   MD simulation time   :    33.0 ps       |
  |   target T             :   400.0 K        |
  |   timestep dt          :     5.0 fs       |
  |   dump interval(trj)   :   100.0 fs       |
  |   SHAKE algorithm      : true (all bonds) |
  |   Vbias prefactor (k)  :  0.0036 Eh       |
  |   Vbias exponent (α)   :  1.0000 bohr⁻²   |
  :::::::::: starting static MTD   4 ::::::::::
  |   MD simulation time   :    33.0 ps       |
  |   target T             :   400.0 K        |
  |   timestep dt          :     5.0 fs       |
  |   dump interval(trj)   :   100.0 fs       |
  |   SHAKE algorithm      : true (all bonds) |
  |   Vbias prefactor (k)  :  0.0036 Eh       |
  |   Vbias exponent (α)   :  1.0000 bohr⁻²   |
  :::::::::: starting static MTD   3 ::::::::::
  |   MD simulation time   :    33.0 ps       |
  |   target T             :   400.0 K        |
  |   timestep dt          :     5.0 fs       |
  |   dump interval(trj)   :   100.0 fs       |
  |   SHAKE algorithm      : true (all bonds) |
  |   Vbias prefactor (k)  :  0.0036 Eh       |
  |   Vbias exponent (α)   :  1.0000 bohr⁻²   |
*sMTD  13 completed successfully ...        7 min, 10.647 sec
  :::::::::: starting static MTD  16 ::::::::::
  |   MD simulation time   :    33.0 ps       |
  |   target T             :   400.0 K        |
  |   timestep dt          :     5.0 fs       |
  |   dump interval(trj)   :   100.0 fs       |
  |   SHAKE algorithm      : true (all bonds) |
  |   Vbias prefactor (k)  :  0.0036 Eh       |
  |   Vbias exponent (α)   :  1.0000 bohr⁻²   |
*sMTD  10 completed successfully ...        7 min, 11.025 sec
  :::::::::: starting static MTD  17 ::::::::::
  |   MD simulation time   :    33.0 ps       |
  |   target T             :   400.0 K        |
  |   timestep dt          :     5.0 fs       |
  |   dump interval(trj)   :   100.0 fs       |
  |   SHAKE algorithm      : true (all bonds) |
  |   Vbias prefactor (k)  :  0.0036 Eh       |
  |   Vbias exponent (α)   :  1.0000 bohr⁻²   |
*sMTD  11 completed successfully ...        7 min, 11.805 sec
  :::::::::: starting static MTD  18 ::::::::::
  |   MD simulation time   :    33.0 ps       |
  |   target T             :   400.0 K        |
  |   timestep dt          :     5.0 fs       |
  |   dump interval(trj)   :   100.0 fs       |
  |   SHAKE algorithm      : true (all bonds) |
  |   Vbias prefactor (k)  :  0.0036 Eh       |
  |   Vbias exponent (α)   :  1.0000 bohr⁻²   |
*sMTD   5 completed successfully ...        7 min, 13.910 sec
  :::::::::: starting static MTD  19 ::::::::::
  |   MD simulation time   :    33.0 ps       |
  |   target T             :   400.0 K        |
  |   timestep dt          :     5.0 fs       |
  |   dump interval(trj)   :   100.0 fs       |
  |   SHAKE algorithm      : true (all bonds) |
  |   Vbias prefactor (k)  :  0.0036 Eh       |
  |   Vbias exponent (α)   :  1.0000 bohr⁻²   |
*sMTD   2 completed successfully ...        7 min, 13.955 sec
  :::::::::: starting static MTD  20 ::::::::::
  |   MD simulation time   :    33.0 ps       |
  |   target T             :   400.0 K        |
  |   timestep dt          :     5.0 fs       |
  |   dump interval(trj)   :   100.0 fs       |
  |   SHAKE algorithm      : true (all bonds) |
  |   Vbias prefactor (k)  :  0.0036 Eh       |
  |   Vbias exponent (α)   :  1.0000 bohr⁻²   |
*sMTD   3 completed successfully ...        7 min, 14.182 sec
  :::::::::: starting static MTD  21 ::::::::::
  |   MD simulation time   :    33.0 ps       |
  |   target T             :   400.0 K        |
  |   timestep dt          :     5.0 fs       |
  |   dump interval(trj)   :   100.0 fs       |
  |   SHAKE algorithm      : true (all bonds) |
  |   Vbias prefactor (k)  :  0.0036 Eh       |
  |   Vbias exponent (α)   :  1.0000 bohr⁻²   |
*sMTD  36 completed successfully ...        7 min, 14.220 sec
  :::::::::: starting static MTD  35 ::::::::::
  |   MD simulation time   :    33.0 ps       |
  |   target T             :   400.0 K        |
  |   timestep dt          :     5.0 fs       |
  |   dump interval(trj)   :   100.0 fs       |
  |   SHAKE algorithm      : true (all bonds) |
  |   Vbias prefactor (k)  :  0.0036 Eh       |
  |   Vbias exponent (α)   :  1.0000 bohr⁻²   |
*sMTD  14 completed successfully ...        7 min, 14.373 sec
  :::::::::: starting static MTD  22 ::::::::::
  |   MD simulation time   :    33.0 ps       |
  |   target T             :   400.0 K        |
  |   timestep dt          :     5.0 fs       |
  |   dump interval(trj)   :   100.0 fs       |
  |   SHAKE algorithm      : true (all bonds) |
  |   Vbias prefactor (k)  :  0.0036 Eh       |
  |   Vbias exponent (α)   :  1.0000 bohr⁻²   |
*sMTD  15 completed successfully ...        7 min, 14.677 sec
  :::::::::: starting static MTD  23 ::::::::::
  |   MD simulation time   :    33.0 ps       |
  |   target T             :   400.0 K        |
  |   timestep dt          :     5.0 fs       |
  |   dump interval(trj)   :   100.0 fs       |
  |   SHAKE algorithm      : true (all bonds) |
  |   Vbias prefactor (k)  :  0.0036 Eh       |
  |   Vbias exponent (α)   :  1.0000 bohr⁻²   |
*sMTD   7 completed successfully ...        7 min, 14.806 sec
  :::::::::: starting static MTD  24 ::::::::::
  |   MD simulation time   :    33.0 ps       |
  |   target T             :   400.0 K        |
  |   timestep dt          :     5.0 fs       |
  |   dump interval(trj)   :   100.0 fs       |
  |   SHAKE algorithm      : true (all bonds) |
  |   Vbias prefactor (k)  :  0.0036 Eh       |
  |   Vbias exponent (α)   :  1.0000 bohr⁻²   |
*sMTD   1 completed successfully ...        7 min, 14.818 sec
  :::::::::: starting static MTD  25 ::::::::::
  |   MD simulation time   :    33.0 ps       |
  |   target T             :   400.0 K        |
  |   timestep dt          :     5.0 fs       |
  |   dump interval(trj)   :   100.0 fs       |
  |   SHAKE algorithm      : true (all bonds) |
  |   Vbias prefactor (k)  :  0.0036 Eh       |
  |   Vbias exponent (α)   :  1.0000 bohr⁻²   |
*sMTD   4 completed successfully ...        7 min, 15.113 sec
  :::::::::: starting static MTD  26 ::::::::::
  |   MD simulation time   :    33.0 ps       |
  |   target T             :   400.0 K        |
  |   timestep dt          :     5.0 fs       |
  |   dump interval(trj)   :   100.0 fs       |
  |   SHAKE algorithm      : true (all bonds) |
  |   Vbias prefactor (k)  :  0.0036 Eh       |
  |   Vbias exponent (α)   :  1.0000 bohr⁻²   |
*sMTD   6 completed successfully ...        7 min, 15.177 sec
  :::::::::: starting static MTD  27 ::::::::::
  |   MD simulation time   :    33.0 ps       |
  |   target T             :   400.0 K        |
  |   timestep dt          :     5.0 fs       |
  |   dump interval(trj)   :   100.0 fs       |
  |   SHAKE algorithm      : true (all bonds) |
  |   Vbias prefactor (k)  :  0.0036 Eh       |
  |   Vbias exponent (α)   :  1.0000 bohr⁻²   |
*sMTD   8 completed successfully ...        7 min, 16.244 sec
  :::::::::: starting static MTD  28 ::::::::::
  |   MD simulation time   :    33.0 ps       |
  |   target T             :   400.0 K        |
  |   timestep dt          :     5.0 fs       |
  |   dump interval(trj)   :   100.0 fs       |
  |   SHAKE algorithm      : true (all bonds) |
  |   Vbias prefactor (k)  :  0.0036 Eh       |
  |   Vbias exponent (α)   :  1.0000 bohr⁻²   |
*sMTD   9 completed successfully ...        7 min, 17.763 sec
  :::::::::: starting static MTD  29 ::::::::::
  |   MD simulation time   :    33.0 ps       |
  |   target T             :   400.0 K        |
  |   timestep dt          :     5.0 fs       |
  |   dump interval(trj)   :   100.0 fs       |
  |   SHAKE algorithm      : true (all bonds) |
  |   Vbias prefactor (k)  :  0.0036 Eh       |
  |   Vbias exponent (α)   :  1.0000 bohr⁻²   |
*sMTD  12 completed successfully ...        7 min, 18.030 sec
  :::::::::: starting static MTD  30 ::::::::::
  |   MD simulation time   :    33.0 ps       |
  |   target T             :   400.0 K        |
  |   timestep dt          :     5.0 fs       |
  |   dump interval(trj)   :   100.0 fs       |
  |   SHAKE algorithm      : true (all bonds) |
  |   Vbias prefactor (k)  :  0.0036 Eh       |
  |   Vbias exponent (α)   :  1.0000 bohr⁻²   |
*sMTD  16 completed successfully ...        7 min, 15.708 sec
  :::::::::: starting static MTD  31 ::::::::::
  |   MD simulation time   :    33.0 ps       |
  |   target T             :   400.0 K        |
  |   timestep dt          :     5.0 fs       |
  |   dump interval(trj)   :   100.0 fs       |
  |   SHAKE algorithm      : true (all bonds) |
  |   Vbias prefactor (k)  :  0.0036 Eh       |
  |   Vbias exponent (α)   :  1.0000 bohr⁻²   |
*sMTD  18 completed successfully ...        7 min, 16.931 sec
  :::::::::: starting static MTD  32 ::::::::::
  |   MD simulation time   :    33.0 ps       |
  |   target T             :   400.0 K        |
  |   timestep dt          :     5.0 fs       |
  |   dump interval(trj)   :   100.0 fs       |
  |   SHAKE algorithm      : true (all bonds) |
  |   Vbias prefactor (k)  :  0.0036 Eh       |
  |   Vbias exponent (α)   :  1.0000 bohr⁻²   |
*sMTD  17 completed successfully ...        7 min, 18.355 sec
  :::::::::: starting static MTD  33 ::::::::::
  |   MD simulation time   :    33.0 ps       |
  |   target T             :   400.0 K        |
  |   timestep dt          :     5.0 fs       |
  |   dump interval(trj)   :   100.0 fs       |
  |   SHAKE algorithm      : true (all bonds) |
  |   Vbias prefactor (k)  :  0.0036 Eh       |
  |   Vbias exponent (α)   :  1.0000 bohr⁻²   |
*sMTD  35 completed successfully ...        7 min, 15.411 sec
  :::::::::: starting static MTD  34 ::::::::::
  |   MD simulation time   :    33.0 ps       |
  |   target T             :   400.0 K        |
  |   timestep dt          :     5.0 fs       |
  |   dump interval(trj)   :   100.0 fs       |
  |   SHAKE algorithm      : true (all bonds) |
  |   Vbias prefactor (k)  :  0.0036 Eh       |
  |   Vbias exponent (α)   :  1.0000 bohr⁻²   |
*sMTD  20 completed successfully ...        7 min, 16.970 sec
*sMTD  28 completed successfully ...        7 min, 15.276 sec
*sMTD  26 completed successfully ...        7 min, 16.945 sec
*sMTD  21 completed successfully ...        7 min, 18.091 sec
*sMTD  24 completed successfully ...        7 min, 17.909 sec
*sMTD  22 completed successfully ...        7 min, 18.447 sec
*sMTD  23 completed successfully ...        7 min, 18.187 sec
*sMTD  30 completed successfully ...        7 min, 14.843 sec
*sMTD  19 completed successfully ...        7 min, 19.738 sec
*sMTD  25 completed successfully ...        7 min, 18.890 sec
*sMTD  27 completed successfully ...        7 min, 19.258 sec
*sMTD  29 completed successfully ...        7 min, 17.723 sec
*sMTD  33 completed successfully ...        6 min,  3.725 sec
*sMTD  32 completed successfully ...        6 min,  6.784 sec
*sMTD  31 completed successfully ...        6 min, 10.128 sec
*sMTD  34 completed successfully ...        6 min,  7.794 sec

 ======================================
 |  Multilevel Ensemble Optimization  |
 ======================================
 Optimizing all 11844 structures from file "crest_rotamers_0.xyz" ...
 ----------------------
 crude pre-optimization
 ----------------------
 Optimization engine: ANCOPT
 Hessian update type: BFGS
 E/G convergence criteria:  0.500E-03 Eh, 0.100E-01 Eh/a0
 maximum optimization steps: 200
 |>0.0% |>2.5% |>5.0% |>7.5% |>10.0% |>12.5% |>15.0% |>17.5% |>20.0% |>22.5% |>25.0% |>27.5% |>30.0% |>32.5% |>35.0% |>37.5% |>40.0% |>42.5% |>45.0% |>47.5% |>50.0% |>52.5% |>55.0% |>57.5% |>60.0% |>62.5% |>65.0% |>67.5% |>70.0% |>72.5% |>75.0% |>77.5% |>80.0% |>82.5% |>85.0% |>87.5% |>90.0% |>92.5% |>95.0% |>97.5% |>100.0%
 done.
> 11844 of 11844 structures successfully optimized (100.0% success)
> Total runtime for 11844 optimizations:
 * wall-time:     0 d,  0 h, 12 min,  6.056 sec
 *  cpu-time:     0 d,  3 h, 12 min, 30.886 sec
 * ratio c/w:    15.909 speedup
> Corresponding to approximately 0.061 sec per processed structure

CREGEN> running RMSDs ... done.
CREGEN> E lowest :   -74.20784
 11694 structures remain within    12.00 kcal/mol window
 ---------------------------------------
 optimization with very tight thresholds
 ---------------------------------------
 Optimization engine: ANCOPT
 Hessian update type: BFGS
 E/G convergence criteria:  0.100E-06 Eh, 0.200E-03 Eh/a0
 maximum optimization steps: 200
 |>0.0% |>2.5% |>5.0% |>7.5% |>10.0% |>12.5% |>15.0% |>17.5% |>20.0% |>22.5% |>25.0% |>27.5% |>30.0% |>32.5% |>35.0% |>37.5% |>40.0% |>42.5% |>45.0% |>47.5% |>50.0% |>52.5% |>55.0% |>57.5% |>60.0% |>62.5% |>65.0% |>67.5% |>70.0% |>72.5% |>75.0% |>77.5% |>80.0% |>82.5% |>85.0% |>87.5% |>90.0% |>92.5% |>95.0% |>97.5% |>100.0%
 done.
> 10456 of 11694 structures successfully optimized (89.4% success)
> Total runtime for 11694 optimizations:
 * wall-time:     0 d,  1 h, 15 min, 37.584 sec
 *  cpu-time:     0 d, 20 h,  5 min, 38.518 sec
 * ratio c/w:    15.942 speedup
> Corresponding to approximately 0.388 sec per processed structure

CREGEN> running RMSDs ... done.
CREGEN> E lowest :   -74.20934
 5534 structures remain within     6.00 kcal/mol window
CREGEN> running RMSDs ... done.
CREGEN> E lowest :   -74.20934

 Static MTD simulation iteration 13 finished
 A total of 8360 conformers (+ 2.44%) in crest_conformers.xyz
 S(approx.) =   14.586734 cal/molK (dS = 0.13%)
 Convergence w.r.t. conformers: F
 Convergence w.r.t. entropy   : T

     H(298.15K)-H(0) (conf)      1.582734
                   Cp(conf)      3.797304
                    S(conf)     14.582743

********************************************************************************
**                     I T E R A T I O N    C Y C L E     14                  **
********************************************************************************
 -------------------------------------------
 determining bias structures via PCA/k-Means
 -------------------------------------------

 427 structures were selected
 done.

 -----------------------------------------------
 determining MTD seed structures via PCA/k-Means
 -----------------------------------------------

 36 structures were selected
 done.


 ===========================================================
 Static MTDs (umbrella sampling) on 36 selected conformer(s)
 ===========================================================
> Using 427 constant RMSD bias potentials per MTD
  :::::::::: starting static MTD   1 ::::::::::
  |   MD simulation time   :    33.0 ps       |
  |   target T             :   400.0 K        |
  |   timestep dt          :     5.0 fs       |
  |   dump interval(trj)   :   100.0 fs       |
  |   SHAKE algorithm      : true (all bonds) |
  |   Vbias prefactor (k)  :  0.0036 Eh       |
  |   Vbias exponent (α)   :  1.0000 bohr⁻²   |
  :::::::::: starting static MTD  14 ::::::::::
  |   MD simulation time   :    33.0 ps       |
  |   target T             :   400.0 K        |
  |   timestep dt          :     5.0 fs       |
  |   dump interval(trj)   :   100.0 fs       |
  |   SHAKE algorithm      : true (all bonds) |
  |   Vbias prefactor (k)  :  0.0036 Eh       |
  |   Vbias exponent (α)   :  1.0000 bohr⁻²   |
  :::::::::: starting static MTD   4 ::::::::::
  |   MD simulation time   :    33.0 ps       |
  |   target T             :   400.0 K        |
  |   timestep dt          :     5.0 fs       |
  |   dump interval(trj)   :   100.0 fs       |
  |   SHAKE algorithm      : true (all bonds) |
  |   Vbias prefactor (k)  :  0.0036 Eh       |
  |   Vbias exponent (α)   :  1.0000 bohr⁻²   |
  :::::::::: starting static MTD   7 ::::::::::
  |   MD simulation time   :    33.0 ps       |
  |   target T             :   400.0 K        |
  |   timestep dt          :     5.0 fs       |
  |   dump interval(trj)   :   100.0 fs       |
  |   SHAKE algorithm      : true (all bonds) |
  |   Vbias prefactor (k)  :  0.0036 Eh       |
  |   Vbias exponent (α)   :  1.0000 bohr⁻²   |
  :::::::::: starting static MTD  10 ::::::::::
  |   MD simulation time   :    33.0 ps       |
  |   target T             :   400.0 K        |
  |   timestep dt          :     5.0 fs       |
  |   dump interval(trj)   :   100.0 fs       |
  |   SHAKE algorithm      : true (all bonds) |
  |   Vbias prefactor (k)  :  0.0036 Eh       |
  |   Vbias exponent (α)   :  1.0000 bohr⁻²   |
  :::::::::: starting static MTD  36 ::::::::::
  |   MD simulation time   :    33.0 ps       |
  |   target T             :   400.0 K        |
  |   timestep dt          :     5.0 fs       |
  |   dump interval(trj)   :   100.0 fs       |
  |   SHAKE algorithm      : true (all bonds) |
  |   Vbias prefactor (k)  :  0.0036 Eh       |
  |   Vbias exponent (α)   :  1.0000 bohr⁻²   |
  :::::::::: starting static MTD   8 ::::::::::
  |   MD simulation time   :    33.0 ps       |
  |   target T             :   400.0 K        |
  |   timestep dt          :     5.0 fs       |
  |   dump interval(trj)   :   100.0 fs       |
  |   SHAKE algorithm      : true (all bonds) |
  |   Vbias prefactor (k)  :  0.0036 Eh       |
  |   Vbias exponent (α)   :  1.0000 bohr⁻²   |
  :::::::::: starting static MTD   3 ::::::::::
  |   MD simulation time   :    33.0 ps       |
  |   target T             :   400.0 K        |
  |   timestep dt          :     5.0 fs       |
  |   dump interval(trj)   :   100.0 fs       |
  |   SHAKE algorithm      : true (all bonds) |
  |   Vbias prefactor (k)  :  0.0036 Eh       |
  |   Vbias exponent (α)   :  1.0000 bohr⁻²   |
  :::::::::: starting static MTD  12 ::::::::::
  |   MD simulation time   :    33.0 ps       |
  |   target T             :   400.0 K        |
  |   timestep dt          :     5.0 fs       |
  |   dump interval(trj)   :   100.0 fs       |
  |   SHAKE algorithm      : true (all bonds) |
  |   Vbias prefactor (k)  :  0.0036 Eh       |
  |   Vbias exponent (α)   :  1.0000 bohr⁻²   |
  :::::::::: starting static MTD   6 ::::::::::
  |   MD simulation time   :    33.0 ps       |
  |   target T             :   400.0 K        |
  |   timestep dt          :     5.0 fs       |
  |   dump interval(trj)   :   100.0 fs       |
  |   SHAKE algorithm      : true (all bonds) |
  |   Vbias prefactor (k)  :  0.0036 Eh       |
  |   Vbias exponent (α)   :  1.0000 bohr⁻²   |
  :::::::::: starting static MTD  11 ::::::::::
  |   MD simulation time   :    33.0 ps       |
  |   target T             :   400.0 K        |
  |   timestep dt          :     5.0 fs       |
  |   dump interval(trj)   :   100.0 fs       |
  |   SHAKE algorithm      : true (all bonds) |
  |   Vbias prefactor (k)  :  0.0036 Eh       |
  |   Vbias exponent (α)   :  1.0000 bohr⁻²   |
  :::::::::: starting static MTD   5 ::::::::::
  |   MD simulation time   :    33.0 ps       |
  |   target T             :   400.0 K        |
  |   timestep dt          :     5.0 fs       |
  |   dump interval(trj)   :   100.0 fs       |
  |   SHAKE algorithm      : true (all bonds) |
  |   Vbias prefactor (k)  :  0.0036 Eh       |
  |   Vbias exponent (α)   :  1.0000 bohr⁻²   |
  :::::::::: starting static MTD  13 ::::::::::
  |   MD simulation time   :    33.0 ps       |
  |   target T             :   400.0 K        |
  |   timestep dt          :     5.0 fs       |
  |   dump interval(trj)   :   100.0 fs       |
  |   SHAKE algorithm      : true (all bonds) |
  |   Vbias prefactor (k)  :  0.0036 Eh       |
  |   Vbias exponent (α)   :  1.0000 bohr⁻²   |
  :::::::::: starting static MTD   2 ::::::::::
  |   MD simulation time   :    33.0 ps       |
  |   target T             :   400.0 K        |
  |   timestep dt          :     5.0 fs       |
  |   dump interval(trj)   :   100.0 fs       |
  |   SHAKE algorithm      : true (all bonds) |
  |   Vbias prefactor (k)  :  0.0036 Eh       |
  |   Vbias exponent (α)   :  1.0000 bohr⁻²   |
  :::::::::: starting static MTD   9 ::::::::::
  |   MD simulation time   :    33.0 ps       |
  |   target T             :   400.0 K        |
  |   timestep dt          :     5.0 fs       |
  |   dump interval(trj)   :   100.0 fs       |
  |   SHAKE algorithm      : true (all bonds) |
  |   Vbias prefactor (k)  :  0.0036 Eh       |
  |   Vbias exponent (α)   :  1.0000 bohr⁻²   |
  :::::::::: starting static MTD  15 ::::::::::
  |   MD simulation time   :    33.0 ps       |
  |   target T             :   400.0 K        |
  |   timestep dt          :     5.0 fs       |
  |   dump interval(trj)   :   100.0 fs       |
  |   SHAKE algorithm      : true (all bonds) |
  |   Vbias prefactor (k)  :  0.0036 Eh       |
  |   Vbias exponent (α)   :  1.0000 bohr⁻²   |
*sMTD   8 completed successfully ...        7 min, 14.150 sec
  :::::::::: starting static MTD  16 ::::::::::
  |   MD simulation time   :    33.0 ps       |
  |   target T             :   400.0 K        |
  |   timestep dt          :     5.0 fs       |
  |   dump interval(trj)   :   100.0 fs       |
  |   SHAKE algorithm      : true (all bonds) |
  |   Vbias prefactor (k)  :  0.0036 Eh       |
  |   Vbias exponent (α)   :  1.0000 bohr⁻²   |
*sMTD   9 completed successfully ...        7 min, 14.954 sec
  :::::::::: starting static MTD  17 ::::::::::
  |   MD simulation time   :    33.0 ps       |
  |   target T             :   400.0 K        |
  |   timestep dt          :     5.0 fs       |
  |   dump interval(trj)   :   100.0 fs       |
  |   SHAKE algorithm      : true (all bonds) |
  |   Vbias prefactor (k)  :  0.0036 Eh       |
  |   Vbias exponent (α)   :  1.0000 bohr⁻²   |
*sMTD   3 completed successfully ...        7 min, 15.067 sec
  :::::::::: starting static MTD  18 ::::::::::
  |   MD simulation time   :    33.0 ps       |
  |   target T             :   400.0 K        |
  |   timestep dt          :     5.0 fs       |
  |   dump interval(trj)   :   100.0 fs       |
  |   SHAKE algorithm      : true (all bonds) |
  |   Vbias prefactor (k)  :  0.0036 Eh       |
  |   Vbias exponent (α)   :  1.0000 bohr⁻²   |
*sMTD  14 completed successfully ...        7 min, 15.436 sec
  :::::::::: starting static MTD  19 ::::::::::
  |   MD simulation time   :    33.0 ps       |
  |   target T             :   400.0 K        |
  |   timestep dt          :     5.0 fs       |
  |   dump interval(trj)   :   100.0 fs       |
  |   SHAKE algorithm      : true (all bonds) |
  |   Vbias prefactor (k)  :  0.0036 Eh       |
  |   Vbias exponent (α)   :  1.0000 bohr⁻²   |
*sMTD   1 completed successfully ...        7 min, 15.850 sec
  :::::::::: starting static MTD  20 ::::::::::
  |   MD simulation time   :    33.0 ps       |
  |   target T             :   400.0 K        |
  |   timestep dt          :     5.0 fs       |
  |   dump interval(trj)   :   100.0 fs       |
  |   SHAKE algorithm      : true (all bonds) |
  |   Vbias prefactor (k)  :  0.0036 Eh       |
  |   Vbias exponent (α)   :  1.0000 bohr⁻²   |
*sMTD  36 completed successfully ...        7 min, 15.908 sec
  :::::::::: starting static MTD  35 ::::::::::
  |   MD simulation time   :    33.0 ps       |
  |   target T             :   400.0 K        |
  |   timestep dt          :     5.0 fs       |
  |   dump interval(trj)   :   100.0 fs       |
  |   SHAKE algorithm      : true (all bonds) |
  |   Vbias prefactor (k)  :  0.0036 Eh       |
  |   Vbias exponent (α)   :  1.0000 bohr⁻²   |
*sMTD  12 completed successfully ...        7 min, 16.011 sec
  :::::::::: starting static MTD  21 ::::::::::
  |   MD simulation time   :    33.0 ps       |
  |   target T             :   400.0 K        |
  |   timestep dt          :     5.0 fs       |
  |   dump interval(trj)   :   100.0 fs       |
  |   SHAKE algorithm      : true (all bonds) |
  |   Vbias prefactor (k)  :  0.0036 Eh       |
  |   Vbias exponent (α)   :  1.0000 bohr⁻²   |
*sMTD   6 completed successfully ...        7 min, 16.591 sec
  :::::::::: starting static MTD  22 ::::::::::
  |   MD simulation time   :    33.0 ps       |
  |   target T             :   400.0 K        |
  |   timestep dt          :     5.0 fs       |
  |   dump interval(trj)   :   100.0 fs       |
  |   SHAKE algorithm      : true (all bonds) |
  |   Vbias prefactor (k)  :  0.0036 Eh       |
  |   Vbias exponent (α)   :  1.0000 bohr⁻²   |
*sMTD  10 completed successfully ...        7 min, 17.079 sec
  :::::::::: starting static MTD  23 ::::::::::
  |   MD simulation time   :    33.0 ps       |
  |   target T             :   400.0 K        |
  |   timestep dt          :     5.0 fs       |
  |   dump interval(trj)   :   100.0 fs       |
  |   SHAKE algorithm      : true (all bonds) |
  |   Vbias prefactor (k)  :  0.0036 Eh       |
  |   Vbias exponent (α)   :  1.0000 bohr⁻²   |
*sMTD  11 completed successfully ...        7 min, 17.149 sec
  :::::::::: starting static MTD  24 ::::::::::
  |   MD simulation time   :    33.0 ps       |
  |   target T             :   400.0 K        |
  |   timestep dt          :     5.0 fs       |
  |   dump interval(trj)   :   100.0 fs       |
  |   SHAKE algorithm      : true (all bonds) |
  |   Vbias prefactor (k)  :  0.0036 Eh       |
  |   Vbias exponent (α)   :  1.0000 bohr⁻²   |
*sMTD   7 completed successfully ...        7 min, 17.497 sec
  :::::::::: starting static MTD  25 ::::::::::
  |   MD simulation time   :    33.0 ps       |
  |   target T             :   400.0 K        |
  |   timestep dt          :     5.0 fs       |
  |   dump interval(trj)   :   100.0 fs       |
  |   SHAKE algorithm      : true (all bonds) |
  |   Vbias prefactor (k)  :  0.0036 Eh       |
  |   Vbias exponent (α)   :  1.0000 bohr⁻²   |
*sMTD   4 completed successfully ...        7 min, 17.638 sec
  :::::::::: starting static MTD  26 ::::::::::
  |   MD simulation time   :    33.0 ps       |
  |   target T             :   400.0 K        |
  |   timestep dt          :     5.0 fs       |
  |   dump interval(trj)   :   100.0 fs       |
  |   SHAKE algorithm      : true (all bonds) |
  |   Vbias prefactor (k)  :  0.0036 Eh       |
  |   Vbias exponent (α)   :  1.0000 bohr⁻²   |
*sMTD   5 completed successfully ...        7 min, 17.988 sec
  :::::::::: starting static MTD  27 ::::::::::
  |   MD simulation time   :    33.0 ps       |
  |   target T             :   400.0 K        |
  |   timestep dt          :     5.0 fs       |
  |   dump interval(trj)   :   100.0 fs       |
  |   SHAKE algorithm      : true (all bonds) |
  |   Vbias prefactor (k)  :  0.0036 Eh       |
  |   Vbias exponent (α)   :  1.0000 bohr⁻²   |
*sMTD  15 completed successfully ...        7 min, 18.100 sec
  :::::::::: starting static MTD  28 ::::::::::
  |   MD simulation time   :    33.0 ps       |
  |   target T             :   400.0 K        |
  |   timestep dt          :     5.0 fs       |
  |   dump interval(trj)   :   100.0 fs       |
  |   SHAKE algorithm      : true (all bonds) |
  |   Vbias prefactor (k)  :  0.0036 Eh       |
  |   Vbias exponent (α)   :  1.0000 bohr⁻²   |
*sMTD  13 completed successfully ...        7 min, 23.230 sec
  :::::::::: starting static MTD  29 ::::::::::
  |   MD simulation time   :    33.0 ps       |
  |   target T             :   400.0 K        |
  |   timestep dt          :     5.0 fs       |
  |   dump interval(trj)   :   100.0 fs       |
  |   SHAKE algorithm      : true (all bonds) |
  |   Vbias prefactor (k)  :  0.0036 Eh       |
  |   Vbias exponent (α)   :  1.0000 bohr⁻²   |
*sMTD   2 completed successfully ...        7 min, 23.739 sec
  :::::::::: starting static MTD  30 ::::::::::
  |   MD simulation time   :    33.0 ps       |
  |   target T             :   400.0 K        |
  |   timestep dt          :     5.0 fs       |
  |   dump interval(trj)   :   100.0 fs       |
  |   SHAKE algorithm      : true (all bonds) |
  |   Vbias prefactor (k)  :  0.0036 Eh       |
  |   Vbias exponent (α)   :  1.0000 bohr⁻²   |
*sMTD  21 completed successfully ...        7 min, 15.596 sec
  :::::::::: starting static MTD  31 ::::::::::
  |   MD simulation time   :    33.0 ps       |
  |   target T             :   400.0 K        |
  |   timestep dt          :     5.0 fs       |
  |   dump interval(trj)   :   100.0 fs       |
  |   SHAKE algorithm      : true (all bonds) |
  |   Vbias prefactor (k)  :  0.0036 Eh       |
  |   Vbias exponent (α)   :  1.0000 bohr⁻²   |
*sMTD  17 completed successfully ...        7 min, 16.662 sec
  :::::::::: starting static MTD  32 ::::::::::
  |   MD simulation time   :    33.0 ps       |
  |   target T             :   400.0 K        |
  |   timestep dt          :     5.0 fs       |
  |   dump interval(trj)   :   100.0 fs       |
  |   SHAKE algorithm      : true (all bonds) |
  |   Vbias prefactor (k)  :  0.0036 Eh       |
  |   Vbias exponent (α)   :  1.0000 bohr⁻²   |
*sMTD  18 completed successfully ...        7 min, 16.727 sec
  :::::::::: starting static MTD  33 ::::::::::
  |   MD simulation time   :    33.0 ps       |
  |   target T             :   400.0 K        |
  |   timestep dt          :     5.0 fs       |
  |   dump interval(trj)   :   100.0 fs       |
  |   SHAKE algorithm      : true (all bonds) |
  |   Vbias prefactor (k)  :  0.0036 Eh       |
  |   Vbias exponent (α)   :  1.0000 bohr⁻²   |
*sMTD  19 completed successfully ...        7 min, 16.493 sec
  :::::::::: starting static MTD  34 ::::::::::
  |   MD simulation time   :    33.0 ps       |
  |   target T             :   400.0 K        |
  |   timestep dt          :     5.0 fs       |
  |   dump interval(trj)   :   100.0 fs       |
  |   SHAKE algorithm      : true (all bonds) |
  |   Vbias prefactor (k)  :  0.0036 Eh       |
  |   Vbias exponent (α)   :  1.0000 bohr⁻²   |
*sMTD  16 completed successfully ...        7 min, 18.458 sec
*sMTD  24 completed successfully ...        7 min, 15.799 sec
*sMTD  20 completed successfully ...        7 min, 18.111 sec
*sMTD  27 completed successfully ...        7 min, 16.125 sec
*sMTD  26 completed successfully ...        7 min, 16.610 sec
*sMTD  35 completed successfully ...        7 min, 18.383 sec
*sMTD  28 completed successfully ...        7 min, 17.071 sec
*sMTD  25 completed successfully ...        7 min, 17.990 sec
*sMTD  23 completed successfully ...        7 min, 19.258 sec
*sMTD  22 completed successfully ...        7 min, 19.834 sec
*sMTD  30 completed successfully ...        7 min, 15.724 sec
*sMTD  29 completed successfully ...        7 min, 18.177 sec
*sMTD  34 completed successfully ...        6 min,  8.423 sec
*sMTD  31 completed successfully ...        6 min, 11.119 sec
*sMTD  32 completed successfully ...        6 min, 11.594 sec
*sMTD  33 completed successfully ...        6 min, 11.925 sec

 ======================================
 |  Multilevel Ensemble Optimization  |
 ======================================
 Optimizing all 11844 structures from file "crest_rotamers_0.xyz" ...
 ----------------------
 crude pre-optimization
 ----------------------
 Optimization engine: ANCOPT
 Hessian update type: BFGS
 E/G convergence criteria:  0.500E-03 Eh, 0.100E-01 Eh/a0
 maximum optimization steps: 200
 |>0.0% |>2.5% |>5.0% |>7.5% |>10.0% |>12.5% |>15.0% |>17.5% |>20.0% |>22.5% |>25.0% |>27.5% |>30.0% |>32.5% |>35.0% |>37.5% |>40.0% |>42.5% |>45.0% |>47.5% |>50.0% |>52.5% |>55.0% |>57.5% |>60.0% |>62.5% |>65.0% |>67.5% |>70.0% |>72.5% |>75.0% |>77.5% |>80.0% |>82.5% |>85.0% |>87.5% |>90.0% |>92.5% |>95.0% |>97.5% |>100.0%
 done.
> 11844 of 11844 structures successfully optimized (100.0% success)
> Total runtime for 11844 optimizations:
 * wall-time:     0 d,  0 h, 12 min, 10.635 sec
 *  cpu-time:     0 d,  3 h, 13 min, 36.261 sec
 * ratio c/w:    15.899 speedup
> Corresponding to approximately 0.062 sec per processed structure

CREGEN> running RMSDs ... done.
CREGEN> E lowest :   -74.20783
 11712 structures remain within    12.00 kcal/mol window
 ---------------------------------------
 optimization with very tight thresholds
 ---------------------------------------
 Optimization engine: ANCOPT
 Hessian update type: BFGS
 E/G convergence criteria:  0.100E-06 Eh, 0.200E-03 Eh/a0
 maximum optimization steps: 200
 |>0.0% |>2.5% |>5.0% |>7.5% |>10.0% |>12.5% |>15.0% |>17.5% |>20.0% |>22.5% |>25.0% |>27.5% |>30.0% |>32.5% |>35.0% |>37.5% |>40.0% |>42.5% |>45.0% |>47.5% |>50.0% |>52.5% |>55.0% |>57.5% |>60.0% |>62.5% |>65.0% |>67.5% |>70.0% |>72.5% |>75.0% |>77.5% |>80.0% |>82.5% |>85.0% |>87.5% |>90.0% |>92.5% |>95.0% |>97.5% |>100.0%
 done.
> 10505 of 11712 structures successfully optimized (89.7% success)
> Total runtime for 11712 optimizations:
 * wall-time:     0 d,  1 h, 16 min, 59.856 sec
 *  cpu-time:     0 d, 20 h, 27 min, 57.734 sec
 * ratio c/w:    15.948 speedup
> Corresponding to approximately 0.394 sec per processed structure

CREGEN> running RMSDs ... done.
CREGEN> E lowest :   -74.20934
 5570 structures remain within     6.00 kcal/mol window
CREGEN> running RMSDs ... done.
CREGEN> E lowest :   -74.20934

 Static MTD simulation iteration 14 finished
 A total of 8575 conformers (+ 2.51%) in crest_conformers.xyz
 S(approx.) =   14.609627 cal/molK (dS = 0.16%)
 Convergence w.r.t. conformers: F
 Convergence w.r.t. entropy   : T

     H(298.15K)-H(0) (conf)      1.592103
                   Cp(conf)      3.827320
                    S(conf)     14.605613

********************************************************************************
**                     I T E R A T I O N    C Y C L E     15                  **
********************************************************************************
 -------------------------------------------
 determining bias structures via PCA/k-Means
 -------------------------------------------

 541 structures were selected
 done.

 -----------------------------------------------
 determining MTD seed structures via PCA/k-Means
 -----------------------------------------------

 36 structures were selected
 done.


 ===========================================================
 Static MTDs (umbrella sampling) on 36 selected conformer(s)
 ===========================================================
> Using 541 constant RMSD bias potentials per MTD
  :::::::::: starting static MTD   1 ::::::::::
  |   MD simulation time   :    33.0 ps       |
  |   target T             :   400.0 K        |
  |   timestep dt          :     5.0 fs       |
  |   dump interval(trj)   :   100.0 fs       |
  |   SHAKE algorithm      : true (all bonds) |
  |   Vbias prefactor (k)  :  0.0036 Eh       |
  |   Vbias exponent (α)   :  1.0000 bohr⁻²   |
  :::::::::: starting static MTD   2 ::::::::::
  |   MD simulation time   :    33.0 ps       |
  |   target T             :   400.0 K        |
  |   timestep dt          :     5.0 fs       |
  |   dump interval(trj)   :   100.0 fs       |
  |   SHAKE algorithm      : true (all bonds) |
  |   Vbias prefactor (k)  :  0.0036 Eh       |
  |   Vbias exponent (α)   :  1.0000 bohr⁻²   |
  :::::::::: starting static MTD   3 ::::::::::
  |   MD simulation time   :    33.0 ps       |
  |   target T             :   400.0 K        |
  |   timestep dt          :     5.0 fs       |
  |   dump interval(trj)   :   100.0 fs       |
  |   SHAKE algorithm      : true (all bonds) |
  |   Vbias prefactor (k)  :  0.0036 Eh       |
  |   Vbias exponent (α)   :  1.0000 bohr⁻²   |
  :::::::::: starting static MTD   8 ::::::::::
  |   MD simulation time   :    33.0 ps       |
  |   target T             :   400.0 K        |
  |   timestep dt          :     5.0 fs       |
  |   dump interval(trj)   :   100.0 fs       |
  |   SHAKE algorithm      : true (all bonds) |
  |   Vbias prefactor (k)  :  0.0036 Eh       |
  |   Vbias exponent (α)   :  1.0000 bohr⁻²   |
  :::::::::: starting static MTD  11 ::::::::::
  |   MD simulation time   :    33.0 ps       |
  |   target T             :   400.0 K        |
  |   timestep dt          :     5.0 fs       |
  |   dump interval(trj)   :   100.0 fs       |
  |   SHAKE algorithm      : true (all bonds) |
  |   Vbias prefactor (k)  :  0.0036 Eh       |
  |   Vbias exponent (α)   :  1.0000 bohr⁻²   |
  :::::::::: starting static MTD  36 ::::::::::
  |   MD simulation time   :    33.0 ps       |
  |   target T             :   400.0 K        |
  |   timestep dt          :     5.0 fs       |
  |   dump interval(trj)   :   100.0 fs       |
  |   SHAKE algorithm      : true (all bonds) |
  |   Vbias prefactor (k)  :  0.0036 Eh       |
  |   Vbias exponent (α)   :  1.0000 bohr⁻²   |
  :::::::::: starting static MTD   6 ::::::::::
  |   MD simulation time   :    33.0 ps       |
  |   target T             :   400.0 K        |
  |   timestep dt          :     5.0 fs       |
  |   dump interval(trj)   :   100.0 fs       |
  |   SHAKE algorithm      : true (all bonds) |
  |   Vbias prefactor (k)  :  0.0036 Eh       |
  |   Vbias exponent (α)   :  1.0000 bohr⁻²   |
  :::::::::: starting static MTD  12 ::::::::::
  |   MD simulation time   :    33.0 ps       |
  |   target T             :   400.0 K        |
  |   timestep dt          :     5.0 fs       |
  |   dump interval(trj)   :   100.0 fs       |
  |   SHAKE algorithm      : true (all bonds) |
  |   Vbias prefactor (k)  :  0.0036 Eh       |
  |   Vbias exponent (α)   :  1.0000 bohr⁻²   |
  :::::::::: starting static MTD   7 ::::::::::
  |   MD simulation time   :    33.0 ps       |
  |   target T             :   400.0 K        |
  |   timestep dt          :     5.0 fs       |
  |   dump interval(trj)   :   100.0 fs       |
  |   SHAKE algorithm      : true (all bonds) |
  |   Vbias prefactor (k)  :  0.0036 Eh       |
  |   Vbias exponent (α)   :  1.0000 bohr⁻²   |
  :::::::::: starting static MTD   5 ::::::::::
  |   MD simulation time   :    33.0 ps       |
  |   target T             :   400.0 K        |
  |   timestep dt          :     5.0 fs       |
  |   dump interval(trj)   :   100.0 fs       |
  |   SHAKE algorithm      : true (all bonds) |
  |   Vbias prefactor (k)  :  0.0036 Eh       |
  |   Vbias exponent (α)   :  1.0000 bohr⁻²   |
  :::::::::: starting static MTD  13 ::::::::::
  |   MD simulation time   :    33.0 ps       |
  |   target T             :   400.0 K        |
  |   timestep dt          :     5.0 fs       |
  |   dump interval(trj)   :   100.0 fs       |
  |   SHAKE algorithm      : true (all bonds) |
  |   Vbias prefactor (k)  :  0.0036 Eh       |
  |   Vbias exponent (α)   :  1.0000 bohr⁻²   |
  :::::::::: starting static MTD   4 ::::::::::
  |   MD simulation time   :    33.0 ps       |
  |   target T             :   400.0 K        |
  |   timestep dt          :     5.0 fs       |
  |   dump interval(trj)   :   100.0 fs       |
  |   SHAKE algorithm      : true (all bonds) |
  |   Vbias prefactor (k)  :  0.0036 Eh       |
  |   Vbias exponent (α)   :  1.0000 bohr⁻²   |
  :::::::::: starting static MTD  10 ::::::::::
  |   MD simulation time   :    33.0 ps       |
  |   target T             :   400.0 K        |
  |   timestep dt          :     5.0 fs       |
  |   dump interval(trj)   :   100.0 fs       |
  |   SHAKE algorithm      : true (all bonds) |
  |   Vbias prefactor (k)  :  0.0036 Eh       |
  |   Vbias exponent (α)   :  1.0000 bohr⁻²   |
  :::::::::: starting static MTD   9 ::::::::::
  |   MD simulation time   :    33.0 ps       |
  |   target T             :   400.0 K        |
  |   timestep dt          :     5.0 fs       |
  |   dump interval(trj)   :   100.0 fs       |
  |   SHAKE algorithm      : true (all bonds) |
  |   Vbias prefactor (k)  :  0.0036 Eh       |
  |   Vbias exponent (α)   :  1.0000 bohr⁻²   |
  :::::::::: starting static MTD  15 ::::::::::
  |   MD simulation time   :    33.0 ps       |
  |   target T             :   400.0 K        |
  |   timestep dt          :     5.0 fs       |
  |   dump interval(trj)   :   100.0 fs       |
  |   SHAKE algorithm      : true (all bonds) |
  |   Vbias prefactor (k)  :  0.0036 Eh       |
  |   Vbias exponent (α)   :  1.0000 bohr⁻²   |
  :::::::::: starting static MTD  14 ::::::::::
  |   MD simulation time   :    33.0 ps       |
  |   target T             :   400.0 K        |
  |   timestep dt          :     5.0 fs       |
  |   dump interval(trj)   :   100.0 fs       |
  |   SHAKE algorithm      : true (all bonds) |
  |   Vbias prefactor (k)  :  0.0036 Eh       |
  |   Vbias exponent (α)   :  1.0000 bohr⁻²   |
*sMTD  11 completed successfully ...        7 min, 15.102 sec
  :::::::::: starting static MTD  16 ::::::::::
  |   MD simulation time   :    33.0 ps       |
  |   target T             :   400.0 K        |
  |   timestep dt          :     5.0 fs       |
  |   dump interval(trj)   :   100.0 fs       |
  |   SHAKE algorithm      : true (all bonds) |
  |   Vbias prefactor (k)  :  0.0036 Eh       |
  |   Vbias exponent (α)   :  1.0000 bohr⁻²   |
*sMTD   3 completed successfully ...        7 min, 15.974 sec
  :::::::::: starting static MTD  17 ::::::::::
  |   MD simulation time   :    33.0 ps       |
  |   target T             :   400.0 K        |
  |   timestep dt          :     5.0 fs       |
  |   dump interval(trj)   :   100.0 fs       |
  |   SHAKE algorithm      : true (all bonds) |
  |   Vbias prefactor (k)  :  0.0036 Eh       |
  |   Vbias exponent (α)   :  1.0000 bohr⁻²   |
*sMTD  12 completed successfully ...        7 min, 16.100 sec
  :::::::::: starting static MTD  18 ::::::::::
  |   MD simulation time   :    33.0 ps       |
  |   target T             :   400.0 K        |
  |   timestep dt          :     5.0 fs       |
  |   dump interval(trj)   :   100.0 fs       |
  |   SHAKE algorithm      : true (all bonds) |
  |   Vbias prefactor (k)  :  0.0036 Eh       |
  |   Vbias exponent (α)   :  1.0000 bohr⁻²   |
*sMTD   9 completed successfully ...        7 min, 16.712 sec
  :::::::::: starting static MTD  19 ::::::::::
  |   MD simulation time   :    33.0 ps       |
  |   target T             :   400.0 K        |
  |   timestep dt          :     5.0 fs       |
  |   dump interval(trj)   :   100.0 fs       |
  |   SHAKE algorithm      : true (all bonds) |
  |   Vbias prefactor (k)  :  0.0036 Eh       |
  |   Vbias exponent (α)   :  1.0000 bohr⁻²   |
*sMTD   6 completed successfully ...        7 min, 17.533 sec
  :::::::::: starting static MTD  20 ::::::::::
  |   MD simulation time   :    33.0 ps       |
  |   target T             :   400.0 K        |
  |   timestep dt          :     5.0 fs       |
  |   dump interval(trj)   :   100.0 fs       |
  |   SHAKE algorithm      : true (all bonds) |
  |   Vbias prefactor (k)  :  0.0036 Eh       |
  |   Vbias exponent (α)   :  1.0000 bohr⁻²   |
*sMTD   1 completed successfully ...        7 min, 17.614 sec
  :::::::::: starting static MTD  21 ::::::::::
  |   MD simulation time   :    33.0 ps       |
  |   target T             :   400.0 K        |
  |   timestep dt          :     5.0 fs       |
  |   dump interval(trj)   :   100.0 fs       |
  |   SHAKE algorithm      : true (all bonds) |
  |   Vbias prefactor (k)  :  0.0036 Eh       |
  |   Vbias exponent (α)   :  1.0000 bohr⁻²   |
*sMTD   5 completed successfully ...        7 min, 18.148 sec
  :::::::::: starting static MTD  22 ::::::::::
  |   MD simulation time   :    33.0 ps       |
  |   target T             :   400.0 K        |
  |   timestep dt          :     5.0 fs       |
  |   dump interval(trj)   :   100.0 fs       |
  |   SHAKE algorithm      : true (all bonds) |
  |   Vbias prefactor (k)  :  0.0036 Eh       |
  |   Vbias exponent (α)   :  1.0000 bohr⁻²   |
*sMTD  15 completed successfully ...        7 min, 18.333 sec
  :::::::::: starting static MTD  23 ::::::::::
  |   MD simulation time   :    33.0 ps       |
  |   target T             :   400.0 K        |
  |   timestep dt          :     5.0 fs       |
  |   dump interval(trj)   :   100.0 fs       |
  |   SHAKE algorithm      : true (all bonds) |
  |   Vbias prefactor (k)  :  0.0036 Eh       |
  |   Vbias exponent (α)   :  1.0000 bohr⁻²   |
*sMTD   4 completed successfully ...        7 min, 18.661 sec
  :::::::::: starting static MTD  24 ::::::::::
  |   MD simulation time   :    33.0 ps       |
  |   target T             :   400.0 K        |
  |   timestep dt          :     5.0 fs       |
  |   dump interval(trj)   :   100.0 fs       |
  |   SHAKE algorithm      : true (all bonds) |
  |   Vbias prefactor (k)  :  0.0036 Eh       |
  |   Vbias exponent (α)   :  1.0000 bohr⁻²   |
*sMTD   7 completed successfully ...        7 min, 18.900 sec
  :::::::::: starting static MTD  25 ::::::::::
  |   MD simulation time   :    33.0 ps       |
  |   target T             :   400.0 K        |
  |   timestep dt          :     5.0 fs       |
  |   dump interval(trj)   :   100.0 fs       |
  |   SHAKE algorithm      : true (all bonds) |
  |   Vbias prefactor (k)  :  0.0036 Eh       |
  |   Vbias exponent (α)   :  1.0000 bohr⁻²   |
*sMTD   2 completed successfully ...        7 min, 19.087 sec
  :::::::::: starting static MTD  26 ::::::::::
  |   MD simulation time   :    33.0 ps       |
  |   target T             :   400.0 K        |
  |   timestep dt          :     5.0 fs       |
  |   dump interval(trj)   :   100.0 fs       |
  |   SHAKE algorithm      : true (all bonds) |
  |   Vbias prefactor (k)  :  0.0036 Eh       |
  |   Vbias exponent (α)   :  1.0000 bohr⁻²   |
*sMTD  36 completed successfully ...        7 min, 19.512 sec
  :::::::::: starting static MTD  35 ::::::::::
  |   MD simulation time   :    33.0 ps       |
  |   target T             :   400.0 K        |
  |   timestep dt          :     5.0 fs       |
  |   dump interval(trj)   :   100.0 fs       |
  |   SHAKE algorithm      : true (all bonds) |
  |   Vbias prefactor (k)  :  0.0036 Eh       |
  |   Vbias exponent (α)   :  1.0000 bohr⁻²   |
*sMTD  13 completed successfully ...        7 min, 19.547 sec
  :::::::::: starting static MTD  27 ::::::::::
  |   MD simulation time   :    33.0 ps       |
  |   target T             :   400.0 K        |
  |   timestep dt          :     5.0 fs       |
  |   dump interval(trj)   :   100.0 fs       |
  |   SHAKE algorithm      : true (all bonds) |
  |   Vbias prefactor (k)  :  0.0036 Eh       |
  |   Vbias exponent (α)   :  1.0000 bohr⁻²   |
*sMTD  10 completed successfully ...        7 min, 19.553 sec
  :::::::::: starting static MTD  28 ::::::::::
  |   MD simulation time   :    33.0 ps       |
  |   target T             :   400.0 K        |
  |   timestep dt          :     5.0 fs       |
  |   dump interval(trj)   :   100.0 fs       |
  |   SHAKE algorithm      : true (all bonds) |
  |   Vbias prefactor (k)  :  0.0036 Eh       |
  |   Vbias exponent (α)   :  1.0000 bohr⁻²   |
*sMTD  14 completed successfully ...        7 min, 19.561 sec
  :::::::::: starting static MTD  29 ::::::::::
  |   MD simulation time   :    33.0 ps       |
  |   target T             :   400.0 K        |
  |   timestep dt          :     5.0 fs       |
  |   dump interval(trj)   :   100.0 fs       |
  |   SHAKE algorithm      : true (all bonds) |
  |   Vbias prefactor (k)  :  0.0036 Eh       |
  |   Vbias exponent (α)   :  1.0000 bohr⁻²   |
*sMTD   8 completed successfully ...        7 min, 20.982 sec
  :::::::::: starting static MTD  30 ::::::::::
  |   MD simulation time   :    33.0 ps       |
  |   target T             :   400.0 K        |
  |   timestep dt          :     5.0 fs       |
  |   dump interval(trj)   :   100.0 fs       |
  |   SHAKE algorithm      : true (all bonds) |
  |   Vbias prefactor (k)  :  0.0036 Eh       |
  |   Vbias exponent (α)   :  1.0000 bohr⁻²   |
*sMTD  16 completed successfully ...        7 min, 18.998 sec
  :::::::::: starting static MTD  31 ::::::::::
  |   MD simulation time   :    33.0 ps       |
  |   target T             :   400.0 K        |
  |   timestep dt          :     5.0 fs       |
  |   dump interval(trj)   :   100.0 fs       |
  |   SHAKE algorithm      : true (all bonds) |
  |   Vbias prefactor (k)  :  0.0036 Eh       |
  |   Vbias exponent (α)   :  1.0000 bohr⁻²   |
*sMTD  20 completed successfully ...        7 min, 18.402 sec
  :::::::::: starting static MTD  32 ::::::::::
  |   MD simulation time   :    33.0 ps       |
  |   target T             :   400.0 K        |
  |   timestep dt          :     5.0 fs       |
  |   dump interval(trj)   :   100.0 fs       |
  |   SHAKE algorithm      : true (all bonds) |
  |   Vbias prefactor (k)  :  0.0036 Eh       |
  |   Vbias exponent (α)   :  1.0000 bohr⁻²   |
*sMTD  18 completed successfully ...        7 min, 20.061 sec
  :::::::::: starting static MTD  33 ::::::::::
  |   MD simulation time   :    33.0 ps       |
  |   target T             :   400.0 K        |
  |   timestep dt          :     5.0 fs       |
  |   dump interval(trj)   :   100.0 fs       |
  |   SHAKE algorithm      : true (all bonds) |
  |   Vbias prefactor (k)  :  0.0036 Eh       |
  |   Vbias exponent (α)   :  1.0000 bohr⁻²   |
*sMTD  19 completed successfully ...        7 min, 19.446 sec
  :::::::::: starting static MTD  34 ::::::::::
  |   MD simulation time   :    33.0 ps       |
  |   target T             :   400.0 K        |
  |   timestep dt          :     5.0 fs       |
  |   dump interval(trj)   :   100.0 fs       |
  |   SHAKE algorithm      : true (all bonds) |
  |   Vbias prefactor (k)  :  0.0036 Eh       |
  |   Vbias exponent (α)   :  1.0000 bohr⁻²   |
*sMTD  21 completed successfully ...        7 min, 19.615 sec
*sMTD  22 completed successfully ...        7 min, 19.570 sec
*sMTD  35 completed successfully ...        7 min, 18.352 sec
*sMTD  17 completed successfully ...        7 min, 22.014 sec
*sMTD  28 completed successfully ...        7 min, 18.611 sec
*sMTD  25 completed successfully ...        7 min, 19.407 sec
*sMTD  24 completed successfully ...        7 min, 20.112 sec
*sMTD  29 completed successfully ...        7 min, 19.599 sec
*sMTD  26 completed successfully ...        7 min, 20.668 sec
*sMTD  30 completed successfully ...        7 min, 19.343 sec
*sMTD  23 completed successfully ...        7 min, 22.930 sec
*sMTD  27 completed successfully ...        7 min, 21.721 sec
*sMTD  31 completed successfully ...        6 min, 12.992 sec
*sMTD  34 completed successfully ...        6 min, 11.755 sec
*sMTD  32 completed successfully ...        6 min, 13.007 sec
*sMTD  33 completed successfully ...        6 min, 13.430 sec

 ======================================
 |  Multilevel Ensemble Optimization  |
 ======================================
 Optimizing all 11844 structures from file "crest_rotamers_0.xyz" ...
 ----------------------
 crude pre-optimization
 ----------------------
 Optimization engine: ANCOPT
 Hessian update type: BFGS
 E/G convergence criteria:  0.500E-03 Eh, 0.100E-01 Eh/a0
 maximum optimization steps: 200
 |>0.0% |>2.5% |>5.0% |>7.5% |>10.0% |>12.5% |>15.0% |>17.5% |>20.0% |>22.5% |>25.0% |>27.5% |>30.0% |>32.5% |>35.0% |>37.5% |>40.0% |>42.5% |>45.0% |>47.5% |>50.0% |>52.5% |>55.0% |>57.5% |>60.0% |>62.5% |>65.0% |>67.5% |>70.0% |>72.5% |>75.0% |>77.5% |>80.0% |>82.5% |>85.0% |>87.5% |>90.0% |>92.5% |>95.0% |>97.5% |>100.0%
 done.
> 11844 of 11844 structures successfully optimized (100.0% success)
> Total runtime for 11844 optimizations:
 * wall-time:     0 d,  0 h, 12 min, 19.416 sec
 *  cpu-time:     0 d,  3 h, 16 min,  7.199 sec
 * ratio c/w:    15.914 speedup
> Corresponding to approximately 0.062 sec per processed structure

CREGEN> running RMSDs ... done.
CREGEN> E lowest :   -74.20828
 11689 structures remain within    12.00 kcal/mol window
 ---------------------------------------
 optimization with very tight thresholds
 ---------------------------------------
 Optimization engine: ANCOPT
 Hessian update type: BFGS
 E/G convergence criteria:  0.100E-06 Eh, 0.200E-03 Eh/a0
 maximum optimization steps: 200
 |>0.0% |>2.5% |>5.0% |>7.5% |>10.0% |>12.5% |>15.0% |>17.5% |>20.0% |>22.5% |>25.0% |>27.5% |>30.0% |>32.5% |>35.0% |>37.5% |>40.0% |>42.5% |>45.0% |>47.5% |>50.0% |>52.5% |>55.0% |>57.5% |>60.0% |>62.5% |>65.0% |>67.5% |>70.0% |>72.5% |>75.0% |>77.5% |>80.0% |>82.5% |>85.0% |>87.5% |>90.0% |>92.5% |>95.0% |>97.5% |>100.0%
 done.
> 10516 of 11689 structures successfully optimized (90.0% success)
> Total runtime for 11689 optimizations:
 * wall-time:     0 d,  1 h, 15 min, 15.888 sec
 *  cpu-time:     0 d, 19 h, 59 min, 47.232 sec
 * ratio c/w:    15.941 speedup
> Corresponding to approximately 0.386 sec per processed structure

CREGEN> running RMSDs ... done.
CREGEN> E lowest :   -74.20934
 5410 structures remain within     6.00 kcal/mol window
CREGEN> running RMSDs ... done.
CREGEN> E lowest :   -74.20934

 Static MTD simulation iteration 15 finished
 A total of 8770 conformers (+ 2.22%) in crest_conformers.xyz
 S(approx.) =   14.631623 cal/molK (dS = 0.15%)
 Convergence w.r.t. conformers: F
 Convergence w.r.t. entropy   : T

     H(298.15K)-H(0) (conf)      1.597430
                   Cp(conf)      3.867292
                    S(conf)     14.627595

********************************************************************************
**                     I T E R A T I O N    C Y C L E     16                  **
********************************************************************************
 -------------------------------------------
 determining bias structures via PCA/k-Means
 -------------------------------------------

 683 structures were selected
 done.

 -----------------------------------------------
 determining MTD seed structures via PCA/k-Means
 -----------------------------------------------

 36 structures were selected
 done.


 ===========================================================
 Static MTDs (umbrella sampling) on 36 selected conformer(s)
 ===========================================================
> Using 683 constant RMSD bias potentials per MTD
  :::::::::: starting static MTD   1 ::::::::::
  |   MD simulation time   :    33.0 ps       |
  |   target T             :   400.0 K        |
  |   timestep dt          :     5.0 fs       |
  |   dump interval(trj)   :   100.0 fs       |
  |   SHAKE algorithm      : true (all bonds) |
  |   Vbias prefactor (k)  :  0.0036 Eh       |
  |   Vbias exponent (α)   :  1.0000 bohr⁻²   |
  :::::::::: starting static MTD   2 ::::::::::
  |   MD simulation time   :    33.0 ps       |
  |   target T             :   400.0 K        |
  |   timestep dt          :     5.0 fs       |
  |   dump interval(trj)   :   100.0 fs       |
  |   SHAKE algorithm      : true (all bonds) |
  |   Vbias prefactor (k)  :  0.0036 Eh       |
  |   Vbias exponent (α)   :  1.0000 bohr⁻²   |
  :::::::::: starting static MTD  36 ::::::::::
  |   MD simulation time   :    33.0 ps       |
  |   target T             :   400.0 K        |
  |   timestep dt          :     5.0 fs       |
  |   dump interval(trj)   :   100.0 fs       |
  |   SHAKE algorithm      : true (all bonds) |
  |   Vbias prefactor (k)  :  0.0036 Eh       |
  |   Vbias exponent (α)   :  1.0000 bohr⁻²   |
  :::::::::: starting static MTD   6 ::::::::::
  |   MD simulation time   :    33.0 ps       |
  |   target T             :   400.0 K        |
  |   timestep dt          :     5.0 fs       |
  |   dump interval(trj)   :   100.0 fs       |
  |   SHAKE algorithm      : true (all bonds) |
  |   Vbias prefactor (k)  :  0.0036 Eh       |
  |   Vbias exponent (α)   :  1.0000 bohr⁻²   |
  :::::::::: starting static MTD  14 ::::::::::
  |   MD simulation time   :    33.0 ps       |
  |   target T             :   400.0 K        |
  |   timestep dt          :     5.0 fs       |
  |   dump interval(trj)   :   100.0 fs       |
  |   SHAKE algorithm      : true (all bonds) |
  |   Vbias prefactor (k)  :  0.0036 Eh       |
  |   Vbias exponent (α)   :  1.0000 bohr⁻²   |
  :::::::::: starting static MTD   5 ::::::::::
  |   MD simulation time   :    33.0 ps       |
  |   target T             :   400.0 K        |
  |   timestep dt          :     5.0 fs       |
  |   dump interval(trj)   :   100.0 fs       |
  |   SHAKE algorithm      : true (all bonds) |
  |   Vbias prefactor (k)  :  0.0036 Eh       |
  |   Vbias exponent (α)   :  1.0000 bohr⁻²   |
  :::::::::: starting static MTD  15 ::::::::::
  |   MD simulation time   :    33.0 ps       |
  |   target T             :   400.0 K        |
  |   timestep dt          :     5.0 fs       |
  |   dump interval(trj)   :   100.0 fs       |
  |   SHAKE algorithm      : true (all bonds) |
  |   Vbias prefactor (k)  :  0.0036 Eh       |
  |   Vbias exponent (α)   :  1.0000 bohr⁻²   |
  :::::::::: starting static MTD  11 ::::::::::
  |   MD simulation time   :    33.0 ps       |
  |   target T             :   400.0 K        |
  |   timestep dt          :     5.0 fs       |
  |   dump interval(trj)   :   100.0 fs       |
  |   SHAKE algorithm      : true (all bonds) |
  |   Vbias prefactor (k)  :  0.0036 Eh       |
  |   Vbias exponent (α)   :  1.0000 bohr⁻²   |
  :::::::::: starting static MTD   4 ::::::::::
  |   MD simulation time   :    33.0 ps       |
  |   target T             :   400.0 K        |
  |   timestep dt          :     5.0 fs       |
  |   dump interval(trj)   :   100.0 fs       |
  |   SHAKE algorithm      : true (all bonds) |
  |   Vbias prefactor (k)  :  0.0036 Eh       |
  |   Vbias exponent (α)   :  1.0000 bohr⁻²   |
  :::::::::: starting static MTD   3 ::::::::::
  |   MD simulation time   :    33.0 ps       |
  |   target T             :   400.0 K        |
  |   timestep dt          :     5.0 fs       |
  |   dump interval(trj)   :   100.0 fs       |
  |   SHAKE algorithm      : true (all bonds) |
  |   Vbias prefactor (k)  :  0.0036 Eh       |
  |   Vbias exponent (α)   :  1.0000 bohr⁻²   |
  :::::::::: starting static MTD   7 ::::::::::
  |   MD simulation time   :    33.0 ps       |
  |   target T             :   400.0 K        |
  |   timestep dt          :     5.0 fs       |
  |   dump interval(trj)   :   100.0 fs       |
  |   SHAKE algorithm      : true (all bonds) |
  |   Vbias prefactor (k)  :  0.0036 Eh       |
  |   Vbias exponent (α)   :  1.0000 bohr⁻²   |
  :::::::::: starting static MTD  12 ::::::::::
  |   MD simulation time   :    33.0 ps       |
  |   target T             :   400.0 K        |
  |   timestep dt          :     5.0 fs       |
  |   dump interval(trj)   :   100.0 fs       |
  |   SHAKE algorithm      : true (all bonds) |
  |   Vbias prefactor (k)  :  0.0036 Eh       |
  |   Vbias exponent (α)   :  1.0000 bohr⁻²   |
  :::::::::: starting static MTD  10 ::::::::::
  |   MD simulation time   :    33.0 ps       |
  |   target T             :   400.0 K        |
  |   timestep dt          :     5.0 fs       |
  |   dump interval(trj)   :   100.0 fs       |
  |   SHAKE algorithm      : true (all bonds) |
  |   Vbias prefactor (k)  :  0.0036 Eh       |
  |   Vbias exponent (α)   :  1.0000 bohr⁻²   |
  :::::::::: starting static MTD   8 ::::::::::
  |   MD simulation time   :    33.0 ps       |
  |   target T             :   400.0 K        |
  |   timestep dt          :     5.0 fs       |
  |   dump interval(trj)   :   100.0 fs       |
  |   SHAKE algorithm      : true (all bonds) |
  |   Vbias prefactor (k)  :  0.0036 Eh       |
  |   Vbias exponent (α)   :  1.0000 bohr⁻²   |
  :::::::::: starting static MTD   9 ::::::::::
  |   MD simulation time   :    33.0 ps       |
  |   target T             :   400.0 K        |
  |   timestep dt          :     5.0 fs       |
  |   dump interval(trj)   :   100.0 fs       |
  |   SHAKE algorithm      : true (all bonds) |
  |   Vbias prefactor (k)  :  0.0036 Eh       |
  |   Vbias exponent (α)   :  1.0000 bohr⁻²   |
  :::::::::: starting static MTD  13 ::::::::::
  |   MD simulation time   :    33.0 ps       |
  |   target T             :   400.0 K        |
  |   timestep dt          :     5.0 fs       |
  |   dump interval(trj)   :   100.0 fs       |
  |   SHAKE algorithm      : true (all bonds) |
  |   Vbias prefactor (k)  :  0.0036 Eh       |
  |   Vbias exponent (α)   :  1.0000 bohr⁻²   |
*sMTD  14 completed successfully ...        7 min, 18.181 sec
  :::::::::: starting static MTD  16 ::::::::::
  |   MD simulation time   :    33.0 ps       |
  |   target T             :   400.0 K        |
  |   timestep dt          :     5.0 fs       |
  |   dump interval(trj)   :   100.0 fs       |
  |   SHAKE algorithm      : true (all bonds) |
  |   Vbias prefactor (k)  :  0.0036 Eh       |
  |   Vbias exponent (α)   :  1.0000 bohr⁻²   |
*sMTD  15 completed successfully ...        7 min, 19.353 sec
  :::::::::: starting static MTD  17 ::::::::::
  |   MD simulation time   :    33.0 ps       |
  |   target T             :   400.0 K        |
  |   timestep dt          :     5.0 fs       |
  |   dump interval(trj)   :   100.0 fs       |
  |   SHAKE algorithm      : true (all bonds) |
  |   Vbias prefactor (k)  :  0.0036 Eh       |
  |   Vbias exponent (α)   :  1.0000 bohr⁻²   |
*sMTD   8 completed successfully ...        7 min, 19.777 sec
  :::::::::: starting static MTD  18 ::::::::::
  |   MD simulation time   :    33.0 ps       |
  |   target T             :   400.0 K        |
  |   timestep dt          :     5.0 fs       |
  |   dump interval(trj)   :   100.0 fs       |
  |   SHAKE algorithm      : true (all bonds) |
  |   Vbias prefactor (k)  :  0.0036 Eh       |
  |   Vbias exponent (α)   :  1.0000 bohr⁻²   |
*sMTD  13 completed successfully ...        7 min, 20.000 sec
  :::::::::: starting static MTD  19 ::::::::::
  |   MD simulation time   :    33.0 ps       |
  |   target T             :   400.0 K        |
  |   timestep dt          :     5.0 fs       |
  |   dump interval(trj)   :   100.0 fs       |
  |   SHAKE algorithm      : true (all bonds) |
  |   Vbias prefactor (k)  :  0.0036 Eh       |
  |   Vbias exponent (α)   :  1.0000 bohr⁻²   |
*sMTD   2 completed successfully ...        7 min, 20.035 sec
  :::::::::: starting static MTD  20 ::::::::::
  |   MD simulation time   :    33.0 ps       |
  |   target T             :   400.0 K        |
  |   timestep dt          :     5.0 fs       |
  |   dump interval(trj)   :   100.0 fs       |
  |   SHAKE algorithm      : true (all bonds) |
  |   Vbias prefactor (k)  :  0.0036 Eh       |
  |   Vbias exponent (α)   :  1.0000 bohr⁻²   |
*sMTD  12 completed successfully ...        7 min, 20.494 sec
  :::::::::: starting static MTD  21 ::::::::::
  |   MD simulation time   :    33.0 ps       |
  |   target T             :   400.0 K        |
  |   timestep dt          :     5.0 fs       |
  |   dump interval(trj)   :   100.0 fs       |
  |   SHAKE algorithm      : true (all bonds) |
  |   Vbias prefactor (k)  :  0.0036 Eh       |
  |   Vbias exponent (α)   :  1.0000 bohr⁻²   |
*sMTD   3 completed successfully ...        7 min, 20.757 sec
  :::::::::: starting static MTD  22 ::::::::::
  |   MD simulation time   :    33.0 ps       |
  |   target T             :   400.0 K        |
  |   timestep dt          :     5.0 fs       |
  |   dump interval(trj)   :   100.0 fs       |
  |   SHAKE algorithm      : true (all bonds) |
  |   Vbias prefactor (k)  :  0.0036 Eh       |
  |   Vbias exponent (α)   :  1.0000 bohr⁻²   |
*sMTD   7 completed successfully ...        7 min, 22.039 sec
  :::::::::: starting static MTD  23 ::::::::::
  |   MD simulation time   :    33.0 ps       |
  |   target T             :   400.0 K        |
  |   timestep dt          :     5.0 fs       |
  |   dump interval(trj)   :   100.0 fs       |
  |   SHAKE algorithm      : true (all bonds) |
  |   Vbias prefactor (k)  :  0.0036 Eh       |
  |   Vbias exponent (α)   :  1.0000 bohr⁻²   |
*sMTD  36 completed successfully ...        7 min, 22.148 sec
  :::::::::: starting static MTD  35 ::::::::::
  |   MD simulation time   :    33.0 ps       |
  |   target T             :   400.0 K        |
  |   timestep dt          :     5.0 fs       |
  |   dump interval(trj)   :   100.0 fs       |
  |   SHAKE algorithm      : true (all bonds) |
  |   Vbias prefactor (k)  :  0.0036 Eh       |
  |   Vbias exponent (α)   :  1.0000 bohr⁻²   |
*sMTD   4 completed successfully ...        7 min, 22.266 sec
  :::::::::: starting static MTD  24 ::::::::::
  |   MD simulation time   :    33.0 ps       |
  |   target T             :   400.0 K        |
  |   timestep dt          :     5.0 fs       |
  |   dump interval(trj)   :   100.0 fs       |
  |   SHAKE algorithm      : true (all bonds) |
  |   Vbias prefactor (k)  :  0.0036 Eh       |
  |   Vbias exponent (α)   :  1.0000 bohr⁻²   |
*sMTD   9 completed successfully ...        7 min, 22.373 sec
  :::::::::: starting static MTD  25 ::::::::::
  |   MD simulation time   :    33.0 ps       |
  |   target T             :   400.0 K        |
  |   timestep dt          :     5.0 fs       |
  |   dump interval(trj)   :   100.0 fs       |
  |   SHAKE algorithm      : true (all bonds) |
  |   Vbias prefactor (k)  :  0.0036 Eh       |
  |   Vbias exponent (α)   :  1.0000 bohr⁻²   |
*sMTD   5 completed successfully ...        7 min, 22.511 sec
  :::::::::: starting static MTD  26 ::::::::::
  |   MD simulation time   :    33.0 ps       |
  |   target T             :   400.0 K        |
  |   timestep dt          :     5.0 fs       |
  |   dump interval(trj)   :   100.0 fs       |
  |   SHAKE algorithm      : true (all bonds) |
  |   Vbias prefactor (k)  :  0.0036 Eh       |
  |   Vbias exponent (α)   :  1.0000 bohr⁻²   |
*sMTD   6 completed successfully ...        7 min, 23.532 sec
  :::::::::: starting static MTD  27 ::::::::::
  |   MD simulation time   :    33.0 ps       |
  |   target T             :   400.0 K        |
  |   timestep dt          :     5.0 fs       |
  |   dump interval(trj)   :   100.0 fs       |
  |   SHAKE algorithm      : true (all bonds) |
  |   Vbias prefactor (k)  :  0.0036 Eh       |
  |   Vbias exponent (α)   :  1.0000 bohr⁻²   |
*sMTD  10 completed successfully ...        7 min, 23.712 sec
  :::::::::: starting static MTD  28 ::::::::::
  |   MD simulation time   :    33.0 ps       |
  |   target T             :   400.0 K        |
  |   timestep dt          :     5.0 fs       |
  |   dump interval(trj)   :   100.0 fs       |
  |   SHAKE algorithm      : true (all bonds) |
  |   Vbias prefactor (k)  :  0.0036 Eh       |
  |   Vbias exponent (α)   :  1.0000 bohr⁻²   |
*sMTD   1 completed successfully ...        7 min, 24.640 sec
  :::::::::: starting static MTD  29 ::::::::::
  |   MD simulation time   :    33.0 ps       |
  |   target T             :   400.0 K        |
  |   timestep dt          :     5.0 fs       |
  |   dump interval(trj)   :   100.0 fs       |
  |   SHAKE algorithm      : true (all bonds) |
  |   Vbias prefactor (k)  :  0.0036 Eh       |
  |   Vbias exponent (α)   :  1.0000 bohr⁻²   |
*sMTD  11 completed successfully ...        7 min, 24.830 sec
  :::::::::: starting static MTD  30 ::::::::::
  |   MD simulation time   :    33.0 ps       |
  |   target T             :   400.0 K        |
  |   timestep dt          :     5.0 fs       |
  |   dump interval(trj)   :   100.0 fs       |
  |   SHAKE algorithm      : true (all bonds) |
  |   Vbias prefactor (k)  :  0.0036 Eh       |
  |   Vbias exponent (α)   :  1.0000 bohr⁻²   |
*sMTD  16 completed successfully ...        7 min, 19.312 sec
  :::::::::: starting static MTD  31 ::::::::::
  |   MD simulation time   :    33.0 ps       |
  |   target T             :   400.0 K        |
  |   timestep dt          :     5.0 fs       |
  |   dump interval(trj)   :   100.0 fs       |
  |   SHAKE algorithm      : true (all bonds) |
  |   Vbias prefactor (k)  :  0.0036 Eh       |
  |   Vbias exponent (α)   :  1.0000 bohr⁻²   |
*sMTD  19 completed successfully ...        7 min, 17.748 sec
  :::::::::: starting static MTD  32 ::::::::::
  |   MD simulation time   :    33.0 ps       |
  |   target T             :   400.0 K        |
  |   timestep dt          :     5.0 fs       |
  |   dump interval(trj)   :   100.0 fs       |
  |   SHAKE algorithm      : true (all bonds) |
  |   Vbias prefactor (k)  :  0.0036 Eh       |
  |   Vbias exponent (α)   :  1.0000 bohr⁻²   |
*sMTD  18 completed successfully ...        7 min, 19.956 sec
  :::::::::: starting static MTD  33 ::::::::::
  |   MD simulation time   :    33.0 ps       |
  |   target T             :   400.0 K        |
  |   timestep dt          :     5.0 fs       |
  |   dump interval(trj)   :   100.0 fs       |
  |   SHAKE algorithm      : true (all bonds) |
  |   Vbias prefactor (k)  :  0.0036 Eh       |
  |   Vbias exponent (α)   :  1.0000 bohr⁻²   |
*sMTD  35 completed successfully ...        7 min, 18.342 sec
  :::::::::: starting static MTD  34 ::::::::::
  |   MD simulation time   :    33.0 ps       |
  |   target T             :   400.0 K        |
  |   timestep dt          :     5.0 fs       |
  |   dump interval(trj)   :   100.0 fs       |
  |   SHAKE algorithm      : true (all bonds) |
  |   Vbias prefactor (k)  :  0.0036 Eh       |
  |   Vbias exponent (α)   :  1.0000 bohr⁻²   |
*sMTD  23 completed successfully ...        7 min, 18.794 sec
*sMTD  20 completed successfully ...        7 min, 21.284 sec
*sMTD  17 completed successfully ...        7 min, 22.208 sec
*sMTD  22 completed successfully ...        7 min, 21.306 sec
*sMTD  25 completed successfully ...        7 min, 20.011 sec
*sMTD  27 completed successfully ...        7 min, 20.531 sec
*sMTD  26 completed successfully ...        7 min, 22.509 sec
*sMTD  29 completed successfully ...        7 min, 20.511 sec
*sMTD  28 completed successfully ...        7 min, 21.616 sec
*sMTD  21 completed successfully ...        7 min, 25.024 sec
*sMTD  30 completed successfully ...        7 min, 20.768 sec
*sMTD  24 completed successfully ...        7 min, 23.913 sec
*sMTD  31 completed successfully ...        6 min, 12.840 sec
*sMTD  32 completed successfully ...        6 min, 15.177 sec
*sMTD  33 completed successfully ...        6 min, 13.818 sec
*sMTD  34 completed successfully ...        6 min, 16.463 sec

 ======================================
 |  Multilevel Ensemble Optimization  |
 ======================================
 Optimizing all 11844 structures from file "crest_rotamers_0.xyz" ...
 ----------------------
 crude pre-optimization
 ----------------------
 Optimization engine: ANCOPT
 Hessian update type: BFGS
 E/G convergence criteria:  0.500E-03 Eh, 0.100E-01 Eh/a0
 maximum optimization steps: 200
 |>0.0% |>2.5% |>5.0% |>7.5% |>10.0% |>12.5% |>15.0% |>17.5% |>20.0% |>22.5% |>25.0% |>27.5% |>30.0% |>32.5% |>35.0% |>37.5% |>40.0% |>42.5% |>45.0% |>47.5% |>50.0% |>52.5% |>55.0% |>57.5% |>60.0% |>62.5% |>65.0% |>67.5% |>70.0% |>72.5% |>75.0% |>77.5% |>80.0% |>82.5% |>85.0% |>87.5% |>90.0% |>92.5% |>95.0% |>97.5% |>100.0%
 done.
> 11844 of 11844 structures successfully optimized (100.0% success)
> Total runtime for 11844 optimizations:
 * wall-time:     0 d,  0 h, 12 min, 26.921 sec
 *  cpu-time:     0 d,  3 h, 18 min,  3.581 sec
 * ratio c/w:    15.910 speedup
> Corresponding to approximately 0.063 sec per processed structure

CREGEN> running RMSDs ... done.
CREGEN> E lowest :   -74.20839
 11727 structures remain within    12.00 kcal/mol window
 ---------------------------------------
 optimization with very tight thresholds
 ---------------------------------------
 Optimization engine: ANCOPT
 Hessian update type: BFGS
 E/G convergence criteria:  0.100E-06 Eh, 0.200E-03 Eh/a0
 maximum optimization steps: 200
 |>0.0% |>2.5% |>5.0% |>7.5% |>10.0% |>12.5% |>15.0% |>17.5% |>20.0% |>22.5% |>25.0% |>27.5% |>30.0% |>32.5% |>35.0% |>37.5% |>40.0% |>42.5% |>45.0% |>47.5% |>50.0% |>52.5% |>55.0% |>57.5% |>60.0% |>62.5% |>65.0% |>67.5% |>70.0% |>72.5% |>75.0% |>77.5% |>80.0% |>82.5% |>85.0% |>87.5% |>90.0% |>92.5% |>95.0% |>97.5% |>100.0%
 done.
> 10436 of 11727 structures successfully optimized (89.0% success)
> Total runtime for 11727 optimizations:
 * wall-time:     0 d,  1 h, 16 min,  9.336 sec
 *  cpu-time:     0 d, 20 h, 14 min,  2.364 sec
 * ratio c/w:    15.942 speedup
> Corresponding to approximately 0.390 sec per processed structure

CREGEN> running RMSDs ... done.
CREGEN> E lowest :   -74.20934
 5593 structures remain within     6.00 kcal/mol window
CREGEN> running RMSDs ... done.
CREGEN> E lowest :   -74.20934

 Static MTD simulation iteration 16 finished
 A total of 8920 conformers (+ 1.68%) in crest_conformers.xyz
 S(approx.) =   14.646729 cal/molK (dS = 0.10%)
 Convergence w.r.t. conformers: T
 Convergence w.r.t. entropy   : T

     H(298.15K)-H(0) (conf)      1.604234
                   Cp(conf)      3.924488
                    S(conf)     14.642684


 --------------------------
 Final Ensemble Information
 --------------------------
 input  file name : crest_rotamers_2.xyz
 output file name : crest_rotamers_3.xyz
 number of atoms                :   50
 number of points on xyz files  :   86362
 RMSD threshold                 :   0.1250
 Bconst threshold               :   0.0100
 population threshold           :   0.0500
 # fragment in coord            :     1
 # bonds in reference structure :    50
 number of reliable points      : 86362
 sorting energy window (EWIN)   :    6.0000 / kcal*mol⁻¹
 reference state Etot           :  -74.209336519999994
 number of doubles removed by rot/RMSD         :        1288
 total number unique points considered further :       85074
       Erel/kcal        Etot weight/tot  conformer     set   degen     origin
       1   0.000   -74.20934    0.00022    0.02143       1      99
       2   0.012   -74.20932    0.00021    0.01379       2      65
       3   0.116   -74.20915    0.00018    0.00053       3       3
       4   0.140   -74.20911    0.00017    0.00017       4       1
       5   0.256   -74.20893    0.00014    0.01325       5      95
       6   0.298   -74.20886    0.00013    0.00255       6      20
       7   0.319   -74.20883    0.00013    0.01164       7      93
       8   0.340   -74.20880    0.00012    0.00635       8      52
       9   0.341   -74.20879    0.00012    0.01415       9     116
      10   0.351   -74.20878    0.00012    0.00405      10      35
      11   0.376   -74.20874    0.00011    0.00103      11       9
      12   0.384   -74.20872    0.00011    0.00715      12      63
      13   0.400   -74.20870    0.00011    0.01500      13     136
      14   0.402   -74.20870    0.00011    0.00240      14      22
      15   0.410   -74.20868    0.00011    0.00152      15      14
      16   0.410   -74.20868    0.00011    0.01171      16     108
      17   0.411   -74.20868    0.00011    0.00828      17      77
      18   0.425   -74.20866    0.00011    0.01097      18     104
      19   0.438   -74.20864    0.00010    0.01004      19      97
      20   0.454   -74.20861    0.00010    0.00866      20      86
      21   0.457   -74.20861    0.00010    0.00960      21      96
      22   0.470   -74.20859    0.00010    0.00235      22      24
      23   0.471   -74.20859    0.00010    0.01125      23     115
      24   0.474   -74.20858    0.00010    0.01157      24     119
      25   0.476   -74.20858    0.00010    0.01183      25     122
      26   0.499   -74.20854    0.00009    0.00118      26      13
      27   0.520   -74.20851    0.00009    0.00009      27       1
      28   0.520   -74.20851    0.00009    0.00840      28      94
      29   0.540   -74.20848    0.00009    0.01290      29     148
      30   0.551   -74.20846    0.00009    0.00317      30      37
      31   0.551   -74.20846    0.00009    0.00890      31     104
      32   0.552   -74.20846    0.00009    0.00955      32     113
      33   0.565   -74.20844    0.00008    0.00732      33      88
      34   0.582   -74.20841    0.00008    0.00906      34     112
      35   0.586   -74.20840    0.00008    0.00402      35      50
      36   0.591   -74.20839    0.00008    0.00766      36      96
      37   0.584   -74.20841    0.00008    0.01025      37     127
      38   0.599   -74.20838    0.00008    0.00008      38       1
      39   0.599   -74.20838    0.00008    0.00600      39      76
      40   0.605   -74.20837    0.00008    0.00047      40       6
      41   0.612   -74.20836    0.00008    0.00263      41      34
      42   0.612   -74.20836    0.00008    0.00807      42     106
      43   0.639   -74.20832    0.00007    0.00580      43      79
      44   0.644   -74.20831    0.00007    0.00007      44       1
      45   0.644   -74.20831    0.00007    0.00803      45     110
      46   0.652   -74.20830    0.00007    0.00202      46      28
      47   0.652   -74.20830    0.00007    0.01010      47     141
      48   0.659   -74.20829    0.00007    0.00434      48      61
      49   0.664   -74.20828    0.00007    0.00702      49      98
      50   0.658   -74.20829    0.00007    0.00295      50      42
      51   0.672   -74.20827    0.00007    0.00049      51       7
      52   0.672   -74.20827    0.00007    0.00627      52      90
      53   0.689   -74.20824    0.00007    0.00007      53       1
      54   0.689   -74.20824    0.00007    0.00440      54      65
      55   0.712   -74.20820    0.00007    0.00561      55      86
      56   0.717   -74.20819    0.00006    0.00329      56      51
      57   0.720   -74.20819    0.00006    0.00751      57     117
      58   0.726   -74.20818    0.00006    0.00064      58      10
      59   0.729   -74.20818    0.00006    0.00317      59      50
      60   0.738   -74.20816    0.00006    0.00412      60      66
      61   0.742   -74.20815    0.00006    0.00501      61      81
      62   0.747   -74.20815    0.00006    0.00853      62     139
      63   0.754   -74.20814    0.00006    0.00219      63      36
      64   0.754   -74.20814    0.00006    0.00656      64     108
      65   0.757   -74.20813    0.00006    0.00320      65      53
      66   0.763   -74.20812    0.00006    0.00531      66      89
      67   0.775   -74.20810    0.00006    0.00176      67      30
      68   0.781   -74.20809    0.00006    0.00116      68      20
      69   0.794   -74.20807    0.00006    0.00006      69       1
      70   0.795   -74.20807    0.00006    0.00158      70      28
      71   0.803   -74.20806    0.00006    0.00353      71      64
      72   0.818   -74.20803    0.00005    0.00098      72      18
      73   0.818   -74.20803    0.00005    0.00011      73       2
      74   0.818   -74.20803    0.00005    0.00142      74      26
      75   0.819   -74.20803    0.00005    0.00582      75     108
      76   0.828   -74.20802    0.00005    0.00740      76     138
      77   0.834   -74.20801    0.00005    0.00146      77      27
      78   0.834   -74.20801    0.00005    0.00355      78      67
      79   0.835   -74.20801    0.00005    0.00106      79      20
      80   0.836   -74.20800    0.00005    0.00074      80      14
      81   0.837   -74.20800    0.00005    0.00633      81     118
      82   0.838   -74.20800    0.00005    0.00264      82      50
      83   0.839   -74.20800    0.00005    0.00021      83       4
      84   0.839   -74.20800    0.00005    0.00590      84     112
      85   0.845   -74.20799    0.00005    0.00115      85      22
      86   0.846   -74.20799    0.00005    0.00635      86     122
      87   0.849   -74.20798    0.00005    0.00642      87     124
      88   0.861   -74.20796    0.00005    0.00563      88     111
      89   0.868   -74.20795    0.00005    0.00005      89       1
      90   0.868   -74.20795    0.00005    0.00600      90     120
      91   0.892   -74.20792    0.00005    0.00010      91       2
      92   0.892   -74.20792    0.00005    0.00387      92      81
      93   0.903   -74.20790    0.00005    0.00071      93      15
      94   0.903   -74.20790    0.00005    0.00095      94      20
      95   0.903   -74.20790    0.00005    0.00222      95      47
      96   0.903   -74.20790    0.00005    0.00592      96     126
      97   0.908   -74.20789    0.00005    0.00122      97      26
      98   0.911   -74.20789    0.00005    0.00475      98     102
      99   0.913   -74.20788    0.00005    0.00005      99       1
     100   0.916   -74.20788    0.00005    0.00416     100      91
     101   0.924   -74.20786    0.00005    0.00091     101      20
     102   0.926   -74.20786    0.00005    0.00005     102       1
     103   0.926   -74.20786    0.00005    0.00396     103      87
     104   0.926   -74.20786    0.00005    0.00557     104     124
     105   0.938   -74.20784    0.00004    0.00009     105       2
     106   0.938   -74.20784    0.00004    0.00306     106      69
     107   0.938   -74.20784    0.00004    0.00253     107      54
     108   0.943   -74.20783    0.00004    0.00076     108      17
     109   0.945   -74.20783    0.00004    0.00110     109      25
     110   0.954   -74.20782    0.00004    0.00190     110      44
     111   0.962   -74.20780    0.00004    0.00355     111      83
     112   0.963   -74.20780    0.00004    0.00422     112      99
     113   0.965   -74.20780    0.00004    0.00434     113     102
     114   0.967   -74.20780    0.00004    0.00127     114      30
     115   0.971   -74.20779    0.00004    0.00126     115      30
     116   0.974   -74.20778    0.00004    0.00209     116      50
     117   0.976   -74.20778    0.00004    0.00359     117      86
     118   0.978   -74.20778    0.00004    0.00004     118       1
     119   0.978   -74.20778    0.00004    0.00315     119      76
     120   0.983   -74.20777    0.00004    0.00365     120      89
     121   0.990   -74.20776    0.00004    0.00203     121      50
     122   0.994   -74.20775    0.00004    0.00233     122      57
     123   0.994   -74.20775    0.00004    0.00218     123      54
     124   1.005   -74.20773    0.00004    0.00175     124      44
     125   1.009   -74.20773    0.00004    0.00210     125      53
     126   1.009   -74.20773    0.00004    0.00004     126       1
     127   1.009   -74.20773    0.00004    0.00154     127      39
     128   1.012   -74.20772    0.00004    0.00246     128      63
     129   1.018   -74.20771    0.00004    0.00170     129      44
     130   1.027   -74.20770    0.00004    0.00115     130      30
     131   1.018   -74.20771    0.00004    0.00065     131      17
     132   1.030   -74.20769    0.00004    0.00160     132      42
     133   1.031   -74.20769    0.00004    0.00250     133      65
     134   1.031   -74.20769    0.00004    0.00162     134      42
     135   1.032   -74.20769    0.00004    0.00213     135      56
     136   1.031   -74.20769    0.00004    0.00114     136      30
     137   1.032   -74.20769    0.00004    0.00366     137      96
     138   1.032   -74.20769    0.00004    0.00377     138      99
     139   1.033   -74.20769    0.00004    0.00049     139      13
     140   1.032   -74.20769    0.00004    0.00432     140     114
     141   1.042   -74.20768    0.00004    0.00007     141       2
     142   1.038   -74.20768    0.00004    0.00026     142       7
     143   1.032   -74.20769    0.00004    0.00083     143      22
     144   1.043   -74.20768    0.00004    0.00026     144       7
     145   1.043   -74.20768    0.00004    0.00220     145      59
     146   1.048   -74.20767    0.00004    0.00122     146      33
     147   1.052   -74.20766    0.00004    0.00026     147       7
     148   1.052   -74.20766    0.00004    0.00283     148      77
     149   1.055   -74.20766    0.00004    0.00205     149      56
     150   1.064   -74.20764    0.00004    0.00004     150       1
     151   1.065   -74.20764    0.00004    0.00004     151       1
     152   1.052   -74.20766    0.00004    0.00004     152       1
     153   1.067   -74.20764    0.00004    0.00004     153       1
     154   1.073   -74.20763    0.00004    0.00124     154      35
     155   1.081   -74.20761    0.00003    0.00353     155     101
     156   1.091   -74.20760    0.00003    0.00120     156      35
     157   1.097   -74.20759    0.00003    0.00177     157      52
     158   1.102   -74.20758    0.00003    0.00128     158      38
     159   1.105   -74.20758    0.00003    0.00369     159     110
     160   1.112   -74.20756    0.00003    0.00043     160      13
     161   1.113   -74.20756    0.00003    0.00437     161     132
     162   1.123   -74.20755    0.00003    0.00007     162       2
     163   1.105   -74.20758    0.00003    0.00003     163       1
     164   1.113   -74.20756    0.00003    0.00013     164       4
     165   1.123   -74.20755    0.00003    0.00114     165      35
     166   1.123   -74.20755    0.00003    0.00261     166      80
     167   1.130   -74.20754    0.00003    0.00126     167      39
     168   1.131   -74.20753    0.00003    0.00127     168      40
     169   1.146   -74.20751    0.00003    0.00022     169       7
     170   1.151   -74.20750    0.00003    0.00009     170       3
     171   1.151   -74.20750    0.00003    0.00151     171      48
     172   1.155   -74.20750    0.00003    0.00188     172      60
     173   1.156   -74.20749    0.00003    0.00003     173       1
     174   1.156   -74.20749    0.00003    0.00003     174       1
     175   1.156   -74.20749    0.00003    0.00006     175       2
     176   1.157   -74.20749    0.00003    0.00074     176      24
     177   1.162   -74.20748    0.00003    0.00034     177      11
     178   1.138   -74.20752    0.00003    0.00148     178      48
     179   1.164   -74.20748    0.00003    0.00046     179      15
     180   1.166   -74.20748    0.00003    0.00009     180       3
     181   1.166   -74.20748    0.00003    0.00055     181      18
     182   1.168   -74.20748    0.00003    0.00161     182      53
     183   1.138   -74.20752    0.00003    0.00355     183     119
     184   1.186   -74.20745    0.00003    0.00021     184       7
     185   1.186   -74.20745    0.00003    0.00012     185       4
     186   1.186   -74.20745    0.00003    0.00056     186      19
     187   1.187   -74.20744    0.00003    0.00003     187       1
     188   1.187   -74.20744    0.00003    0.00326     188     112
     189   1.182   -74.20745    0.00003    0.00053     189      18
     190   1.184   -74.20745    0.00003    0.00020     190       7
     191   1.185   -74.20745    0.00003    0.00032     191      11
     192   1.185   -74.20745    0.00003    0.00093     192      32
     193   1.185   -74.20745    0.00003    0.00017     193       6
     194   1.206   -74.20742    0.00003    0.00006     194       2
     195   1.206   -74.20742    0.00003    0.00167     195      59
     196   1.211   -74.20741    0.00003    0.00003     196       1
     197   1.211   -74.20741    0.00003    0.00003     197       1
     198   1.211   -74.20741    0.00003    0.00087     198      31
     199   1.211   -74.20741    0.00003    0.00090     199      32
     200   1.212   -74.20740    0.00003    0.00151     200      53
     201   1.204   -74.20742    0.00003    0.00023     201       8
     202   1.212   -74.20740    0.00003    0.00025     202       9
     203   1.212   -74.20740    0.00003    0.00042     203      15
     204   1.217   -74.20740    0.00003    0.00153     204      55
     205   1.223   -74.20739    0.00003    0.00091     205      33
     206   1.225   -74.20738    0.00003    0.00063     206      23
     207   1.225   -74.20738    0.00003    0.00285     207     104
     208   1.244   -74.20735    0.00003    0.00078     208      29
     209   1.248   -74.20735    0.00003    0.00121     209      46
     210   1.254   -74.20734    0.00003    0.00003     210       1
     211   1.253   -74.20734    0.00003    0.00244     211      93
     212   1.250   -74.20734    0.00003    0.00110     212      42
     213   1.259   -74.20733    0.00003    0.00003     213       1
     214   1.259   -74.20733    0.00003    0.00083     214      32
     215   1.263   -74.20732    0.00003    0.00091     215      35
     216   1.265   -74.20732    0.00003    0.00049     216      19
     217   1.268   -74.20732    0.00003    0.00169     217      66
     218   1.275   -74.20730    0.00003    0.00061     218      24
     219   1.281   -74.20730    0.00002    0.00075     219      29
     220   1.265   -74.20732    0.00003    0.00069     220      27
     221   1.282   -74.20729    0.00002    0.00140     221      55
     222   1.282   -74.20729    0.00002    0.00002     222       1
     223   1.282   -74.20729    0.00002    0.00070     223      28
     224   1.283   -74.20729    0.00002    0.00002     224       1
     225   1.283   -74.20729    0.00002    0.00032     225      13
     226   1.283   -74.20729    0.00002    0.00007     226       3
     227   1.284   -74.20729    0.00002    0.00152     227      61
     228   1.285   -74.20729    0.00002    0.00139     228      56
     229   1.288   -74.20728    0.00002    0.00007     229       3
     230   1.288   -74.20728    0.00002    0.00130     230      52
     231   1.290   -74.20728    0.00002    0.00079     231      32
     232   1.291   -74.20728    0.00002    0.00145     232      59
     233   1.293   -74.20728    0.00002    0.00106     233      43
     234   1.294   -74.20727    0.00002    0.00002     234       1
     235   1.294   -74.20727    0.00002    0.00131     235      53
     236   1.294   -74.20727    0.00002    0.00134     236      55
     237   1.295   -74.20727    0.00002    0.00100     237      41
     238   1.294   -74.20727    0.00002    0.00188     238      77
     239   1.297   -74.20727    0.00002    0.00119     239      49
     240   1.258   -74.20733    0.00003    0.00010     240       4
     241   1.300   -74.20726    0.00002    0.00204     241      84
     242   1.311   -74.20725    0.00002    0.00024     242      10
     243   1.306   -74.20726    0.00002    0.00044     243      18
     244   1.306   -74.20726    0.00002    0.00056     244      23
     245   1.290   -74.20728    0.00002    0.00172     245      73
     246   1.319   -74.20723    0.00002    0.00035     246      15
     247   1.322   -74.20723    0.00002    0.00002     247       1
     248   1.323   -74.20723    0.00002    0.00051     248      22
     249   1.326   -74.20722    0.00002    0.00012     249       5
     250   1.326   -74.20722    0.00002    0.00002     250       1
     251   1.326   -74.20722    0.00002    0.00002     251       1
     252   1.313   -74.20724    0.00002    0.00085     252      36
     253   1.307   -74.20725    0.00002    0.00017     253       7
     254   1.307   -74.20725    0.00002    0.00119     254      51
     255   1.328   -74.20722    0.00002    0.00127     255      55
     256   1.333   -74.20721    0.00002    0.00005     256       2
     257   1.334   -74.20721    0.00002    0.00002     257       1
     258   1.334   -74.20721    0.00002    0.00002     258       1
     259   1.334   -74.20721    0.00002    0.00120     259      53
     260   1.338   -74.20720    0.00002    0.00048     260      21
     261   1.338   -74.20720    0.00002    0.00005     261       2
     262   1.338   -74.20720    0.00002    0.00014     262       6
     263   1.338   -74.20720    0.00002    0.00052     263      23
     264   1.338   -74.20720    0.00002    0.00002     264       1
     265   1.333   -74.20721    0.00002    0.00194     265      84
     266   1.311   -74.20725    0.00002    0.00040     266      17
     267   1.311   -74.20725    0.00002    0.00002     267       1
     268   1.311   -74.20725    0.00002    0.00040     268      17
     269   1.311   -74.20725    0.00002    0.00021     269       9
     270   1.311   -74.20725    0.00002    0.00106     270      46
     271   1.346   -74.20719    0.00002    0.00002     271       1
     272   1.346   -74.20719    0.00002    0.00007     272       3
     273   1.346   -74.20719    0.00002    0.00105     273      47
     274   1.347   -74.20719    0.00002    0.00298     274     134
     275   1.354   -74.20718    0.00002    0.00042     275      19
     276   1.357   -74.20717    0.00002    0.00132     276      60
     277   1.360   -74.20717    0.00002    0.00013     277       6
     278   1.360   -74.20717    0.00002    0.00099     278      45
     279   1.346   -74.20719    0.00002    0.00007     279       3
     280   1.346   -74.20719    0.00002    0.00119     280      54
     281   1.361   -74.20717    0.00002    0.00129     281      59
     282   1.349   -74.20719    0.00002    0.00007     282       3
     283   1.362   -74.20717    0.00002    0.00166     283      76
     284   1.367   -74.20716    0.00002    0.00006     284       3
     285   1.367   -74.20716    0.00002    0.00002     285       1
     286   1.370   -74.20715    0.00002    0.00101     286      47
     287   1.372   -74.20715    0.00002    0.00002     287       1
     288   1.371   -74.20715    0.00002    0.00004     288       2
     289   1.372   -74.20715    0.00002    0.00141     289      66
     290   1.374   -74.20715    0.00002    0.00023     290      11
     291   1.376   -74.20714    0.00002    0.00034     291      16
     292   1.376   -74.20714    0.00002    0.00019     292       9
     293   1.375   -74.20715    0.00002    0.00113     293      53
     294   1.377   -74.20714    0.00002    0.00077     294      36
     295   1.379   -74.20714    0.00002    0.00059     295      28
     296   1.377   -74.20714    0.00002    0.00062     296      29
     297   1.380   -74.20714    0.00002    0.00015     297       7
     298   1.381   -74.20714    0.00002    0.00104     298      49
     299   1.384   -74.20713    0.00002    0.00006     299       3
     300   1.384   -74.20713    0.00002    0.00163     300      78
     301   1.391   -74.20712    0.00002    0.00054     301      26
     302   1.391   -74.20712    0.00002    0.00008     302       4
     303   1.391   -74.20712    0.00002    0.00098     303      47
     304   1.391   -74.20712    0.00002    0.00093     304      45
     305   1.384   -74.20713    0.00002    0.00062     305      31
     306   1.419   -74.20707    0.00002    0.00010     306       5
     307   1.407   -74.20709    0.00002    0.00014     307       7
     308   1.410   -74.20709    0.00002    0.00006     308       3
     309   1.420   -74.20707    0.00002    0.00055     309      28
     310   1.420   -74.20707    0.00002    0.00020     310      10
     311   1.420   -74.20707    0.00002    0.00002     311       1
     312   1.420   -74.20707    0.00002    0.00002     312       1
     313   1.420   -74.20707    0.00002    0.00002     313       1
     314   1.420   -74.20707    0.00002    0.00004     314       2
     315   1.420   -74.20707    0.00002    0.00002     315       1
     316   1.420   -74.20707    0.00002    0.00006     316       3
     317   1.420   -74.20707    0.00002    0.00252     317     128
     318   1.424   -74.20707    0.00002    0.00141     318      72
     319   1.425   -74.20707    0.00002    0.00002     319       1
     320   1.425   -74.20707    0.00002    0.00154     320      79
     321   1.429   -74.20706    0.00002    0.00004     321       2
     322   1.429   -74.20706    0.00002    0.00002     322       1
     323   1.430   -74.20706    0.00002    0.00037     323      19
     324   1.430   -74.20706    0.00002    0.00002     324       1
     325   1.430   -74.20706    0.00002    0.00107     325      55
     326   1.432   -74.20705    0.00002    0.00157     326      81
     327   1.435   -74.20705    0.00002    0.00126     327      65
     328   1.435   -74.20705    0.00002    0.00087     328      45
     329   1.436   -74.20705    0.00002    0.00035     329      18
     330   1.437   -74.20705    0.00002    0.00017     330       9
     331   1.437   -74.20705    0.00002    0.00013     331       7
     332   1.437   -74.20705    0.00002    0.00112     332      58
     333   1.438   -74.20704    0.00002    0.00148     333      77
     334   1.441   -74.20704    0.00002    0.00002     334       1
     335   1.402   -74.20710    0.00002    0.00002     335       1
     336   1.441   -74.20704    0.00002    0.00004     336       2
     337   1.441   -74.20704    0.00002    0.00097     337      50
     338   1.441   -74.20704    0.00002    0.00016     338       8
     339   1.441   -74.20704    0.00002    0.00048     339      25
     340   1.431   -74.20706    0.00002    0.00006     340       3
     341   1.442   -74.20704    0.00002    0.00082     341      43
     342   1.444   -74.20704    0.00002    0.00055     342      29
     343   1.444   -74.20704    0.00002    0.00230     343     121
     344   1.448   -74.20703    0.00002    0.00004     344       2
     345   1.448   -74.20703    0.00002    0.00011     345       6
     346   1.448   -74.20703    0.00002    0.00210     346     111
     347   1.454   -74.20702    0.00002    0.00021     347      11
     348   1.457   -74.20701    0.00002    0.00002     348       1
     349   1.457   -74.20701    0.00002    0.00039     349      21
     350   1.458   -74.20701    0.00002    0.00011     350       6
     351   1.450   -74.20703    0.00002    0.00143     351      77
     352   1.459   -74.20701    0.00002    0.00004     352       2
     353   1.459   -74.20701    0.00002    0.00020     353      11
     354   1.459   -74.20701    0.00002    0.00006     354       3
     355   1.459   -74.20701    0.00002    0.00013     355       7
     356   1.459   -74.20701    0.00002    0.00164     356      89
     357   1.458   -74.20701    0.00002    0.00017     357       9
     358   1.461   -74.20701    0.00002    0.00131     358      71
     359   1.462   -74.20701    0.00002    0.00002     359       1
     360   1.462   -74.20701    0.00002    0.00210     360     114
     361   1.458   -74.20701    0.00002    0.00052     361      28
     362   1.441   -74.20704    0.00002    0.00071     362      39
     363   1.469   -74.20699    0.00002    0.00007     363       4
     364   1.469   -74.20699    0.00002    0.00066     364      36
     365   1.469   -74.20699    0.00002    0.00004     365       2
     366   1.468   -74.20700    0.00002    0.00002     366       1
     367   1.469   -74.20699    0.00002    0.00075     367      41
     368   1.470   -74.20699    0.00002    0.00051     368      28
     369   1.470   -74.20699    0.00002    0.00222     369     122
     370   1.473   -74.20699    0.00002    0.00036     370      20
     371   1.473   -74.20699    0.00002    0.00004     371       2
     372   1.473   -74.20699    0.00002    0.00005     372       3
     373   1.473   -74.20699    0.00002    0.00105     373      58
     374   1.476   -74.20698    0.00002    0.00004     374       2
     375   1.476   -74.20698    0.00002    0.00139     375      77
     376   1.479   -74.20698    0.00002    0.00067     376      37
     377   1.479   -74.20698    0.00002    0.00002     377       1
     378   1.473   -74.20699    0.00002    0.00082     378      46
     379   1.481   -74.20698    0.00002    0.00053     379      30
     380   1.487   -74.20697    0.00002    0.00014     380       8
     381   1.487   -74.20697    0.00002    0.00174     381      98
     382   1.487   -74.20697    0.00002    0.00007     382       4
     383   1.487   -74.20697    0.00002    0.00018     383      10
     384   1.487   -74.20697    0.00002    0.00002     384       1
     385   1.489   -74.20696    0.00002    0.00111     385      63
     386   1.488   -74.20696    0.00002    0.00089     386      51
     387   1.496   -74.20695    0.00002    0.00002     387       1
     388   1.496   -74.20695    0.00002    0.00050     388      29
     389   1.500   -74.20695    0.00002    0.00010     389       6
     390   1.476   -74.20698    0.00002    0.00146     390      84
     391   1.476   -74.20698    0.00002    0.00002     391       1
     392   1.492   -74.20696    0.00002    0.00079     392      46
     393   1.505   -74.20694    0.00002    0.00009     393       5
     394   1.505   -74.20694    0.00002    0.00002     394       1
     395   1.505   -74.20694    0.00002    0.00029     395      17
     396   1.505   -74.20694    0.00002    0.00005     396       3
     397   1.505   -74.20694    0.00002    0.00217     397     127
     398   1.512   -74.20693    0.00002    0.00024     398      14
     399   1.513   -74.20693    0.00002    0.00008     399       5
     400   1.513   -74.20693    0.00002    0.00010     400       6
     401   1.514   -74.20692    0.00002    0.00015     401       9
     402   1.516   -74.20692    0.00002    0.00128     402      76
     403   1.516   -74.20692    0.00002    0.00040     403      24
     404   1.517   -74.20692    0.00002    0.00008     404       5
     405   1.517   -74.20692    0.00002    0.00198     405     118
     406   1.520   -74.20691    0.00002    0.00096     406      57
     407   1.520   -74.20691    0.00002    0.00008     407       5
     408   1.520   -74.20691    0.00002    0.00002     408       1
     409   1.520   -74.20691    0.00002    0.00020     409      12
     410   1.520   -74.20691    0.00002    0.00168     410     101
     411   1.527   -74.20690    0.00002    0.00056     411      34
     412   1.527   -74.20690    0.00002    0.00008     412       5
     413   1.527   -74.20690    0.00002    0.00010     413       6
     414   1.527   -74.20690    0.00002    0.00163     414      99
     415   1.534   -74.20689    0.00002    0.00042     415      26
     416   1.539   -74.20688    0.00002    0.00003     416       2
     417   1.539   -74.20688    0.00002    0.00002     417       1
     418   1.539   -74.20688    0.00002    0.00003     418       2
     419   1.539   -74.20688    0.00002    0.00028     419      17
     420   1.539   -74.20688    0.00002    0.00003     420       2
     421   1.539   -74.20688    0.00002    0.00026     421      16
     422   1.540   -74.20688    0.00002    0.00034     422      21
     423   1.540   -74.20688    0.00002    0.00037     423      23
     424   1.540   -74.20688    0.00002    0.00002     424       1
     425   1.540   -74.20688    0.00002    0.00003     425       2
     426   1.540   -74.20688    0.00002    0.00003     426       2
     427   1.540   -74.20688    0.00002    0.00100     427      62
     428   1.542   -74.20688    0.00002    0.00095     428      59
     429   1.541   -74.20688    0.00002    0.00026     429      16
     430   1.541   -74.20688    0.00002    0.00111     430      69
     431   1.543   -74.20688    0.00002    0.00189     431     118
     432   1.548   -74.20687    0.00002    0.00005     432       3
     433   1.548   -74.20687    0.00002    0.00032     433      20
     434   1.548   -74.20687    0.00002    0.00049     434      31
     435   1.548   -74.20687    0.00002    0.00054     435      34
     436   1.549   -74.20687    0.00002    0.00089     436      56
     437   1.550   -74.20687    0.00002    0.00003     437       2
     438   1.551   -74.20687    0.00002    0.00005     438       3
     439   1.551   -74.20686    0.00002    0.00095     439      60
     440   1.551   -74.20687    0.00002    0.00052     440      33
     441   1.552   -74.20686    0.00002    0.00081     441      51
     442   1.548   -74.20687    0.00002    0.00005     442       3
     443   1.563   -74.20685    0.00002    0.00002     443       1
     444   1.563   -74.20685    0.00002    0.00014     444       9
     445   1.566   -74.20684    0.00002    0.00031     445      20
     446   1.566   -74.20684    0.00002    0.00072     446      47
     447   1.575   -74.20683    0.00002    0.00008     447       5
     448   1.575   -74.20683    0.00002    0.00002     448       1
     449   1.575   -74.20683    0.00002    0.00138     449      91
     450   1.582   -74.20682    0.00002    0.00005     450       3
     451   1.582   -74.20682    0.00002    0.00086     451      57
     452   1.582   -74.20682    0.00002    0.00051     452      34
     453   1.582   -74.20682    0.00002    0.00042     453      28
     454   1.581   -74.20682    0.00002    0.00069     454      46
     455   1.588   -74.20681    0.00001    0.00001     455       1
     456   1.588   -74.20681    0.00001    0.00031     456      21
     457   1.594   -74.20680    0.00001    0.00036     457      24
     458   1.594   -74.20680    0.00001    0.00065     458      44
     459   1.596   -74.20679    0.00001    0.00053     459      36
     460   1.601   -74.20679    0.00001    0.00051     460      35
     461   1.602   -74.20678    0.00001    0.00004     461       3
     462   1.602   -74.20678    0.00001    0.00007     462       5
     463   1.602   -74.20678    0.00001    0.00171     463     117
     464   1.599   -74.20679    0.00001    0.00003     464       2
     465   1.591   -74.20680    0.00001    0.00075     465      52
     466   1.606   -74.20678    0.00001    0.00001     466       1
     467   1.606   -74.20678    0.00001    0.00135     467      93
     468   1.610   -74.20677    0.00001    0.00036     468      25
     469   1.613   -74.20677    0.00001    0.00013     469       9
     470   1.613   -74.20677    0.00001    0.00120     470      84
     471   1.623   -74.20675    0.00001    0.00003     471       2
     472   1.623   -74.20675    0.00001    0.00058     472      41
     473   1.623   -74.20675    0.00001    0.00001     473       1
     474   1.586   -74.20681    0.00001    0.00020     474      14
     475   1.623   -74.20675    0.00001    0.00030     475      21
     476   1.623   -74.20675    0.00001    0.00003     476       2
     477   1.592   -74.20680    0.00001    0.00009     477       6
     478   1.592   -74.20680    0.00001    0.00007     478       5
     479   1.592   -74.20680    0.00001    0.00047     479      33
     480   1.624   -74.20675    0.00001    0.00057     480      41
     481   1.628   -74.20674    0.00001    0.00003     481       2
     482   1.628   -74.20674    0.00001    0.00001     482       1
     483   1.629   -74.20674    0.00001    0.00162     483     115
     484   1.636   -74.20673    0.00001    0.00051     484      37
     485   1.637   -74.20673    0.00001    0.00001     485       1
     486   1.637   -74.20673    0.00001    0.00034     486      25
     487   1.640   -74.20672    0.00001    0.00070     487      51
     488   1.643   -74.20672    0.00001    0.00001     488       1
     489   1.643   -74.20672    0.00001    0.00007     489       5
     490   1.643   -74.20672    0.00001    0.00053     490      39
     491   1.644   -74.20672    0.00001    0.00004     491       3
     492   1.644   -74.20672    0.00001    0.00038     492      28
     493   1.646   -74.20671    0.00001    0.00003     493       2
     494   1.646   -74.20671    0.00001    0.00001     494       1
     495   1.646   -74.20671    0.00001    0.00001     495       1
     496   1.646   -74.20671    0.00001    0.00100     496      74
     497   1.646   -74.20671    0.00001    0.00001     497       1
     498   1.647   -74.20671    0.00001    0.00067     498      50
     499   1.649   -74.20671    0.00001    0.00085     499      63
     500   1.656   -74.20670    0.00001    0.00007     500       5
     501   1.639   -74.20672    0.00001    0.00070     501      52
     502   1.660   -74.20669    0.00001    0.00009     502       7
     503   1.660   -74.20669    0.00001    0.00025     503      19
     504   1.649   -74.20671    0.00001    0.00003     504       2
     505   1.659   -74.20669    0.00001    0.00001     505       1
     506   1.656   -74.20670    0.00001    0.00011     506       8
     507   1.661   -74.20669    0.00001    0.00005     507       4
     508   1.661   -74.20669    0.00001    0.00028     508      21
     509   1.661   -74.20669    0.00001    0.00076     509      58
     510   1.668   -74.20668    0.00001    0.00001     510       1
     511   1.668   -74.20668    0.00001    0.00018     511      14
     512   1.670   -74.20668    0.00001    0.00038     512      29
     513   1.673   -74.20667    0.00001    0.00048     513      37
     514   1.674   -74.20667    0.00001    0.00010     514       8
     515   1.674   -74.20667    0.00001    0.00009     515       7
     516   1.675   -74.20667    0.00001    0.00008     516       6
     517   1.677   -74.20666    0.00001    0.00095     517      74
     518   1.680   -74.20666    0.00001    0.00001     518       1
     519   1.681   -74.20666    0.00001    0.00036     519      28
     520   1.683   -74.20665    0.00001    0.00079     520      62
     521   1.684   -74.20665    0.00001    0.00023     521      18
     522   1.685   -74.20665    0.00001    0.00005     522       4
     523   1.685   -74.20665    0.00001    0.00001     523       1
     524   1.685   -74.20665    0.00001    0.00005     524       4
     525   1.685   -74.20665    0.00001    0.00003     525       2
     526   1.685   -74.20665    0.00001    0.00080     526      64
     527   1.691   -74.20664    0.00001    0.00138     527     111
     528   1.698   -74.20663    0.00001    0.00029     528      23
     529   1.698   -74.20663    0.00001    0.00022     529      18
     530   1.698   -74.20663    0.00001    0.00005     530       4
     531   1.673   -74.20667    0.00001    0.00019     531      15
     532   1.673   -74.20667    0.00001    0.00001     532       1
     533   1.698   -74.20663    0.00001    0.00071     533      57
     534   1.703   -74.20662    0.00001    0.00032     534      26
     535   1.703   -74.20662    0.00001    0.00028     535      23
     536   1.704   -74.20662    0.00001    0.00084     536      68
     537   1.705   -74.20662    0.00001    0.00005     537       4
     538   1.706   -74.20662    0.00001    0.00038     538      31
     539   1.704   -74.20662    0.00001    0.00043     539      35
     540   1.700   -74.20663    0.00001    0.00034     540      28
     541   1.706   -74.20662    0.00001    0.00045     541      37
     542   1.711   -74.20661    0.00001    0.00134     542     110
     543   1.707   -74.20662    0.00001    0.00087     543      71
     544   1.715   -74.20660    0.00001    0.00030     544      25
     545   1.716   -74.20660    0.00001    0.00005     545       4
     546   1.712   -74.20661    0.00001    0.00090     546      74
     547   1.691   -74.20664    0.00001    0.00031     547      26
     548   1.692   -74.20664    0.00001    0.00007     548       6
     549   1.723   -74.20659    0.00001    0.00037     549      31
     550   1.723   -74.20659    0.00001    0.00006     550       5
     551   1.724   -74.20659    0.00001    0.00008     551       7
     552   1.726   -74.20659    0.00001    0.00006     552       5
     553   1.726   -74.20659    0.00001    0.00017     553      14
     554   1.726   -74.20659    0.00001    0.00004     554       3
     555   1.726   -74.20659    0.00001    0.00001     555       1
     556   1.726   -74.20659    0.00001    0.00007     556       6
     557   1.726   -74.20659    0.00001    0.00001     557       1
     558   1.726   -74.20659    0.00001    0.00089     558      75
     559   1.706   -74.20662    0.00001    0.00052     559      44
     560   1.736   -74.20657    0.00001    0.00010     560       9
     561   1.739   -74.20657    0.00001    0.00013     561      11
     562   1.743   -74.20656    0.00001    0.00026     562      23
     563   1.744   -74.20656    0.00001    0.00021     563      18
     564   1.744   -74.20656    0.00001    0.00024     564      21
     565   1.747   -74.20655    0.00001    0.00010     565       9
     566   1.747   -74.20655    0.00001    0.00001     566       1
     567   1.744   -74.20656    0.00001    0.00001     567       1
     568   1.747   -74.20655    0.00001    0.00005     568       4
     569   1.747   -74.20655    0.00001    0.00048     569      42
     570   1.748   -74.20655    0.00001    0.00011     570      10
     571   1.749   -74.20655    0.00001    0.00001     571       1
     572   1.749   -74.20655    0.00001    0.00070     572      62
     573   1.751   -74.20655    0.00001    0.00072     573      64
     574   1.757   -74.20654    0.00001    0.00024     574      21
     575   1.757   -74.20654    0.00001    0.00001     575       1
     576   1.757   -74.20654    0.00001    0.00041     576      37
     577   1.757   -74.20654    0.00001    0.00044     577      39
     578   1.757   -74.20654    0.00001    0.00124     578     110
     579   1.763   -74.20653    0.00001    0.00001     579       1
     580   1.763   -74.20653    0.00001    0.00003     580       3
     581   1.763   -74.20653    0.00001    0.00001     581       1
     582   1.763   -74.20653    0.00001    0.00003     582       3
     583   1.760   -74.20653    0.00001    0.00041     583      37
     584   1.771   -74.20651    0.00001    0.00062     584      57
     585   1.772   -74.20651    0.00001    0.00005     585       5
     586   1.772   -74.20651    0.00001    0.00004     586       4
     587   1.771   -74.20651    0.00001    0.00108     587      99
     588   1.772   -74.20651    0.00001    0.00064     588      59
     589   1.773   -74.20651    0.00001    0.00027     589      25
     590   1.782   -74.20650    0.00001    0.00022     590      20
     591   1.783   -74.20650    0.00001    0.00001     591       1
     592   1.783   -74.20650    0.00001    0.00011     592      10
     593   1.771   -74.20651    0.00001    0.00011     593      10
     594   1.774   -74.20651    0.00001    0.00014     594      13
     595   1.784   -74.20649    0.00001    0.00009     595       8
     596   1.785   -74.20649    0.00001    0.00062     596      58
     597   1.786   -74.20649    0.00001    0.00014     597      13
     598   1.790   -74.20648    0.00001    0.00016     598      15
     599   1.791   -74.20648    0.00001    0.00066     599      62
     600   1.791   -74.20648    0.00001    0.00001     600       1
     601   1.791   -74.20648    0.00001    0.00008     601       8
     602   1.792   -74.20648    0.00001    0.00057     602      54
     603   1.794   -74.20648    0.00001    0.00004     603       4
     604   1.792   -74.20648    0.00001    0.00043     604      41
     605   1.795   -74.20648    0.00001    0.00018     605      17
     606   1.796   -74.20647    0.00001    0.00019     606      18
     607   1.797   -74.20647    0.00001    0.00035     607      33
     608   1.791   -74.20648    0.00001    0.00082     608      78
     609   1.800   -74.20647    0.00001    0.00011     609      11
     610   1.799   -74.20647    0.00001    0.00026     610      25
     611   1.799   -74.20647    0.00001    0.00013     611      12
     612   1.799   -74.20647    0.00001    0.00073     612      70
     613   1.802   -74.20647    0.00001    0.00012     613      12
     614   1.802   -74.20646    0.00001    0.00006     614       6
     615   1.787   -74.20649    0.00001    0.00019     615      18
     616   1.799   -74.20647    0.00001    0.00066     616      63
     617   1.803   -74.20646    0.00001    0.00004     617       4
     618   1.800   -74.20647    0.00001    0.00015     618      15
     619   1.814   -74.20645    0.00001    0.00065     619      63
     620   1.821   -74.20644    0.00001    0.00011     620      11
     621   1.821   -74.20644    0.00001    0.00006     621       6
     622   1.809   -74.20645    0.00001    0.00062     622      61
     623   1.826   -74.20643    0.00001    0.00006     623       6
     624   1.827   -74.20643    0.00001    0.00003     624       3
     625   1.827   -74.20643    0.00001    0.00001     625       1
     626   1.827   -74.20643    0.00001    0.00004     626       4
     627   1.827   -74.20643    0.00001    0.00001     627       1
     628   1.827   -74.20643    0.00001    0.00001     628       1
     629   1.827   -74.20643    0.00001    0.00025     629      25
     630   1.827   -74.20643    0.00001    0.00001     630       1
     631   1.827   -74.20643    0.00001    0.00003     631       3
     632   1.827   -74.20643    0.00001    0.00001     632       1
     633   1.827   -74.20643    0.00001    0.00003     633       3
     634   1.827   -74.20643    0.00001    0.00014     634      14
     635   1.827   -74.20643    0.00001    0.00002     635       2
     636   1.803   -74.20646    0.00001    0.00001     636       1
     637   1.827   -74.20642    0.00001    0.00031     637      31
     638   1.828   -74.20642    0.00001    0.00037     638      37
     639   1.829   -74.20642    0.00001    0.00001     639       1
     640   1.829   -74.20642    0.00001    0.00004     640       4
     641   1.829   -74.20642    0.00001    0.00044     641      44
     642   1.831   -74.20642    0.00001    0.00063     642      64
     643   1.836   -74.20641    0.00001    0.00009     643       9
     644   1.837   -74.20641    0.00001    0.00111     644     113
     645   1.827   -74.20642    0.00001    0.00002     645       2
     646   1.822   -74.20643    0.00001    0.00022     646      22
     647   1.841   -74.20640    0.00001    0.00005     647       5
     648   1.841   -74.20640    0.00001    0.00034     648      35
     649   1.837   -74.20641    0.00001    0.00001     649       1
     650   1.841   -74.20640    0.00001    0.00025     650      26
     651   1.844   -74.20640    0.00001    0.00035     651      36
     652   1.841   -74.20640    0.00001    0.00001     652       1
     653   1.837   -74.20641    0.00001    0.00001     653       1
     654   1.837   -74.20641    0.00001    0.00023     654      24
     655   1.848   -74.20639    0.00001    0.00011     655      11
     656   1.849   -74.20639    0.00001    0.00017     656      17
     657   1.849   -74.20639    0.00001    0.00055     657      55
     658   1.804   -74.20646    0.00001    0.00003     658       3
     659   1.804   -74.20646    0.00001    0.00017     659      17
     660   1.805   -74.20646    0.00001    0.00001     660       1
     661   1.847   -74.20639    0.00001    0.00019     661      20
     662   1.852   -74.20639    0.00001    0.00002     662       2
     663   1.852   -74.20639    0.00001    0.00014     663      15
     664   1.848   -74.20639    0.00001    0.00021     664      22
     665   1.852   -74.20639    0.00001    0.00010     665      10
     666   1.848   -74.20639    0.00001    0.00026     666      27
     667   1.852   -74.20638    0.00001    0.00017     667      18
     668   1.852   -74.20638    0.00001    0.00001     668       1
     669   1.853   -74.20638    0.00001    0.00068     669      71
     670   1.854   -74.20638    0.00001    0.00029     670      30
     671   1.855   -74.20638    0.00001    0.00016     671      17
     672   1.855   -74.20638    0.00001    0.00027     672      29
     673   1.856   -74.20638    0.00001    0.00049     673      52
     674   1.860   -74.20637    0.00001    0.00018     674      19
     675   1.862   -74.20637    0.00001    0.00016     675      17
     676   1.853   -74.20638    0.00001    0.00002     676       2
     677   1.827   -74.20642    0.00001    0.00012     677      12
     678   1.827   -74.20642    0.00001    0.00031     678      33
     679   1.828   -74.20642    0.00001    0.00006     679       6
     680   1.868   -74.20636    0.00001    0.00027     680      29
     681   1.869   -74.20636    0.00001    0.00001     681       1
     682   1.828   -74.20642    0.00001    0.00002     682       2
     683   1.869   -74.20636    0.00001    0.00013     683      14
     684   1.869   -74.20636    0.00001    0.00003     684       3
     685   1.869   -74.20636    0.00001    0.00001     685       1
     686   1.869   -74.20636    0.00001    0.00001     686       1
     687   1.869   -74.20636    0.00001    0.00030     687      32
     688   1.869   -74.20636    0.00001    0.00036     688      39
     689   1.870   -74.20636    0.00001    0.00062     689      67
     690   1.870   -74.20636    0.00001    0.00033     690      36
     691   1.875   -74.20635    0.00001    0.00029     691      32
     692   1.876   -74.20635    0.00001    0.00002     692       2
     693   1.876   -74.20635    0.00001    0.00020     693      22
     694   1.877   -74.20635    0.00001    0.00017     694      19
     695   1.878   -74.20634    0.00001    0.00001     695       1
     696   1.877   -74.20635    0.00001    0.00016     696      17
     697   1.877   -74.20635    0.00001    0.00005     697       6
     698   1.878   -74.20634    0.00001    0.00030     698      33
     699   1.878   -74.20634    0.00001    0.00001     699       1
     700   1.878   -74.20634    0.00001    0.00017     700      19
     701   1.879   -74.20634    0.00001    0.00031     701      34
     702   1.878   -74.20634    0.00001    0.00053     702      58
     703   1.882   -74.20634    0.00001    0.00031     703      34
     704   1.883   -74.20634    0.00001    0.00001     704       1
     705   1.882   -74.20634    0.00001    0.00001     705       1
     706   1.883   -74.20634    0.00001    0.00002     706       2
     707   1.882   -74.20634    0.00001    0.00023     707      25
     708   1.882   -74.20634    0.00001    0.00043     708      47
     709   1.882   -74.20634    0.00001    0.00024     709      27
     710   1.884   -74.20633    0.00001    0.00033     710      37
     711   1.884   -74.20633    0.00001    0.00005     711       5
     712   1.884   -74.20633    0.00001    0.00058     712      64
     713   1.885   -74.20633    0.00001    0.00020     713      22
     714   1.887   -74.20633    0.00001    0.00011     714      12
     715   1.887   -74.20633    0.00001    0.00072     715      80
     716   1.891   -74.20632    0.00001    0.00050     716      56
     717   1.894   -74.20632    0.00001    0.00038     717      43
     718   1.895   -74.20632    0.00001    0.00016     718      18
     719   1.896   -74.20632    0.00001    0.00029     719      33
     720   1.896   -74.20632    0.00001    0.00004     720       5
     721   1.896   -74.20632    0.00001    0.00016     721      18
     722   1.896   -74.20632    0.00001    0.00021     722      24
     723   1.896   -74.20631    0.00001    0.00074     723      83
     724   1.900   -74.20631    0.00001    0.00016     724      18
     725   1.901   -74.20631    0.00001    0.00003     725       3
     726   1.901   -74.20631    0.00001    0.00001     726       1
     727   1.901   -74.20631    0.00001    0.00009     727      10
     728   1.901   -74.20631    0.00001    0.00024     728      27
     729   1.900   -74.20631    0.00001    0.00026     729      30
     730   1.901   -74.20631    0.00001    0.00044     730      50
     731   1.903   -74.20630    0.00001    0.00010     731      12
     732   1.904   -74.20630    0.00001    0.00002     732       2
     733   1.904   -74.20630    0.00001    0.00090     733     103
     734   1.910   -74.20629    0.00001    0.00001     734       1
     735   1.910   -74.20629    0.00001    0.00001     735       1
     736   1.910   -74.20629    0.00001    0.00002     736       2
     737   1.908   -74.20630    0.00001    0.00003     737       3
     738   1.910   -74.20629    0.00001    0.00046     738      53
     739   1.912   -74.20629    0.00001    0.00003     739       4
     740   1.909   -74.20630    0.00001    0.00034     740      39
     741   1.912   -74.20629    0.00001    0.00001     741       1
     742   1.912   -74.20629    0.00001    0.00015     742      17
     743   1.913   -74.20629    0.00001    0.00006     743       7
     744   1.914   -74.20629    0.00001    0.00002     744       2
     745   1.914   -74.20629    0.00001    0.00002     745       2
     746   1.915   -74.20628    0.00001    0.00008     746       9
     747   1.914   -74.20629    0.00001    0.00021     747      25
     748   1.915   -74.20628    0.00001    0.00032     748      37
     749   1.916   -74.20628    0.00001    0.00014     749      16
     750   1.916   -74.20628    0.00001    0.00008     750       9
     751   1.916   -74.20628    0.00001    0.00002     751       2
     752   1.916   -74.20628    0.00001    0.00009     752      11
     753   1.916   -74.20628    0.00001    0.00003     753       3
     754   1.916   -74.20628    0.00001    0.00057     754      67
     755   1.922   -74.20627    0.00001    0.00043     755      51
     756   1.922   -74.20627    0.00001    0.00027     756      32
     757   1.923   -74.20627    0.00001    0.00001     757       1
     758   1.923   -74.20627    0.00001    0.00019     758      22
     759   1.923   -74.20627    0.00001    0.00083     759      98
     760   1.924   -74.20627    0.00001    0.00028     760      33
     761   1.923   -74.20627    0.00001    0.00083     761      97
     762   1.927   -74.20627    0.00001    0.00053     762      63
     763   1.924   -74.20627    0.00001    0.00001     763       1
     764   1.930   -74.20626    0.00001    0.00007     764       8
     765   1.924   -74.20627    0.00001    0.00027     765      32
     766   1.931   -74.20626    0.00001    0.00001     766       1
     767   1.931   -74.20626    0.00001    0.00001     767       1
     768   1.930   -74.20626    0.00001    0.00003     768       4
     769   1.930   -74.20626    0.00001    0.00028     769      34
     770   1.931   -74.20626    0.00001    0.00011     770      13
     771   1.931   -74.20626    0.00001    0.00031     771      37
     772   1.934   -74.20626    0.00001    0.00085     772     102
     773   1.937   -74.20625    0.00001    0.00003     773       4
     774   1.937   -74.20625    0.00001    0.00008     774      10
     775   1.937   -74.20625    0.00001    0.00007     775       8
     776   1.937   -74.20625    0.00001    0.00002     776       3
     777   1.937   -74.20625    0.00001    0.00062     777      76
     778   1.937   -74.20625    0.00001    0.00001     778       1
     779   1.946   -74.20624    0.00001    0.00075     779      92
     780   1.949   -74.20623    0.00001    0.00001     780       1
     781   1.949   -74.20623    0.00001    0.00002     781       2
     782   1.949   -74.20623    0.00001    0.00015     782      18
     783   1.949   -74.20623    0.00001    0.00010     783      12
     784   1.949   -74.20623    0.00001    0.00054     784      67
     785   1.952   -74.20623    0.00001    0.00006     785       7
     786   1.954   -74.20622    0.00001    0.00065     786      80
     787   1.959   -74.20621    0.00001    0.00002     787       3
     788   1.959   -74.20621    0.00001    0.00001     788       1
     789   1.959   -74.20621    0.00001    0.00011     789      14
     790   1.959   -74.20621    0.00001    0.00001     790       1
     791   1.959   -74.20621    0.00001    0.00001     791       1
     792   1.959   -74.20621    0.00001    0.00003     792       4
     793   1.965   -74.20621    0.00001    0.00001     793       1
     794   1.965   -74.20621    0.00001    0.00005     794       6
     795   1.959   -74.20621    0.00001    0.00006     795       8
     796   1.968   -74.20620    0.00001    0.00057     796      72
     797   1.970   -74.20620    0.00001    0.00002     797       2
     798   1.970   -74.20620    0.00001    0.00029     798      37
     799   1.970   -74.20620    0.00001    0.00002     799       3
     800   1.970   -74.20620    0.00001    0.00002     800       2
     801   1.971   -74.20620    0.00001    0.00009     801      11
     802   1.962   -74.20621    0.00001    0.00006     802       8
     803   1.972   -74.20619    0.00001    0.00001     803       1
     804   1.930   -74.20626    0.00001    0.00001     804       1
     805   1.930   -74.20626    0.00001    0.00017     805      21
     806   1.973   -74.20619    0.00001    0.00011     806      14
     807   1.974   -74.20619    0.00001    0.00002     807       2
     808   1.974   -74.20619    0.00001    0.00001     808       1
     809   1.974   -74.20619    0.00001    0.00019     809      25
     810   1.976   -74.20619    0.00001    0.00009     810      12
     811   1.971   -74.20620    0.00001    0.00002     811       2
     812   1.963   -74.20621    0.00001    0.00001     812       1
     813   1.977   -74.20619    0.00001    0.00001     813       1
     814   1.977   -74.20619    0.00001    0.00019     814      25
     815   1.977   -74.20619    0.00001    0.00005     815       6
     816   1.977   -74.20619    0.00001    0.00001     816       1
     817   1.977   -74.20619    0.00001    0.00025     817      33
     818   1.979   -74.20618    0.00001    0.00001     818       1
     819   1.979   -74.20618    0.00001    0.00061     819      79
     820   1.984   -74.20618    0.00001    0.00001     820       1
     821   1.984   -74.20617    0.00001    0.00001     821       1
     822   1.984   -74.20617    0.00001    0.00011     822      15
     823   1.985   -74.20617    0.00001    0.00024     823      32
     824   1.985   -74.20617    0.00001    0.00032     824      42
     825   1.987   -74.20617    0.00001    0.00018     825      24
     826   1.987   -74.20617    0.00001    0.00010     826      13
     827   1.987   -74.20617    0.00001    0.00029     827      39
     828   1.994   -74.20616    0.00001    0.00001     828       1
     829   1.994   -74.20616    0.00001    0.00011     829      15
     830   1.995   -74.20616    0.00001    0.00015     830      20
     831   1.995   -74.20616    0.00001    0.00024     831      32
     832   1.996   -74.20616    0.00001    0.00046     832      61
     833   2.000   -74.20615    0.00001    0.00002     833       3
     834   2.000   -74.20615    0.00001    0.00016     834      21
     835   2.001   -74.20615    0.00001    0.00036     835      49
     836   2.000   -74.20615    0.00001    0.00058     836      78
     837   2.002   -74.20615    0.00001    0.00036     837      48
     838   2.004   -74.20614    0.00001    0.00064     838      87
     839   2.007   -74.20614    0.00001    0.00010     839      13
     840   2.007   -74.20614    0.00001    0.00002     840       3
     841   2.007   -74.20614    0.00001    0.00029     841      40
     842   2.009   -74.20613    0.00001    0.00001     842       2
     843   2.009   -74.20613    0.00001    0.00001     843       2
     844   2.006   -74.20614    0.00001    0.00031     844      43
     845   2.011   -74.20613    0.00001    0.00033     845      46
     846   2.017   -74.20612    0.00001    0.00003     846       4
     847   2.018   -74.20612    0.00001    0.00017     847      24
     848   2.019   -74.20612    0.00001    0.00001     848       1
     849   2.019   -74.20612    0.00001    0.00001     849       2
     850   2.019   -74.20612    0.00001    0.00032     850      45
     851   2.021   -74.20612    0.00001    0.00037     851      51
     852   2.022   -74.20611    0.00001    0.00012     852      17
     853   2.025   -74.20611    0.00001    0.00016     853      23
     854   2.025   -74.20611    0.00001    0.00016     854      22
     855   2.026   -74.20611    0.00001    0.00026     855      37
     856   2.027   -74.20611    0.00001    0.00020     856      28
     857   2.031   -74.20610    0.00001    0.00028     857      39
     858   2.033   -74.20610    0.00001    0.00001     858       1
     859   2.022   -74.20611    0.00001    0.00011     859      16
     860   2.034   -74.20609    0.00001    0.00001     860       1
     861   2.034   -74.20609    0.00001    0.00032     861      46
     862   2.034   -74.20609    0.00001    0.00004     862       6
     863   2.037   -74.20609    0.00001    0.00020     863      28
     864   2.037   -74.20609    0.00001    0.00027     864      38
     865   2.038   -74.20609    0.00001    0.00031     865      44
     866   2.038   -74.20609    0.00001    0.00001     866       1
     867   2.043   -74.20608    0.00001    0.00010     867      15
     868   2.038   -74.20609    0.00001    0.00048     868      69
     869   2.044   -74.20608    0.00001    0.00018     869      26
     870   2.046   -74.20608    0.00001    0.00016     870      23
     871   2.046   -74.20608    0.00001    0.00012     871      17
     872   2.045   -74.20608    0.00001    0.00026     872      37
     873   2.033   -74.20610    0.00001    0.00017     873      24
     874   2.046   -74.20608    0.00001    0.00003     874       5
     875   2.049   -74.20607    0.00001    0.00018     875      26
     876   2.053   -74.20607    0.00001    0.00003     876       5
     877   2.053   -74.20607    0.00001    0.00004     877       6
     878   2.053   -74.20606    0.00001    0.00005     878       8
     879   2.053   -74.20606    0.00001    0.00001     879       1
     880   2.053   -74.20606    0.00001    0.00001     880       1
     881   2.053   -74.20606    0.00001    0.00003     881       4
     882   2.054   -74.20606    0.00001    0.00001     882       1
     883   2.054   -74.20606    0.00001    0.00038     883      56
     884   2.031   -74.20610    0.00001    0.00010     884      15
     885   2.058   -74.20606    0.00001    0.00009     885      14
     886   2.058   -74.20606    0.00001    0.00004     886       6
     887   2.059   -74.20606    0.00001    0.00003     887       5
     888   2.058   -74.20606    0.00001    0.00010     888      15
     889   2.060   -74.20605    0.00001    0.00015     889      22
     890   2.060   -74.20605    0.00001    0.00010     890      15
     891   2.061   -74.20605    0.00001    0.00006     891       9
     892   2.061   -74.20605    0.00001    0.00008     892      12
     893   2.062   -74.20605    0.00001    0.00051     893      76
     894   2.072   -74.20603    0.00001    0.00009     894      13
     895   2.072   -74.20603    0.00001    0.00003     895       5
     896   2.072   -74.20603    0.00001    0.00002     896       3
     897   2.073   -74.20603    0.00001    0.00001     897       2
     898   2.073   -74.20603    0.00001    0.00024     898      37
     899   2.078   -74.20602    0.00001    0.00036     899      55
     900   2.081   -74.20602    0.00001    0.00001     900       1
     901   2.081   -74.20602    0.00001    0.00001     901       1
     902   2.081   -74.20602    0.00001    0.00008     902      12
     903   2.071   -74.20604    0.00001    0.00001     903       1
     904   2.071   -74.20604    0.00001    0.00003     904       4
     905   2.071   -74.20604    0.00001    0.00001     905       2
     906   2.071   -74.20604    0.00001    0.00020     906      31
     907   2.081   -74.20602    0.00001    0.00001     907       1
     908   2.081   -74.20602    0.00001    0.00025     908      38
     909   2.086   -74.20601    0.00001    0.00004     909       7
     910   2.086   -74.20601    0.00001    0.00030     910      46
     911   2.087   -74.20601    0.00001    0.00001     911       1
     912   2.087   -74.20601    0.00001    0.00001     912       1
     913   2.087   -74.20601    0.00001    0.00032     913      50
     914   2.090   -74.20601    0.00001    0.00001     914       1
     915   2.090   -74.20601    0.00001    0.00006     915       9
     916   2.090   -74.20601    0.00001    0.00057     916      89
     917   2.079   -74.20602    0.00001    0.00010     917      16
     918   2.093   -74.20600    0.00001    0.00001     918       2
     919   2.094   -74.20600    0.00001    0.00018     919      29
     920   2.094   -74.20600    0.00001    0.00001     920       2
     921   2.094   -74.20600    0.00001    0.00025     921      40
     922   2.095   -74.20600    0.00001    0.00037     922      59
     923   2.102   -74.20599    0.00001    0.00017     923      27
     924   2.104   -74.20598    0.00001    0.00017     924      28
     925   2.102   -74.20599    0.00001    0.00011     925      18
     926   2.079   -74.20602    0.00001    0.00001     926       2
     927   2.106   -74.20598    0.00001    0.00001     927       1
     928   2.105   -74.20598    0.00001    0.00001     928       2
     929   2.106   -74.20598    0.00001    0.00001     929       2
     930   2.106   -74.20598    0.00001    0.00001     930       2
     931   2.106   -74.20598    0.00001    0.00001     931       1
     932   2.072   -74.20603    0.00001    0.00011     932      17
     933   2.113   -74.20597    0.00001    0.00022     933      35
     934   2.108   -74.20598    0.00001    0.00032     934      53
     935   2.119   -74.20596    0.00001    0.00001     935       1
     936   2.109   -74.20598    0.00001    0.00017     936      28
     937   2.094   -74.20600    0.00001    0.00018     937      30
     938   2.122   -74.20596    0.00001    0.00003     938       5
     939   2.122   -74.20595    0.00001    0.00013     939      21
     940   2.120   -74.20596    0.00001    0.00010     940      17
     941   2.123   -74.20595    0.00001    0.00003     941       5
     942   2.123   -74.20595    0.00001    0.00012     942      20
     943   2.124   -74.20595    0.00001    0.00005     943       9
     944   2.123   -74.20595    0.00001    0.00007     944      11
     945   2.123   -74.20595    0.00001    0.00019     945      31
     946   2.124   -74.20595    0.00001    0.00013     946      21
     947   2.126   -74.20595    0.00001    0.00005     947       9
     948   2.127   -74.20595    0.00001    0.00024     948      40
     949   2.130   -74.20594    0.00001    0.00001     949       1
     950   2.130   -74.20594    0.00001    0.00002     950       3
     951   2.126   -74.20595    0.00001    0.00001     951       1
     952   2.130   -74.20594    0.00001    0.00021     952      36
     953   2.131   -74.20594    0.00001    0.00010     953      16
     954   2.133   -74.20594    0.00001    0.00001     954       1
     955   2.133   -74.20594    0.00001    0.00015     955      26
     956   2.133   -74.20594    0.00001    0.00033     956      56
     957   2.137   -74.20593    0.00001    0.00003     957       5
     958   2.138   -74.20593    0.00001    0.00013     958      21
     959   2.115   -74.20597    0.00001    0.00010     959      16
     960   2.135   -74.20593    0.00001    0.00001     960       1
     961   2.135   -74.20593    0.00001    0.00001     961       2
     962   2.139   -74.20593    0.00001    0.00017     962      28
     963   2.144   -74.20592    0.00001    0.00002     963       3
     964   2.145   -74.20592    0.00001    0.00006     964      11
     965   2.145   -74.20592    0.00001    0.00016     965      27
     966   2.148   -74.20591    0.00001    0.00001     966       1
     967   2.148   -74.20591    0.00001    0.00001     967       1
     968   2.150   -74.20591    0.00001    0.00009     968      15
     969   2.150   -74.20591    0.00001    0.00001     969       1
     970   2.150   -74.20591    0.00001    0.00025     970      44
     971   2.152   -74.20591    0.00001    0.00001     971       1
     972   2.152   -74.20591    0.00001    0.00032     972      56
     973   2.152   -74.20591    0.00001    0.00006     973      11
     974   2.156   -74.20590    0.00001    0.00034     974      60
     975   2.157   -74.20590    0.00001    0.00001     975       1
     976   2.157   -74.20590    0.00001    0.00001     976       1
     977   2.157   -74.20590    0.00001    0.00038     977      66
     978   2.158   -74.20590    0.00001    0.00003     978       6
     979   2.159   -74.20590    0.00001    0.00006     979      10
     980   2.160   -74.20589    0.00001    0.00023     980      40
     981   2.160   -74.20589    0.00001    0.00001     981       1
     982   2.161   -74.20589    0.00001    0.00024     982      43
     983   2.162   -74.20589    0.00001    0.00014     983      25
     984   2.163   -74.20589    0.00001    0.00001     984       1
     985   2.163   -74.20589    0.00001    0.00001     985       1
     986   2.163   -74.20589    0.00001    0.00021     986      37
     987   2.166   -74.20588    0.00001    0.00008     987      14
     988   2.157   -74.20590    0.00001    0.00016     988      28
     989   2.169   -74.20588    0.00001    0.00001     989       1
     990   2.167   -74.20588    0.00001    0.00008     990      14
     991   2.170   -74.20588    0.00001    0.00014     991      25
     992   2.173   -74.20587    0.00001    0.00010     992      18
     993   2.170   -74.20588    0.00001    0.00010     993      17
     994   2.175   -74.20587    0.00001    0.00024     994      44
     995   2.179   -74.20586    0.00001    0.00007     995      12
     996   2.179   -74.20586    0.00001    0.00001     996       2
     997   2.179   -74.20586    0.00001    0.00013     997      23
     998   2.179   -74.20586    0.00001    0.00009     998      17
     999   2.179   -74.20586    0.00001    0.00027     999      49
    1000   2.180   -74.20586    0.00001    0.00042    1000      76
    1001   2.180   -74.20586    0.00001    0.00025    1001      45
    1002   2.179   -74.20586    0.00001    0.00013    1002      23
    1003   2.185   -74.20585    0.00001    0.00002    1003       3
    1004   2.185   -74.20585    0.00001    0.00016    1004      29
    1005   2.185   -74.20585    0.00001    0.00001    1005       2
    1006   2.186   -74.20585    0.00001    0.00029    1006      53
    1007   2.179   -74.20586    0.00001    0.00002    1007       4
    1008   2.188   -74.20585    0.00001    0.00030    1008      56
    1009   2.191   -74.20585    0.00001    0.00006    1009      11
    1010   2.195   -74.20584    0.00001    0.00030    1010      56
    1011   2.196   -74.20584    0.00001    0.00006    1011      12
    1012   2.196   -74.20584    0.00001    0.00004    1012       7
    1013   2.196   -74.20584    0.00001    0.00006    1013      11
    1014   2.197   -74.20584    0.00001    0.00014    1014      27
    1015   2.197   -74.20584    0.00001    0.00004    1015       7
    1016   2.198   -74.20583    0.00001    0.00015    1016      28
    1017   2.196   -74.20584    0.00001    0.00001    1017       1
    1018   2.187   -74.20585    0.00001    0.00016    1018      29
    1019   2.187   -74.20585    0.00001    0.00016    1019      29
    1020   2.195   -74.20584    0.00001    0.00008    1020      16
    1021   2.203   -74.20583    0.00001    0.00001    1021       1
    1022   2.203   -74.20583    0.00001    0.00001    1022       2
    1023   2.203   -74.20583    0.00001    0.00010    1023      19
    1024   2.204   -74.20582    0.00001    0.00028    1024      54
    1025   2.195   -74.20584    0.00001    0.00009    1025      18
    1026   2.207   -74.20582    0.00001    0.00005    1026       9
    1027   2.195   -74.20584    0.00001    0.00015    1027      28
    1028   2.195   -74.20584    0.00001    0.00001    1028       1
    1029   2.195   -74.20584    0.00001    0.00008    1029      15
    1030   2.214   -74.20581    0.00001    0.00005    1030       9
    1031   2.214   -74.20581    0.00001    0.00002    1031       4
    1032   2.215   -74.20581    0.00001    0.00002    1032       3
    1033   2.215   -74.20581    0.00001    0.00021    1033      40
    1034   2.221   -74.20580    0.00001    0.00001    1034       2
    1035   2.221   -74.20580    0.00001    0.00010    1035      19
    1036   2.222   -74.20580    0.00001    0.00002    1036       3
    1037   2.222   -74.20580    0.00001    0.00009    1037      18
    1038   2.224   -74.20579    0.00001    0.00003    1038       5
    1039   2.224   -74.20579    0.00001    0.00007    1039      13
    1040   2.226   -74.20579    0.00001    0.00003    1040       6
    1041   2.222   -74.20580    0.00001    0.00001    1041       2
    1042   2.227   -74.20579    0.00001    0.00019    1042      37
    1043   2.222   -74.20580    0.00001    0.00001    1043       1
    1044   2.227   -74.20579    0.00001    0.00006    1044      12
    1045   2.228   -74.20579    0.00001    0.00012    1045      24
    1046   2.234   -74.20578    0.00001    0.00002    1046       4
    1047   2.222   -74.20580    0.00001    0.00001    1047       1
    1048   2.231   -74.20578    0.00001    0.00005    1048       9
    1049   2.234   -74.20578    0.00001    0.00006    1049      11
    1050   2.235   -74.20578    0.00001    0.00002    1050       3
    1051   2.235   -74.20578    0.00001    0.00004    1051       8
    1052   2.235   -74.20578    0.00001    0.00013    1052      27
    1053   2.235   -74.20577    0.00000    0.00037    1053      74
    1054   2.237   -74.20577    0.00000    0.00009    1054      19
    1055   2.237   -74.20577    0.00000    0.00011    1055      23
    1056   2.238   -74.20577    0.00000    0.00001    1056       3
    1057   2.238   -74.20577    0.00000    0.00003    1057       7
    1058   2.238   -74.20577    0.00000    0.00007    1058      15
    1059   2.238   -74.20577    0.00000    0.00001    1059       2
    1060   2.238   -74.20577    0.00000    0.00038    1060      76
    1061   2.238   -74.20577    0.00000    0.00028    1061      56
    1062   2.239   -74.20577    0.00000    0.00048    1062      97
    1063   2.244   -74.20576    0.00000    0.00001    1063       3
    1064   2.241   -74.20577    0.00000    0.00007    1064      14
    1065   2.241   -74.20577    0.00000    0.00015    1065      31
    1066   2.245   -74.20576    0.00000    0.00004    1066       9
    1067   2.245   -74.20576    0.00000    0.00006    1067      12
    1068   2.245   -74.20576    0.00000    0.00000    1068       1
    1069   2.245   -74.20576    0.00000    0.00011    1069      22
    1070   2.247   -74.20576    0.00000    0.00017    1070      35
    1071   2.249   -74.20575    0.00000    0.00009    1071      18
    1072   2.245   -74.20576    0.00000    0.00003    1072       6
    1073   2.245   -74.20576    0.00000    0.00025    1073      52
    1074   2.239   -74.20577    0.00000    0.00018    1074      37
    1075   2.253   -74.20575    0.00000    0.00001    1075       2
    1076   2.245   -74.20576    0.00000    0.00014    1076      28
    1077   2.257   -74.20574    0.00000    0.00015    1077      32
    1078   2.260   -74.20574    0.00000    0.00003    1078       7
    1079   2.261   -74.20573    0.00000    0.00000    1079       1
    1080   2.237   -74.20577    0.00000    0.00003    1080       7
    1081   2.261   -74.20573    0.00000    0.00003    1081       6
    1082   2.237   -74.20577    0.00000    0.00007    1082      14
    1083   2.261   -74.20573    0.00000    0.00005    1083      10
    1084   2.261   -74.20573    0.00000    0.00001    1084       3
    1085   2.261   -74.20573    0.00000    0.00001    1085       2
    1086   2.261   -74.20573    0.00000    0.00042    1086      88
    1087   2.264   -74.20573    0.00000    0.00000    1087       1
    1088   2.265   -74.20573    0.00000    0.00006    1088      12
    1089   2.266   -74.20573    0.00000    0.00005    1089      10
    1090   2.267   -74.20572    0.00000    0.00004    1090       9
    1091   2.267   -74.20572    0.00000    0.00001    1091       2
    1092   2.264   -74.20573    0.00000    0.00014    1092      30
    1093   2.268   -74.20572    0.00000    0.00008    1093      17
    1094   2.268   -74.20572    0.00000    0.00010    1094      21
    1095   2.268   -74.20572    0.00000    0.00004    1095       8
    1096   2.269   -74.20572    0.00000    0.00006    1096      12
    1097   2.269   -74.20572    0.00000    0.00071    1097     152
    1098   2.284   -74.20570    0.00000    0.00008    1098      17
    1099   2.283   -74.20570    0.00000    0.00006    1099      12
    1100   2.283   -74.20570    0.00000    0.00003    1100       7
    1101   2.284   -74.20570    0.00000    0.00009    1101      19
    1102   2.284   -74.20570    0.00000    0.00001    1102       3
    1103   2.284   -74.20570    0.00000    0.00006    1103      14
    1104   2.284   -74.20570    0.00000    0.00008    1104      18
    1105   2.285   -74.20570    0.00000    0.00002    1105       5
    1106   2.285   -74.20569    0.00000    0.00002    1106       5
    1107   2.285   -74.20569    0.00000    0.00003    1107       7
    1108   2.285   -74.20569    0.00000    0.00000    1108       1
    1109   2.285   -74.20569    0.00000    0.00017    1109      38
    1110   2.286   -74.20569    0.00000    0.00001    1110       3
    1111   2.286   -74.20569    0.00000    0.00001    1111       2
    1112   2.286   -74.20569    0.00000    0.00001    1112       3
    1113   2.286   -74.20569    0.00000    0.00003    1113       6
    1114   2.286   -74.20569    0.00000    0.00003    1114       6
    1115   2.286   -74.20569    0.00000    0.00025    1115      55
    1116   2.287   -74.20569    0.00000    0.00024    1116      52
    1117   2.287   -74.20569    0.00000    0.00002    1117       4
    1118   2.289   -74.20569    0.00000    0.00026    1118      56
    1119   2.272   -74.20572    0.00000    0.00026    1119      56
    1120   2.275   -74.20571    0.00000    0.00003    1120       7
    1121   2.275   -74.20571    0.00000    0.00037    1121      80
    1122   2.294   -74.20568    0.00000    0.00005    1122      12
    1123   2.294   -74.20568    0.00000    0.00018    1123      40
    1124   2.296   -74.20568    0.00000    0.00000    1124       1
    1125   2.296   -74.20568    0.00000    0.00004    1125       8
    1126   2.296   -74.20568    0.00000    0.00009    1126      19
    1127   2.297   -74.20568    0.00000    0.00000    1127       1
    1128   2.297   -74.20568    0.00000    0.00010    1128      22
    1129   2.299   -74.20567    0.00000    0.00007    1129      15
    1130   2.297   -74.20568    0.00000    0.00017    1130      38
    1131   2.300   -74.20567    0.00000    0.00025    1131      56
    1132   2.294   -74.20568    0.00000    0.00003    1132       7
    1133   2.302   -74.20567    0.00000    0.00002    1133       5
    1134   2.281   -74.20570    0.00000    0.00005    1134      11
    1135   2.302   -74.20567    0.00000    0.00010    1135      23
    1136   2.303   -74.20567    0.00000    0.00003    1136       6
    1137   2.304   -74.20567    0.00000    0.00002    1137       5
    1138   2.304   -74.20566    0.00000    0.00002    1138       4
    1139   2.304   -74.20566    0.00000    0.00000    1139       1
    1140   2.304   -74.20566    0.00000    0.00007    1140      16
    1141   2.305   -74.20566    0.00000    0.00004    1141       9
    1142   2.302   -74.20567    0.00000    0.00002    1142       4
    1143   2.305   -74.20566    0.00000    0.00002    1143       5
    1144   2.305   -74.20566    0.00000    0.00006    1144      14
    1145   2.305   -74.20566    0.00000    0.00000    1145       1
    1146   2.298   -74.20567    0.00000    0.00023    1146      52
    1147   2.306   -74.20566    0.00000    0.00001    1147       3
    1148   2.308   -74.20566    0.00000    0.00000    1148       1
    1149   2.302   -74.20567    0.00000    0.00019    1149      43
    1150   2.309   -74.20566    0.00000    0.00010    1150      23
    1151   2.292   -74.20568    0.00000    0.00005    1151      12
    1152   2.309   -74.20566    0.00000    0.00004    1152       8
    1153   2.310   -74.20566    0.00000    0.00006    1153      13
    1154   2.312   -74.20565    0.00000    0.00003    1154       6
    1155   2.294   -74.20568    0.00000    0.00018    1155      42
    1156   2.312   -74.20565    0.00000    0.00007    1156      16
    1157   2.306   -74.20566    0.00000    0.00016    1157      36
    1158   2.313   -74.20565    0.00000    0.00011    1158      24
    1159   2.313   -74.20565    0.00000    0.00003    1159       6
    1160   2.313   -74.20565    0.00000    0.00000    1160       1
    1161   2.313   -74.20565    0.00000    0.00026    1161      59
    1162   2.315   -74.20565    0.00000    0.00017    1162      40
    1163   2.316   -74.20565    0.00000    0.00001    1163       2
    1164   2.316   -74.20565    0.00000    0.00032    1164      74
    1165   2.319   -74.20564    0.00000    0.00000    1165       1
    1166   2.308   -74.20566    0.00000    0.00014    1166      33
    1167   2.319   -74.20564    0.00000    0.00012    1167      28
    1168   2.321   -74.20564    0.00000    0.00005    1168      11
    1169   2.321   -74.20564    0.00000    0.00019    1169      45
    1170   2.321   -74.20564    0.00000    0.00002    1170       5
    1171   2.322   -74.20564    0.00000    0.00014    1171      33
    1172   2.324   -74.20563    0.00000    0.00015    1172      34
    1173   2.328   -74.20563    0.00000    0.00022    1173      52
    1174   2.326   -74.20563    0.00000    0.00001    1174       2
    1175   2.326   -74.20563    0.00000    0.00001    1175       3
    1176   2.328   -74.20563    0.00000    0.00011    1176      25
    1177   2.328   -74.20563    0.00000    0.00008    1177      19
    1178   2.318   -74.20564    0.00000    0.00024    1178      56
    1179   2.331   -74.20562    0.00000    0.00016    1179      37
    1180   2.333   -74.20562    0.00000    0.00001    1180       3
    1181   2.333   -74.20562    0.00000    0.00006    1181      15
    1182   2.333   -74.20562    0.00000    0.00003    1182       7
    1183   2.334   -74.20562    0.00000    0.00001    1183       2
    1184   2.334   -74.20562    0.00000    0.00000    1184       1
    1185   2.334   -74.20562    0.00000    0.00001    1185       3
    1186   2.331   -74.20562    0.00000    0.00002    1186       5
    1187   2.334   -74.20562    0.00000    0.00003    1187       8
    1188   2.335   -74.20562    0.00000    0.00007    1188      17
    1189   2.336   -74.20561    0.00000    0.00002    1189       5
    1190   2.336   -74.20561    0.00000    0.00000    1190       1
    1191   2.335   -74.20562    0.00000    0.00007    1191      16
    1192   2.337   -74.20561    0.00000    0.00011    1192      25
    1193   2.337   -74.20561    0.00000    0.00002    1193       5
    1194   2.337   -74.20561    0.00000    0.00009    1194      22
    1195   2.338   -74.20561    0.00000    0.00014    1195      33
    1196   2.339   -74.20561    0.00000    0.00003    1196       7
    1197   2.339   -74.20561    0.00000    0.00010    1197      24
    1198   2.339   -74.20561    0.00000    0.00008    1198      20
    1199   2.339   -74.20561    0.00000    0.00005    1199      12
    1200   2.339   -74.20561    0.00000    0.00003    1200       8
    1201   2.340   -74.20561    0.00000    0.00000    1201       1
    1202   2.340   -74.20561    0.00000    0.00008    1202      18
    1203   2.317   -74.20564    0.00000    0.00009    1203      20
    1204   2.340   -74.20561    0.00000    0.00004    1204      10
    1205   2.337   -74.20561    0.00000    0.00011    1205      26
    1206   2.319   -74.20564    0.00000    0.00005    1206      11
    1207   2.340   -74.20561    0.00000    0.00001    1207       3
    1208   2.342   -74.20560    0.00000    0.00011    1208      26
    1209   2.318   -74.20564    0.00000    0.00012    1209      29
    1210   2.342   -74.20560    0.00000    0.00014    1210      33
    1211   2.341   -74.20561    0.00000    0.00028    1211      67
    1212   2.345   -74.20560    0.00000    0.00030    1212      73
    1213   2.345   -74.20560    0.00000    0.00008    1213      20
    1214   2.346   -74.20560    0.00000    0.00000    1214       1
    1215   2.346   -74.20560    0.00000    0.00002    1215       4
    1216   2.346   -74.20560    0.00000    0.00009    1216      21
    1217   2.341   -74.20561    0.00000    0.00035    1217      82
    1218   2.347   -74.20560    0.00000    0.00002    1218       5
    1219   2.347   -74.20560    0.00000    0.00002    1219       5
    1220   2.342   -74.20560    0.00000    0.00001    1220       3
    1221   2.342   -74.20560    0.00000    0.00014    1221      34
    1222   2.349   -74.20559    0.00000    0.00001    1222       3
    1223   2.349   -74.20559    0.00000    0.00001    1223       3
    1224   2.323   -74.20563    0.00000    0.00003    1224       8
    1225   2.349   -74.20559    0.00000    0.00010    1225      25
    1226   2.346   -74.20560    0.00000    0.00003    1226       7
    1227   2.324   -74.20563    0.00000    0.00000    1227       1
    1228   2.349   -74.20559    0.00000    0.00009    1228      21
    1229   2.350   -74.20559    0.00000    0.00004    1229      10
    1230   2.350   -74.20559    0.00000    0.00006    1230      14
    1231   2.350   -74.20559    0.00000    0.00003    1231       7
    1232   2.350   -74.20559    0.00000    0.00000    1232       1
    1233   2.350   -74.20559    0.00000    0.00007    1233      16
    1234   2.351   -74.20559    0.00000    0.00003    1234       8
    1235   2.351   -74.20559    0.00000    0.00002    1235       6
    1236   2.351   -74.20559    0.00000    0.00016    1236      39
    1237   2.353   -74.20559    0.00000    0.00021    1237      52
    1238   2.352   -74.20559    0.00000    0.00013    1238      31
    1239   2.355   -74.20558    0.00000    0.00020    1239      50
    1240   2.357   -74.20558    0.00000    0.00003    1240       8
    1241   2.358   -74.20558    0.00000    0.00001    1241       3
    1242   2.351   -74.20559    0.00000    0.00003    1242       7
    1243   2.358   -74.20558    0.00000    0.00000    1243       1
    1244   2.352   -74.20559    0.00000    0.00002    1244       5
    1245   2.352   -74.20559    0.00000    0.00001    1245       2
    1246   2.352   -74.20559    0.00000    0.00003    1246       8
    1247   2.352   -74.20559    0.00000    0.00021    1247      51
    1248   2.365   -74.20557    0.00000    0.00002    1248       4
    1249   2.366   -74.20557    0.00000    0.00005    1249      13
    1250   2.365   -74.20557    0.00000    0.00006    1250      14
    1251   2.349   -74.20559    0.00000    0.00001    1251       2
    1252   2.367   -74.20556    0.00000    0.00002    1252       4
    1253   2.367   -74.20557    0.00000    0.00001    1253       2
    1254   2.362   -74.20557    0.00000    0.00000    1254       1
    1255   2.367   -74.20556    0.00000    0.00006    1255      14
    1256   2.355   -74.20558    0.00000    0.00001    1256       3
    1257   2.363   -74.20557    0.00000    0.00000    1257       1
    1258   2.355   -74.20558    0.00000    0.00007    1258      18
    1259   2.367   -74.20556    0.00000    0.00005    1259      13
    1260   2.358   -74.20558    0.00000    0.00002    1260       4
    1261   2.368   -74.20556    0.00000    0.00012    1261      30
    1262   2.369   -74.20556    0.00000    0.00000    1262       1
    1263   2.369   -74.20556    0.00000    0.00000    1263       1
    1264   2.369   -74.20556    0.00000    0.00000    1264       1
    1265   2.367   -74.20556    0.00000    0.00003    1265       7
    1266   2.369   -74.20556    0.00000    0.00000    1266       1
    1267   2.369   -74.20556    0.00000    0.00005    1267      12
    1268   2.370   -74.20556    0.00000    0.00002    1268       5
    1269   2.370   -74.20556    0.00000    0.00000    1269       1
    1270   2.370   -74.20556    0.00000    0.00000    1270       1
    1271   2.371   -74.20556    0.00000    0.00001    1271       3
    1272   2.352   -74.20559    0.00000    0.00009    1272      22
    1273   2.371   -74.20556    0.00000    0.00008    1273      19
    1274   2.358   -74.20558    0.00000    0.00008    1274      21
    1275   2.372   -74.20556    0.00000    0.00000    1275       1
    1276   2.372   -74.20556    0.00000    0.00008    1276      21
    1277   2.373   -74.20556    0.00000    0.00007    1277      18
    1278   2.374   -74.20555    0.00000    0.00000    1278       1
    1279   2.374   -74.20555    0.00000    0.00007    1279      17
    1280   2.375   -74.20555    0.00000    0.00007    1280      18
    1281   2.375   -74.20555    0.00000    0.00028    1281      71
    1282   2.377   -74.20555    0.00000    0.00000    1282       1
    1283   2.377   -74.20555    0.00000    0.00004    1283      10
    1284   2.361   -74.20557    0.00000    0.00001    1284       2
    1285   2.364   -74.20557    0.00000    0.00008    1285      19
    1286   2.377   -74.20555    0.00000    0.00017    1286      43
    1287   2.378   -74.20555    0.00000    0.00021    1287      53
    1288   2.378   -74.20555    0.00000    0.00029    1288      73
    1289   2.385   -74.20554    0.00000    0.00002    1289       6
    1290   2.382   -74.20554    0.00000    0.00007    1290      19
    1291   2.385   -74.20554    0.00000    0.00000    1291       1
    1292   2.385   -74.20554    0.00000    0.00006    1292      16
    1293   2.385   -74.20554    0.00000    0.00005    1293      12
    1294   2.385   -74.20554    0.00000    0.00000    1294       1
    1295   2.385   -74.20554    0.00000    0.00001    1295       3
    1296   2.385   -74.20554    0.00000    0.00005    1296      12
    1297   2.386   -74.20553    0.00000    0.00000    1297       1
    1298   2.386   -74.20553    0.00000    0.00004    1298      11
    1299   2.386   -74.20553    0.00000    0.00002    1299       4
    1300   2.386   -74.20553    0.00000    0.00033    1300      86
    1301   2.389   -74.20553    0.00000    0.00003    1301       8
    1302   2.392   -74.20552    0.00000    0.00005    1302      12
    1303   2.393   -74.20552    0.00000    0.00009    1303      24
    1304   2.392   -74.20552    0.00000    0.00003    1304       8
    1305   2.392   -74.20552    0.00000    0.00000    1305       1
    1306   2.394   -74.20552    0.00000    0.00008    1306      22
    1307   2.394   -74.20552    0.00000    0.00000    1307       1
    1308   2.394   -74.20552    0.00000    0.00021    1308      56
    1309   2.371   -74.20556    0.00000    0.00006    1309      16
    1310   2.398   -74.20551    0.00000    0.00002    1310       4
    1311   2.398   -74.20551    0.00000    0.00004    1311      11
    1312   2.399   -74.20551    0.00000    0.00003    1312       8
    1313   2.399   -74.20551    0.00000    0.00002    1313       5
    1314   2.399   -74.20551    0.00000    0.00027    1314      71
    1315   2.399   -74.20551    0.00000    0.00000    1315       1
    1316   2.406   -74.20550    0.00000    0.00001    1316       3
    1317   2.406   -74.20550    0.00000    0.00001    1317       2
    1318   2.406   -74.20550    0.00000    0.00027    1318      72
    1319   2.408   -74.20550    0.00000    0.00003    1319       8
    1320   2.408   -74.20550    0.00000    0.00005    1320      14
    1321   2.408   -74.20550    0.00000    0.00011    1321      30
    1322   2.409   -74.20550    0.00000    0.00000    1322       1
    1323   2.409   -74.20550    0.00000    0.00004    1323      11
    1324   2.411   -74.20549    0.00000    0.00011    1324      29
    1325   2.412   -74.20549    0.00000    0.00009    1325      24
    1326   2.413   -74.20549    0.00000    0.00001    1326       3
    1327   2.413   -74.20549    0.00000    0.00000    1327       1
    1328   2.413   -74.20549    0.00000    0.00001    1328       2
    1329   2.413   -74.20549    0.00000    0.00008    1329      21
    1330   2.414   -74.20549    0.00000    0.00011    1330      31
    1331   2.412   -74.20549    0.00000    0.00001    1331       2
    1332   2.415   -74.20549    0.00000    0.00013    1332      36
    1333   2.418   -74.20548    0.00000    0.00000    1333       1
    1334   2.416   -74.20549    0.00000    0.00012    1334      33
    1335   2.416   -74.20549    0.00000    0.00027    1335      74
    1336   2.419   -74.20548    0.00000    0.00009    1336      25
    1337   2.419   -74.20548    0.00000    0.00009    1337      25
    1338   2.419   -74.20548    0.00000    0.00002    1338       6
    1339   2.419   -74.20548    0.00000    0.00005    1339      13
    1340   2.419   -74.20548    0.00000    0.00004    1340      12
    1341   2.419   -74.20548    0.00000    0.00003    1341       9
    1342   2.421   -74.20548    0.00000    0.00022    1342      59
    1343   2.421   -74.20548    0.00000    0.00011    1343      31
    1344   2.422   -74.20548    0.00000    0.00003    1344       9
    1345   2.423   -74.20548    0.00000    0.00016    1345      43
    1346   2.428   -74.20547    0.00000    0.00012    1346      34
    1347   2.429   -74.20547    0.00000    0.00004    1347      12
    1348   2.429   -74.20547    0.00000    0.00034    1348      92
    1349   2.418   -74.20548    0.00000    0.00001    1349       3
    1350   2.431   -74.20546    0.00000    0.00002    1350       5
    1351   2.433   -74.20546    0.00000    0.00000    1351       1
    1352   2.433   -74.20546    0.00000    0.00006    1352      17
    1353   2.434   -74.20546    0.00000    0.00000    1353       1
    1354   2.434   -74.20546    0.00000    0.00000    1354       1
    1355   2.433   -74.20546    0.00000    0.00001    1355       3
    1356   2.434   -74.20546    0.00000    0.00004    1356      12
    1357   2.434   -74.20546    0.00000    0.00006    1357      16
    1358   2.436   -74.20546    0.00000    0.00001    1358       2
    1359   2.432   -74.20546    0.00000    0.00014    1359      39
    1360   2.439   -74.20545    0.00000    0.00005    1360      14
    1361   2.429   -74.20547    0.00000    0.00010    1361      28
    1362   2.442   -74.20544    0.00000    0.00003    1362       8
    1363   2.443   -74.20544    0.00000    0.00001    1363       4
    1364   2.442   -74.20544    0.00000    0.00001    1364       2
    1365   2.443   -74.20544    0.00000    0.00001    1365       3
    1366   2.443   -74.20544    0.00000    0.00007    1366      21
    1367   2.445   -74.20544    0.00000    0.00004    1367      11
    1368   2.444   -74.20544    0.00000    0.00001    1368       3
    1369   2.438   -74.20545    0.00000    0.00002    1369       5
    1370   2.444   -74.20544    0.00000    0.00001    1370       3
    1371   2.445   -74.20544    0.00000    0.00001    1371       2
    1372   2.446   -74.20544    0.00000    0.00001    1372       2
    1373   2.446   -74.20544    0.00000    0.00000    1373       1
    1374   2.446   -74.20544    0.00000    0.00001    1374       2
    1375   2.446   -74.20544    0.00000    0.00026    1375      74
    1376   2.447   -74.20544    0.00000    0.00004    1376      11
    1377   2.447   -74.20544    0.00000    0.00002    1377       6
    1378   2.447   -74.20544    0.00000    0.00006    1378      18
    1379   2.447   -74.20544    0.00000    0.00014    1379      39
    1380   2.448   -74.20544    0.00000    0.00012    1380      34
    1381   2.453   -74.20543    0.00000    0.00028    1381      82
    1382   2.449   -74.20543    0.00000    0.00009    1382      25
    1383   2.457   -74.20542    0.00000    0.00005    1383      14
    1384   2.450   -74.20543    0.00000    0.00014    1384      40
    1385   2.451   -74.20543    0.00000    0.00015    1385      43
    1386   2.459   -74.20542    0.00000    0.00003    1386       9
    1387   2.460   -74.20542    0.00000    0.00003    1387       8
    1388   2.460   -74.20542    0.00000    0.00001    1388       3
    1389   2.460   -74.20542    0.00000    0.00008    1389      22
    1390   2.460   -74.20542    0.00000    0.00001    1390       4
    1391   2.460   -74.20542    0.00000    0.00002    1391       6
    1392   2.460   -74.20542    0.00000    0.00000    1392       1
    1393   2.460   -74.20542    0.00000    0.00001    1393       2
    1394   2.460   -74.20542    0.00000    0.00004    1394      11
    1395   2.463   -74.20541    0.00000    0.00005    1395      14
    1396   2.463   -74.20541    0.00000    0.00008    1396      23
    1397   2.461   -74.20541    0.00000    0.00008    1397      23
    1398   2.463   -74.20541    0.00000    0.00001    1398       4
    1399   2.463   -74.20541    0.00000    0.00000    1399       1
    1400   2.463   -74.20541    0.00000    0.00001    1400       4
    1401   2.464   -74.20541    0.00000    0.00006    1401      18
    1402   2.465   -74.20541    0.00000    0.00026    1402      75
    1403   2.467   -74.20541    0.00000    0.00011    1403      33
    1404   2.459   -74.20542    0.00000    0.00000    1404       1
    1405   2.467   -74.20540    0.00000    0.00000    1405       1
    1406   2.467   -74.20540    0.00000    0.00016    1406      47
    1407   2.472   -74.20540    0.00000    0.00002    1407       6
    1408   2.459   -74.20542    0.00000    0.00003    1408       9
    1409   2.472   -74.20540    0.00000    0.00006    1409      18
    1410   2.472   -74.20540    0.00000    0.00001    1410       2
    1411   2.469   -74.20540    0.00000    0.00011    1411      33
    1412   2.473   -74.20540    0.00000    0.00001    1412       2
    1413   2.473   -74.20540    0.00000    0.00002    1413       7
    1414   2.468   -74.20540    0.00000    0.00005    1414      14
    1415   2.470   -74.20540    0.00000    0.00013    1415      38
    1416   2.473   -74.20540    0.00000    0.00005    1416      16
    1417   2.473   -74.20540    0.00000    0.00014    1417      41
    1418   2.444   -74.20544    0.00000    0.00003    1418       8
    1419   2.444   -74.20544    0.00000    0.00001    1419       2
    1420   2.471   -74.20540    0.00000    0.00002    1420       5
    1421   2.444   -74.20544    0.00000    0.00003    1421      10
    1422   2.474   -74.20539    0.00000    0.00000    1422       1
    1423   2.474   -74.20539    0.00000    0.00002    1423       7
    1424   2.474   -74.20539    0.00000    0.00012    1424      36
    1425   2.476   -74.20539    0.00000    0.00003    1425       8
    1426   2.445   -74.20544    0.00000    0.00001    1426       4
    1427   2.476   -74.20539    0.00000    0.00010    1427      30
    1428   2.477   -74.20539    0.00000    0.00004    1428      13
    1429   2.478   -74.20539    0.00000    0.00004    1429      12
    1430   2.476   -74.20539    0.00000    0.00010    1430      30
    1431   2.481   -74.20538    0.00000    0.00009    1431      27
    1432   2.481   -74.20538    0.00000    0.00009    1432      27
    1433   2.483   -74.20538    0.00000    0.00002    1433       5
    1434   2.474   -74.20539    0.00000    0.00002    1434       6
    1435   2.485   -74.20538    0.00000    0.00001    1435       2
    1436   2.483   -74.20538    0.00000    0.00008    1436      23
    1437   2.485   -74.20538    0.00000    0.00005    1437      15
    1438   2.486   -74.20537    0.00000    0.00001    1438       4
    1439   2.486   -74.20537    0.00000    0.00010    1439      30
    1440   2.487   -74.20537    0.00000    0.00004    1440      11
    1441   2.489   -74.20537    0.00000    0.00011    1441      34
    1442   2.487   -74.20537    0.00000    0.00011    1442      35
    1443   2.490   -74.20537    0.00000    0.00021    1443      65
    1444   2.492   -74.20537    0.00000    0.00005    1444      14
    1445   2.493   -74.20536    0.00000    0.00008    1445      26
    1446   2.492   -74.20537    0.00000    0.00000    1446       1
    1447   2.492   -74.20537    0.00000    0.00021    1447      65
    1448   2.495   -74.20536    0.00000    0.00023    1448      72
    1449   2.496   -74.20536    0.00000    0.00001    1449       2
    1450   2.496   -74.20536    0.00000    0.00000    1450       1
    1451   2.498   -74.20536    0.00000    0.00001    1451       2
    1452   2.498   -74.20536    0.00000    0.00001    1452       2
    1453   2.496   -74.20536    0.00000    0.00004    1453      13
    1454   2.498   -74.20536    0.00000    0.00008    1454      24
    1455   2.499   -74.20535    0.00000    0.00011    1455      34
    1456   2.501   -74.20535    0.00000    0.00001    1456       4
    1457   2.496   -74.20536    0.00000    0.00005    1457      16
    1458   2.503   -74.20535    0.00000    0.00012    1458      38
    1459   2.504   -74.20535    0.00000    0.00001    1459       4
    1460   2.504   -74.20535    0.00000    0.00013    1460      40
    1461   2.497   -74.20536    0.00000    0.00015    1461      47
    1462   2.507   -74.20534    0.00000    0.00002    1462       7
    1463   2.507   -74.20534    0.00000    0.00001    1463       3
    1464   2.507   -74.20534    0.00000    0.00014    1464      44
    1465   2.508   -74.20534    0.00000    0.00000    1465       1
    1466   2.510   -74.20534    0.00000    0.00002    1466       7
    1467   2.509   -74.20534    0.00000    0.00008    1467      25
    1468   2.511   -74.20533    0.00000    0.00001    1468       3
    1469   2.511   -74.20533    0.00000    0.00000    1469       1
    1470   2.511   -74.20533    0.00000    0.00001    1470       2
    1471   2.498   -74.20536    0.00000    0.00005    1471      15
    1472   2.512   -74.20533    0.00000    0.00012    1472      37
    1473   2.513   -74.20533    0.00000    0.00001    1473       3
    1474   2.513   -74.20533    0.00000    0.00002    1474       5
    1475   2.513   -74.20533    0.00000    0.00005    1475      17
    1476   2.491   -74.20537    0.00000    0.00000    1476       1
    1477   2.513   -74.20533    0.00000    0.00000    1477       1
    1478   2.513   -74.20533    0.00000    0.00001    1478       3
    1479   2.489   -74.20537    0.00000    0.00008    1479      26
    1480   2.493   -74.20536    0.00000    0.00010    1480      32
    1481   2.514   -74.20533    0.00000    0.00013    1481      40
    1482   2.514   -74.20533    0.00000    0.00003    1482      11
    1483   2.515   -74.20533    0.00000    0.00000    1483       1
    1484   2.494   -74.20536    0.00000    0.00002    1484       5
    1485   2.516   -74.20533    0.00000    0.00001    1485       3
    1486   2.495   -74.20536    0.00000    0.00005    1486      16
    1487   2.516   -74.20533    0.00000    0.00015    1487      47
    1488   2.516   -74.20533    0.00000    0.00002    1488       7
    1489   2.517   -74.20533    0.00000    0.00001    1489       3
    1490   2.514   -74.20533    0.00000    0.00001    1490       4
    1491   2.514   -74.20533    0.00000    0.00001    1491       3
    1492   2.517   -74.20532    0.00000    0.00000    1492       1
    1493   2.517   -74.20532    0.00000    0.00017    1493      56
    1494   2.522   -74.20532    0.00000    0.00000    1494       1
    1495   2.523   -74.20532    0.00000    0.00001    1495       3
    1496   2.522   -74.20532    0.00000    0.00017    1496      55
    1497   2.523   -74.20532    0.00000    0.00000    1497       1
    1498   2.508   -74.20534    0.00000    0.00001    1498       2
    1499   2.500   -74.20535    0.00000    0.00002    1499       6
    1500   2.515   -74.20533    0.00000    0.00006    1500      19
    1501   2.524   -74.20531    0.00000    0.00001    1501       2
    1502   2.524   -74.20531    0.00000    0.00003    1502      11
    1503   2.524   -74.20531    0.00000    0.00000    1503       1
    1504   2.524   -74.20531    0.00000    0.00000    1504       1
    1505   2.524   -74.20531    0.00000    0.00001    1505       4
    1506   2.524   -74.20531    0.00000    0.00001    1506       2
    1507   2.524   -74.20531    0.00000    0.00005    1507      17
    1508   2.525   -74.20531    0.00000    0.00008    1508      27
    1509   2.526   -74.20531    0.00000    0.00001    1509       4
    1510   2.526   -74.20531    0.00000    0.00001    1510       2
    1511   2.513   -74.20533    0.00000    0.00004    1511      13
    1512   2.527   -74.20531    0.00000    0.00007    1512      23
    1513   2.527   -74.20531    0.00000    0.00003    1513       9
    1514   2.513   -74.20533    0.00000    0.00000    1514       1
    1515   2.528   -74.20531    0.00000    0.00012    1515      40
    1516   2.527   -74.20531    0.00000    0.00007    1516      22
    1517   2.530   -74.20530    0.00000    0.00001    1517       2
    1518   2.514   -74.20533    0.00000    0.00011    1518      35
    1519   2.531   -74.20530    0.00000    0.00001    1519       2
    1520   2.531   -74.20530    0.00000    0.00004    1520      13
    1521   2.531   -74.20530    0.00000    0.00000    1521       1
    1522   2.531   -74.20530    0.00000    0.00003    1522      10
    1523   2.532   -74.20530    0.00000    0.00021    1523      69
    1524   2.536   -74.20530    0.00000    0.00002    1524       5
    1525   2.536   -74.20530    0.00000    0.00003    1525      10
    1526   2.536   -74.20529    0.00000    0.00004    1526      13
    1527   2.537   -74.20529    0.00000    0.00009    1527      31
    1528   2.531   -74.20530    0.00000    0.00001    1528       4
    1529   2.538   -74.20529    0.00000    0.00001    1529       2
    1530   2.525   -74.20531    0.00000    0.00004    1530      12
    1531   2.534   -74.20530    0.00000    0.00008    1531      27
    1532   2.534   -74.20530    0.00000    0.00003    1532      10
    1533   2.546   -74.20528    0.00000    0.00002    1533       7
    1534   2.545   -74.20528    0.00000    0.00004    1534      12
    1535   2.546   -74.20528    0.00000    0.00001    1535       2
    1536   2.547   -74.20528    0.00000    0.00003    1536      10
    1537   2.547   -74.20528    0.00000    0.00000    1537       1
    1538   2.547   -74.20528    0.00000    0.00004    1538      14
    1539   2.548   -74.20528    0.00000    0.00002    1539       8
    1540   2.549   -74.20527    0.00000    0.00011    1540      38
    1541   2.551   -74.20527    0.00000    0.00000    1541       1
    1542   2.551   -74.20527    0.00000    0.00001    1542       3
    1543   2.551   -74.20527    0.00000    0.00003    1543      10
    1544   2.551   -74.20527    0.00000    0.00000    1544       1
    1545   2.550   -74.20527    0.00000    0.00005    1545      16
    1546   2.551   -74.20527    0.00000    0.00000    1546       1
    1547   2.551   -74.20527    0.00000    0.00011    1547      39
    1548   2.552   -74.20527    0.00000    0.00000    1548       1
    1549   2.552   -74.20527    0.00000    0.00012    1549      40
    1550   2.555   -74.20526    0.00000    0.00000    1550       1
    1551   2.555   -74.20526    0.00000    0.00013    1551      44
    1552   2.560   -74.20526    0.00000    0.00002    1552       7
    1553   2.551   -74.20527    0.00000    0.00001    1553       2
    1554   2.551   -74.20527    0.00000    0.00006    1554      19
    1555   2.561   -74.20526    0.00000    0.00001    1555       3
    1556   2.561   -74.20526    0.00000    0.00001    1556       2
    1557   2.561   -74.20526    0.00000    0.00003    1557      12
    1558   2.563   -74.20525    0.00000    0.00002    1558       6
    1559   2.564   -74.20525    0.00000    0.00010    1559      34
    1560   2.566   -74.20525    0.00000    0.00001    1560       5
    1561   2.566   -74.20525    0.00000    0.00000    1561       1
    1562   2.566   -74.20525    0.00000    0.00003    1562      11
    1563   2.568   -74.20524    0.00000    0.00022    1563      78
    1564   2.567   -74.20525    0.00000    0.00013    1564      45
    1565   2.571   -74.20524    0.00000    0.00001    1565       2
    1566   2.571   -74.20524    0.00000    0.00003    1566       9
    1567   2.569   -74.20524    0.00000    0.00001    1567       2
    1568   2.570   -74.20524    0.00000    0.00003    1568       9
    1569   2.570   -74.20524    0.00000    0.00000    1569       1
    1570   2.570   -74.20524    0.00000    0.00005    1570      19
    1571   2.572   -74.20524    0.00000    0.00006    1571      22
    1572   2.573   -74.20524    0.00000    0.00012    1572      41
    1573   2.578   -74.20523    0.00000    0.00010    1573      36
    1574   2.577   -74.20523    0.00000    0.00007    1574      24
    1575   2.579   -74.20523    0.00000    0.00004    1575      13
    1576   2.579   -74.20523    0.00000    0.00000    1576       1
    1577   2.579   -74.20523    0.00000    0.00001    1577       2
    1578   2.569   -74.20524    0.00000    0.00002    1578       6
    1579   2.579   -74.20523    0.00000    0.00008    1579      27
    1580   2.582   -74.20522    0.00000    0.00000    1580       1
    1581   2.582   -74.20522    0.00000    0.00000    1581       1
    1582   2.582   -74.20522    0.00000    0.00005    1582      18
    1583   2.584   -74.20522    0.00000    0.00000    1583       1
    1584   2.584   -74.20522    0.00000    0.00000    1584       1
    1585   2.584   -74.20522    0.00000    0.00014    1585      50
    1586   2.575   -74.20523    0.00000    0.00008    1586      27
    1587   2.585   -74.20522    0.00000    0.00000    1587       1
    1588   2.585   -74.20522    0.00000    0.00000    1588       1
    1589   2.585   -74.20522    0.00000    0.00000    1589       1
    1590   2.585   -74.20522    0.00000    0.00001    1590       4
    1591   2.585   -74.20522    0.00000    0.00002    1591       9
    1592   2.586   -74.20521    0.00000    0.00002    1592       8
    1593   2.587   -74.20521    0.00000    0.00008    1593      29
    1594   2.587   -74.20521    0.00000    0.00001    1594       3
    1595   2.587   -74.20521    0.00000    0.00002    1595       9
    1596   2.588   -74.20521    0.00000    0.00008    1596      29
    1597   2.591   -74.20521    0.00000    0.00000    1597       1
    1598   2.578   -74.20523    0.00000    0.00000    1598       1
    1599   2.591   -74.20521    0.00000    0.00003    1599      11
    1600   2.591   -74.20521    0.00000    0.00003    1600      10
    1601   2.591   -74.20521    0.00000    0.00007    1601      24
    1602   2.591   -74.20521    0.00000    0.00015    1602      53
    1603   2.569   -74.20524    0.00000    0.00011    1603      41
    1604   2.595   -74.20520    0.00000    0.00012    1604      43
    1605   2.594   -74.20520    0.00000    0.00007    1605      24
    1606   2.597   -74.20520    0.00000    0.00007    1606      26
    1607   2.598   -74.20520    0.00000    0.00005    1607      17
    1608   2.600   -74.20519    0.00000    0.00001    1608       3
    1609   2.598   -74.20520    0.00000    0.00001    1609       5
    1610   2.561   -74.20526    0.00000    0.00008    1610      29
    1611   2.600   -74.20519    0.00000    0.00005    1611      19
    1612   2.601   -74.20519    0.00000    0.00001    1612       2
    1613   2.601   -74.20519    0.00000    0.00006    1613      21
    1614   2.602   -74.20519    0.00000    0.00003    1614      10
    1615   2.602   -74.20519    0.00000    0.00001    1615       2
    1616   2.602   -74.20519    0.00000    0.00008    1616      28
    1617   2.601   -74.20519    0.00000    0.00019    1617      71
    1618   2.593   -74.20520    0.00000    0.00005    1618      18
    1619   2.611   -74.20518    0.00000    0.00000    1619       1
    1620   2.595   -74.20520    0.00000    0.00004    1620      14
    1621   2.611   -74.20518    0.00000    0.00001    1621       2
    1622   2.612   -74.20517    0.00000    0.00001    1622       5
    1623   2.594   -74.20520    0.00000    0.00007    1623      28
    1624   2.613   -74.20517    0.00000    0.00005    1624      18
    1625   2.613   -74.20517    0.00000    0.00004    1625      15
    1626   2.608   -74.20518    0.00000    0.00009    1626      33
    1627   2.611   -74.20518    0.00000    0.00000    1627       1
    1628   2.604   -74.20519    0.00000    0.00001    1628       5
    1629   2.614   -74.20517    0.00000    0.00000    1629       1
    1630   2.614   -74.20517    0.00000    0.00001    1630       5
    1631   2.614   -74.20517    0.00000    0.00003    1631      10
    1632   2.612   -74.20517    0.00000    0.00004    1632      15
    1633   2.614   -74.20517    0.00000    0.00004    1633      17
    1634   2.616   -74.20517    0.00000    0.00001    1634       2
    1635   2.616   -74.20517    0.00000    0.00003    1635      11
    1636   2.615   -74.20517    0.00000    0.00001    1636       2
    1637   2.616   -74.20517    0.00000    0.00004    1637      16
    1638   2.616   -74.20517    0.00000    0.00001    1638       3
    1639   2.616   -74.20517    0.00000    0.00007    1639      27
    1640   2.619   -74.20516    0.00000    0.00001    1640       4
    1641   2.619   -74.20516    0.00000    0.00005    1641      20
    1642   2.621   -74.20516    0.00000    0.00001    1642       5
    1643   2.621   -74.20516    0.00000    0.00010    1643      40
    1644   2.616   -74.20517    0.00000    0.00010    1644      38
    1645   2.624   -74.20515    0.00000    0.00004    1645      15
    1646   2.626   -74.20515    0.00000    0.00004    1646      15
    1647   2.624   -74.20515    0.00000    0.00001    1647       5
    1648   2.617   -74.20517    0.00000    0.00002    1648       7
    1649   2.622   -74.20516    0.00000    0.00001    1649       4
    1650   2.626   -74.20515    0.00000    0.00014    1650      53
    1651   2.629   -74.20515    0.00000    0.00003    1651      11
    1652   2.629   -74.20515    0.00000    0.00005    1652      21
    1653   2.629   -74.20515    0.00000    0.00001    1653       3
    1654   2.629   -74.20515    0.00000    0.00001    1654       5
    1655   2.625   -74.20515    0.00000    0.00004    1655      15
    1656   2.635   -74.20514    0.00000    0.00001    1656       2
    1657   2.635   -74.20514    0.00000    0.00001    1657       3
    1658   2.635   -74.20514    0.00000    0.00003    1658      11
    1659   2.623   -74.20516    0.00000    0.00006    1659      22
    1660   2.636   -74.20514    0.00000    0.00001    1660       5
    1661   2.618   -74.20516    0.00000    0.00003    1661      12
    1662   2.637   -74.20513    0.00000    0.00003    1662      13
    1663   2.638   -74.20513    0.00000    0.00000    1663       1
    1664   2.638   -74.20513    0.00000    0.00000    1664       1
    1665   2.636   -74.20514    0.00000    0.00000    1665       1
    1666   2.638   -74.20513    0.00000    0.00000    1666       1
    1667   2.622   -74.20516    0.00000    0.00000    1667       1
    1668   2.638   -74.20513    0.00000    0.00003    1668      10
    1669   2.640   -74.20513    0.00000    0.00000    1669       1
    1670   2.636   -74.20514    0.00000    0.00006    1670      24
    1671   2.641   -74.20513    0.00000    0.00000    1671       1
    1672   2.642   -74.20513    0.00000    0.00003    1672      12
    1673   2.642   -74.20513    0.00000    0.00003    1673      13
    1674   2.642   -74.20513    0.00000    0.00002    1674       7
    1675   2.642   -74.20513    0.00000    0.00001    1675       3
    1676   2.643   -74.20513    0.00000    0.00000    1676       1
    1677   2.643   -74.20513    0.00000    0.00001    1677       4
    1678   2.643   -74.20513    0.00000    0.00003    1678      10
    1679   2.643   -74.20512    0.00000    0.00001    1679       4
    1680   2.643   -74.20512    0.00000    0.00000    1680       1
    1681   2.643   -74.20512    0.00000    0.00001    1681       2
    1682   2.643   -74.20512    0.00000    0.00014    1682      57
    1683   2.644   -74.20512    0.00000    0.00003    1683      13
    1684   2.642   -74.20513    0.00000    0.00008    1684      33
    1685   2.626   -74.20515    0.00000    0.00001    1685       3
    1686   2.649   -74.20512    0.00000    0.00002    1686       6
    1687   2.623   -74.20516    0.00000    0.00003    1687      12
    1688   2.652   -74.20511    0.00000    0.00000    1688       1
    1689   2.652   -74.20511    0.00000    0.00016    1689      66
    1690   2.644   -74.20512    0.00000    0.00007    1690      29
    1691   2.659   -74.20510    0.00000    0.00005    1691      20
    1692   2.659   -74.20510    0.00000    0.00010    1692      39
    1693   2.654   -74.20511    0.00000    0.00001    1693       6
    1694   2.660   -74.20510    0.00000    0.00000    1694       1
    1695   2.654   -74.20511    0.00000    0.00001    1695       3
    1696   2.651   -74.20511    0.00000    0.00003    1696      12
    1697   2.651   -74.20511    0.00000    0.00000    1697       1
    1698   2.660   -74.20510    0.00000    0.00002    1698      10
    1699   2.649   -74.20511    0.00000    0.00006    1699      24
    1700   2.660   -74.20510    0.00000    0.00002    1700       9
    1701   2.660   -74.20510    0.00000    0.00004    1701      17
    1702   2.661   -74.20510    0.00000    0.00002    1702       8
    1703   2.661   -74.20510    0.00000    0.00002    1703       7
    1704   2.661   -74.20510    0.00000    0.00002    1704      10
    1705   2.661   -74.20510    0.00000    0.00008    1705      32
    1706   2.662   -74.20509    0.00000    0.00001    1706       3
    1707   2.663   -74.20509    0.00000    0.00005    1707      22
    1708   2.651   -74.20511    0.00000    0.00012    1708      48
    1709   2.665   -74.20509    0.00000    0.00009    1709      38
    1710   2.665   -74.20509    0.00000    0.00003    1710      12
    1711   2.666   -74.20509    0.00000    0.00001    1711       5
    1712   2.666   -74.20509    0.00000    0.00001    1712       4
    1713   2.666   -74.20509    0.00000    0.00001    1713       3
    1714   2.665   -74.20509    0.00000    0.00008    1714      34
    1715   2.667   -74.20509    0.00000    0.00000    1715       1
    1716   2.667   -74.20509    0.00000    0.00004    1716      18
    1717   2.668   -74.20508    0.00000    0.00001    1717       6
    1718   2.668   -74.20508    0.00000    0.00000    1718       1
    1719   2.665   -74.20509    0.00000    0.00010    1719      41
    1720   2.669   -74.20508    0.00000    0.00009    1720      36
    1721   2.664   -74.20509    0.00000    0.00012    1721      51
    1722   2.671   -74.20508    0.00000    0.00002    1722       7
    1723   2.671   -74.20508    0.00000    0.00008    1723      33
    1724   2.673   -74.20508    0.00000    0.00001    1724       6
    1725   2.674   -74.20508    0.00000    0.00003    1725      14
    1726   2.675   -74.20507    0.00000    0.00000    1726       1
    1727   2.676   -74.20507    0.00000    0.00000    1727       1
    1728   2.675   -74.20507    0.00000    0.00000    1728       2
    1729   2.675   -74.20507    0.00000    0.00002    1729       7
    1730   2.676   -74.20507    0.00000    0.00007    1730      30
    1731   2.676   -74.20507    0.00000    0.00001    1731       6
    1732   2.676   -74.20507    0.00000    0.00013    1732      54
    1733   2.679   -74.20507    0.00000    0.00002    1733       7
    1734   2.679   -74.20507    0.00000    0.00002    1734       8
    1735   2.680   -74.20507    0.00000    0.00000    1735       1
    1736   2.680   -74.20507    0.00000    0.00002    1736       7
    1737   2.679   -74.20507    0.00000    0.00002    1737       8
    1738   2.652   -74.20511    0.00000    0.00002    1738       8
    1739   2.680   -74.20507    0.00000    0.00001    1739       4
    1740   2.680   -74.20507    0.00000    0.00000    1740       1
    1741   2.680   -74.20507    0.00000    0.00001    1741       6
    1742   2.650   -74.20511    0.00000    0.00003    1742      12
    1743   2.683   -74.20506    0.00000    0.00006    1743      26
    1744   2.684   -74.20506    0.00000    0.00008    1744      35
    1745   2.689   -74.20505    0.00000    0.00009    1745      39
    1746   2.691   -74.20505    0.00000    0.00000    1746       2
    1747   2.690   -74.20505    0.00000    0.00003    1747      15
    1748   2.692   -74.20505    0.00000    0.00001    1748       6
    1749   2.692   -74.20505    0.00000    0.00003    1749      14
    1750   2.692   -74.20505    0.00000    0.00003    1750      12
    1751   2.692   -74.20505    0.00000    0.00002    1751       9
    1752   2.692   -74.20505    0.00000    0.00001    1752       3
    1753   2.691   -74.20505    0.00000    0.00001    1753       4
    1754   2.691   -74.20505    0.00000    0.00000    1754       2
    1755   2.693   -74.20505    0.00000    0.00000    1755       2
    1756   2.693   -74.20504    0.00000    0.00002    1756      10
    1757   2.693   -74.20504    0.00000    0.00004    1757      18
    1758   2.694   -74.20504    0.00000    0.00000    1758       1
    1759   2.694   -74.20504    0.00000    0.00003    1759      12
    1760   2.694   -74.20504    0.00000    0.00002    1760       7
    1761   2.694   -74.20504    0.00000    0.00001    1761       3
    1762   2.694   -74.20504    0.00000    0.00006    1762      24
    1763   2.691   -74.20505    0.00000    0.00000    1763       2
    1764   2.695   -74.20504    0.00000    0.00000    1764       1
    1765   2.694   -74.20504    0.00000    0.00001    1765       5
    1766   2.694   -74.20504    0.00000    0.00006    1766      28
    1767   2.695   -74.20504    0.00000    0.00002    1767      10
    1768   2.695   -74.20504    0.00000    0.00010    1768      45
    1769   2.695   -74.20504    0.00000    0.00009    1769      37
    1770   2.696   -74.20504    0.00000    0.00001    1770       4
    1771   2.696   -74.20504    0.00000    0.00000    1771       1
    1772   2.696   -74.20504    0.00000    0.00001    1772       5
    1773   2.695   -74.20504    0.00000    0.00007    1773      30
    1774   2.698   -74.20504    0.00000    0.00001    1774       4
    1775   2.698   -74.20504    0.00000    0.00001    1775       5
    1776   2.695   -74.20504    0.00000    0.00002    1776       9
    1777   2.699   -74.20504    0.00000    0.00009    1777      41
    1778   2.670   -74.20508    0.00000    0.00005    1778      20
    1779   2.701   -74.20503    0.00000    0.00007    1779      31
    1780   2.702   -74.20503    0.00000    0.00001    1780       3
    1781   2.702   -74.20503    0.00000    0.00007    1781      30
    1782   2.698   -74.20504    0.00000    0.00002    1782       8
    1783   2.704   -74.20503    0.00000    0.00007    1783      32
    1784   2.705   -74.20503    0.00000    0.00000    1784       2
    1785   2.705   -74.20503    0.00000    0.00000    1785       2
    1786   2.705   -74.20503    0.00000    0.00001    1786       4
    1787   2.705   -74.20503    0.00000    0.00011    1787      48
    1788   2.705   -74.20503    0.00000    0.00010    1788      43
    1789   2.708   -74.20502    0.00000    0.00002    1789       8
    1790   2.709   -74.20502    0.00000    0.00001    1790       4
    1791   2.706   -74.20502    0.00000    0.00004    1791      19
    1792   2.683   -74.20506    0.00000    0.00004    1792      17
    1793   2.713   -74.20501    0.00000    0.00000    1793       1
    1794   2.706   -74.20502    0.00000    0.00001    1794       6
    1795   2.713   -74.20501    0.00000    0.00002    1795       7
    1796   2.713   -74.20501    0.00000    0.00006    1796      28
    1797   2.714   -74.20501    0.00000    0.00003    1797      12
    1798   2.692   -74.20505    0.00000    0.00003    1798      14
    1799   2.715   -74.20501    0.00000    0.00002    1799       9
    1800   2.716   -74.20501    0.00000    0.00000    1800       2
    1801   2.716   -74.20501    0.00000    0.00000    1801       1
    1802   2.716   -74.20501    0.00000    0.00000    1802       1
    1803   2.716   -74.20501    0.00000    0.00000    1803       2
    1804   2.713   -74.20501    0.00000    0.00000    1804       1
    1805   2.716   -74.20501    0.00000    0.00000    1805       1
    1806   2.716   -74.20501    0.00000    0.00000    1806       1
    1807   2.716   -74.20501    0.00000    0.00001    1807       6
    1808   2.701   -74.20503    0.00000    0.00000    1808       1
    1809   2.716   -74.20501    0.00000    0.00003    1809      13
    1810   2.719   -74.20500    0.00000    0.00002    1810       8
    1811   2.719   -74.20500    0.00000    0.00003    1811      13
    1812   2.701   -74.20503    0.00000    0.00001    1812       3
    1813   2.705   -74.20503    0.00000    0.00001    1813       3
    1814   2.719   -74.20500    0.00000    0.00000    1814       2
    1815   2.719   -74.20500    0.00000    0.00006    1815      27
    1816   2.717   -74.20501    0.00000    0.00005    1816      23
    1817   2.720   -74.20500    0.00000    0.00001    1817       6
    1818   2.719   -74.20500    0.00000    0.00002    1818       7
    1819   2.720   -74.20500    0.00000    0.00001    1819       6
    1820   2.720   -74.20500    0.00000    0.00002    1820      10
    1821   2.720   -74.20500    0.00000    0.00002    1821       9
    1822   2.720   -74.20500    0.00000    0.00005    1822      22
    1823   2.720   -74.20500    0.00000    0.00001    1823       3
    1824   2.721   -74.20500    0.00000    0.00001    1824       3
    1825   2.720   -74.20500    0.00000    0.00000    1825       1
    1826   2.717   -74.20501    0.00000    0.00000    1826       1
    1827   2.721   -74.20500    0.00000    0.00014    1827      64
    1828   2.723   -74.20500    0.00000    0.00006    1828      25
    1829   2.724   -74.20500    0.00000    0.00010    1829      46
    1830   2.726   -74.20499    0.00000    0.00007    1830      32
    1831   2.729   -74.20499    0.00000    0.00001    1831       3
    1832   2.729   -74.20499    0.00000    0.00001    1832       3
    1833   2.724   -74.20500    0.00000    0.00001    1833       6
    1834   2.720   -74.20500    0.00000    0.00003    1834      14
    1835   2.729   -74.20499    0.00000    0.00001    1835       3
    1836   2.729   -74.20499    0.00000    0.00000    1836       1
    1837   2.729   -74.20499    0.00000    0.00002    1837       9
    1838   2.727   -74.20499    0.00000    0.00002    1838       7
    1839   2.719   -74.20500    0.00000    0.00012    1839      54
    1840   2.731   -74.20498    0.00000    0.00000    1840       1
    1841   2.729   -74.20499    0.00000    0.00002    1841       7
    1842   2.732   -74.20498    0.00000    0.00000    1842       2
    1843   2.732   -74.20498    0.00000    0.00001    1843       3
    1844   2.729   -74.20499    0.00000    0.00005    1844      21
    1845   2.732   -74.20498    0.00000    0.00016    1845      75
    1846   2.732   -74.20498    0.00000    0.00001    1846       3
    1847   2.734   -74.20498    0.00000    0.00000    1847       1
    1848   2.729   -74.20499    0.00000    0.00003    1848      13
    1849   2.735   -74.20498    0.00000    0.00000    1849       1
    1850   2.729   -74.20499    0.00000    0.00002    1850      10
    1851   2.736   -74.20498    0.00000    0.00007    1851      32
    1852   2.725   -74.20499    0.00000    0.00009    1852      43
    1853   2.739   -74.20497    0.00000    0.00000    1853       1
    1854   2.739   -74.20497    0.00000    0.00001    1854       3
    1855   2.694   -74.20504    0.00000    0.00001    1855       6
    1856   2.739   -74.20497    0.00000    0.00000    1856       2
    1857   2.733   -74.20498    0.00000    0.00001    1857       7
    1858   2.740   -74.20497    0.00000    0.00001    1858       5
    1859   2.740   -74.20497    0.00000    0.00003    1859      14
    1860   2.740   -74.20497    0.00000    0.00001    1860       5
    1861   2.741   -74.20497    0.00000    0.00005    1861      24
    1862   2.742   -74.20497    0.00000    0.00002    1862       8
    1863   2.742   -74.20497    0.00000    0.00001    1863       4
    1864   2.743   -74.20497    0.00000    0.00000    1864       1
    1865   2.739   -74.20497    0.00000    0.00000    1865       1
    1866   2.743   -74.20497    0.00000    0.00010    1866      48
    1867   2.744   -74.20496    0.00000    0.00000    1867       1
    1868   2.744   -74.20496    0.00000    0.00001    1868       4
    1869   2.743   -74.20496    0.00000    0.00002    1869      10
    1870   2.744   -74.20496    0.00000    0.00000    1870       1
    1871   2.743   -74.20496    0.00000    0.00007    1871      34
    1872   2.747   -74.20496    0.00000    0.00001    1872       3
    1873   2.747   -74.20496    0.00000    0.00003    1873      16
    1874   2.744   -74.20496    0.00000    0.00002    1874       8
    1875   2.748   -74.20496    0.00000    0.00001    1875       4
    1876   2.748   -74.20496    0.00000    0.00013    1876      61
    1877   2.750   -74.20495    0.00000    0.00000    1877       1
    1878   2.749   -74.20496    0.00000    0.00003    1878      12
    1879   2.750   -74.20495    0.00000    0.00001    1879       4
    1880   2.750   -74.20495    0.00000    0.00003    1880      14
    1881   2.746   -74.20496    0.00000    0.00007    1881      35
    1882   2.750   -74.20495    0.00000    0.00015    1882      70
    1883   2.747   -74.20496    0.00000    0.00000    1883       2
    1884   2.753   -74.20495    0.00000    0.00001    1884       7
    1885   2.754   -74.20495    0.00000    0.00000    1885       2
    1886   2.754   -74.20495    0.00000    0.00006    1886      30
    1887   2.754   -74.20495    0.00000    0.00002    1887      12
    1888   2.754   -74.20495    0.00000    0.00001    1888       4
    1889   2.754   -74.20495    0.00000    0.00005    1889      26
    1890   2.754   -74.20495    0.00000    0.00000    1890       1
    1891   2.754   -74.20495    0.00000    0.00006    1891      29
    1892   2.743   -74.20497    0.00000    0.00004    1892      19
    1893   2.751   -74.20495    0.00000    0.00001    1893       3
    1894   2.745   -74.20496    0.00000    0.00005    1894      26
    1895   2.756   -74.20494    0.00000    0.00000    1895       1
    1896   2.756   -74.20494    0.00000    0.00002    1896       8
    1897   2.756   -74.20494    0.00000    0.00001    1897       5
    1898   2.757   -74.20494    0.00000    0.00005    1898      25
    1899   2.757   -74.20494    0.00000    0.00000    1899       2
    1900   2.757   -74.20494    0.00000    0.00007    1900      36
    1901   2.756   -74.20494    0.00000    0.00003    1901      14
    1902   2.759   -74.20494    0.00000    0.00000    1902       1
    1903   2.759   -74.20494    0.00000    0.00002    1903       9
    1904   2.756   -74.20494    0.00000    0.00001    1904       7
    1905   2.757   -74.20494    0.00000    0.00000    1905       1
    1906   2.759   -74.20494    0.00000    0.00011    1906      55
    1907   2.760   -74.20494    0.00000    0.00003    1907      13
    1908   2.759   -74.20494    0.00000    0.00002    1908      12
    1909   2.758   -74.20494    0.00000    0.00003    1909      15
    1910   2.760   -74.20494    0.00000    0.00010    1910      49
    1911   2.761   -74.20494    0.00000    0.00001    1911       6
    1912   2.761   -74.20494    0.00000    0.00000    1912       1
    1913   2.761   -74.20494    0.00000    0.00001    1913       5
    1914   2.761   -74.20494    0.00000    0.00003    1914      13
    1915   2.751   -74.20495    0.00000    0.00001    1915       7
    1916   2.761   -74.20494    0.00000    0.00008    1916      40
    1917   2.759   -74.20494    0.00000    0.00002    1917       8
    1918   2.754   -74.20495    0.00000    0.00003    1918      15
    1919   2.764   -74.20493    0.00000    0.00000    1919       1
    1920   2.739   -74.20497    0.00000    0.00004    1920      17
    1921   2.762   -74.20494    0.00000    0.00003    1921      15
    1922   2.764   -74.20493    0.00000    0.00007    1922      36
    1923   2.750   -74.20495    0.00000    0.00001    1923       5
    1924   2.768   -74.20493    0.00000    0.00007    1924      32
    1925   2.766   -74.20493    0.00000    0.00010    1925      48
    1926   2.767   -74.20493    0.00000    0.00000    1926       1
    1927   2.767   -74.20493    0.00000    0.00001    1927       4
    1928   2.767   -74.20493    0.00000    0.00001    1928       5
    1929   2.739   -74.20497    0.00000    0.00012    1929      61
    1930   2.771   -74.20492    0.00000    0.00003    1930      13
    1931   2.771   -74.20492    0.00000    0.00002    1931       8
    1932   2.771   -74.20492    0.00000    0.00006    1932      30
    1933   2.774   -74.20492    0.00000    0.00000    1933       2
    1934   2.774   -74.20492    0.00000    0.00000    1934       2
    1935   2.774   -74.20492    0.00000    0.00000    1935       2
    1936   2.774   -74.20492    0.00000    0.00006    1936      30
    1937   2.777   -74.20491    0.00000    0.00000    1937       2
    1938   2.777   -74.20491    0.00000    0.00000    1938       2
    1939   2.777   -74.20491    0.00000    0.00002    1939      10
    1940   2.773   -74.20492    0.00000    0.00005    1940      25
    1941   2.757   -74.20494    0.00000    0.00001    1941       5
    1942   2.760   -74.20494    0.00000    0.00000    1942       2
    1943   2.778   -74.20491    0.00000    0.00001    1943       4
    1944   2.778   -74.20491    0.00000    0.00000    1944       1
    1945   2.778   -74.20491    0.00000    0.00005    1945      23
    1946   2.781   -74.20490    0.00000    0.00006    1946      32
    1947   2.782   -74.20490    0.00000    0.00001    1947       6
    1948   2.783   -74.20490    0.00000    0.00000    1948       1
    1949   2.782   -74.20490    0.00000    0.00000    1949       1
    1950   2.783   -74.20490    0.00000    0.00000    1950       1
    1951   2.783   -74.20490    0.00000    0.00000    1951       1
    1952   2.783   -74.20490    0.00000    0.00000    1952       1
    1953   2.783   -74.20490    0.00000    0.00001    1953       3
    1954   2.783   -74.20490    0.00000    0.00000    1954       1
    1955   2.782   -74.20490    0.00000    0.00002    1955      12
    1956   2.783   -74.20490    0.00000    0.00002    1956      12
    1957   2.784   -74.20490    0.00000    0.00001    1957       3
    1958   2.784   -74.20490    0.00000    0.00002    1958       8
    1959   2.783   -74.20490    0.00000    0.00000    1959       2
    1960   2.784   -74.20490    0.00000    0.00007    1960      36
    1961   2.785   -74.20490    0.00000    0.00001    1961       3
    1962   2.763   -74.20493    0.00000    0.00001    1962       6
    1963   2.784   -74.20490    0.00000    0.00003    1963      14
    1964   2.786   -74.20490    0.00000    0.00002    1964      11
    1965   2.787   -74.20489    0.00000    0.00000    1965       1
    1966   2.786   -74.20490    0.00000    0.00001    1966       5
    1967   2.786   -74.20490    0.00000    0.00000    1967       1
    1968   2.787   -74.20489    0.00000    0.00002    1968      10
    1969   2.786   -74.20490    0.00000    0.00002    1969       8
    1970   2.787   -74.20489    0.00000    0.00006    1970      32
    1971   2.788   -74.20489    0.00000    0.00004    1971      22
    1972   2.785   -74.20490    0.00000    0.00010    1972      50
    1973   2.793   -74.20489    0.00000    0.00002    1973       9
    1974   2.770   -74.20492    0.00000    0.00004    1974      19
    1975   2.770   -74.20492    0.00000    0.00000    1975       2
    1976   2.794   -74.20488    0.00000    0.00000    1976       2
    1977   2.792   -74.20489    0.00000    0.00005    1977      23
    1978   2.791   -74.20489    0.00000    0.00006    1978      28
    1979   2.752   -74.20495    0.00000    0.00008    1979      39
    1980   2.794   -74.20488    0.00000    0.00000    1980       2
    1981   2.763   -74.20493    0.00000    0.00001    1981       5
    1982   2.795   -74.20488    0.00000    0.00003    1982      15
    1983   2.794   -74.20488    0.00000    0.00003    1983      16
    1984   2.795   -74.20488    0.00000    0.00011    1984      55
    1985   2.796   -74.20488    0.00000    0.00002    1985       8
    1986   2.797   -74.20488    0.00000    0.00000    1986       1
    1987   2.796   -74.20488    0.00000    0.00001    1987       4
    1988   2.796   -74.20488    0.00000    0.00001    1988       4
    1989   2.797   -74.20488    0.00000    0.00000    1989       1
    1990   2.797   -74.20488    0.00000    0.00000    1990       1
    1991   2.797   -74.20488    0.00000    0.00002    1991      11
    1992   2.796   -74.20488    0.00000    0.00007    1992      38
    1993   2.796   -74.20488    0.00000    0.00008    1993      43
    1994   2.799   -74.20488    0.00000    0.00001    1994       6
    1995   2.799   -74.20488    0.00000    0.00000    1995       1
    1996   2.792   -74.20489    0.00000    0.00005    1996      27
    1997   2.794   -74.20488    0.00000    0.00001    1997       3
    1998   2.801   -74.20487    0.00000    0.00006    1998      31
    1999   2.801   -74.20487    0.00000    0.00003    1999      18
    2000   2.803   -74.20487    0.00000    0.00001    2000       6
    2001   2.804   -74.20487    0.00000    0.00009    2001      49
    2002   2.804   -74.20487    0.00000    0.00002    2002      10
    2003   2.804   -74.20487    0.00000    0.00001    2003       4
    2004   2.804   -74.20487    0.00000    0.00000    2004       2
    2005   2.804   -74.20487    0.00000    0.00016    2005      83
    2006   2.811   -74.20486    0.00000    0.00007    2006      35
    2007   2.811   -74.20486    0.00000    0.00006    2007      29
    2008   2.811   -74.20486    0.00000    0.00000    2008       1
    2009   2.806   -74.20486    0.00000    0.00002    2009       8
    2010   2.812   -74.20486    0.00000    0.00004    2010      19
    2011   2.809   -74.20486    0.00000    0.00002    2011       8
    2012   2.809   -74.20486    0.00000    0.00001    2012       4
    2013   2.783   -74.20490    0.00000    0.00013    2013      67
    2014   2.817   -74.20485    0.00000    0.00000    2014       1
    2015   2.817   -74.20485    0.00000    0.00001    2015       5
    2016   2.817   -74.20485    0.00000    0.00007    2016      37
    2017   2.817   -74.20485    0.00000    0.00002    2017      11
    2018   2.794   -74.20488    0.00000    0.00002    2018      12
    2019   2.820   -74.20484    0.00000    0.00000    2019       2
    2020   2.820   -74.20484    0.00000    0.00002    2020      12
    2021   2.805   -74.20487    0.00000    0.00000    2021       2
    2022   2.820   -74.20484    0.00000    0.00003    2022      18
    2023   2.821   -74.20484    0.00000    0.00000    2023       2
    2024   2.822   -74.20484    0.00000    0.00008    2024      45
    2025   2.822   -74.20484    0.00000    0.00001    2025       3
    2026   2.805   -74.20487    0.00000    0.00000    2026       1
    2027   2.820   -74.20484    0.00000    0.00000    2027       1
    2028   2.811   -74.20486    0.00000    0.00001    2028       4
    2029   2.811   -74.20486    0.00000    0.00004    2029      21
    2030   2.823   -74.20484    0.00000    0.00001    2030       3
    2031   2.823   -74.20484    0.00000    0.00004    2031      20
    2032   2.827   -74.20483    0.00000    0.00006    2032      32
    2033   2.827   -74.20483    0.00000    0.00003    2033      18
    2034   2.790   -74.20489    0.00000    0.00001    2034       6
    2035   2.790   -74.20489    0.00000    0.00000    2035       2
    2036   2.790   -74.20489    0.00000    0.00004    2036      21
    2037   2.828   -74.20483    0.00000    0.00009    2037      50
    2038   2.828   -74.20483    0.00000    0.00008    2038      46
    2039   2.829   -74.20483    0.00000    0.00000    2039       1
    2040   2.832   -74.20482    0.00000    0.00005    2040      29
    2041   2.838   -74.20481    0.00000    0.00004    2041      21
    2042   2.834   -74.20482    0.00000    0.00000    2042       1
    2043   2.834   -74.20482    0.00000    0.00008    2043      44
    2044   2.839   -74.20481    0.00000    0.00001    2044       7
    2045   2.820   -74.20484    0.00000    0.00003    2045      15
    2046   2.839   -74.20481    0.00000    0.00001    2046       3
    2047   2.838   -74.20481    0.00000    0.00002    2047       9
    2048   2.820   -74.20484    0.00000    0.00000    2048       1
    2049   2.839   -74.20481    0.00000    0.00001    2049       3
    2050   2.839   -74.20481    0.00000    0.00001    2050       5
    2051   2.821   -74.20484    0.00000    0.00001    2051       3
    2052   2.839   -74.20481    0.00000    0.00000    2052       1
    2053   2.827   -74.20483    0.00000    0.00000    2053       2
    2054   2.839   -74.20481    0.00000    0.00005    2054      28
    2055   2.839   -74.20481    0.00000    0.00004    2055      23
    2056   2.839   -74.20481    0.00000    0.00004    2056      20
    2057   2.823   -74.20484    0.00000    0.00000    2057       1
    2058   2.823   -74.20484    0.00000    0.00001    2058       3
    2059   2.823   -74.20484    0.00000    0.00003    2059      14
    2060   2.841   -74.20481    0.00000    0.00001    2060       7
    2061   2.840   -74.20481    0.00000    0.00008    2061      44
    2062   2.841   -74.20481    0.00000    0.00001    2062       6
    2063   2.800   -74.20487    0.00000    0.00001    2063       4
    2064   2.841   -74.20481    0.00000    0.00001    2064       5
    2065   2.800   -74.20487    0.00000    0.00000    2065       1
    2066   2.800   -74.20487    0.00000    0.00001    2066       4
    2067   2.800   -74.20487    0.00000    0.00000    2067       1
    2068   2.841   -74.20481    0.00000    0.00002    2068      13
    2069   2.841   -74.20481    0.00000    0.00001    2069       4
    2070   2.800   -74.20487    0.00000    0.00007    2070      39
    2071   2.841   -74.20481    0.00000    0.00001    2071       5
    2072   2.842   -74.20481    0.00000    0.00005    2072      29
    2073   2.842   -74.20481    0.00000    0.00003    2073      15
    2074   2.843   -74.20481    0.00000    0.00000    2074       1
    2075   2.843   -74.20481    0.00000    0.00014    2075      78
    2076   2.845   -74.20480    0.00000    0.00001    2076       3
    2077   2.846   -74.20480    0.00000    0.00001    2077       7
    2078   2.852   -74.20479    0.00000    0.00002    2078      13
    2079   2.852   -74.20479    0.00000    0.00006    2079      35
    2080   2.854   -74.20479    0.00000    0.00001    2080       7
    2081   2.854   -74.20479    0.00000    0.00001    2081       3
    2082   2.822   -74.20484    0.00000    0.00002    2082      13
    2083   2.855   -74.20479    0.00000    0.00000    2083       1
    2084   2.855   -74.20479    0.00000    0.00001    2084       6
    2085   2.855   -74.20479    0.00000    0.00000    2085       2
    2086   2.855   -74.20479    0.00000    0.00003    2086      17
    2087   2.839   -74.20481    0.00000    0.00000    2087       2
    2088   2.855   -74.20479    0.00000    0.00001    2088       6
    2089   2.855   -74.20479    0.00000    0.00001    2089       5
    2090   2.856   -74.20478    0.00000    0.00000    2090       2
    2091   2.855   -74.20479    0.00000    0.00001    2091       7
    2092   2.856   -74.20478    0.00000    0.00004    2092      22
    2093   2.856   -74.20478    0.00000    0.00000    2093       2
    2094   2.857   -74.20478    0.00000    0.00003    2094      17
    2095   2.825   -74.20483    0.00000    0.00013    2095      74
    2096   2.860   -74.20478    0.00000    0.00001    2096       6
    2097   2.859   -74.20478    0.00000    0.00006    2097      34
    2098   2.858   -74.20478    0.00000    0.00005    2098      26
    2099   2.861   -74.20478    0.00000    0.00000    2099       2
    2100   2.862   -74.20478    0.00000    0.00001    2100       6
    2101   2.861   -74.20478    0.00000    0.00001    2101       4
    2102   2.861   -74.20478    0.00000    0.00007    2102      39
    2103   2.861   -74.20478    0.00000    0.00006    2103      37
    2104   2.863   -74.20477    0.00000    0.00005    2104      28
    2105   2.864   -74.20477    0.00000    0.00010    2105      60
    2106   2.870   -74.20476    0.00000    0.00012    2106      68
    2107   2.872   -74.20476    0.00000    0.00001    2107       3
    2108   2.872   -74.20476    0.00000    0.00000    2108       1
    2109   2.872   -74.20476    0.00000    0.00000    2109       1
    2110   2.872   -74.20476    0.00000    0.00002    2110      12
    2111   2.873   -74.20476    0.00000    0.00005    2111      31
    2112   2.874   -74.20476    0.00000    0.00000    2112       2
    2113   2.875   -74.20475    0.00000    0.00002    2113       9
    2114   2.876   -74.20475    0.00000    0.00000    2114       1
    2115   2.876   -74.20475    0.00000    0.00000    2115       2
    2116   2.876   -74.20475    0.00000    0.00002    2116      13
    2117   2.876   -74.20475    0.00000    0.00002    2117      10
    2118   2.873   -74.20476    0.00000    0.00000    2118       2
    2119   2.876   -74.20475    0.00000    0.00005    2119      30
    2120   2.878   -74.20475    0.00000    0.00002    2120      12
    2121   2.874   -74.20476    0.00000    0.00001    2121       3
    2122   2.871   -74.20476    0.00000    0.00001    2122       5
    2123   2.882   -74.20474    0.00000    0.00001    2123       5
    2124   2.882   -74.20474    0.00000    0.00001    2124       7
    2125   2.873   -74.20476    0.00000    0.00003    2125      19
    2126   2.882   -74.20474    0.00000    0.00001    2126       7
    2127   2.867   -74.20477    0.00000    0.00002    2127      12
    2128   2.871   -74.20476    0.00000    0.00002    2128      12
    2129   2.882   -74.20474    0.00000    0.00001    2129       7
    2130   2.883   -74.20474    0.00000    0.00002    2130      13
    2131   2.883   -74.20474    0.00000    0.00001    2131       3
    2132   2.883   -74.20474    0.00000    0.00001    2132       3
    2133   2.883   -74.20474    0.00000    0.00001    2133       6
    2134   2.884   -74.20474    0.00000    0.00000    2134       2
    2135   2.883   -74.20474    0.00000    0.00000    2135       1
    2136   2.884   -74.20474    0.00000    0.00000    2136       1
    2137   2.883   -74.20474    0.00000    0.00001    2137       3
    2138   2.884   -74.20474    0.00000    0.00000    2138       1
    2139   2.883   -74.20474    0.00000    0.00002    2139      11
    2140   2.885   -74.20474    0.00000    0.00001    2140       3
    2141   2.888   -74.20473    0.00000    0.00000    2141       2
    2142   2.888   -74.20473    0.00000    0.00000    2142       1
    2143   2.888   -74.20473    0.00000    0.00000    2143       1
    2144   2.889   -74.20473    0.00000    0.00001    2144       5
    2145   2.889   -74.20473    0.00000    0.00000    2145       2
    2146   2.884   -74.20474    0.00000    0.00001    2146       8
    2147   2.890   -74.20473    0.00000    0.00000    2147       1
    2148   2.889   -74.20473    0.00000    0.00002    2148       9
    2149   2.890   -74.20473    0.00000    0.00000    2149       2
    2150   2.890   -74.20473    0.00000    0.00002    2150      14
    2151   2.890   -74.20473    0.00000    0.00002    2151      10
    2152   2.891   -74.20473    0.00000    0.00002    2152       9
    2153   2.890   -74.20473    0.00000    0.00005    2153      29
    2154   2.885   -74.20474    0.00000    0.00004    2154      22
    2155   2.895   -74.20472    0.00000    0.00001    2155       7
    2156   2.896   -74.20472    0.00000    0.00000    2156       1
    2157   2.896   -74.20472    0.00000    0.00005    2157      28
    2158   2.897   -74.20472    0.00000    0.00001    2158       6
    2159   2.893   -74.20473    0.00000    0.00002    2159      11
    2160   2.898   -74.20472    0.00000    0.00000    2160       2
    2161   2.898   -74.20472    0.00000    0.00000    2161       1
    2162   2.871   -74.20476    0.00000    0.00000    2162       1
    2163   2.898   -74.20472    0.00000    0.00001    2163       7
    2164   2.898   -74.20472    0.00000    0.00001    2164       6
    2165   2.898   -74.20472    0.00000    0.00004    2165      25
    2166   2.900   -74.20472    0.00000    0.00002    2166      14
    2167   2.900   -74.20472    0.00000    0.00001    2167       5
    2168   2.876   -74.20475    0.00000    0.00000    2168       1
    2169   2.900   -74.20471    0.00000    0.00000    2169       3
    2170   2.898   -74.20472    0.00000    0.00000    2170       1
    2171   2.894   -74.20473    0.00000    0.00001    2171       6
    2172   2.862   -74.20478    0.00000    0.00001    2172       4
    2173   2.901   -74.20471    0.00000    0.00001    2173       8
    2174   2.862   -74.20478    0.00000    0.00001    2174       6
    2175   2.862   -74.20478    0.00000    0.00000    2175       1
    2176   2.901   -74.20471    0.00000    0.00000    2176       1
    2177   2.862   -74.20478    0.00000    0.00000    2177       1
    2178   2.902   -74.20471    0.00000    0.00003    2178      16
    2179   2.902   -74.20471    0.00000    0.00002    2179      14
    2180   2.903   -74.20471    0.00000    0.00000    2180       1
    2181   2.903   -74.20471    0.00000    0.00001    2181       5
    2182   2.903   -74.20471    0.00000    0.00003    2182      17
    2183   2.900   -74.20472    0.00000    0.00000    2183       1
    2184   2.862   -74.20478    0.00000    0.00000    2184       1
    2185   2.903   -74.20471    0.00000    0.00001    2185       5
    2186   2.900   -74.20472    0.00000    0.00001    2186       9
    2187   2.903   -74.20471    0.00000    0.00000    2187       2
    2188   2.904   -74.20471    0.00000    0.00004    2188      24
    2189   2.905   -74.20471    0.00000    0.00004    2189      23
    2190   2.908   -74.20470    0.00000    0.00002    2190      11
    2191   2.900   -74.20472    0.00000    0.00001    2191       8
    2192   2.910   -74.20470    0.00000    0.00000    2192       1
    2193   2.910   -74.20470    0.00000    0.00001    2193       5
    2194   2.911   -74.20470    0.00000    0.00004    2194      22
    2195   2.861   -74.20478    0.00000    0.00000    2195       1
    2196   2.886   -74.20474    0.00000    0.00000    2196       2
    2197   2.912   -74.20470    0.00000    0.00003    2197      18
    2198   2.913   -74.20469    0.00000    0.00001    2198       9
    2199   2.914   -74.20469    0.00000    0.00001    2199       6
    2200   2.900   -74.20471    0.00000    0.00000    2200       2
    2201   2.914   -74.20469    0.00000    0.00000    2201       3
    2202   2.914   -74.20469    0.00000    0.00001    2202       8
    2203   2.914   -74.20469    0.00000    0.00002    2203      11
    2204   2.915   -74.20469    0.00000    0.00000    2204       1
    2205   2.915   -74.20469    0.00000    0.00001    2205       5
    2206   2.915   -74.20469    0.00000    0.00000    2206       1
    2207   2.915   -74.20469    0.00000    0.00002    2207      12
    2208   2.916   -74.20469    0.00000    0.00001    2208       7
    2209   2.916   -74.20469    0.00000    0.00000    2209       1
    2210   2.916   -74.20469    0.00000    0.00002    2210      12
    2211   2.916   -74.20469    0.00000    0.00001    2211       5
    2212   2.917   -74.20469    0.00000    0.00002    2212      11
    2213   2.917   -74.20469    0.00000    0.00002    2213      12
    2214   2.918   -74.20469    0.00000    0.00003    2214      20
    2215   2.917   -74.20469    0.00000    0.00000    2215       1
    2216   2.918   -74.20469    0.00000    0.00004    2216      25
    2217   2.921   -74.20468    0.00000    0.00001    2217       4
    2218   2.919   -74.20469    0.00000    0.00004    2218      23
    2219   2.922   -74.20468    0.00000    0.00000    2219       1
    2220   2.923   -74.20468    0.00000    0.00009    2220      59
    2221   2.916   -74.20469    0.00000    0.00002    2221      15
    2222   2.925   -74.20468    0.00000    0.00000    2222       1
    2223   2.925   -74.20468    0.00000    0.00002    2223      15
    2224   2.926   -74.20467    0.00000    0.00002    2224      16
    2225   2.926   -74.20467    0.00000    0.00002    2225      15
    2226   2.927   -74.20467    0.00000    0.00002    2226      16
    2227   2.928   -74.20467    0.00000    0.00004    2227      25
    2228   2.917   -74.20469    0.00000    0.00004    2228      27
    2229   2.928   -74.20467    0.00000    0.00001    2229       5
    2230   2.928   -74.20467    0.00000    0.00003    2230      19
    2231   2.928   -74.20467    0.00000    0.00001    2231       5
    2232   2.928   -74.20467    0.00000    0.00002    2232      15
    2233   2.929   -74.20467    0.00000    0.00002    2233      10
    2234   2.929   -74.20467    0.00000    0.00001    2234       8
    2235   2.929   -74.20467    0.00000    0.00000    2235       2
    2236   2.931   -74.20467    0.00000    0.00000    2236       1
    2237   2.929   -74.20467    0.00000    0.00000    2237       1
    2238   2.929   -74.20467    0.00000    0.00002    2238      13
    2239   2.929   -74.20467    0.00000    0.00003    2239      21
    2240   2.930   -74.20467    0.00000    0.00000    2240       3
    2241   2.930   -74.20467    0.00000    0.00001    2241       8
    2242   2.929   -74.20467    0.00000    0.00002    2242      15
    2243   2.928   -74.20467    0.00000    0.00002    2243      11
    2244   2.928   -74.20467    0.00000    0.00000    2244       1
    2245   2.932   -74.20466    0.00000    0.00009    2245      58
    2246   2.933   -74.20466    0.00000    0.00000    2246       3
    2247   2.928   -74.20467    0.00000    0.00000    2247       2
    2248   2.925   -74.20468    0.00000    0.00005    2248      34
    2249   2.935   -74.20466    0.00000    0.00000    2249       3
    2250   2.935   -74.20466    0.00000    0.00000    2250       2
    2251   2.935   -74.20466    0.00000    0.00000    2251       3
    2252   2.935   -74.20466    0.00000    0.00000    2252       2
    2253   2.935   -74.20466    0.00000    0.00002    2253      13
    2254   2.936   -74.20466    0.00000    0.00009    2254      59
    2255   2.937   -74.20466    0.00000    0.00002    2255      16
    2256   2.935   -74.20466    0.00000    0.00004    2256      28
    2257   2.938   -74.20465    0.00000    0.00002    2257      15
    2258   2.938   -74.20465    0.00000    0.00000    2258       1
    2259   2.938   -74.20465    0.00000    0.00000    2259       1
    2260   2.938   -74.20465    0.00000    0.00000    2260       1
    2261   2.938   -74.20465    0.00000    0.00004    2261      29
    2262   2.938   -74.20465    0.00000    0.00002    2262      12
    2263   2.939   -74.20465    0.00000    0.00000    2263       3
    2264   2.939   -74.20465    0.00000    0.00001    2264       4
    2265   2.939   -74.20465    0.00000    0.00000    2265       1
    2266   2.939   -74.20465    0.00000    0.00001    2266       7
    2267   2.939   -74.20465    0.00000    0.00002    2267      11
    2268   2.939   -74.20465    0.00000    0.00000    2268       1
    2269   2.938   -74.20465    0.00000    0.00002    2269      12
    2270   2.941   -74.20465    0.00000    0.00011    2270      72
    2271   2.943   -74.20465    0.00000    0.00002    2271      14
    2272   2.943   -74.20465    0.00000    0.00001    2272       7
    2273   2.935   -74.20466    0.00000    0.00007    2273      46
    2274   2.945   -74.20464    0.00000    0.00000    2274       3
    2275   2.944   -74.20465    0.00000    0.00003    2275      21
    2276   2.945   -74.20464    0.00000    0.00000    2276       1
    2277   2.928   -74.20467    0.00000    0.00000    2277       3
    2278   2.945   -74.20464    0.00000    0.00002    2278      15
    2279   2.940   -74.20465    0.00000    0.00000    2279       1
    2280   2.940   -74.20465    0.00000    0.00000    2280       1
    2281   2.924   -74.20468    0.00000    0.00002    2281      12
    2282   2.940   -74.20465    0.00000    0.00001    2282       4
    2283   2.943   -74.20465    0.00000    0.00005    2283      32
    2284   2.945   -74.20464    0.00000    0.00002    2284      16
    2285   2.947   -74.20464    0.00000    0.00004    2285      27
    2286   2.947   -74.20464    0.00000    0.00007    2286      48
    2287   2.949   -74.20464    0.00000    0.00004    2287      25
    2288   2.952   -74.20463    0.00000    0.00000    2288       1
    2289   2.952   -74.20463    0.00000    0.00010    2289      66
    2290   2.956   -74.20463    0.00000    0.00002    2290      15
    2291   2.944   -74.20464    0.00000    0.00004    2291      30
    2292   2.956   -74.20463    0.00000    0.00000    2292       1
    2293   2.956   -74.20463    0.00000    0.00003    2293      17
    2294   2.956   -74.20463    0.00000    0.00002    2294      11
    2295   2.956   -74.20463    0.00000    0.00002    2295      14
    2296   2.961   -74.20462    0.00000    0.00007    2296      47
    2297   2.962   -74.20462    0.00000    0.00004    2297      29
    2298   2.941   -74.20465    0.00000    0.00000    2298       1
    2299   2.962   -74.20462    0.00000    0.00002    2299      11
    2300   2.962   -74.20462    0.00000    0.00000    2300       1
    2301   2.964   -74.20461    0.00000    0.00002    2301      12
    2302   2.966   -74.20461    0.00000    0.00008    2302      58
    2303   2.968   -74.20461    0.00000    0.00000    2303       2
    2304   2.954   -74.20463    0.00000    0.00000    2304       1
    2305   2.952   -74.20463    0.00000    0.00000    2305       1
    2306   2.952   -74.20463    0.00000    0.00000    2306       2
    2307   2.967   -74.20461    0.00000    0.00001    2307       6
    2308   2.953   -74.20463    0.00000    0.00005    2308      31
    2309   2.970   -74.20460    0.00000    0.00003    2309      22
    2310   2.971   -74.20460    0.00000    0.00001    2310       8
    2311   2.972   -74.20460    0.00000    0.00000    2311       1
    2312   2.971   -74.20460    0.00000    0.00000    2312       1
    2313   2.972   -74.20460    0.00000    0.00004    2313      25
    2314   2.968   -74.20461    0.00000    0.00002    2314      14
    2315   2.972   -74.20460    0.00000    0.00006    2315      41
    2316   2.952   -74.20463    0.00000    0.00002    2316      11
    2317   2.954   -74.20463    0.00000    0.00005    2317      35
    2318   2.973   -74.20460    0.00000    0.00000    2318       2
    2319   2.931   -74.20467    0.00000    0.00000    2319       3
    2320   2.973   -74.20460    0.00000    0.00001    2320       9
    2321   2.974   -74.20460    0.00000    0.00000    2321       1
    2322   2.974   -74.20460    0.00000    0.00000    2322       3
    2323   2.974   -74.20460    0.00000    0.00005    2323      36
    2324   2.972   -74.20460    0.00000    0.00004    2324      31
    2325   2.979   -74.20459    0.00000    0.00001    2325       6
    2326   2.962   -74.20462    0.00000    0.00001    2326       8
    2327   2.981   -74.20459    0.00000    0.00002    2327      13
    2328   2.981   -74.20459    0.00000    0.00001    2328      10
    2329   2.981   -74.20459    0.00000    0.00002    2329      13
    2330   2.981   -74.20459    0.00000    0.00003    2330      23
    2331   2.982   -74.20458    0.00000    0.00000    2331       1
    2332   2.982   -74.20458    0.00000    0.00002    2332      11
    2333   2.983   -74.20458    0.00000    0.00003    2333      18
    2334   2.983   -74.20458    0.00000    0.00000    2334       3
    2335   2.983   -74.20458    0.00000    0.00000    2335       2
    2336   2.983   -74.20458    0.00000    0.00000    2336       2
    2337   2.983   -74.20458    0.00000    0.00000    2337       1
    2338   2.981   -74.20459    0.00000    0.00000    2338       2
    2339   2.986   -74.20458    0.00000    0.00000    2339       2
    2340   2.983   -74.20458    0.00000    0.00006    2340      44
    2341   2.981   -74.20459    0.00000    0.00000    2341       3
    2342   2.988   -74.20457    0.00000    0.00007    2342      47
    2343   2.985   -74.20458    0.00000    0.00001    2343       6
    2344   2.986   -74.20458    0.00000    0.00005    2344      34
    2345   2.993   -74.20457    0.00000    0.00002    2345      14
    2346   2.986   -74.20458    0.00000    0.00000    2346       3
    2347   2.967   -74.20461    0.00000    0.00001    2347       9
    2348   2.994   -74.20457    0.00000    0.00002    2348      11
    2349   2.996   -74.20456    0.00000    0.00000    2349       1
    2350   2.996   -74.20456    0.00000    0.00000    2350       1
    2351   2.992   -74.20457    0.00000    0.00002    2351      12
    2352   2.997   -74.20456    0.00000    0.00002    2352      11
    2353   2.997   -74.20456    0.00000    0.00000    2353       1
    2354   2.971   -74.20460    0.00000    0.00000    2354       2
    2355   2.997   -74.20456    0.00000    0.00000    2355       1
    2356   2.990   -74.20457    0.00000    0.00000    2356       1
    2357   2.997   -74.20456    0.00000    0.00000    2357       2
    2358   2.997   -74.20456    0.00000    0.00002    2358      16
    2359   2.997   -74.20456    0.00000    0.00001    2359       8
    2360   2.997   -74.20456    0.00000    0.00001    2360       7
    2361   2.998   -74.20456    0.00000    0.00000    2361       1
    2362   2.998   -74.20456    0.00000    0.00000    2362       1
    2363   2.998   -74.20456    0.00000    0.00000    2363       1
    2364   2.998   -74.20456    0.00000    0.00000    2364       1
    2365   2.998   -74.20456    0.00000    0.00001    2365       7
    2366   2.998   -74.20456    0.00000    0.00001    2366       4
    2367   2.998   -74.20456    0.00000    0.00000    2367       3
    2368   2.998   -74.20456    0.00000    0.00002    2368      12
    2369   2.999   -74.20456    0.00000    0.00011    2369      79
    2370   3.003   -74.20455    0.00000    0.00002    2370      14
    2371   3.004   -74.20455    0.00000    0.00001    2371       5
    2372   3.002   -74.20455    0.00000    0.00003    2372      22
    2373   2.997   -74.20456    0.00000    0.00005    2373      35
    2374   3.009   -74.20454    0.00000    0.00002    2374      16
    2375   3.009   -74.20454    0.00000    0.00000    2375       3
    2376   2.981   -74.20459    0.00000    0.00000    2376       2
    2377   2.981   -74.20459    0.00000    0.00000    2377       1
    2378   3.010   -74.20454    0.00000    0.00003    2378      25
    2379   3.010   -74.20454    0.00000    0.00000    2379       1
    2380   3.002   -74.20455    0.00000    0.00000    2380       1
    2381   2.981   -74.20459    0.00000    0.00000    2381       2
    2382   3.011   -74.20454    0.00000    0.00002    2382      13
    2383   3.011   -74.20454    0.00000    0.00000    2383       1
    2384   3.011   -74.20454    0.00000    0.00000    2384       1
    2385   3.012   -74.20454    0.00000    0.00001    2385       6
    2386   3.012   -74.20454    0.00000    0.00000    2386       1
    2387   2.981   -74.20459    0.00000    0.00000    2387       2
    2388   3.009   -74.20454    0.00000    0.00000    2388       1
    2389   2.997   -74.20456    0.00000    0.00002    2389      17
    2390   3.014   -74.20453    0.00000    0.00000    2390       3
    2391   3.014   -74.20453    0.00000    0.00001    2391       6
    2392   3.014   -74.20453    0.00000    0.00001    2392       5
    2393   3.014   -74.20453    0.00000    0.00002    2393      16
    2394   3.014   -74.20453    0.00000    0.00000    2394       1
    2395   2.997   -74.20456    0.00000    0.00002    2395      17
    2396   2.993   -74.20457    0.00000    0.00000    2396       1
    2397   3.014   -74.20453    0.00000    0.00000    2397       1
    2398   3.015   -74.20453    0.00000    0.00003    2398      24
    2399   3.016   -74.20453    0.00000    0.00000    2399       3
    2400   3.014   -74.20453    0.00000    0.00000    2400       3
    2401   3.016   -74.20453    0.00000    0.00003    2401      19
    2402   3.016   -74.20453    0.00000    0.00003    2402      26
    2403   3.017   -74.20453    0.00000    0.00001    2403       7
    2404   3.021   -74.20452    0.00000    0.00003    2404      21
    2405   3.022   -74.20452    0.00000    0.00001    2405       6
    2406   3.023   -74.20452    0.00000    0.00003    2406      21
    2407   3.014   -74.20453    0.00000    0.00001    2407      11
    2408   3.023   -74.20452    0.00000    0.00000    2408       1
    2409   3.023   -74.20452    0.00000    0.00000    2409       1
    2410   3.023   -74.20452    0.00000    0.00000    2410       1
    2411   3.023   -74.20452    0.00000    0.00006    2411      46
    2412   3.025   -74.20452    0.00000    0.00000    2412       1
    2413   3.025   -74.20452    0.00000    0.00000    2413       2
    2414   3.025   -74.20452    0.00000    0.00002    2414      16
    2415   3.026   -74.20451    0.00000    0.00003    2415      23
    2416   3.026   -74.20451    0.00000    0.00001    2416       5
    2417   3.027   -74.20451    0.00000    0.00000    2417       2
    2418   3.027   -74.20451    0.00000    0.00003    2418      23
    2419   3.026   -74.20451    0.00000    0.00003    2419      26
    2420   3.029   -74.20451    0.00000    0.00002    2420      18
    2421   3.029   -74.20451    0.00000    0.00000    2421       1
    2422   3.029   -74.20451    0.00000    0.00000    2422       1
    2423   3.029   -74.20451    0.00000    0.00003    2423      26
    2424   3.029   -74.20451    0.00000    0.00000    2424       2
    2425   3.007   -74.20454    0.00000    0.00002    2425      12
    2426   3.031   -74.20451    0.00000    0.00001    2426       5
    2427   3.008   -74.20454    0.00000    0.00001    2427       4
    2428   3.030   -74.20451    0.00000    0.00000    2428       1
    2429   3.008   -74.20454    0.00000    0.00005    2429      36
    2430   3.033   -74.20450    0.00000    0.00005    2430      40
    2431   3.033   -74.20450    0.00000    0.00000    2431       2
    2432   3.033   -74.20450    0.00000    0.00000    2432       1
    2433   3.033   -74.20450    0.00000    0.00000    2433       1
    2434   3.033   -74.20450    0.00000    0.00001    2434       4
    2435   3.033   -74.20450    0.00000    0.00000    2435       1
    2436   3.033   -74.20450    0.00000    0.00000    2436       2
    2437   3.033   -74.20450    0.00000    0.00000    2437       1
    2438   3.033   -74.20450    0.00000    0.00003    2438      24
    2439   3.033   -74.20450    0.00000    0.00002    2439      14
    2440   3.035   -74.20450    0.00000    0.00000    2440       2
    2441   3.035   -74.20450    0.00000    0.00001    2441       4
    2442   3.033   -74.20450    0.00000    0.00000    2442       1
    2443   3.035   -74.20450    0.00000    0.00000    2443       2
    2444   3.035   -74.20450    0.00000    0.00003    2444      24
    2445   3.033   -74.20450    0.00000    0.00000    2445       1
    2446   3.036   -74.20450    0.00000    0.00004    2446      30
    2447   3.039   -74.20449    0.00000    0.00004    2447      32
    2448   3.040   -74.20449    0.00000    0.00006    2448      48
    2449   3.041   -74.20449    0.00000    0.00000    2449       1
    2450   3.043   -74.20449    0.00000    0.00003    2450      26
    2451   3.043   -74.20449    0.00000    0.00001    2451       7
    2452   3.043   -74.20449    0.00000    0.00002    2452      19
    2453   3.046   -74.20448    0.00000    0.00001    2453       9
    2454   3.047   -74.20448    0.00000    0.00001    2454      11
    2455   3.047   -74.20448    0.00000    0.00003    2455      26
    2456   3.047   -74.20448    0.00000    0.00001    2456       6
    2457   3.047   -74.20448    0.00000    0.00003    2457      25
    2458   3.016   -74.20453    0.00000    0.00001    2458       8
    2459   3.031   -74.20451    0.00000    0.00001    2459       5
    2460   3.049   -74.20448    0.00000    0.00001    2460       5
    2461   3.049   -74.20448    0.00000    0.00000    2461       1
    2462   3.049   -74.20448    0.00000    0.00002    2462      12
    2463   3.050   -74.20448    0.00000    0.00000    2463       1
    2464   3.048   -74.20448    0.00000    0.00000    2464       3
    2465   3.050   -74.20448    0.00000    0.00000    2465       3
    2466   3.050   -74.20448    0.00000    0.00001    2466       6
    2467   3.050   -74.20448    0.00000    0.00000    2467       3
    2468   3.050   -74.20448    0.00000    0.00002    2468      18
    2469   3.051   -74.20447    0.00000    0.00000    2469       2
    2470   3.050   -74.20448    0.00000    0.00003    2470      21
    2471   3.048   -74.20448    0.00000    0.00000    2471       1
    2472   3.051   -74.20447    0.00000    0.00002    2472      17
    2473   3.048   -74.20448    0.00000    0.00000    2473       2
    2474   3.048   -74.20448    0.00000    0.00000    2474       3
    2475   3.051   -74.20448    0.00000    0.00004    2475      30
    2476   3.052   -74.20447    0.00000    0.00005    2476      42
    2477   3.042   -74.20449    0.00000    0.00000    2477       1
    2478   3.054   -74.20447    0.00000    0.00003    2478      21
    2479   3.055   -74.20447    0.00000    0.00000    2479       1
    2480   3.055   -74.20447    0.00000    0.00004    2480      32
    2481   3.057   -74.20446    0.00000    0.00002    2481      14
    2482   3.052   -74.20447    0.00000    0.00003    2482      21
    2483   3.058   -74.20446    0.00000    0.00000    2483       2
    2484   3.026   -74.20451    0.00000    0.00001    2484       4
    2485   3.026   -74.20451    0.00000    0.00001    2485       4
    2486   3.026   -74.20451    0.00000    0.00001    2486       7
    2487   3.060   -74.20446    0.00000    0.00003    2487      22
    2488   3.061   -74.20446    0.00000    0.00002    2488      15
    2489   3.047   -74.20448    0.00000    0.00002    2489      14
    2490   3.046   -74.20448    0.00000    0.00000    2490       2
    2491   3.061   -74.20446    0.00000    0.00000    2491       1
    2492   3.061   -74.20446    0.00000    0.00004    2492      31
    2493   3.062   -74.20446    0.00000    0.00001    2493       6
    2494   3.062   -74.20446    0.00000    0.00002    2494      15
    2495   3.062   -74.20446    0.00000    0.00001    2495      10
    2496   3.064   -74.20445    0.00000    0.00001    2496      11
    2497   3.062   -74.20446    0.00000    0.00000    2497       1
    2498   3.065   -74.20445    0.00000    0.00000    2498       3
    2499   3.054   -74.20447    0.00000    0.00000    2499       1
    2500   3.063   -74.20446    0.00000    0.00001    2500       6
    2501   3.067   -74.20445    0.00000    0.00000    2501       1
    2502   3.067   -74.20445    0.00000    0.00000    2502       1
    2503   3.067   -74.20445    0.00000    0.00001    2503       8
    2504   3.068   -74.20445    0.00000    0.00000    2504       1
    2505   3.067   -74.20445    0.00000    0.00003    2505      22
    2506   3.070   -74.20444    0.00000    0.00000    2506       3
    2507   3.070   -74.20444    0.00000    0.00002    2507      14
    2508   3.073   -74.20444    0.00000    0.00005    2508      38
    2509   3.074   -74.20444    0.00000    0.00005    2509      42
    2510   3.076   -74.20444    0.00000    0.00000    2510       4
    2511   3.076   -74.20444    0.00000    0.00000    2511       2
    2512   3.073   -74.20444    0.00000    0.00001    2512      12
    2513   3.058   -74.20446    0.00000    0.00000    2513       2
    2514   3.058   -74.20446    0.00000    0.00003    2514      23
    2515   3.076   -74.20443    0.00000    0.00002    2515      15
    2516   3.076   -74.20443    0.00000    0.00001    2516       5
    2517   3.078   -74.20443    0.00000    0.00000    2517       1
    2518   3.078   -74.20443    0.00000    0.00002    2518      15
    2519   3.079   -74.20443    0.00000    0.00000    2519       3
    2520   3.078   -74.20443    0.00000    0.00002    2520      18
    2521   3.077   -74.20443    0.00000    0.00000    2521       3
    2522   3.080   -74.20443    0.00000    0.00002    2522      14
    2523   3.075   -74.20444    0.00000    0.00001    2523      11
    2524   3.079   -74.20443    0.00000    0.00000    2524       2
    2525   3.080   -74.20443    0.00000    0.00004    2525      31
    2526   3.081   -74.20443    0.00000    0.00002    2526      16
    2527   3.044   -74.20449    0.00000    0.00000    2527       1
    2528   3.079   -74.20443    0.00000    0.00002    2528      18
    2529   3.082   -74.20442    0.00000    0.00000    2529       2
    2530   3.078   -74.20443    0.00000    0.00000    2530       1
    2531   3.084   -74.20442    0.00000    0.00000    2531       1
    2532   3.088   -74.20441    0.00000    0.00001    2532       5
    2533   3.083   -74.20442    0.00000    0.00002    2533      14
    2534   3.079   -74.20443    0.00000    0.00001    2534      10
    2535   3.089   -74.20441    0.00000    0.00000    2535       1
    2536   3.089   -74.20441    0.00000    0.00000    2536       1
    2537   3.089   -74.20441    0.00000    0.00004    2537      36
    2538   3.077   -74.20443    0.00000    0.00003    2538      28
    2539   3.092   -74.20441    0.00000    0.00000    2539       3
    2540   3.085   -74.20442    0.00000    0.00000    2540       1
    2541   3.085   -74.20442    0.00000    0.00001    2541       7
    2542   3.086   -74.20442    0.00000    0.00000    2542       1
    2543   3.086   -74.20442    0.00000    0.00000    2543       1
    2544   3.086   -74.20442    0.00000    0.00000    2544       2
    2545   3.086   -74.20442    0.00000    0.00000    2545       4
    2546   3.079   -74.20443    0.00000    0.00001    2546      11
    2547   3.088   -74.20442    0.00000    0.00001    2547       8
    2548   3.092   -74.20441    0.00000    0.00001    2548      10
    2549   3.092   -74.20441    0.00000    0.00000    2549       1
    2550   3.092   -74.20441    0.00000    0.00000    2550       1
    2551   3.076   -74.20443    0.00000    0.00000    2551       2
    2552   3.092   -74.20441    0.00000    0.00000    2552       2
    2553   3.092   -74.20441    0.00000    0.00000    2553       1
    2554   3.092   -74.20441    0.00000    0.00000    2554       2
    2555   3.092   -74.20441    0.00000    0.00000    2555       1
    2556   3.076   -74.20443    0.00000    0.00000    2556       1
    2557   3.092   -74.20441    0.00000    0.00000    2557       4
    2558   3.093   -74.20441    0.00000    0.00001    2558       5
    2559   3.094   -74.20441    0.00000    0.00000    2559       1
    2560   3.094   -74.20441    0.00000    0.00002    2560      16
    2561   3.094   -74.20441    0.00000    0.00000    2561       1
    2562   3.094   -74.20441    0.00000    0.00000    2562       4
    2563   3.094   -74.20441    0.00000    0.00000    2563       1
    2564   3.094   -74.20441    0.00000    0.00004    2564      31
    2565   3.095   -74.20440    0.00000    0.00001    2565       8
    2566   3.095   -74.20440    0.00000    0.00000    2566       3
    2567   3.094   -74.20441    0.00000    0.00000    2567       4
    2568   3.095   -74.20440    0.00000    0.00000    2568       1
    2569   3.096   -74.20440    0.00000    0.00000    2569       4
    2570   3.097   -74.20440    0.00000    0.00000    2570       1
    2571   3.097   -74.20440    0.00000    0.00003    2571      28
    2572   3.097   -74.20440    0.00000    0.00000    2572       4
    2573   3.097   -74.20440    0.00000    0.00000    2573       2
    2574   3.092   -74.20441    0.00000    0.00001    2574      10
    2575   3.098   -74.20440    0.00000    0.00003    2575      21
    2576   3.098   -74.20440    0.00000    0.00000    2576       4
    2577   3.060   -74.20446    0.00000    0.00001    2577      10
    2578   3.098   -74.20440    0.00000    0.00000    2578       2
    2579   3.098   -74.20440    0.00000    0.00000    2579       3
    2580   3.076   -74.20443    0.00000    0.00006    2580      50
    2581   3.103   -74.20439    0.00000    0.00001    2581       5
    2582   3.103   -74.20439    0.00000    0.00000    2582       1
    2583   3.100   -74.20440    0.00000    0.00001    2583       9
    2584   3.103   -74.20439    0.00000    0.00002    2584      13
    2585   3.103   -74.20439    0.00000    0.00001    2585       7
    2586   3.101   -74.20439    0.00000    0.00006    2586      52
    2587   3.099   -74.20440    0.00000    0.00004    2587      37
    2588   3.104   -74.20439    0.00000    0.00000    2588       2
    2589   3.107   -74.20438    0.00000    0.00001    2589       5
    2590   3.107   -74.20438    0.00000    0.00000    2590       1
    2591   3.107   -74.20438    0.00000    0.00001    2591       7
    2592   3.107   -74.20438    0.00000    0.00001    2592       5
    2593   3.110   -74.20438    0.00000    0.00001    2593       7
    2594   3.110   -74.20438    0.00000    0.00000    2594       1
    2595   3.110   -74.20438    0.00000    0.00001    2595      10
    2596   3.099   -74.20440    0.00000    0.00000    2596       2
    2597   3.104   -74.20439    0.00000    0.00000    2597       4
    2598   3.111   -74.20438    0.00000    0.00003    2598      28
    2599   3.112   -74.20438    0.00000    0.00002    2599      21
    2600   3.109   -74.20438    0.00000    0.00003    2600      22
    2601   3.103   -74.20439    0.00000    0.00000    2601       1
    2602   3.113   -74.20437    0.00000    0.00000    2602       1
    2603   3.114   -74.20437    0.00000    0.00000    2603       1
    2604   3.113   -74.20437    0.00000    0.00000    2604       1
    2605   3.103   -74.20439    0.00000    0.00000    2605       2
    2606   3.099   -74.20440    0.00000    0.00000    2606       2
    2607   3.114   -74.20437    0.00000    0.00003    2607      26
    2608   3.115   -74.20437    0.00000    0.00001    2608       5
    2609   3.103   -74.20439    0.00000    0.00000    2609       3
    2610   3.092   -74.20441    0.00000    0.00000    2610       1
    2611   3.104   -74.20439    0.00000    0.00000    2611       4
    2612   3.115   -74.20437    0.00000    0.00000    2612       1
    2613   3.112   -74.20438    0.00000    0.00001    2613       9
    2614   3.115   -74.20437    0.00000    0.00002    2614      18
    2615   3.116   -74.20437    0.00000    0.00001    2615       5
    2616   3.116   -74.20437    0.00000    0.00001    2616       5
    2617   3.115   -74.20437    0.00000    0.00000    2617       1
    2618   3.116   -74.20437    0.00000    0.00003    2618      26
    2619   3.116   -74.20437    0.00000    0.00001    2619       9
    2620   3.116   -74.20437    0.00000    0.00001    2620      12
    2621   3.116   -74.20437    0.00000    0.00000    2621       2
    2622   3.116   -74.20437    0.00000    0.00001    2622      12
    2623   3.120   -74.20436    0.00000    0.00001    2623       5
    2624   3.116   -74.20437    0.00000    0.00001    2624      11
    2625   3.122   -74.20436    0.00000    0.00004    2625      33
    2626   3.123   -74.20436    0.00000    0.00003    2626      26
    2627   3.123   -74.20436    0.00000    0.00002    2627      15
    2628   3.116   -74.20437    0.00000    0.00002    2628      15
    2629   3.117   -74.20437    0.00000    0.00001    2629       5
    2630   3.124   -74.20436    0.00000    0.00002    2630      21
    2631   3.124   -74.20436    0.00000    0.00001    2631      10
    2632   3.126   -74.20435    0.00000    0.00000    2632       1
    2633   3.124   -74.20436    0.00000    0.00000    2633       1
    2634   3.124   -74.20436    0.00000    0.00000    2634       3
    2635   3.124   -74.20436    0.00000    0.00000    2635       2
    2636   3.126   -74.20435    0.00000    0.00000    2636       2
    2637   3.126   -74.20435    0.00000    0.00000    2637       1
    2638   3.126   -74.20435    0.00000    0.00000    2638       1
    2639   3.126   -74.20435    0.00000    0.00001    2639       6
    2640   3.124   -74.20436    0.00000    0.00001    2640      10
    2641   3.127   -74.20435    0.00000    0.00000    2641       2
    2642   3.127   -74.20435    0.00000    0.00000    2642       1
    2643   3.127   -74.20435    0.00000    0.00000    2643       1
    2644   3.127   -74.20435    0.00000    0.00005    2644      41
    2645   3.130   -74.20435    0.00000    0.00001    2645       5
    2646   3.130   -74.20435    0.00000    0.00002    2646      20
    2647   3.118   -74.20437    0.00000    0.00003    2647      31
    2648   3.131   -74.20435    0.00000    0.00005    2648      47
    2649   3.132   -74.20434    0.00000    0.00000    2649       1
    2650   3.130   -74.20435    0.00000    0.00000    2650       1
    2651   3.132   -74.20435    0.00000    0.00000    2651       2
    2652   3.132   -74.20435    0.00000    0.00001    2652       7
    2653   3.132   -74.20434    0.00000    0.00001    2653       9
    2654   3.133   -74.20434    0.00000    0.00001    2654       7
    2655   3.133   -74.20434    0.00000    0.00000    2655       1
    2656   3.133   -74.20434    0.00000    0.00001    2656       6
    2657   3.135   -74.20434    0.00000    0.00000    2657       3
    2658   3.133   -74.20434    0.00000    0.00001    2658       8
    2659   3.133   -74.20434    0.00000    0.00000    2659       2
    2660   3.133   -74.20434    0.00000    0.00000    2660       1
    2661   3.133   -74.20434    0.00000    0.00000    2661       2
    2662   3.130   -74.20435    0.00000    0.00002    2662      19
    2663   3.134   -74.20434    0.00000    0.00000    2663       3
    2664   3.134   -74.20434    0.00000    0.00000    2664       1
    2665   3.135   -74.20434    0.00000    0.00001    2665      12
    2666   3.137   -74.20434    0.00000    0.00001    2666       6
    2667   3.137   -74.20434    0.00000    0.00002    2667      20
    2668   3.139   -74.20433    0.00000    0.00005    2668      49
    2669   3.136   -74.20434    0.00000    0.00002    2669      17
    2670   3.144   -74.20433    0.00000    0.00001    2670       5
    2671   3.144   -74.20433    0.00000    0.00002    2671      16
    2672   3.145   -74.20433    0.00000    0.00003    2672      30
    2673   3.146   -74.20432    0.00000    0.00001    2673       5
    2674   3.146   -74.20432    0.00000    0.00003    2674      24
    2675   3.150   -74.20432    0.00000    0.00001    2675       9
    2676   3.125   -74.20436    0.00000    0.00000    2676       2
    2677   3.125   -74.20436    0.00000    0.00000    2677       1
    2678   3.125   -74.20436    0.00000    0.00000    2678       4
    2679   3.125   -74.20436    0.00000    0.00001    2679       7
    2680   3.151   -74.20431    0.00000    0.00000    2680       1
    2681   3.151   -74.20431    0.00000    0.00002    2681      20
    2682   3.099   -74.20440    0.00000    0.00000    2682       2
    2683   3.153   -74.20431    0.00000    0.00002    2683      20
    2684   3.099   -74.20440    0.00000    0.00000    2684       2
    2685   3.099   -74.20440    0.00000    0.00000    2685       1
    2686   3.099   -74.20440    0.00000    0.00000    2686       1
    2687   3.099   -74.20440    0.00000    0.00000    2687       4
    2688   3.136   -74.20434    0.00000    0.00000    2688       1
    2689   3.153   -74.20431    0.00000    0.00004    2689      37
    2690   3.143   -74.20433    0.00000    0.00000    2690       1
    2691   3.153   -74.20431    0.00000    0.00000    2691       1
    2692   3.105   -74.20439    0.00000    0.00000    2692       3
    2693   3.153   -74.20431    0.00000    0.00001    2693       7
    2694   3.154   -74.20431    0.00000    0.00000    2694       3
    2695   3.154   -74.20431    0.00000    0.00000    2695       2
    2696   3.154   -74.20431    0.00000    0.00000    2696       1
    2697   3.154   -74.20431    0.00000    0.00000    2697       2
    2698   3.154   -74.20431    0.00000    0.00000    2698       4
    2699   3.105   -74.20439    0.00000    0.00001    2699      11
    2700   3.154   -74.20431    0.00000    0.00000    2700       1
    2701   3.154   -74.20431    0.00000    0.00001    2701       5
    2702   3.125   -74.20436    0.00000    0.00000    2702       2
    2703   3.155   -74.20431    0.00000    0.00001    2703      10
    2704   3.155   -74.20431    0.00000    0.00001    2704       8
    2705   3.156   -74.20431    0.00000    0.00000    2705       1
    2706   3.157   -74.20431    0.00000    0.00000    2706       3
    2707   3.157   -74.20431    0.00000    0.00000    2707       2
    2708   3.156   -74.20431    0.00000    0.00000    2708       4
    2709   3.156   -74.20431    0.00000    0.00001    2709       6
    2710   3.158   -74.20430    0.00000    0.00000    2710       1
    2711   3.158   -74.20430    0.00000    0.00001    2711      11
    2712   3.125   -74.20436    0.00000    0.00001    2712       6
    2713   3.148   -74.20432    0.00000    0.00000    2713       3
    2714   3.158   -74.20430    0.00000    0.00000    2714       1
    2715   3.158   -74.20430    0.00000    0.00000    2715       1
    2716   3.158   -74.20430    0.00000    0.00000    2716       1
    2717   3.125   -74.20436    0.00000    0.00004    2717      37
    2718   3.160   -74.20430    0.00000    0.00003    2718      24
    2719   3.161   -74.20430    0.00000    0.00000    2719       2
    2720   3.160   -74.20430    0.00000    0.00000    2720       1
    2721   3.153   -74.20431    0.00000    0.00000    2721       3
    2722   3.160   -74.20430    0.00000    0.00003    2722      31
    2723   3.162   -74.20430    0.00000    0.00001    2723      14
    2724   3.162   -74.20430    0.00000    0.00000    2724       4
    2725   3.162   -74.20430    0.00000    0.00000    2725       2
    2726   3.161   -74.20430    0.00000    0.00000    2726       1
    2727   3.161   -74.20430    0.00000    0.00001    2727      12
    2728   3.161   -74.20430    0.00000    0.00000    2728       2
    2729   3.159   -74.20430    0.00000    0.00000    2729       3
    2730   3.159   -74.20430    0.00000    0.00002    2730      20
    2731   3.165   -74.20429    0.00000    0.00000    2731       3
    2732   3.163   -74.20430    0.00000    0.00000    2732       4
    2733   3.165   -74.20429    0.00000    0.00001    2733      10
    2734   3.164   -74.20429    0.00000    0.00000    2734       1
    2735   3.164   -74.20429    0.00000    0.00002    2735      24
    2736   3.169   -74.20429    0.00000    0.00001    2736       5
    2737   3.168   -74.20429    0.00000    0.00001    2737       7
    2738   3.169   -74.20429    0.00000    0.00001    2738       8
    2739   3.169   -74.20429    0.00000    0.00000    2739       3
    2740   3.166   -74.20429    0.00000    0.00001    2740      11
    2741   3.169   -74.20429    0.00000    0.00001    2741       6
    2742   3.169   -74.20429    0.00000    0.00000    2742       3
    2743   3.169   -74.20429    0.00000    0.00000    2743       4
    2744   3.170   -74.20429    0.00000    0.00002    2744      20
    2745   3.143   -74.20433    0.00000    0.00002    2745      15
    2746   3.153   -74.20431    0.00000    0.00000    2746       1
    2747   3.170   -74.20429    0.00000    0.00002    2747      16
    2748   3.136   -74.20434    0.00000    0.00000    2748       3
    2749   3.173   -74.20428    0.00000    0.00001    2749      12
    2750   3.173   -74.20428    0.00000    0.00001    2750       5
    2751   3.173   -74.20428    0.00000    0.00005    2751      47
    2752   3.174   -74.20428    0.00000    0.00002    2752      17
    2753   3.173   -74.20428    0.00000    0.00001    2753      11
    2754   3.176   -74.20428    0.00000    0.00001    2754      14
    2755   3.177   -74.20427    0.00000    0.00000    2755       1
    2756   3.177   -74.20427    0.00000    0.00000    2756       3
    2757   3.177   -74.20427    0.00000    0.00001    2757       5
    2758   3.178   -74.20427    0.00000    0.00001    2758       8
    2759   3.149   -74.20432    0.00000    0.00000    2759       4
    2760   3.173   -74.20428    0.00000    0.00002    2760      23
    2761   3.180   -74.20427    0.00000    0.00000    2761       4
    2762   3.180   -74.20427    0.00000    0.00003    2762      32
    2763   3.182   -74.20427    0.00000    0.00000    2763       2
    2764   3.182   -74.20427    0.00000    0.00000    2764       1
    2765   3.169   -74.20429    0.00000    0.00000    2765       4
    2766   3.169   -74.20429    0.00000    0.00001    2766       8
    2767   3.169   -74.20429    0.00000    0.00000    2767       4
    2768   3.185   -74.20426    0.00000    0.00000    2768       2
    2769   3.185   -74.20426    0.00000    0.00000    2769       1
    2770   3.173   -74.20428    0.00000    0.00001    2770      13
    2771   3.186   -74.20426    0.00000    0.00001    2771      12
    2772   3.187   -74.20426    0.00000    0.00000    2772       3
    2773   3.187   -74.20426    0.00000    0.00000    2773       1
    2774   3.187   -74.20426    0.00000    0.00002    2774      22
    2775   3.188   -74.20426    0.00000    0.00001    2775      10
    2776   3.188   -74.20426    0.00000    0.00001    2776       8
    2777   3.153   -74.20431    0.00000    0.00001    2777      10
    2778   3.184   -74.20426    0.00000    0.00000    2778       4
    2779   3.191   -74.20425    0.00000    0.00000    2779       1
    2780   3.191   -74.20425    0.00000    0.00001    2780       6
    2781   3.176   -74.20428    0.00000    0.00000    2781       3
    2782   3.192   -74.20425    0.00000    0.00000    2782       4
    2783   3.192   -74.20425    0.00000    0.00000    2783       2
    2784   3.193   -74.20425    0.00000    0.00000    2784       1
    2785   3.193   -74.20425    0.00000    0.00001    2785      14
    2786   3.172   -74.20428    0.00000    0.00002    2786      23
    2787   3.194   -74.20425    0.00000    0.00000    2787       5
    2788   3.195   -74.20424    0.00000    0.00000    2788       2
    2789   3.196   -74.20424    0.00000    0.00002    2789      17
    2790   3.197   -74.20424    0.00000    0.00000    2790       5
    2791   3.196   -74.20424    0.00000    0.00001    2791      12
    2792   3.197   -74.20424    0.00000    0.00001    2792       6
    2793   3.197   -74.20424    0.00000    0.00000    2793       1
    2794   3.197   -74.20424    0.00000    0.00000    2794       1
    2795   3.197   -74.20424    0.00000    0.00000    2795       2
    2796   3.174   -74.20428    0.00000    0.00000    2796       1
    2797   3.197   -74.20424    0.00000    0.00001    2797       8
    2798   3.174   -74.20428    0.00000    0.00001    2798       9
    2799   3.198   -74.20424    0.00000    0.00000    2799       1
    2800   3.194   -74.20425    0.00000    0.00000    2800       3
    2801   3.198   -74.20424    0.00000    0.00000    2801       2
    2802   3.194   -74.20425    0.00000    0.00000    2802       3
    2803   3.198   -74.20424    0.00000    0.00003    2803      28
    2804   3.200   -74.20424    0.00000    0.00000    2804       1
    2805   3.199   -74.20424    0.00000    0.00001    2805       7
    2806   3.201   -74.20424    0.00000    0.00001    2806       8
    2807   3.201   -74.20423    0.00000    0.00000    2807       1
    2808   3.199   -74.20424    0.00000    0.00000    2808       3
    2809   3.174   -74.20428    0.00000    0.00000    2809       1
    2810   3.202   -74.20423    0.00000    0.00000    2810       2
    2811   3.185   -74.20426    0.00000    0.00001    2811       6
    2812   3.202   -74.20423    0.00000    0.00002    2812      18
    2813   3.203   -74.20423    0.00000    0.00002    2813      25
    2814   3.204   -74.20423    0.00000    0.00000    2814       3
    2815   3.204   -74.20423    0.00000    0.00002    2815      23
    2816   3.205   -74.20423    0.00000    0.00001    2816      12
    2817   3.206   -74.20423    0.00000    0.00001    2817      10
    2818   3.207   -74.20423    0.00000    0.00001    2818      11
    2819   3.172   -74.20428    0.00000    0.00001    2819       6
    2820   3.208   -74.20422    0.00000    0.00001    2820      12
    2821   3.209   -74.20422    0.00000    0.00000    2821       1
    2822   3.206   -74.20423    0.00000    0.00000    2822       1
    2823   3.185   -74.20426    0.00000    0.00002    2823      22
    2824   3.212   -74.20422    0.00000    0.00001    2824       7
    2825   3.185   -74.20426    0.00000    0.00001    2825      12
    2826   3.212   -74.20422    0.00000    0.00000    2826       5
    2827   3.213   -74.20422    0.00000    0.00000    2827       1
    2828   3.213   -74.20422    0.00000    0.00000    2828       2
    2829   3.214   -74.20421    0.00000    0.00002    2829      26
    2830   3.214   -74.20421    0.00000    0.00001    2830       7
    2831   3.214   -74.20421    0.00000    0.00000    2831       2
    2832   3.218   -74.20421    0.00000    0.00000    2832       1
    2833   3.214   -74.20421    0.00000    0.00000    2833       2
    2834   3.214   -74.20421    0.00000    0.00001    2834      10
    2835   3.214   -74.20421    0.00000    0.00001    2835       6
    2836   3.218   -74.20421    0.00000    0.00000    2836       3
    2837   3.219   -74.20421    0.00000    0.00001    2837       7
    2838   3.172   -74.20428    0.00000    0.00000    2838       1
    2839   3.219   -74.20421    0.00000    0.00001    2839       8
    2840   3.221   -74.20420    0.00000    0.00001    2840      15
    2841   3.222   -74.20420    0.00000    0.00001    2841      15
    2842   3.222   -74.20420    0.00000    0.00002    2842      19
    2843   3.185   -74.20426    0.00000    0.00000    2843       3
    2844   3.223   -74.20420    0.00000    0.00001    2844      10
    2845   3.204   -74.20423    0.00000    0.00000    2845       2
    2846   3.223   -74.20420    0.00000    0.00000    2846       5
    2847   3.185   -74.20426    0.00000    0.00003    2847      33
    2848   3.225   -74.20420    0.00000    0.00001    2848       8
    2849   3.226   -74.20420    0.00000    0.00000    2849       3
    2850   3.185   -74.20426    0.00000    0.00000    2850       4
    2851   3.224   -74.20420    0.00000    0.00000    2851       4
    2852   3.224   -74.20420    0.00000    0.00001    2852      11
    2853   3.227   -74.20419    0.00000    0.00000    2853       3
    2854   3.228   -74.20419    0.00000    0.00000    2854       1
    2855   3.228   -74.20419    0.00000    0.00001    2855       7
    2856   3.228   -74.20419    0.00000    0.00001    2856      12
    2857   3.226   -74.20419    0.00000    0.00003    2857      29
    2858   3.230   -74.20419    0.00000    0.00001    2858      13
    2859   3.231   -74.20419    0.00000    0.00001    2859      12
    2860   3.232   -74.20419    0.00000    0.00002    2860      17
    2861   3.211   -74.20422    0.00000    0.00001    2861      14
    2862   3.232   -74.20419    0.00000    0.00000    2862       3
    2863   3.228   -74.20419    0.00000    0.00001    2863      10
    2864   3.233   -74.20418    0.00000    0.00000    2864       3
    2865   3.232   -74.20419    0.00000    0.00001    2865       6
    2866   3.233   -74.20419    0.00000    0.00001    2866      10
    2867   3.234   -74.20418    0.00000    0.00002    2867      20
    2868   3.235   -74.20418    0.00000    0.00003    2868      28
    2869   3.233   -74.20418    0.00000    0.00000    2869       1
    2870   3.239   -74.20417    0.00000    0.00000    2870       1
    2871   3.238   -74.20418    0.00000    0.00000    2871       2
    2872   3.239   -74.20417    0.00000    0.00000    2872       5
    2873   3.239   -74.20417    0.00000    0.00000    2873       5
    2874   3.239   -74.20417    0.00000    0.00001    2874      11
    2875   3.239   -74.20417    0.00000    0.00001    2875       9
    2876   3.240   -74.20417    0.00000    0.00000    2876       2
    2877   3.240   -74.20417    0.00000    0.00002    2877      19
    2878   3.223   -74.20420    0.00000    0.00001    2878      10
    2879   3.240   -74.20417    0.00000    0.00000    2879       2
    2880   3.240   -74.20417    0.00000    0.00000    2880       1
    2881   3.240   -74.20417    0.00000    0.00001    2881       6
    2882   3.240   -74.20417    0.00000    0.00001    2882      15
    2883   3.243   -74.20417    0.00000    0.00001    2883       7
    2884   3.243   -74.20417    0.00000    0.00000    2884       1
    2885   3.242   -74.20417    0.00000    0.00001    2885      10
    2886   3.244   -74.20417    0.00000    0.00000    2886       3
    2887   3.245   -74.20417    0.00000    0.00001    2887      16
    2888   3.242   -74.20417    0.00000    0.00000    2888       1
    2889   3.247   -74.20416    0.00000    0.00001    2889       9
    2890   3.248   -74.20416    0.00000    0.00001    2890       8
    2891   3.249   -74.20416    0.00000    0.00001    2891      13
    2892   3.240   -74.20417    0.00000    0.00003    2892      37
    2893   3.251   -74.20416    0.00000    0.00000    2893       3
    2894   3.249   -74.20416    0.00000    0.00000    2894       1
    2895   3.251   -74.20416    0.00000    0.00000    2895       1
    2896   3.251   -74.20416    0.00000    0.00001    2896      11
    2897   3.232   -74.20419    0.00000    0.00000    2897       2
    2898   3.215   -74.20421    0.00000    0.00000    2898       4
    2899   3.216   -74.20421    0.00000    0.00000    2899       4
    2900   3.232   -74.20419    0.00000    0.00001    2900      10
    2901   3.253   -74.20415    0.00000    0.00000    2901       1
    2902   3.253   -74.20415    0.00000    0.00000    2902       1
    2903   3.253   -74.20415    0.00000    0.00000    2903       1
    2904   3.253   -74.20415    0.00000    0.00001    2904      11
    2905   3.254   -74.20415    0.00000    0.00000    2905       1
    2906   3.254   -74.20415    0.00000    0.00000    2906       2
    2907   3.254   -74.20415    0.00000    0.00001    2907       9
    2908   3.255   -74.20415    0.00000    0.00000    2908       1
    2909   3.255   -74.20415    0.00000    0.00000    2909       1
    2910   3.256   -74.20415    0.00000    0.00001    2910      15
    2911   3.256   -74.20415    0.00000    0.00000    2911       2
    2912   3.256   -74.20415    0.00000    0.00000    2912       1
    2913   3.256   -74.20415    0.00000    0.00000    2913       2
    2914   3.256   -74.20415    0.00000    0.00000    2914       1
    2915   3.256   -74.20415    0.00000    0.00001    2915       9
    2916   3.240   -74.20417    0.00000    0.00000    2916       4
    2917   3.256   -74.20415    0.00000    0.00000    2917       5
    2918   3.256   -74.20415    0.00000    0.00001    2918       9
    2919   3.257   -74.20415    0.00000    0.00001    2919      14
    2920   3.258   -74.20414    0.00000    0.00000    2920       2
    2921   3.258   -74.20414    0.00000    0.00000    2921       3
    2922   3.259   -74.20414    0.00000    0.00002    2922      26
    2923   3.239   -74.20417    0.00000    0.00002    2923      17
    2924   3.261   -74.20414    0.00000    0.00001    2924      12
    2925   3.261   -74.20414    0.00000    0.00000    2925       5
    2926   3.239   -74.20417    0.00000    0.00001    2926       6
    2927   3.262   -74.20414    0.00000    0.00001    2927      16
    2928   3.262   -74.20414    0.00000    0.00000    2928       5
    2929   3.261   -74.20414    0.00000    0.00001    2929       7
    2930   3.264   -74.20413    0.00000    0.00001    2930      13
    2931   3.265   -74.20413    0.00000    0.00000    2931       1
    2932   3.265   -74.20413    0.00000    0.00003    2932      33
    2933   3.266   -74.20413    0.00000    0.00000    2933       2
    2934   3.267   -74.20413    0.00000    0.00000    2934       2
    2935   3.266   -74.20413    0.00000    0.00001    2935      11
    2936   3.267   -74.20413    0.00000    0.00000    2936       2
    2937   3.267   -74.20413    0.00000    0.00001    2937       6
    2938   3.267   -74.20413    0.00000    0.00000    2938       1
    2939   3.269   -74.20413    0.00000    0.00003    2939      36
    2940   3.268   -74.20413    0.00000    0.00001    2940       8
    2941   3.269   -74.20413    0.00000    0.00002    2941      28
    2942   3.253   -74.20415    0.00000    0.00000    2942       1
    2943   3.271   -74.20412    0.00000    0.00000    2943       1
    2944   3.271   -74.20412    0.00000    0.00000    2944       1
    2945   3.271   -74.20412    0.00000    0.00000    2945       3
    2946   3.271   -74.20412    0.00000    0.00002    2946      19
    2947   3.272   -74.20412    0.00000    0.00001    2947      16
    2948   3.271   -74.20412    0.00000    0.00001    2948      12
    2949   3.273   -74.20412    0.00000    0.00002    2949      28
    2950   3.265   -74.20413    0.00000    0.00001    2950      13
    2951   3.273   -74.20412    0.00000    0.00001    2951      11
    2952   3.275   -74.20412    0.00000    0.00001    2952      12
    2953   3.276   -74.20412    0.00000    0.00001    2953      13
    2954   3.276   -74.20412    0.00000    0.00000    2954       1
    2955   3.277   -74.20411    0.00000    0.00000    2955       3
    2956   3.277   -74.20411    0.00000    0.00003    2956      29
    2957   3.277   -74.20411    0.00000    0.00000    2957       1
    2958   3.279   -74.20411    0.00000    0.00002    2958      19
    2959   3.279   -74.20411    0.00000    0.00001    2959       7
    2960   3.279   -74.20411    0.00000    0.00001    2960      11
    2961   3.280   -74.20411    0.00000    0.00001    2961      14
    2962   3.279   -74.20411    0.00000    0.00000    2962       4
    2963   3.281   -74.20411    0.00000    0.00000    2963       1
    2964   3.280   -74.20411    0.00000    0.00001    2964      11
    2965   3.282   -74.20411    0.00000    0.00001    2965       6
    2966   3.282   -74.20411    0.00000    0.00002    2966      20
    2967   3.283   -74.20410    0.00000    0.00001    2967      11
    2968   3.283   -74.20410    0.00000    0.00005    2968      62
    2969   3.289   -74.20410    0.00000    0.00001    2969      11
    2970   3.265   -74.20413    0.00000    0.00000    2970       3
    2971   3.290   -74.20409    0.00000    0.00000    2971       3
    2972   3.290   -74.20409    0.00000    0.00003    2972      35
    2973   3.291   -74.20409    0.00000    0.00001    2973      15
    2974   3.291   -74.20409    0.00000    0.00000    2974       5
    2975   3.291   -74.20409    0.00000    0.00001    2975       9
    2976   3.290   -74.20409    0.00000    0.00000    2976       1
    2977   3.291   -74.20409    0.00000    0.00001    2977       8
    2978   3.270   -74.20412    0.00000    0.00000    2978       4
    2979   3.292   -74.20409    0.00000    0.00001    2979       7
    2980   3.292   -74.20409    0.00000    0.00001    2980       9
    2981   3.292   -74.20409    0.00000    0.00005    2981      57
    2982   3.294   -74.20409    0.00000    0.00000    2982       3
    2983   3.294   -74.20409    0.00000    0.00001    2983       7
    2984   3.291   -74.20409    0.00000    0.00003    2984      40
    2985   3.297   -74.20408    0.00000    0.00002    2985      25
    2986   3.295   -74.20409    0.00000    0.00000    2986       1
    2987   3.285   -74.20410    0.00000    0.00001    2987      12
    2988   3.295   -74.20409    0.00000    0.00000    2988       1
    2989   3.295   -74.20409    0.00000    0.00001    2989       7
    2990   3.296   -74.20408    0.00000    0.00001    2990       9
    2991   3.298   -74.20408    0.00000    0.00001    2991       6
    2992   3.296   -74.20408    0.00000    0.00004    2992      46
    2993   3.289   -74.20410    0.00000    0.00000    2993       3
    2994   3.299   -74.20408    0.00000    0.00000    2994       1
    2995   3.299   -74.20408    0.00000    0.00000    2995       1
    2996   3.299   -74.20408    0.00000    0.00002    2996      19
    2997   3.300   -74.20408    0.00000    0.00000    2997       4
    2998   3.300   -74.20408    0.00000    0.00001    2998      13
    2999   3.299   -74.20408    0.00000    0.00000    2999       1
    3000   3.301   -74.20408    0.00000    0.00001    3000      12
    3001   3.302   -74.20408    0.00000    0.00001    3001      18
    3002   3.302   -74.20408    0.00000    0.00000    3002       1
    3003   3.302   -74.20407    0.00000    0.00000    3003       3
    3004   3.299   -74.20408    0.00000    0.00000    3004       2
    3005   3.302   -74.20407    0.00000    0.00001    3005      14
    3006   3.297   -74.20408    0.00000    0.00002    3006      21
    3007   3.304   -74.20407    0.00000    0.00000    3007       4
    3008   3.295   -74.20409    0.00000    0.00000    3008       2
    3009   3.305   -74.20407    0.00000    0.00000    3009       1
    3010   3.305   -74.20407    0.00000    0.00001    3010       7
    3011   3.305   -74.20407    0.00000    0.00000    3011       1
    3012   3.302   -74.20408    0.00000    0.00001    3012      16
    3013   3.306   -74.20407    0.00000    0.00000    3013       3
    3014   3.306   -74.20407    0.00000    0.00001    3014      16
    3015   3.309   -74.20406    0.00000    0.00003    3015      32
    3016   3.271   -74.20412    0.00000    0.00000    3016       1
    3017   3.311   -74.20406    0.00000    0.00000    3017       1
    3018   3.312   -74.20406    0.00000    0.00001    3018       8
    3019   3.312   -74.20406    0.00000    0.00000    3019       2
    3020   3.313   -74.20406    0.00000    0.00004    3020      52
    3021   3.302   -74.20407    0.00000    0.00000    3021       1
    3022   3.314   -74.20406    0.00000    0.00000    3022       4
    3023   3.289   -74.20410    0.00000    0.00000    3023       2
    3024   3.314   -74.20406    0.00000    0.00000    3024       2
    3025   3.314   -74.20406    0.00000    0.00001    3025      15
    3026   3.315   -74.20405    0.00000    0.00001    3026       7
    3027   3.315   -74.20405    0.00000    0.00000    3027       2
    3028   3.314   -74.20406    0.00000    0.00001    3028       7
    3029   3.316   -74.20405    0.00000    0.00000    3029       5
    3030   3.316   -74.20405    0.00000    0.00001    3030       7
    3031   3.317   -74.20405    0.00000    0.00000    3031       2
    3032   3.317   -74.20405    0.00000    0.00001    3032       7
    3033   3.318   -74.20405    0.00000    0.00000    3033       2
    3034   3.318   -74.20405    0.00000    0.00000    3034       4
    3035   3.319   -74.20405    0.00000    0.00000    3035       1
    3036   3.319   -74.20405    0.00000    0.00001    3036      14
    3037   3.320   -74.20405    0.00000    0.00000    3037       4
    3038   3.320   -74.20405    0.00000    0.00000    3038       6
    3039   3.322   -74.20404    0.00000    0.00000    3039       1
    3040   3.322   -74.20404    0.00000    0.00001    3040      18
    3041   3.322   -74.20404    0.00000    0.00001    3041      17
    3042   3.289   -74.20410    0.00000    0.00002    3042      19
    3043   3.323   -74.20404    0.00000    0.00000    3043       2
    3044   3.295   -74.20409    0.00000    0.00003    3044      38
    3045   3.324   -74.20404    0.00000    0.00000    3045       1
    3046   3.324   -74.20404    0.00000    0.00000    3046       2
    3047   3.324   -74.20404    0.00000    0.00000    3047       1
    3048   3.324   -74.20404    0.00000    0.00000    3048       2
    3049   3.325   -74.20404    0.00000    0.00000    3049       1
    3050   3.324   -74.20404    0.00000    0.00000    3050       3
    3051   3.324   -74.20404    0.00000    0.00000    3051       4
    3052   3.325   -74.20404    0.00000    0.00000    3052       5
    3053   3.325   -74.20404    0.00000    0.00001    3053       8
    3054   3.324   -74.20404    0.00000    0.00000    3054       2
    3055   3.287   -74.20410    0.00000    0.00000    3055       6
    3056   3.289   -74.20410    0.00000    0.00001    3056       9
    3057   3.326   -74.20404    0.00000    0.00001    3057      10
    3058   3.326   -74.20404    0.00000    0.00000    3058       1
    3059   3.326   -74.20404    0.00000    0.00000    3059       1
    3060   3.326   -74.20404    0.00000    0.00000    3060       3
    3061   3.326   -74.20404    0.00000    0.00001    3061      11
    3062   3.326   -74.20404    0.00000    0.00001    3062       8
    3063   3.328   -74.20403    0.00000    0.00000    3063       1
    3064   3.326   -74.20404    0.00000    0.00000    3064       6
    3065   3.326   -74.20404    0.00000    0.00000    3065       4
    3066   3.326   -74.20404    0.00000    0.00001    3066      10
    3067   3.328   -74.20403    0.00000    0.00000    3067       1
    3068   3.328   -74.20403    0.00000    0.00001    3068      13
    3069   3.329   -74.20403    0.00000    0.00001    3069       7
    3070   3.329   -74.20403    0.00000    0.00001    3070      16
    3071   3.327   -74.20404    0.00000    0.00000    3071       1
    3072   3.329   -74.20403    0.00000    0.00004    3072      48
    3073   3.332   -74.20403    0.00000    0.00000    3073       1
    3074   3.330   -74.20403    0.00000    0.00000    3074       4
    3075   3.332   -74.20403    0.00000    0.00000    3075       2
    3076   3.332   -74.20403    0.00000    0.00002    3076      28
    3077   3.332   -74.20403    0.00000    0.00003    3077      34
    3078   3.334   -74.20402    0.00000    0.00001    3078      10
    3079   3.334   -74.20402    0.00000    0.00001    3079       9
    3080   3.329   -74.20403    0.00000    0.00001    3080      16
    3081   3.314   -74.20406    0.00000    0.00001    3081       9
    3082   3.336   -74.20402    0.00000    0.00001    3082      11
    3083   3.335   -74.20402    0.00000    0.00001    3083      10
    3084   3.337   -74.20402    0.00000    0.00001    3084       9
    3085   3.340   -74.20401    0.00000    0.00000    3085       6
    3086   3.335   -74.20402    0.00000    0.00001    3086      13
    3087   3.337   -74.20402    0.00000    0.00001    3087      10
    3088   3.339   -74.20402    0.00000    0.00000    3088       1
    3089   3.332   -74.20403    0.00000    0.00000    3089       3
    3090   3.341   -74.20401    0.00000    0.00001    3090      14
    3091   3.341   -74.20401    0.00000    0.00001    3091       7
    3092   3.341   -74.20401    0.00000    0.00001    3092       7
    3093   3.302   -74.20407    0.00000    0.00000    3093       4
    3094   3.334   -74.20402    0.00000    0.00000    3094       6
    3095   3.341   -74.20401    0.00000    0.00001    3095      16
    3096   3.342   -74.20401    0.00000    0.00001    3096      13
    3097   3.342   -74.20401    0.00000    0.00000    3097       1
    3098   3.342   -74.20401    0.00000    0.00000    3098       6
    3099   3.343   -74.20401    0.00000    0.00000    3099       2
    3100   3.343   -74.20401    0.00000    0.00001    3100      14
    3101   3.341   -74.20401    0.00000    0.00000    3101       2
    3102   3.342   -74.20401    0.00000    0.00000    3102       1
    3103   3.343   -74.20401    0.00000    0.00000    3103       1
    3104   3.341   -74.20401    0.00000    0.00000    3104       1
    3105   3.343   -74.20401    0.00000    0.00000    3105       1
    3106   3.343   -74.20401    0.00000    0.00001    3106       8
    3107   3.345   -74.20401    0.00000    0.00000    3107       1
    3108   3.325   -74.20404    0.00000    0.00000    3108       1
    3109   3.346   -74.20401    0.00000    0.00000    3109       5
    3110   3.344   -74.20401    0.00000    0.00002    3110      26
    3111   3.343   -74.20401    0.00000    0.00004    3111      47
    3112   3.347   -74.20400    0.00000    0.00002    3112      29
    3113   3.351   -74.20400    0.00000    0.00000    3113       1
    3114   3.329   -74.20403    0.00000    0.00001    3114      15
    3115   3.346   -74.20400    0.00000    0.00000    3115       2
    3116   3.337   -74.20402    0.00000    0.00000    3116       1
    3117   3.351   -74.20400    0.00000    0.00000    3117       4
    3118   3.353   -74.20399    0.00000    0.00002    3118      30
    3119   3.344   -74.20401    0.00000    0.00000    3119       3
    3120   3.340   -74.20401    0.00000    0.00000    3120       6
    3121   3.314   -74.20406    0.00000    0.00001    3121      16
    3122   3.355   -74.20399    0.00000    0.00000    3122       1
    3123   3.355   -74.20399    0.00000    0.00000    3123       1
    3124   3.355   -74.20399    0.00000    0.00000    3124       3
    3125   3.355   -74.20399    0.00000    0.00000    3125       1
    3126   3.346   -74.20400    0.00000    0.00001    3126       7
    3127   3.355   -74.20399    0.00000    0.00000    3127       4
    3128   3.355   -74.20399    0.00000    0.00000    3128       5
    3129   3.322   -74.20404    0.00000    0.00000    3129       1
    3130   3.355   -74.20399    0.00000    0.00000    3130       3
    3131   3.355   -74.20399    0.00000    0.00000    3131       1
    3132   3.355   -74.20399    0.00000    0.00000    3132       1
    3133   3.355   -74.20399    0.00000    0.00001    3133      13
    3134   3.355   -74.20399    0.00000    0.00000    3134       1
    3135   3.355   -74.20399    0.00000    0.00000    3135       2
    3136   3.355   -74.20399    0.00000    0.00000    3136       5
    3137   3.355   -74.20399    0.00000    0.00000    3137       4
    3138   3.355   -74.20399    0.00000    0.00001    3138      14
    3139   3.355   -74.20399    0.00000    0.00000    3139       2
    3140   3.358   -74.20399    0.00000    0.00000    3140       5
    3141   3.358   -74.20399    0.00000    0.00001    3141      10
    3142   3.356   -74.20399    0.00000    0.00000    3142       1
    3143   3.355   -74.20399    0.00000    0.00000    3143       1
    3144   3.356   -74.20399    0.00000    0.00000    3144       1
    3145   3.355   -74.20399    0.00000    0.00000    3145       3
    3146   3.356   -74.20399    0.00000    0.00001    3146       9
    3147   3.355   -74.20399    0.00000    0.00000    3147       1
    3148   3.355   -74.20399    0.00000    0.00000    3148       1
    3149   3.355   -74.20399    0.00000    0.00002    3149      24
    3150   3.358   -74.20399    0.00000    0.00005    3150      65
    3151   3.362   -74.20398    0.00000    0.00000    3151       1
    3152   3.362   -74.20398    0.00000    0.00000    3152       3
    3153   3.362   -74.20398    0.00000    0.00001    3153       9
    3154   3.330   -74.20403    0.00000    0.00000    3154       1
    3155   3.362   -74.20398    0.00000    0.00000    3155       3
    3156   3.345   -74.20401    0.00000    0.00000    3156       1
    3157   3.352   -74.20399    0.00000    0.00000    3157       4
    3158   3.340   -74.20401    0.00000    0.00000    3158       4
    3159   3.361   -74.20398    0.00000    0.00002    3159      33
    3160   3.330   -74.20403    0.00000    0.00000    3160       1
    3161   3.322   -74.20404    0.00000    0.00000    3161       1
    3162   3.326   -74.20404    0.00000    0.00000    3162       2
    3163   3.366   -74.20397    0.00000    0.00000    3163       1
    3164   3.355   -74.20399    0.00000    0.00003    3164      42
    3165   3.366   -74.20397    0.00000    0.00000    3165       4
    3166   3.366   -74.20397    0.00000    0.00001    3166       8
    3167   3.366   -74.20397    0.00000    0.00000    3167       2
    3168   3.366   -74.20397    0.00000    0.00000    3168       4
    3169   3.367   -74.20397    0.00000    0.00001    3169       7
    3170   3.367   -74.20397    0.00000    0.00000    3170       1
    3171   3.368   -74.20397    0.00000    0.00001    3171      10
    3172   3.368   -74.20397    0.00000    0.00000    3172       4
    3173   3.368   -74.20397    0.00000    0.00002    3173      24
    3174   3.370   -74.20397    0.00000    0.00001    3174       8
    3175   3.370   -74.20397    0.00000    0.00002    3175      29
    3176   3.371   -74.20396    0.00000    0.00001    3176       8
    3177   3.371   -74.20396    0.00000    0.00000    3177       5
    3178   3.371   -74.20396    0.00000    0.00000    3178       2
    3179   3.371   -74.20396    0.00000    0.00000    3179       3
    3180   3.371   -74.20396    0.00000    0.00000    3180       1
    3181   3.371   -74.20396    0.00000    0.00001    3181      11
    3182   3.366   -74.20397    0.00000    0.00000    3182       6
    3183   3.372   -74.20396    0.00000    0.00000    3183       4
    3184   3.372   -74.20396    0.00000    0.00000    3184       3
    3185   3.373   -74.20396    0.00000    0.00000    3185       6
    3186   3.370   -74.20397    0.00000    0.00003    3186      35
    3187   3.374   -74.20396    0.00000    0.00000    3187       1
    3188   3.376   -74.20396    0.00000    0.00001    3188      13
    3189   3.375   -74.20396    0.00000    0.00001    3189      15
    3190   3.367   -74.20397    0.00000    0.00000    3190       4
    3191   3.376   -74.20396    0.00000    0.00002    3191      27
    3192   3.377   -74.20396    0.00000    0.00000    3192       2
    3193   3.377   -74.20396    0.00000    0.00000    3193       2
    3194   3.377   -74.20396    0.00000    0.00000    3194       1
    3195   3.377   -74.20396    0.00000    0.00000    3195       4
    3196   3.377   -74.20396    0.00000    0.00000    3196       2
    3197   3.377   -74.20396    0.00000    0.00001    3197      17
    3198   3.378   -74.20395    0.00000    0.00000    3198       5
    3199   3.378   -74.20395    0.00000    0.00000    3199       1
    3200   3.378   -74.20395    0.00000    0.00000    3200       2
    3201   3.378   -74.20395    0.00000    0.00002    3201      25
    3202   3.378   -74.20395    0.00000    0.00000    3202       3
    3203   3.378   -74.20395    0.00000    0.00000    3203       2
    3204   3.378   -74.20395    0.00000    0.00002    3204      23
    3205   3.379   -74.20395    0.00000    0.00001    3205      15
    3206   3.379   -74.20395    0.00000    0.00003    3206      46
    3207   3.381   -74.20395    0.00000    0.00004    3207      60
    3208   3.385   -74.20394    0.00000    0.00000    3208       1
    3209   3.385   -74.20394    0.00000    0.00000    3209       2
    3210   3.385   -74.20394    0.00000    0.00000    3210       4
    3211   3.385   -74.20394    0.00000    0.00001    3211       8
    3212   3.383   -74.20395    0.00000    0.00000    3212       6
    3213   3.386   -74.20394    0.00000    0.00000    3213       1
    3214   3.366   -74.20397    0.00000    0.00001    3214      20
    3215   3.388   -74.20394    0.00000    0.00001    3215      12
    3216   3.389   -74.20394    0.00000    0.00002    3216      31
    3217   3.390   -74.20393    0.00000    0.00000    3217       1
    3218   3.390   -74.20393    0.00000    0.00000    3218       2
    3219   3.390   -74.20393    0.00000    0.00000    3219       1
    3220   3.390   -74.20393    0.00000    0.00001    3220      11
    3221   3.391   -74.20393    0.00000    0.00000    3221       2
    3222   3.391   -74.20393    0.00000    0.00002    3222      25
    3223   3.389   -74.20394    0.00000    0.00001    3223      11
    3224   3.392   -74.20393    0.00000    0.00002    3224      27
    3225   3.392   -74.20393    0.00000    0.00000    3225       1
    3226   3.392   -74.20393    0.00000    0.00001    3226      14
    3227   3.392   -74.20393    0.00000    0.00000    3227       6
    3228   3.393   -74.20393    0.00000    0.00000    3228       1
    3229   3.393   -74.20393    0.00000    0.00002    3229      26
    3230   3.393   -74.20393    0.00000    0.00000    3230       1
    3231   3.393   -74.20393    0.00000    0.00002    3231      24
    3232   3.394   -74.20393    0.00000    0.00001    3232      10
    3233   3.395   -74.20393    0.00000    0.00001    3233      20
    3234   3.397   -74.20392    0.00000    0.00001    3234      12
    3235   3.391   -74.20393    0.00000    0.00000    3235       7
    3236   3.397   -74.20392    0.00000    0.00000    3236       2
    3237   3.397   -74.20392    0.00000    0.00001    3237      20
    3238   3.399   -74.20392    0.00000    0.00000    3238       4
    3239   3.400   -74.20392    0.00000    0.00000    3239       2
    3240   3.397   -74.20392    0.00000    0.00000    3240       1
    3241   3.397   -74.20392    0.00000    0.00000    3241       5
    3242   3.401   -74.20392    0.00000    0.00000    3242       6
    3243   3.404   -74.20391    0.00000    0.00000    3243       1
    3244   3.401   -74.20392    0.00000    0.00000    3244       2
    3245   3.402   -74.20392    0.00000    0.00000    3245       3
    3246   3.385   -74.20394    0.00000    0.00000    3246       5
    3247   3.397   -74.20392    0.00000    0.00001    3247       9
    3248   3.403   -74.20391    0.00000    0.00001    3248      15
    3249   3.405   -74.20391    0.00000    0.00000    3249       5
    3250   3.406   -74.20391    0.00000    0.00000    3250       2
    3251   3.407   -74.20391    0.00000    0.00000    3251       1
    3252   3.407   -74.20391    0.00000    0.00000    3252       1
    3253   3.407   -74.20391    0.00000    0.00000    3253       7
    3254   3.408   -74.20391    0.00000    0.00000    3254       1
    3255   3.408   -74.20391    0.00000    0.00000    3255       1
    3256   3.408   -74.20391    0.00000    0.00000    3256       4
    3257   3.408   -74.20391    0.00000    0.00000    3257       1
    3258   3.408   -74.20391    0.00000    0.00001    3258      15
    3259   3.409   -74.20390    0.00000    0.00000    3259       1
    3260   3.409   -74.20390    0.00000    0.00000    3260       1
    3261   3.409   -74.20390    0.00000    0.00000    3261       2
    3262   3.409   -74.20390    0.00000    0.00000    3262       7
    3263   3.409   -74.20390    0.00000    0.00000    3263       1
    3264   3.409   -74.20390    0.00000    0.00004    3264      51
    3265   3.411   -74.20390    0.00000    0.00000    3265       2
    3266   3.411   -74.20390    0.00000    0.00001    3266       9
    3267   3.411   -74.20390    0.00000    0.00001    3267       8
    3268   3.411   -74.20390    0.00000    0.00000    3268       1
    3269   3.412   -74.20390    0.00000    0.00000    3269       3
    3270   3.412   -74.20390    0.00000    0.00003    3270      37
    3271   3.411   -74.20390    0.00000    0.00001    3271       8
    3272   3.414   -74.20390    0.00000    0.00003    3272      46
    3273   3.415   -74.20389    0.00000    0.00000    3273       1
    3274   3.415   -74.20389    0.00000    0.00000    3274       6
    3275   3.417   -74.20389    0.00000    0.00001    3275      14
    3276   3.418   -74.20389    0.00000    0.00000    3276       1
    3277   3.418   -74.20389    0.00000    0.00001    3277      21
    3278   3.420   -74.20389    0.00000    0.00001    3278       8
    3279   3.420   -74.20389    0.00000    0.00000    3279       1
    3280   3.421   -74.20389    0.00000    0.00000    3280       1
    3281   3.421   -74.20389    0.00000    0.00000    3281       1
    3282   3.421   -74.20389    0.00000    0.00002    3282      26
    3283   3.414   -74.20390    0.00000    0.00001    3283      10
    3284   3.423   -74.20388    0.00000    0.00000    3284       1
    3285   3.423   -74.20388    0.00000    0.00000    3285       3
    3286   3.410   -74.20390    0.00000    0.00001    3286      11
    3287   3.423   -74.20388    0.00000    0.00002    3287      30
    3288   3.425   -74.20388    0.00000    0.00000    3288       3
    3289   3.425   -74.20388    0.00000    0.00000    3289       5
    3290   3.425   -74.20388    0.00000    0.00001    3290      11
    3291   3.426   -74.20388    0.00000    0.00000    3291       6
    3292   3.426   -74.20388    0.00000    0.00000    3292       6
    3293   3.426   -74.20388    0.00000    0.00000    3293       1
    3294   3.426   -74.20388    0.00000    0.00000    3294       3
    3295   3.426   -74.20388    0.00000    0.00000    3295       3
    3296   3.426   -74.20388    0.00000    0.00001    3296      20
    3297   3.426   -74.20388    0.00000    0.00002    3297      31
    3298   3.428   -74.20387    0.00000    0.00002    3298      30
    3299   3.430   -74.20387    0.00000    0.00000    3299       1
    3300   3.430   -74.20387    0.00000    0.00000    3300       7
    3301   3.411   -74.20390    0.00000    0.00000    3301       1
    3302   3.430   -74.20387    0.00000    0.00000    3302       3
    3303   3.426   -74.20388    0.00000    0.00003    3303      46
    3304   3.431   -74.20387    0.00000    0.00000    3304       1
    3305   3.431   -74.20387    0.00000    0.00002    3305      32
    3306   3.432   -74.20387    0.00000    0.00001    3306      10
    3307   3.432   -74.20387    0.00000    0.00000    3307       1
    3308   3.432   -74.20387    0.00000    0.00000    3308       4
    3309   3.432   -74.20387    0.00000    0.00001    3309      13
    3310   3.432   -74.20387    0.00000    0.00000    3310       7
    3311   3.433   -74.20387    0.00000    0.00001    3311      16
    3312   3.422   -74.20388    0.00000    0.00000    3312       2
    3313   3.434   -74.20386    0.00000    0.00000    3313       2
    3314   3.432   -74.20387    0.00000    0.00000    3314       4
    3315   3.433   -74.20387    0.00000    0.00001    3315      13
    3316   3.434   -74.20386    0.00000    0.00002    3316      27
    3317   3.436   -74.20386    0.00000    0.00001    3317       8
    3318   3.436   -74.20386    0.00000    0.00000    3318       1
    3319   3.435   -74.20386    0.00000    0.00000    3319       1
    3320   3.435   -74.20386    0.00000    0.00001    3320      20
    3321   3.436   -74.20386    0.00000    0.00002    3321      37
    3322   3.438   -74.20386    0.00000    0.00000    3322       1
    3323   3.438   -74.20386    0.00000    0.00002    3323      24
    3324   3.440   -74.20385    0.00000    0.00001    3324      10
    3325   3.441   -74.20385    0.00000    0.00000    3325       4
    3326   3.441   -74.20385    0.00000    0.00000    3326       2
    3327   3.441   -74.20385    0.00000    0.00000    3327       4
    3328   3.441   -74.20385    0.00000    0.00000    3328       1
    3329   3.442   -74.20385    0.00000    0.00001    3329      12
    3330   3.441   -74.20385    0.00000    0.00000    3330       3
    3331   3.443   -74.20385    0.00000    0.00001    3331       9
    3332   3.440   -74.20385    0.00000    0.00002    3332      32
    3333   3.444   -74.20385    0.00000    0.00000    3333       6
    3334   3.444   -74.20385    0.00000    0.00000    3334       4
    3335   3.444   -74.20385    0.00000    0.00001    3335      10
    3336   3.444   -74.20385    0.00000    0.00002    3336      23
    3337   3.445   -74.20385    0.00000    0.00000    3337       4
    3338   3.445   -74.20385    0.00000    0.00000    3338       1
    3339   3.445   -74.20385    0.00000    0.00000    3339       1
    3340   3.445   -74.20385    0.00000    0.00001    3340      10
    3341   3.446   -74.20385    0.00000    0.00000    3341       3
    3342   3.446   -74.20385    0.00000    0.00000    3342       6
    3343   3.447   -74.20384    0.00000    0.00000    3343       2
    3344   3.447   -74.20384    0.00000    0.00000    3344       1
    3345   3.447   -74.20384    0.00000    0.00000    3345       4
    3346   3.448   -74.20384    0.00000    0.00000    3346       2
    3347   3.448   -74.20384    0.00000    0.00000    3347       2
    3348   3.448   -74.20384    0.00000    0.00000    3348       5
    3349   3.436   -74.20386    0.00000    0.00000    3349       2
    3350   3.448   -74.20384    0.00000    0.00000    3350       1
    3351   3.448   -74.20384    0.00000    0.00004    3351      56
    3352   3.449   -74.20384    0.00000    0.00000    3352       1
    3353   3.423   -74.20388    0.00000    0.00000    3353       1
    3354   3.444   -74.20385    0.00000    0.00000    3354       6
    3355   3.450   -74.20384    0.00000    0.00001    3355      14
    3356   3.451   -74.20384    0.00000    0.00001    3356      14
    3357   3.449   -74.20384    0.00000    0.00000    3357       7
    3358   3.452   -74.20384    0.00000    0.00001    3358      14
    3359   3.440   -74.20385    0.00000    0.00000    3359       2
    3360   3.453   -74.20383    0.00000    0.00000    3360       5
    3361   3.436   -74.20386    0.00000    0.00000    3361       2
    3362   3.453   -74.20383    0.00000    0.00000    3362       4
    3363   3.450   -74.20384    0.00000    0.00001    3363      14
    3364   3.448   -74.20384    0.00000    0.00001    3364       8
    3365   3.450   -74.20384    0.00000    0.00000    3365       4
    3366   3.454   -74.20383    0.00000    0.00001    3366      11
    3367   3.454   -74.20383    0.00000    0.00003    3367      43
    3368   3.455   -74.20383    0.00000    0.00000    3368       1
    3369   3.455   -74.20383    0.00000    0.00000    3369       2
    3370   3.454   -74.20383    0.00000    0.00001    3370      12
    3371   3.456   -74.20383    0.00000    0.00000    3371       2
    3372   3.456   -74.20383    0.00000    0.00000    3372       1
    3373   3.449   -74.20384    0.00000    0.00001    3373      12
    3374   3.456   -74.20383    0.00000    0.00000    3374       2
    3375   3.456   -74.20383    0.00000    0.00000    3375       5
    3376   3.456   -74.20383    0.00000    0.00000    3376       7
    3377   3.457   -74.20383    0.00000    0.00000    3377       1
    3378   3.457   -74.20383    0.00000    0.00000    3378       4
    3379   3.456   -74.20383    0.00000    0.00000    3379       1
    3380   3.457   -74.20383    0.00000    0.00001    3380      13
    3381   3.458   -74.20383    0.00000    0.00000    3381       1
    3382   3.450   -74.20384    0.00000    0.00001    3382      19
    3383   3.459   -74.20382    0.00000    0.00002    3383      26
    3384   3.449   -74.20384    0.00000    0.00000    3384       2
    3385   3.449   -74.20384    0.00000    0.00000    3385       4
    3386   3.431   -74.20387    0.00000    0.00000    3386       3
    3387   3.459   -74.20382    0.00000    0.00000    3387       3
    3388   3.448   -74.20384    0.00000    0.00001    3388      16
    3389   3.460   -74.20382    0.00000    0.00000    3389       3
    3390   3.460   -74.20382    0.00000    0.00000    3390       6
    3391   3.460   -74.20382    0.00000    0.00000    3391       2
    3392   3.461   -74.20382    0.00000    0.00000    3392       1
    3393   3.431   -74.20387    0.00000    0.00001    3393      10
    3394   3.462   -74.20382    0.00000    0.00000    3394       4
    3395   3.459   -74.20382    0.00000    0.00002    3395      25
    3396   3.465   -74.20382    0.00000    0.00000    3396       5
    3397   3.464   -74.20382    0.00000    0.00000    3397       4
    3398   3.465   -74.20382    0.00000    0.00001    3398      11
    3399   3.466   -74.20381    0.00000    0.00000    3399       1
    3400   3.466   -74.20381    0.00000    0.00000    3400       1
    3401   3.462   -74.20382    0.00000    0.00000    3401       5
    3402   3.466   -74.20381    0.00000    0.00001    3402      10
    3403   3.467   -74.20381    0.00000    0.00000    3403       1
    3404   3.467   -74.20381    0.00000    0.00001    3404      11
    3405   3.469   -74.20381    0.00000    0.00000    3405       4
    3406   3.467   -74.20381    0.00000    0.00000    3406       2
    3407   3.467   -74.20381    0.00000    0.00000    3407       2
    3408   3.470   -74.20381    0.00000    0.00000    3408       1
    3409   3.470   -74.20381    0.00000    0.00000    3409       1
    3410   3.470   -74.20381    0.00000    0.00000    3410       2
    3411   3.467   -74.20381    0.00000    0.00002    3411      32
    3412   3.467   -74.20381    0.00000    0.00000    3412       1
    3413   3.467   -74.20381    0.00000    0.00000    3413       8
    3414   3.468   -74.20381    0.00000    0.00001    3414      11
    3415   3.473   -74.20380    0.00000    0.00001    3415      14
    3416   3.475   -74.20380    0.00000    0.00000    3416       4
    3417   3.475   -74.20380    0.00000    0.00000    3417       2
    3418   3.471   -74.20380    0.00000    0.00000    3418       6
    3419   3.476   -74.20380    0.00000    0.00001    3419      13
    3420   3.449   -74.20384    0.00000    0.00001    3420      16
    3421   3.477   -74.20380    0.00000    0.00000    3421       3
    3422   3.477   -74.20380    0.00000    0.00000    3422       4
    3423   3.477   -74.20380    0.00000    0.00000    3423       4
    3424   3.477   -74.20380    0.00000    0.00000    3424       1
    3425   3.477   -74.20380    0.00000    0.00000    3425       4
    3426   3.477   -74.20380    0.00000    0.00000    3426       3
    3427   3.477   -74.20380    0.00000    0.00000    3427       7
    3428   3.477   -74.20380    0.00000    0.00000    3428       4
    3429   3.478   -74.20379    0.00000    0.00001    3429      15
    3430   3.480   -74.20379    0.00000    0.00000    3430       3
    3431   3.480   -74.20379    0.00000    0.00000    3431       1
    3432   3.480   -74.20379    0.00000    0.00001    3432       9
    3433   3.480   -74.20379    0.00000    0.00000    3433       4
    3434   3.480   -74.20379    0.00000    0.00000    3434       3
    3435   3.480   -74.20379    0.00000    0.00000    3435       2
    3436   3.480   -74.20379    0.00000    0.00001    3436      21
    3437   3.472   -74.20380    0.00000    0.00002    3437      27
    3438   3.468   -74.20381    0.00000    0.00002    3438      32
    3439   3.483   -74.20379    0.00000    0.00000    3439       8
    3440   3.483   -74.20379    0.00000    0.00000    3440       5
    3441   3.484   -74.20378    0.00000    0.00000    3441       4
    3442   3.484   -74.20378    0.00000    0.00003    3442      43
    3443   3.486   -74.20378    0.00000    0.00000    3443       1
    3444   3.481   -74.20379    0.00000    0.00000    3444       6
    3445   3.482   -74.20379    0.00000    0.00000    3445       1
    3446   3.481   -74.20379    0.00000    0.00000    3446       1
    3447   3.487   -74.20378    0.00000    0.00003    3447      47
    3448   3.487   -74.20378    0.00000    0.00001    3448      18
    3449   3.489   -74.20378    0.00000    0.00000    3449       1
    3450   3.488   -74.20378    0.00000    0.00000    3450       3
    3451   3.489   -74.20378    0.00000    0.00000    3451       1
    3452   3.489   -74.20378    0.00000    0.00000    3452       7
    3453   3.490   -74.20378    0.00000    0.00000    3453       6
    3454   3.490   -74.20377    0.00000    0.00001    3454      17
    3455   3.493   -74.20377    0.00000    0.00000    3455       7
    3456   3.488   -74.20378    0.00000    0.00000    3456       1
    3457   3.493   -74.20377    0.00000    0.00001    3457      12
    3458   3.494   -74.20377    0.00000    0.00000    3458       1
    3459   3.491   -74.20377    0.00000    0.00001    3459      12
    3460   3.492   -74.20377    0.00000    0.00000    3460       3
    3461   3.479   -74.20379    0.00000    0.00000    3461       2
    3462   3.492   -74.20377    0.00000    0.00001    3462      23
    3463   3.496   -74.20377    0.00000    0.00001    3463      19
    3464   3.472   -74.20380    0.00000    0.00001    3464      14
    3465   3.498   -74.20376    0.00000    0.00000    3465       5
    3466   3.498   -74.20376    0.00000    0.00001    3466       9
    3467   3.498   -74.20376    0.00000    0.00000    3467       7
    3468   3.459   -74.20382    0.00000    0.00000    3468       4
    3469   3.498   -74.20376    0.00000    0.00000    3469       1
    3470   3.498   -74.20376    0.00000    0.00000    3470       3
    3471   3.498   -74.20376    0.00000    0.00001    3471      11
    3472   3.488   -74.20378    0.00000    0.00000    3472       2
    3473   3.498   -74.20376    0.00000    0.00000    3473       8
    3474   3.498   -74.20376    0.00000    0.00000    3474       1
    3475   3.498   -74.20376    0.00000    0.00001    3475      13
    3476   3.498   -74.20376    0.00000    0.00000    3476       1
    3477   3.498   -74.20376    0.00000    0.00000    3477       4
    3478   3.491   -74.20377    0.00000    0.00001    3478      11
    3479   3.499   -74.20376    0.00000    0.00000    3479       7
    3480   3.499   -74.20376    0.00000    0.00000    3480       6
    3481   3.501   -74.20376    0.00000    0.00000    3481       1
    3482   3.501   -74.20376    0.00000    0.00000    3482       1
    3483   3.501   -74.20376    0.00000    0.00000    3483       3
    3484   3.501   -74.20376    0.00000    0.00002    3484      32
    3485   3.504   -74.20375    0.00000    0.00000    3485       1
    3486   3.504   -74.20375    0.00000    0.00001    3486      17
    3487   3.505   -74.20375    0.00000    0.00004    3487      60
    3488   3.508   -74.20375    0.00000    0.00000    3488       3
    3489   3.507   -74.20375    0.00000    0.00000    3489       4
    3490   3.507   -74.20375    0.00000    0.00000    3490       3
    3491   3.507   -74.20375    0.00000    0.00000    3491       2
    3492   3.508   -74.20375    0.00000    0.00000    3492       2
    3493   3.508   -74.20375    0.00000    0.00000    3493       7
    3494   3.500   -74.20376    0.00000    0.00001    3494      24
    3495   3.508   -74.20375    0.00000    0.00002    3495      28
    3496   3.513   -74.20374    0.00000    0.00000    3496       1
    3497   3.513   -74.20374    0.00000    0.00000    3497       1
    3498   3.480   -74.20379    0.00000    0.00000    3498       4
    3499   3.513   -74.20374    0.00000    0.00001    3499      10
    3500   3.514   -74.20374    0.00000    0.00001    3500      14
    3501   3.514   -74.20374    0.00000    0.00000    3501       4
    3502   3.514   -74.20374    0.00000    0.00000    3502       4
    3503   3.514   -74.20374    0.00000    0.00000    3503       1
    3504   3.515   -74.20374    0.00000    0.00000    3504       7
    3505   3.514   -74.20374    0.00000    0.00000    3505       6
    3506   3.515   -74.20374    0.00000    0.00000    3506       1
    3507   3.514   -74.20374    0.00000    0.00002    3507      26
    3508   3.516   -74.20373    0.00000    0.00001    3508      13
    3509   3.516   -74.20373    0.00000    0.00000    3509       3
    3510   3.516   -74.20373    0.00000    0.00000    3510       1
    3511   3.516   -74.20373    0.00000    0.00001    3511      10
    3512   3.516   -74.20373    0.00000    0.00000    3512       3
    3513   3.516   -74.20373    0.00000    0.00000    3513       1
    3514   3.516   -74.20373    0.00000    0.00000    3514       1
    3515   3.516   -74.20373    0.00000    0.00000    3515       6
    3516   3.516   -74.20373    0.00000    0.00000    3516       1
    3517   3.516   -74.20373    0.00000    0.00000    3517       1
    3518   3.508   -74.20375    0.00000    0.00002    3518      42
    3519   3.519   -74.20373    0.00000    0.00001    3519      16
    3520   3.517   -74.20373    0.00000    0.00000    3520       5
    3521   3.516   -74.20373    0.00000    0.00001    3521      11
    3522   3.520   -74.20373    0.00000    0.00001    3522      10
    3523   3.520   -74.20373    0.00000    0.00002    3523      31
    3524   3.519   -74.20373    0.00000    0.00000    3524       3
    3525   3.514   -74.20374    0.00000    0.00000    3525       8
    3526   3.523   -74.20372    0.00000    0.00000    3526       1
    3527   3.523   -74.20372    0.00000    0.00000    3527       1
    3528   3.523   -74.20372    0.00000    0.00001    3528      23
    3529   3.524   -74.20372    0.00000    0.00000    3529       6
    3530   3.514   -74.20374    0.00000    0.00000    3530       1
    3531   3.496   -74.20376    0.00000    0.00000    3531       1
    3532   3.525   -74.20372    0.00000    0.00000    3532       4
    3533   3.496   -74.20376    0.00000    0.00000    3533       8
    3534   3.524   -74.20372    0.00000    0.00001    3534      23
    3535   3.527   -74.20372    0.00000    0.00000    3535       8
    3536   3.528   -74.20371    0.00000    0.00000    3536       7
    3537   3.523   -74.20372    0.00000    0.00000    3537       1
    3538   3.529   -74.20371    0.00000    0.00000    3538       3
    3539   3.524   -74.20372    0.00000    0.00000    3539       1
    3540   3.524   -74.20372    0.00000    0.00001    3540      12
    3541   3.530   -74.20371    0.00000    0.00001    3541       9
    3542   3.531   -74.20371    0.00000    0.00001    3542      22
    3543   3.489   -74.20378    0.00000    0.00000    3543       3
    3544   3.534   -74.20370    0.00000    0.00000    3544       2
    3545   3.521   -74.20373    0.00000    0.00000    3545       3
    3546   3.532   -74.20371    0.00000    0.00000    3546       7
    3547   3.500   -74.20376    0.00000    0.00000    3547       4
    3548   3.521   -74.20373    0.00000    0.00000    3548       1
    3549   3.535   -74.20370    0.00000    0.00000    3549       1
    3550   3.535   -74.20370    0.00000    0.00000    3550       2
    3551   3.533   -74.20371    0.00000    0.00000    3551       1
    3552   3.535   -74.20370    0.00000    0.00000    3552       4
    3553   3.497   -74.20376    0.00000    0.00000    3553       3
    3554   3.533   -74.20371    0.00000    0.00001    3554      16
    3555   3.500   -74.20376    0.00000    0.00000    3555       4
    3556   3.530   -74.20371    0.00000    0.00000    3556       5
    3557   3.538   -74.20370    0.00000    0.00000    3557       7
    3558   3.538   -74.20370    0.00000    0.00001    3558      12
    3559   3.538   -74.20370    0.00000    0.00000    3559       3
    3560   3.538   -74.20370    0.00000    0.00000    3560       1
    3561   3.538   -74.20370    0.00000    0.00000    3561       2
    3562   3.536   -74.20370    0.00000    0.00001    3562      27
    3563   3.540   -74.20370    0.00000    0.00000    3563       1
    3564   3.539   -74.20370    0.00000    0.00000    3564       1
    3565   3.539   -74.20370    0.00000    0.00000    3565       2
    3566   3.539   -74.20370    0.00000    0.00000    3566       1
    3567   3.539   -74.20370    0.00000    0.00000    3567       1
    3568   3.530   -74.20371    0.00000    0.00000    3568       3
    3569   3.540   -74.20370    0.00000    0.00000    3569       3
    3570   3.540   -74.20370    0.00000    0.00001    3570      20
    3571   3.542   -74.20369    0.00000    0.00000    3571       7
    3572   3.542   -74.20369    0.00000    0.00000    3572       9
    3573   3.542   -74.20369    0.00000    0.00001    3573      12
    3574   3.539   -74.20370    0.00000    0.00001    3574      22
    3575   3.546   -74.20369    0.00000    0.00000    3575       1
    3576   3.545   -74.20369    0.00000    0.00000    3576       5
    3577   3.545   -74.20369    0.00000    0.00000    3577       7
    3578   3.547   -74.20368    0.00000    0.00001    3578      14
    3579   3.548   -74.20368    0.00000    0.00000    3579       4
    3580   3.548   -74.20368    0.00000    0.00000    3580       4
    3581   3.548   -74.20368    0.00000    0.00000    3581       2
    3582   3.548   -74.20368    0.00000    0.00001    3582      12
    3583   3.549   -74.20368    0.00000    0.00000    3583       1
    3584   3.549   -74.20368    0.00000    0.00000    3584       5
    3585   3.548   -74.20368    0.00000    0.00000    3585       3
    3586   3.550   -74.20368    0.00000    0.00000    3586       5
    3587   3.549   -74.20368    0.00000    0.00000    3587       2
    3588   3.550   -74.20368    0.00000    0.00000    3588       2
    3589   3.549   -74.20368    0.00000    0.00001    3589      17
    3590   3.550   -74.20368    0.00000    0.00000    3590       4
    3591   3.551   -74.20368    0.00000    0.00001    3591      12
    3592   3.550   -74.20368    0.00000    0.00000    3592       4
    3593   3.551   -74.20368    0.00000    0.00000    3593       1
    3594   3.551   -74.20368    0.00000    0.00000    3594       4
    3595   3.539   -74.20370    0.00000    0.00000    3595       1
    3596   3.551   -74.20368    0.00000    0.00001    3596      18
    3597   3.551   -74.20368    0.00000    0.00001    3597      12
    3598   3.552   -74.20368    0.00000    0.00000    3598       1
    3599   3.552   -74.20368    0.00000    0.00000    3599       4
    3600   3.553   -74.20368    0.00000    0.00000    3600       7
    3601   3.553   -74.20367    0.00000    0.00000    3601       9
    3602   3.553   -74.20367    0.00000    0.00000    3602       2
    3603   3.539   -74.20370    0.00000    0.00000    3603       1
    3604   3.553   -74.20367    0.00000    0.00002    3604      37
    3605   3.554   -74.20367    0.00000    0.00000    3605       6
    3606   3.554   -74.20367    0.00000    0.00000    3606       5
    3607   3.555   -74.20367    0.00000    0.00001    3607      27
    3608   3.557   -74.20367    0.00000    0.00000    3608       2
    3609   3.557   -74.20367    0.00000    0.00002    3609      28
    3610   3.548   -74.20368    0.00000    0.00000    3610       4
    3611   3.560   -74.20366    0.00000    0.00001    3611      12
    3612   3.558   -74.20367    0.00000    0.00000    3612       1
    3613   3.548   -74.20368    0.00000    0.00003    3613      64
    3614   3.550   -74.20368    0.00000    0.00000    3614       4
    3615   3.562   -74.20366    0.00000    0.00000    3615       3
    3616   3.561   -74.20366    0.00000    0.00000    3616       1
    3617   3.565   -74.20365    0.00000    0.00001    3617      20
    3618   3.568   -74.20365    0.00000    0.00000    3618       5
    3619   3.549   -74.20368    0.00000    0.00000    3619       4
    3620   3.569   -74.20365    0.00000    0.00000    3620       8
    3621   3.570   -74.20365    0.00000    0.00002    3621      41
    3622   3.571   -74.20365    0.00000    0.00000    3622       1
    3623   3.571   -74.20365    0.00000    0.00000    3623       2
    3624   3.561   -74.20366    0.00000    0.00000    3624       1
    3625   3.571   -74.20365    0.00000    0.00000    3625       4
    3626   3.571   -74.20365    0.00000    0.00001    3626      13
    3627   3.554   -74.20367    0.00000    0.00000    3627       6
    3628   3.573   -74.20364    0.00000    0.00000    3628       1
    3629   3.543   -74.20369    0.00000    0.00000    3629       8
    3630   3.575   -74.20364    0.00000    0.00001    3630      22
    3631   3.576   -74.20364    0.00000    0.00000    3631       2
    3632   3.576   -74.20364    0.00000    0.00000    3632       1
    3633   3.576   -74.20364    0.00000    0.00002    3633      29
    3634   3.576   -74.20364    0.00000    0.00000    3634       3
    3635   3.578   -74.20363    0.00000    0.00000    3635       2
    3636   3.576   -74.20364    0.00000    0.00000    3636       4
    3637   3.576   -74.20364    0.00000    0.00001    3637      14
    3638   3.554   -74.20367    0.00000    0.00000    3638       2
    3639   3.579   -74.20363    0.00000    0.00001    3639      15
    3640   3.579   -74.20363    0.00000    0.00000    3640       1
    3641   3.568   -74.20365    0.00000    0.00000    3641       1
    3642   3.579   -74.20363    0.00000    0.00001    3642      19
    3643   3.581   -74.20363    0.00000    0.00000    3643       8
    3644   3.582   -74.20363    0.00000    0.00002    3644      35
    3645   3.533   -74.20371    0.00000    0.00000    3645       1
    3646   3.581   -74.20363    0.00000    0.00000    3646       6
    3647   3.585   -74.20362    0.00000    0.00001    3647      17
    3648   3.585   -74.20362    0.00000    0.00000    3648       2
    3649   3.585   -74.20362    0.00000    0.00000    3649       1
    3650   3.585   -74.20362    0.00000    0.00000    3650       3
    3651   3.585   -74.20362    0.00000    0.00000    3651       3
    3652   3.585   -74.20362    0.00000    0.00000    3652       4
    3653   3.547   -74.20368    0.00000    0.00000    3653       7
    3654   3.585   -74.20362    0.00000    0.00001    3654      18
    3655   3.583   -74.20363    0.00000    0.00001    3655      15
    3656   3.585   -74.20362    0.00000    0.00000    3656       1
    3657   3.586   -74.20362    0.00000    0.00002    3657      35
    3658   3.589   -74.20362    0.00000    0.00000    3658       2
    3659   3.585   -74.20362    0.00000    0.00000    3659       1
    3660   3.579   -74.20363    0.00000    0.00000    3660       1
    3661   3.589   -74.20362    0.00000    0.00001    3661      16
    3662   3.590   -74.20362    0.00000    0.00001    3662      14
    3663   3.590   -74.20361    0.00000    0.00000    3663       2
    3664   3.590   -74.20361    0.00000    0.00000    3664       9
    3665   3.590   -74.20361    0.00000    0.00001    3665      21
    3666   3.589   -74.20362    0.00000    0.00000    3666       7
    3667   3.591   -74.20361    0.00000    0.00000    3667       3
    3668   3.591   -74.20361    0.00000    0.00000    3668       2
    3669   3.590   -74.20362    0.00000    0.00000    3669       6
    3670   3.591   -74.20361    0.00000    0.00001    3670      14
    3671   3.592   -74.20361    0.00000    0.00000    3671       5
    3672   3.590   -74.20362    0.00000    0.00000    3672       6
    3673   3.592   -74.20361    0.00000    0.00000    3673       1
    3674   3.592   -74.20361    0.00000    0.00000    3674       8
    3675   3.593   -74.20361    0.00000    0.00002    3675      41
    3676   3.596   -74.20361    0.00000    0.00000    3676       2
    3677   3.593   -74.20361    0.00000    0.00001    3677      10
    3678   3.597   -74.20360    0.00000    0.00000    3678       2
    3679   3.597   -74.20360    0.00000    0.00000    3679       4
    3680   3.597   -74.20360    0.00000    0.00002    3680      37
    3681   3.598   -74.20360    0.00000    0.00000    3681       4
    3682   3.598   -74.20360    0.00000    0.00001    3682      12
    3683   3.598   -74.20360    0.00000    0.00001    3683      11
    3684   3.579   -74.20363    0.00000    0.00000    3684       6
    3685   3.554   -74.20367    0.00000    0.00002    3685      32
    3686   3.593   -74.20361    0.00000    0.00000    3686       1
    3687   3.601   -74.20360    0.00000    0.00001    3687      24
    3688   3.559   -74.20366    0.00000    0.00001    3688      12
    3689   3.602   -74.20360    0.00000    0.00000    3689       7
    3690   3.604   -74.20359    0.00000    0.00000    3690       1
    3691   3.602   -74.20360    0.00000    0.00000    3691       4
    3692   3.604   -74.20359    0.00000    0.00000    3692       1
    3693   3.603   -74.20359    0.00000    0.00001    3693      22
    3694   3.605   -74.20359    0.00000    0.00000    3694       2
    3695   3.605   -74.20359    0.00000    0.00000    3695       1
    3696   3.605   -74.20359    0.00000    0.00000    3696       2
    3697   3.603   -74.20360    0.00000    0.00000    3697       2
    3698   3.605   -74.20359    0.00000    0.00000    3698       2
    3699   3.603   -74.20359    0.00000    0.00001    3699      11
    3700   3.606   -74.20359    0.00000    0.00000    3700       6
    3701   3.603   -74.20359    0.00000    0.00001    3701      13
    3702   3.606   -74.20359    0.00000    0.00000    3702       1
    3703   3.604   -74.20359    0.00000    0.00001    3703      17
    3704   3.607   -74.20359    0.00000    0.00002    3704      38
    3705   3.609   -74.20358    0.00000    0.00000    3705       5
    3706   3.597   -74.20360    0.00000    0.00002    3706      39
    3707   3.588   -74.20362    0.00000    0.00000    3707       1
    3708   3.612   -74.20358    0.00000    0.00000    3708       3
    3709   3.614   -74.20358    0.00000    0.00000    3709       4
    3710   3.612   -74.20358    0.00000    0.00000    3710       1
    3711   3.607   -74.20359    0.00000    0.00000    3711       1
    3712   3.612   -74.20358    0.00000    0.00000    3712       2
    3713   3.612   -74.20358    0.00000    0.00000    3713       7
    3714   3.581   -74.20363    0.00000    0.00000    3714       1
    3715   3.598   -74.20360    0.00000    0.00001    3715      17
    3716   3.594   -74.20361    0.00000    0.00001    3716      11
    3717   3.613   -74.20358    0.00000    0.00001    3717      17
    3718   3.615   -74.20358    0.00000    0.00000    3718       8
    3719   3.615   -74.20358    0.00000    0.00001    3719      12
    3720   3.615   -74.20358    0.00000    0.00002    3720      33
    3721   3.616   -74.20357    0.00000    0.00000    3721       3
    3722   3.617   -74.20357    0.00000    0.00000    3722       2
    3723   3.616   -74.20357    0.00000    0.00000    3723       6
    3724   3.617   -74.20357    0.00000    0.00000    3724       3
    3725   3.617   -74.20357    0.00000    0.00000    3725       1
    3726   3.617   -74.20357    0.00000    0.00000    3726       1
    3727   3.617   -74.20357    0.00000    0.00000    3727       3
    3728   3.617   -74.20357    0.00000    0.00000    3728       6
    3729   3.617   -74.20357    0.00000    0.00000    3729      10
    3730   3.616   -74.20357    0.00000    0.00000    3730       3
    3731   3.616   -74.20357    0.00000    0.00001    3731      18
    3732   3.572   -74.20364    0.00000    0.00001    3732      16
    3733   3.589   -74.20362    0.00000    0.00000    3733       4
    3734   3.572   -74.20364    0.00000    0.00000    3734       2
    3735   3.618   -74.20357    0.00000    0.00000    3735       5
    3736   3.618   -74.20357    0.00000    0.00000    3736       1
    3737   3.618   -74.20357    0.00000    0.00000    3737       8
    3738   3.619   -74.20357    0.00000    0.00001    3738      27
    3739   3.619   -74.20357    0.00000    0.00000    3739       9
    3740   3.621   -74.20357    0.00000    0.00001    3740      21
    3741   3.621   -74.20357    0.00000    0.00002    3741      32
    3742   3.622   -74.20356    0.00000    0.00000    3742       2
    3743   3.622   -74.20356    0.00000    0.00000    3743       8
    3744   3.622   -74.20356    0.00000    0.00000    3744      10
    3745   3.623   -74.20356    0.00000    0.00002    3745      41
    3746   3.624   -74.20356    0.00000    0.00000    3746       3
    3747   3.624   -74.20356    0.00000    0.00000    3747       2
    3748   3.623   -74.20356    0.00000    0.00000    3748       8
    3749   3.621   -74.20357    0.00000    0.00000    3749       1
    3750   3.619   -74.20357    0.00000    0.00001    3750      17
    3751   3.626   -74.20356    0.00000    0.00001    3751      12
    3752   3.604   -74.20359    0.00000    0.00000    3752       7
    3753   3.619   -74.20357    0.00000    0.00000    3753       4
    3754   3.626   -74.20356    0.00000    0.00001    3754      27
    3755   3.629   -74.20355    0.00000    0.00000    3755       2
    3756   3.628   -74.20355    0.00000    0.00000    3756       1
    3757   3.617   -74.20357    0.00000    0.00000    3757       4
    3758   3.630   -74.20355    0.00000    0.00000    3758       1
    3759   3.598   -74.20360    0.00000    0.00000    3759       2
    3760   3.598   -74.20360    0.00000    0.00000    3760       3
    3761   3.630   -74.20355    0.00000    0.00000    3761      10
    3762   3.620   -74.20357    0.00000    0.00000    3762       2
    3763   3.630   -74.20355    0.00000    0.00000    3763       5
    3764   3.614   -74.20358    0.00000    0.00000    3764       2
    3765   3.620   -74.20357    0.00000    0.00000    3765       1
    3766   3.631   -74.20355    0.00000    0.00001    3766      24
    3767   3.633   -74.20355    0.00000    0.00000    3767       1
    3768   3.633   -74.20355    0.00000    0.00000    3768       4
    3769   3.604   -74.20359    0.00000    0.00001    3769      19
    3770   3.635   -74.20354    0.00000    0.00000    3770       1
    3771   3.633   -74.20355    0.00000    0.00000    3771       1
    3772   3.633   -74.20355    0.00000    0.00000    3772       1
    3773   3.633   -74.20355    0.00000    0.00000    3773       9
    3774   3.635   -74.20354    0.00000    0.00000    3774       4
    3775   3.615   -74.20358    0.00000    0.00000    3775       3
    3776   3.635   -74.20354    0.00000    0.00000    3776       2
    3777   3.627   -74.20356    0.00000    0.00000    3777       2
    3778   3.635   -74.20354    0.00000    0.00001    3778      13
    3779   3.636   -74.20354    0.00000    0.00000    3779       1
    3780   3.636   -74.20354    0.00000    0.00000    3780       3
    3781   3.636   -74.20354    0.00000    0.00000    3781       1
    3782   3.637   -74.20354    0.00000    0.00000    3782       4
    3783   3.636   -74.20354    0.00000    0.00001    3783      16
    3784   3.636   -74.20354    0.00000    0.00001    3784      18
    3785   3.639   -74.20354    0.00000    0.00000    3785       7
    3786   3.636   -74.20354    0.00000    0.00000    3786       2
    3787   3.639   -74.20354    0.00000    0.00000    3787       1
    3788   3.639   -74.20354    0.00000    0.00000    3788       1
    3789   3.636   -74.20354    0.00000    0.00000    3789       8
    3790   3.639   -74.20354    0.00000    0.00000    3790       2
    3791   3.636   -74.20354    0.00000    0.00000    3791       1
    3792   3.639   -74.20354    0.00000    0.00000    3792       6
    3793   3.639   -74.20354    0.00000    0.00000    3793       8
    3794   3.639   -74.20354    0.00000    0.00000    3794       9
    3795   3.639   -74.20354    0.00000    0.00000    3795       2
    3796   3.640   -74.20354    0.00000    0.00002    3796      34
    3797   3.641   -74.20353    0.00000    0.00000    3797      10
    3798   3.642   -74.20353    0.00000    0.00000    3798       7
    3799   3.642   -74.20353    0.00000    0.00000    3799       4
    3800   3.642   -74.20353    0.00000    0.00000    3800       5
    3801   3.642   -74.20353    0.00000    0.00001    3801      14
    3802   3.644   -74.20353    0.00000    0.00000    3802       3
    3803   3.645   -74.20353    0.00000    0.00003    3803      54
    3804   3.647   -74.20352    0.00000    0.00000    3804       1
    3805   3.647   -74.20352    0.00000    0.00000    3805       3
    3806   3.647   -74.20352    0.00000    0.00000    3806       8
    3807   3.647   -74.20352    0.00000    0.00001    3807      18
    3808   3.646   -74.20353    0.00000    0.00000    3808       1
    3809   3.648   -74.20352    0.00000    0.00000    3809       6
    3810   3.648   -74.20352    0.00000    0.00000    3810       5
    3811   3.648   -74.20352    0.00000    0.00000    3811       2
    3812   3.648   -74.20352    0.00000    0.00001    3812      13
    3813   3.649   -74.20352    0.00000    0.00000    3813       7
    3814   3.649   -74.20352    0.00000    0.00000    3814       9
    3815   3.650   -74.20352    0.00000    0.00000    3815       3
    3816   3.650   -74.20352    0.00000    0.00001    3816      25
    3817   3.651   -74.20352    0.00000    0.00000    3817       3
    3818   3.639   -74.20354    0.00000    0.00000    3818       1
    3819   3.650   -74.20352    0.00000    0.00001    3819      27
    3820   3.649   -74.20352    0.00000    0.00001    3820      23
    3821   3.652   -74.20352    0.00000    0.00001    3821      11
    3822   3.648   -74.20352    0.00000    0.00001    3822      15
    3823   3.652   -74.20352    0.00000    0.00000    3823       1
    3824   3.651   -74.20352    0.00000    0.00002    3824      37
    3825   3.652   -74.20352    0.00000    0.00000    3825       6
    3826   3.652   -74.20352    0.00000    0.00002    3826      39
    3827   3.653   -74.20352    0.00000    0.00000    3827       4
    3828   3.658   -74.20351    0.00000    0.00000    3828       1
    3829   3.659   -74.20351    0.00000    0.00000    3829       7
    3830   3.659   -74.20351    0.00000    0.00000    3830       3
    3831   3.658   -74.20351    0.00000    0.00000    3831       1
    3832   3.660   -74.20350    0.00000    0.00001    3832      16
    3833   3.659   -74.20351    0.00000    0.00001    3833      16
    3834   3.660   -74.20350    0.00000    0.00000    3834      11
    3835   3.661   -74.20350    0.00000    0.00000    3835       1
    3836   3.660   -74.20350    0.00000    0.00001    3836      14
    3837   3.662   -74.20350    0.00000    0.00000    3837       2
    3838   3.662   -74.20350    0.00000    0.00001    3838      25
    3839   3.648   -74.20352    0.00000    0.00000    3839       3
    3840   3.662   -74.20350    0.00000    0.00000    3840       9
    3841   3.663   -74.20350    0.00000    0.00000    3841       1
    3842   3.664   -74.20350    0.00000    0.00000    3842       6
    3843   3.663   -74.20350    0.00000    0.00000    3843       1
    3844   3.652   -74.20352    0.00000    0.00001    3844      13
    3845   3.648   -74.20352    0.00000    0.00000    3845       5
    3846   3.664   -74.20350    0.00000    0.00000    3846       3
    3847   3.663   -74.20350    0.00000    0.00000    3847       2
    3848   3.662   -74.20350    0.00000    0.00000    3848       1
    3849   3.665   -74.20350    0.00000    0.00000    3849       3
    3850   3.665   -74.20350    0.00000    0.00000    3850       2
    3851   3.666   -74.20349    0.00000    0.00000    3851       2
    3852   3.666   -74.20349    0.00000    0.00001    3852      13
    3853   3.665   -74.20350    0.00000    0.00001    3853      12
    3854   3.668   -74.20349    0.00000    0.00000    3854       6
    3855   3.668   -74.20349    0.00000    0.00000    3855       1
    3856   3.663   -74.20350    0.00000    0.00001    3856      21
    3857   3.663   -74.20350    0.00000    0.00000    3857       1
    3858   3.652   -74.20352    0.00000    0.00000    3858       7
    3859   3.669   -74.20349    0.00000    0.00000    3859       1
    3860   3.639   -74.20354    0.00000    0.00000    3860       1
    3861   3.669   -74.20349    0.00000    0.00000    3861       1
    3862   3.667   -74.20349    0.00000    0.00001    3862      19
    3863   3.671   -74.20349    0.00000    0.00000    3863       1
    3864   3.671   -74.20349    0.00000    0.00000    3864       2
    3865   3.658   -74.20351    0.00000    0.00001    3865      12
    3866   3.662   -74.20350    0.00000    0.00000    3866       4
    3867   3.671   -74.20349    0.00000    0.00001    3867      19
    3868   3.671   -74.20349    0.00000    0.00000    3868       3
    3869   3.670   -74.20349    0.00000    0.00000    3869       9
    3870   3.671   -74.20349    0.00000    0.00000    3870       2
    3871   3.671   -74.20349    0.00000    0.00000    3871       6
    3872   3.671   -74.20349    0.00000    0.00000    3872       1
    3873   3.671   -74.20349    0.00000    0.00000    3873       8
    3874   3.672   -74.20349    0.00000    0.00000    3874       3
    3875   3.672   -74.20349    0.00000    0.00000    3875       1
    3876   3.672   -74.20349    0.00000    0.00000    3876       1
    3877   3.672   -74.20349    0.00000    0.00000    3877       1
    3878   3.662   -74.20350    0.00000    0.00000    3878       1
    3879   3.672   -74.20349    0.00000    0.00000    3879       3
    3880   3.672   -74.20348    0.00000    0.00000    3880       3
    3881   3.672   -74.20348    0.00000    0.00000    3881       7
    3882   3.672   -74.20348    0.00000    0.00000    3882       3
    3883   3.673   -74.20348    0.00000    0.00000    3883       1
    3884   3.673   -74.20348    0.00000    0.00000    3884      10
    3885   3.672   -74.20348    0.00000    0.00001    3885      17
    3886   3.671   -74.20349    0.00000    0.00000    3886      10
    3887   3.663   -74.20350    0.00000    0.00000    3887       6
    3888   3.673   -74.20348    0.00000    0.00000    3888       5
    3889   3.674   -74.20348    0.00000    0.00002    3889      49
    3890   3.677   -74.20348    0.00000    0.00000    3890       1
    3891   3.677   -74.20348    0.00000    0.00000    3891       5
    3892   3.675   -74.20348    0.00000    0.00000    3892       5
    3893   3.677   -74.20348    0.00000    0.00000    3893       4
    3894   3.678   -74.20347    0.00000    0.00003    3894      73
    3895   3.671   -74.20349    0.00000    0.00000    3895       7
    3896   3.682   -74.20347    0.00000    0.00000    3896       5
    3897   3.671   -74.20349    0.00000    0.00001    3897      12
    3898   3.683   -74.20347    0.00000    0.00000    3898       2
    3899   3.679   -74.20347    0.00000    0.00000    3899       2
    3900   3.683   -74.20347    0.00000    0.00000    3900       1
    3901   3.683   -74.20347    0.00000    0.00000    3901       1
    3902   3.685   -74.20346    0.00000    0.00000    3902       6
    3903   3.639   -74.20354    0.00000    0.00000    3903       2
    3904   3.683   -74.20347    0.00000    0.00001    3904      19
    3905   3.686   -74.20346    0.00000    0.00000    3905       4
    3906   3.658   -74.20351    0.00000    0.00000    3906       5
    3907   3.686   -74.20346    0.00000    0.00000    3907       1
    3908   3.686   -74.20346    0.00000    0.00001    3908      17
    3909   3.687   -74.20346    0.00000    0.00000    3909       2
    3910   3.687   -74.20346    0.00000    0.00001    3910      24
    3911   3.688   -74.20346    0.00000    0.00000    3911       1
    3912   3.689   -74.20346    0.00000    0.00001    3912      24
    3913   3.690   -74.20346    0.00000    0.00000    3913       1
    3914   3.677   -74.20348    0.00000    0.00001    3914      17
    3915   3.694   -74.20345    0.00000    0.00000    3915       2
    3916   3.692   -74.20345    0.00000    0.00001    3916      14
    3917   3.692   -74.20345    0.00000    0.00000    3917      10
    3918   3.692   -74.20345    0.00000    0.00001    3918      16
    3919   3.691   -74.20346    0.00000    0.00000    3919       3
    3920   3.679   -74.20347    0.00000    0.00000    3920       1
    3921   3.695   -74.20345    0.00000    0.00000    3921       1
    3922   3.679   -74.20347    0.00000    0.00000    3922       3
    3923   3.684   -74.20347    0.00000    0.00000    3923       7
    3924   3.696   -74.20345    0.00000    0.00000    3924       8
    3925   3.676   -74.20348    0.00000    0.00000    3925       4
    3926   3.686   -74.20346    0.00000    0.00000    3926       3
    3927   3.697   -74.20345    0.00000    0.00000    3927       5
    3928   3.659   -74.20351    0.00000    0.00000    3928       1
    3929   3.697   -74.20344    0.00000    0.00000    3929       1
    3930   3.684   -74.20347    0.00000    0.00000    3930       7
    3931   3.660   -74.20350    0.00000    0.00000    3931       4
    3932   3.689   -74.20346    0.00000    0.00002    3932      42
    3933   3.657   -74.20351    0.00000    0.00000    3933       1
    3934   3.697   -74.20344    0.00000    0.00001    3934      20
    3935   3.702   -74.20344    0.00000    0.00000    3935       2
    3936   3.702   -74.20344    0.00000    0.00000    3936       1
    3937   3.702   -74.20344    0.00000    0.00000    3937       2
    3938   3.702   -74.20344    0.00000    0.00001    3938      15
    3939   3.700   -74.20344    0.00000    0.00000    3939       3
    3940   3.703   -74.20344    0.00000    0.00000    3940       7
    3941   3.704   -74.20343    0.00000    0.00000    3941       9
    3942   3.690   -74.20346    0.00000    0.00000    3942       2
    3943   3.659   -74.20351    0.00000    0.00000    3943       2
    3944   3.703   -74.20344    0.00000    0.00000    3944       1
    3945   3.693   -74.20345    0.00000    0.00000    3945       3
    3946   3.690   -74.20346    0.00000    0.00001    3946      17
    3947   3.705   -74.20343    0.00000    0.00000    3947       5
    3948   3.705   -74.20343    0.00000    0.00000    3948       1
    3949   3.705   -74.20343    0.00000    0.00000    3949       5
    3950   3.700   -74.20344    0.00000    0.00001    3950      16
    3951   3.705   -74.20343    0.00000    0.00000    3951       1
    3952   3.660   -74.20350    0.00000    0.00000    3952       1
    3953   3.705   -74.20343    0.00000    0.00000    3953       1
    3954   3.705   -74.20343    0.00000    0.00000    3954      10
    3955   3.660   -74.20350    0.00000    0.00000    3955       4
    3956   3.706   -74.20343    0.00000    0.00000    3956       3
    3957   3.706   -74.20343    0.00000    0.00000    3957       2
    3958   3.707   -74.20343    0.00000    0.00000    3958       6
    3959   3.707   -74.20343    0.00000    0.00000    3959       9
    3960   3.707   -74.20343    0.00000    0.00000    3960       4
    3961   3.707   -74.20343    0.00000    0.00000    3961       1
    3962   3.708   -74.20343    0.00000    0.00000    3962       1
    3963   3.708   -74.20343    0.00000    0.00000    3963       1
    3964   3.708   -74.20343    0.00000    0.00000    3964       1
    3965   3.708   -74.20343    0.00000    0.00001    3965      24
    3966   3.707   -74.20343    0.00000    0.00001    3966      18
    3967   3.711   -74.20342    0.00000    0.00000    3967       1
    3968   3.711   -74.20342    0.00000    0.00001    3968      27
    3969   3.708   -74.20343    0.00000    0.00000    3969       5
    3970   3.708   -74.20343    0.00000    0.00000    3970       5
    3971   3.710   -74.20342    0.00000    0.00000    3971       7
    3972   3.713   -74.20342    0.00000    0.00000    3972       2
    3973   3.713   -74.20342    0.00000    0.00001    3973      14
    3974   3.702   -74.20344    0.00000    0.00000    3974       4
    3975   3.712   -74.20342    0.00000    0.00000    3975       9
    3976   3.709   -74.20343    0.00000    0.00000    3976       3
    3977   3.713   -74.20342    0.00000    0.00000    3977       5
    3978   3.713   -74.20342    0.00000    0.00000    3978       2
    3979   3.713   -74.20342    0.00000    0.00000    3979       1
    3980   3.713   -74.20342    0.00000    0.00000    3980       3
    3981   3.713   -74.20342    0.00000    0.00000    3981       1
    3982   3.713   -74.20342    0.00000    0.00001    3982      14
    3983   3.709   -74.20343    0.00000    0.00001    3983      19
    3984   3.714   -74.20342    0.00000    0.00000    3984       9
    3985   3.714   -74.20342    0.00000    0.00000    3985       4
    3986   3.676   -74.20348    0.00000    0.00000    3986      10
    3987   3.676   -74.20348    0.00000    0.00000    3987       1
    3988   3.714   -74.20342    0.00000    0.00000    3988       1
    3989   3.676   -74.20348    0.00000    0.00000    3989       7
    3990   3.714   -74.20342    0.00000    0.00000    3990       5
    3991   3.714   -74.20342    0.00000    0.00001    3991      18
    3992   3.713   -74.20342    0.00000    0.00000    3992      11
    3993   3.715   -74.20342    0.00000    0.00000    3993       4
    3994   3.715   -74.20342    0.00000    0.00000    3994       4
    3995   3.718   -74.20341    0.00000    0.00001    3995      14
    3996   3.676   -74.20348    0.00000    0.00001    3996      21
    3997   3.719   -74.20341    0.00000    0.00000    3997       7
    3998   3.719   -74.20341    0.00000    0.00000    3998       1
    3999   3.719   -74.20341    0.00000    0.00000    3999       1
    4000   3.719   -74.20341    0.00000    0.00000    4000       4
    4001   3.720   -74.20341    0.00000    0.00000    4001       8
    4002   3.720   -74.20341    0.00000    0.00000    4002       1
    4003   3.713   -74.20342    0.00000    0.00000    4003       2
    4004   3.721   -74.20341    0.00000    0.00000    4004       5
    4005   3.676   -74.20348    0.00000    0.00000    4005       2
    4006   3.720   -74.20341    0.00000    0.00000    4006       7
    4007   3.709   -74.20343    0.00000    0.00000    4007       1
    4008   3.721   -74.20341    0.00000    0.00002    4008      39
    4009   3.723   -74.20340    0.00000    0.00000    4009       1
    4010   3.720   -74.20341    0.00000    0.00000    4010       7
    4011   3.723   -74.20340    0.00000    0.00001    4011      26
    4012   3.721   -74.20341    0.00000    0.00000    4012       1
    4013   3.723   -74.20340    0.00000    0.00002    4013      44
    4014   3.724   -74.20340    0.00000    0.00000    4014       8
    4015   3.709   -74.20343    0.00000    0.00000    4015       8
    4016   3.725   -74.20340    0.00000    0.00001    4016      25
    4017   3.726   -74.20340    0.00000    0.00000    4017       1
    4018   3.726   -74.20340    0.00000    0.00000    4018       6
    4019   3.726   -74.20340    0.00000    0.00001    4019      17
    4020   3.727   -74.20340    0.00000    0.00000    4020       1
    4021   3.727   -74.20340    0.00000    0.00001    4021      23
    4022   3.728   -74.20340    0.00000    0.00000    4022       2
    4023   3.728   -74.20340    0.00000    0.00000    4023       8
    4024   3.728   -74.20340    0.00000    0.00000    4024      11
    4025   3.728   -74.20340    0.00000    0.00000    4025       4
    4026   3.728   -74.20340    0.00000    0.00002    4026      39
    4027   3.729   -74.20339    0.00000    0.00000    4027       3
    4028   3.730   -74.20339    0.00000    0.00001    4028      25
    4029   3.729   -74.20339    0.00000    0.00000    4029       5
    4030   3.729   -74.20339    0.00000    0.00001    4030      14
    4031   3.729   -74.20339    0.00000    0.00001    4031      17
    4032   3.733   -74.20339    0.00000    0.00000    4032       3
    4033   3.733   -74.20339    0.00000    0.00001    4033      15
    4034   3.730   -74.20339    0.00000    0.00000    4034       7
    4035   3.734   -74.20339    0.00000    0.00000    4035       4
    4036   3.730   -74.20339    0.00000    0.00000    4036       2
    4037   3.736   -74.20338    0.00000    0.00000    4037       1
    4038   3.736   -74.20338    0.00000    0.00000    4038       7
    4039   3.730   -74.20339    0.00000    0.00002    4039      47
    4040   3.737   -74.20338    0.00000    0.00000    4040       5
    4041   3.729   -74.20339    0.00000    0.00000    4041       3
    4042   3.721   -74.20341    0.00000    0.00000    4042       3
    4043   3.738   -74.20338    0.00000    0.00000    4043       6
    4044   3.738   -74.20338    0.00000    0.00000    4044       1
    4045   3.738   -74.20338    0.00000    0.00000    4045      11
    4046   3.734   -74.20339    0.00000    0.00000    4046       1
    4047   3.734   -74.20339    0.00000    0.00000    4047       1
    4048   3.739   -74.20338    0.00000    0.00000    4048       8
    4049   3.734   -74.20339    0.00000    0.00000    4049       2
    4050   3.734   -74.20339    0.00000    0.00000    4050       2
    4051   3.734   -74.20339    0.00000    0.00001    4051      13
    4052   3.738   -74.20338    0.00000    0.00000    4052       1
    4053   3.735   -74.20338    0.00000    0.00000    4053       3
    4054   3.735   -74.20338    0.00000    0.00000    4054       1
    4055   3.738   -74.20338    0.00000    0.00000    4055       1
    4056   3.740   -74.20338    0.00000    0.00000    4056       7
    4057   3.740   -74.20338    0.00000    0.00000    4057       9
    4058   3.738   -74.20338    0.00000    0.00000    4058       3
    4059   3.741   -74.20338    0.00000    0.00001    4059      20
    4060   3.742   -74.20337    0.00000    0.00000    4060       5
    4061   3.739   -74.20338    0.00000    0.00000    4061       8
    4062   3.744   -74.20337    0.00000    0.00000    4062       6
    4063   3.744   -74.20337    0.00000    0.00000    4063       2
    4064   3.744   -74.20337    0.00000    0.00001    4064      24
    4065   3.730   -74.20339    0.00000    0.00001    4065      14
    4066   3.745   -74.20337    0.00000    0.00000    4066      12
    4067   3.745   -74.20337    0.00000    0.00000    4067       2
    4068   3.746   -74.20337    0.00000    0.00000    4068       1
    4069   3.746   -74.20337    0.00000    0.00001    4069      16
    4070   3.746   -74.20337    0.00000    0.00000    4070       2
    4071   3.746   -74.20337    0.00000    0.00000    4071       4
    4072   3.713   -74.20342    0.00000    0.00001    4072      19
    4073   3.743   -74.20337    0.00000    0.00000    4073       4
    4074   3.749   -74.20336    0.00000    0.00001    4074      18
    4075   3.751   -74.20336    0.00000    0.00000    4075      10
    4076   3.752   -74.20336    0.00000    0.00000    4076       5
    4077   3.752   -74.20336    0.00000    0.00000    4077       1
    4078   3.753   -74.20336    0.00000    0.00000    4078       4
    4079   3.742   -74.20337    0.00000    0.00000    4079       2
    4080   3.745   -74.20337    0.00000    0.00001    4080      16
    4081   3.753   -74.20336    0.00000    0.00000    4081       7
    4082   3.750   -74.20336    0.00000    0.00000    4082       2
    4083   3.753   -74.20336    0.00000    0.00000    4083       1
    4084   3.730   -74.20339    0.00000    0.00000    4084       1
    4085   3.738   -74.20338    0.00000    0.00000    4085       1
    4086   3.740   -74.20338    0.00000    0.00000    4086      11
    4087   3.747   -74.20337    0.00000    0.00000    4087       7
    4088   3.742   -74.20337    0.00000    0.00000    4088       1
    4089   3.753   -74.20336    0.00000    0.00000    4089       2
    4090   3.750   -74.20336    0.00000    0.00000    4090       4
    4091   3.753   -74.20336    0.00000    0.00000    4091       7
    4092   3.754   -74.20335    0.00000    0.00000    4092       2
    4093   3.754   -74.20335    0.00000    0.00000    4093       1
    4094   3.754   -74.20335    0.00000    0.00000    4094       1
    4095   3.754   -74.20335    0.00000    0.00000    4095       3
    4096   3.754   -74.20335    0.00000    0.00000    4096       2
    4097   3.754   -74.20335    0.00000    0.00000    4097       4
    4098   3.754   -74.20335    0.00000    0.00000    4098       6
    4099   3.754   -74.20335    0.00000    0.00000    4099      11
    4100   3.755   -74.20335    0.00000    0.00000    4100       2
    4101   3.755   -74.20335    0.00000    0.00000    4101      12
    4102   3.756   -74.20335    0.00000    0.00001    4102      14
    4103   3.755   -74.20335    0.00000    0.00001    4103      18
    4104   3.758   -74.20335    0.00000    0.00000    4104       4
    4105   3.754   -74.20335    0.00000    0.00001    4105      18
    4106   3.758   -74.20335    0.00000    0.00001    4106      18
    4107   3.753   -74.20336    0.00000    0.00000    4107       7
    4108   3.759   -74.20335    0.00000    0.00001    4108      22
    4109   3.760   -74.20334    0.00000    0.00000    4109       9
    4110   3.760   -74.20334    0.00000    0.00000    4110       2
    4111   3.761   -74.20334    0.00000    0.00000    4111       1
    4112   3.759   -74.20335    0.00000    0.00000    4112       4
    4113   3.760   -74.20334    0.00000    0.00001    4113      24
    4114   3.760   -74.20334    0.00000    0.00000    4114       8
    4115   3.762   -74.20334    0.00000    0.00000    4115       1
    4116   3.762   -74.20334    0.00000    0.00000    4116       1
    4117   3.753   -74.20336    0.00000    0.00000    4117       4
    4118   3.762   -74.20334    0.00000    0.00000    4118       1
    4119   3.758   -74.20335    0.00000    0.00000    4119       1
    4120   3.761   -74.20334    0.00000    0.00000    4120       1
    4121   3.762   -74.20334    0.00000    0.00001    4121      15
    4122   3.764   -74.20334    0.00000    0.00000    4122       4
    4123   3.762   -74.20334    0.00000    0.00000    4123       3
    4124   3.764   -74.20334    0.00000    0.00000    4124       1
    4125   3.764   -74.20334    0.00000    0.00000    4125       1
    4126   3.764   -74.20334    0.00000    0.00000    4126       5
    4127   3.764   -74.20334    0.00000    0.00000    4127       3
    4128   3.765   -74.20334    0.00000    0.00000    4128      12
    4129   3.765   -74.20334    0.00000    0.00001    4129      32
    4130   3.765   -74.20334    0.00000    0.00000    4130      12
    4131   3.765   -74.20334    0.00000    0.00000    4131       9
    4132   3.765   -74.20334    0.00000    0.00001    4132      38
    4133   3.768   -74.20333    0.00000    0.00000    4133       1
    4134   3.767   -74.20333    0.00000    0.00000    4134       1
    4135   3.768   -74.20333    0.00000    0.00000    4135       9
    4136   3.769   -74.20333    0.00000    0.00000    4136       1
    4137   3.769   -74.20333    0.00000    0.00000    4137       1
    4138   3.769   -74.20333    0.00000    0.00000    4138       1
    4139   3.769   -74.20333    0.00000    0.00001    4139      18
    4140   3.770   -74.20333    0.00000    0.00000    4140       4
    4141   3.770   -74.20333    0.00000    0.00000    4141       6
    4142   3.771   -74.20333    0.00000    0.00000    4142       2
    4143   3.772   -74.20333    0.00000    0.00000    4143       3
    4144   3.772   -74.20333    0.00000    0.00000    4144      12
    4145   3.765   -74.20334    0.00000    0.00000    4145       1
    4146   3.772   -74.20333    0.00000    0.00000    4146       5
    4147   3.772   -74.20332    0.00000    0.00000    4147       9
    4148   3.772   -74.20332    0.00000    0.00000    4148       4
    4149   3.770   -74.20333    0.00000    0.00001    4149      38
    4150   3.774   -74.20332    0.00000    0.00000    4150       6
    4151   3.774   -74.20332    0.00000    0.00000    4151       4
    4152   3.775   -74.20332    0.00000    0.00000    4152       3
    4153   3.775   -74.20332    0.00000    0.00000    4153       3
    4154   3.775   -74.20332    0.00000    0.00000    4154       6
    4155   3.775   -74.20332    0.00000    0.00000    4155       3
    4156   3.777   -74.20332    0.00000    0.00001    4156      29
    4157   3.768   -74.20333    0.00000    0.00000    4157       1
    4158   3.770   -74.20333    0.00000    0.00001    4158      32
    4159   3.778   -74.20332    0.00000    0.00000    4159       1
    4160   3.779   -74.20331    0.00000    0.00000    4160       8
    4161   3.778   -74.20332    0.00000    0.00000    4161      11
    4162   3.783   -74.20331    0.00000    0.00000    4162       6
    4163   3.780   -74.20331    0.00000    0.00000    4163       1
    4164   3.781   -74.20331    0.00000    0.00000    4164       5
    4165   3.781   -74.20331    0.00000    0.00000    4165       1
    4166   3.778   -74.20332    0.00000    0.00000    4166       9
    4167   3.784   -74.20331    0.00000    0.00000    4167       4
    4168   3.780   -74.20331    0.00000    0.00000    4168       7
    4169   3.754   -74.20335    0.00000    0.00000    4169       8
    4170   3.785   -74.20330    0.00000    0.00001    4170      23
    4171   3.787   -74.20330    0.00000    0.00001    4171      15
    4172   3.776   -74.20332    0.00000    0.00000    4172       5
    4173   3.762   -74.20334    0.00000    0.00000    4173       3
    4174   3.767   -74.20333    0.00000    0.00000    4174       1
    4175   3.788   -74.20330    0.00000    0.00000    4175       4
    4176   3.787   -74.20330    0.00000    0.00000    4176       7
    4177   3.789   -74.20330    0.00000    0.00000    4177       1
    4178   3.789   -74.20330    0.00000    0.00000    4178       8
    4179   3.789   -74.20330    0.00000    0.00000    4179       9
    4180   3.789   -74.20330    0.00000    0.00000    4180       3
    4181   3.790   -74.20330    0.00000    0.00000    4181       6
    4182   3.790   -74.20330    0.00000    0.00000    4182       3
    4183   3.789   -74.20330    0.00000    0.00000    4183       1
    4184   3.790   -74.20330    0.00000    0.00000    4184       4
    4185   3.770   -74.20333    0.00000    0.00000    4185       1
    4186   3.789   -74.20330    0.00000    0.00000    4186      12
    4187   3.781   -74.20331    0.00000    0.00000    4187       2
    4188   3.791   -74.20329    0.00000    0.00000    4188       2
    4189   3.791   -74.20329    0.00000    0.00000    4189       1
    4190   3.791   -74.20329    0.00000    0.00000    4190      10
    4191   3.792   -74.20329    0.00000    0.00000    4191       1
    4192   3.792   -74.20329    0.00000    0.00000    4192       2
    4193   3.792   -74.20329    0.00000    0.00001    4193      14
    4194   3.782   -74.20331    0.00000    0.00000    4194       9
    4195   3.792   -74.20329    0.00000    0.00000    4195       1
    4196   3.792   -74.20329    0.00000    0.00000    4196       3
    4197   3.792   -74.20329    0.00000    0.00000    4197       4
    4198   3.793   -74.20329    0.00000    0.00000    4198       3
    4199   3.794   -74.20329    0.00000    0.00000    4199       4
    4200   3.793   -74.20329    0.00000    0.00000    4200       4
    4201   3.794   -74.20329    0.00000    0.00000    4201       3
    4202   3.794   -74.20329    0.00000    0.00000    4202       1
    4203   3.795   -74.20329    0.00000    0.00001    4203      15
    4204   3.795   -74.20329    0.00000    0.00000    4204       1
    4205   3.795   -74.20329    0.00000    0.00000    4205       1
    4206   3.796   -74.20329    0.00000    0.00000    4206       2
    4207   3.796   -74.20329    0.00000    0.00000    4207       9
    4208   3.796   -74.20329    0.00000    0.00000    4208       2
    4209   3.793   -74.20329    0.00000    0.00000    4209       5
    4210   3.796   -74.20329    0.00000    0.00000    4210       1
    4211   3.796   -74.20329    0.00000    0.00000    4211       5
    4212   3.789   -74.20330    0.00000    0.00000    4212       1
    4213   3.796   -74.20329    0.00000    0.00000    4213       4
    4214   3.763   -74.20334    0.00000    0.00001    4214      25
    4215   3.797   -74.20328    0.00000    0.00001    4215      16
    4216   3.757   -74.20335    0.00000    0.00001    4216      14
    4217   3.798   -74.20328    0.00000    0.00000    4217       1
    4218   3.799   -74.20328    0.00000    0.00000    4218       3
    4219   3.798   -74.20328    0.00000    0.00000    4219       7
    4220   3.799   -74.20328    0.00000    0.00000    4220       7
    4221   3.776   -74.20332    0.00000    0.00000    4221       1
    4222   3.799   -74.20328    0.00000    0.00000    4222       3
    4223   3.777   -74.20332    0.00000    0.00000    4223       5
    4224   3.799   -74.20328    0.00000    0.00000    4224       3
    4225   3.799   -74.20328    0.00000    0.00000    4225       3
    4226   3.800   -74.20328    0.00000    0.00000    4226       1
    4227   3.800   -74.20328    0.00000    0.00000    4227      12
    4228   3.801   -74.20328    0.00000    0.00000    4228      11
    4229   3.804   -74.20327    0.00000    0.00000    4229       7
    4230   3.804   -74.20327    0.00000    0.00000    4230       1
    4231   3.804   -74.20327    0.00000    0.00000    4231       5
    4232   3.805   -74.20327    0.00000    0.00000    4232       2
    4233   3.805   -74.20327    0.00000    0.00000    4233       7
    4234   3.806   -74.20327    0.00000    0.00000    4234       5
    4235   3.806   -74.20327    0.00000    0.00001    4235      28
    4236   3.792   -74.20329    0.00000    0.00000    4236       2
    4237   3.807   -74.20327    0.00000    0.00000    4237       2
    4238   3.807   -74.20327    0.00000    0.00000    4238       3
    4239   3.806   -74.20327    0.00000    0.00001    4239      15
    4240   3.809   -74.20327    0.00000    0.00000    4240       2
    4241   3.809   -74.20327    0.00000    0.00000    4241       3
    4242   3.802   -74.20328    0.00000    0.00000    4242       4
    4243   3.809   -74.20327    0.00000    0.00000    4243       6
    4244   3.810   -74.20327    0.00000    0.00000    4244      10
    4245   3.810   -74.20326    0.00000    0.00000    4245      10
    4246   3.812   -74.20326    0.00000    0.00000    4246       1
    4247   3.807   -74.20327    0.00000    0.00000    4247       1
    4248   3.809   -74.20327    0.00000    0.00000    4248       1
    4249   3.811   -74.20326    0.00000    0.00000    4249       1
    4250   3.811   -74.20326    0.00000    0.00000    4250       5
    4251   3.812   -74.20326    0.00000    0.00000    4251       1
    4252   3.807   -74.20327    0.00000    0.00000    4252       5
    4253   3.812   -74.20326    0.00000    0.00000    4253       5
    4254   3.812   -74.20326    0.00000    0.00000    4254      11
    4255   3.792   -74.20329    0.00000    0.00001    4255      20
    4256   3.812   -74.20326    0.00000    0.00001    4256      23
    4257   3.813   -74.20326    0.00000    0.00000    4257       1
    4258   3.814   -74.20326    0.00000    0.00000    4258       3
    4259   3.814   -74.20326    0.00000    0.00000    4259       2
    4260   3.815   -74.20326    0.00000    0.00000    4260       1
    4261   3.815   -74.20326    0.00000    0.00000    4261       1
    4262   3.815   -74.20326    0.00000    0.00001    4262      15
    4263   3.817   -74.20325    0.00000    0.00000    4263      10
    4264   3.817   -74.20325    0.00000    0.00000    4264       1
    4265   3.817   -74.20325    0.00000    0.00000    4265       6
    4266   3.792   -74.20329    0.00000    0.00001    4266      25
    4267   3.821   -74.20325    0.00000    0.00000    4267       2
    4268   3.821   -74.20325    0.00000    0.00000    4268       1
    4269   3.821   -74.20325    0.00000    0.00000    4269       1
    4270   3.821   -74.20325    0.00000    0.00000    4270      12
    4271   3.822   -74.20325    0.00000    0.00000    4271      12
    4272   3.823   -74.20324    0.00000    0.00000    4272       2
    4273   3.822   -74.20325    0.00000    0.00000    4273       1
    4274   3.823   -74.20324    0.00000    0.00000    4274       1
    4275   3.824   -74.20324    0.00000    0.00000    4275       1
    4276   3.824   -74.20324    0.00000    0.00000    4276       1
    4277   3.824   -74.20324    0.00000    0.00000    4277       1
    4278   3.821   -74.20325    0.00000    0.00000    4278       1
    4279   3.824   -74.20324    0.00000    0.00000    4279       8
    4280   3.824   -74.20324    0.00000    0.00000    4280       4
    4281   3.825   -74.20324    0.00000    0.00000    4281       2
    4282   3.826   -74.20324    0.00000    0.00000    4282      13
    4283   3.807   -74.20327    0.00000    0.00000    4283      12
    4284   3.779   -74.20331    0.00000    0.00000    4284       5
    4285   3.825   -74.20324    0.00000    0.00000    4285       3
    4286   3.827   -74.20324    0.00000    0.00000    4286       1
    4287   3.827   -74.20324    0.00000    0.00000    4287       2
    4288   3.827   -74.20324    0.00000    0.00000    4288       1
    4289   3.827   -74.20324    0.00000    0.00000    4289       2
    4290   3.797   -74.20329    0.00000    0.00000    4290       4
    4291   3.827   -74.20324    0.00000    0.00000    4291       1
    4292   3.828   -74.20324    0.00000    0.00000    4292       5
    4293   3.827   -74.20324    0.00000    0.00000    4293       8
    4294   3.829   -74.20324    0.00000    0.00000    4294       6
    4295   3.829   -74.20323    0.00000    0.00000    4295       5
    4296   3.829   -74.20323    0.00000    0.00000    4296       8
    4297   3.829   -74.20323    0.00000    0.00000    4297       1
    4298   3.806   -74.20327    0.00000    0.00000    4298       2
    4299   3.829   -74.20323    0.00000    0.00000    4299      13
    4300   3.829   -74.20323    0.00000    0.00000    4300      12
    4301   3.831   -74.20323    0.00000    0.00000    4301       6
    4302   3.831   -74.20323    0.00000    0.00000    4302       7
    4303   3.831   -74.20323    0.00000    0.00000    4303      10
    4304   3.832   -74.20323    0.00000    0.00000    4304       1
    4305   3.830   -74.20323    0.00000    0.00000    4305       7
    4306   3.831   -74.20323    0.00000    0.00000    4306       2
    4307   3.830   -74.20323    0.00000    0.00000    4307       2
    4308   3.832   -74.20323    0.00000    0.00000    4308      13
    4309   3.833   -74.20323    0.00000    0.00000    4309      11
    4310   3.832   -74.20323    0.00000    0.00000    4310      14
    4311   3.834   -74.20323    0.00000    0.00000    4311       1
    4312   3.834   -74.20323    0.00000    0.00001    4312      16
    4313   3.835   -74.20323    0.00000    0.00001    4313      15
    4314   3.835   -74.20322    0.00000    0.00000    4314      12
    4315   3.836   -74.20322    0.00000    0.00000    4315       3
    4316   3.835   -74.20322    0.00000    0.00000    4316       8
    4317   3.834   -74.20323    0.00000    0.00000    4317       1
    4318   3.836   -74.20322    0.00000    0.00001    4318      23
    4319   3.837   -74.20322    0.00000    0.00000    4319      10
    4320   3.826   -74.20324    0.00000    0.00001    4320      20
    4321   3.838   -74.20322    0.00000    0.00000    4321       7
    4322   3.838   -74.20322    0.00000    0.00000    4322       1
    4323   3.834   -74.20323    0.00000    0.00000    4323      11
    4324   3.838   -74.20322    0.00000    0.00000    4324       7
    4325   3.830   -74.20323    0.00000    0.00001    4325      17
    4326   3.840   -74.20322    0.00000    0.00000    4326       1
    4327   3.838   -74.20322    0.00000    0.00000    4327       7
    4328   3.841   -74.20322    0.00000    0.00000    4328       3
    4329   3.841   -74.20322    0.00000    0.00000    4329       2
    4330   3.840   -74.20322    0.00000    0.00000    4330      10
    4331   3.839   -74.20322    0.00000    0.00000    4331      10
    4332   3.842   -74.20321    0.00000    0.00000    4332       1
    4333   3.842   -74.20321    0.00000    0.00000    4333       1
    4334   3.839   -74.20322    0.00000    0.00001    4334      23
    4335   3.841   -74.20322    0.00000    0.00000    4335       4
    4336   3.844   -74.20321    0.00000    0.00000    4336       3
    4337   3.844   -74.20321    0.00000    0.00000    4337       1
    4338   3.844   -74.20321    0.00000    0.00000    4338       2
    4339   3.844   -74.20321    0.00000    0.00000    4339       2
    4340   3.844   -74.20321    0.00000    0.00001    4340      20
    4341   3.845   -74.20321    0.00000    0.00000    4341       9
    4342   3.845   -74.20321    0.00000    0.00000    4342       2
    4343   3.844   -74.20321    0.00000    0.00001    4343      16
    4344   3.846   -74.20321    0.00000    0.00000    4344       1
    4345   3.845   -74.20321    0.00000    0.00000    4345       1
    4346   3.846   -74.20321    0.00000    0.00000    4346       3
    4347   3.845   -74.20321    0.00000    0.00000    4347       1
    4348   3.846   -74.20321    0.00000    0.00000    4348       9
    4349   3.846   -74.20321    0.00000    0.00000    4349       1
    4350   3.847   -74.20321    0.00000    0.00000    4350       1
    4351   3.847   -74.20321    0.00000    0.00000    4351       2
    4352   3.850   -74.20320    0.00000    0.00000    4352      11
    4353   3.848   -74.20320    0.00000    0.00000    4353       5
    4354   3.848   -74.20320    0.00000    0.00001    4354      30
    4355   3.850   -74.20320    0.00000    0.00000    4355      11
    4356   3.850   -74.20320    0.00000    0.00000    4356       1
    4357   3.844   -74.20321    0.00000    0.00000    4357       6
    4358   3.849   -74.20320    0.00000    0.00001    4358      43
    4359   3.851   -74.20320    0.00000    0.00000    4359       4
    4360   3.851   -74.20320    0.00000    0.00000    4360       3
    4361   3.852   -74.20320    0.00000    0.00000    4361       1
    4362   3.852   -74.20320    0.00000    0.00000    4362      10
    4363   3.852   -74.20320    0.00000    0.00000    4363       1
    4364   3.853   -74.20320    0.00000    0.00000    4364       5
    4365   3.853   -74.20320    0.00000    0.00000    4365       4
    4366   3.853   -74.20320    0.00000    0.00000    4366       1
    4367   3.854   -74.20320    0.00000    0.00000    4367       2
    4368   3.853   -74.20320    0.00000    0.00000    4368       5
    4369   3.853   -74.20320    0.00000    0.00000    4369       3
    4370   3.853   -74.20320    0.00000    0.00000    4370       6
    4371   3.854   -74.20320    0.00000    0.00000    4371      14
    4372   3.853   -74.20320    0.00000    0.00000    4372       2
    4373   3.854   -74.20319    0.00000    0.00000    4373       5
    4374   3.854   -74.20319    0.00000    0.00000    4374       4
    4375   3.832   -74.20323    0.00000    0.00000    4375       3
    4376   3.855   -74.20319    0.00000    0.00000    4376      15
    4377   3.856   -74.20319    0.00000    0.00000    4377       1
    4378   3.856   -74.20319    0.00000    0.00001    4378      21
    4379   3.862   -74.20318    0.00000    0.00000    4379       7
    4380   3.862   -74.20318    0.00000    0.00000    4380       1
    4381   3.862   -74.20318    0.00000    0.00000    4381      14
    4382   3.858   -74.20319    0.00000    0.00000    4382       2
    4383   3.863   -74.20318    0.00000    0.00000    4383       2
    4384   3.863   -74.20318    0.00000    0.00000    4384       1
    4385   3.862   -74.20318    0.00000    0.00000    4385       6
    4386   3.858   -74.20319    0.00000    0.00000    4386       6
    4387   3.864   -74.20318    0.00000    0.00000    4387      13
    4388   3.852   -74.20320    0.00000    0.00000    4388       1
    4389   3.863   -74.20318    0.00000    0.00000    4389       1
    4390   3.864   -74.20318    0.00000    0.00002    4390      51
    4391   3.866   -74.20318    0.00000    0.00000    4391       1
    4392   3.864   -74.20318    0.00000    0.00001    4392      16
    4393   3.867   -74.20317    0.00000    0.00000    4393       4
    4394   3.867   -74.20317    0.00000    0.00000    4394       1
    4395   3.867   -74.20317    0.00000    0.00000    4395       2
    4396   3.867   -74.20317    0.00000    0.00000    4396       5
    4397   3.868   -74.20317    0.00000    0.00000    4397       1
    4398   3.867   -74.20317    0.00000    0.00000    4398       1
    4399   3.867   -74.20317    0.00000    0.00000    4399       2
    4400   3.867   -74.20317    0.00000    0.00000    4400       8
    4401   3.854   -74.20320    0.00000    0.00000    4401       1
    4402   3.868   -74.20317    0.00000    0.00000    4402       4
    4403   3.838   -74.20322    0.00000    0.00000    4403       1
    4404   3.838   -74.20322    0.00000    0.00000    4404       5
    4405   3.869   -74.20317    0.00000    0.00000    4405       3
    4406   3.850   -74.20320    0.00000    0.00000    4406       1
    4407   3.867   -74.20317    0.00000    0.00000    4407       8
    4408   3.869   -74.20317    0.00000    0.00000    4408       1
    4409   3.871   -74.20317    0.00000    0.00000    4409       1
    4410   3.871   -74.20317    0.00000    0.00000    4410       3
    4411   3.871   -74.20317    0.00000    0.00000    4411       1
    4412   3.869   -74.20317    0.00000    0.00000    4412       2
    4413   3.870   -74.20317    0.00000    0.00000    4413      13
    4414   3.871   -74.20317    0.00000    0.00000    4414       3
    4415   3.843   -74.20321    0.00000    0.00000    4415       2
    4416   3.872   -74.20317    0.00000    0.00000    4416       4
    4417   3.871   -74.20317    0.00000    0.00000    4417       1
    4418   3.872   -74.20317    0.00000    0.00000    4418       1
    4419   3.872   -74.20317    0.00000    0.00001    4419      16
    4420   3.874   -74.20316    0.00000    0.00000    4420       6
    4421   3.874   -74.20316    0.00000    0.00000    4421       7
    4422   3.875   -74.20316    0.00000    0.00000    4422       1
    4423   3.871   -74.20317    0.00000    0.00000    4423       2
    4424   3.876   -74.20316    0.00000    0.00000    4424       1
    4425   3.875   -74.20316    0.00000    0.00000    4425       4
    4426   3.875   -74.20316    0.00000    0.00000    4426      15
    4427   3.876   -74.20316    0.00000    0.00000    4427       1
    4428   3.876   -74.20316    0.00000    0.00000    4428       6
    4429   3.876   -74.20316    0.00000    0.00002    4429      57
    4430   3.881   -74.20315    0.00000    0.00000    4430       6
    4431   3.879   -74.20316    0.00000    0.00000    4431       1
    4432   3.877   -74.20316    0.00000    0.00000    4432       1
    4433   3.879   -74.20316    0.00000    0.00000    4433       2
    4434   3.873   -74.20316    0.00000    0.00000    4434       8
    4435   3.873   -74.20316    0.00000    0.00001    4435      26
    4436   3.879   -74.20315    0.00000    0.00001    4436      21
    4437   3.881   -74.20315    0.00000    0.00002    4437      57
    4438   3.883   -74.20315    0.00000    0.00000    4438       1
    4439   3.883   -74.20315    0.00000    0.00000    4439       3
    4440   3.878   -74.20316    0.00000    0.00000    4440       1
    4441   3.883   -74.20315    0.00000    0.00000    4441       2
    4442   3.884   -74.20315    0.00000    0.00000    4442       5
    4443   3.882   -74.20315    0.00000    0.00000    4443       3
    4444   3.885   -74.20315    0.00000    0.00000    4444       7
    4445   3.885   -74.20314    0.00000    0.00000    4445       5
    4446   3.885   -74.20314    0.00000    0.00000    4446      12
    4447   3.885   -74.20315    0.00000    0.00000    4447      10
    4448   3.886   -74.20314    0.00000    0.00000    4448       3
    4449   3.886   -74.20314    0.00000    0.00000    4449       1
    4450   3.878   -74.20316    0.00000    0.00000    4450      13
    4451   3.883   -74.20315    0.00000    0.00000    4451      12
    4452   3.886   -74.20314    0.00000    0.00000    4452       4
    4453   3.880   -74.20315    0.00000    0.00000    4453       8
    4454   3.887   -74.20314    0.00000    0.00000    4454      13
    4455   3.887   -74.20314    0.00000    0.00000    4455      10
    4456   3.888   -74.20314    0.00000    0.00000    4456       4
    4457   3.843   -74.20321    0.00000    0.00000    4457       1
    4458   3.876   -74.20316    0.00000    0.00000    4458       7
    4459   3.888   -74.20314    0.00000    0.00000    4459       2
    4460   3.843   -74.20321    0.00000    0.00000    4460       4
    4461   3.888   -74.20314    0.00000    0.00000    4461       2
    4462   3.844   -74.20321    0.00000    0.00000    4462       1
    4463   3.888   -74.20314    0.00000    0.00000    4463       7
    4464   3.889   -74.20314    0.00000    0.00000    4464       1
    4465   3.887   -74.20314    0.00000    0.00000    4465      10
    4466   3.889   -74.20314    0.00000    0.00000    4466       6
    4467   3.853   -74.20320    0.00000    0.00000    4467       1
    4468   3.887   -74.20314    0.00000    0.00000    4468       1
    4469   3.889   -74.20314    0.00000    0.00000    4469       1
    4470   3.853   -74.20320    0.00000    0.00000    4470      13
    4471   3.890   -74.20314    0.00000    0.00000    4471       1
    4472   3.888   -74.20314    0.00000    0.00000    4472       3
    4473   3.890   -74.20314    0.00000    0.00000    4473       3
    4474   3.886   -74.20314    0.00000    0.00000    4474      12
    4475   3.892   -74.20313    0.00000    0.00000    4475       2
    4476   3.892   -74.20313    0.00000    0.00000    4476       6
    4477   3.893   -74.20313    0.00000    0.00000    4477       1
    4478   3.893   -74.20313    0.00000    0.00000    4478       7
    4479   3.893   -74.20313    0.00000    0.00000    4479       1
    4480   3.889   -74.20314    0.00000    0.00000    4480       2
    4481   3.890   -74.20314    0.00000    0.00000    4481       1
    4482   3.884   -74.20315    0.00000    0.00000    4482      14
    4483   3.894   -74.20313    0.00000    0.00000    4483       3
    4484   3.894   -74.20313    0.00000    0.00001    4484      18
    4485   3.894   -74.20313    0.00000    0.00000    4485       3
    4486   3.894   -74.20313    0.00000    0.00000    4486       1
    4487   3.894   -74.20313    0.00000    0.00000    4487       6
    4488   3.894   -74.20313    0.00000    0.00000    4488       5
    4489   3.896   -74.20313    0.00000    0.00000    4489       1
    4490   3.896   -74.20313    0.00000    0.00000    4490      15
    4491   3.899   -74.20312    0.00000    0.00000    4491       1
    4492   3.898   -74.20312    0.00000    0.00000    4492      12
    4493   3.895   -74.20313    0.00000    0.00001    4493      27
    4494   3.900   -74.20312    0.00000    0.00000    4494      10
    4495   3.896   -74.20313    0.00000    0.00000    4495       7
    4496   3.897   -74.20313    0.00000    0.00000    4496      10
    4497   3.901   -74.20312    0.00000    0.00000    4497       1
    4498   3.902   -74.20312    0.00000    0.00000    4498       9
    4499   3.903   -74.20312    0.00000    0.00000    4499       1
    4500   3.903   -74.20312    0.00000    0.00000    4500       1
    4501   3.903   -74.20312    0.00000    0.00000    4501       1
    4502   3.903   -74.20312    0.00000    0.00001    4502      21
    4503   3.904   -74.20312    0.00000    0.00000    4503       2
    4504   3.903   -74.20312    0.00000    0.00000    4504       1
    4505   3.905   -74.20311    0.00000    0.00000    4505       3
    4506   3.905   -74.20311    0.00000    0.00000    4506       7
    4507   3.908   -74.20311    0.00000    0.00001    4507      17
    4508   3.909   -74.20311    0.00000    0.00000    4508      15
    4509   3.912   -74.20310    0.00000    0.00000    4509      14
    4510   3.913   -74.20310    0.00000    0.00000    4510       3
    4511   3.913   -74.20310    0.00000    0.00000    4511       2
    4512   3.913   -74.20310    0.00000    0.00000    4512       7
    4513   3.915   -74.20310    0.00000    0.00000    4513       1
    4514   3.914   -74.20310    0.00000    0.00000    4514       1
    4515   3.916   -74.20310    0.00000    0.00000    4515       1
    4516   3.913   -74.20310    0.00000    0.00000    4516       1
    4517   3.915   -74.20310    0.00000    0.00000    4517       4
    4518   3.917   -74.20310    0.00000    0.00000    4518       2
    4519   3.917   -74.20309    0.00000    0.00000    4519       2
    4520   3.917   -74.20309    0.00000    0.00000    4520       7
    4521   3.917   -74.20309    0.00000    0.00000    4521       1
    4522   3.917   -74.20309    0.00000    0.00000    4522       1
    4523   3.904   -74.20311    0.00000    0.00000    4523       1
    4524   3.917   -74.20309    0.00000    0.00000    4524       9
    4525   3.919   -74.20309    0.00000    0.00000    4525       3
    4526   3.882   -74.20315    0.00000    0.00000    4526       1
    4527   3.881   -74.20315    0.00000    0.00000    4527       1
    4528   3.919   -74.20309    0.00000    0.00000    4528       6
    4529   3.919   -74.20309    0.00000    0.00000    4529       9
    4530   3.919   -74.20309    0.00000    0.00000    4530       3
    4531   3.919   -74.20309    0.00000    0.00000    4531       3
    4532   3.920   -74.20309    0.00000    0.00000    4532       2
    4533   3.920   -74.20309    0.00000    0.00000    4533       1
    4534   3.920   -74.20309    0.00000    0.00000    4534       2
    4535   3.921   -74.20309    0.00000    0.00000    4535       4
    4536   3.921   -74.20309    0.00000    0.00000    4536       1
    4537   3.921   -74.20309    0.00000    0.00000    4537       1
    4538   3.921   -74.20309    0.00000    0.00000    4538       6
    4539   3.921   -74.20309    0.00000    0.00000    4539       6
    4540   3.922   -74.20309    0.00000    0.00000    4540       1
    4541   3.923   -74.20309    0.00000    0.00000    4541       1
    4542   3.922   -74.20309    0.00000    0.00000    4542       1
    4543   3.919   -74.20309    0.00000    0.00000    4543       1
    4544   3.920   -74.20309    0.00000    0.00000    4544       7
    4545   3.920   -74.20309    0.00000    0.00000    4545       2
    4546   3.923   -74.20309    0.00000    0.00001    4546      32
    4547   3.924   -74.20308    0.00000    0.00000    4547       1
    4548   3.924   -74.20308    0.00000    0.00000    4548       1
    4549   3.925   -74.20308    0.00000    0.00000    4549       4
    4550   3.925   -74.20308    0.00000    0.00001    4550      29
    4551   3.892   -74.20313    0.00000    0.00000    4551       1
    4552   3.927   -74.20308    0.00000    0.00000    4552       2
    4553   3.926   -74.20308    0.00000    0.00000    4553       1
    4554   3.923   -74.20309    0.00000    0.00001    4554      20
    4555   3.929   -74.20308    0.00000    0.00000    4555       2
    4556   3.929   -74.20308    0.00000    0.00000    4556       3
    4557   3.929   -74.20308    0.00000    0.00000    4557       4
    4558   3.924   -74.20308    0.00000    0.00000    4558       3
    4559   3.932   -74.20307    0.00000    0.00000    4559       1
    4560   3.926   -74.20308    0.00000    0.00000    4560       8
    4561   3.932   -74.20307    0.00000    0.00000    4561       7
    4562   3.932   -74.20307    0.00000    0.00000    4562       8
    4563   3.932   -74.20307    0.00000    0.00000    4563      10
    4564   3.933   -74.20307    0.00000    0.00000    4564       4
    4565   3.931   -74.20307    0.00000    0.00000    4565       1
    4566   3.933   -74.20307    0.00000    0.00000    4566      13
    4567   3.934   -74.20307    0.00000    0.00000    4567       1
    4568   3.934   -74.20307    0.00000    0.00000    4568       3
    4569   3.934   -74.20307    0.00000    0.00000    4569       1
    4570   3.934   -74.20307    0.00000    0.00000    4570       4
    4571   3.934   -74.20307    0.00000    0.00000    4571       1
    4572   3.934   -74.20307    0.00000    0.00000    4572       3
    4573   3.934   -74.20307    0.00000    0.00000    4573       2
    4574   3.934   -74.20307    0.00000    0.00001    4574      36
    4575   3.935   -74.20307    0.00000    0.00000    4575       1
    4576   3.934   -74.20307    0.00000    0.00000    4576       2
    4577   3.935   -74.20307    0.00000    0.00000    4577       2
    4578   3.935   -74.20307    0.00000    0.00000    4578      13
    4579   3.936   -74.20306    0.00000    0.00000    4579       2
    4580   3.936   -74.20306    0.00000    0.00001    4580      48
    4581   3.939   -74.20306    0.00000    0.00000    4581       2
    4582   3.939   -74.20306    0.00000    0.00001    4582      34
    4583   3.938   -74.20306    0.00000    0.00000    4583       9
    4584   3.941   -74.20306    0.00000    0.00000    4584       7
    4585   3.941   -74.20306    0.00000    0.00000    4585       1
    4586   3.938   -74.20306    0.00000    0.00000    4586      12
    4587   3.941   -74.20306    0.00000    0.00000    4587       9
    4588   3.942   -74.20305    0.00000    0.00000    4588       1
    4589   3.942   -74.20305    0.00000    0.00000    4589       2
    4590   3.941   -74.20306    0.00000    0.00000    4590       2
    4591   3.934   -74.20307    0.00000    0.00000    4591       1
    4592   3.942   -74.20305    0.00000    0.00000    4592       1
    4593   3.938   -74.20306    0.00000    0.00000    4593       4
    4594   3.941   -74.20306    0.00000    0.00000    4594       6
    4595   3.943   -74.20305    0.00000    0.00000    4595       5
    4596   3.943   -74.20305    0.00000    0.00000    4596       1
    4597   3.943   -74.20305    0.00000    0.00000    4597       4
    4598   3.943   -74.20305    0.00000    0.00000    4598       1
    4599   3.943   -74.20305    0.00000    0.00000    4599       3
    4600   3.943   -74.20305    0.00000    0.00000    4600      10
    4601   3.943   -74.20305    0.00000    0.00001    4601      23
    4602   3.944   -74.20305    0.00000    0.00000    4602       6
    4603   3.944   -74.20305    0.00000    0.00000    4603       1
    4604   3.944   -74.20305    0.00000    0.00000    4604       2
    4605   3.945   -74.20305    0.00000    0.00000    4605       1
    4606   3.945   -74.20305    0.00000    0.00000    4606      10
    4607   3.946   -74.20305    0.00000    0.00000    4607      10
    4608   3.947   -74.20305    0.00000    0.00001    4608      44
    4609   3.948   -74.20305    0.00000    0.00000    4609       3
    4610   3.948   -74.20305    0.00000    0.00000    4610      15
    4611   3.949   -74.20304    0.00000    0.00000    4611      10
    4612   3.949   -74.20304    0.00000    0.00000    4612       1
    4613   3.949   -74.20304    0.00000    0.00000    4613       5
    4614   3.949   -74.20304    0.00000    0.00000    4614       2
    4615   3.949   -74.20304    0.00000    0.00000    4615       1
    4616   3.950   -74.20304    0.00000    0.00000    4616       1
    4617   3.942   -74.20306    0.00000    0.00000    4617       1
    4618   3.938   -74.20306    0.00000    0.00000    4618      13
    4619   3.950   -74.20304    0.00000    0.00000    4619       9
    4620   3.950   -74.20304    0.00000    0.00000    4620      16
    4621   3.952   -74.20304    0.00000    0.00000    4621       3
    4622   3.953   -74.20304    0.00000    0.00000    4622       2
    4623   3.953   -74.20304    0.00000    0.00000    4623       1
    4624   3.953   -74.20304    0.00000    0.00000    4624       5
    4625   3.953   -74.20304    0.00000    0.00000    4625       1
    4626   3.952   -74.20304    0.00000    0.00001    4626      28
    4627   3.951   -74.20304    0.00000    0.00000    4627       1
    4628   3.953   -74.20304    0.00000    0.00000    4628      15
    4629   3.955   -74.20303    0.00000    0.00000    4629       7
    4630   3.955   -74.20303    0.00000    0.00000    4630       8
    4631   3.938   -74.20306    0.00000    0.00000    4631      10
    4632   3.957   -74.20303    0.00000    0.00000    4632       4
    4633   3.940   -74.20306    0.00000    0.00000    4633      13
    4634   3.955   -74.20303    0.00000    0.00000    4634       6
    4635   3.957   -74.20303    0.00000    0.00000    4635      10
    4636   3.954   -74.20304    0.00000    0.00000    4636       3
    4637   3.953   -74.20304    0.00000    0.00000    4637       2
    4638   3.960   -74.20303    0.00000    0.00000    4638      14
    4639   3.960   -74.20303    0.00000    0.00000    4639       3
    4640   3.958   -74.20303    0.00000    0.00000    4640       1
    4641   3.942   -74.20306    0.00000    0.00000    4641       2
    4642   3.938   -74.20306    0.00000    0.00000    4642       2
    4643   3.933   -74.20307    0.00000    0.00000    4643       3
    4644   3.951   -74.20304    0.00000    0.00000    4644       6
    4645   3.951   -74.20304    0.00000    0.00000    4645      11
    4646   3.960   -74.20303    0.00000    0.00000    4646       1
    4647   3.951   -74.20304    0.00000    0.00000    4647       1
    4648   3.961   -74.20302    0.00000    0.00000    4648       4
    4649   3.960   -74.20303    0.00000    0.00000    4649      14
    4650   3.961   -74.20302    0.00000    0.00000    4650       4
    4651   3.961   -74.20302    0.00000    0.00000    4651       1
    4652   3.962   -74.20302    0.00000    0.00000    4652       1
    4653   3.962   -74.20302    0.00000    0.00000    4653       5
    4654   3.962   -74.20302    0.00000    0.00000    4654       5
    4655   3.962   -74.20302    0.00000    0.00001    4655      25
    4656   3.960   -74.20303    0.00000    0.00000    4656      11
    4657   3.960   -74.20303    0.00000    0.00000    4657       1
    4658   3.961   -74.20302    0.00000    0.00000    4658       2
    4659   3.960   -74.20303    0.00000    0.00000    4659       4
    4660   3.960   -74.20303    0.00000    0.00001    4660      36
    4661   3.964   -74.20302    0.00000    0.00000    4661      11
    4662   3.966   -74.20302    0.00000    0.00000    4662       1
    4663   3.966   -74.20302    0.00000    0.00000    4663       1
    4664   3.966   -74.20302    0.00000    0.00000    4664       3
    4665   3.966   -74.20302    0.00000    0.00000    4665       1
    4666   3.966   -74.20302    0.00000    0.00000    4666       5
    4667   3.967   -74.20302    0.00000    0.00000    4667      11
    4668   3.966   -74.20302    0.00000    0.00000    4668       5
    4669   3.966   -74.20302    0.00000    0.00000    4669       3
    4670   3.967   -74.20302    0.00000    0.00000    4670       1
    4671   3.967   -74.20302    0.00000    0.00000    4671      16
    4672   3.967   -74.20301    0.00000    0.00000    4672       1
    4673   3.966   -74.20302    0.00000    0.00000    4673       1
    4674   3.969   -74.20301    0.00000    0.00000    4674       1
    4675   3.969   -74.20301    0.00000    0.00000    4675      14
    4676   3.969   -74.20301    0.00000    0.00000    4676       1
    4677   3.969   -74.20301    0.00000    0.00001    4677      36
    4678   3.972   -74.20301    0.00000    0.00000    4678      18
    4679   3.967   -74.20301    0.00000    0.00000    4679       1
    4680   3.967   -74.20301    0.00000    0.00000    4680      10
    4681   3.968   -74.20301    0.00000    0.00000    4681       1
    4682   3.968   -74.20301    0.00000    0.00001    4682      37
    4683   3.974   -74.20300    0.00000    0.00000    4683       1
    4684   3.974   -74.20300    0.00000    0.00000    4684       7
    4685   3.973   -74.20301    0.00000    0.00000    4685       1
    4686   3.975   -74.20300    0.00000    0.00000    4686       2
    4687   3.952   -74.20304    0.00000    0.00000    4687       1
    4688   3.974   -74.20300    0.00000    0.00000    4688       1
    4689   3.974   -74.20300    0.00000    0.00000    4689       4
    4690   3.975   -74.20300    0.00000    0.00000    4690       8
    4691   3.952   -74.20304    0.00000    0.00000    4691       1
    4692   3.975   -74.20300    0.00000    0.00000    4692       6
    4693   3.968   -74.20301    0.00000    0.00000    4693       6
    4694   3.976   -74.20300    0.00000    0.00000    4694       7
    4695   3.975   -74.20300    0.00000    0.00000    4695       1
    4696   3.976   -74.20300    0.00000    0.00000    4696       2
    4697   3.976   -74.20300    0.00000    0.00000    4697       3
    4698   3.976   -74.20300    0.00000    0.00000    4698       7
    4699   3.978   -74.20300    0.00000    0.00000    4699       9
    4700   3.978   -74.20300    0.00000    0.00000    4700       1
    4701   3.978   -74.20300    0.00000    0.00000    4701       5
    4702   3.978   -74.20300    0.00000    0.00000    4702       3
    4703   3.966   -74.20302    0.00000    0.00000    4703       1
    4704   3.973   -74.20301    0.00000    0.00001    4704      21
    4705   3.980   -74.20299    0.00000    0.00000    4705       3
    4706   3.980   -74.20299    0.00000    0.00000    4706       1
    4707   3.980   -74.20299    0.00000    0.00000    4707       4
    4708   3.980   -74.20299    0.00000    0.00000    4708       9
    4709   3.980   -74.20299    0.00000    0.00000    4709       1
    4710   3.979   -74.20300    0.00000    0.00000    4710       2
    4711   3.980   -74.20299    0.00000    0.00000    4711       6
    4712   3.980   -74.20299    0.00000    0.00000    4712      12
    4713   3.982   -74.20299    0.00000    0.00000    4713      18
    4714   3.983   -74.20299    0.00000    0.00000    4714       1
    4715   3.982   -74.20299    0.00000    0.00001    4715      26
    4716   3.983   -74.20299    0.00000    0.00001    4716      24
    4717   3.989   -74.20298    0.00000    0.00000    4717       3
    4718   3.989   -74.20298    0.00000    0.00001    4718      23
    4719   3.984   -74.20299    0.00000    0.00000    4719       1
    4720   3.984   -74.20299    0.00000    0.00000    4720       3
    4721   3.984   -74.20299    0.00000    0.00000    4721       2
    4722   3.984   -74.20299    0.00000    0.00001    4722      50
    4723   3.990   -74.20298    0.00000    0.00001    4723      44
    4724   3.992   -74.20297    0.00000    0.00000    4724       1
    4725   3.986   -74.20299    0.00000    0.00000    4725       5
    4726   3.986   -74.20298    0.00000    0.00000    4726       7
    4727   3.986   -74.20298    0.00000    0.00000    4727       2
    4728   3.993   -74.20297    0.00000    0.00000    4728       2
    4729   3.986   -74.20298    0.00000    0.00000    4729       1
    4730   3.993   -74.20297    0.00000    0.00000    4730       2
    4731   3.993   -74.20297    0.00000    0.00000    4731      18
    4732   3.987   -74.20298    0.00000    0.00000    4732       1
    4733   3.987   -74.20298    0.00000    0.00000    4733       6
    4734   3.993   -74.20297    0.00000    0.00000    4734       1
    4735   3.988   -74.20298    0.00000    0.00000    4735       5
    4736   3.994   -74.20297    0.00000    0.00000    4736       6
    4737   3.968   -74.20301    0.00000    0.00001    4737      22
    4738   3.994   -74.20297    0.00000    0.00000    4738       1
    4739   3.995   -74.20297    0.00000    0.00000    4739       7
    4740   3.998   -74.20297    0.00000    0.00000    4740       8
    4741   3.989   -74.20298    0.00000    0.00000    4741       4
    4742   3.994   -74.20297    0.00000    0.00000    4742       1
    4743   3.994   -74.20297    0.00000    0.00000    4743      15
    4744   3.996   -74.20297    0.00000    0.00000    4744      16
    4745   3.999   -74.20296    0.00000    0.00000    4745       8
    4746   4.000   -74.20296    0.00000    0.00000    4746       1
    4747   4.000   -74.20296    0.00000    0.00000    4747      14
    4748   3.991   -74.20298    0.00000    0.00000    4748      13
    4749   4.003   -74.20296    0.00000    0.00000    4749       1
    4750   4.003   -74.20296    0.00000    0.00000    4750       7
    4751   4.004   -74.20296    0.00000    0.00000    4751      10
    4752   4.003   -74.20296    0.00000    0.00000    4752       1
    4753   4.004   -74.20296    0.00000    0.00000    4753       2
    4754   4.004   -74.20296    0.00000    0.00000    4754       6
    4755   4.001   -74.20296    0.00000    0.00000    4755      17
    4756   4.005   -74.20295    0.00000    0.00000    4756       2
    4757   3.983   -74.20299    0.00000    0.00000    4757       4
    4758   3.992   -74.20298    0.00000    0.00000    4758       1
    4759   4.001   -74.20296    0.00000    0.00000    4759       2
    4760   4.005   -74.20295    0.00000    0.00000    4760       7
    4761   3.979   -74.20300    0.00000    0.00000    4761       7
    4762   4.006   -74.20295    0.00000    0.00000    4762       5
    4763   4.007   -74.20295    0.00000    0.00000    4763       5
    4764   4.007   -74.20295    0.00000    0.00000    4764       1
    4765   4.007   -74.20295    0.00000    0.00000    4765       1
    4766   4.008   -74.20295    0.00000    0.00000    4766       4
    4767   3.992   -74.20297    0.00000    0.00000    4767       9
    4768   4.008   -74.20295    0.00000    0.00000    4768       4
    4769   4.008   -74.20295    0.00000    0.00000    4769       1
    4770   4.008   -74.20295    0.00000    0.00000    4770       8
    4771   4.009   -74.20295    0.00000    0.00000    4771       1
    4772   3.998   -74.20296    0.00000    0.00000    4772       8
    4773   4.012   -74.20294    0.00000    0.00000    4773       4
    4774   4.012   -74.20294    0.00000    0.00000    4774       1
    4775   4.013   -74.20294    0.00000    0.00000    4775       4
    4776   3.989   -74.20298    0.00000    0.00000    4776       1
    4777   4.013   -74.20294    0.00000    0.00001    4777      29
    4778   4.002   -74.20296    0.00000    0.00000    4778       6
    4779   4.015   -74.20294    0.00000    0.00000    4779       8
    4780   4.015   -74.20294    0.00000    0.00000    4780       5
    4781   4.016   -74.20294    0.00000    0.00000    4781       8
    4782   4.017   -74.20294    0.00000    0.00000    4782       1
    4783   4.017   -74.20294    0.00000    0.00000    4783       1
    4784   4.017   -74.20294    0.00000    0.00000    4784       2
    4785   4.017   -74.20294    0.00000    0.00000    4785       1
    4786   4.015   -74.20294    0.00000    0.00000    4786       6
    4787   4.017   -74.20294    0.00000    0.00000    4787       1
    4788   4.017   -74.20294    0.00000    0.00000    4788       8
    4789   4.017   -74.20294    0.00000    0.00000    4789       7
    4790   4.017   -74.20293    0.00000    0.00000    4790       1
    4791   4.017   -74.20293    0.00000    0.00000    4791       3
    4792   4.017   -74.20293    0.00000    0.00000    4792      19
    4793   4.017   -74.20293    0.00000    0.00000    4793       1
    4794   4.017   -74.20293    0.00000    0.00000    4794       2
    4795   4.017   -74.20294    0.00000    0.00000    4795       7
    4796   4.018   -74.20293    0.00000    0.00000    4796       1
    4797   4.015   -74.20294    0.00000    0.00000    4797       2
    4798   4.018   -74.20293    0.00000    0.00000    4798       1
    4799   4.018   -74.20293    0.00000    0.00000    4799      18
    4800   4.019   -74.20293    0.00000    0.00000    4800       5
    4801   4.020   -74.20293    0.00000    0.00000    4801      16
    4802   4.015   -74.20294    0.00000    0.00000    4802       6
    4803   4.021   -74.20293    0.00000    0.00000    4803       1
    4804   4.015   -74.20294    0.00000    0.00000    4804       1
    4805   4.020   -74.20293    0.00000    0.00000    4805       5
    4806   4.018   -74.20293    0.00000    0.00000    4806       5
    4807   4.021   -74.20293    0.00000    0.00000    4807       1
    4808   4.021   -74.20293    0.00000    0.00000    4808       1
    4809   4.015   -74.20294    0.00000    0.00000    4809       4
    4810   4.015   -74.20294    0.00000    0.00001    4810      32
    4811   4.022   -74.20293    0.00000    0.00000    4811      18
    4812   4.020   -74.20293    0.00000    0.00000    4812       2
    4813   4.023   -74.20293    0.00000    0.00000    4813       4
    4814   4.022   -74.20293    0.00000    0.00000    4814       3
    4815   4.022   -74.20293    0.00000    0.00000    4815       2
    4816   4.022   -74.20293    0.00000    0.00000    4816       2
    4817   4.022   -74.20293    0.00000    0.00000    4817       4
    4818   4.024   -74.20292    0.00000    0.00000    4818       7
    4819   4.022   -74.20293    0.00000    0.00000    4819      19
    4820   4.022   -74.20293    0.00000    0.00001    4820      30
    4821   4.016   -74.20294    0.00000    0.00000    4821       6
    4822   4.024   -74.20292    0.00000    0.00000    4822       5
    4823   4.024   -74.20292    0.00000    0.00000    4823       4
    4824   4.027   -74.20292    0.00000    0.00000    4824      14
    4825   4.024   -74.20292    0.00000    0.00001    4825      22
    4826   4.027   -74.20292    0.00000    0.00000    4826      10
    4827   4.028   -74.20292    0.00000    0.00000    4827      19
    4828   4.031   -74.20291    0.00000    0.00000    4828      12
    4829   4.031   -74.20291    0.00000    0.00000    4829       1
    4830   4.030   -74.20291    0.00000    0.00000    4830       2
    4831   4.031   -74.20291    0.00000    0.00000    4831       1
    4832   4.031   -74.20291    0.00000    0.00001    4832      31
    4833   4.016   -74.20294    0.00000    0.00000    4833       1
    4834   4.032   -74.20291    0.00000    0.00000    4834       1
    4835   4.030   -74.20291    0.00000    0.00000    4835       1
    4836   4.032   -74.20291    0.00000    0.00000    4836      15
    4837   4.032   -74.20291    0.00000    0.00000    4837       1
    4838   4.032   -74.20291    0.00000    0.00000    4838       1
    4839   4.032   -74.20291    0.00000    0.00000    4839       2
    4840   4.032   -74.20291    0.00000    0.00000    4840      12
    4841   4.033   -74.20291    0.00000    0.00000    4841       2
    4842   4.033   -74.20291    0.00000    0.00000    4842       3
    4843   4.033   -74.20291    0.00000    0.00000    4843       1
    4844   4.034   -74.20291    0.00000    0.00000    4844       1
    4845   4.034   -74.20291    0.00000    0.00000    4845      11
    4846   4.035   -74.20291    0.00000    0.00000    4846       7
    4847   4.035   -74.20291    0.00000    0.00000    4847       2
    4848   4.035   -74.20291    0.00000    0.00000    4848       2
    4849   4.035   -74.20291    0.00000    0.00000    4849       1
    4850   4.032   -74.20291    0.00000    0.00001    4850      34
    4851   4.039   -74.20290    0.00000    0.00000    4851       3
    4852   4.039   -74.20290    0.00000    0.00000    4852       1
    4853   4.037   -74.20290    0.00000    0.00000    4853       8
    4854   4.014   -74.20294    0.00000    0.00000    4854       4
    4855   4.040   -74.20290    0.00000    0.00000    4855       1
    4856   4.041   -74.20290    0.00000    0.00000    4856       1
    4857   4.040   -74.20290    0.00000    0.00000    4857       9
    4858   4.041   -74.20290    0.00000    0.00000    4858       1
    4859   4.042   -74.20290    0.00000    0.00000    4859       4
    4860   4.043   -74.20289    0.00000    0.00000    4860       5
    4861   4.043   -74.20289    0.00000    0.00000    4861       1
    4862   4.044   -74.20289    0.00000    0.00000    4862       8
    4863   4.014   -74.20294    0.00000    0.00000    4863       1
    4864   4.043   -74.20289    0.00000    0.00000    4864       6
    4865   4.023   -74.20293    0.00000    0.00000    4865       1
    4866   4.044   -74.20289    0.00000    0.00000    4866       2
    4867   4.044   -74.20289    0.00000    0.00000    4867       2
    4868   4.045   -74.20289    0.00000    0.00000    4868       4
    4869   4.046   -74.20289    0.00000    0.00000    4869       4
    4870   4.046   -74.20289    0.00000    0.00000    4870       1
    4871   4.046   -74.20289    0.00000    0.00000    4871       2
    4872   4.046   -74.20289    0.00000    0.00000    4872       1
    4873   4.046   -74.20289    0.00000    0.00000    4873      10
    4874   4.047   -74.20289    0.00000    0.00000    4874       1
    4875   4.044   -74.20289    0.00000    0.00000    4875       1
    4876   4.048   -74.20289    0.00000    0.00000    4876       5
    4877   4.023   -74.20293    0.00000    0.00000    4877       1
    4878   4.048   -74.20289    0.00000    0.00000    4878       1
    4879   4.017   -74.20294    0.00000    0.00000    4879      13
    4880   4.048   -74.20289    0.00000    0.00000    4880       1
    4881   4.049   -74.20288    0.00000    0.00000    4881       2
    4882   4.051   -74.20288    0.00000    0.00000    4882       2
    4883   4.039   -74.20290    0.00000    0.00000    4883      19
    4884   4.043   -74.20289    0.00000    0.00000    4884       3
    4885   4.056   -74.20287    0.00000    0.00000    4885       1
    4886   4.029   -74.20292    0.00000    0.00000    4886      14
    4887   4.049   -74.20288    0.00000    0.00000    4887       8
    4888   4.057   -74.20287    0.00000    0.00000    4888       2
    4889   4.047   -74.20289    0.00000    0.00000    4889       1
    4890   4.053   -74.20288    0.00000    0.00000    4890      11
    4891   4.049   -74.20288    0.00000    0.00000    4891       9
    4892   4.060   -74.20287    0.00000    0.00000    4892       1
    4893   4.060   -74.20287    0.00000    0.00000    4893       4
    4894   4.061   -74.20287    0.00000    0.00000    4894       3
    4895   4.041   -74.20290    0.00000    0.00000    4895       2
    4896   4.060   -74.20287    0.00000    0.00000    4896       1
    4897   4.057   -74.20287    0.00000    0.00000    4897       2
    4898   4.060   -74.20287    0.00000    0.00000    4898       1
    4899   4.060   -74.20287    0.00000    0.00000    4899       1
    4900   4.015   -74.20294    0.00000    0.00000    4900       9
    4901   4.061   -74.20287    0.00000    0.00000    4901       1
    4902   4.061   -74.20287    0.00000    0.00000    4902       1
    4903   4.061   -74.20287    0.00000    0.00000    4903       1
    4904   4.061   -74.20287    0.00000    0.00000    4904       2
    4905   4.061   -74.20286    0.00000    0.00000    4905       3
    4906   4.061   -74.20287    0.00000    0.00000    4906       4
    4907   4.062   -74.20286    0.00000    0.00000    4907       6
    4908   4.062   -74.20286    0.00000    0.00000    4908       4
    4909   4.063   -74.20286    0.00000    0.00000    4909       1
    4910   4.063   -74.20286    0.00000    0.00000    4910       6
    4911   4.063   -74.20286    0.00000    0.00000    4911       7
    4912   4.064   -74.20286    0.00000    0.00000    4912       1
    4913   4.064   -74.20286    0.00000    0.00000    4913       2
    4914   4.064   -74.20286    0.00000    0.00000    4914       3
    4915   4.062   -74.20286    0.00000    0.00000    4915       1
    4916   4.064   -74.20286    0.00000    0.00000    4916       2
    4917   4.065   -74.20286    0.00000    0.00000    4917       3
    4918   4.064   -74.20286    0.00000    0.00000    4918       9
    4919   4.066   -74.20286    0.00000    0.00000    4919       1
    4920   4.066   -74.20286    0.00000    0.00000    4920       9
    4921   4.064   -74.20286    0.00000    0.00000    4921       1
    4922   4.047   -74.20289    0.00000    0.00000    4922      15
    4923   4.047   -74.20289    0.00000    0.00000    4923       2
    4924   4.067   -74.20286    0.00000    0.00000    4924       7
    4925   4.068   -74.20285    0.00000    0.00000    4925       1
    4926   4.068   -74.20285    0.00000    0.00000    4926       5
    4927   4.068   -74.20285    0.00000    0.00000    4927       6
    4928   4.068   -74.20285    0.00000    0.00000    4928      19
    4929   4.069   -74.20285    0.00000    0.00000    4929       2
    4930   4.069   -74.20285    0.00000    0.00000    4930       8
    4931   4.069   -74.20285    0.00000    0.00000    4931       2
    4932   4.069   -74.20285    0.00000    0.00000    4932      14
    4933   4.071   -74.20285    0.00000    0.00000    4933       1
    4934   4.071   -74.20285    0.00000    0.00000    4934       3
    4935   4.062   -74.20286    0.00000    0.00001    4935      39
    4936   4.071   -74.20285    0.00000    0.00000    4936       7
    4937   4.073   -74.20285    0.00000    0.00000    4937      22
    4938   4.070   -74.20285    0.00000    0.00000    4938       8
    4939   4.074   -74.20284    0.00000    0.00000    4939       1
    4940   4.038   -74.20290    0.00000    0.00000    4940       1
    4941   4.072   -74.20285    0.00000    0.00000    4941       3
    4942   4.075   -74.20284    0.00000    0.00000    4942      12
    4943   4.074   -74.20284    0.00000    0.00000    4943       5
    4944   4.077   -74.20284    0.00000    0.00000    4944       2
    4945   4.076   -74.20284    0.00000    0.00000    4945       1
    4946   4.077   -74.20284    0.00000    0.00000    4946       8
    4947   4.078   -74.20284    0.00000    0.00000    4947       2
    4948   4.076   -74.20284    0.00000    0.00000    4948       7
    4949   4.078   -74.20284    0.00000    0.00000    4949       7
    4950   4.078   -74.20284    0.00000    0.00000    4950       3
    4951   4.076   -74.20284    0.00000    0.00000    4951       1
    4952   4.075   -74.20284    0.00000    0.00000    4952       1
    4953   4.076   -74.20284    0.00000    0.00000    4953       1
    4954   4.078   -74.20284    0.00000    0.00001    4954      33
    4955   4.079   -74.20284    0.00000    0.00000    4955       6
    4956   4.077   -74.20284    0.00000    0.00000    4956       2
    4957   4.077   -74.20284    0.00000    0.00000    4957      14
    4958   4.079   -74.20284    0.00000    0.00000    4958       8
    4959   4.080   -74.20284    0.00000    0.00000    4959       1
    4960   4.080   -74.20284    0.00000    0.00000    4960       3
    4961   4.080   -74.20283    0.00000    0.00000    4961      13
    4962   4.080   -74.20283    0.00000    0.00000    4962       7
    4963   4.080   -74.20283    0.00000    0.00001    4963      59
    4964   4.084   -74.20283    0.00000    0.00000    4964       1
    4965   4.084   -74.20283    0.00000    0.00000    4965       1
    4966   4.071   -74.20285    0.00000    0.00000    4966       1
    4967   4.083   -74.20283    0.00000    0.00000    4967       6
    4968   4.084   -74.20283    0.00000    0.00000    4968       1
    4969   4.084   -74.20283    0.00000    0.00000    4969      11
    4970   4.085   -74.20283    0.00000    0.00000    4970       1
    4971   4.085   -74.20283    0.00000    0.00000    4971       1
    4972   4.084   -74.20283    0.00000    0.00000    4972       4
    4973   4.085   -74.20283    0.00000    0.00000    4973       1
    4974   4.085   -74.20283    0.00000    0.00000    4974       2
    4975   4.085   -74.20283    0.00000    0.00000    4975       8
    4976   4.085   -74.20283    0.00000    0.00001    4976      27
    4977   4.086   -74.20282    0.00000    0.00000    4977       3
    4978   4.087   -74.20282    0.00000    0.00000    4978       9
    4979   4.087   -74.20282    0.00000    0.00000    4979       2
    4980   4.087   -74.20282    0.00000    0.00000    4980       1
    4981   4.087   -74.20282    0.00000    0.00001    4981      30
    4982   4.087   -74.20282    0.00000    0.00000    4982      17
    4983   4.084   -74.20283    0.00000    0.00000    4983       3
    4984   4.091   -74.20282    0.00000    0.00000    4984      10
    4985   4.092   -74.20281    0.00000    0.00000    4985       5
    4986   4.085   -74.20283    0.00000    0.00000    4986       5
    4987   4.092   -74.20282    0.00000    0.00000    4987       4
    4988   4.093   -74.20281    0.00000    0.00001    4988      30
    4989   4.094   -74.20281    0.00000    0.00000    4989      20
    4990   4.066   -74.20286    0.00000    0.00000    4990       1
    4991   4.094   -74.20281    0.00000    0.00000    4991      11
    4992   4.094   -74.20281    0.00000    0.00000    4992       2
    4993   4.094   -74.20281    0.00000    0.00000    4993       3
    4994   4.090   -74.20282    0.00000    0.00000    4994       1
    4995   4.066   -74.20286    0.00000    0.00000    4995       1
    4996   4.094   -74.20281    0.00000    0.00000    4996       1
    4997   4.094   -74.20281    0.00000    0.00000    4997       4
    4998   4.085   -74.20283    0.00000    0.00000    4998       4
    4999   4.095   -74.20281    0.00000    0.00000    4999      14
    5000   4.096   -74.20281    0.00000    0.00000    5000       1
    5001   4.096   -74.20281    0.00000    0.00000    5001       2
    5002   4.096   -74.20281    0.00000    0.00000    5002       3
    5003   4.096   -74.20281    0.00000    0.00000    5003       7
    5004   4.090   -74.20282    0.00000    0.00000    5004       7
    5005   4.096   -74.20281    0.00000    0.00000    5005       2
    5006   4.096   -74.20281    0.00000    0.00000    5006      15
    5007   4.082   -74.20283    0.00000    0.00000    5007       2
    5008   4.095   -74.20281    0.00000    0.00000    5008      15
    5009   4.099   -74.20280    0.00000    0.00000    5009       5
    5010   4.090   -74.20282    0.00000    0.00000    5010       2
    5011   4.098   -74.20281    0.00000    0.00000    5011      20
    5012   4.094   -74.20281    0.00000    0.00000    5012       4
    5013   4.102   -74.20280    0.00000    0.00000    5013       1
    5014   4.100   -74.20280    0.00000    0.00000    5014       2
    5015   4.102   -74.20280    0.00000    0.00000    5015       1
    5016   4.090   -74.20282    0.00000    0.00000    5016       2
    5017   4.102   -74.20280    0.00000    0.00000    5017       3
    5018   4.102   -74.20280    0.00000    0.00000    5018      11
    5019   4.086   -74.20283    0.00000    0.00000    5019       1
    5020   4.100   -74.20280    0.00000    0.00000    5020       9
    5021   4.100   -74.20280    0.00000    0.00000    5021       2
    5022   4.100   -74.20280    0.00000    0.00000    5022       4
    5023   4.104   -74.20280    0.00000    0.00000    5023       8
    5024   4.104   -74.20280    0.00000    0.00000    5024       5
    5025   4.093   -74.20281    0.00000    0.00000    5025       6
    5026   4.105   -74.20279    0.00000    0.00000    5026       3
    5027   4.090   -74.20282    0.00000    0.00000    5027       4
    5028   4.106   -74.20279    0.00000    0.00000    5028       4
    5029   4.106   -74.20279    0.00000    0.00000    5029       3
    5030   4.106   -74.20279    0.00000    0.00000    5030       4
    5031   4.106   -74.20279    0.00000    0.00000    5031       1
    5032   4.101   -74.20280    0.00000    0.00000    5032       5
    5033   4.107   -74.20279    0.00000    0.00000    5033      12
    5034   4.109   -74.20279    0.00000    0.00000    5034       9
    5035   4.104   -74.20280    0.00000    0.00000    5035       2
    5036   4.109   -74.20279    0.00000    0.00000    5036      11
    5037   4.109   -74.20279    0.00000    0.00000    5037       2
    5038   4.110   -74.20279    0.00000    0.00000    5038       1
    5039   4.110   -74.20279    0.00000    0.00000    5039       1
    5040   4.111   -74.20279    0.00000    0.00000    5040       1
    5041   4.110   -74.20279    0.00000    0.00000    5041       4
    5042   4.112   -74.20278    0.00000    0.00000    5042       3
    5043   4.112   -74.20278    0.00000    0.00000    5043       4
    5044   4.093   -74.20281    0.00000    0.00000    5044       5
    5045   4.113   -74.20278    0.00000    0.00000    5045       1
    5046   4.113   -74.20278    0.00000    0.00000    5046       3
    5047   4.113   -74.20278    0.00000    0.00000    5047       1
    5048   4.113   -74.20278    0.00000    0.00000    5048       5
    5049   4.102   -74.20280    0.00000    0.00000    5049      13
    5050   4.104   -74.20280    0.00000    0.00000    5050       9
    5051   4.116   -74.20278    0.00000    0.00000    5051       2
    5052   4.116   -74.20278    0.00000    0.00000    5052       5
    5053   4.117   -74.20278    0.00000    0.00000    5053       4
    5054   4.119   -74.20277    0.00000    0.00000    5054       1
    5055   4.119   -74.20277    0.00000    0.00000    5055       1
    5056   4.119   -74.20277    0.00000    0.00000    5056       1
    5057   4.119   -74.20277    0.00000    0.00000    5057      11
    5058   4.122   -74.20277    0.00000    0.00000    5058       3
    5059   4.122   -74.20277    0.00000    0.00000    5059       1
    5060   4.122   -74.20277    0.00000    0.00001    5060      35
    5061   4.125   -74.20276    0.00000    0.00000    5061       2
    5062   4.124   -74.20276    0.00000    0.00000    5062       4
    5063   4.125   -74.20276    0.00000    0.00000    5063       2
    5064   4.122   -74.20277    0.00000    0.00000    5064       3
    5065   4.126   -74.20276    0.00000    0.00000    5065       2
    5066   4.126   -74.20276    0.00000    0.00000    5066      10
    5067   4.127   -74.20276    0.00000    0.00000    5067      11
    5068   4.127   -74.20276    0.00000    0.00000    5068       8
    5069   4.126   -74.20276    0.00000    0.00000    5069       6
    5070   4.128   -74.20276    0.00000    0.00000    5070       6
    5071   4.128   -74.20276    0.00000    0.00000    5071      12
    5072   4.130   -74.20276    0.00000    0.00000    5072       2
    5073   4.130   -74.20275    0.00000    0.00000    5073       1
    5074   4.130   -74.20275    0.00000    0.00000    5074       3
    5075   4.122   -74.20277    0.00000    0.00000    5075       8
    5076   4.132   -74.20275    0.00000    0.00000    5076       9
    5077   4.131   -74.20275    0.00000    0.00000    5077       8
    5078   4.128   -74.20276    0.00000    0.00001    5078      27
    5079   4.134   -74.20275    0.00000    0.00000    5079       2
    5080   4.133   -74.20275    0.00000    0.00000    5080       1
    5081   4.126   -74.20276    0.00000    0.00000    5081      12
    5082   4.133   -74.20275    0.00000    0.00000    5082       4
    5083   4.136   -74.20275    0.00000    0.00000    5083       6
    5084   4.135   -74.20275    0.00000    0.00000    5084       5
    5085   4.136   -74.20275    0.00000    0.00000    5085       7
    5086   4.139   -74.20274    0.00000    0.00000    5086       3
    5087   4.139   -74.20274    0.00000    0.00000    5087       3
    5088   4.139   -74.20274    0.00000    0.00000    5088       2
    5089   4.141   -74.20274    0.00000    0.00000    5089       6
    5090   4.142   -74.20274    0.00000    0.00000    5090       1
    5091   4.137   -74.20274    0.00000    0.00000    5091       8
    5092   4.143   -74.20274    0.00000    0.00000    5092       3
    5093   4.143   -74.20273    0.00000    0.00000    5093       5
    5094   4.127   -74.20276    0.00000    0.00000    5094       2
    5095   4.137   -74.20274    0.00000    0.00000    5095       5
    5096   4.134   -74.20275    0.00000    0.00000    5096      10
    5097   4.147   -74.20273    0.00000    0.00000    5097       1
    5098   4.148   -74.20273    0.00000    0.00000    5098       5
    5099   4.148   -74.20273    0.00000    0.00000    5099       1
    5100   4.149   -74.20273    0.00000    0.00000    5100       2
    5101   4.149   -74.20273    0.00000    0.00000    5101       2
    5102   4.144   -74.20273    0.00000    0.00000    5102       2
    5103   4.149   -74.20272    0.00000    0.00000    5103       1
    5104   4.149   -74.20272    0.00000    0.00000    5104       1
    5105   4.127   -74.20276    0.00000    0.00000    5105       2
    5106   4.150   -74.20272    0.00000    0.00000    5106       1
    5107   4.149   -74.20272    0.00000    0.00000    5107       1
    5108   4.149   -74.20272    0.00000    0.00000    5108       7
    5109   4.152   -74.20272    0.00000    0.00000    5109       2
    5110   4.151   -74.20272    0.00000    0.00000    5110       2
    5111   4.149   -74.20272    0.00000    0.00000    5111       1
    5112   4.128   -74.20276    0.00000    0.00000    5112       2
    5113   4.134   -74.20275    0.00000    0.00000    5113       1
    5114   4.134   -74.20275    0.00000    0.00000    5114       1
    5115   4.116   -74.20278    0.00000    0.00000    5115       5
    5116   4.134   -74.20275    0.00000    0.00000    5116       3
    5117   4.116   -74.20278    0.00000    0.00000    5117       1
    5118   4.116   -74.20278    0.00000    0.00000    5118       3
    5119   4.116   -74.20278    0.00000    0.00000    5119       1
    5120   4.134   -74.20275    0.00000    0.00000    5120       1
    5121   4.152   -74.20272    0.00000    0.00000    5121       2
    5122   4.153   -74.20272    0.00000    0.00000    5122       2
    5123   4.154   -74.20272    0.00000    0.00000    5123       1
    5124   4.154   -74.20272    0.00000    0.00000    5124       1
    5125   4.154   -74.20272    0.00000    0.00000    5125       1
    5126   4.154   -74.20272    0.00000    0.00000    5126       1
    5127   4.154   -74.20272    0.00000    0.00000    5127      16
    5128   4.157   -74.20271    0.00000    0.00000    5128       2
    5129   4.157   -74.20271    0.00000    0.00000    5129       2
    5130   4.158   -74.20271    0.00000    0.00000    5130       2
    5131   4.158   -74.20271    0.00000    0.00000    5131       3
    5132   4.158   -74.20271    0.00000    0.00000    5132       6
    5133   4.158   -74.20271    0.00000    0.00000    5133       1
    5134   4.138   -74.20274    0.00000    0.00000    5134      15
    5135   4.158   -74.20271    0.00000    0.00000    5135       6
    5136   4.159   -74.20271    0.00000    0.00000    5136       1
    5137   4.159   -74.20271    0.00000    0.00000    5137       2
    5138   4.159   -74.20271    0.00000    0.00000    5138       1
    5139   4.159   -74.20271    0.00000    0.00000    5139       7
    5140   4.160   -74.20271    0.00000    0.00000    5140       9
    5141   4.160   -74.20271    0.00000    0.00000    5141       5
    5142   4.160   -74.20271    0.00000    0.00000    5142       3
    5143   4.163   -74.20270    0.00000    0.00000    5143       1
    5144   4.158   -74.20271    0.00000    0.00001    5144      26
    5145   4.164   -74.20270    0.00000    0.00000    5145       4
    5146   4.165   -74.20270    0.00000    0.00000    5146       2
    5147   4.165   -74.20270    0.00000    0.00000    5147       9
    5148   4.166   -74.20270    0.00000    0.00000    5148       2
    5149   4.166   -74.20270    0.00000    0.00000    5149       6
    5150   4.165   -74.20270    0.00000    0.00000    5150       1
    5151   4.165   -74.20270    0.00000    0.00000    5151       1
    5152   4.165   -74.20270    0.00000    0.00000    5152       1
    5153   4.167   -74.20270    0.00000    0.00000    5153       3
    5154   4.167   -74.20270    0.00000    0.00000    5154       4
    5155   4.168   -74.20269    0.00000    0.00000    5155       5
    5156   4.169   -74.20269    0.00000    0.00000    5156       7
    5157   4.166   -74.20270    0.00000    0.00000    5157       5
    5158   4.172   -74.20269    0.00000    0.00000    5158       1
    5159   4.172   -74.20269    0.00000    0.00000    5159       1
    5160   4.172   -74.20269    0.00000    0.00000    5160       1
    5161   4.172   -74.20269    0.00000    0.00000    5161       4
    5162   4.172   -74.20269    0.00000    0.00000    5162      11
    5163   4.171   -74.20269    0.00000    0.00000    5163       1
    5164   4.173   -74.20269    0.00000    0.00000    5164      10
    5165   4.173   -74.20269    0.00000    0.00000    5165       8
    5166   4.174   -74.20269    0.00000    0.00000    5166       4
    5167   4.174   -74.20268    0.00000    0.00000    5167       7
    5168   4.175   -74.20268    0.00000    0.00000    5168       1
    5169   4.173   -74.20269    0.00000    0.00000    5169       2
    5170   4.176   -74.20268    0.00000    0.00000    5170      25
    5171   4.153   -74.20272    0.00000    0.00000    5171       1
    5172   4.153   -74.20272    0.00000    0.00000    5172       7
    5173   4.174   -74.20268    0.00000    0.00000    5173       7
    5174   4.177   -74.20268    0.00000    0.00000    5174       9
    5175   4.174   -74.20268    0.00000    0.00000    5175       9
    5176   4.179   -74.20268    0.00000    0.00000    5176       1
    5177   4.180   -74.20268    0.00000    0.00000    5177       8
    5178   4.180   -74.20267    0.00000    0.00000    5178       6
    5179   4.180   -74.20267    0.00000    0.00000    5179       9
    5180   4.177   -74.20268    0.00000    0.00000    5180      11
    5181   4.182   -74.20267    0.00000    0.00000    5181       1
    5182   4.182   -74.20267    0.00000    0.00000    5182       2
    5183   4.182   -74.20267    0.00000    0.00000    5183      15
    5184   4.181   -74.20267    0.00000    0.00000    5184       4
    5185   4.183   -74.20267    0.00000    0.00000    5185       2
    5186   4.177   -74.20268    0.00000    0.00000    5186       1
    5187   4.183   -74.20267    0.00000    0.00000    5187       1
    5188   4.176   -74.20268    0.00000    0.00000    5188       2
    5189   4.183   -74.20267    0.00000    0.00000    5189       1
    5190   4.183   -74.20267    0.00000    0.00000    5190       9
    5191   4.185   -74.20267    0.00000    0.00000    5191       4
    5192   4.185   -74.20267    0.00000    0.00000    5192       3
    5193   4.174   -74.20268    0.00000    0.00000    5193       7
    5194   4.187   -74.20266    0.00000    0.00000    5194       2
    5195   4.182   -74.20267    0.00000    0.00000    5195       1
    5196   4.176   -74.20268    0.00000    0.00000    5196       3
    5197   4.186   -74.20267    0.00000    0.00000    5197      18
    5198   4.187   -74.20266    0.00000    0.00000    5198       3
    5199   4.188   -74.20266    0.00000    0.00000    5199       8
    5200   4.190   -74.20266    0.00000    0.00000    5200       2
    5201   4.190   -74.20266    0.00000    0.00000    5201       3
    5202   4.190   -74.20266    0.00000    0.00000    5202       1
    5203   4.190   -74.20266    0.00000    0.00000    5203       2
    5204   4.192   -74.20266    0.00000    0.00000    5204       3
    5205   4.190   -74.20266    0.00000    0.00000    5205       1
    5206   4.192   -74.20266    0.00000    0.00000    5206       2
    5207   4.192   -74.20266    0.00000    0.00000    5207       1
    5208   4.158   -74.20271    0.00000    0.00000    5208       2
    5209   4.187   -74.20266    0.00000    0.00000    5209       1
    5210   4.192   -74.20266    0.00000    0.00000    5210      14
    5211   4.193   -74.20265    0.00000    0.00000    5211       4
    5212   4.191   -74.20266    0.00000    0.00000    5212       1
    5213   4.193   -74.20265    0.00000    0.00000    5213       2
    5214   4.176   -74.20268    0.00000    0.00000    5214       1
    5215   4.194   -74.20265    0.00000    0.00000    5215       4
    5216   4.193   -74.20265    0.00000    0.00000    5216       1
    5217   4.195   -74.20265    0.00000    0.00000    5217       1
    5218   4.195   -74.20265    0.00000    0.00000    5218       3
    5219   4.195   -74.20265    0.00000    0.00000    5219       1
    5220   4.195   -74.20265    0.00000    0.00000    5220       1
    5221   4.195   -74.20265    0.00000    0.00000    5221       5
    5222   4.196   -74.20265    0.00000    0.00000    5222       2
    5223   4.196   -74.20265    0.00000    0.00000    5223       3
    5224   4.196   -74.20265    0.00000    0.00000    5224      14
    5225   4.198   -74.20265    0.00000    0.00000    5225       1
    5226   4.198   -74.20265    0.00000    0.00000    5226       1
    5227   4.198   -74.20265    0.00000    0.00000    5227       4
    5228   4.199   -74.20264    0.00000    0.00000    5228       4
    5229   4.196   -74.20265    0.00000    0.00000    5229       3
    5230   4.199   -74.20264    0.00000    0.00000    5230       1
    5231   4.175   -74.20268    0.00000    0.00000    5231      20
    5232   4.201   -74.20264    0.00000    0.00000    5232       2
    5233   4.201   -74.20264    0.00000    0.00000    5233      12
    5234   4.202   -74.20264    0.00000    0.00000    5234       4
    5235   4.201   -74.20264    0.00000    0.00000    5235       5
    5236   4.202   -74.20264    0.00000    0.00000    5236       4
    5237   4.202   -74.20264    0.00000    0.00000    5237       3
    5238   4.199   -74.20264    0.00000    0.00000    5238      18
    5239   4.203   -74.20264    0.00000    0.00001    5239      29
    5240   4.203   -74.20264    0.00000    0.00000    5240       1
    5241   4.205   -74.20264    0.00000    0.00000    5241       4
    5242   4.206   -74.20263    0.00000    0.00000    5242       3
    5243   4.205   -74.20264    0.00000    0.00000    5243       9
    5244   4.206   -74.20263    0.00000    0.00000    5244       1
    5245   4.206   -74.20263    0.00000    0.00000    5245       6
    5246   4.208   -74.20263    0.00000    0.00000    5246       2
    5247   4.203   -74.20264    0.00000    0.00000    5247       7
    5248   4.209   -74.20263    0.00000    0.00000    5248      15
    5249   4.210   -74.20263    0.00000    0.00000    5249      14
    5250   4.208   -74.20263    0.00000    0.00000    5250       4
    5251   4.175   -74.20268    0.00000    0.00000    5251       5
    5252   4.211   -74.20263    0.00000    0.00000    5252       5
    5253   4.203   -74.20264    0.00000    0.00000    5253      13
    5254   4.213   -74.20262    0.00000    0.00000    5254       8
    5255   4.207   -74.20263    0.00000    0.00000    5255       1
    5256   4.212   -74.20262    0.00000    0.00000    5256       1
    5257   4.210   -74.20263    0.00000    0.00000    5257       3
    5258   4.213   -74.20262    0.00000    0.00000    5258       3
    5259   4.214   -74.20262    0.00000    0.00000    5259       4
    5260   4.214   -74.20262    0.00000    0.00000    5260       3
    5261   4.214   -74.20262    0.00000    0.00000    5261       1
    5262   4.215   -74.20262    0.00000    0.00000    5262       6
    5263   4.179   -74.20268    0.00000    0.00000    5263       8
    5264   4.221   -74.20261    0.00000    0.00000    5264       3
    5265   4.221   -74.20261    0.00000    0.00000    5265       2
    5266   4.219   -74.20261    0.00000    0.00000    5266       3
    5267   4.216   -74.20262    0.00000    0.00000    5267       1
    5268   4.215   -74.20262    0.00000    0.00000    5268       2
    5269   4.214   -74.20262    0.00000    0.00000    5269       1
    5270   4.221   -74.20261    0.00000    0.00000    5270       1
    5271   4.221   -74.20261    0.00000    0.00000    5271       1
    5272   4.220   -74.20261    0.00000    0.00000    5272       4
    5273   4.222   -74.20261    0.00000    0.00000    5273       7
    5274   4.215   -74.20262    0.00000    0.00000    5274       6
    5275   4.221   -74.20261    0.00000    0.00000    5275      12
    5276   4.225   -74.20260    0.00000    0.00000    5276       1
    5277   4.225   -74.20260    0.00000    0.00000    5277       2
    5278   4.226   -74.20260    0.00000    0.00000    5278       1
    5279   4.226   -74.20260    0.00000    0.00000    5279       2
    5280   4.227   -74.20260    0.00000    0.00000    5280       2
    5281   4.226   -74.20260    0.00000    0.00000    5281       1
    5282   4.227   -74.20260    0.00000    0.00000    5282       3
    5283   4.227   -74.20260    0.00000    0.00000    5283       4
    5284   4.228   -74.20260    0.00000    0.00000    5284       2
    5285   4.228   -74.20260    0.00000    0.00000    5285       2
    5286   4.228   -74.20260    0.00000    0.00000    5286       1
    5287   4.225   -74.20260    0.00000    0.00000    5287       1
    5288   4.228   -74.20260    0.00000    0.00000    5288       4
    5289   4.228   -74.20260    0.00000    0.00000    5289       1
    5290   4.222   -74.20261    0.00000    0.00000    5290       1
    5291   4.228   -74.20260    0.00000    0.00000    5291      13
    5292   4.229   -74.20260    0.00000    0.00000    5292       2
    5293   4.229   -74.20260    0.00000    0.00000    5293       8
    5294   4.232   -74.20259    0.00000    0.00000    5294       1
    5295   4.230   -74.20260    0.00000    0.00000    5295       6
    5296   4.199   -74.20264    0.00000    0.00000    5296       2
    5297   4.231   -74.20259    0.00000    0.00000    5297       9
    5298   4.231   -74.20259    0.00000    0.00000    5298       1
    5299   4.200   -74.20264    0.00000    0.00000    5299       2
    5300   4.232   -74.20259    0.00000    0.00000    5300       5
    5301   4.232   -74.20259    0.00000    0.00000    5301       1
    5302   4.232   -74.20259    0.00000    0.00000    5302       4
    5303   4.232   -74.20259    0.00000    0.00000    5303       7
    5304   4.233   -74.20259    0.00000    0.00000    5304       1
    5305   4.236   -74.20259    0.00000    0.00000    5305       1
    5306   4.233   -74.20259    0.00000    0.00000    5306      15
    5307   4.236   -74.20259    0.00000    0.00000    5307       1
    5308   4.236   -74.20259    0.00000    0.00000    5308       1
    5309   4.236   -74.20259    0.00000    0.00000    5309       2
    5310   4.236   -74.20259    0.00000    0.00000    5310       3
    5311   4.236   -74.20259    0.00000    0.00000    5311       1
    5312   4.236   -74.20259    0.00000    0.00000    5312       1
    5313   4.236   -74.20259    0.00000    0.00000    5313      23
    5314   4.238   -74.20258    0.00000    0.00000    5314       4
    5315   4.238   -74.20258    0.00000    0.00000    5315       6
    5316   4.240   -74.20258    0.00000    0.00000    5316       1
    5317   4.240   -74.20258    0.00000    0.00000    5317       2
    5318   4.240   -74.20258    0.00000    0.00000    5318       2
    5319   4.240   -74.20258    0.00000    0.00000    5319       2
    5320   4.239   -74.20258    0.00000    0.00000    5320       3
    5321   4.239   -74.20258    0.00000    0.00000    5321       5
    5322   4.211   -74.20263    0.00000    0.00000    5322      11
    5323   4.241   -74.20258    0.00000    0.00000    5323       3
    5324   4.242   -74.20258    0.00000    0.00000    5324      15
    5325   4.244   -74.20257    0.00000    0.00000    5325       3
    5326   4.245   -74.20257    0.00000    0.00000    5326       3
    5327   4.243   -74.20257    0.00000    0.00000    5327       1
    5328   4.199   -74.20265    0.00000    0.00000    5328      10
    5329   4.246   -74.20257    0.00000    0.00000    5329       1
    5330   4.244   -74.20257    0.00000    0.00000    5330       1
    5331   4.246   -74.20257    0.00000    0.00000    5331       6
    5332   4.214   -74.20262    0.00000    0.00000    5332       4
    5333   4.246   -74.20257    0.00000    0.00000    5333       5
    5334   4.246   -74.20257    0.00000    0.00000    5334       1
    5335   4.246   -74.20257    0.00000    0.00000    5335       1
    5336   4.238   -74.20258    0.00000    0.00000    5336       4
    5337   4.247   -74.20257    0.00000    0.00000    5337       1
    5338   4.224   -74.20261    0.00000    0.00000    5338       1
    5339   4.247   -74.20257    0.00000    0.00000    5339       1
    5340   4.247   -74.20257    0.00000    0.00000    5340       8
    5341   4.248   -74.20257    0.00000    0.00000    5341       1
    5342   4.248   -74.20257    0.00000    0.00000    5342       3
    5343   4.248   -74.20257    0.00000    0.00000    5343       3
    5344   4.248   -74.20257    0.00000    0.00000    5344       9
    5345   4.253   -74.20256    0.00000    0.00000    5345       1
    5346   4.253   -74.20256    0.00000    0.00000    5346       3
    5347   4.247   -74.20257    0.00000    0.00000    5347       5
    5348   4.249   -74.20256    0.00000    0.00000    5348       3
    5349   4.255   -74.20256    0.00000    0.00000    5349       5
    5350   4.255   -74.20256    0.00000    0.00000    5350       2
    5351   4.253   -74.20256    0.00000    0.00000    5351       8
    5352   4.255   -74.20256    0.00000    0.00000    5352       4
    5353   4.253   -74.20256    0.00000    0.00000    5353       1
    5354   4.255   -74.20256    0.00000    0.00000    5354       1
    5355   4.255   -74.20256    0.00000    0.00000    5355       3
    5356   4.255   -74.20256    0.00000    0.00000    5356       7
    5357   4.256   -74.20255    0.00000    0.00000    5357       1
    5358   4.256   -74.20255    0.00000    0.00000    5358       3
    5359   4.256   -74.20255    0.00000    0.00000    5359       4
    5360   4.258   -74.20255    0.00000    0.00000    5360       1
    5361   4.257   -74.20255    0.00000    0.00000    5361       6
    5362   4.257   -74.20255    0.00000    0.00000    5362       1
    5363   4.258   -74.20255    0.00000    0.00000    5363      14
    5364   4.259   -74.20255    0.00000    0.00000    5364       6
    5365   4.260   -74.20255    0.00000    0.00000    5365       3
    5366   4.260   -74.20255    0.00000    0.00000    5366       2
    5367   4.259   -74.20255    0.00000    0.00000    5367       1
    5368   4.260   -74.20255    0.00000    0.00000    5368       1
    5369   4.259   -74.20255    0.00000    0.00000    5369       1
    5370   4.260   -74.20255    0.00000    0.00000    5370       5
    5371   4.260   -74.20255    0.00000    0.00000    5371       6
    5372   4.262   -74.20254    0.00000    0.00000    5372       1
    5373   4.249   -74.20257    0.00000    0.00000    5373       1
    5374   4.261   -74.20255    0.00000    0.00000    5374       1
    5375   4.258   -74.20255    0.00000    0.00000    5375       5
    5376   4.261   -74.20255    0.00000    0.00000    5376       2
    5377   4.263   -74.20254    0.00000    0.00000    5377       1
    5378   4.261   -74.20255    0.00000    0.00000    5378      12
    5379   4.261   -74.20255    0.00000    0.00000    5379       2
    5380   4.265   -74.20254    0.00000    0.00000    5380       8
    5381   4.265   -74.20254    0.00000    0.00000    5381       3
    5382   4.266   -74.20254    0.00000    0.00000    5382       1
    5383   4.266   -74.20254    0.00000    0.00000    5383       4
    5384   4.266   -74.20254    0.00000    0.00000    5384       2
    5385   4.266   -74.20254    0.00000    0.00000    5385       5
    5386   4.266   -74.20254    0.00000    0.00000    5386       4
    5387   4.267   -74.20254    0.00000    0.00000    5387       2
    5388   4.266   -74.20254    0.00000    0.00000    5388       1
    5389   4.266   -74.20254    0.00000    0.00000    5389       3
    5390   4.267   -74.20254    0.00000    0.00000    5390       3
    5391   4.267   -74.20254    0.00000    0.00000    5391       4
    5392   4.258   -74.20255    0.00000    0.00000    5392       1
    5393   4.267   -74.20254    0.00000    0.00000    5393       1
    5394   4.267   -74.20254    0.00000    0.00000    5394      10
    5395   4.257   -74.20255    0.00000    0.00000    5395       1
    5396   4.245   -74.20257    0.00000    0.00000    5396       1
    5397   4.268   -74.20254    0.00000    0.00000    5397       3
    5398   4.268   -74.20253    0.00000    0.00000    5398       3
    5399   4.268   -74.20253    0.00000    0.00000    5399       3
    5400   4.258   -74.20255    0.00000    0.00000    5400       4
    5401   4.269   -74.20253    0.00000    0.00000    5401       2
    5402   4.269   -74.20253    0.00000    0.00000    5402       2
    5403   4.268   -74.20254    0.00000    0.00000    5403       1
    5404   4.269   -74.20253    0.00000    0.00000    5404       3
    5405   4.269   -74.20253    0.00000    0.00000    5405       3
    5406   4.269   -74.20253    0.00000    0.00000    5406       2
    5407   4.270   -74.20253    0.00000    0.00000    5407       6
    5408   4.270   -74.20253    0.00000    0.00000    5408       2
    5409   4.271   -74.20253    0.00000    0.00000    5409      11
    5410   4.272   -74.20253    0.00000    0.00000    5410       1
    5411   4.272   -74.20253    0.00000    0.00000    5411      11
    5412   4.274   -74.20253    0.00000    0.00000    5412       1
    5413   4.274   -74.20253    0.00000    0.00000    5413       6
    5414   4.274   -74.20252    0.00000    0.00000    5414       6
    5415   4.273   -74.20253    0.00000    0.00000    5415       2
    5416   4.275   -74.20252    0.00000    0.00000    5416       5
    5417   4.275   -74.20252    0.00000    0.00000    5417       5
    5418   4.276   -74.20252    0.00000    0.00000    5418       6
    5419   4.276   -74.20252    0.00000    0.00000    5419       1
    5420   4.276   -74.20252    0.00000    0.00000    5420      14
    5421   4.278   -74.20252    0.00000    0.00000    5421       1
    5422   4.278   -74.20252    0.00000    0.00000    5422       2
    5423   4.278   -74.20252    0.00000    0.00000    5423       3
    5424   4.278   -74.20252    0.00000    0.00000    5424       5
    5425   4.279   -74.20252    0.00000    0.00000    5425       3
    5426   4.282   -74.20251    0.00000    0.00000    5426       1
    5427   4.282   -74.20251    0.00000    0.00000    5427       2
    5428   4.283   -74.20251    0.00000    0.00000    5428       6
    5429   4.284   -74.20251    0.00000    0.00000    5429       3
    5430   4.285   -74.20251    0.00000    0.00000    5430       2
    5431   4.285   -74.20251    0.00000    0.00000    5431       3
    5432   4.285   -74.20251    0.00000    0.00000    5432       4
    5433   4.286   -74.20251    0.00000    0.00000    5433       1
    5434   4.286   -74.20251    0.00000    0.00000    5434       5
    5435   4.272   -74.20253    0.00000    0.00000    5435       2
    5436   4.286   -74.20251    0.00000    0.00000    5436       1
    5437   4.278   -74.20252    0.00000    0.00000    5437      10
    5438   4.268   -74.20254    0.00000    0.00000    5438       5
    5439   4.288   -74.20250    0.00000    0.00000    5439       6
    5440   4.289   -74.20250    0.00000    0.00000    5440       5
    5441   4.289   -74.20250    0.00000    0.00000    5441       2
    5442   4.280   -74.20252    0.00000    0.00000    5442       3
    5443   4.292   -74.20250    0.00000    0.00000    5443       9
    5444   4.292   -74.20250    0.00000    0.00000    5444       6
    5445   4.291   -74.20250    0.00000    0.00000    5445       2
    5446   4.295   -74.20249    0.00000    0.00000    5446       8
    5447   4.296   -74.20249    0.00000    0.00000    5447       1
    5448   4.285   -74.20251    0.00000    0.00000    5448       8
    5449   4.298   -74.20249    0.00000    0.00000    5449      13
    5450   4.299   -74.20249    0.00000    0.00000    5450       4
    5451   4.300   -74.20248    0.00000    0.00000    5451       1
    5452   4.298   -74.20249    0.00000    0.00000    5452       7
    5453   4.302   -74.20248    0.00000    0.00000    5453       2
    5454   4.302   -74.20248    0.00000    0.00000    5454       5
    5455   4.302   -74.20248    0.00000    0.00000    5455       6
    5456   4.304   -74.20248    0.00000    0.00000    5456       1
    5457   4.304   -74.20248    0.00000    0.00000    5457       7
    5458   4.304   -74.20248    0.00000    0.00000    5458       2
    5459   4.305   -74.20248    0.00000    0.00000    5459       3
    5460   4.305   -74.20248    0.00000    0.00000    5460       8
    5461   4.285   -74.20251    0.00000    0.00000    5461       3
    5462   4.306   -74.20248    0.00000    0.00000    5462       1
    5463   4.306   -74.20248    0.00000    0.00000    5463       1
    5464   4.306   -74.20248    0.00000    0.00000    5464       1
    5465   4.306   -74.20248    0.00000    0.00000    5465       3
    5466   4.306   -74.20247    0.00000    0.00000    5466      11
    5467   4.307   -74.20247    0.00000    0.00000    5467       1
    5468   4.306   -74.20247    0.00000    0.00000    5468       1
    5469   4.306   -74.20247    0.00000    0.00000    5469       5
    5470   4.307   -74.20247    0.00000    0.00000    5470       1
    5471   4.306   -74.20247    0.00000    0.00000    5471       1
    5472   4.304   -74.20248    0.00000    0.00000    5472       9
    5473   4.307   -74.20247    0.00000    0.00000    5473       2
    5474   4.307   -74.20247    0.00000    0.00000    5474      12
    5475   4.306   -74.20247    0.00000    0.00000    5475       9
    5476   4.309   -74.20247    0.00000    0.00000    5476       2
    5477   4.309   -74.20247    0.00000    0.00000    5477       1
    5478   4.310   -74.20247    0.00000    0.00000    5478      17
    5479   4.310   -74.20247    0.00000    0.00000    5479       6
    5480   4.311   -74.20247    0.00000    0.00000    5480       1
    5481   4.311   -74.20247    0.00000    0.00000    5481       1
    5482   4.311   -74.20247    0.00000    0.00000    5482      21
    5483   4.311   -74.20247    0.00000    0.00000    5483       3
    5484   4.312   -74.20246    0.00000    0.00000    5484      13
    5485   4.311   -74.20247    0.00000    0.00000    5485       1
    5486   4.313   -74.20246    0.00000    0.00000    5486      17
    5487   4.297   -74.20249    0.00000    0.00000    5487       5
    5488   4.315   -74.20246    0.00000    0.00000    5488       1
    5489   4.313   -74.20246    0.00000    0.00000    5489       2
    5490   4.314   -74.20246    0.00000    0.00000    5490       4
    5491   4.315   -74.20246    0.00000    0.00000    5491       9
    5492   4.316   -74.20246    0.00000    0.00000    5492      16
    5493   4.295   -74.20249    0.00000    0.00000    5493       6
    5494   4.318   -74.20246    0.00000    0.00000    5494       2
    5495   4.299   -74.20249    0.00000    0.00000    5495       1
    5496   4.312   -74.20247    0.00000    0.00000    5496       2
    5497   4.309   -74.20247    0.00000    0.00000    5497       1
    5498   4.318   -74.20245    0.00000    0.00000    5498       8
    5499   4.319   -74.20245    0.00000    0.00000    5499       4
    5500   4.319   -74.20245    0.00000    0.00000    5500       6
    5501   4.321   -74.20245    0.00000    0.00000    5501       4
    5502   4.320   -74.20245    0.00000    0.00000    5502       5
    5503   4.320   -74.20245    0.00000    0.00000    5503       2
    5504   4.323   -74.20245    0.00000    0.00000    5504       3
    5505   4.320   -74.20245    0.00000    0.00000    5505       3
    5506   4.323   -74.20245    0.00000    0.00000    5506       1
    5507   4.323   -74.20245    0.00000    0.00000    5507      11
    5508   4.324   -74.20245    0.00000    0.00000    5508       4
    5509   4.325   -74.20244    0.00000    0.00000    5509       1
    5510   4.325   -74.20244    0.00000    0.00000    5510       7
    5511   4.326   -74.20244    0.00000    0.00000    5511       2
    5512   4.322   -74.20245    0.00000    0.00000    5512       3
    5513   4.326   -74.20244    0.00000    0.00000    5513       2
    5514   4.326   -74.20244    0.00000    0.00000    5514       7
    5515   4.312   -74.20247    0.00000    0.00000    5515       7
    5516   4.328   -74.20244    0.00000    0.00000    5516       1
    5517   4.328   -74.20244    0.00000    0.00000    5517       2
    5518   4.328   -74.20244    0.00000    0.00000    5518       3
    5519   4.327   -74.20244    0.00000    0.00000    5519       3
    5520   4.328   -74.20244    0.00000    0.00000    5520      12
    5521   4.329   -74.20244    0.00000    0.00000    5521       9
    5522   4.330   -74.20244    0.00000    0.00000    5522       5
    5523   4.330   -74.20244    0.00000    0.00000    5523      10
    5524   4.331   -74.20244    0.00000    0.00000    5524       1
    5525   4.331   -74.20244    0.00000    0.00000    5525       1
    5526   4.331   -74.20243    0.00000    0.00000    5526       1
    5527   4.331   -74.20243    0.00000    0.00000    5527      11
    5528   4.333   -74.20243    0.00000    0.00000    5528       1
    5529   4.331   -74.20243    0.00000    0.00000    5529       6
    5530   4.334   -74.20243    0.00000    0.00000    5530       1
    5531   4.334   -74.20243    0.00000    0.00000    5531       2
    5532   4.333   -74.20243    0.00000    0.00000    5532       2
    5533   4.333   -74.20243    0.00000    0.00000    5533       4
    5534   4.334   -74.20243    0.00000    0.00000    5534       5
    5535   4.325   -74.20244    0.00000    0.00000    5535       4
    5536   4.320   -74.20245    0.00000    0.00000    5536      20
    5537   4.330   -74.20244    0.00000    0.00000    5537       1
    5538   4.336   -74.20243    0.00000    0.00000    5538       3
    5539   4.334   -74.20243    0.00000    0.00000    5539      13
    5540   4.338   -74.20242    0.00000    0.00000    5540       3
    5541   4.338   -74.20242    0.00000    0.00000    5541       7
    5542   4.340   -74.20242    0.00000    0.00000    5542       1
    5543   4.340   -74.20242    0.00000    0.00000    5543       1
    5544   4.340   -74.20242    0.00000    0.00000    5544       1
    5545   4.337   -74.20243    0.00000    0.00000    5545       5
    5546   4.340   -74.20242    0.00000    0.00000    5546       5
    5547   4.340   -74.20242    0.00000    0.00000    5547       2
    5548   4.309   -74.20247    0.00000    0.00000    5548       9
    5549   4.340   -74.20242    0.00000    0.00000    5549       1
    5550   4.341   -74.20242    0.00000    0.00000    5550      10
    5551   4.340   -74.20242    0.00000    0.00000    5551       5
    5552   4.344   -74.20241    0.00000    0.00000    5552       7
    5553   4.345   -74.20241    0.00000    0.00000    5553      14
    5554   4.341   -74.20242    0.00000    0.00000    5554       6
    5555   4.347   -74.20241    0.00000    0.00000    5555       1
    5556   4.345   -74.20241    0.00000    0.00000    5556       3
    5557   4.347   -74.20241    0.00000    0.00000    5557       5
    5558   4.345   -74.20241    0.00000    0.00000    5558      11
    5559   4.347   -74.20241    0.00000    0.00000    5559      14
    5560   4.348   -74.20241    0.00000    0.00000    5560       1
    5561   4.349   -74.20241    0.00000    0.00000    5561       2
    5562   4.349   -74.20241    0.00000    0.00000    5562       2
    5563   4.349   -74.20241    0.00000    0.00000    5563       2
    5564   4.349   -74.20241    0.00000    0.00000    5564       1
    5565   4.349   -74.20241    0.00000    0.00000    5565       6
    5566   4.350   -74.20241    0.00000    0.00000    5566       1
    5567   4.350   -74.20240    0.00000    0.00000    5567       4
    5568   4.350   -74.20240    0.00000    0.00000    5568       1
    5569   4.350   -74.20240    0.00000    0.00000    5569       1
    5570   4.352   -74.20240    0.00000    0.00000    5570      17
    5571   4.353   -74.20240    0.00000    0.00000    5571       1
    5572   4.353   -74.20240    0.00000    0.00000    5572       1
    5573   4.355   -74.20240    0.00000    0.00000    5573      13
    5574   4.356   -74.20239    0.00000    0.00000    5574      12
    5575   4.355   -74.20240    0.00000    0.00000    5575       1
    5576   4.327   -74.20244    0.00000    0.00000    5576       3
    5577   4.355   -74.20240    0.00000    0.00000    5577       4
    5578   4.358   -74.20239    0.00000    0.00000    5578       7
    5579   4.359   -74.20239    0.00000    0.00000    5579       1
    5580   4.359   -74.20239    0.00000    0.00000    5580       1
    5581   4.359   -74.20239    0.00000    0.00000    5581       6
    5582   4.359   -74.20239    0.00000    0.00000    5582      12
    5583   4.360   -74.20239    0.00000    0.00000    5583       4
    5584   4.360   -74.20239    0.00000    0.00000    5584       1
    5585   4.360   -74.20239    0.00000    0.00000    5585       1
    5586   4.358   -74.20239    0.00000    0.00000    5586       5
    5587   4.360   -74.20239    0.00000    0.00000    5587       1
    5588   4.360   -74.20239    0.00000    0.00000    5588       7
    5589   4.332   -74.20243    0.00000    0.00000    5589       1
    5590   4.361   -74.20239    0.00000    0.00000    5590       6
    5591   4.361   -74.20239    0.00000    0.00000    5591       1
    5592   4.355   -74.20240    0.00000    0.00000    5592       2
    5593   4.355   -74.20240    0.00000    0.00000    5593       5
    5594   4.364   -74.20238    0.00000    0.00000    5594       1
    5595   4.364   -74.20238    0.00000    0.00000    5595       4
    5596   4.365   -74.20238    0.00000    0.00000    5596       2
    5597   4.365   -74.20238    0.00000    0.00000    5597      17
    5598   4.356   -74.20240    0.00000    0.00000    5598       2
    5599   4.368   -74.20238    0.00000    0.00000    5599       2
    5600   4.368   -74.20238    0.00000    0.00000    5600       1
    5601   4.368   -74.20238    0.00000    0.00000    5601       1
    5602   4.368   -74.20238    0.00000    0.00000    5602       2
    5603   4.369   -74.20237    0.00000    0.00000    5603       5
    5604   4.369   -74.20237    0.00000    0.00000    5604      14
    5605   4.329   -74.20244    0.00000    0.00000    5605       5
    5606   4.369   -74.20237    0.00000    0.00000    5606       4
    5607   4.369   -74.20237    0.00000    0.00000    5607      19
    5608   4.370   -74.20237    0.00000    0.00000    5608       1
    5609   4.370   -74.20237    0.00000    0.00000    5609       3
    5610   4.370   -74.20237    0.00000    0.00000    5610       1
    5611   4.370   -74.20237    0.00000    0.00000    5611       1
    5612   4.370   -74.20237    0.00000    0.00000    5612       8
    5613   4.367   -74.20238    0.00000    0.00000    5613       2
    5614   4.371   -74.20237    0.00000    0.00000    5614       3
    5615   4.371   -74.20237    0.00000    0.00000    5615       1
    5616   4.371   -74.20237    0.00000    0.00000    5616       2
    5617   4.372   -74.20237    0.00000    0.00000    5617       1
    5618   4.372   -74.20237    0.00000    0.00000    5618       1
    5619   4.372   -74.20237    0.00000    0.00000    5619       2
    5620   4.372   -74.20237    0.00000    0.00000    5620       6
    5621   4.373   -74.20237    0.00000    0.00000    5621       1
    5622   4.373   -74.20237    0.00000    0.00000    5622      28
    5623   4.375   -74.20236    0.00000    0.00000    5623       5
    5624   4.375   -74.20236    0.00000    0.00000    5624       3
    5625   4.376   -74.20236    0.00000    0.00000    5625      14
    5626   4.377   -74.20236    0.00000    0.00000    5626      13
    5627   4.379   -74.20236    0.00000    0.00000    5627       2
    5628   4.379   -74.20236    0.00000    0.00000    5628       2
    5629   4.374   -74.20237    0.00000    0.00000    5629       6
    5630   4.376   -74.20236    0.00000    0.00000    5630       1
    5631   4.381   -74.20235    0.00000    0.00000    5631      12
    5632   4.383   -74.20235    0.00000    0.00000    5632       1
    5633   4.372   -74.20237    0.00000    0.00000    5633       1
    5634   4.382   -74.20235    0.00000    0.00000    5634      15
    5635   4.383   -74.20235    0.00000    0.00000    5635       3
    5636   4.384   -74.20235    0.00000    0.00000    5636       3
    5637   4.372   -74.20237    0.00000    0.00000    5637       1
    5638   4.364   -74.20238    0.00000    0.00000    5638       4
    5639   4.372   -74.20237    0.00000    0.00000    5639      12
    5640   4.384   -74.20235    0.00000    0.00000    5640       2
    5641   4.384   -74.20235    0.00000    0.00000    5641      22
    5642   4.386   -74.20235    0.00000    0.00000    5642      12
    5643   4.386   -74.20235    0.00000    0.00000    5643       3
    5644   4.386   -74.20235    0.00000    0.00000    5644       2
    5645   4.386   -74.20235    0.00000    0.00000    5645       1
    5646   4.387   -74.20235    0.00000    0.00000    5646       5
    5647   4.387   -74.20235    0.00000    0.00000    5647       1
    5648   4.387   -74.20235    0.00000    0.00000    5648       1
    5649   4.386   -74.20235    0.00000    0.00000    5649       4
    5650   4.387   -74.20235    0.00000    0.00000    5650      14
    5651   4.386   -74.20235    0.00000    0.00000    5651       1
    5652   4.388   -74.20234    0.00000    0.00000    5652       5
    5653   4.388   -74.20234    0.00000    0.00000    5653       4
    5654   4.392   -74.20234    0.00000    0.00000    5654       1
    5655   4.390   -74.20234    0.00000    0.00000    5655       2
    5656   4.356   -74.20239    0.00000    0.00000    5656       5
    5657   4.393   -74.20234    0.00000    0.00000    5657      12
    5658   4.387   -74.20235    0.00000    0.00000    5658       2
    5659   4.394   -74.20233    0.00000    0.00000    5659       5
    5660   4.395   -74.20233    0.00000    0.00000    5660      10
    5661   4.389   -74.20234    0.00000    0.00000    5661      14
    5662   4.387   -74.20234    0.00000    0.00000    5662       4
    5663   4.396   -74.20233    0.00000    0.00000    5663       1
    5664   4.359   -74.20239    0.00000    0.00000    5664       8
    5665   4.396   -74.20233    0.00000    0.00000    5665       2
    5666   4.396   -74.20233    0.00000    0.00000    5666       2
    5667   4.396   -74.20233    0.00000    0.00000    5667       1
    5668   4.396   -74.20233    0.00000    0.00000    5668       9
    5669   4.396   -74.20233    0.00000    0.00000    5669       4
    5670   4.396   -74.20233    0.00000    0.00000    5670       6
    5671   4.397   -74.20233    0.00000    0.00000    5671       1
    5672   4.397   -74.20233    0.00000    0.00000    5672       3
    5673   4.397   -74.20233    0.00000    0.00000    5673       3
    5674   4.397   -74.20233    0.00000    0.00000    5674       3
    5675   4.397   -74.20233    0.00000    0.00000    5675       3
    5676   4.398   -74.20233    0.00000    0.00000    5676       3
    5677   4.398   -74.20233    0.00000    0.00000    5677       6
    5678   4.398   -74.20233    0.00000    0.00000    5678       1
    5679   4.398   -74.20233    0.00000    0.00000    5679       5
    5680   4.399   -74.20233    0.00000    0.00000    5680       4
    5681   4.396   -74.20233    0.00000    0.00000    5681      14
    5682   4.399   -74.20233    0.00000    0.00000    5682      14
    5683   4.400   -74.20233    0.00000    0.00000    5683       7
    5684   4.374   -74.20237    0.00000    0.00000    5684       3
    5685   4.385   -74.20235    0.00000    0.00000    5685       4
    5686   4.401   -74.20232    0.00000    0.00000    5686      15
    5687   4.402   -74.20232    0.00000    0.00000    5687       1
    5688   4.402   -74.20232    0.00000    0.00000    5688       9
    5689   4.401   -74.20232    0.00000    0.00000    5689       2
    5690   4.402   -74.20232    0.00000    0.00000    5690       1
    5691   4.401   -74.20232    0.00000    0.00000    5691       2
    5692   4.402   -74.20232    0.00000    0.00000    5692       2
    5693   4.402   -74.20232    0.00000    0.00000    5693      12
    5694   4.403   -74.20232    0.00000    0.00000    5694      18
    5695   4.405   -74.20232    0.00000    0.00000    5695       1
    5696   4.402   -74.20232    0.00000    0.00000    5696       1
    5697   4.405   -74.20232    0.00000    0.00000    5697       1
    5698   4.405   -74.20232    0.00000    0.00000    5698      15
    5699   4.408   -74.20231    0.00000    0.00000    5699      18
    5700   4.409   -74.20231    0.00000    0.00000    5700       2
    5701   4.409   -74.20231    0.00000    0.00000    5701       5
    5702   4.400   -74.20233    0.00000    0.00000    5702       9
    5703   4.410   -74.20231    0.00000    0.00000    5703       1
    5704   4.410   -74.20231    0.00000    0.00000    5704       1
    5705   4.410   -74.20231    0.00000    0.00000    5705       1
    5706   4.410   -74.20231    0.00000    0.00000    5706       1
    5707   4.410   -74.20231    0.00000    0.00000    5707       2
    5708   4.410   -74.20231    0.00000    0.00000    5708       3
    5709   4.403   -74.20232    0.00000    0.00000    5709       1
    5710   4.388   -74.20234    0.00000    0.00000    5710       2
    5711   4.413   -74.20230    0.00000    0.00000    5711       2
    5712   4.400   -74.20232    0.00000    0.00000    5712      16
    5713   4.414   -74.20230    0.00000    0.00000    5713       7
    5714   4.416   -74.20230    0.00000    0.00000    5714       1
    5715   4.415   -74.20230    0.00000    0.00000    5715       7
    5716   4.416   -74.20230    0.00000    0.00000    5716       1
    5717   4.385   -74.20235    0.00000    0.00000    5717       3
    5718   4.416   -74.20230    0.00000    0.00000    5718       1
    5719   4.416   -74.20230    0.00000    0.00000    5719       1
    5720   4.385   -74.20235    0.00000    0.00000    5720       3
    5721   4.416   -74.20230    0.00000    0.00000    5721       1
    5722   4.385   -74.20235    0.00000    0.00000    5722       3
    5723   4.416   -74.20230    0.00000    0.00000    5723       1
    5724   4.416   -74.20230    0.00000    0.00000    5724      10
    5725   4.416   -74.20230    0.00000    0.00000    5725      12
    5726   4.418   -74.20230    0.00000    0.00000    5726       5
    5727   4.419   -74.20230    0.00000    0.00000    5727       4
    5728   4.419   -74.20229    0.00000    0.00000    5728       4
    5729   4.419   -74.20229    0.00000    0.00000    5729       1
    5730   4.419   -74.20229    0.00000    0.00000    5730       2
    5731   4.419   -74.20229    0.00000    0.00000    5731       2
    5732   4.419   -74.20229    0.00000    0.00000    5732       4
    5733   4.420   -74.20229    0.00000    0.00000    5733       8
    5734   4.421   -74.20229    0.00000    0.00000    5734       8
    5735   4.420   -74.20229    0.00000    0.00000    5735       4
    5736   4.423   -74.20229    0.00000    0.00000    5736       1
    5737   4.418   -74.20230    0.00000    0.00000    5737       5
    5738   4.423   -74.20229    0.00000    0.00000    5738       1
    5739   4.424   -74.20229    0.00000    0.00000    5739       1
    5740   4.423   -74.20229    0.00000    0.00000    5740       1
    5741   4.423   -74.20229    0.00000    0.00000    5741       9
    5742   4.425   -74.20228    0.00000    0.00000    5742       2
    5743   4.425   -74.20228    0.00000    0.00000    5743      10
    5744   4.428   -74.20228    0.00000    0.00000    5744       1
    5745   4.425   -74.20228    0.00000    0.00000    5745       7
    5746   4.428   -74.20228    0.00000    0.00000    5746       1
    5747   4.427   -74.20228    0.00000    0.00000    5747      17
    5748   4.388   -74.20234    0.00000    0.00000    5748       2
    5749   4.432   -74.20227    0.00000    0.00000    5749       1
    5750   4.430   -74.20228    0.00000    0.00000    5750       1
    5751   4.432   -74.20227    0.00000    0.00000    5751       7
    5752   4.433   -74.20227    0.00000    0.00000    5752       4
    5753   4.433   -74.20227    0.00000    0.00000    5753       2
    5754   4.433   -74.20227    0.00000    0.00000    5754       1
    5755   4.433   -74.20227    0.00000    0.00000    5755       1
    5756   4.433   -74.20227    0.00000    0.00000    5756       3
    5757   4.433   -74.20227    0.00000    0.00000    5757       3
    5758   4.433   -74.20227    0.00000    0.00000    5758       1
    5759   4.433   -74.20227    0.00000    0.00000    5759      13
    5760   4.434   -74.20227    0.00000    0.00000    5760      11
    5761   4.435   -74.20227    0.00000    0.00000    5761       2
    5762   4.436   -74.20227    0.00000    0.00000    5762      13
    5763   4.439   -74.20226    0.00000    0.00000    5763      12
    5764   4.439   -74.20226    0.00000    0.00000    5764       3
    5765   4.439   -74.20226    0.00000    0.00000    5765       1
    5766   4.439   -74.20226    0.00000    0.00000    5766       1
    5767   4.439   -74.20226    0.00000    0.00000    5767       5
    5768   4.440   -74.20226    0.00000    0.00000    5768       6
    5769   4.442   -74.20226    0.00000    0.00000    5769      31
    5770   4.441   -74.20226    0.00000    0.00000    5770       5
    5771   4.441   -74.20226    0.00000    0.00000    5771       2
    5772   4.446   -74.20225    0.00000    0.00000    5772       1
    5773   4.445   -74.20225    0.00000    0.00000    5773       1
    5774   4.441   -74.20226    0.00000    0.00000    5774       1
    5775   4.446   -74.20225    0.00000    0.00000    5775      12
    5776   4.446   -74.20225    0.00000    0.00000    5776       1
    5777   4.446   -74.20225    0.00000    0.00000    5777       1
    5778   4.449   -74.20225    0.00000    0.00000    5778       1
    5779   4.447   -74.20225    0.00000    0.00000    5779       4
    5780   4.449   -74.20225    0.00000    0.00000    5780      24
    5781   4.451   -74.20224    0.00000    0.00000    5781       1
    5782   4.451   -74.20224    0.00000    0.00000    5782       7
    5783   4.446   -74.20225    0.00000    0.00000    5783       3
    5784   4.452   -74.20224    0.00000    0.00000    5784       6
    5785   4.449   -74.20225    0.00000    0.00000    5785       4
    5786   4.454   -74.20224    0.00000    0.00000    5786       1
    5787   4.454   -74.20224    0.00000    0.00000    5787       1
    5788   4.449   -74.20225    0.00000    0.00000    5788      13
    5789   4.450   -74.20224    0.00000    0.00000    5789       2
    5790   4.448   -74.20225    0.00000    0.00000    5790       5
    5791   4.455   -74.20224    0.00000    0.00000    5791       2
    5792   4.455   -74.20224    0.00000    0.00000    5792      11
    5793   4.456   -74.20224    0.00000    0.00000    5793       1
    5794   4.452   -74.20224    0.00000    0.00000    5794       4
    5795   4.457   -74.20223    0.00000    0.00000    5795       1
    5796   4.457   -74.20223    0.00000    0.00000    5796       2
    5797   4.457   -74.20223    0.00000    0.00000    5797      18
    5798   4.458   -74.20223    0.00000    0.00000    5798       5
    5799   4.450   -74.20224    0.00000    0.00000    5799       1
    5800   4.458   -74.20223    0.00000    0.00000    5800      13
    5801   4.460   -74.20223    0.00000    0.00000    5801       3
    5802   4.456   -74.20224    0.00000    0.00000    5802       1
    5803   4.460   -74.20223    0.00000    0.00000    5803       1
    5804   4.456   -74.20224    0.00000    0.00000    5804       1
    5805   4.460   -74.20223    0.00000    0.00000    5805      12
    5806   4.462   -74.20223    0.00000    0.00000    5806       2
    5807   4.462   -74.20223    0.00000    0.00000    5807       1
    5808   4.462   -74.20223    0.00000    0.00000    5808       1
    5809   4.462   -74.20223    0.00000    0.00000    5809       1
    5810   4.462   -74.20223    0.00000    0.00000    5810       1
    5811   4.463   -74.20222    0.00000    0.00000    5811       4
    5812   4.465   -74.20222    0.00000    0.00000    5812       6
    5813   4.456   -74.20224    0.00000    0.00000    5813       1
    5814   4.465   -74.20222    0.00000    0.00000    5814      10
    5815   4.461   -74.20223    0.00000    0.00000    5815       1
    5816   4.461   -74.20223    0.00000    0.00000    5816      17
    5817   4.467   -74.20222    0.00000    0.00000    5817       4
    5818   4.467   -74.20222    0.00000    0.00000    5818       7
    5819   4.468   -74.20222    0.00000    0.00000    5819       2
    5820   4.467   -74.20222    0.00000    0.00000    5820       4
    5821   4.468   -74.20222    0.00000    0.00000    5821       1
    5822   4.469   -74.20221    0.00000    0.00000    5822       5
    5823   4.465   -74.20222    0.00000    0.00000    5823       1
    5824   4.468   -74.20222    0.00000    0.00000    5824       5
    5825   4.470   -74.20221    0.00000    0.00000    5825      10
    5826   4.471   -74.20221    0.00000    0.00000    5826       1
    5827   4.471   -74.20221    0.00000    0.00000    5827       2
    5828   4.469   -74.20221    0.00000    0.00000    5828      11
    5829   4.469   -74.20221    0.00000    0.00000    5829       3
    5830   4.466   -74.20222    0.00000    0.00000    5830       2
    5831   4.471   -74.20221    0.00000    0.00000    5831       4
    5832   4.471   -74.20221    0.00000    0.00000    5832       3
    5833   4.471   -74.20221    0.00000    0.00000    5833       9
    5834   4.456   -74.20224    0.00000    0.00000    5834       1
    5835   4.474   -74.20221    0.00000    0.00000    5835       4
    5836   4.475   -74.20221    0.00000    0.00000    5836       1
    5837   4.475   -74.20221    0.00000    0.00000    5837       1
    5838   4.471   -74.20221    0.00000    0.00000    5838       6
    5839   4.475   -74.20220    0.00000    0.00000    5839      15
    5840   4.477   -74.20220    0.00000    0.00000    5840       2
    5841   4.477   -74.20220    0.00000    0.00000    5841       7
    5842   4.477   -74.20220    0.00000    0.00000    5842       3
    5843   4.478   -74.20220    0.00000    0.00000    5843       1
    5844   4.478   -74.20220    0.00000    0.00000    5844       2
    5845   4.478   -74.20220    0.00000    0.00000    5845       2
    5846   4.475   -74.20220    0.00000    0.00000    5846       2
    5847   4.478   -74.20220    0.00000    0.00000    5847       2
    5848   4.478   -74.20220    0.00000    0.00000    5848       1
    5849   4.479   -74.20220    0.00000    0.00000    5849       6
    5850   4.480   -74.20220    0.00000    0.00000    5850       2
    5851   4.481   -74.20220    0.00000    0.00000    5851       1
    5852   4.479   -74.20220    0.00000    0.00000    5852      20
    5853   4.483   -74.20219    0.00000    0.00000    5853       1
    5854   4.482   -74.20219    0.00000    0.00000    5854       6
    5855   4.483   -74.20219    0.00000    0.00000    5855       2
    5856   4.478   -74.20220    0.00000    0.00000    5856       8
    5857   4.483   -74.20219    0.00000    0.00000    5857       2
    5858   4.482   -74.20219    0.00000    0.00000    5858       1
    5859   4.484   -74.20219    0.00000    0.00000    5859       9
    5860   4.485   -74.20219    0.00000    0.00000    5860       6
    5861   4.485   -74.20219    0.00000    0.00000    5861       3
    5862   4.484   -74.20219    0.00000    0.00000    5862       3
    5863   4.486   -74.20219    0.00000    0.00000    5863       9
    5864   4.484   -74.20219    0.00000    0.00000    5864       1
    5865   4.486   -74.20219    0.00000    0.00000    5865       1
    5866   4.486   -74.20219    0.00000    0.00000    5866       6
    5867   4.481   -74.20220    0.00000    0.00000    5867       1
    5868   4.476   -74.20220    0.00000    0.00000    5868       1
    5869   4.486   -74.20219    0.00000    0.00000    5869       2
    5870   4.486   -74.20219    0.00000    0.00000    5870       1
    5871   4.486   -74.20219    0.00000    0.00000    5871       3
    5872   4.489   -74.20218    0.00000    0.00000    5872       1
    5873   4.487   -74.20219    0.00000    0.00000    5873      12
    5874   4.489   -74.20218    0.00000    0.00000    5874       1
    5875   4.489   -74.20218    0.00000    0.00000    5875       4
    5876   4.489   -74.20218    0.00000    0.00000    5876       1
    5877   4.486   -74.20219    0.00000    0.00000    5877       1
    5878   4.486   -74.20219    0.00000    0.00000    5878       2
    5879   4.476   -74.20220    0.00000    0.00000    5879       3
    5880   4.487   -74.20219    0.00000    0.00000    5880      20
    5881   4.490   -74.20218    0.00000    0.00000    5881       2
    5882   4.486   -74.20219    0.00000    0.00000    5882       3
    5883   4.490   -74.20218    0.00000    0.00000    5883       1
    5884   4.490   -74.20218    0.00000    0.00000    5884       2
    5885   4.491   -74.20218    0.00000    0.00000    5885       1
    5886   4.491   -74.20218    0.00000    0.00000    5886       2
    5887   4.491   -74.20218    0.00000    0.00000    5887       3
    5888   4.490   -74.20218    0.00000    0.00000    5888       2
    5889   4.492   -74.20218    0.00000    0.00000    5889       1
    5890   4.492   -74.20218    0.00000    0.00000    5890       7
    5891   4.493   -74.20218    0.00000    0.00000    5891       8
    5892   4.493   -74.20218    0.00000    0.00000    5892       1
    5893   4.493   -74.20218    0.00000    0.00000    5893       2
    5894   4.495   -74.20217    0.00000    0.00000    5894      11
    5895   4.487   -74.20219    0.00000    0.00000    5895       8
    5896   4.498   -74.20217    0.00000    0.00000    5896       9
    5897   4.499   -74.20217    0.00000    0.00000    5897       1
    5898   4.500   -74.20217    0.00000    0.00000    5898       1
    5899   4.496   -74.20217    0.00000    0.00000    5899       5
    5900   4.503   -74.20216    0.00000    0.00000    5900       1
    5901   4.503   -74.20216    0.00000    0.00000    5901      10
    5902   4.503   -74.20216    0.00000    0.00000    5902       1
    5903   4.504   -74.20216    0.00000    0.00000    5903       1
    5904   4.504   -74.20216    0.00000    0.00000    5904       1
    5905   4.477   -74.20220    0.00000    0.00000    5905       3
    5906   4.503   -74.20216    0.00000    0.00000    5906       5
    5907   4.504   -74.20216    0.00000    0.00000    5907       1
    5908   4.505   -74.20216    0.00000    0.00000    5908       4
    5909   4.505   -74.20216    0.00000    0.00000    5909       2
    5910   4.505   -74.20216    0.00000    0.00000    5910       4
    5911   4.507   -74.20215    0.00000    0.00000    5911       6
    5912   4.507   -74.20215    0.00000    0.00000    5912       1
    5913   4.459   -74.20223    0.00000    0.00000    5913       1
    5914   4.507   -74.20215    0.00000    0.00000    5914       2
    5915   4.483   -74.20219    0.00000    0.00000    5915       1
    5916   4.507   -74.20215    0.00000    0.00000    5916       3
    5917   4.507   -74.20215    0.00000    0.00000    5917       1
    5918   4.507   -74.20215    0.00000    0.00000    5918       5
    5919   4.508   -74.20215    0.00000    0.00000    5919       4
    5920   4.508   -74.20215    0.00000    0.00000    5920       5
    5921   4.510   -74.20215    0.00000    0.00000    5921       1
    5922   4.489   -74.20218    0.00000    0.00000    5922       1
    5923   4.508   -74.20215    0.00000    0.00000    5923       2
    5924   4.465   -74.20222    0.00000    0.00000    5924       2
    5925   4.511   -74.20215    0.00000    0.00000    5925       2
    5926   4.511   -74.20215    0.00000    0.00000    5926       6
    5927   4.489   -74.20218    0.00000    0.00000    5927       2
    5928   4.509   -74.20215    0.00000    0.00000    5928       2
    5929   4.511   -74.20215    0.00000    0.00000    5929       1
    5930   4.512   -74.20215    0.00000    0.00000    5930       1
    5931   4.512   -74.20215    0.00000    0.00000    5931       4
    5932   4.512   -74.20215    0.00000    0.00000    5932       1
    5933   4.512   -74.20215    0.00000    0.00000    5933       3
    5934   4.512   -74.20215    0.00000    0.00000    5934       4
    5935   4.512   -74.20215    0.00000    0.00000    5935       1
    5936   4.512   -74.20215    0.00000    0.00000    5936       1
    5937   4.512   -74.20215    0.00000    0.00000    5937       6
    5938   4.513   -74.20214    0.00000    0.00000    5938       3
    5939   4.515   -74.20214    0.00000    0.00000    5939       2
    5940   4.516   -74.20214    0.00000    0.00000    5940       4
    5941   4.516   -74.20214    0.00000    0.00000    5941       5
    5942   4.516   -74.20214    0.00000    0.00000    5942       4
    5943   4.516   -74.20214    0.00000    0.00000    5943       3
    5944   4.517   -74.20214    0.00000    0.00000    5944       1
    5945   4.516   -74.20214    0.00000    0.00000    5945       2
    5946   4.517   -74.20214    0.00000    0.00000    5946       1
    5947   4.517   -74.20214    0.00000    0.00000    5947       1
    5948   4.517   -74.20214    0.00000    0.00000    5948      17
    5949   4.504   -74.20216    0.00000    0.00000    5949       1
    5950   4.511   -74.20215    0.00000    0.00000    5950       1
    5951   4.520   -74.20213    0.00000    0.00000    5951       7
    5952   4.522   -74.20213    0.00000    0.00000    5952       1
    5953   4.520   -74.20213    0.00000    0.00000    5953       2
    5954   4.521   -74.20213    0.00000    0.00000    5954      14
    5955   4.523   -74.20213    0.00000    0.00000    5955       1
    5956   4.520   -74.20213    0.00000    0.00000    5956       1
    5957   4.523   -74.20213    0.00000    0.00000    5957       1
    5958   4.522   -74.20213    0.00000    0.00000    5958       1
    5959   4.523   -74.20213    0.00000    0.00000    5959       3
    5960   4.504   -74.20216    0.00000    0.00000    5960       1
    5961   4.524   -74.20213    0.00000    0.00000    5961       1
    5962   4.504   -74.20216    0.00000    0.00000    5962       4
    5963   4.525   -74.20213    0.00000    0.00000    5963       1
    5964   4.525   -74.20213    0.00000    0.00000    5964      19
    5965   4.527   -74.20212    0.00000    0.00000    5965       7
    5966   4.527   -74.20212    0.00000    0.00000    5966       5
    5967   4.527   -74.20212    0.00000    0.00000    5967       8
    5968   4.528   -74.20212    0.00000    0.00000    5968       4
    5969   4.528   -74.20212    0.00000    0.00000    5969       5
    5970   4.527   -74.20212    0.00000    0.00000    5970       3
    5971   4.528   -74.20212    0.00000    0.00000    5971       5
    5972   4.529   -74.20212    0.00000    0.00000    5972       5
    5973   4.529   -74.20212    0.00000    0.00000    5973       2
    5974   4.529   -74.20212    0.00000    0.00000    5974       1
    5975   4.527   -74.20212    0.00000    0.00000    5975       1
    5976   4.529   -74.20212    0.00000    0.00000    5976       4
    5977   4.529   -74.20212    0.00000    0.00000    5977      14
    5978   4.524   -74.20213    0.00000    0.00000    5978       3
    5979   4.531   -74.20212    0.00000    0.00000    5979       2
    5980   4.531   -74.20212    0.00000    0.00000    5980       1
    5981   4.531   -74.20212    0.00000    0.00000    5981       2
    5982   4.531   -74.20212    0.00000    0.00000    5982       1
    5983   4.532   -74.20211    0.00000    0.00000    5983      17
    5984   4.527   -74.20212    0.00000    0.00000    5984       1
    5985   4.535   -74.20211    0.00000    0.00000    5985       1
    5986   4.536   -74.20211    0.00000    0.00000    5986       1
    5987   4.536   -74.20211    0.00000    0.00000    5987       5
    5988   4.536   -74.20211    0.00000    0.00000    5988       2
    5989   4.536   -74.20211    0.00000    0.00000    5989       3
    5990   4.537   -74.20211    0.00000    0.00000    5990       1
    5991   4.536   -74.20211    0.00000    0.00000    5991       1
    5992   4.536   -74.20211    0.00000    0.00000    5992       2
    5993   4.536   -74.20211    0.00000    0.00000    5993      26
    5994   4.540   -74.20210    0.00000    0.00000    5994       3
    5995   4.537   -74.20211    0.00000    0.00000    5995       9
    5996   4.540   -74.20210    0.00000    0.00000    5996       7
    5997   4.540   -74.20210    0.00000    0.00000    5997       3
    5998   4.524   -74.20213    0.00000    0.00000    5998       5
    5999   4.540   -74.20210    0.00000    0.00000    5999       1
    6000   4.540   -74.20210    0.00000    0.00000    6000       1
    6001   4.541   -74.20210    0.00000    0.00000    6001       1
    6002   4.541   -74.20210    0.00000    0.00000    6002       2
    6003   4.543   -74.20210    0.00000    0.00000    6003       1
    6004   4.540   -74.20210    0.00000    0.00000    6004       1
    6005   4.541   -74.20210    0.00000    0.00000    6005       5
    6006   4.541   -74.20210    0.00000    0.00000    6006      13
    6007   4.546   -74.20209    0.00000    0.00000    6007       1
    6008   4.545   -74.20209    0.00000    0.00000    6008       1
    6009   4.547   -74.20209    0.00000    0.00000    6009       1
    6010   4.547   -74.20209    0.00000    0.00000    6010       9
    6011   4.545   -74.20209    0.00000    0.00000    6011       6
    6012   4.548   -74.20209    0.00000    0.00000    6012       3
    6013   4.530   -74.20212    0.00000    0.00000    6013       1
    6014   4.549   -74.20209    0.00000    0.00000    6014       1
    6015   4.539   -74.20210    0.00000    0.00000    6015       3
    6016   4.549   -74.20209    0.00000    0.00000    6016       1
    6017   4.549   -74.20209    0.00000    0.00000    6017       6
    6018   4.549   -74.20209    0.00000    0.00000    6018       1
    6019   4.550   -74.20208    0.00000    0.00000    6019       1
    6020   4.551   -74.20208    0.00000    0.00000    6020      13
    6021   4.553   -74.20208    0.00000    0.00000    6021       1
    6022   4.553   -74.20208    0.00000    0.00000    6022      11
    6023   4.553   -74.20208    0.00000    0.00000    6023       4
    6024   4.554   -74.20208    0.00000    0.00000    6024      16
    6025   4.549   -74.20209    0.00000    0.00000    6025       3
    6026   4.555   -74.20208    0.00000    0.00000    6026       1
    6027   4.549   -74.20209    0.00000    0.00000    6027       4
    6028   4.556   -74.20208    0.00000    0.00000    6028       4
    6029   4.556   -74.20208    0.00000    0.00000    6029       8
    6030   4.557   -74.20207    0.00000    0.00000    6030       4
    6031   4.555   -74.20208    0.00000    0.00000    6031       1
    6032   4.549   -74.20209    0.00000    0.00000    6032       5
    6033   4.558   -74.20207    0.00000    0.00000    6033       6
    6034   4.558   -74.20207    0.00000    0.00000    6034       5
    6035   4.559   -74.20207    0.00000    0.00000    6035       1
    6036   4.556   -74.20208    0.00000    0.00000    6036       8
    6037   4.540   -74.20210    0.00000    0.00000    6037       1
    6038   4.559   -74.20207    0.00000    0.00000    6038       1
    6039   4.560   -74.20207    0.00000    0.00000    6039       2
    6040   4.559   -74.20207    0.00000    0.00000    6040       7
    6041   4.560   -74.20207    0.00000    0.00000    6041       2
    6042   4.563   -74.20207    0.00000    0.00000    6042       4
    6043   4.563   -74.20207    0.00000    0.00000    6043       5
    6044   4.563   -74.20206    0.00000    0.00000    6044       5
    6045   4.564   -74.20206    0.00000    0.00000    6045      10
    6046   4.550   -74.20209    0.00000    0.00000    6046       2
    6047   4.561   -74.20207    0.00000    0.00000    6047       3
    6048   4.566   -74.20206    0.00000    0.00000    6048       2
    6049   4.567   -74.20206    0.00000    0.00000    6049       1
    6050   4.561   -74.20207    0.00000    0.00000    6050       3
    6051   4.567   -74.20206    0.00000    0.00000    6051       4
    6052   4.558   -74.20207    0.00000    0.00000    6052       1
    6053   4.539   -74.20210    0.00000    0.00000    6053       3
    6054   4.561   -74.20207    0.00000    0.00000    6054       1
    6055   4.568   -74.20206    0.00000    0.00000    6055       1
    6056   4.567   -74.20206    0.00000    0.00000    6056       2
    6057   4.568   -74.20206    0.00000    0.00000    6057       1
    6058   4.568   -74.20206    0.00000    0.00000    6058       4
    6059   4.568   -74.20206    0.00000    0.00000    6059       1
    6060   4.568   -74.20206    0.00000    0.00000    6060       2
    6061   4.558   -74.20207    0.00000    0.00000    6061       2
    6062   4.568   -74.20206    0.00000    0.00000    6062       1
    6063   4.568   -74.20206    0.00000    0.00000    6063       4
    6064   4.567   -74.20206    0.00000    0.00000    6064       1
    6065   4.568   -74.20206    0.00000    0.00000    6065       1
    6066   4.568   -74.20206    0.00000    0.00000    6066       3
    6067   4.568   -74.20206    0.00000    0.00000    6067      12
    6068   4.570   -74.20205    0.00000    0.00000    6068       1
    6069   4.571   -74.20205    0.00000    0.00000    6069      12
    6070   4.571   -74.20205    0.00000    0.00000    6070      11
    6071   4.571   -74.20205    0.00000    0.00000    6071       1
    6072   4.565   -74.20206    0.00000    0.00000    6072       8
    6073   4.573   -74.20205    0.00000    0.00000    6073       8
    6074   4.574   -74.20205    0.00000    0.00000    6074       4
    6075   4.574   -74.20205    0.00000    0.00000    6075       2
    6076   4.568   -74.20206    0.00000    0.00000    6076       5
    6077   4.575   -74.20205    0.00000    0.00000    6077       1
    6078   4.565   -74.20206    0.00000    0.00000    6078       1
    6079   4.575   -74.20205    0.00000    0.00000    6079       6
    6080   4.577   -74.20204    0.00000    0.00000    6080       2
    6081   4.576   -74.20204    0.00000    0.00000    6081      16
    6082   4.578   -74.20204    0.00000    0.00000    6082       1
    6083   4.578   -74.20204    0.00000    0.00000    6083       1
    6084   4.578   -74.20204    0.00000    0.00000    6084       1
    6085   4.579   -74.20204    0.00000    0.00000    6085       1
    6086   4.577   -74.20204    0.00000    0.00000    6086       1
    6087   4.579   -74.20204    0.00000    0.00000    6087       9
    6088   4.579   -74.20204    0.00000    0.00000    6088       8
    6089   4.577   -74.20204    0.00000    0.00000    6089       4
    6090   4.582   -74.20203    0.00000    0.00000    6090       5
    6091   4.581   -74.20204    0.00000    0.00000    6091       1
    6092   4.582   -74.20203    0.00000    0.00000    6092       2
    6093   4.582   -74.20204    0.00000    0.00000    6093       3
    6094   4.583   -74.20203    0.00000    0.00000    6094       7
    6095   4.583   -74.20203    0.00000    0.00000    6095       8
    6096   4.584   -74.20203    0.00000    0.00000    6096       1
    6097   4.584   -74.20203    0.00000    0.00000    6097      12
    6098   4.586   -74.20203    0.00000    0.00000    6098       2
    6099   4.586   -74.20203    0.00000    0.00000    6099       3
    6100   4.587   -74.20203    0.00000    0.00000    6100       1
    6101   4.586   -74.20203    0.00000    0.00000    6101       6
    6102   4.587   -74.20203    0.00000    0.00000    6102       5
    6103   4.588   -74.20202    0.00000    0.00000    6103       7
    6104   4.583   -74.20203    0.00000    0.00000    6104       2
    6105   4.589   -74.20202    0.00000    0.00000    6105       2
    6106   4.590   -74.20202    0.00000    0.00000    6106       2
    6107   4.590   -74.20202    0.00000    0.00000    6107       1
    6108   4.589   -74.20202    0.00000    0.00000    6108       6
    6109   4.591   -74.20202    0.00000    0.00000    6109       1
    6110   4.591   -74.20202    0.00000    0.00000    6110       6
    6111   4.572   -74.20205    0.00000    0.00000    6111       1
    6112   4.592   -74.20202    0.00000    0.00000    6112       4
    6113   4.592   -74.20202    0.00000    0.00000    6113       1
    6114   4.593   -74.20202    0.00000    0.00000    6114      15
    6115   4.594   -74.20202    0.00000    0.00000    6115       4
    6116   4.595   -74.20201    0.00000    0.00000    6116       1
    6117   4.577   -74.20204    0.00000    0.00000    6117       3
    6118   4.594   -74.20202    0.00000    0.00000    6118       1
    6119   4.594   -74.20201    0.00000    0.00000    6119       2
    6120   4.596   -74.20201    0.00000    0.00000    6120       3
    6121   4.595   -74.20201    0.00000    0.00000    6121       3
    6122   4.596   -74.20201    0.00000    0.00000    6122       9
    6123   4.598   -74.20201    0.00000    0.00000    6123       1
    6124   4.597   -74.20201    0.00000    0.00000    6124       3
    6125   4.597   -74.20201    0.00000    0.00000    6125       2
    6126   4.598   -74.20201    0.00000    0.00000    6126       4
    6127   4.597   -74.20201    0.00000    0.00000    6127       4
    6128   4.597   -74.20201    0.00000    0.00000    6128      12
    6129   4.599   -74.20201    0.00000    0.00000    6129       3
    6130   4.600   -74.20201    0.00000    0.00000    6130       1
    6131   4.597   -74.20201    0.00000    0.00000    6131       1
    6132   4.574   -74.20205    0.00000    0.00000    6132       1
    6133   4.601   -74.20200    0.00000    0.00000    6133       5
    6134   4.601   -74.20200    0.00000    0.00000    6134       1
    6135   4.601   -74.20200    0.00000    0.00000    6135       1
    6136   4.601   -74.20200    0.00000    0.00000    6136       1
    6137   4.596   -74.20201    0.00000    0.00000    6137       2
    6138   4.596   -74.20201    0.00000    0.00000    6138       7
    6139   4.603   -74.20200    0.00000    0.00000    6139       1
    6140   4.602   -74.20200    0.00000    0.00000    6140       1
    6141   4.599   -74.20201    0.00000    0.00000    6141       1
    6142   4.606   -74.20200    0.00000    0.00000    6142       2
    6143   4.606   -74.20200    0.00000    0.00000    6143       9
    6144   4.607   -74.20200    0.00000    0.00000    6144       1
    6145   4.606   -74.20200    0.00000    0.00000    6145       1
    6146   4.607   -74.20199    0.00000    0.00000    6146       4
    6147   4.579   -74.20204    0.00000    0.00000    6147      15
    6148   4.609   -74.20199    0.00000    0.00000    6148       1
    6149   4.609   -74.20199    0.00000    0.00000    6149       8
    6150   4.611   -74.20199    0.00000    0.00000    6150       5
    6151   4.607   -74.20199    0.00000    0.00000    6151       1
    6152   4.612   -74.20199    0.00000    0.00000    6152       1
    6153   4.611   -74.20199    0.00000    0.00000    6153       4
    6154   4.615   -74.20198    0.00000    0.00000    6154       4
    6155   4.614   -74.20198    0.00000    0.00000    6155       9
    6156   4.597   -74.20201    0.00000    0.00000    6156       2
    6157   4.616   -74.20198    0.00000    0.00000    6157       1
    6158   4.616   -74.20198    0.00000    0.00000    6158       1
    6159   4.617   -74.20198    0.00000    0.00000    6159       1
    6160   4.617   -74.20198    0.00000    0.00000    6160       7
    6161   4.617   -74.20198    0.00000    0.00000    6161       2
    6162   4.617   -74.20198    0.00000    0.00000    6162       3
    6163   4.617   -74.20198    0.00000    0.00000    6163       3
    6164   4.617   -74.20198    0.00000    0.00000    6164       5
    6165   4.599   -74.20201    0.00000    0.00000    6165       5
    6166   4.618   -74.20198    0.00000    0.00000    6166       2
    6167   4.618   -74.20198    0.00000    0.00000    6167       2
    6168   4.618   -74.20198    0.00000    0.00000    6168       2
    6169   4.609   -74.20199    0.00000    0.00000    6169       4
    6170   4.619   -74.20198    0.00000    0.00000    6170       6
    6171   4.619   -74.20197    0.00000    0.00000    6171       5
    6172   4.620   -74.20197    0.00000    0.00000    6172       5
    6173   4.620   -74.20197    0.00000    0.00000    6173       4
    6174   4.620   -74.20197    0.00000    0.00000    6174       1
    6175   4.620   -74.20197    0.00000    0.00000    6175       1
    6176   4.620   -74.20197    0.00000    0.00000    6176       1
    6177   4.621   -74.20197    0.00000    0.00000    6177       4
    6178   4.620   -74.20197    0.00000    0.00000    6178       2
    6179   4.609   -74.20199    0.00000    0.00000    6179       2
    6180   4.620   -74.20197    0.00000    0.00000    6180       8
    6181   4.622   -74.20197    0.00000    0.00000    6181       1
    6182   4.620   -74.20197    0.00000    0.00000    6182      10
    6183   4.624   -74.20197    0.00000    0.00000    6183       2
    6184   4.624   -74.20197    0.00000    0.00000    6184       9
    6185   4.591   -74.20202    0.00000    0.00000    6185       7
    6186   4.625   -74.20197    0.00000    0.00000    6186       5
    6187   4.625   -74.20197    0.00000    0.00000    6187       3
    6188   4.625   -74.20197    0.00000    0.00000    6188       2
    6189   4.625   -74.20197    0.00000    0.00000    6189      13
    6190   4.627   -74.20196    0.00000    0.00000    6190       1
    6191   4.626   -74.20196    0.00000    0.00000    6191       2
    6192   4.627   -74.20196    0.00000    0.00000    6192       3
    6193   4.628   -74.20196    0.00000    0.00000    6193       1
    6194   4.627   -74.20196    0.00000    0.00000    6194       4
    6195   4.628   -74.20196    0.00000    0.00000    6195       2
    6196   4.627   -74.20196    0.00000    0.00000    6196       5
    6197   4.627   -74.20196    0.00000    0.00000    6197       8
    6198   4.628   -74.20196    0.00000    0.00000    6198       2
    6199   4.627   -74.20196    0.00000    0.00000    6199       2
    6200   4.627   -74.20196    0.00000    0.00000    6200      14
    6201   4.631   -74.20196    0.00000    0.00000    6201       5
    6202   4.631   -74.20196    0.00000    0.00000    6202       1
    6203   4.627   -74.20196    0.00000    0.00000    6203       5
    6204   4.632   -74.20196    0.00000    0.00000    6204       3
    6205   4.631   -74.20196    0.00000    0.00000    6205      11
    6206   4.630   -74.20196    0.00000    0.00000    6206      10
    6207   4.633   -74.20195    0.00000    0.00000    6207       6
    6208   4.633   -74.20195    0.00000    0.00000    6208      16
    6209   4.636   -74.20195    0.00000    0.00000    6209       3
    6210   4.637   -74.20195    0.00000    0.00000    6210       2
    6211   4.612   -74.20199    0.00000    0.00000    6211       3
    6212   4.637   -74.20195    0.00000    0.00000    6212       1
    6213   4.637   -74.20195    0.00000    0.00000    6213       7
    6214   4.638   -74.20195    0.00000    0.00000    6214       2
    6215   4.638   -74.20195    0.00000    0.00000    6215       7
    6216   4.628   -74.20196    0.00000    0.00000    6216       6
    6217   4.638   -74.20195    0.00000    0.00000    6217       6
    6218   4.637   -74.20195    0.00000    0.00000    6218       8
    6219   4.638   -74.20194    0.00000    0.00000    6219       3
    6220   4.639   -74.20194    0.00000    0.00000    6220       7
    6221   4.639   -74.20194    0.00000    0.00000    6221       1
    6222   4.627   -74.20196    0.00000    0.00000    6222       3
    6223   4.640   -74.20194    0.00000    0.00000    6223       6
    6224   4.640   -74.20194    0.00000    0.00000    6224       3
    6225   4.640   -74.20194    0.00000    0.00000    6225       1
    6226   4.641   -74.20194    0.00000    0.00000    6226       4
    6227   4.625   -74.20197    0.00000    0.00000    6227       1
    6228   4.641   -74.20194    0.00000    0.00000    6228       9
    6229   4.605   -74.20200    0.00000    0.00000    6229       1
    6230   4.605   -74.20200    0.00000    0.00000    6230       8
    6231   4.641   -74.20194    0.00000    0.00000    6231      11
    6232   4.643   -74.20194    0.00000    0.00000    6232       6
    6233   4.644   -74.20194    0.00000    0.00000    6233       1
    6234   4.642   -74.20194    0.00000    0.00000    6234       2
    6235   4.644   -74.20194    0.00000    0.00000    6235       1
    6236   4.644   -74.20194    0.00000    0.00000    6236       2
    6237   4.637   -74.20195    0.00000    0.00000    6237       8
    6238   4.644   -74.20194    0.00000    0.00000    6238       7
    6239   4.645   -74.20193    0.00000    0.00000    6239       7
    6240   4.645   -74.20193    0.00000    0.00000    6240       1
    6241   4.645   -74.20193    0.00000    0.00000    6241       1
    6242   4.646   -74.20193    0.00000    0.00000    6242       3
    6243   4.646   -74.20193    0.00000    0.00000    6243       5
    6244   4.644   -74.20194    0.00000    0.00000    6244       8
    6245   4.640   -74.20194    0.00000    0.00000    6245       1
    6246   4.649   -74.20193    0.00000    0.00000    6246       1
    6247   4.648   -74.20193    0.00000    0.00000    6247      13
    6248   4.650   -74.20193    0.00000    0.00000    6248       2
    6249   4.651   -74.20192    0.00000    0.00000    6249       3
    6250   4.649   -74.20193    0.00000    0.00000    6250       1
    6251   4.652   -74.20192    0.00000    0.00000    6251       3
    6252   4.652   -74.20192    0.00000    0.00000    6252       1
    6253   4.646   -74.20193    0.00000    0.00000    6253       1
    6254   4.653   -74.20192    0.00000    0.00000    6254       1
    6255   4.647   -74.20193    0.00000    0.00000    6255       2
    6256   4.653   -74.20192    0.00000    0.00000    6256       3
    6257   4.653   -74.20192    0.00000    0.00000    6257       2
    6258   4.654   -74.20192    0.00000    0.00000    6258       1
    6259   4.654   -74.20192    0.00000    0.00000    6259       1
    6260   4.647   -74.20193    0.00000    0.00000    6260       1
    6261   4.654   -74.20192    0.00000    0.00000    6261       1
    6262   4.654   -74.20192    0.00000    0.00000    6262       4
    6263   4.654   -74.20192    0.00000    0.00000    6263       4
    6264   4.655   -74.20192    0.00000    0.00000    6264      14
    6265   4.654   -74.20192    0.00000    0.00000    6265       7
    6266   4.656   -74.20192    0.00000    0.00000    6266       8
    6267   4.657   -74.20192    0.00000    0.00000    6267       1
    6268   4.657   -74.20192    0.00000    0.00000    6268      12
    6269   4.657   -74.20191    0.00000    0.00000    6269       1
    6270   4.654   -74.20192    0.00000    0.00000    6270       1
    6271   4.657   -74.20191    0.00000    0.00000    6271       4
    6272   4.657   -74.20191    0.00000    0.00000    6272       6
    6273   4.659   -74.20191    0.00000    0.00000    6273       4
    6274   4.659   -74.20191    0.00000    0.00000    6274      13
    6275   4.657   -74.20191    0.00000    0.00000    6275      11
    6276   4.662   -74.20191    0.00000    0.00000    6276       3
    6277   4.662   -74.20191    0.00000    0.00000    6277       4
    6278   4.662   -74.20191    0.00000    0.00000    6278       3
    6279   4.663   -74.20191    0.00000    0.00000    6279       3
    6280   4.664   -74.20190    0.00000    0.00000    6280      13
    6281   4.665   -74.20190    0.00000    0.00000    6281       1
    6282   4.662   -74.20191    0.00000    0.00000    6282       5
    6283   4.667   -74.20190    0.00000    0.00000    6283       4
    6284   4.668   -74.20190    0.00000    0.00000    6284       1
    6285   4.668   -74.20190    0.00000    0.00000    6285       3
    6286   4.657   -74.20191    0.00000    0.00000    6286       1
    6287   4.668   -74.20190    0.00000    0.00000    6287       1
    6288   4.669   -74.20190    0.00000    0.00000    6288       1
    6289   4.669   -74.20190    0.00000    0.00000    6289       6
    6290   4.665   -74.20190    0.00000    0.00000    6290       2
    6291   4.657   -74.20191    0.00000    0.00000    6291       8
    6292   4.667   -74.20190    0.00000    0.00000    6292       5
    6293   4.671   -74.20189    0.00000    0.00000    6293      14
    6294   4.673   -74.20189    0.00000    0.00000    6294       1
    6295   4.674   -74.20189    0.00000    0.00000    6295       3
    6296   4.674   -74.20189    0.00000    0.00000    6296       1
    6297   4.674   -74.20189    0.00000    0.00000    6297       1
    6298   4.675   -74.20189    0.00000    0.00000    6298       2
    6299   4.675   -74.20189    0.00000    0.00000    6299       1
    6300   4.675   -74.20189    0.00000    0.00000    6300       5
    6301   4.675   -74.20189    0.00000    0.00000    6301       1
    6302   4.675   -74.20189    0.00000    0.00000    6302       6
    6303   4.676   -74.20189    0.00000    0.00000    6303       1
    6304   4.676   -74.20189    0.00000    0.00000    6304       2
    6305   4.676   -74.20189    0.00000    0.00000    6305       5
    6306   4.678   -74.20188    0.00000    0.00000    6306       1
    6307   4.672   -74.20189    0.00000    0.00000    6307       1
    6308   4.677   -74.20188    0.00000    0.00000    6308       9
    6309   4.654   -74.20192    0.00000    0.00000    6309      16
    6310   4.671   -74.20189    0.00000    0.00000    6310       2
    6311   4.679   -74.20188    0.00000    0.00000    6311       1
    6312   4.679   -74.20188    0.00000    0.00000    6312       1
    6313   4.679   -74.20188    0.00000    0.00000    6313       1
    6314   4.679   -74.20188    0.00000    0.00000    6314       1
    6315   4.679   -74.20188    0.00000    0.00000    6315       5
    6316   4.680   -74.20188    0.00000    0.00000    6316       1
    6317   4.680   -74.20188    0.00000    0.00000    6317       4
    6318   4.681   -74.20188    0.00000    0.00000    6318       5
    6319   4.681   -74.20188    0.00000    0.00000    6319       2
    6320   4.682   -74.20188    0.00000    0.00000    6320       1
    6321   4.681   -74.20188    0.00000    0.00000    6321       1
    6322   4.681   -74.20188    0.00000    0.00000    6322       6
    6323   4.681   -74.20188    0.00000    0.00000    6323      10
    6324   4.682   -74.20188    0.00000    0.00000    6324      20
    6325   4.685   -74.20187    0.00000    0.00000    6325       1
    6326   4.685   -74.20187    0.00000    0.00000    6326       1
    6327   4.686   -74.20187    0.00000    0.00000    6327       3
    6328   4.686   -74.20187    0.00000    0.00000    6328       3
    6329   4.686   -74.20187    0.00000    0.00000    6329       6
    6330   4.685   -74.20187    0.00000    0.00000    6330       5
    6331   4.687   -74.20187    0.00000    0.00000    6331       5
    6332   4.684   -74.20187    0.00000    0.00000    6332      11
    6333   4.690   -74.20186    0.00000    0.00000    6333       6
    6334   4.684   -74.20187    0.00000    0.00000    6334       2
    6335   4.691   -74.20186    0.00000    0.00000    6335       6
    6336   4.684   -74.20187    0.00000    0.00000    6336       9
    6337   4.691   -74.20186    0.00000    0.00000    6337       2
    6338   4.691   -74.20186    0.00000    0.00000    6338      15
    6339   4.692   -74.20186    0.00000    0.00000    6339       1
    6340   4.653   -74.20192    0.00000    0.00000    6340       8
    6341   4.693   -74.20186    0.00000    0.00000    6341       3
    6342   4.693   -74.20186    0.00000    0.00000    6342       4
    6343   4.693   -74.20186    0.00000    0.00000    6343       1
    6344   4.694   -74.20186    0.00000    0.00000    6344       4
    6345   4.694   -74.20186    0.00000    0.00000    6345       2
    6346   4.677   -74.20188    0.00000    0.00000    6346       1
    6347   4.694   -74.20186    0.00000    0.00000    6347       1
    6348   4.688   -74.20187    0.00000    0.00000    6348       2
    6349   4.694   -74.20186    0.00000    0.00000    6349       1
    6350   4.678   -74.20188    0.00000    0.00000    6350       1
    6351   4.694   -74.20186    0.00000    0.00000    6351       1
    6352   4.661   -74.20191    0.00000    0.00000    6352       6
    6353   4.661   -74.20191    0.00000    0.00000    6353      10
    6354   4.695   -74.20185    0.00000    0.00000    6354       5
    6355   4.695   -74.20185    0.00000    0.00000    6355       1
    6356   4.696   -74.20185    0.00000    0.00000    6356       1
    6357   4.693   -74.20186    0.00000    0.00000    6357       2
    6358   4.649   -74.20193    0.00000    0.00000    6358       3
    6359   4.696   -74.20185    0.00000    0.00000    6359       2
    6360   4.696   -74.20185    0.00000    0.00000    6360       9
    6361   4.697   -74.20185    0.00000    0.00000    6361       2
    6362   4.697   -74.20185    0.00000    0.00000    6362       1
    6363   4.678   -74.20188    0.00000    0.00000    6363       8
    6364   4.700   -74.20185    0.00000    0.00000    6364       1
    6365   4.700   -74.20185    0.00000    0.00000    6365       1
    6366   4.700   -74.20185    0.00000    0.00000    6366       1
    6367   4.700   -74.20185    0.00000    0.00000    6367       1
    6368   4.700   -74.20185    0.00000    0.00000    6368       5
    6369   4.661   -74.20191    0.00000    0.00000    6369       1
    6370   4.701   -74.20185    0.00000    0.00000    6370       2
    6371   4.701   -74.20185    0.00000    0.00000    6371       4
    6372   4.701   -74.20184    0.00000    0.00000    6372       2
    6373   4.701   -74.20184    0.00000    0.00000    6373       1
    6374   4.702   -74.20184    0.00000    0.00000    6374       1
    6375   4.701   -74.20184    0.00000    0.00000    6375       3
    6376   4.702   -74.20184    0.00000    0.00000    6376       1
    6377   4.703   -74.20184    0.00000    0.00000    6377       1
    6378   4.703   -74.20184    0.00000    0.00000    6378       3
    6379   4.694   -74.20186    0.00000    0.00000    6379      10
    6380   4.704   -74.20184    0.00000    0.00000    6380       1
    6381   4.702   -74.20184    0.00000    0.00000    6381       3
    6382   4.705   -74.20184    0.00000    0.00000    6382       3
    6383   4.700   -74.20185    0.00000    0.00000    6383       3
    6384   4.707   -74.20183    0.00000    0.00000    6384      10
    6385   4.707   -74.20183    0.00000    0.00000    6385       1
    6386   4.705   -74.20184    0.00000    0.00000    6386       1
    6387   4.707   -74.20183    0.00000    0.00000    6387       2
    6388   4.705   -74.20184    0.00000    0.00000    6388       8
    6389   4.708   -74.20183    0.00000    0.00000    6389       1
    6390   4.708   -74.20183    0.00000    0.00000    6390       1
    6391   4.708   -74.20183    0.00000    0.00000    6391       2
    6392   4.708   -74.20183    0.00000    0.00000    6392      22
    6393   4.711   -74.20183    0.00000    0.00000    6393       1
    6394   4.711   -74.20183    0.00000    0.00000    6394       5
    6395   4.710   -74.20183    0.00000    0.00000    6395       1
    6396   4.688   -74.20187    0.00000    0.00000    6396       1
    6397   4.710   -74.20183    0.00000    0.00000    6397       1
    6398   4.711   -74.20183    0.00000    0.00000    6398      10
    6399   4.709   -74.20183    0.00000    0.00000    6399       8
    6400   4.712   -74.20183    0.00000    0.00000    6400       1
    6401   4.713   -74.20183    0.00000    0.00000    6401       1
    6402   4.712   -74.20183    0.00000    0.00000    6402       5
    6403   4.710   -74.20183    0.00000    0.00000    6403      13
    6404   4.713   -74.20183    0.00000    0.00000    6404       3
    6405   4.713   -74.20183    0.00000    0.00000    6405       1
    6406   4.713   -74.20183    0.00000    0.00000    6406       1
    6407   4.713   -74.20183    0.00000    0.00000    6407       9
    6408   4.714   -74.20182    0.00000    0.00000    6408       8
    6409   4.716   -74.20182    0.00000    0.00000    6409       5
    6410   4.719   -74.20182    0.00000    0.00000    6410       4
    6411   4.695   -74.20185    0.00000    0.00000    6411       2
    6412   4.707   -74.20184    0.00000    0.00000    6412       1
    6413   4.718   -74.20182    0.00000    0.00000    6413      19
    6414   4.720   -74.20182    0.00000    0.00000    6414       1
    6415   4.719   -74.20182    0.00000    0.00000    6415       6
    6416   4.720   -74.20182    0.00000    0.00000    6416       5
    6417   4.721   -74.20181    0.00000    0.00000    6417       1
    6418   4.722   -74.20181    0.00000    0.00000    6418       3
    6419   4.722   -74.20181    0.00000    0.00000    6419       2
    6420   4.723   -74.20181    0.00000    0.00000    6420       3
    6421   4.723   -74.20181    0.00000    0.00000    6421       7
    6422   4.724   -74.20181    0.00000    0.00000    6422       8
    6423   4.724   -74.20181    0.00000    0.00000    6423       2
    6424   4.702   -74.20184    0.00000    0.00000    6424       4
    6425   4.724   -74.20181    0.00000    0.00000    6425       1
    6426   4.720   -74.20182    0.00000    0.00000    6426       2
    6427   4.724   -74.20181    0.00000    0.00000    6427       4
    6428   4.725   -74.20181    0.00000    0.00000    6428      18
    6429   4.714   -74.20182    0.00000    0.00000    6429       3
    6430   4.726   -74.20180    0.00000    0.00000    6430       1
    6431   4.726   -74.20180    0.00000    0.00000    6431       1
    6432   4.726   -74.20180    0.00000    0.00000    6432       4
    6433   4.719   -74.20182    0.00000    0.00000    6433       1
    6434   4.720   -74.20182    0.00000    0.00000    6434       3
    6435   4.728   -74.20180    0.00000    0.00000    6435       1
    6436   4.728   -74.20180    0.00000    0.00000    6436       1
    6437   4.728   -74.20180    0.00000    0.00000    6437      20
    6438   4.727   -74.20180    0.00000    0.00000    6438       1
    6439   4.727   -74.20180    0.00000    0.00000    6439       3
    6440   4.730   -74.20180    0.00000    0.00000    6440      12
    6441   4.731   -74.20180    0.00000    0.00000    6441       5
    6442   4.730   -74.20180    0.00000    0.00000    6442       3
    6443   4.731   -74.20180    0.00000    0.00000    6443       1
    6444   4.732   -74.20180    0.00000    0.00000    6444      17
    6445   4.733   -74.20179    0.00000    0.00000    6445       9
    6446   4.734   -74.20179    0.00000    0.00000    6446       4
    6447   4.724   -74.20181    0.00000    0.00000    6447       1
    6448   4.734   -74.20179    0.00000    0.00000    6448      10
    6449   4.736   -74.20179    0.00000    0.00000    6449       1
    6450   4.736   -74.20179    0.00000    0.00000    6450       6
    6451   4.736   -74.20179    0.00000    0.00000    6451       6
    6452   4.737   -74.20179    0.00000    0.00000    6452       1
    6453   4.737   -74.20179    0.00000    0.00000    6453       3
    6454   4.737   -74.20179    0.00000    0.00000    6454      16
    6455   4.715   -74.20182    0.00000    0.00000    6455       1
    6456   4.738   -74.20179    0.00000    0.00000    6456       1
    6457   4.739   -74.20178    0.00000    0.00000    6457       4
    6458   4.739   -74.20178    0.00000    0.00000    6458      10
    6459   4.740   -74.20178    0.00000    0.00000    6459      16
    6460   4.741   -74.20178    0.00000    0.00000    6460       3
    6461   4.738   -74.20179    0.00000    0.00000    6461       3
    6462   4.741   -74.20178    0.00000    0.00000    6462       2
    6463   4.742   -74.20178    0.00000    0.00000    6463       1
    6464   4.730   -74.20180    0.00000    0.00000    6464       3
    6465   4.707   -74.20183    0.00000    0.00000    6465       1
    6466   4.741   -74.20178    0.00000    0.00000    6466       1
    6467   4.742   -74.20178    0.00000    0.00000    6467       5
    6468   4.742   -74.20178    0.00000    0.00000    6468       1
    6469   4.743   -74.20178    0.00000    0.00000    6469       1
    6470   4.743   -74.20178    0.00000    0.00000    6470       1
    6471   4.743   -74.20178    0.00000    0.00000    6471      14
    6472   4.745   -74.20178    0.00000    0.00000    6472       1
    6473   4.745   -74.20178    0.00000    0.00000    6473       1
    6474   4.745   -74.20178    0.00000    0.00000    6474       2
    6475   4.745   -74.20177    0.00000    0.00000    6475       3
    6476   4.744   -74.20178    0.00000    0.00000    6476       8
    6477   4.735   -74.20179    0.00000    0.00000    6477       1
    6478   4.744   -74.20178    0.00000    0.00000    6478       1
    6479   4.709   -74.20183    0.00000    0.00000    6479      10
    6480   4.746   -74.20177    0.00000    0.00000    6480       1
    6481   4.746   -74.20177    0.00000    0.00000    6481       4
    6482   4.744   -74.20178    0.00000    0.00000    6482       2
    6483   4.746   -74.20177    0.00000    0.00000    6483       4
    6484   4.747   -74.20177    0.00000    0.00000    6484       1
    6485   4.711   -74.20183    0.00000    0.00000    6485       1
    6486   4.746   -74.20177    0.00000    0.00000    6486       1
    6487   4.744   -74.20178    0.00000    0.00000    6487       7
    6488   4.748   -74.20177    0.00000    0.00000    6488       3
    6489   4.748   -74.20177    0.00000    0.00000    6489       3
    6490   4.748   -74.20177    0.00000    0.00000    6490       1
    6491   4.749   -74.20177    0.00000    0.00000    6491       2
    6492   4.746   -74.20177    0.00000    0.00000    6492      14
    6493   4.746   -74.20177    0.00000    0.00000    6493       2
    6494   4.749   -74.20177    0.00000    0.00000    6494       1
    6495   4.724   -74.20181    0.00000    0.00000    6495       4
    6496   4.751   -74.20177    0.00000    0.00000    6496       3
    6497   4.749   -74.20177    0.00000    0.00000    6497       8
    6498   4.751   -74.20176    0.00000    0.00000    6498       1
    6499   4.748   -74.20177    0.00000    0.00000    6499       1
    6500   4.749   -74.20177    0.00000    0.00000    6500       1
    6501   4.751   -74.20176    0.00000    0.00000    6501       1
    6502   4.751   -74.20176    0.00000    0.00000    6502       5
    6503   4.751   -74.20176    0.00000    0.00000    6503      20
    6504   4.753   -74.20176    0.00000    0.00000    6504       2
    6505   4.754   -74.20176    0.00000    0.00000    6505       1
    6506   4.753   -74.20176    0.00000    0.00000    6506       7
    6507   4.730   -74.20180    0.00000    0.00000    6507       6
    6508   4.747   -74.20177    0.00000    0.00000    6508       3
    6509   4.754   -74.20176    0.00000    0.00000    6509       1
    6510   4.749   -74.20177    0.00000    0.00000    6510       1
    6511   4.754   -74.20176    0.00000    0.00000    6511       1
    6512   4.754   -74.20176    0.00000    0.00000    6512       2
    6513   4.754   -74.20176    0.00000    0.00000    6513       8
    6514   4.754   -74.20176    0.00000    0.00000    6514       1
    6515   4.754   -74.20176    0.00000    0.00000    6515       4
    6516   4.755   -74.20176    0.00000    0.00000    6516       3
    6517   4.755   -74.20176    0.00000    0.00000    6517       4
    6518   4.755   -74.20176    0.00000    0.00000    6518       2
    6519   4.755   -74.20176    0.00000    0.00000    6519       1
    6520   4.756   -74.20176    0.00000    0.00000    6520      20
    6521   4.757   -74.20176    0.00000    0.00000    6521       4
    6522   4.758   -74.20175    0.00000    0.00000    6522      25
    6523   4.760   -74.20175    0.00000    0.00000    6523       1
    6524   4.761   -74.20175    0.00000    0.00000    6524       1
    6525   4.761   -74.20175    0.00000    0.00000    6525       4
    6526   4.761   -74.20175    0.00000    0.00000    6526       2
    6527   4.761   -74.20175    0.00000    0.00000    6527       2
    6528   4.762   -74.20175    0.00000    0.00000    6528       2
    6529   4.763   -74.20175    0.00000    0.00000    6529       2
    6530   4.761   -74.20175    0.00000    0.00000    6530      14
    6531   4.761   -74.20175    0.00000    0.00000    6531       1
    6532   4.766   -74.20174    0.00000    0.00000    6532      15
    6533   4.766   -74.20174    0.00000    0.00000    6533      12
    6534   4.767   -74.20174    0.00000    0.00000    6534       7
    6535   4.766   -74.20174    0.00000    0.00000    6535       6
    6536   4.768   -74.20174    0.00000    0.00000    6536       1
    6537   4.768   -74.20174    0.00000    0.00000    6537       1
    6538   4.768   -74.20174    0.00000    0.00000    6538       2
    6539   4.768   -74.20174    0.00000    0.00000    6539       2
    6540   4.769   -74.20174    0.00000    0.00000    6540       2
    6541   4.748   -74.20177    0.00000    0.00000    6541       1
    6542   4.769   -74.20174    0.00000    0.00000    6542       1
    6543   4.769   -74.20174    0.00000    0.00000    6543       2
    6544   4.768   -74.20174    0.00000    0.00000    6544       6
    6545   4.770   -74.20173    0.00000    0.00000    6545       6
    6546   4.770   -74.20173    0.00000    0.00000    6546       3
    6547   4.771   -74.20173    0.00000    0.00000    6547       2
    6548   4.771   -74.20173    0.00000    0.00000    6548       1
    6549   4.771   -74.20173    0.00000    0.00000    6549       1
    6550   4.766   -74.20174    0.00000    0.00000    6550       4
    6551   4.771   -74.20173    0.00000    0.00000    6551       2
    6552   4.772   -74.20173    0.00000    0.00000    6552       4
    6553   4.771   -74.20173    0.00000    0.00000    6553       2
    6554   4.772   -74.20173    0.00000    0.00000    6554       5
    6555   4.773   -74.20173    0.00000    0.00000    6555       4
    6556   4.774   -74.20173    0.00000    0.00000    6556       7
    6557   4.775   -74.20173    0.00000    0.00000    6557       1
    6558   4.772   -74.20173    0.00000    0.00000    6558       1
    6559   4.775   -74.20173    0.00000    0.00000    6559       5
    6560   4.760   -74.20175    0.00000    0.00000    6560       4
    6561   4.776   -74.20173    0.00000    0.00000    6561       2
    6562   4.778   -74.20172    0.00000    0.00000    6562       3
    6563   4.776   -74.20173    0.00000    0.00000    6563       5
    6564   4.778   -74.20172    0.00000    0.00000    6564       8
    6565   4.779   -74.20172    0.00000    0.00000    6565       1
    6566   4.779   -74.20172    0.00000    0.00000    6566       1
    6567   4.778   -74.20172    0.00000    0.00000    6567       6
    6568   4.780   -74.20172    0.00000    0.00000    6568       1
    6569   4.754   -74.20176    0.00000    0.00000    6569       2
    6570   4.780   -74.20172    0.00000    0.00000    6570       1
    6571   4.780   -74.20172    0.00000    0.00000    6571       2
    6572   4.781   -74.20172    0.00000    0.00000    6572       1
    6573   4.781   -74.20172    0.00000    0.00000    6573       2
    6574   4.781   -74.20172    0.00000    0.00000    6574       1
    6575   4.781   -74.20172    0.00000    0.00000    6575       2
    6576   4.782   -74.20172    0.00000    0.00000    6576       3
    6577   4.782   -74.20172    0.00000    0.00000    6577       2
    6578   4.783   -74.20171    0.00000    0.00000    6578       2
    6579   4.783   -74.20171    0.00000    0.00000    6579       1
    6580   4.783   -74.20171    0.00000    0.00000    6580       2
    6581   4.779   -74.20172    0.00000    0.00000    6581       2
    6582   4.783   -74.20171    0.00000    0.00000    6582       1
    6583   4.783   -74.20171    0.00000    0.00000    6583       6
    6584   4.783   -74.20171    0.00000    0.00000    6584       5
    6585   4.785   -74.20171    0.00000    0.00000    6585       1
    6586   4.751   -74.20177    0.00000    0.00000    6586      11
    6587   4.787   -74.20171    0.00000    0.00000    6587       1
    6588   4.787   -74.20171    0.00000    0.00000    6588       2
    6589   4.788   -74.20171    0.00000    0.00000    6589       8
    6590   4.770   -74.20173    0.00000    0.00000    6590       3
    6591   4.789   -74.20171    0.00000    0.00000    6591       3
    6592   4.776   -74.20173    0.00000    0.00000    6592       1
    6593   4.789   -74.20171    0.00000    0.00000    6593      14
    6594   4.790   -74.20170    0.00000    0.00000    6594       3
    6595   4.791   -74.20170    0.00000    0.00000    6595       1
    6596   4.789   -74.20170    0.00000    0.00000    6596       1
    6597   4.791   -74.20170    0.00000    0.00000    6597       1
    6598   4.791   -74.20170    0.00000    0.00000    6598       1
    6599   4.791   -74.20170    0.00000    0.00000    6599       4
    6600   4.791   -74.20170    0.00000    0.00000    6600       3
    6601   4.792   -74.20170    0.00000    0.00000    6601       1
    6602   4.761   -74.20175    0.00000    0.00000    6602       2
    6603   4.791   -74.20170    0.00000    0.00000    6603       1
    6604   4.784   -74.20171    0.00000    0.00000    6604       1
    6605   4.792   -74.20170    0.00000    0.00000    6605       2
    6606   4.762   -74.20175    0.00000    0.00000    6606       5
    6607   4.792   -74.20170    0.00000    0.00000    6607       2
    6608   4.792   -74.20170    0.00000    0.00000    6608       8
    6609   4.793   -74.20170    0.00000    0.00000    6609       1
    6610   4.754   -74.20176    0.00000    0.00000    6610       2
    6611   4.762   -74.20175    0.00000    0.00000    6611       3
    6612   4.794   -74.20170    0.00000    0.00000    6612       7
    6613   4.797   -74.20169    0.00000    0.00000    6613       6
    6614   4.797   -74.20169    0.00000    0.00000    6614       1
    6615   4.798   -74.20169    0.00000    0.00000    6615       5
    6616   4.784   -74.20171    0.00000    0.00000    6616       4
    6617   4.797   -74.20169    0.00000    0.00000    6617       3
    6618   4.800   -74.20169    0.00000    0.00000    6618       3
    6619   4.795   -74.20169    0.00000    0.00000    6619       2
    6620   4.792   -74.20170    0.00000    0.00000    6620       1
    6621   4.762   -74.20175    0.00000    0.00000    6621       1
    6622   4.796   -74.20169    0.00000    0.00000    6622       2
    6623   4.801   -74.20169    0.00000    0.00000    6623       1
    6624   4.801   -74.20169    0.00000    0.00000    6624       2
    6625   4.801   -74.20169    0.00000    0.00000    6625       1
    6626   4.801   -74.20169    0.00000    0.00000    6626       4
    6627   4.802   -74.20168    0.00000    0.00000    6627       1
    6628   4.802   -74.20168    0.00000    0.00000    6628       1
    6629   4.802   -74.20168    0.00000    0.00000    6629       7
    6630   4.802   -74.20168    0.00000    0.00000    6630       1
    6631   4.803   -74.20168    0.00000    0.00000    6631       1
    6632   4.803   -74.20168    0.00000    0.00000    6632       1
    6633   4.803   -74.20168    0.00000    0.00000    6633       2
    6634   4.803   -74.20168    0.00000    0.00000    6634       2
    6635   4.803   -74.20168    0.00000    0.00000    6635       1
    6636   4.801   -74.20169    0.00000    0.00000    6636       6
    6637   4.804   -74.20168    0.00000    0.00000    6637       8
    6638   4.804   -74.20168    0.00000    0.00000    6638       4
    6639   4.805   -74.20168    0.00000    0.00000    6639       1
    6640   4.805   -74.20168    0.00000    0.00000    6640       7
    6641   4.806   -74.20168    0.00000    0.00000    6641       2
    6642   4.770   -74.20174    0.00000    0.00000    6642       6
    6643   4.806   -74.20168    0.00000    0.00000    6643       5
    6644   4.807   -74.20168    0.00000    0.00000    6644       6
    6645   4.804   -74.20168    0.00000    0.00000    6645       3
    6646   4.808   -74.20167    0.00000    0.00000    6646       1
    6647   4.808   -74.20167    0.00000    0.00000    6647       1
    6648   4.804   -74.20168    0.00000    0.00000    6648       1
    6649   4.809   -74.20167    0.00000    0.00000    6649       1
    6650   4.807   -74.20168    0.00000    0.00000    6650       6
    6651   4.777   -74.20172    0.00000    0.00000    6651       2
    6652   4.777   -74.20172    0.00000    0.00000    6652       2
    6653   4.809   -74.20167    0.00000    0.00000    6653       7
    6654   4.801   -74.20169    0.00000    0.00000    6654       9
    6655   4.812   -74.20167    0.00000    0.00000    6655       2
    6656   4.811   -74.20167    0.00000    0.00000    6656       1
    6657   4.812   -74.20167    0.00000    0.00000    6657       3
    6658   4.812   -74.20167    0.00000    0.00000    6658       4
    6659   4.812   -74.20167    0.00000    0.00000    6659       2
    6660   4.813   -74.20167    0.00000    0.00000    6660       2
    6661   4.813   -74.20167    0.00000    0.00000    6661       9
    6662   4.813   -74.20167    0.00000    0.00000    6662       1
    6663   4.813   -74.20167    0.00000    0.00000    6663       3
    6664   4.814   -74.20167    0.00000    0.00000    6664       2
    6665   4.814   -74.20166    0.00000    0.00000    6665       1
    6666   4.814   -74.20166    0.00000    0.00000    6666       4
    6667   4.816   -74.20166    0.00000    0.00000    6667       4
    6668   4.815   -74.20166    0.00000    0.00000    6668       1
    6669   4.817   -74.20166    0.00000    0.00000    6669       5
    6670   4.812   -74.20167    0.00000    0.00000    6670      12
    6671   4.818   -74.20166    0.00000    0.00000    6671      11
    6672   4.820   -74.20166    0.00000    0.00000    6672       2
    6673   4.816   -74.20166    0.00000    0.00000    6673       1
    6674   4.813   -74.20167    0.00000    0.00000    6674       2
    6675   4.821   -74.20165    0.00000    0.00000    6675       2
    6676   4.816   -74.20166    0.00000    0.00000    6676       3
    6677   4.816   -74.20166    0.00000    0.00000    6677       4
    6678   4.816   -74.20166    0.00000    0.00000    6678       1
    6679   4.784   -74.20171    0.00000    0.00000    6679       9
    6680   4.823   -74.20165    0.00000    0.00000    6680       1
    6681   4.824   -74.20165    0.00000    0.00000    6681       1
    6682   4.824   -74.20165    0.00000    0.00000    6682       1
    6683   4.804   -74.20168    0.00000    0.00000    6683       1
    6684   4.816   -74.20166    0.00000    0.00000    6684       2
    6685   4.822   -74.20165    0.00000    0.00000    6685       6
    6686   4.826   -74.20165    0.00000    0.00000    6686       3
    6687   4.825   -74.20165    0.00000    0.00000    6687       1
    6688   4.826   -74.20165    0.00000    0.00000    6688       2
    6689   4.826   -74.20165    0.00000    0.00000    6689       4
    6690   4.802   -74.20168    0.00000    0.00000    6690       3
    6691   4.816   -74.20166    0.00000    0.00000    6691       3
    6692   4.827   -74.20164    0.00000    0.00000    6692       1
    6693   4.828   -74.20164    0.00000    0.00000    6693       2
    6694   4.828   -74.20164    0.00000    0.00000    6694      10
    6695   4.827   -74.20164    0.00000    0.00000    6695       1
    6696   4.830   -74.20164    0.00000    0.00000    6696       2
    6697   4.831   -74.20164    0.00000    0.00000    6697       6
    6698   4.831   -74.20164    0.00000    0.00000    6698       3
    6699   4.832   -74.20164    0.00000    0.00000    6699       5
    6700   4.797   -74.20169    0.00000    0.00000    6700       3
    6701   4.833   -74.20163    0.00000    0.00000    6701       3
    6702   4.834   -74.20163    0.00000    0.00000    6702       4
    6703   4.834   -74.20163    0.00000    0.00000    6703       1
    6704   4.834   -74.20163    0.00000    0.00000    6704       5
    6705   4.835   -74.20163    0.00000    0.00000    6705       2
    6706   4.834   -74.20163    0.00000    0.00000    6706       1
    6707   4.835   -74.20163    0.00000    0.00000    6707       6
    6708   4.835   -74.20163    0.00000    0.00000    6708      11
    6709   4.836   -74.20163    0.00000    0.00000    6709       4
    6710   4.836   -74.20163    0.00000    0.00000    6710       1
    6711   4.838   -74.20163    0.00000    0.00000    6711       2
    6712   4.836   -74.20163    0.00000    0.00000    6712       3
    6713   4.837   -74.20163    0.00000    0.00000    6713       3
    6714   4.827   -74.20164    0.00000    0.00000    6714       3
    6715   4.837   -74.20163    0.00000    0.00000    6715      12
    6716   4.839   -74.20162    0.00000    0.00000    6716       3
    6717   4.840   -74.20162    0.00000    0.00000    6717       5
    6718   4.840   -74.20162    0.00000    0.00000    6718       5
    6719   4.805   -74.20168    0.00000    0.00000    6719      14
    6720   4.841   -74.20162    0.00000    0.00000    6720       1
    6721   4.838   -74.20163    0.00000    0.00000    6721       1
    6722   4.836   -74.20163    0.00000    0.00000    6722       7
    6723   4.841   -74.20162    0.00000    0.00000    6723       2
    6724   4.836   -74.20163    0.00000    0.00000    6724       2
    6725   4.841   -74.20162    0.00000    0.00000    6725       6
    6726   4.842   -74.20162    0.00000    0.00000    6726       2
    6727   4.838   -74.20163    0.00000    0.00000    6727       4
    6728   4.844   -74.20162    0.00000    0.00000    6728       5
    6729   4.845   -74.20161    0.00000    0.00000    6729       1
    6730   4.846   -74.20161    0.00000    0.00000    6730       1
    6731   4.840   -74.20162    0.00000    0.00000    6731       5
    6732   4.846   -74.20161    0.00000    0.00000    6732       6
    6733   4.845   -74.20161    0.00000    0.00000    6733       1
    6734   4.845   -74.20161    0.00000    0.00000    6734       1
    6735   4.847   -74.20161    0.00000    0.00000    6735       6
    6736   4.847   -74.20161    0.00000    0.00000    6736      11
    6737   4.848   -74.20161    0.00000    0.00000    6737       1
    6738   4.849   -74.20161    0.00000    0.00000    6738       1
    6739   4.849   -74.20161    0.00000    0.00000    6739       1
    6740   4.849   -74.20161    0.00000    0.00000    6740       3
    6741   4.849   -74.20161    0.00000    0.00000    6741       4
    6742   4.851   -74.20161    0.00000    0.00000    6742       2
    6743   4.850   -74.20161    0.00000    0.00000    6743       1
    6744   4.851   -74.20161    0.00000    0.00000    6744       3
    6745   4.851   -74.20161    0.00000    0.00000    6745       1
    6746   4.851   -74.20161    0.00000    0.00000    6746       2
    6747   4.852   -74.20160    0.00000    0.00000    6747       1
    6748   4.852   -74.20160    0.00000    0.00000    6748       2
    6749   4.854   -74.20160    0.00000    0.00000    6749       2
    6750   4.853   -74.20160    0.00000    0.00000    6750       6
    6751   4.854   -74.20160    0.00000    0.00000    6751       4
    6752   4.846   -74.20161    0.00000    0.00000    6752       7
    6753   4.855   -74.20160    0.00000    0.00000    6753       1
    6754   4.851   -74.20161    0.00000    0.00000    6754       2
    6755   4.855   -74.20160    0.00000    0.00000    6755       1
    6756   4.855   -74.20160    0.00000    0.00000    6756       4
    6757   4.856   -74.20160    0.00000    0.00000    6757       4
    6758   4.831   -74.20164    0.00000    0.00000    6758       2
    6759   4.850   -74.20161    0.00000    0.00000    6759       1
    6760   4.857   -74.20160    0.00000    0.00000    6760       1
    6761   4.850   -74.20161    0.00000    0.00000    6761       1
    6762   4.857   -74.20160    0.00000    0.00000    6762       1
    6763   4.857   -74.20160    0.00000    0.00000    6763       1
    6764   4.857   -74.20160    0.00000    0.00000    6764       6
    6765   4.858   -74.20159    0.00000    0.00000    6765       3
    6766   4.858   -74.20159    0.00000    0.00000    6766       1
    6767   4.859   -74.20159    0.00000    0.00000    6767       1
    6768   4.859   -74.20159    0.00000    0.00000    6768       2
    6769   4.859   -74.20159    0.00000    0.00000    6769       2
    6770   4.859   -74.20159    0.00000    0.00000    6770       1
    6771   4.860   -74.20159    0.00000    0.00000    6771       6
    6772   4.861   -74.20159    0.00000    0.00000    6772       4
    6773   4.861   -74.20159    0.00000    0.00000    6773       4
    6774   4.861   -74.20159    0.00000    0.00000    6774       3
    6775   4.861   -74.20159    0.00000    0.00000    6775       6
    6776   4.862   -74.20159    0.00000    0.00000    6776       1
    6777   4.862   -74.20159    0.00000    0.00000    6777       1
    6778   4.862   -74.20159    0.00000    0.00000    6778       1
    6779   4.862   -74.20159    0.00000    0.00000    6779       1
    6780   4.862   -74.20159    0.00000    0.00000    6780       2
    6781   4.829   -74.20164    0.00000    0.00000    6781       1
    6782   4.862   -74.20159    0.00000    0.00000    6782       1
    6783   4.829   -74.20164    0.00000    0.00000    6783       1
    6784   4.862   -74.20159    0.00000    0.00000    6784       5
    6785   4.863   -74.20159    0.00000    0.00000    6785       6
    6786   4.863   -74.20159    0.00000    0.00000    6786       1
    6787   4.863   -74.20159    0.00000    0.00000    6787       1
    6788   4.863   -74.20159    0.00000    0.00000    6788       2
    6789   4.863   -74.20159    0.00000    0.00000    6789       2
    6790   4.829   -74.20164    0.00000    0.00000    6790       1
    6791   4.864   -74.20159    0.00000    0.00000    6791       2
    6792   4.863   -74.20159    0.00000    0.00000    6792       3
    6793   4.864   -74.20158    0.00000    0.00000    6793       6
    6794   4.865   -74.20158    0.00000    0.00000    6794       2
    6795   4.866   -74.20158    0.00000    0.00000    6795       1
    6796   4.862   -74.20159    0.00000    0.00000    6796       4
    6797   4.866   -74.20158    0.00000    0.00000    6797       1
    6798   4.838   -74.20163    0.00000    0.00000    6798       1
    6799   4.863   -74.20159    0.00000    0.00000    6799       3
    6800   4.865   -74.20158    0.00000    0.00000    6800       1
    6801   4.860   -74.20159    0.00000    0.00000    6801       9
    6802   4.863   -74.20159    0.00000    0.00000    6802       2
    6803   4.867   -74.20158    0.00000    0.00000    6803       5
    6804   4.869   -74.20158    0.00000    0.00000    6804       1
    6805   4.869   -74.20158    0.00000    0.00000    6805       4
    6806   4.868   -74.20158    0.00000    0.00000    6806       4
    6807   4.870   -74.20158    0.00000    0.00000    6807       3
    6808   4.869   -74.20158    0.00000    0.00000    6808       7
    6809   4.871   -74.20157    0.00000    0.00000    6809       1
    6810   4.872   -74.20157    0.00000    0.00000    6810       1
    6811   4.871   -74.20157    0.00000    0.00000    6811       4
    6812   4.826   -74.20165    0.00000    0.00000    6812       6
    6813   4.874   -74.20157    0.00000    0.00000    6813       4
    6814   4.874   -74.20157    0.00000    0.00000    6814       3
    6815   4.875   -74.20157    0.00000    0.00000    6815       1
    6816   4.875   -74.20157    0.00000    0.00000    6816       2
    6817   4.875   -74.20157    0.00000    0.00000    6817       2
    6818   4.874   -74.20157    0.00000    0.00000    6818       2
    6819   4.875   -74.20157    0.00000    0.00000    6819       2
    6820   4.876   -74.20157    0.00000    0.00000    6820       1
    6821   4.875   -74.20157    0.00000    0.00000    6821       3
    6822   4.876   -74.20157    0.00000    0.00000    6822       3
    6823   4.876   -74.20157    0.00000    0.00000    6823       2
    6824   4.876   -74.20157    0.00000    0.00000    6824       1
    6825   4.868   -74.20158    0.00000    0.00000    6825       1
    6826   4.876   -74.20157    0.00000    0.00000    6826       1
    6827   4.876   -74.20157    0.00000    0.00000    6827       2
    6828   4.876   -74.20157    0.00000    0.00000    6828       1
    6829   4.876   -74.20157    0.00000    0.00000    6829       1
    6830   4.876   -74.20157    0.00000    0.00000    6830       5
    6831   4.877   -74.20157    0.00000    0.00000    6831       1
    6832   4.877   -74.20157    0.00000    0.00000    6832       1
    6833   4.877   -74.20157    0.00000    0.00000    6833       1
    6834   4.877   -74.20156    0.00000    0.00000    6834       1
    6835   4.877   -74.20156    0.00000    0.00000    6835       1
    6836   4.877   -74.20156    0.00000    0.00000    6836       2
    6837   4.877   -74.20156    0.00000    0.00000    6837      17
    6838   4.873   -74.20157    0.00000    0.00000    6838      13
    6839   4.880   -74.20156    0.00000    0.00000    6839       1
    6840   4.880   -74.20156    0.00000    0.00000    6840       2
    6841   4.881   -74.20156    0.00000    0.00000    6841       7
    6842   4.878   -74.20156    0.00000    0.00000    6842       1
    6843   4.849   -74.20161    0.00000    0.00000    6843       4
    6844   4.880   -74.20156    0.00000    0.00000    6844       8
    6845   4.884   -74.20155    0.00000    0.00000    6845       2
    6846   4.883   -74.20156    0.00000    0.00000    6846       3
    6847   4.883   -74.20155    0.00000    0.00000    6847       5
    6848   4.887   -74.20155    0.00000    0.00000    6848       2
    6849   4.887   -74.20155    0.00000    0.00000    6849       3
    6850   4.887   -74.20155    0.00000    0.00000    6850       1
    6851   4.887   -74.20155    0.00000    0.00000    6851       2
    6852   4.877   -74.20156    0.00000    0.00000    6852       1
    6853   4.887   -74.20155    0.00000    0.00000    6853       1
    6854   4.885   -74.20155    0.00000    0.00000    6854       1
    6855   4.888   -74.20155    0.00000    0.00000    6855       1
    6856   4.886   -74.20155    0.00000    0.00000    6856       3
    6857   4.888   -74.20155    0.00000    0.00000    6857       2
    6858   4.889   -74.20155    0.00000    0.00000    6858       5
    6859   4.844   -74.20162    0.00000    0.00000    6859       1
    6860   4.887   -74.20155    0.00000    0.00000    6860       1
    6861   4.886   -74.20155    0.00000    0.00000    6861       2
    6862   4.881   -74.20156    0.00000    0.00000    6862       1
    6863   4.889   -74.20155    0.00000    0.00000    6863       1
    6864   4.889   -74.20155    0.00000    0.00000    6864       3
    6865   4.890   -74.20154    0.00000    0.00000    6865       2
    6866   4.890   -74.20154    0.00000    0.00000    6866       1
    6867   4.890   -74.20154    0.00000    0.00000    6867       7
    6868   4.891   -74.20154    0.00000    0.00000    6868      11
    6869   4.894   -74.20154    0.00000    0.00000    6869       2
    6870   4.894   -74.20154    0.00000    0.00000    6870       2
    6871   4.894   -74.20154    0.00000    0.00000    6871       2
    6872   4.894   -74.20154    0.00000    0.00000    6872       1
    6873   4.891   -74.20154    0.00000    0.00000    6873       1
    6874   4.894   -74.20154    0.00000    0.00000    6874      12
    6875   4.890   -74.20154    0.00000    0.00000    6875       1
    6876   4.895   -74.20154    0.00000    0.00000    6876      20
    6877   4.895   -74.20154    0.00000    0.00000    6877       1
    6878   4.900   -74.20153    0.00000    0.00000    6878       1
    6879   4.900   -74.20153    0.00000    0.00000    6879      10
    6880   4.898   -74.20153    0.00000    0.00000    6880       1
    6881   4.901   -74.20153    0.00000    0.00000    6881       3
    6882   4.902   -74.20153    0.00000    0.00000    6882       1
    6883   4.898   -74.20153    0.00000    0.00000    6883       9
    6884   4.902   -74.20152    0.00000    0.00000    6884       1
    6885   4.902   -74.20152    0.00000    0.00000    6885       2
    6886   4.902   -74.20152    0.00000    0.00000    6886       7
    6887   4.903   -74.20152    0.00000    0.00000    6887       1
    6888   4.884   -74.20155    0.00000    0.00000    6888       1
    6889   4.904   -74.20152    0.00000    0.00000    6889       4
    6890   4.904   -74.20152    0.00000    0.00000    6890       4
    6891   4.904   -74.20152    0.00000    0.00000    6891       1
    6892   4.895   -74.20154    0.00000    0.00000    6892       2
    6893   4.904   -74.20152    0.00000    0.00000    6893       7
    6894   4.905   -74.20152    0.00000    0.00000    6894       1
    6895   4.905   -74.20152    0.00000    0.00000    6895       1
    6896   4.905   -74.20152    0.00000    0.00000    6896       4
    6897   4.905   -74.20152    0.00000    0.00000    6897       1
    6898   4.906   -74.20152    0.00000    0.00000    6898       1
    6899   4.907   -74.20152    0.00000    0.00000    6899       4
    6900   4.907   -74.20152    0.00000    0.00000    6900       4
    6901   4.908   -74.20152    0.00000    0.00000    6901       1
    6902   4.908   -74.20152    0.00000    0.00000    6902      14
    6903   4.904   -74.20152    0.00000    0.00000    6903       1
    6904   4.908   -74.20152    0.00000    0.00000    6904       2
    6905   4.910   -74.20151    0.00000    0.00000    6905      15
    6906   4.911   -74.20151    0.00000    0.00000    6906       4
    6907   4.913   -74.20151    0.00000    0.00000    6907       7
    6908   4.910   -74.20151    0.00000    0.00000    6908       2
    6909   4.892   -74.20154    0.00000    0.00000    6909       2
    6910   4.913   -74.20151    0.00000    0.00000    6910       1
    6911   4.915   -74.20150    0.00000    0.00000    6911       1
    6912   4.915   -74.20150    0.00000    0.00000    6912       2
    6913   4.916   -74.20150    0.00000    0.00000    6913       1
    6914   4.915   -74.20150    0.00000    0.00000    6914       9
    6915   4.905   -74.20152    0.00000    0.00000    6915       1
    6916   4.915   -74.20150    0.00000    0.00000    6916       1
    6917   4.868   -74.20158    0.00000    0.00000    6917       1
    6918   4.917   -74.20150    0.00000    0.00000    6918       2
    6919   4.917   -74.20150    0.00000    0.00000    6919       3
    6920   4.917   -74.20150    0.00000    0.00000    6920       1
    6921   4.917   -74.20150    0.00000    0.00000    6921       5
    6922   4.917   -74.20150    0.00000    0.00000    6922       1
    6923   4.917   -74.20150    0.00000    0.00000    6923       2
    6924   4.918   -74.20150    0.00000    0.00000    6924       6
    6925   4.919   -74.20150    0.00000    0.00000    6925       1
    6926   4.918   -74.20150    0.00000    0.00000    6926       3
    6927   4.920   -74.20150    0.00000    0.00000    6927       1
    6928   4.920   -74.20150    0.00000    0.00000    6928       1
    6929   4.890   -74.20154    0.00000    0.00000    6929       1
    6930   4.890   -74.20154    0.00000    0.00000    6930       3
    6931   4.895   -74.20154    0.00000    0.00000    6931       2
    6932   4.909   -74.20151    0.00000    0.00000    6932       2
    6933   4.897   -74.20153    0.00000    0.00000    6933       1
    6934   4.914   -74.20151    0.00000    0.00000    6934       2
    6935   4.920   -74.20150    0.00000    0.00000    6935       1
    6936   4.890   -74.20154    0.00000    0.00000    6936       9
    6937   4.920   -74.20150    0.00000    0.00000    6937       1
    6938   4.920   -74.20150    0.00000    0.00000    6938       2
    6939   4.921   -74.20149    0.00000    0.00000    6939       4
    6940   4.921   -74.20149    0.00000    0.00000    6940       1
    6941   4.921   -74.20149    0.00000    0.00000    6941       1
    6942   4.921   -74.20149    0.00000    0.00000    6942       1
    6943   4.921   -74.20149    0.00000    0.00000    6943       1
    6944   4.890   -74.20154    0.00000    0.00000    6944       1
    6945   4.921   -74.20149    0.00000    0.00000    6945       2
    6946   4.922   -74.20149    0.00000    0.00000    6946       1
    6947   4.922   -74.20149    0.00000    0.00000    6947      10
    6948   4.922   -74.20149    0.00000    0.00000    6948       1
    6949   4.921   -74.20149    0.00000    0.00000    6949      11
    6950   4.924   -74.20149    0.00000    0.00000    6950       1
    6951   4.915   -74.20150    0.00000    0.00000    6951       8
    6952   4.926   -74.20149    0.00000    0.00000    6952       1
    6953   4.926   -74.20149    0.00000    0.00000    6953       2
    6954   4.926   -74.20149    0.00000    0.00000    6954       1
    6955   4.926   -74.20149    0.00000    0.00000    6955       1
    6956   4.927   -74.20149    0.00000    0.00000    6956       1
    6957   4.927   -74.20149    0.00000    0.00000    6957       2
    6958   4.927   -74.20148    0.00000    0.00000    6958       8
    6959   4.928   -74.20148    0.00000    0.00000    6959       1
    6960   4.929   -74.20148    0.00000    0.00000    6960       1
    6961   4.929   -74.20148    0.00000    0.00000    6961      10
    6962   4.928   -74.20148    0.00000    0.00000    6962       8
    6963   4.919   -74.20150    0.00000    0.00000    6963       1
    6964   4.928   -74.20148    0.00000    0.00000    6964       7
    6965   4.931   -74.20148    0.00000    0.00000    6965       1
    6966   4.928   -74.20148    0.00000    0.00000    6966       1
    6967   4.931   -74.20148    0.00000    0.00000    6967       1
    6968   4.928   -74.20148    0.00000    0.00000    6968       2
    6969   4.931   -74.20148    0.00000    0.00000    6969       2
    6970   4.931   -74.20148    0.00000    0.00000    6970       1
    6971   4.931   -74.20148    0.00000    0.00000    6971       1
    6972   4.932   -74.20148    0.00000    0.00000    6972       5
    6973   4.932   -74.20148    0.00000    0.00000    6973       1
    6974   4.932   -74.20148    0.00000    0.00000    6974       1
    6975   4.932   -74.20148    0.00000    0.00000    6975       1
    6976   4.932   -74.20148    0.00000    0.00000    6976       1
    6977   4.932   -74.20148    0.00000    0.00000    6977       1
    6978   4.933   -74.20148    0.00000    0.00000    6978       1
    6979   4.933   -74.20148    0.00000    0.00000    6979       8
    6980   4.936   -74.20147    0.00000    0.00000    6980       1
    6981   4.936   -74.20147    0.00000    0.00000    6981       4
    6982   4.935   -74.20147    0.00000    0.00000    6982       4
    6983   4.936   -74.20147    0.00000    0.00000    6983       3
    6984   4.937   -74.20147    0.00000    0.00000    6984       5
    6985   4.938   -74.20147    0.00000    0.00000    6985       2
    6986   4.938   -74.20147    0.00000    0.00000    6986       5
    6987   4.937   -74.20147    0.00000    0.00000    6987       1
    6988   4.938   -74.20147    0.00000    0.00000    6988       2
    6989   4.936   -74.20147    0.00000    0.00000    6989       2
    6990   4.939   -74.20147    0.00000    0.00000    6990       3
    6991   4.939   -74.20147    0.00000    0.00000    6991       3
    6992   4.939   -74.20147    0.00000    0.00000    6992      13
    6993   4.942   -74.20146    0.00000    0.00000    6993       1
    6994   4.942   -74.20146    0.00000    0.00000    6994       2
    6995   4.942   -74.20146    0.00000    0.00000    6995       1
    6996   4.943   -74.20146    0.00000    0.00000    6996       3
    6997   4.943   -74.20146    0.00000    0.00000    6997       6
    6998   4.943   -74.20146    0.00000    0.00000    6998       1
    6999   4.943   -74.20146    0.00000    0.00000    6999       4
    7000   4.945   -74.20146    0.00000    0.00000    7000       6
    7001   4.945   -74.20146    0.00000    0.00000    7001       1
    7002   4.944   -74.20146    0.00000    0.00000    7002       1
    7003   4.945   -74.20146    0.00000    0.00000    7003       2
    7004   4.946   -74.20145    0.00000    0.00000    7004       1
    7005   4.936   -74.20147    0.00000    0.00000    7005       1
    7006   4.946   -74.20145    0.00000    0.00000    7006       6
    7007   4.949   -74.20145    0.00000    0.00000    7007       5
    7008   4.950   -74.20145    0.00000    0.00000    7008       1
    7009   4.936   -74.20147    0.00000    0.00000    7009       1
    7010   4.948   -74.20145    0.00000    0.00000    7010      13
    7011   4.951   -74.20145    0.00000    0.00000    7011      14
    7012   4.948   -74.20145    0.00000    0.00000    7012       1
    7013   4.944   -74.20146    0.00000    0.00000    7013       1
    7014   4.952   -74.20144    0.00000    0.00000    7014       2
    7015   4.948   -74.20145    0.00000    0.00000    7015       1
    7016   4.954   -74.20144    0.00000    0.00000    7016       1
    7017   4.954   -74.20144    0.00000    0.00000    7017       2
    7018   4.954   -74.20144    0.00000    0.00000    7018       1
    7019   4.948   -74.20145    0.00000    0.00000    7019       2
    7020   4.953   -74.20144    0.00000    0.00000    7020      12
    7021   4.954   -74.20144    0.00000    0.00000    7021       9
    7022   4.955   -74.20144    0.00000    0.00000    7022       1
    7023   4.953   -74.20144    0.00000    0.00000    7023       4
    7024   4.953   -74.20144    0.00000    0.00000    7024       6
    7025   4.956   -74.20144    0.00000    0.00000    7025       1
    7026   4.956   -74.20144    0.00000    0.00000    7026       1
    7027   4.956   -74.20144    0.00000    0.00000    7027       1
    7028   4.950   -74.20145    0.00000    0.00000    7028       6
    7029   4.956   -74.20144    0.00000    0.00000    7029       4
    7030   4.957   -74.20144    0.00000    0.00000    7030       5
    7031   4.957   -74.20144    0.00000    0.00000    7031       3
    7032   4.955   -74.20144    0.00000    0.00000    7032       5
    7033   4.960   -74.20143    0.00000    0.00000    7033       9
    7034   4.934   -74.20147    0.00000    0.00000    7034       2
    7035   4.962   -74.20143    0.00000    0.00000    7035       6
    7036   4.963   -74.20143    0.00000    0.00000    7036       9
    7037   4.962   -74.20143    0.00000    0.00000    7037       3
    7038   4.963   -74.20143    0.00000    0.00000    7038       5
    7039   4.963   -74.20143    0.00000    0.00000    7039       1
    7040   4.962   -74.20143    0.00000    0.00000    7040       2
    7041   4.963   -74.20143    0.00000    0.00000    7041       8
    7042   4.964   -74.20143    0.00000    0.00000    7042       3
    7043   4.964   -74.20143    0.00000    0.00000    7043       9
    7044   4.962   -74.20143    0.00000    0.00000    7044       2
    7045   4.965   -74.20142    0.00000    0.00000    7045       1
    7046   4.965   -74.20142    0.00000    0.00000    7046       3
    7047   4.966   -74.20142    0.00000    0.00000    7047       5
    7048   4.966   -74.20142    0.00000    0.00000    7048       9
    7049   4.967   -74.20142    0.00000    0.00000    7049       1
    7050   4.967   -74.20142    0.00000    0.00000    7050       1
    7051   4.969   -74.20142    0.00000    0.00000    7051       7
    7052   4.970   -74.20142    0.00000    0.00000    7052       2
    7053   4.971   -74.20142    0.00000    0.00000    7053       1
    7054   4.971   -74.20142    0.00000    0.00000    7054       8
    7055   4.970   -74.20142    0.00000    0.00000    7055       3
    7056   4.971   -74.20141    0.00000    0.00000    7056       1
    7057   4.970   -74.20142    0.00000    0.00000    7057       1
    7058   4.971   -74.20141    0.00000    0.00000    7058       4
    7059   4.964   -74.20143    0.00000    0.00000    7059      17
    7060   4.972   -74.20141    0.00000    0.00000    7060       6
    7061   4.973   -74.20141    0.00000    0.00000    7061       1
    7062   4.964   -74.20143    0.00000    0.00000    7062      11
    7063   4.973   -74.20141    0.00000    0.00000    7063       8
    7064   4.974   -74.20141    0.00000    0.00000    7064       1
    7065   4.974   -74.20141    0.00000    0.00000    7065       1
    7066   4.974   -74.20141    0.00000    0.00000    7066       2
    7067   4.974   -74.20141    0.00000    0.00000    7067       5
    7068   4.975   -74.20141    0.00000    0.00000    7068       4
    7069   4.976   -74.20141    0.00000    0.00000    7069       1
    7070   4.975   -74.20141    0.00000    0.00000    7070       1
    7071   4.975   -74.20141    0.00000    0.00000    7071       2
    7072   4.975   -74.20141    0.00000    0.00000    7072      10
    7073   4.935   -74.20147    0.00000    0.00000    7073       2
    7074   4.975   -74.20141    0.00000    0.00000    7074       3
    7075   4.977   -74.20141    0.00000    0.00000    7075       2
    7076   4.975   -74.20141    0.00000    0.00000    7076       1
    7077   4.969   -74.20142    0.00000    0.00000    7077       2
    7078   4.976   -74.20141    0.00000    0.00000    7078      19
    7079   4.974   -74.20141    0.00000    0.00000    7079       5
    7080   4.977   -74.20140    0.00000    0.00000    7080      12
    7081   4.958   -74.20144    0.00000    0.00000    7081       4
    7082   4.978   -74.20140    0.00000    0.00000    7082       1
    7083   4.958   -74.20144    0.00000    0.00000    7083       1
    7084   4.979   -74.20140    0.00000    0.00000    7084       1
    7085   4.979   -74.20140    0.00000    0.00000    7085       3
    7086   4.958   -74.20144    0.00000    0.00000    7086       1
    7087   4.958   -74.20143    0.00000    0.00000    7087       1
    7088   4.962   -74.20143    0.00000    0.00000    7088       2
    7089   4.979   -74.20140    0.00000    0.00000    7089       2
    7090   4.979   -74.20140    0.00000    0.00000    7090      15
    7091   4.981   -74.20140    0.00000    0.00000    7091       3
    7092   4.973   -74.20141    0.00000    0.00000    7092       5
    7093   4.981   -74.20140    0.00000    0.00000    7093       2
    7094   4.981   -74.20140    0.00000    0.00000    7094       1
    7095   4.981   -74.20140    0.00000    0.00000    7095       2
    7096   4.983   -74.20140    0.00000    0.00000    7096       1
    7097   4.984   -74.20139    0.00000    0.00000    7097       1
    7098   4.982   -74.20140    0.00000    0.00000    7098       6
    7099   4.984   -74.20139    0.00000    0.00000    7099       5
    7100   4.984   -74.20139    0.00000    0.00000    7100       2
    7101   4.984   -74.20139    0.00000    0.00000    7101       1
    7102   4.977   -74.20141    0.00000    0.00000    7102      18
    7103   4.951   -74.20145    0.00000    0.00000    7103       1
    7104   4.986   -74.20139    0.00000    0.00000    7104       6
    7105   4.983   -74.20140    0.00000    0.00000    7105       1
    7106   4.987   -74.20139    0.00000    0.00000    7106       1
    7107   4.987   -74.20139    0.00000    0.00000    7107       1
    7108   4.951   -74.20145    0.00000    0.00000    7108       2
    7109   4.987   -74.20139    0.00000    0.00000    7109       2
    7110   4.987   -74.20139    0.00000    0.00000    7110       1
    7111   4.979   -74.20140    0.00000    0.00000    7111       4
    7112   4.973   -74.20141    0.00000    0.00000    7112       3
    7113   4.987   -74.20139    0.00000    0.00000    7113      10
    7114   4.987   -74.20139    0.00000    0.00000    7114       1
    7115   4.987   -74.20139    0.00000    0.00000    7115       5
    7116   4.988   -74.20139    0.00000    0.00000    7116       3
    7117   4.988   -74.20139    0.00000    0.00000    7117       3
    7118   4.988   -74.20139    0.00000    0.00000    7118       1
    7119   4.989   -74.20139    0.00000    0.00000    7119       3
    7120   4.988   -74.20139    0.00000    0.00000    7120      17
    7121   4.988   -74.20139    0.00000    0.00000    7121       1
    7122   4.988   -74.20139    0.00000    0.00000    7122       1
    7123   4.989   -74.20139    0.00000    0.00000    7123      13
    7124   4.989   -74.20139    0.00000    0.00000    7124       1
    7125   4.988   -74.20139    0.00000    0.00000    7125      24
    7126   4.987   -74.20139    0.00000    0.00000    7126       7
    7127   4.992   -74.20138    0.00000    0.00000    7127       2
    7128   4.989   -74.20139    0.00000    0.00000    7128       1
    7129   4.994   -74.20138    0.00000    0.00000    7129       2
    7130   4.992   -74.20138    0.00000    0.00000    7130      14
    7131   4.996   -74.20137    0.00000    0.00000    7131       4
    7132   4.996   -74.20137    0.00000    0.00000    7132       1
    7133   4.997   -74.20137    0.00000    0.00000    7133       1
    7134   4.997   -74.20137    0.00000    0.00000    7134       4
    7135   4.992   -74.20138    0.00000    0.00000    7135       1
    7136   4.997   -74.20137    0.00000    0.00000    7136       3
    7137   4.987   -74.20139    0.00000    0.00000    7137       1
    7138   4.997   -74.20137    0.00000    0.00000    7138       8
    7139   5.000   -74.20137    0.00000    0.00000    7139       3
    7140   5.000   -74.20137    0.00000    0.00000    7140       1
    7141   4.986   -74.20139    0.00000    0.00000    7141       1
    7142   4.986   -74.20139    0.00000    0.00000    7142       2
    7143   5.000   -74.20137    0.00000    0.00000    7143       4
    7144   4.986   -74.20139    0.00000    0.00000    7144       7
    7145   4.997   -74.20137    0.00000    0.00000    7145       9
    7146   5.002   -74.20136    0.00000    0.00000    7146       1
    7147   5.002   -74.20136    0.00000    0.00000    7147       1
    7148   5.000   -74.20137    0.00000    0.00000    7148       1
    7149   5.003   -74.20136    0.00000    0.00000    7149       3
    7150   5.001   -74.20137    0.00000    0.00000    7150       1
    7151   5.003   -74.20136    0.00000    0.00000    7151       7
    7152   5.000   -74.20137    0.00000    0.00000    7152       1
    7153   4.997   -74.20137    0.00000    0.00000    7153       2
    7154   5.005   -74.20136    0.00000    0.00000    7154      12
    7155   5.007   -74.20136    0.00000    0.00000    7155       1
    7156   5.006   -74.20136    0.00000    0.00000    7156       5
    7157   5.008   -74.20136    0.00000    0.00000    7157       1
    7158   5.007   -74.20136    0.00000    0.00000    7158       6
    7159   5.008   -74.20136    0.00000    0.00000    7159       2
    7160   5.008   -74.20136    0.00000    0.00000    7160       2
    7161   5.008   -74.20136    0.00000    0.00000    7161       2
    7162   5.009   -74.20135    0.00000    0.00000    7162       2
    7163   5.007   -74.20136    0.00000    0.00000    7163       8
    7164   5.009   -74.20135    0.00000    0.00000    7164       1
    7165   5.010   -74.20135    0.00000    0.00000    7165       2
    7166   5.010   -74.20135    0.00000    0.00000    7166       3
    7167   5.009   -74.20135    0.00000    0.00000    7167      11
    7168   5.012   -74.20135    0.00000    0.00000    7168       1
    7169   5.012   -74.20135    0.00000    0.00000    7169      12
    7170   5.015   -74.20135    0.00000    0.00000    7170       6
    7171   5.017   -74.20134    0.00000    0.00000    7171       2
    7172   5.013   -74.20135    0.00000    0.00000    7172       1
    7173   5.012   -74.20135    0.00000    0.00000    7173       4
    7174   4.973   -74.20141    0.00000    0.00000    7174       1
    7175   5.017   -74.20134    0.00000    0.00000    7175       2
    7176   5.017   -74.20134    0.00000    0.00000    7176       8
    7177   5.008   -74.20136    0.00000    0.00000    7177       5
    7178   5.018   -74.20134    0.00000    0.00000    7178       2
    7179   5.018   -74.20134    0.00000    0.00000    7179       1
    7180   5.018   -74.20134    0.00000    0.00000    7180       1
    7181   5.018   -74.20134    0.00000    0.00000    7181       1
    7182   5.018   -74.20134    0.00000    0.00000    7182       1
    7183   5.018   -74.20134    0.00000    0.00000    7183       1
    7184   5.018   -74.20134    0.00000    0.00000    7184       2
    7185   4.999   -74.20137    0.00000    0.00000    7185       2
    7186   5.007   -74.20136    0.00000    0.00000    7186       1
    7187   5.019   -74.20134    0.00000    0.00000    7187       1
    7188   5.019   -74.20134    0.00000    0.00000    7188       2
    7189   5.020   -74.20134    0.00000    0.00000    7189       9
    7190   5.020   -74.20134    0.00000    0.00000    7190       5
    7191   5.022   -74.20133    0.00000    0.00000    7191       3
    7192   5.023   -74.20133    0.00000    0.00000    7192       9
    7193   5.024   -74.20133    0.00000    0.00000    7193       2
    7194   5.021   -74.20133    0.00000    0.00000    7194       5
    7195   5.025   -74.20133    0.00000    0.00000    7195       2
    7196   5.027   -74.20132    0.00000    0.00000    7196       1
    7197   5.028   -74.20132    0.00000    0.00000    7197       1
    7198   5.028   -74.20132    0.00000    0.00000    7198       1
    7199   5.027   -74.20133    0.00000    0.00000    7199       2
    7200   5.028   -74.20132    0.00000    0.00000    7200       1
    7201   5.025   -74.20133    0.00000    0.00000    7201       2
    7202   5.025   -74.20133    0.00000    0.00000    7202      11
    7203   5.029   -74.20132    0.00000    0.00000    7203       2
    7204   5.028   -74.20132    0.00000    0.00000    7204       1
    7205   5.026   -74.20133    0.00000    0.00000    7205       1
    7206   5.029   -74.20132    0.00000    0.00000    7206       1
    7207   5.029   -74.20132    0.00000    0.00000    7207       1
    7208   5.029   -74.20132    0.00000    0.00000    7208       1
    7209   5.029   -74.20132    0.00000    0.00000    7209       2
    7210   5.029   -74.20132    0.00000    0.00000    7210       2
    7211   5.029   -74.20132    0.00000    0.00000    7211       1
    7212   4.993   -74.20138    0.00000    0.00000    7212       1
    7213   5.029   -74.20132    0.00000    0.00000    7213       2
    7214   5.030   -74.20132    0.00000    0.00000    7214       1
    7215   5.030   -74.20132    0.00000    0.00000    7215       1
    7216   5.030   -74.20132    0.00000    0.00000    7216       2
    7217   5.017   -74.20134    0.00000    0.00000    7217       1
    7218   5.024   -74.20133    0.00000    0.00000    7218       8
    7219   5.031   -74.20132    0.00000    0.00000    7219       5
    7220   5.031   -74.20132    0.00000    0.00000    7220       4
    7221   5.033   -74.20132    0.00000    0.00000    7221       4
    7222   5.035   -74.20131    0.00000    0.00000    7222       3
    7223   5.033   -74.20132    0.00000    0.00000    7223      13
    7224   5.032   -74.20132    0.00000    0.00000    7224       6
    7225   5.028   -74.20132    0.00000    0.00000    7225       5
    7226   5.039   -74.20131    0.00000    0.00000    7226       2
    7227   5.039   -74.20131    0.00000    0.00000    7227       1
    7228   5.039   -74.20131    0.00000    0.00000    7228       1
    7229   5.037   -74.20131    0.00000    0.00000    7229       2
    7230   5.038   -74.20131    0.00000    0.00000    7230       1
    7231   5.038   -74.20131    0.00000    0.00000    7231       9
    7232   5.041   -74.20130    0.00000    0.00000    7232       1
    7233   5.041   -74.20130    0.00000    0.00000    7233       3
    7234   5.042   -74.20130    0.00000    0.00000    7234       2
    7235   5.042   -74.20130    0.00000    0.00000    7235       1
    7236   5.037   -74.20131    0.00000    0.00000    7236       1
    7237   5.042   -74.20130    0.00000    0.00000    7237       3
    7238   5.019   -74.20134    0.00000    0.00000    7238       1
    7239   5.043   -74.20130    0.00000    0.00000    7239       3
    7240   5.042   -74.20130    0.00000    0.00000    7240       6
    7241   5.043   -74.20130    0.00000    0.00000    7241       1
    7242   5.039   -74.20131    0.00000    0.00000    7242       2
    7243   5.043   -74.20130    0.00000    0.00000    7243       1
    7244   5.043   -74.20130    0.00000    0.00000    7244       4
    7245   5.044   -74.20130    0.00000    0.00000    7245       9
    7246   5.045   -74.20130    0.00000    0.00000    7246       1
    7247   5.045   -74.20130    0.00000    0.00000    7247       4
    7248   5.045   -74.20130    0.00000    0.00000    7248       6
    7249   5.045   -74.20130    0.00000    0.00000    7249       7
    7250   5.045   -74.20130    0.00000    0.00000    7250       5
    7251   5.043   -74.20130    0.00000    0.00000    7251       1
    7252   5.048   -74.20129    0.00000    0.00000    7252       5
    7253   5.046   -74.20130    0.00000    0.00000    7253       3
    7254   5.031   -74.20132    0.00000    0.00000    7254       1
    7255   5.046   -74.20129    0.00000    0.00000    7255       5
    7256   5.047   -74.20129    0.00000    0.00000    7256       1
    7257   5.049   -74.20129    0.00000    0.00000    7257       4
    7258   5.027   -74.20133    0.00000    0.00000    7258       1
    7259   5.047   -74.20129    0.00000    0.00000    7259      18
    7260   5.051   -74.20129    0.00000    0.00000    7260       6
    7261   5.051   -74.20129    0.00000    0.00000    7261       1
    7262   5.051   -74.20129    0.00000    0.00000    7262       1
    7263   5.052   -74.20129    0.00000    0.00000    7263       8
    7264   5.053   -74.20128    0.00000    0.00000    7264       6
    7265   5.053   -74.20128    0.00000    0.00000    7265       1
    7266   5.053   -74.20128    0.00000    0.00000    7266       5
    7267   5.050   -74.20129    0.00000    0.00000    7267       3
    7268   5.050   -74.20129    0.00000    0.00000    7268       1
    7269   5.050   -74.20129    0.00000    0.00000    7269       9
    7270   5.055   -74.20128    0.00000    0.00000    7270       1
    7271   5.055   -74.20128    0.00000    0.00000    7271       1
    7272   5.055   -74.20128    0.00000    0.00000    7272       9
    7273   5.056   -74.20128    0.00000    0.00000    7273       2
    7274   5.057   -74.20128    0.00000    0.00000    7274       4
    7275   5.056   -74.20128    0.00000    0.00000    7275       5
    7276   5.058   -74.20128    0.00000    0.00000    7276       3
    7277   5.060   -74.20127    0.00000    0.00000    7277       2
    7278   5.061   -74.20127    0.00000    0.00000    7278       8
    7279   5.049   -74.20129    0.00000    0.00000    7279       1
    7280   5.059   -74.20128    0.00000    0.00000    7280      12
    7281   5.059   -74.20128    0.00000    0.00000    7281      10
    7282   5.064   -74.20127    0.00000    0.00000    7282       1
    7283   5.065   -74.20127    0.00000    0.00000    7283       3
    7284   5.063   -74.20127    0.00000    0.00000    7284       3
    7285   5.065   -74.20126    0.00000    0.00000    7285       5
    7286   5.064   -74.20127    0.00000    0.00000    7286       7
    7287   5.059   -74.20127    0.00000    0.00000    7287       2
    7288   5.066   -74.20126    0.00000    0.00000    7288       7
    7289   5.066   -74.20126    0.00000    0.00000    7289       3
    7290   5.066   -74.20126    0.00000    0.00000    7290       1
    7291   5.066   -74.20126    0.00000    0.00000    7291       3
    7292   5.067   -74.20126    0.00000    0.00000    7292       1
    7293   5.060   -74.20127    0.00000    0.00000    7293       1
    7294   5.067   -74.20126    0.00000    0.00000    7294       2
    7295   5.067   -74.20126    0.00000    0.00000    7295      13
    7296   5.051   -74.20129    0.00000    0.00000    7296       2
    7297   5.066   -74.20126    0.00000    0.00000    7297       6
    7298   5.069   -74.20126    0.00000    0.00000    7298       4
    7299   5.070   -74.20126    0.00000    0.00000    7299       7
    7300   5.060   -74.20127    0.00000    0.00000    7300       1
    7301   5.072   -74.20125    0.00000    0.00000    7301       2
    7302   5.072   -74.20125    0.00000    0.00000    7302       7
    7303   5.067   -74.20126    0.00000    0.00000    7303       1
    7304   5.073   -74.20125    0.00000    0.00000    7304       7
    7305   5.073   -74.20125    0.00000    0.00000    7305       2
    7306   5.073   -74.20125    0.00000    0.00000    7306       1
    7307   5.074   -74.20125    0.00000    0.00000    7307       1
    7308   5.073   -74.20125    0.00000    0.00000    7308       1
    7309   5.074   -74.20125    0.00000    0.00000    7309       2
    7310   5.074   -74.20125    0.00000    0.00000    7310       1
    7311   5.073   -74.20125    0.00000    0.00000    7311       4
    7312   5.074   -74.20125    0.00000    0.00000    7312       3
    7313   5.075   -74.20125    0.00000    0.00000    7313       3
    7314   5.076   -74.20125    0.00000    0.00000    7314       1
    7315   5.076   -74.20125    0.00000    0.00000    7315       2
    7316   5.077   -74.20125    0.00000    0.00000    7316       4
    7317   5.077   -74.20125    0.00000    0.00000    7317       3
    7318   5.072   -74.20125    0.00000    0.00000    7318       6
    7319   5.079   -74.20124    0.00000    0.00000    7319       1
    7320   5.079   -74.20124    0.00000    0.00000    7320       2
    7321   5.078   -74.20124    0.00000    0.00000    7321       3
    7322   5.065   -74.20126    0.00000    0.00000    7322       4
    7323   5.074   -74.20125    0.00000    0.00000    7323       8
    7324   5.080   -74.20124    0.00000    0.00000    7324       2
    7325   5.080   -74.20124    0.00000    0.00000    7325       7
    7326   5.080   -74.20124    0.00000    0.00000    7326       1
    7327   5.080   -74.20124    0.00000    0.00000    7327       8
    7328   5.075   -74.20125    0.00000    0.00000    7328       2
    7329   5.081   -74.20124    0.00000    0.00000    7329      10
    7330   5.080   -74.20124    0.00000    0.00000    7330      12
    7331   5.085   -74.20123    0.00000    0.00000    7331       2
    7332   5.083   -74.20124    0.00000    0.00000    7332       3
    7333   5.084   -74.20124    0.00000    0.00000    7333       1
    7334   5.083   -74.20124    0.00000    0.00000    7334       4
    7335   5.083   -74.20124    0.00000    0.00000    7335       1
    7336   5.084   -74.20123    0.00000    0.00000    7336      13
    7337   5.084   -74.20123    0.00000    0.00000    7337       6
    7338   5.087   -74.20123    0.00000    0.00000    7338       1
    7339   5.087   -74.20123    0.00000    0.00000    7339       1
    7340   5.087   -74.20123    0.00000    0.00000    7340       1
    7341   5.087   -74.20123    0.00000    0.00000    7341       1
    7342   5.088   -74.20123    0.00000    0.00000    7342       1
    7343   5.088   -74.20123    0.00000    0.00000    7343       2
    7344   5.088   -74.20123    0.00000    0.00000    7344       5
    7345   5.090   -74.20122    0.00000    0.00000    7345       1
    7346   5.090   -74.20122    0.00000    0.00000    7346       1
    7347   5.090   -74.20122    0.00000    0.00000    7347       1
    7348   5.091   -74.20122    0.00000    0.00000    7348       1
    7349   5.089   -74.20123    0.00000    0.00000    7349       2
    7350   5.090   -74.20122    0.00000    0.00000    7350       3
    7351   5.091   -74.20122    0.00000    0.00000    7351       7
    7352   5.093   -74.20122    0.00000    0.00000    7352      13
    7353   5.093   -74.20122    0.00000    0.00000    7353       2
    7354   5.094   -74.20122    0.00000    0.00000    7354       1
    7355   5.094   -74.20122    0.00000    0.00000    7355       1
    7356   5.092   -74.20122    0.00000    0.00000    7356      14
    7357   5.096   -74.20122    0.00000    0.00000    7357       4
    7358   5.097   -74.20121    0.00000    0.00000    7358       5
    7359   5.097   -74.20121    0.00000    0.00000    7359       2
    7360   5.088   -74.20123    0.00000    0.00000    7360       1
    7361   5.097   -74.20121    0.00000    0.00000    7361       1
    7362   5.090   -74.20122    0.00000    0.00000    7362       1
    7363   5.096   -74.20122    0.00000    0.00000    7363       6
    7364   5.093   -74.20122    0.00000    0.00000    7364       5
    7365   5.093   -74.20122    0.00000    0.00000    7365       1
    7366   5.096   -74.20121    0.00000    0.00000    7366       5
    7367   5.091   -74.20122    0.00000    0.00000    7367       3
    7368   5.097   -74.20121    0.00000    0.00000    7368       2
    7369   5.098   -74.20121    0.00000    0.00000    7369      10
    7370   5.101   -74.20121    0.00000    0.00000    7370       2
    7371   5.101   -74.20121    0.00000    0.00000    7371       1
    7372   5.080   -74.20124    0.00000    0.00000    7372       4
    7373   5.101   -74.20121    0.00000    0.00000    7373       4
    7374   5.101   -74.20121    0.00000    0.00000    7374       3
    7375   5.091   -74.20122    0.00000    0.00000    7375      18
    7376   5.102   -74.20121    0.00000    0.00000    7376       7
    7377   5.102   -74.20121    0.00000    0.00000    7377       6
    7378   5.102   -74.20121    0.00000    0.00000    7378       1
    7379   5.102   -74.20121    0.00000    0.00000    7379       4
    7380   5.102   -74.20121    0.00000    0.00000    7380       1
    7381   5.104   -74.20120    0.00000    0.00000    7381       6
    7382   5.105   -74.20120    0.00000    0.00000    7382      11
    7383   5.106   -74.20120    0.00000    0.00000    7383      21
    7384   5.102   -74.20121    0.00000    0.00000    7384       1
    7385   5.102   -74.20121    0.00000    0.00000    7385       3
    7386   5.102   -74.20121    0.00000    0.00000    7386       2
    7387   5.093   -74.20122    0.00000    0.00000    7387       1
    7388   5.093   -74.20122    0.00000    0.00000    7388       5
    7389   5.108   -74.20120    0.00000    0.00000    7389      16
    7390   5.109   -74.20119    0.00000    0.00000    7390       3
    7391   5.111   -74.20119    0.00000    0.00000    7391       1
    7392   5.109   -74.20119    0.00000    0.00000    7392       1
    7393   5.090   -74.20123    0.00000    0.00000    7393       1
    7394   5.109   -74.20119    0.00000    0.00000    7394       3
    7395   5.110   -74.20119    0.00000    0.00000    7395       3
    7396   5.111   -74.20119    0.00000    0.00000    7396       2
    7397   5.111   -74.20119    0.00000    0.00000    7397       1
    7398   5.111   -74.20119    0.00000    0.00000    7398       1
    7399   5.109   -74.20119    0.00000    0.00000    7399       6
    7400   5.110   -74.20119    0.00000    0.00000    7400      17
    7401   5.113   -74.20119    0.00000    0.00000    7401       6
    7402   5.114   -74.20119    0.00000    0.00000    7402       1
    7403   5.108   -74.20120    0.00000    0.00000    7403       2
    7404   5.110   -74.20119    0.00000    0.00000    7404       1
    7405   5.110   -74.20119    0.00000    0.00000    7405       3
    7406   5.114   -74.20119    0.00000    0.00000    7406       2
    7407   5.115   -74.20119    0.00000    0.00000    7407       1
    7408   5.115   -74.20119    0.00000    0.00000    7408      10
    7409   5.100   -74.20121    0.00000    0.00000    7409       7
    7410   5.117   -74.20118    0.00000    0.00000    7410       2
    7411   5.112   -74.20119    0.00000    0.00000    7411       1
    7412   5.110   -74.20119    0.00000    0.00000    7412       6
    7413   5.117   -74.20118    0.00000    0.00000    7413       1
    7414   5.114   -74.20119    0.00000    0.00000    7414       3
    7415   5.103   -74.20120    0.00000    0.00000    7415       4
    7416   5.117   -74.20118    0.00000    0.00000    7416       3
    7417   5.118   -74.20118    0.00000    0.00000    7417       1
    7418   5.118   -74.20118    0.00000    0.00000    7418       3
    7419   5.119   -74.20118    0.00000    0.00000    7419       3
    7420   5.120   -74.20118    0.00000    0.00000    7420       1
    7421   5.120   -74.20118    0.00000    0.00000    7421       1
    7422   5.120   -74.20118    0.00000    0.00000    7422       3
    7423   5.120   -74.20118    0.00000    0.00000    7423       2
    7424   5.120   -74.20118    0.00000    0.00000    7424       1
    7425   5.119   -74.20118    0.00000    0.00000    7425       2
    7426   5.120   -74.20118    0.00000    0.00000    7426       3
    7427   5.116   -74.20118    0.00000    0.00000    7427       1
    7428   5.114   -74.20119    0.00000    0.00000    7428       5
    7429   5.120   -74.20118    0.00000    0.00000    7429       3
    7430   5.120   -74.20118    0.00000    0.00000    7430       8
    7431   5.122   -74.20117    0.00000    0.00000    7431       1
    7432   5.122   -74.20117    0.00000    0.00000    7432       4
    7433   5.122   -74.20117    0.00000    0.00000    7433       2
    7434   5.124   -74.20117    0.00000    0.00000    7434       1
    7435   5.124   -74.20117    0.00000    0.00000    7435      11
    7436   5.125   -74.20117    0.00000    0.00000    7436       3
    7437   5.125   -74.20117    0.00000    0.00000    7437       3
    7438   5.125   -74.20117    0.00000    0.00000    7438       1
    7439   5.125   -74.20117    0.00000    0.00000    7439       2
    7440   5.126   -74.20117    0.00000    0.00000    7440       3
    7441   5.119   -74.20118    0.00000    0.00000    7441       2
    7442   5.125   -74.20117    0.00000    0.00000    7442       1
    7443   5.124   -74.20117    0.00000    0.00000    7443       1
    7444   5.128   -74.20116    0.00000    0.00000    7444       1
    7445   5.126   -74.20117    0.00000    0.00000    7445       1
    7446   5.100   -74.20121    0.00000    0.00000    7446       1
    7447   5.128   -74.20116    0.00000    0.00000    7447       1
    7448   5.124   -74.20117    0.00000    0.00000    7448       2
    7449   5.128   -74.20116    0.00000    0.00000    7449       8
    7450   5.130   -74.20116    0.00000    0.00000    7450       1
    7451   5.126   -74.20117    0.00000    0.00000    7451       3
    7452   5.131   -74.20116    0.00000    0.00000    7452       1
    7453   5.131   -74.20116    0.00000    0.00000    7453       1
    7454   5.131   -74.20116    0.00000    0.00000    7454       1
    7455   5.131   -74.20116    0.00000    0.00000    7455       1
    7456   5.132   -74.20116    0.00000    0.00000    7456       1
    7457   5.134   -74.20116    0.00000    0.00000    7457       5
    7458   5.127   -74.20117    0.00000    0.00000    7458       2
    7459   5.134   -74.20115    0.00000    0.00000    7459       5
    7460   5.136   -74.20115    0.00000    0.00000    7460       4
    7461   5.141   -74.20114    0.00000    0.00000    7461       1
    7462   5.141   -74.20114    0.00000    0.00000    7462       1
    7463   5.132   -74.20116    0.00000    0.00000    7463       8
    7464   5.142   -74.20114    0.00000    0.00000    7464       1
    7465   5.118   -74.20118    0.00000    0.00000    7465       1
    7466   5.143   -74.20114    0.00000    0.00000    7466       1
    7467   5.143   -74.20114    0.00000    0.00000    7467      14
    7468   5.144   -74.20114    0.00000    0.00000    7468       1
    7469   5.144   -74.20114    0.00000    0.00000    7469       1
    7470   5.144   -74.20114    0.00000    0.00000    7470       4
    7471   5.145   -74.20114    0.00000    0.00000    7471       1
    7472   5.145   -74.20114    0.00000    0.00000    7472       2
    7473   5.145   -74.20114    0.00000    0.00000    7473       1
    7474   5.146   -74.20114    0.00000    0.00000    7474       1
    7475   5.147   -74.20113    0.00000    0.00000    7475       1
    7476   5.147   -74.20113    0.00000    0.00000    7476       1
    7477   5.147   -74.20113    0.00000    0.00000    7477       1
    7478   5.147   -74.20113    0.00000    0.00000    7478       1
    7479   5.147   -74.20113    0.00000    0.00000    7479       1
    7480   5.147   -74.20113    0.00000    0.00000    7480       3
    7481   5.148   -74.20113    0.00000    0.00000    7481       3
    7482   5.148   -74.20113    0.00000    0.00000    7482       1
    7483   5.148   -74.20113    0.00000    0.00000    7483       1
    7484   5.148   -74.20113    0.00000    0.00000    7484       1
    7485   5.148   -74.20113    0.00000    0.00000    7485       8
    7486   5.148   -74.20113    0.00000    0.00000    7486       3
    7487   5.148   -74.20113    0.00000    0.00000    7487       6
    7488   5.148   -74.20113    0.00000    0.00000    7488       1
    7489   5.145   -74.20114    0.00000    0.00000    7489       1
    7490   5.148   -74.20113    0.00000    0.00000    7490       1
    7491   5.148   -74.20113    0.00000    0.00000    7491       4
    7492   5.148   -74.20113    0.00000    0.00000    7492       2
    7493   5.149   -74.20113    0.00000    0.00000    7493       7
    7494   5.149   -74.20113    0.00000    0.00000    7494       3
    7495   5.149   -74.20113    0.00000    0.00000    7495       4
    7496   5.149   -74.20113    0.00000    0.00000    7496       1
    7497   5.150   -74.20113    0.00000    0.00000    7497       4
    7498   5.150   -74.20113    0.00000    0.00000    7498       1
    7499   5.150   -74.20113    0.00000    0.00000    7499       6
    7500   5.149   -74.20113    0.00000    0.00000    7500       7
    7501   5.150   -74.20113    0.00000    0.00000    7501      14
    7502   5.151   -74.20113    0.00000    0.00000    7502       1
    7503   5.123   -74.20117    0.00000    0.00000    7503       6
    7504   5.149   -74.20113    0.00000    0.00000    7504       1
    7505   5.155   -74.20112    0.00000    0.00000    7505       1
    7506   5.151   -74.20113    0.00000    0.00000    7506      13
    7507   5.155   -74.20112    0.00000    0.00000    7507       8
    7508   5.155   -74.20112    0.00000    0.00000    7508       5
    7509   5.137   -74.20115    0.00000    0.00000    7509       1
    7510   5.156   -74.20112    0.00000    0.00000    7510       1
    7511   5.134   -74.20115    0.00000    0.00000    7511       4
    7512   5.156   -74.20112    0.00000    0.00000    7512       1
    7513   5.139   -74.20115    0.00000    0.00000    7513       2
    7514   5.156   -74.20112    0.00000    0.00000    7514       1
    7515   5.156   -74.20112    0.00000    0.00000    7515       3
    7516   5.156   -74.20112    0.00000    0.00000    7516       4
    7517   5.156   -74.20112    0.00000    0.00000    7517       1
    7518   5.139   -74.20115    0.00000    0.00000    7518       1
    7519   5.158   -74.20112    0.00000    0.00000    7519       1
    7520   5.139   -74.20115    0.00000    0.00000    7520       4
    7521   5.135   -74.20115    0.00000    0.00000    7521       1
    7522   5.155   -74.20112    0.00000    0.00000    7522       1
    7523   5.158   -74.20112    0.00000    0.00000    7523       2
    7524   5.110   -74.20119    0.00000    0.00000    7524       4
    7525   5.157   -74.20112    0.00000    0.00000    7525       9
    7526   5.159   -74.20111    0.00000    0.00000    7526       1
    7527   5.157   -74.20112    0.00000    0.00000    7527       1
    7528   5.159   -74.20112    0.00000    0.00000    7528       2
    7529   5.158   -74.20112    0.00000    0.00000    7529       3
    7530   5.160   -74.20111    0.00000    0.00000    7530       3
    7531   5.123   -74.20117    0.00000    0.00000    7531       2
    7532   5.160   -74.20111    0.00000    0.00000    7532       2
    7533   5.161   -74.20111    0.00000    0.00000    7533       1
    7534   5.161   -74.20111    0.00000    0.00000    7534       1
    7535   5.162   -74.20111    0.00000    0.00000    7535       2
    7536   5.161   -74.20111    0.00000    0.00000    7536       1
    7537   5.162   -74.20111    0.00000    0.00000    7537       1
    7538   5.162   -74.20111    0.00000    0.00000    7538       6
    7539   5.162   -74.20111    0.00000    0.00000    7539       5
    7540   5.148   -74.20113    0.00000    0.00000    7540       1
    7541   5.163   -74.20111    0.00000    0.00000    7541       3
    7542   5.165   -74.20111    0.00000    0.00000    7542      12
    7543   5.167   -74.20110    0.00000    0.00000    7543       1
    7544   5.164   -74.20111    0.00000    0.00000    7544       3
    7545   5.167   -74.20110    0.00000    0.00000    7545       2
    7546   5.167   -74.20110    0.00000    0.00000    7546       8
    7547   5.156   -74.20112    0.00000    0.00000    7547       1
    7548   5.170   -74.20110    0.00000    0.00000    7548       1
    7549   5.170   -74.20110    0.00000    0.00000    7549       5
    7550   5.172   -74.20109    0.00000    0.00000    7550       1
    7551   5.173   -74.20109    0.00000    0.00000    7551       3
    7552   5.173   -74.20109    0.00000    0.00000    7552       2
    7553   5.173   -74.20109    0.00000    0.00000    7553       5
    7554   5.165   -74.20111    0.00000    0.00000    7554       5
    7555   5.174   -74.20109    0.00000    0.00000    7555       3
    7556   5.174   -74.20109    0.00000    0.00000    7556       5
    7557   5.174   -74.20109    0.00000    0.00000    7557       1
    7558   5.174   -74.20109    0.00000    0.00000    7558       3
    7559   5.173   -74.20109    0.00000    0.00000    7559       2
    7560   5.176   -74.20109    0.00000    0.00000    7560       2
    7561   5.177   -74.20109    0.00000    0.00000    7561       2
    7562   5.175   -74.20109    0.00000    0.00000    7562       5
    7563   5.172   -74.20109    0.00000    0.00000    7563       6
    7564   5.173   -74.20109    0.00000    0.00000    7564       2
    7565   5.173   -74.20109    0.00000    0.00000    7565       8
    7566   5.179   -74.20108    0.00000    0.00000    7566       3
    7567   5.179   -74.20108    0.00000    0.00000    7567       2
    7568   5.180   -74.20108    0.00000    0.00000    7568       2
    7569   5.181   -74.20108    0.00000    0.00000    7569       2
    7570   5.180   -74.20108    0.00000    0.00000    7570       1
    7571   5.175   -74.20109    0.00000    0.00000    7571       1
    7572   5.173   -74.20109    0.00000    0.00000    7572       1
    7573   5.176   -74.20109    0.00000    0.00000    7573       2
    7574   5.182   -74.20108    0.00000    0.00000    7574       1
    7575   5.182   -74.20108    0.00000    0.00000    7575       2
    7576   5.182   -74.20108    0.00000    0.00000    7576       2
    7577   5.182   -74.20108    0.00000    0.00000    7577       1
    7578   5.182   -74.20108    0.00000    0.00000    7578       1
    7579   5.182   -74.20108    0.00000    0.00000    7579       2
    7580   5.182   -74.20108    0.00000    0.00000    7580       1
    7581   5.182   -74.20108    0.00000    0.00000    7581       2
    7582   5.184   -74.20108    0.00000    0.00000    7582       3
    7583   5.183   -74.20108    0.00000    0.00000    7583       1
    7584   5.183   -74.20108    0.00000    0.00000    7584       2
    7585   5.183   -74.20108    0.00000    0.00000    7585       1
    7586   5.183   -74.20108    0.00000    0.00000    7586       1
    7587   5.183   -74.20108    0.00000    0.00000    7587      18
    7588   5.185   -74.20107    0.00000    0.00000    7588       6
    7589   5.186   -74.20107    0.00000    0.00000    7589       2
    7590   5.184   -74.20108    0.00000    0.00000    7590       1
    7591   5.186   -74.20107    0.00000    0.00000    7591       1
    7592   5.186   -74.20107    0.00000    0.00000    7592       2
    7593   5.186   -74.20107    0.00000    0.00000    7593       1
    7594   5.184   -74.20108    0.00000    0.00000    7594       3
    7595   5.188   -74.20107    0.00000    0.00000    7595       1
    7596   5.187   -74.20107    0.00000    0.00000    7596       9
    7597   5.187   -74.20107    0.00000    0.00000    7597       1
    7598   5.188   -74.20107    0.00000    0.00000    7598      10
    7599   5.189   -74.20107    0.00000    0.00000    7599       3
    7600   5.190   -74.20107    0.00000    0.00000    7600       2
    7601   5.190   -74.20107    0.00000    0.00000    7601       5
    7602   5.191   -74.20106    0.00000    0.00000    7602       5
    7603   5.191   -74.20106    0.00000    0.00000    7603       3
    7604   5.190   -74.20107    0.00000    0.00000    7604       7
    7605   5.191   -74.20106    0.00000    0.00000    7605       3
    7606   5.191   -74.20106    0.00000    0.00000    7606       1
    7607   5.193   -74.20106    0.00000    0.00000    7607       1
    7608   5.194   -74.20106    0.00000    0.00000    7608       1
    7609   5.193   -74.20106    0.00000    0.00000    7609       4
    7610   5.194   -74.20106    0.00000    0.00000    7610       3
    7611   5.194   -74.20106    0.00000    0.00000    7611       3
    7612   5.188   -74.20107    0.00000    0.00000    7612       7
    7613   5.196   -74.20106    0.00000    0.00000    7613       3
    7614   5.188   -74.20107    0.00000    0.00000    7614       7
    7615   5.197   -74.20106    0.00000    0.00000    7615       4
    7616   5.197   -74.20105    0.00000    0.00000    7616       8
    7617   5.192   -74.20106    0.00000    0.00000    7617       2
    7618   5.197   -74.20105    0.00000    0.00000    7618       1
    7619   5.197   -74.20106    0.00000    0.00000    7619       1
    7620   5.197   -74.20105    0.00000    0.00000    7620       4
    7621   5.200   -74.20105    0.00000    0.00000    7621       2
    7622   5.201   -74.20105    0.00000    0.00000    7622       4
    7623   5.208   -74.20104    0.00000    0.00000    7623       1
    7624   5.208   -74.20104    0.00000    0.00000    7624       8
    7625   5.198   -74.20105    0.00000    0.00000    7625       1
    7626   5.198   -74.20105    0.00000    0.00000    7626       7
    7627   5.211   -74.20103    0.00000    0.00000    7627      23
    7628   5.212   -74.20103    0.00000    0.00000    7628       3
    7629   5.212   -74.20103    0.00000    0.00000    7629       1
    7630   5.213   -74.20103    0.00000    0.00000    7630       1
    7631   5.212   -74.20103    0.00000    0.00000    7631       1
    7632   5.212   -74.20103    0.00000    0.00000    7632       1
    7633   5.212   -74.20103    0.00000    0.00000    7633       3
    7634   5.174   -74.20109    0.00000    0.00000    7634       3
    7635   5.174   -74.20109    0.00000    0.00000    7635       6
    7636   5.212   -74.20103    0.00000    0.00000    7636       1
    7637   5.216   -74.20102    0.00000    0.00000    7637       2
    7638   5.216   -74.20102    0.00000    0.00000    7638       3
    7639   5.219   -74.20102    0.00000    0.00000    7639       1
    7640   5.220   -74.20102    0.00000    0.00000    7640       1
    7641   5.216   -74.20102    0.00000    0.00000    7641       1
    7642   5.220   -74.20102    0.00000    0.00000    7642       1
    7643   5.221   -74.20102    0.00000    0.00000    7643       3
    7644   5.222   -74.20101    0.00000    0.00000    7644       1
    7645   5.220   -74.20102    0.00000    0.00000    7645       3
    7646   5.223   -74.20101    0.00000    0.00000    7646       1
    7647   5.223   -74.20101    0.00000    0.00000    7647       6
    7648   5.226   -74.20101    0.00000    0.00000    7648       2
    7649   5.227   -74.20101    0.00000    0.00000    7649       1
    7650   5.220   -74.20102    0.00000    0.00000    7650       1
    7651   5.226   -74.20101    0.00000    0.00000    7651       1
    7652   5.226   -74.20101    0.00000    0.00000    7652       3
    7653   5.221   -74.20102    0.00000    0.00000    7653       7
    7654   5.214   -74.20103    0.00000    0.00000    7654       4
    7655   5.228   -74.20101    0.00000    0.00000    7655       6
    7656   5.228   -74.20101    0.00000    0.00000    7656       1
    7657   5.228   -74.20101    0.00000    0.00000    7657       3
    7658   5.228   -74.20100    0.00000    0.00000    7658       1
    7659   5.228   -74.20100    0.00000    0.00000    7659       4
    7660   5.210   -74.20103    0.00000    0.00000    7660       1
    7661   5.229   -74.20100    0.00000    0.00000    7661       1
    7662   5.229   -74.20100    0.00000    0.00000    7662       2
    7663   5.229   -74.20100    0.00000    0.00000    7663       9
    7664   5.230   -74.20100    0.00000    0.00000    7664       7
    7665   5.229   -74.20100    0.00000    0.00000    7665       1
    7666   5.231   -74.20100    0.00000    0.00000    7666       1
    7667   5.230   -74.20100    0.00000    0.00000    7667       2
    7668   5.232   -74.20100    0.00000    0.00000    7668       5
    7669   5.233   -74.20100    0.00000    0.00000    7669       3
    7670   5.233   -74.20100    0.00000    0.00000    7670       1
    7671   5.233   -74.20100    0.00000    0.00000    7671       1
    7672   5.215   -74.20103    0.00000    0.00000    7672       1
    7673   5.228   -74.20101    0.00000    0.00000    7673       1
    7674   5.233   -74.20100    0.00000    0.00000    7674       1
    7675   5.233   -74.20100    0.00000    0.00000    7675       1
    7676   5.233   -74.20100    0.00000    0.00000    7676       1
    7677   5.233   -74.20100    0.00000    0.00000    7677       1
    7678   5.230   -74.20100    0.00000    0.00000    7678       3
    7679   5.234   -74.20100    0.00000    0.00000    7679       2
    7680   5.234   -74.20100    0.00000    0.00000    7680       1
    7681   5.234   -74.20099    0.00000    0.00000    7681       1
    7682   5.235   -74.20099    0.00000    0.00000    7682       5
    7683   5.236   -74.20099    0.00000    0.00000    7683       6
    7684   5.234   -74.20100    0.00000    0.00000    7684      11
    7685   5.237   -74.20099    0.00000    0.00000    7685       3
    7686   5.237   -74.20099    0.00000    0.00000    7686       1
    7687   5.194   -74.20106    0.00000    0.00000    7687       1
    7688   5.195   -74.20106    0.00000    0.00000    7688      12
    7689   5.238   -74.20099    0.00000    0.00000    7689       1
    7690   5.195   -74.20106    0.00000    0.00000    7690       2
    7691   5.202   -74.20105    0.00000    0.00000    7691       3
    7692   5.240   -74.20099    0.00000    0.00000    7692       7
    7693   5.204   -74.20104    0.00000    0.00000    7693       2
    7694   5.240   -74.20099    0.00000    0.00000    7694       2
    7695   5.205   -74.20104    0.00000    0.00000    7695       3
    7696   5.206   -74.20104    0.00000    0.00000    7696       1
    7697   5.238   -74.20099    0.00000    0.00000    7697       1
    7698   5.206   -74.20104    0.00000    0.00000    7698       2
    7699   5.236   -74.20099    0.00000    0.00000    7699       6
    7700   5.241   -74.20098    0.00000    0.00000    7700       1
    7701   5.241   -74.20098    0.00000    0.00000    7701       1
    7702   5.240   -74.20099    0.00000    0.00000    7702       2
    7703   5.241   -74.20098    0.00000    0.00000    7703       4
    7704   5.236   -74.20099    0.00000    0.00000    7704       1
    7705   5.241   -74.20098    0.00000    0.00000    7705       3
    7706   5.241   -74.20098    0.00000    0.00000    7706       3
    7707   5.242   -74.20098    0.00000    0.00000    7707       1
    7708   5.243   -74.20098    0.00000    0.00000    7708       1
    7709   5.244   -74.20098    0.00000    0.00000    7709       1
    7710   5.244   -74.20098    0.00000    0.00000    7710       1
    7711   5.240   -74.20099    0.00000    0.00000    7711       1
    7712   5.244   -74.20098    0.00000    0.00000    7712       2
    7713   5.210   -74.20103    0.00000    0.00000    7713       1
    7714   5.210   -74.20103    0.00000    0.00000    7714       3
    7715   5.242   -74.20098    0.00000    0.00000    7715       3
    7716   5.241   -74.20098    0.00000    0.00000    7716       9
    7717   5.244   -74.20098    0.00000    0.00000    7717       1
    7718   5.244   -74.20098    0.00000    0.00000    7718       1
    7719   5.246   -74.20098    0.00000    0.00000    7719       2
    7720   5.247   -74.20098    0.00000    0.00000    7720       1
    7721   5.246   -74.20098    0.00000    0.00000    7721       1
    7722   5.241   -74.20098    0.00000    0.00000    7722       1
    7723   5.247   -74.20098    0.00000    0.00000    7723       8
    7724   5.248   -74.20097    0.00000    0.00000    7724       2
    7725   5.249   -74.20097    0.00000    0.00000    7725       1
    7726   5.249   -74.20097    0.00000    0.00000    7726       1
    7727   5.249   -74.20097    0.00000    0.00000    7727       1
    7728   5.250   -74.20097    0.00000    0.00000    7728       1
    7729   5.250   -74.20097    0.00000    0.00000    7729       1
    7730   5.249   -74.20097    0.00000    0.00000    7730       1
    7731   5.250   -74.20097    0.00000    0.00000    7731       3
    7732   5.251   -74.20097    0.00000    0.00000    7732       1
    7733   5.251   -74.20097    0.00000    0.00000    7733       1
    7734   5.251   -74.20097    0.00000    0.00000    7734       6
    7735   5.252   -74.20097    0.00000    0.00000    7735       8
    7736   5.253   -74.20097    0.00000    0.00000    7736       5
    7737   5.254   -74.20096    0.00000    0.00000    7737       1
    7738   5.254   -74.20096    0.00000    0.00000    7738       4
    7739   5.254   -74.20096    0.00000    0.00000    7739       5
    7740   5.257   -74.20096    0.00000    0.00000    7740       9
    7741   5.257   -74.20096    0.00000    0.00000    7741       4
    7742   5.257   -74.20096    0.00000    0.00000    7742       1
    7743   5.259   -74.20096    0.00000    0.00000    7743       2
    7744   5.254   -74.20096    0.00000    0.00000    7744       1
    7745   5.258   -74.20096    0.00000    0.00000    7745       3
    7746   5.254   -74.20096    0.00000    0.00000    7746       1
    7747   5.258   -74.20096    0.00000    0.00000    7747      12
    7748   5.259   -74.20096    0.00000    0.00000    7748       2
    7749   5.259   -74.20096    0.00000    0.00000    7749       2
    7750   5.259   -74.20096    0.00000    0.00000    7750       4
    7751   5.260   -74.20095    0.00000    0.00000    7751       2
    7752   5.260   -74.20095    0.00000    0.00000    7752       6
    7753   5.252   -74.20097    0.00000    0.00000    7753       2
    7754   5.261   -74.20095    0.00000    0.00000    7754       1
    7755   5.261   -74.20095    0.00000    0.00000    7755       8
    7756   5.262   -74.20095    0.00000    0.00000    7756       7
    7757   5.263   -74.20095    0.00000    0.00000    7757       2
    7758   5.263   -74.20095    0.00000    0.00000    7758       1
    7759   5.264   -74.20095    0.00000    0.00000    7759      10
    7760   5.266   -74.20095    0.00000    0.00000    7760       7
    7761   5.261   -74.20095    0.00000    0.00000    7761       2
    7762   5.267   -74.20094    0.00000    0.00000    7762       4
    7763   5.268   -74.20094    0.00000    0.00000    7763       1
    7764   5.268   -74.20094    0.00000    0.00000    7764       7
    7765   5.268   -74.20094    0.00000    0.00000    7765       2
    7766   5.269   -74.20094    0.00000    0.00000    7766       2
    7767   5.262   -74.20095    0.00000    0.00000    7767       2
    7768   5.271   -74.20094    0.00000    0.00000    7768       2
    7769   5.270   -74.20094    0.00000    0.00000    7769       1
    7770   5.271   -74.20094    0.00000    0.00000    7770       2
    7771   5.267   -74.20094    0.00000    0.00000    7771       1
    7772   5.272   -74.20094    0.00000    0.00000    7772       4
    7773   5.272   -74.20094    0.00000    0.00000    7773       5
    7774   5.270   -74.20094    0.00000    0.00000    7774       1
    7775   5.272   -74.20094    0.00000    0.00000    7775       2
    7776   5.274   -74.20093    0.00000    0.00000    7776       1
    7777   5.263   -74.20095    0.00000    0.00000    7777       1
    7778   5.272   -74.20093    0.00000    0.00000    7778       2
    7779   5.275   -74.20093    0.00000    0.00000    7779       5
    7780   5.276   -74.20093    0.00000    0.00000    7780       3
    7781   5.271   -74.20094    0.00000    0.00000    7781       2
    7782   5.278   -74.20093    0.00000    0.00000    7782       3
    7783   5.279   -74.20092    0.00000    0.00000    7783       1
    7784   5.280   -74.20092    0.00000    0.00000    7784       1
    7785   5.279   -74.20092    0.00000    0.00000    7785       1
    7786   5.281   -74.20092    0.00000    0.00000    7786       3
    7787   5.281   -74.20092    0.00000    0.00000    7787       1
    7788   5.282   -74.20092    0.00000    0.00000    7788       2
    7789   5.281   -74.20092    0.00000    0.00000    7789       1
    7790   5.284   -74.20092    0.00000    0.00000    7790       1
    7791   5.284   -74.20092    0.00000    0.00000    7791       2
    7792   5.284   -74.20092    0.00000    0.00000    7792       1
    7793   5.285   -74.20092    0.00000    0.00000    7793       3
    7794   5.285   -74.20091    0.00000    0.00000    7794       2
    7795   5.285   -74.20091    0.00000    0.00000    7795       5
    7796   5.289   -74.20091    0.00000    0.00000    7796       1
    7797   5.287   -74.20091    0.00000    0.00000    7797       1
    7798   5.289   -74.20091    0.00000    0.00000    7798       1
    7799   5.285   -74.20091    0.00000    0.00000    7799       1
    7800   5.285   -74.20091    0.00000    0.00000    7800       1
    7801   5.287   -74.20091    0.00000    0.00000    7801      12
    7802   5.289   -74.20091    0.00000    0.00000    7802      10
    7803   5.290   -74.20091    0.00000    0.00000    7803       2
    7804   5.290   -74.20091    0.00000    0.00000    7804       3
    7805   5.291   -74.20090    0.00000    0.00000    7805       2
    7806   5.291   -74.20090    0.00000    0.00000    7806       1
    7807   5.291   -74.20090    0.00000    0.00000    7807      20
    7808   5.295   -74.20090    0.00000    0.00000    7808       1
    7809   5.296   -74.20090    0.00000    0.00000    7809       8
    7810   5.297   -74.20090    0.00000    0.00000    7810       2
    7811   5.297   -74.20090    0.00000    0.00000    7811       1
    7812   5.297   -74.20089    0.00000    0.00000    7812       7
    7813   5.294   -74.20090    0.00000    0.00000    7813       2
    7814   5.297   -74.20089    0.00000    0.00000    7814       1
    7815   5.292   -74.20090    0.00000    0.00000    7815       1
    7816   5.292   -74.20090    0.00000    0.00000    7816       5
    7817   5.300   -74.20089    0.00000    0.00000    7817       2
    7818   5.301   -74.20089    0.00000    0.00000    7818       2
    7819   5.300   -74.20089    0.00000    0.00000    7819       2
    7820   5.301   -74.20089    0.00000    0.00000    7820       2
    7821   5.301   -74.20089    0.00000    0.00000    7821       1
    7822   5.301   -74.20089    0.00000    0.00000    7822       1
    7823   5.301   -74.20089    0.00000    0.00000    7823       1
    7824   5.301   -74.20089    0.00000    0.00000    7824       1
    7825   5.301   -74.20089    0.00000    0.00000    7825       1
    7826   5.301   -74.20089    0.00000    0.00000    7826       1
    7827   5.301   -74.20089    0.00000    0.00000    7827       3
    7828   5.301   -74.20089    0.00000    0.00000    7828       1
    7829   5.301   -74.20089    0.00000    0.00000    7829       6
    7830   5.302   -74.20089    0.00000    0.00000    7830       3
    7831   5.303   -74.20089    0.00000    0.00000    7831       5
    7832   5.304   -74.20088    0.00000    0.00000    7832       6
    7833   5.307   -74.20088    0.00000    0.00000    7833       1
    7834   5.308   -74.20088    0.00000    0.00000    7834       2
    7835   5.307   -74.20088    0.00000    0.00000    7835       1
    7836   5.306   -74.20088    0.00000    0.00000    7836       5
    7837   5.308   -74.20088    0.00000    0.00000    7837       1
    7838   5.308   -74.20088    0.00000    0.00000    7838       2
    7839   5.309   -74.20088    0.00000    0.00000    7839       3
    7840   5.309   -74.20088    0.00000    0.00000    7840       1
    7841   5.309   -74.20088    0.00000    0.00000    7841       3
    7842   5.309   -74.20088    0.00000    0.00000    7842       2
    7843   5.309   -74.20088    0.00000    0.00000    7843       5
    7844   5.310   -74.20087    0.00000    0.00000    7844       6
    7845   5.312   -74.20087    0.00000    0.00000    7845       1
    7846   5.310   -74.20087    0.00000    0.00000    7846       1
    7847   5.312   -74.20087    0.00000    0.00000    7847       2
    7848   5.311   -74.20087    0.00000    0.00000    7848       4
    7849   5.312   -74.20087    0.00000    0.00000    7849       3
    7850   5.312   -74.20087    0.00000    0.00000    7850      11
    7851   5.315   -74.20087    0.00000    0.00000    7851       1
    7852   5.316   -74.20087    0.00000    0.00000    7852       1
    7853   5.314   -74.20087    0.00000    0.00000    7853       1
    7854   5.316   -74.20087    0.00000    0.00000    7854       8
    7855   5.316   -74.20086    0.00000    0.00000    7855       5
    7856   5.317   -74.20086    0.00000    0.00000    7856       1
    7857   5.317   -74.20086    0.00000    0.00000    7857       1
    7858   5.292   -74.20090    0.00000    0.00000    7858       1
    7859   5.292   -74.20090    0.00000    0.00000    7859      10
    7860   5.319   -74.20086    0.00000    0.00000    7860       1
    7861   5.319   -74.20086    0.00000    0.00000    7861       5
    7862   5.319   -74.20086    0.00000    0.00000    7862       1
    7863   5.319   -74.20086    0.00000    0.00000    7863       1
    7864   5.319   -74.20086    0.00000    0.00000    7864       1
    7865   5.319   -74.20086    0.00000    0.00000    7865       1
    7866   5.319   -74.20086    0.00000    0.00000    7866       6
    7867   5.320   -74.20086    0.00000    0.00000    7867       2
    7868   5.321   -74.20086    0.00000    0.00000    7868       1
    7869   5.321   -74.20086    0.00000    0.00000    7869       1
    7870   5.322   -74.20086    0.00000    0.00000    7870       2
    7871   5.322   -74.20086    0.00000    0.00000    7871       2
    7872   5.322   -74.20086    0.00000    0.00000    7872       1
    7873   5.322   -74.20086    0.00000    0.00000    7873      10
    7874   5.326   -74.20085    0.00000    0.00000    7874      10
    7875   5.326   -74.20085    0.00000    0.00000    7875       4
    7876   5.314   -74.20087    0.00000    0.00000    7876       3
    7877   5.328   -74.20085    0.00000    0.00000    7877      10
    7878   5.329   -74.20085    0.00000    0.00000    7878       6
    7879   5.329   -74.20084    0.00000    0.00000    7879       2
    7880   5.315   -74.20087    0.00000    0.00000    7880       3
    7881   5.329   -74.20084    0.00000    0.00000    7881       1
    7882   5.331   -74.20084    0.00000    0.00000    7882       1
    7883   5.329   -74.20084    0.00000    0.00000    7883       2
    7884   5.333   -74.20084    0.00000    0.00000    7884       6
    7885   5.331   -74.20084    0.00000    0.00000    7885       3
    7886   5.327   -74.20085    0.00000    0.00000    7886       2
    7887   5.329   -74.20084    0.00000    0.00000    7887       1
    7888   5.329   -74.20084    0.00000    0.00000    7888       5
    7889   5.329   -74.20084    0.00000    0.00000    7889       1
    7890   5.330   -74.20084    0.00000    0.00000    7890       7
    7891   5.322   -74.20085    0.00000    0.00000    7891       5
    7892   5.325   -74.20085    0.00000    0.00000    7892       1
    7893   5.332   -74.20084    0.00000    0.00000    7893       1
    7894   5.337   -74.20083    0.00000    0.00000    7894       1
    7895   5.322   -74.20085    0.00000    0.00000    7895       2
    7896   5.337   -74.20083    0.00000    0.00000    7896       1
    7897   5.338   -74.20083    0.00000    0.00000    7897       3
    7898   5.338   -74.20083    0.00000    0.00000    7898       1
    7899   5.338   -74.20083    0.00000    0.00000    7899       2
    7900   5.339   -74.20083    0.00000    0.00000    7900       4
    7901   5.340   -74.20083    0.00000    0.00000    7901       2
    7902   5.340   -74.20083    0.00000    0.00000    7902       1
    7903   5.340   -74.20083    0.00000    0.00000    7903       6
    7904   5.342   -74.20082    0.00000    0.00000    7904       2
    7905   5.342   -74.20082    0.00000    0.00000    7905       1
    7906   5.342   -74.20082    0.00000    0.00000    7906       1
    7907   5.343   -74.20082    0.00000    0.00000    7907       1
    7908   5.343   -74.20082    0.00000    0.00000    7908       1
    7909   5.343   -74.20082    0.00000    0.00000    7909       9
    7910   5.347   -74.20082    0.00000    0.00000    7910       3
    7911   5.310   -74.20087    0.00000    0.00000    7911       5
    7912   5.329   -74.20084    0.00000    0.00000    7912       1
    7913   5.348   -74.20081    0.00000    0.00000    7913       1
    7914   5.349   -74.20081    0.00000    0.00000    7914       2
    7915   5.349   -74.20081    0.00000    0.00000    7915       2
    7916   5.350   -74.20081    0.00000    0.00000    7916       1
    7917   5.351   -74.20081    0.00000    0.00000    7917       1
    7918   5.351   -74.20081    0.00000    0.00000    7918       5
    7919   5.352   -74.20081    0.00000    0.00000    7919       7
    7920   5.353   -74.20081    0.00000    0.00000    7920       4
    7921   5.354   -74.20080    0.00000    0.00000    7921       7
    7922   5.355   -74.20080    0.00000    0.00000    7922       1
    7923   5.355   -74.20080    0.00000    0.00000    7923       2
    7924   5.358   -74.20080    0.00000    0.00000    7924       5
    7925   5.358   -74.20080    0.00000    0.00000    7925       6
    7926   5.358   -74.20080    0.00000    0.00000    7926       2
    7927   5.350   -74.20081    0.00000    0.00000    7927       1
    7928   5.350   -74.20081    0.00000    0.00000    7928       2
    7929   5.358   -74.20080    0.00000    0.00000    7929       1
    7930   5.359   -74.20080    0.00000    0.00000    7930       2
    7931   5.359   -74.20080    0.00000    0.00000    7931       1
    7932   5.359   -74.20080    0.00000    0.00000    7932       1
    7933   5.359   -74.20080    0.00000    0.00000    7933      10
    7934   5.361   -74.20079    0.00000    0.00000    7934       4
    7935   5.362   -74.20079    0.00000    0.00000    7935       1
    7936   5.363   -74.20079    0.00000    0.00000    7936       6
    7937   5.350   -74.20081    0.00000    0.00000    7937       5
    7938   5.364   -74.20079    0.00000    0.00000    7938       2
    7939   5.362   -74.20079    0.00000    0.00000    7939       1
    7940   5.364   -74.20079    0.00000    0.00000    7940       3
    7941   5.365   -74.20079    0.00000    0.00000    7941       6
    7942   5.350   -74.20081    0.00000    0.00000    7942       1
    7943   5.367   -74.20078    0.00000    0.00000    7943       1
    7944   5.368   -74.20078    0.00000    0.00000    7944       1
    7945   5.368   -74.20078    0.00000    0.00000    7945       1
    7946   5.366   -74.20078    0.00000    0.00000    7946       4
    7947   5.366   -74.20078    0.00000    0.00000    7947       3
    7948   5.369   -74.20078    0.00000    0.00000    7948       1
    7949   5.367   -74.20078    0.00000    0.00000    7949       1
    7950   5.368   -74.20078    0.00000    0.00000    7950       2
    7951   5.370   -74.20078    0.00000    0.00000    7951       1
    7952   5.368   -74.20078    0.00000    0.00000    7952       2
    7953   5.372   -74.20078    0.00000    0.00000    7953       1
    7954   5.373   -74.20077    0.00000    0.00000    7954       2
    7955   5.372   -74.20078    0.00000    0.00000    7955       1
    7956   5.373   -74.20077    0.00000    0.00000    7956       1
    7957   5.373   -74.20077    0.00000    0.00000    7957       2
    7958   5.374   -74.20077    0.00000    0.00000    7958       1
    7959   5.369   -74.20078    0.00000    0.00000    7959       1
    7960   5.374   -74.20077    0.00000    0.00000    7960       4
    7961   5.370   -74.20078    0.00000    0.00000    7961       1
    7962   5.376   -74.20077    0.00000    0.00000    7962       1
    7963   5.377   -74.20077    0.00000    0.00000    7963       2
    7964   5.379   -74.20076    0.00000    0.00000    7964       2
    7965   5.380   -74.20076    0.00000    0.00000    7965       2
    7966   5.380   -74.20076    0.00000    0.00000    7966       3
    7967   5.381   -74.20076    0.00000    0.00000    7967       1
    7968   5.381   -74.20076    0.00000    0.00000    7968       2
    7969   5.381   -74.20076    0.00000    0.00000    7969       6
    7970   5.383   -74.20076    0.00000    0.00000    7970       1
    7971   5.383   -74.20076    0.00000    0.00000    7971       5
    7972   5.384   -74.20076    0.00000    0.00000    7972       3
    7973   5.385   -74.20076    0.00000    0.00000    7973       1
    7974   5.385   -74.20076    0.00000    0.00000    7974       5
    7975   5.384   -74.20076    0.00000    0.00000    7975       1
    7976   5.343   -74.20082    0.00000    0.00000    7976       1
    7977   5.386   -74.20075    0.00000    0.00000    7977       5
    7978   5.343   -74.20082    0.00000    0.00000    7978       1
    7979   5.387   -74.20075    0.00000    0.00000    7979       2
    7980   5.386   -74.20075    0.00000    0.00000    7980       2
    7981   5.388   -74.20075    0.00000    0.00000    7981       8
    7982   5.389   -74.20075    0.00000    0.00000    7982       1
    7983   5.387   -74.20075    0.00000    0.00000    7983       6
    7984   5.387   -74.20075    0.00000    0.00000    7984       1
    7985   5.387   -74.20075    0.00000    0.00000    7985       1
    7986   5.384   -74.20076    0.00000    0.00000    7986       2
    7987   5.390   -74.20075    0.00000    0.00000    7987       2
    7988   5.390   -74.20075    0.00000    0.00000    7988       1
    7989   5.390   -74.20075    0.00000    0.00000    7989       3
    7990   5.391   -74.20075    0.00000    0.00000    7990       1
    7991   5.392   -74.20074    0.00000    0.00000    7991       5
    7992   5.392   -74.20074    0.00000    0.00000    7992       1
    7993   5.392   -74.20074    0.00000    0.00000    7993       1
    7994   5.392   -74.20074    0.00000    0.00000    7994       1
    7995   5.392   -74.20074    0.00000    0.00000    7995       1
    7996   5.392   -74.20074    0.00000    0.00000    7996       8
    7997   5.394   -74.20074    0.00000    0.00000    7997       1
    7998   5.394   -74.20074    0.00000    0.00000    7998       6
    7999   5.393   -74.20074    0.00000    0.00000    7999       4
    8000   5.394   -74.20074    0.00000    0.00000    8000       1
    8001   5.393   -74.20074    0.00000    0.00000    8001       2
    8002   5.395   -74.20074    0.00000    0.00000    8002       4
    8003   5.398   -74.20073    0.00000    0.00000    8003       1
    8004   5.398   -74.20073    0.00000    0.00000    8004       2
    8005   5.394   -74.20074    0.00000    0.00000    8005       1
    8006   5.401   -74.20073    0.00000    0.00000    8006       1
    8007   5.397   -74.20074    0.00000    0.00000    8007       1
    8008   5.402   -74.20073    0.00000    0.00000    8008       3
    8009   5.401   -74.20073    0.00000    0.00000    8009       1
    8010   5.403   -74.20073    0.00000    0.00000    8010       1
    8011   5.406   -74.20072    0.00000    0.00000    8011       1
    8012   5.406   -74.20072    0.00000    0.00000    8012      10
    8013   5.409   -74.20072    0.00000    0.00000    8013       3
    8014   5.404   -74.20072    0.00000    0.00000    8014       3
    8015   5.411   -74.20071    0.00000    0.00000    8015       2
    8016   5.411   -74.20071    0.00000    0.00000    8016       2
    8017   5.413   -74.20071    0.00000    0.00000    8017       1
    8018   5.412   -74.20071    0.00000    0.00000    8018       2
    8019   5.407   -74.20072    0.00000    0.00000    8019       1
    8020   5.413   -74.20071    0.00000    0.00000    8020       4
    8021   5.413   -74.20071    0.00000    0.00000    8021       3
    8022   5.404   -74.20072    0.00000    0.00000    8022       1
    8023   5.413   -74.20071    0.00000    0.00000    8023       3
    8024   5.414   -74.20071    0.00000    0.00000    8024       4
    8025   5.415   -74.20071    0.00000    0.00000    8025       1
    8026   5.415   -74.20071    0.00000    0.00000    8026       1
    8027   5.415   -74.20071    0.00000    0.00000    8027       2
    8028   5.416   -74.20071    0.00000    0.00000    8028       1
    8029   5.415   -74.20071    0.00000    0.00000    8029       1
    8030   5.416   -74.20071    0.00000    0.00000    8030       2
    8031   5.416   -74.20071    0.00000    0.00000    8031       1
    8032   5.417   -74.20070    0.00000    0.00000    8032       2
    8033   5.417   -74.20070    0.00000    0.00000    8033       2
    8034   5.417   -74.20070    0.00000    0.00000    8034       4
    8035   5.420   -74.20070    0.00000    0.00000    8035       8
    8036   5.420   -74.20070    0.00000    0.00000    8036       1
    8037   5.420   -74.20070    0.00000    0.00000    8037       1
    8038   5.420   -74.20070    0.00000    0.00000    8038       1
    8039   5.405   -74.20072    0.00000    0.00000    8039       3
    8040   5.420   -74.20070    0.00000    0.00000    8040       2
    8041   5.421   -74.20070    0.00000    0.00000    8041       1
    8042   5.421   -74.20070    0.00000    0.00000    8042       2
    8043   5.421   -74.20070    0.00000    0.00000    8043       1
    8044   5.421   -74.20070    0.00000    0.00000    8044       1
    8045   5.421   -74.20070    0.00000    0.00000    8045       4
    8046   5.423   -74.20069    0.00000    0.00000    8046       1
    8047   5.427   -74.20069    0.00000    0.00000    8047       1
    8048   5.427   -74.20069    0.00000    0.00000    8048       1
    8049   5.423   -74.20069    0.00000    0.00000    8049       7
    8050   5.428   -74.20069    0.00000    0.00000    8050       1
    8051   5.428   -74.20069    0.00000    0.00000    8051       2
    8052   5.405   -74.20072    0.00000    0.00000    8052       2
    8053   5.425   -74.20069    0.00000    0.00000    8053       8
    8054   5.405   -74.20072    0.00000    0.00000    8054       1
    8055   5.419   -74.20070    0.00000    0.00000    8055       1
    8056   5.431   -74.20068    0.00000    0.00000    8056       3
    8057   5.432   -74.20068    0.00000    0.00000    8057       2
    8058   5.405   -74.20072    0.00000    0.00000    8058       1
    8059   5.432   -74.20068    0.00000    0.00000    8059       1
    8060   5.433   -74.20068    0.00000    0.00000    8060       2
    8061   5.406   -74.20072    0.00000    0.00000    8061       1
    8062   5.414   -74.20071    0.00000    0.00000    8062       1
    8063   5.434   -74.20068    0.00000    0.00000    8063       7
    8064   5.435   -74.20067    0.00000    0.00000    8064       1
    8065   5.436   -74.20067    0.00000    0.00000    8065       4
    8066   5.422   -74.20070    0.00000    0.00000    8066       1
    8067   5.438   -74.20067    0.00000    0.00000    8067       1
    8068   5.438   -74.20067    0.00000    0.00000    8068       1
    8069   5.406   -74.20072    0.00000    0.00000    8069       2
    8070   5.439   -74.20067    0.00000    0.00000    8070       3
    8071   5.439   -74.20067    0.00000    0.00000    8071       2
    8072   5.440   -74.20067    0.00000    0.00000    8072       1
    8073   5.440   -74.20067    0.00000    0.00000    8073       2
    8074   5.439   -74.20067    0.00000    0.00000    8074       5
    8075   5.441   -74.20067    0.00000    0.00000    8075       2
    8076   5.443   -74.20066    0.00000    0.00000    8076       6
    8077   5.443   -74.20066    0.00000    0.00000    8077       1
    8078   5.443   -74.20066    0.00000    0.00000    8078       1
    8079   5.444   -74.20066    0.00000    0.00000    8079       1
    8080   5.433   -74.20068    0.00000    0.00000    8080       1
    8081   5.433   -74.20068    0.00000    0.00000    8081       3
    8082   5.441   -74.20067    0.00000    0.00000    8082       2
    8083   5.445   -74.20066    0.00000    0.00000    8083       2
    8084   5.445   -74.20066    0.00000    0.00000    8084       1
    8085   5.445   -74.20066    0.00000    0.00000    8085       1
    8086   5.445   -74.20066    0.00000    0.00000    8086       1
    8087   5.446   -74.20066    0.00000    0.00000    8087       5
    8088   5.446   -74.20066    0.00000    0.00000    8088      11
    8089   5.449   -74.20065    0.00000    0.00000    8089       2
    8090   5.449   -74.20065    0.00000    0.00000    8090       1
    8091   5.449   -74.20065    0.00000    0.00000    8091       1
    8092   5.449   -74.20065    0.00000    0.00000    8092       1
    8093   5.447   -74.20066    0.00000    0.00000    8093       2
    8094   5.450   -74.20065    0.00000    0.00000    8094       1
    8095   5.450   -74.20065    0.00000    0.00000    8095       6
    8096   5.451   -74.20065    0.00000    0.00000    8096       6
    8097   5.453   -74.20065    0.00000    0.00000    8097       1
    8098   5.455   -74.20064    0.00000    0.00000    8098       3
    8099   5.455   -74.20064    0.00000    0.00000    8099       4
    8100   5.448   -74.20066    0.00000    0.00000    8100       1
    8101   5.456   -74.20064    0.00000    0.00000    8101       2
    8102   5.459   -74.20064    0.00000    0.00000    8102       1
    8103   5.459   -74.20064    0.00000    0.00000    8103       1
    8104   5.460   -74.20064    0.00000    0.00000    8104       3
    8105   5.460   -74.20064    0.00000    0.00000    8105       1
    8106   5.460   -74.20064    0.00000    0.00000    8106       3
    8107   5.462   -74.20063    0.00000    0.00000    8107       1
    8108   5.462   -74.20063    0.00000    0.00000    8108       3
    8109   5.462   -74.20063    0.00000    0.00000    8109       5
    8110   5.462   -74.20063    0.00000    0.00000    8110       3
    8111   5.462   -74.20063    0.00000    0.00000    8111       1
    8112   5.463   -74.20063    0.00000    0.00000    8112       2
    8113   5.464   -74.20063    0.00000    0.00000    8113       5
    8114   5.466   -74.20063    0.00000    0.00000    8114       5
    8115   5.467   -74.20062    0.00000    0.00000    8115       2
    8116   5.466   -74.20063    0.00000    0.00000    8116       1
    8117   5.462   -74.20063    0.00000    0.00000    8117       1
    8118   5.467   -74.20062    0.00000    0.00000    8118       1
    8119   5.468   -74.20062    0.00000    0.00000    8119       1
    8120   5.466   -74.20063    0.00000    0.00000    8120       4
    8121   5.468   -74.20062    0.00000    0.00000    8121       2
    8122   5.468   -74.20062    0.00000    0.00000    8122       4
    8123   5.469   -74.20062    0.00000    0.00000    8123       7
    8124   5.470   -74.20062    0.00000    0.00000    8124       2
    8125   5.470   -74.20062    0.00000    0.00000    8125       2
    8126   5.469   -74.20062    0.00000    0.00000    8126       3
    8127   5.470   -74.20062    0.00000    0.00000    8127       7
    8128   5.474   -74.20061    0.00000    0.00000    8128       1
    8129   5.474   -74.20061    0.00000    0.00000    8129       2
    8130   5.475   -74.20061    0.00000    0.00000    8130       4
    8131   5.475   -74.20061    0.00000    0.00000    8131       1
    8132   5.474   -74.20061    0.00000    0.00000    8132       2
    8133   5.476   -74.20061    0.00000    0.00000    8133       1
    8134   5.467   -74.20062    0.00000    0.00000    8134       1
    8135   5.473   -74.20061    0.00000    0.00000    8135      14
    8136   5.480   -74.20060    0.00000    0.00000    8136       1
    8137   5.479   -74.20060    0.00000    0.00000    8137       2
    8138   5.480   -74.20060    0.00000    0.00000    8138       1
    8139   5.480   -74.20060    0.00000    0.00000    8139       6
    8140   5.481   -74.20060    0.00000    0.00000    8140       1
    8141   5.463   -74.20063    0.00000    0.00000    8141       6
    8142   5.482   -74.20060    0.00000    0.00000    8142       2
    8143   5.482   -74.20060    0.00000    0.00000    8143       4
    8144   5.478   -74.20061    0.00000    0.00000    8144       1
    8145   5.484   -74.20060    0.00000    0.00000    8145       1
    8146   5.485   -74.20060    0.00000    0.00000    8146       1
    8147   5.485   -74.20060    0.00000    0.00000    8147       2
    8148   5.487   -74.20059    0.00000    0.00000    8148       3
    8149   5.486   -74.20059    0.00000    0.00000    8149       2
    8150   5.486   -74.20059    0.00000    0.00000    8150       6
    8151   5.482   -74.20060    0.00000    0.00000    8151       3
    8152   5.487   -74.20059    0.00000    0.00000    8152       1
    8153   5.489   -74.20059    0.00000    0.00000    8153       1
    8154   5.489   -74.20059    0.00000    0.00000    8154       5
    8155   5.488   -74.20059    0.00000    0.00000    8155       1
    8156   5.454   -74.20064    0.00000    0.00000    8156      10
    8157   5.487   -74.20059    0.00000    0.00000    8157       6
    8158   5.490   -74.20059    0.00000    0.00000    8158      10
    8159   5.494   -74.20058    0.00000    0.00000    8159       2
    8160   5.494   -74.20058    0.00000    0.00000    8160       1
    8161   5.494   -74.20058    0.00000    0.00000    8161       3
    8162   5.494   -74.20058    0.00000    0.00000    8162      10
    8163   5.495   -74.20058    0.00000    0.00000    8163       2
    8164   5.488   -74.20059    0.00000    0.00000    8164       1
    8165   5.495   -74.20058    0.00000    0.00000    8165       2
    8166   5.494   -74.20058    0.00000    0.00000    8166       2
    8167   5.495   -74.20058    0.00000    0.00000    8167       2
    8168   5.495   -74.20058    0.00000    0.00000    8168       1
    8169   5.496   -74.20058    0.00000    0.00000    8169       1
    8170   5.494   -74.20058    0.00000    0.00000    8170       9
    8171   5.495   -74.20058    0.00000    0.00000    8171       5
    8172   5.491   -74.20059    0.00000    0.00000    8172       5
    8173   5.499   -74.20057    0.00000    0.00000    8173       1
    8174   5.497   -74.20058    0.00000    0.00000    8174       1
    8175   5.495   -74.20058    0.00000    0.00000    8175       6
    8176   5.499   -74.20057    0.00000    0.00000    8176       4
    8177   5.501   -74.20057    0.00000    0.00000    8177       3
    8178   5.502   -74.20057    0.00000    0.00000    8178       2
    8179   5.502   -74.20057    0.00000    0.00000    8179       1
    8180   5.503   -74.20057    0.00000    0.00000    8180       1
    8181   5.503   -74.20057    0.00000    0.00000    8181       1
    8182   5.504   -74.20057    0.00000    0.00000    8182       1
    8183   5.504   -74.20057    0.00000    0.00000    8183       3
    8184   5.506   -74.20056    0.00000    0.00000    8184       4
    8185   5.507   -74.20056    0.00000    0.00000    8185       2
    8186   5.509   -74.20056    0.00000    0.00000    8186       2
    8187   5.509   -74.20056    0.00000    0.00000    8187       3
    8188   5.510   -74.20056    0.00000    0.00000    8188       3
    8189   5.500   -74.20057    0.00000    0.00000    8189       1
    8190   5.506   -74.20056    0.00000    0.00000    8190       4
    8191   5.474   -74.20061    0.00000    0.00000    8191       1
    8192   5.510   -74.20056    0.00000    0.00000    8192       1
    8193   5.511   -74.20055    0.00000    0.00000    8193       2
    8194   5.501   -74.20057    0.00000    0.00000    8194       1
    8195   5.511   -74.20055    0.00000    0.00000    8195       3
    8196   5.513   -74.20055    0.00000    0.00000    8196       1
    8197   5.514   -74.20055    0.00000    0.00000    8197       1
    8198   5.513   -74.20055    0.00000    0.00000    8198       1
    8199   5.513   -74.20055    0.00000    0.00000    8199       2
    8200   5.514   -74.20055    0.00000    0.00000    8200       5
    8201   5.474   -74.20061    0.00000    0.00000    8201       1
    8202   5.514   -74.20055    0.00000    0.00000    8202       4
    8203   5.474   -74.20061    0.00000    0.00000    8203       1
    8204   5.468   -74.20062    0.00000    0.00000    8204       1
    8205   5.516   -74.20055    0.00000    0.00000    8205       2
    8206   5.514   -74.20055    0.00000    0.00000    8206       4
    8207   5.517   -74.20055    0.00000    0.00000    8207       8
    8208   5.517   -74.20054    0.00000    0.00000    8208       2
    8209   5.518   -74.20054    0.00000    0.00000    8209       3
    8210   5.515   -74.20055    0.00000    0.00000    8210       4
    8211   5.519   -74.20054    0.00000    0.00000    8211       8
    8212   5.521   -74.20054    0.00000    0.00000    8212       1
    8213   5.521   -74.20054    0.00000    0.00000    8213       5
    8214   5.523   -74.20053    0.00000    0.00000    8214       2
    8215   5.522   -74.20054    0.00000    0.00000    8215       3
    8216   5.525   -74.20053    0.00000    0.00000    8216       1
    8217   5.526   -74.20053    0.00000    0.00000    8217       2
    8218   5.522   -74.20054    0.00000    0.00000    8218      10
    8219   5.527   -74.20053    0.00000    0.00000    8219       1
    8220   5.515   -74.20055    0.00000    0.00000    8220       1
    8221   5.502   -74.20057    0.00000    0.00000    8221       3
    8222   5.528   -74.20053    0.00000    0.00000    8222       1
    8223   5.529   -74.20053    0.00000    0.00000    8223       1
    8224   5.528   -74.20053    0.00000    0.00000    8224       1
    8225   5.528   -74.20053    0.00000    0.00000    8225       6
    8226   5.531   -74.20052    0.00000    0.00000    8226       1
    8227   5.529   -74.20053    0.00000    0.00000    8227       3
    8228   5.529   -74.20053    0.00000    0.00000    8228       1
    8229   5.531   -74.20052    0.00000    0.00000    8229       1
    8230   5.533   -74.20052    0.00000    0.00000    8230       3
    8231   5.534   -74.20052    0.00000    0.00000    8231       4
    8232   5.522   -74.20054    0.00000    0.00000    8232       2
    8233   5.534   -74.20052    0.00000    0.00000    8233       2
    8234   5.522   -74.20054    0.00000    0.00000    8234       6
    8235   5.533   -74.20052    0.00000    0.00000    8235       1
    8236   5.537   -74.20051    0.00000    0.00000    8236       2
    8237   5.489   -74.20059    0.00000    0.00000    8237       1
    8238   5.489   -74.20059    0.00000    0.00000    8238       2
    8239   5.537   -74.20051    0.00000    0.00000    8239       7
    8240   5.535   -74.20052    0.00000    0.00000    8240       7
    8241   5.538   -74.20051    0.00000    0.00000    8241       1
    8242   5.535   -74.20052    0.00000    0.00000    8242       1
    8243   5.539   -74.20051    0.00000    0.00000    8243       2
    8244   5.539   -74.20051    0.00000    0.00000    8244       1
    8245   5.540   -74.20051    0.00000    0.00000    8245       4
    8246   5.539   -74.20051    0.00000    0.00000    8246       6
    8247   5.541   -74.20051    0.00000    0.00000    8247       1
    8248   5.542   -74.20051    0.00000    0.00000    8248       2
    8249   5.542   -74.20050    0.00000    0.00000    8249       2
    8250   5.544   -74.20050    0.00000    0.00000    8250       1
    8251   5.541   -74.20051    0.00000    0.00000    8251       1
    8252   5.543   -74.20050    0.00000    0.00000    8252       2
    8253   5.544   -74.20050    0.00000    0.00000    8253       1
    8254   5.544   -74.20050    0.00000    0.00000    8254       5
    8255   5.537   -74.20051    0.00000    0.00000    8255       1
    8256   5.545   -74.20050    0.00000    0.00000    8256       2
    8257   5.546   -74.20050    0.00000    0.00000    8257       7
    8258   5.547   -74.20050    0.00000    0.00000    8258       2
    8259   5.547   -74.20050    0.00000    0.00000    8259       1
    8260   5.548   -74.20050    0.00000    0.00000    8260       1
    8261   5.533   -74.20052    0.00000    0.00000    8261       1
    8262   5.548   -74.20049    0.00000    0.00000    8262       1
    8263   5.549   -74.20049    0.00000    0.00000    8263       1
    8264   5.534   -74.20052    0.00000    0.00000    8264       1
    8265   5.549   -74.20049    0.00000    0.00000    8265       2
    8266   5.549   -74.20049    0.00000    0.00000    8266       1
    8267   5.549   -74.20049    0.00000    0.00000    8267       3
    8268   5.550   -74.20049    0.00000    0.00000    8268       1
    8269   5.550   -74.20049    0.00000    0.00000    8269       4
    8270   5.551   -74.20049    0.00000    0.00000    8270       8
    8271   5.551   -74.20049    0.00000    0.00000    8271       6
    8272   5.553   -74.20049    0.00000    0.00000    8272       1
    8273   5.553   -74.20049    0.00000    0.00000    8273      11
    8274   5.553   -74.20049    0.00000    0.00000    8274       2
    8275   5.557   -74.20048    0.00000    0.00000    8275       1
    8276   5.557   -74.20048    0.00000    0.00000    8276       1
    8277   5.557   -74.20048    0.00000    0.00000    8277       1
    8278   5.554   -74.20049    0.00000    0.00000    8278       1
    8279   5.558   -74.20048    0.00000    0.00000    8279       2
    8280   5.558   -74.20048    0.00000    0.00000    8280       1
    8281   5.559   -74.20048    0.00000    0.00000    8281       4
    8282   5.562   -74.20047    0.00000    0.00000    8282       1
    8283   5.559   -74.20048    0.00000    0.00000    8283      10
    8284   5.564   -74.20047    0.00000    0.00000    8284       1
    8285   5.565   -74.20047    0.00000    0.00000    8285      10
    8286   5.567   -74.20047    0.00000    0.00000    8286       1
    8287   5.567   -74.20046    0.00000    0.00000    8287       1
    8288   5.567   -74.20046    0.00000    0.00000    8288       5
    8289   5.568   -74.20046    0.00000    0.00000    8289       1
    8290   5.569   -74.20046    0.00000    0.00000    8290       4
    8291   5.570   -74.20046    0.00000    0.00000    8291       2
    8292   5.561   -74.20048    0.00000    0.00000    8292       1
    8293   5.561   -74.20048    0.00000    0.00000    8293       2
    8294   5.561   -74.20048    0.00000    0.00000    8294       1
    8295   5.571   -74.20046    0.00000    0.00000    8295       1
    8296   5.571   -74.20046    0.00000    0.00000    8296       3
    8297   5.573   -74.20046    0.00000    0.00000    8297       2
    8298   5.573   -74.20045    0.00000    0.00000    8298       2
    8299   5.566   -74.20047    0.00000    0.00000    8299       1
    8300   5.574   -74.20045    0.00000    0.00000    8300       6
    8301   5.577   -74.20045    0.00000    0.00000    8301       3
    8302   5.577   -74.20045    0.00000    0.00000    8302       1
    8303   5.561   -74.20047    0.00000    0.00000    8303       1
    8304   5.568   -74.20046    0.00000    0.00000    8304       1
    8305   5.577   -74.20045    0.00000    0.00000    8305       2
    8306   5.577   -74.20045    0.00000    0.00000    8306       1
    8307   5.579   -74.20045    0.00000    0.00000    8307       2
    8308   5.580   -74.20044    0.00000    0.00000    8308       2
    8309   5.581   -74.20044    0.00000    0.00000    8309       1
    8310   5.582   -74.20044    0.00000    0.00000    8310       1
    8311   5.583   -74.20044    0.00000    0.00000    8311       1
    8312   5.584   -74.20044    0.00000    0.00000    8312       1
    8313   5.574   -74.20045    0.00000    0.00000    8313       1
    8314   5.588   -74.20043    0.00000    0.00000    8314       7
    8315   5.590   -74.20043    0.00000    0.00000    8315       1
    8316   5.547   -74.20050    0.00000    0.00000    8316       1
    8317   5.590   -74.20043    0.00000    0.00000    8317       2
    8318   5.593   -74.20042    0.00000    0.00000    8318       2
    8319   5.594   -74.20042    0.00000    0.00000    8319       1
    8320   5.595   -74.20042    0.00000    0.00000    8320       1
    8321   5.596   -74.20042    0.00000    0.00000    8321       1
    8322   5.596   -74.20042    0.00000    0.00000    8322       2
    8323   5.596   -74.20042    0.00000    0.00000    8323       4
    8324   5.599   -74.20041    0.00000    0.00000    8324       2
    8325   5.597   -74.20042    0.00000    0.00000    8325       1
    8326   5.600   -74.20041    0.00000    0.00000    8326       3
    8327   5.600   -74.20041    0.00000    0.00000    8327       1
    8328   5.601   -74.20041    0.00000    0.00000    8328       2
    8329   5.601   -74.20041    0.00000    0.00000    8329       4
    8330   5.602   -74.20041    0.00000    0.00000    8330       1
    8331   5.602   -74.20041    0.00000    0.00000    8331       1
    8332   5.602   -74.20041    0.00000    0.00000    8332       2
    8333   5.602   -74.20041    0.00000    0.00000    8333       4
    8334   5.603   -74.20041    0.00000    0.00000    8334       6
    8335   5.604   -74.20041    0.00000    0.00000    8335       4
    8336   5.602   -74.20041    0.00000    0.00000    8336       1
    8337   5.602   -74.20041    0.00000    0.00000    8337       8
    8338   5.608   -74.20040    0.00000    0.00000    8338       5
    8339   5.610   -74.20040    0.00000    0.00000    8339       2
    8340   5.611   -74.20040    0.00000    0.00000    8340       3
    8341   5.611   -74.20039    0.00000    0.00000    8341       1
    8342   5.612   -74.20039    0.00000    0.00000    8342       1
    8343   5.615   -74.20039    0.00000    0.00000    8343       4
    8344   5.601   -74.20041    0.00000    0.00000    8344       1
    8345   5.613   -74.20039    0.00000    0.00000    8345       1
    8346   5.593   -74.20042    0.00000    0.00000    8346       4
    8347   5.619   -74.20038    0.00000    0.00000    8347       2
    8348   5.618   -74.20038    0.00000    0.00000    8348       1
    8349   5.620   -74.20038    0.00000    0.00000    8349       1
    8350   5.602   -74.20041    0.00000    0.00000    8350       2
    8351   5.620   -74.20038    0.00000    0.00000    8351       1
    8352   5.620   -74.20038    0.00000    0.00000    8352       1
    8353   5.584   -74.20044    0.00000    0.00000    8353       3
    8354   5.621   -74.20038    0.00000    0.00000    8354       3
    8355   5.584   -74.20044    0.00000    0.00000    8355       1
    8356   5.619   -74.20038    0.00000    0.00000    8356       3
    8357   5.621   -74.20038    0.00000    0.00000    8357       1
    8358   5.621   -74.20038    0.00000    0.00000    8358       1
    8359   5.621   -74.20038    0.00000    0.00000    8359       2
    8360   5.621   -74.20038    0.00000    0.00000    8360       1
    8361   5.622   -74.20038    0.00000    0.00000    8361       1
    8362   5.622   -74.20038    0.00000    0.00000    8362       5
    8363   5.622   -74.20038    0.00000    0.00000    8363       3
    8364   5.622   -74.20038    0.00000    0.00000    8364       8
    8365   5.623   -74.20037    0.00000    0.00000    8365       4
    8366   5.624   -74.20037    0.00000    0.00000    8366       1
    8367   5.625   -74.20037    0.00000    0.00000    8367       5
    8368   5.613   -74.20039    0.00000    0.00000    8368       3
    8369   5.627   -74.20037    0.00000    0.00000    8369       1
    8370   5.628   -74.20037    0.00000    0.00000    8370       1
    8371   5.626   -74.20037    0.00000    0.00000    8371       8
    8372   5.625   -74.20037    0.00000    0.00000    8372       2
    8373   5.628   -74.20037    0.00000    0.00000    8373       1
    8374   5.627   -74.20037    0.00000    0.00000    8374       3
    8375   5.631   -74.20036    0.00000    0.00000    8375       1
    8376   5.632   -74.20036    0.00000    0.00000    8376       3
    8377   5.632   -74.20036    0.00000    0.00000    8377       3
    8378   5.632   -74.20036    0.00000    0.00000    8378       1
    8379   5.632   -74.20036    0.00000    0.00000    8379       6
    8380   5.632   -74.20036    0.00000    0.00000    8380       3
    8381   5.633   -74.20036    0.00000    0.00000    8381       3
    8382   5.635   -74.20036    0.00000    0.00000    8382       1
    8383   5.635   -74.20036    0.00000    0.00000    8383       2
    8384   5.636   -74.20035    0.00000    0.00000    8384       1
    8385   5.636   -74.20035    0.00000    0.00000    8385       4
    8386   5.637   -74.20035    0.00000    0.00000    8386       1
    8387   5.635   -74.20036    0.00000    0.00000    8387       1
    8388   5.636   -74.20036    0.00000    0.00000    8388       6
    8389   5.640   -74.20035    0.00000    0.00000    8389       1
    8390   5.641   -74.20035    0.00000    0.00000    8390       2
    8391   5.639   -74.20035    0.00000    0.00000    8391       1
    8392   5.642   -74.20034    0.00000    0.00000    8392       3
    8393   5.644   -74.20034    0.00000    0.00000    8393       1
    8394   5.645   -74.20034    0.00000    0.00000    8394       6
    8395   5.647   -74.20034    0.00000    0.00000    8395       1
    8396   5.646   -74.20034    0.00000    0.00000    8396       4
    8397   5.643   -74.20034    0.00000    0.00000    8397       3
    8398   5.647   -74.20034    0.00000    0.00000    8398       2
    8399   5.647   -74.20034    0.00000    0.00000    8399       3
    8400   5.648   -74.20034    0.00000    0.00000    8400       4
    8401   5.648   -74.20034    0.00000    0.00000    8401       2
    8402   5.649   -74.20033    0.00000    0.00000    8402       1
    8403   5.649   -74.20033    0.00000    0.00000    8403       1
    8404   5.649   -74.20033    0.00000    0.00000    8404       1
    8405   5.649   -74.20033    0.00000    0.00000    8405      12
    8406   5.650   -74.20033    0.00000    0.00000    8406       2
    8407   5.650   -74.20033    0.00000    0.00000    8407       2
    8408   5.651   -74.20033    0.00000    0.00000    8408       2
    8409   5.652   -74.20033    0.00000    0.00000    8409       2
    8410   5.641   -74.20035    0.00000    0.00000    8410       1
    8411   5.652   -74.20033    0.00000    0.00000    8411       2
    8412   5.653   -74.20033    0.00000    0.00000    8412       1
    8413   5.653   -74.20033    0.00000    0.00000    8413       7
    8414   5.649   -74.20033    0.00000    0.00000    8414       2
    8415   5.649   -74.20033    0.00000    0.00000    8415       2
    8416   5.655   -74.20032    0.00000    0.00000    8416       1
    8417   5.646   -74.20034    0.00000    0.00000    8417       7
    8418   5.655   -74.20032    0.00000    0.00000    8418       1
    8419   5.655   -74.20032    0.00000    0.00000    8419       2
    8420   5.655   -74.20032    0.00000    0.00000    8420       1
    8421   5.655   -74.20032    0.00000    0.00000    8421       1
    8422   5.655   -74.20032    0.00000    0.00000    8422       4
    8423   5.645   -74.20034    0.00000    0.00000    8423       2
    8424   5.658   -74.20032    0.00000    0.00000    8424       1
    8425   5.648   -74.20034    0.00000    0.00000    8425       1
    8426   5.659   -74.20032    0.00000    0.00000    8426       1
    8427   5.659   -74.20032    0.00000    0.00000    8427       1
    8428   5.660   -74.20032    0.00000    0.00000    8428       1
    8429   5.663   -74.20031    0.00000    0.00000    8429       3
    8430   5.663   -74.20031    0.00000    0.00000    8430       4
    8431   5.665   -74.20031    0.00000    0.00000    8431       2
    8432   5.666   -74.20031    0.00000    0.00000    8432       1
    8433   5.666   -74.20031    0.00000    0.00000    8433       2
    8434   5.666   -74.20031    0.00000    0.00000    8434       1
    8435   5.666   -74.20031    0.00000    0.00000    8435       1
    8436   5.666   -74.20031    0.00000    0.00000    8436       4
    8437   5.667   -74.20031    0.00000    0.00000    8437       1
    8438   5.667   -74.20031    0.00000    0.00000    8438       4
    8439   5.666   -74.20031    0.00000    0.00000    8439       1
    8440   5.669   -74.20030    0.00000    0.00000    8440       8
    8441   5.673   -74.20030    0.00000    0.00000    8441       1
    8442   5.674   -74.20029    0.00000    0.00000    8442       5
    8443   5.660   -74.20032    0.00000    0.00000    8443       1
    8444   5.675   -74.20029    0.00000    0.00000    8444       3
    8445   5.677   -74.20029    0.00000    0.00000    8445       4
    8446   5.679   -74.20029    0.00000    0.00000    8446       1
    8447   5.679   -74.20029    0.00000    0.00000    8447       2
    8448   5.680   -74.20029    0.00000    0.00000    8448       1
    8449   5.682   -74.20028    0.00000    0.00000    8449       2
    8450   5.683   -74.20028    0.00000    0.00000    8450       1
    8451   5.683   -74.20028    0.00000    0.00000    8451       1
    8452   5.684   -74.20028    0.00000    0.00000    8452       1
    8453   5.685   -74.20028    0.00000    0.00000    8453       2
    8454   5.684   -74.20028    0.00000    0.00000    8454       1
    8455   5.686   -74.20028    0.00000    0.00000    8455       4
    8456   5.685   -74.20028    0.00000    0.00000    8456       4
    8457   5.687   -74.20027    0.00000    0.00000    8457       1
    8458   5.688   -74.20027    0.00000    0.00000    8458       3
    8459   5.687   -74.20027    0.00000    0.00000    8459       3
    8460   5.690   -74.20027    0.00000    0.00000    8460       2
    8461   5.691   -74.20027    0.00000    0.00000    8461       5
    8462   5.692   -74.20027    0.00000    0.00000    8462       1
    8463   5.692   -74.20027    0.00000    0.00000    8463       6
    8464   5.692   -74.20027    0.00000    0.00000    8464       1
    8465   5.692   -74.20027    0.00000    0.00000    8465       2
    8466   5.694   -74.20026    0.00000    0.00000    8466       2
    8467   5.695   -74.20026    0.00000    0.00000    8467       1
    8468   5.697   -74.20026    0.00000    0.00000    8468       4
    8469   5.696   -74.20026    0.00000    0.00000    8469       2
    8470   5.687   -74.20027    0.00000    0.00000    8470       1
    8471   5.651   -74.20033    0.00000    0.00000    8471       5
    8472   5.698   -74.20026    0.00000    0.00000    8472       2
    8473   5.700   -74.20025    0.00000    0.00000    8473       1
    8474   5.696   -74.20026    0.00000    0.00000    8474       1
    8475   5.698   -74.20026    0.00000    0.00000    8475       2
    8476   5.701   -74.20025    0.00000    0.00000    8476       2
    8477   5.702   -74.20025    0.00000    0.00000    8477       3
    8478   5.697   -74.20026    0.00000    0.00000    8478       1
    8479   5.702   -74.20025    0.00000    0.00000    8479       1
    8480   5.702   -74.20025    0.00000    0.00000    8480       1
    8481   5.702   -74.20025    0.00000    0.00000    8481       2
    8482   5.703   -74.20025    0.00000    0.00000    8482       1
    8483   5.703   -74.20025    0.00000    0.00000    8483       1
    8484   5.703   -74.20025    0.00000    0.00000    8484       1
    8485   5.668   -74.20030    0.00000    0.00000    8485       3
    8486   5.704   -74.20025    0.00000    0.00000    8486       1
    8487   5.668   -74.20030    0.00000    0.00000    8487       7
    8488   5.706   -74.20024    0.00000    0.00000    8488       1
    8489   5.699   -74.20025    0.00000    0.00000    8489       1
    8490   5.706   -74.20024    0.00000    0.00000    8490       4
    8491   5.707   -74.20024    0.00000    0.00000    8491       4
    8492   5.707   -74.20024    0.00000    0.00000    8492       2
    8493   5.708   -74.20024    0.00000    0.00000    8493       2
    8494   5.709   -74.20024    0.00000    0.00000    8494       6
    8495   5.709   -74.20024    0.00000    0.00000    8495       2
    8496   5.683   -74.20028    0.00000    0.00000    8496       1
    8497   5.709   -74.20024    0.00000    0.00000    8497       1
    8498   5.710   -74.20024    0.00000    0.00000    8498       1
    8499   5.710   -74.20024    0.00000    0.00000    8499       1
    8500   5.702   -74.20025    0.00000    0.00000    8500       1
    8501   5.711   -74.20024    0.00000    0.00000    8501       3
    8502   5.685   -74.20028    0.00000    0.00000    8502       1
    8503   5.711   -74.20024    0.00000    0.00000    8503       1
    8504   5.711   -74.20024    0.00000    0.00000    8504       1
    8505   5.711   -74.20024    0.00000    0.00000    8505       1
    8506   5.711   -74.20024    0.00000    0.00000    8506       3
    8507   5.712   -74.20023    0.00000    0.00000    8507       2
    8508   5.712   -74.20023    0.00000    0.00000    8508       4
    8509   5.713   -74.20023    0.00000    0.00000    8509       1
    8510   5.712   -74.20023    0.00000    0.00000    8510       1
    8511   5.715   -74.20023    0.00000    0.00000    8511       3
    8512   5.715   -74.20023    0.00000    0.00000    8512       1
    8513   5.715   -74.20023    0.00000    0.00000    8513       4
    8514   5.697   -74.20026    0.00000    0.00000    8514       1
    8515   5.719   -74.20022    0.00000    0.00000    8515       1
    8516   5.721   -74.20022    0.00000    0.00000    8516       1
    8517   5.721   -74.20022    0.00000    0.00000    8517       2
    8518   5.721   -74.20022    0.00000    0.00000    8518       6
    8519   5.722   -74.20022    0.00000    0.00000    8519       2
    8520   5.724   -74.20021    0.00000    0.00000    8520       1
    8521   5.724   -74.20021    0.00000    0.00000    8521       3
    8522   5.726   -74.20021    0.00000    0.00000    8522       4
    8523   5.728   -74.20021    0.00000    0.00000    8523       1
    8524   5.724   -74.20021    0.00000    0.00000    8524       2
    8525   5.729   -74.20021    0.00000    0.00000    8525       1
    8526   5.730   -74.20021    0.00000    0.00000    8526       1
    8527   5.731   -74.20020    0.00000    0.00000    8527       1
    8528   5.730   -74.20020    0.00000    0.00000    8528       1
    8529   5.724   -74.20021    0.00000    0.00000    8529       4
    8530   5.733   -74.20020    0.00000    0.00000    8530       1
    8531   5.722   -74.20022    0.00000    0.00000    8531       1
    8532   5.733   -74.20020    0.00000    0.00000    8532       2
    8533   5.734   -74.20020    0.00000    0.00000    8533       1
    8534   5.734   -74.20020    0.00000    0.00000    8534       1
    8535   5.734   -74.20020    0.00000    0.00000    8535       1
    8536   5.734   -74.20020    0.00000    0.00000    8536       1
    8537   5.734   -74.20020    0.00000    0.00000    8537       1
    8538   5.733   -74.20020    0.00000    0.00000    8538       4
    8539   5.736   -74.20020    0.00000    0.00000    8539       1
    8540   5.735   -74.20020    0.00000    0.00000    8540       2
    8541   5.737   -74.20019    0.00000    0.00000    8541       1
    8542   5.738   -74.20019    0.00000    0.00000    8542       2
    8543   5.738   -74.20019    0.00000    0.00000    8543       1
    8544   5.740   -74.20019    0.00000    0.00000    8544       2
    8545   5.742   -74.20019    0.00000    0.00000    8545       3
    8546   5.739   -74.20019    0.00000    0.00000    8546       5
    8547   5.742   -74.20019    0.00000    0.00000    8547       2
    8548   5.742   -74.20019    0.00000    0.00000    8548       3
    8549   5.742   -74.20019    0.00000    0.00000    8549       2
    8550   5.744   -74.20018    0.00000    0.00000    8550       5
    8551   5.748   -74.20018    0.00000    0.00000    8551       1
    8552   5.746   -74.20018    0.00000    0.00000    8552      13
    8553   5.749   -74.20017    0.00000    0.00000    8553       1
    8554   5.749   -74.20017    0.00000    0.00000    8554       1
    8555   5.749   -74.20017    0.00000    0.00000    8555       1
    8556   5.749   -74.20017    0.00000    0.00000    8556       1
    8557   5.750   -74.20017    0.00000    0.00000    8557       2
    8558   5.750   -74.20017    0.00000    0.00000    8558       1
    8559   5.750   -74.20017    0.00000    0.00000    8559       1
    8560   5.750   -74.20017    0.00000    0.00000    8560       9
    8561   5.755   -74.20017    0.00000    0.00000    8561       1
    8562   5.756   -74.20016    0.00000    0.00000    8562       1
    8563   5.756   -74.20016    0.00000    0.00000    8563       1
    8564   5.756   -74.20016    0.00000    0.00000    8564       7
    8565   5.759   -74.20016    0.00000    0.00000    8565       1
    8566   5.759   -74.20016    0.00000    0.00000    8566       1
    8567   5.758   -74.20016    0.00000    0.00000    8567       3
    8568   5.761   -74.20016    0.00000    0.00000    8568       1
    8569   5.761   -74.20016    0.00000    0.00000    8569       4
    8570   5.760   -74.20016    0.00000    0.00000    8570       1
    8571   5.765   -74.20015    0.00000    0.00000    8571       1
    8572   5.765   -74.20015    0.00000    0.00000    8572       2
    8573   5.765   -74.20015    0.00000    0.00000    8573       1
    8574   5.767   -74.20015    0.00000    0.00000    8574       1
    8575   5.767   -74.20015    0.00000    0.00000    8575       1
    8576   5.766   -74.20015    0.00000    0.00000    8576       1
    8577   5.766   -74.20015    0.00000    0.00000    8577       3
    8578   5.767   -74.20015    0.00000    0.00000    8578       2
    8579   5.767   -74.20015    0.00000    0.00000    8579       4
    8580   5.771   -74.20014    0.00000    0.00000    8580       1
    8581   5.771   -74.20014    0.00000    0.00000    8581       1
    8582   5.772   -74.20014    0.00000    0.00000    8582       1
    8583   5.772   -74.20014    0.00000    0.00000    8583      10
    8584   5.774   -74.20013    0.00000    0.00000    8584       1
    8585   5.774   -74.20013    0.00000    0.00000    8585       1
    8586   5.774   -74.20013    0.00000    0.00000    8586       1
    8587   5.775   -74.20013    0.00000    0.00000    8587       1
    8588   5.775   -74.20013    0.00000    0.00000    8588       1
    8589   5.777   -74.20013    0.00000    0.00000    8589       1
    8590   5.776   -74.20013    0.00000    0.00000    8590       1
    8591   5.776   -74.20013    0.00000    0.00000    8591       1
    8592   5.777   -74.20013    0.00000    0.00000    8592       1
    8593   5.778   -74.20013    0.00000    0.00000    8593       1
    8594   5.779   -74.20013    0.00000    0.00000    8594       4
    8595   5.741   -74.20019    0.00000    0.00000    8595       4
    8596   5.742   -74.20019    0.00000    0.00000    8596       1
    8597   5.780   -74.20013    0.00000    0.00000    8597       1
    8598   5.781   -74.20012    0.00000    0.00000    8598       1
    8599   5.782   -74.20012    0.00000    0.00000    8599       2
    8600   5.782   -74.20012    0.00000    0.00000    8600       4
    8601   5.783   -74.20012    0.00000    0.00000    8601       1
    8602   5.784   -74.20012    0.00000    0.00000    8602       7
    8603   5.785   -74.20012    0.00000    0.00000    8603       5
    8604   5.786   -74.20012    0.00000    0.00000    8604       2
    8605   5.787   -74.20012    0.00000    0.00000    8605       3
    8606   5.787   -74.20011    0.00000    0.00000    8606       2
    8607   5.787   -74.20011    0.00000    0.00000    8607       2
    8608   5.787   -74.20011    0.00000    0.00000    8608       1
    8609   5.788   -74.20011    0.00000    0.00000    8609       2
    8610   5.790   -74.20011    0.00000    0.00000    8610       8
    8611   5.792   -74.20011    0.00000    0.00000    8611       3
    8612   5.793   -74.20011    0.00000    0.00000    8612       1
    8613   5.793   -74.20011    0.00000    0.00000    8613       3
    8614   5.794   -74.20010    0.00000    0.00000    8614       2
    8615   5.794   -74.20010    0.00000    0.00000    8615       1
    8616   5.782   -74.20012    0.00000    0.00000    8616       1
    8617   5.795   -74.20010    0.00000    0.00000    8617       6
    8618   5.782   -74.20012    0.00000    0.00000    8618       1
    8619   5.802   -74.20009    0.00000    0.00000    8619       1
    8620   5.796   -74.20010    0.00000    0.00000    8620       4
    8621   5.804   -74.20009    0.00000    0.00000    8621       2
    8622   5.804   -74.20009    0.00000    0.00000    8622       1
    8623   5.805   -74.20009    0.00000    0.00000    8623       2
    8624   5.806   -74.20008    0.00000    0.00000    8624       1
    8625   5.807   -74.20008    0.00000    0.00000    8625       1
    8626   5.797   -74.20010    0.00000    0.00000    8626       1
    8627   5.807   -74.20008    0.00000    0.00000    8627       1
    8628   5.807   -74.20008    0.00000    0.00000    8628       1
    8629   5.807   -74.20008    0.00000    0.00000    8629       1
    8630   5.767   -74.20015    0.00000    0.00000    8630       2
    8631   5.808   -74.20008    0.00000    0.00000    8631       1
    8632   5.808   -74.20008    0.00000    0.00000    8632       1
    8633   5.767   -74.20015    0.00000    0.00000    8633       1
    8634   5.809   -74.20008    0.00000    0.00000    8634       1
    8635   5.809   -74.20008    0.00000    0.00000    8635       2
    8636   5.809   -74.20008    0.00000    0.00000    8636       1
    8637   5.809   -74.20008    0.00000    0.00000    8637       1
    8638   5.808   -74.20008    0.00000    0.00000    8638       2
    8639   5.810   -74.20008    0.00000    0.00000    8639       1
    8640   5.810   -74.20008    0.00000    0.00000    8640       1
    8641   5.810   -74.20008    0.00000    0.00000    8641       5
    8642   5.811   -74.20008    0.00000    0.00000    8642       1
    8643   5.811   -74.20008    0.00000    0.00000    8643       1
    8644   5.812   -74.20007    0.00000    0.00000    8644       1
    8645   5.813   -74.20007    0.00000    0.00000    8645       5
    8646   5.815   -74.20007    0.00000    0.00000    8646       5
    8647   5.815   -74.20007    0.00000    0.00000    8647       3
    8648   5.811   -74.20008    0.00000    0.00000    8648       1
    8649   5.816   -74.20007    0.00000    0.00000    8649       2
    8650   5.816   -74.20007    0.00000    0.00000    8650       1
    8651   5.817   -74.20007    0.00000    0.00000    8651       3
    8652   5.818   -74.20007    0.00000    0.00000    8652       1
    8653   5.819   -74.20006    0.00000    0.00000    8653       1
    8654   5.819   -74.20006    0.00000    0.00000    8654       1
    8655   5.818   -74.20007    0.00000    0.00000    8655       3
    8656   5.821   -74.20006    0.00000    0.00000    8656       5
    8657   5.803   -74.20009    0.00000    0.00000    8657       5
    8658   5.823   -74.20006    0.00000    0.00000    8658       1
    8659   5.823   -74.20006    0.00000    0.00000    8659       1
    8660   5.817   -74.20007    0.00000    0.00000    8660       1
    8661   5.823   -74.20006    0.00000    0.00000    8661       1
    8662   5.824   -74.20006    0.00000    0.00000    8662       1
    8663   5.825   -74.20005    0.00000    0.00000    8663       1
    8664   5.824   -74.20006    0.00000    0.00000    8664       2
    8665   5.825   -74.20005    0.00000    0.00000    8665       3
    8666   5.825   -74.20005    0.00000    0.00000    8666       1
    8667   5.825   -74.20005    0.00000    0.00000    8667       3
    8668   5.825   -74.20005    0.00000    0.00000    8668       2
    8669   5.825   -74.20005    0.00000    0.00000    8669       1
    8670   5.826   -74.20005    0.00000    0.00000    8670       1
    8671   5.826   -74.20005    0.00000    0.00000    8671      10
    8672   5.829   -74.20005    0.00000    0.00000    8672       2
    8673   5.831   -74.20004    0.00000    0.00000    8673       2
    8674   5.827   -74.20005    0.00000    0.00000    8674       4
    8675   5.827   -74.20005    0.00000    0.00000    8675       1
    8676   5.834   -74.20004    0.00000    0.00000    8676       1
    8677   5.835   -74.20004    0.00000    0.00000    8677       1
    8678   5.835   -74.20004    0.00000    0.00000    8678       3
    8679   5.825   -74.20005    0.00000    0.00000    8679       3
    8680   5.836   -74.20004    0.00000    0.00000    8680       1
    8681   5.836   -74.20004    0.00000    0.00000    8681       1
    8682   5.838   -74.20003    0.00000    0.00000    8682       1
    8683   5.838   -74.20003    0.00000    0.00000    8683       2
    8684   5.839   -74.20003    0.00000    0.00000    8684       3
    8685   5.840   -74.20003    0.00000    0.00000    8685       1
    8686   5.837   -74.20003    0.00000    0.00000    8686       1
    8687   5.818   -74.20007    0.00000    0.00000    8687       4
    8688   5.840   -74.20003    0.00000    0.00000    8688       1
    8689   5.840   -74.20003    0.00000    0.00000    8689       2
    8690   5.842   -74.20003    0.00000    0.00000    8690       9
    8691   5.843   -74.20003    0.00000    0.00000    8691       5
    8692   5.843   -74.20003    0.00000    0.00000    8692       1
    8693   5.846   -74.20002    0.00000    0.00000    8693       1
    8694   5.846   -74.20002    0.00000    0.00000    8694       2
    8695   5.840   -74.20003    0.00000    0.00000    8695       1
    8696   5.846   -74.20002    0.00000    0.00000    8696       1
    8697   5.846   -74.20002    0.00000    0.00000    8697       1
    8698   5.842   -74.20003    0.00000    0.00000    8698       3
    8699   5.847   -74.20002    0.00000    0.00000    8699       2
    8700   5.849   -74.20001    0.00000    0.00000    8700       1
    8701   5.851   -74.20001    0.00000    0.00000    8701       1
    8702   5.847   -74.20002    0.00000    0.00000    8702       2
    8703   5.853   -74.20001    0.00000    0.00000    8703       2
    8704   5.853   -74.20001    0.00000    0.00000    8704       2
    8705   5.855   -74.20001    0.00000    0.00000    8705       1
    8706   5.842   -74.20003    0.00000    0.00000    8706       2
    8707   5.855   -74.20001    0.00000    0.00000    8707       1
    8708   5.842   -74.20003    0.00000    0.00000    8708       5
    8709   5.857   -74.20000    0.00000    0.00000    8709       1
    8710   5.857   -74.20000    0.00000    0.00000    8710       1
    8711   5.857   -74.20000    0.00000    0.00000    8711       2
    8712   5.858   -74.20000    0.00000    0.00000    8712       1
    8713   5.859   -74.20000    0.00000    0.00000    8713       2
    8714   5.858   -74.20000    0.00000    0.00000    8714       6
    8715   5.859   -74.20000    0.00000    0.00000    8715       2
    8716   5.862   -74.20000    0.00000    0.00000    8716       2
    8717   5.862   -74.20000    0.00000    0.00000    8717       2
    8718   5.862   -74.19999    0.00000    0.00000    8718       1
    8719   5.862   -74.19999    0.00000    0.00000    8719       1
    8720   5.863   -74.19999    0.00000    0.00000    8720       4
    8721   5.863   -74.19999    0.00000    0.00000    8721       1
    8722   5.863   -74.19999    0.00000    0.00000    8722       1
    8723   5.863   -74.19999    0.00000    0.00000    8723       1
    8724   5.864   -74.19999    0.00000    0.00000    8724       6
    8725   5.859   -74.20000    0.00000    0.00000    8725       2
    8726   5.845   -74.20002    0.00000    0.00000    8726       1
    8727   5.867   -74.19999    0.00000    0.00000    8727       2
    8728   5.870   -74.19998    0.00000    0.00000    8728       7
    8729   5.838   -74.20003    0.00000    0.00000    8729       5
    8730   5.874   -74.19998    0.00000    0.00000    8730       1
    8731   5.874   -74.19998    0.00000    0.00000    8731       1
    8732   5.874   -74.19998    0.00000    0.00000    8732       4
    8733   5.879   -74.19997    0.00000    0.00000    8733       2
    8734   5.879   -74.19997    0.00000    0.00000    8734       1
    8735   5.876   -74.19997    0.00000    0.00000    8735       2
    8736   5.880   -74.19997    0.00000    0.00000    8736       1
    8737   5.880   -74.19997    0.00000    0.00000    8737       1
    8738   5.880   -74.19997    0.00000    0.00000    8738       1
    8739   5.880   -74.19997    0.00000    0.00000    8739       1
    8740   5.881   -74.19996    0.00000    0.00000    8740       2
    8741   5.881   -74.19996    0.00000    0.00000    8741       1
    8742   5.881   -74.19996    0.00000    0.00000    8742       1
    8743   5.881   -74.19996    0.00000    0.00000    8743       1
    8744   5.881   -74.19996    0.00000    0.00000    8744       1
    8745   5.882   -74.19996    0.00000    0.00000    8745       1
    8746   5.882   -74.19996    0.00000    0.00000    8746       3
    8747   5.882   -74.19996    0.00000    0.00000    8747       1
    8748   5.882   -74.19996    0.00000    0.00000    8748       1
    8749   5.855   -74.20001    0.00000    0.00000    8749       1
    8750   5.883   -74.19996    0.00000    0.00000    8750       5
    8751   5.884   -74.19996    0.00000    0.00000    8751       1
    8752   5.882   -74.19996    0.00000    0.00000    8752       2
    8753   5.873   -74.19998    0.00000    0.00000    8753       1
    8754   5.884   -74.19996    0.00000    0.00000    8754       1
    8755   5.885   -74.19996    0.00000    0.00000    8755       1
    8756   5.885   -74.19996    0.00000    0.00000    8756       2
    8757   5.885   -74.19996    0.00000    0.00000    8757       1
    8758   5.886   -74.19996    0.00000    0.00000    8758       1
    8759   5.887   -74.19996    0.00000    0.00000    8759       2
    8760   5.869   -74.19998    0.00000    0.00000    8760       1
    8761   5.887   -74.19995    0.00000    0.00000    8761       1
    8762   5.887   -74.19995    0.00000    0.00000    8762       4
    8763   5.887   -74.19996    0.00000    0.00000    8763       1
    8764   5.889   -74.19995    0.00000    0.00000    8764       2
    8765   5.887   -74.19996    0.00000    0.00000    8765       1
    8766   5.891   -74.19995    0.00000    0.00000    8766       1
    8767   5.891   -74.19995    0.00000    0.00000    8767       1
    8768   5.891   -74.19995    0.00000    0.00000    8768       1
    8769   5.887   -74.19995    0.00000    0.00000    8769       3
    8770   5.892   -74.19995    0.00000    0.00000    8770       2
    8771   5.892   -74.19995    0.00000    0.00000    8771       1
    8772   5.892   -74.19995    0.00000    0.00000    8772       1
    8773   5.892   -74.19995    0.00000    0.00000    8773       4
    8774   5.893   -74.19995    0.00000    0.00000    8774       1
    8775   5.893   -74.19995    0.00000    0.00000    8775       1
    8776   5.895   -74.19994    0.00000    0.00000    8776       1
    8777   5.896   -74.19994    0.00000    0.00000    8777       2
    8778   5.896   -74.19994    0.00000    0.00000    8778       3
    8779   5.896   -74.19994    0.00000    0.00000    8779       1
    8780   5.899   -74.19994    0.00000    0.00000    8780       2
    8781   5.896   -74.19994    0.00000    0.00000    8781       1
    8782   5.899   -74.19994    0.00000    0.00000    8782       3
    8783   5.863   -74.19999    0.00000    0.00000    8783       1
    8784   5.890   -74.19995    0.00000    0.00000    8784       2
    8785   5.900   -74.19993    0.00000    0.00000    8785       1
    8786   5.900   -74.19993    0.00000    0.00000    8786       2
    8787   5.863   -74.19999    0.00000    0.00000    8787       1
    8788   5.884   -74.19996    0.00000    0.00000    8788       4
    8789   5.901   -74.19993    0.00000    0.00000    8789       1
    8790   5.901   -74.19993    0.00000    0.00000    8790       1
    8791   5.902   -74.19993    0.00000    0.00000    8791       3
    8792   5.903   -74.19993    0.00000    0.00000    8792       2
    8793   5.903   -74.19993    0.00000    0.00000    8793       2
    8794   5.903   -74.19993    0.00000    0.00000    8794       2
    8795   5.905   -74.19993    0.00000    0.00000    8795       1
    8796   5.905   -74.19993    0.00000    0.00000    8796       1
    8797   5.903   -74.19993    0.00000    0.00000    8797       9
    8798   5.891   -74.19995    0.00000    0.00000    8798       5
    8799   5.910   -74.19992    0.00000    0.00000    8799       2
    8800   5.911   -74.19992    0.00000    0.00000    8800       3
    8801   5.902   -74.19993    0.00000    0.00000    8801       2
    8802   5.912   -74.19992    0.00000    0.00000    8802       2
    8803   5.914   -74.19991    0.00000    0.00000    8803       1
    8804   5.914   -74.19991    0.00000    0.00000    8804       2
    8805   5.915   -74.19991    0.00000    0.00000    8805       2
    8806   5.917   -74.19991    0.00000    0.00000    8806       1
    8807   5.918   -74.19990    0.00000    0.00000    8807       1
    8808   5.919   -74.19990    0.00000    0.00000    8808       1
    8809   5.919   -74.19990    0.00000    0.00000    8809       3
    8810   5.919   -74.19990    0.00000    0.00000    8810       1
    8811   5.919   -74.19990    0.00000    0.00000    8811       5
    8812   5.921   -74.19990    0.00000    0.00000    8812       1
    8813   5.923   -74.19990    0.00000    0.00000    8813       2
    8814   5.924   -74.19990    0.00000    0.00000    8814       3
    8815   5.925   -74.19989    0.00000    0.00000    8815       1
    8816   5.926   -74.19989    0.00000    0.00000    8816       2
    8817   5.922   -74.19990    0.00000    0.00000    8817       3
    8818   5.929   -74.19989    0.00000    0.00000    8818       1
    8819   5.929   -74.19989    0.00000    0.00000    8819       4
    8820   5.934   -74.19988    0.00000    0.00000    8820       5
    8821   5.930   -74.19989    0.00000    0.00000    8821       1
    8822   5.931   -74.19989    0.00000    0.00000    8822       1
    8823   5.935   -74.19988    0.00000    0.00000    8823       1
    8824   5.936   -74.19988    0.00000    0.00000    8824       5
    8825   5.937   -74.19988    0.00000    0.00000    8825       1
    8826   5.931   -74.19988    0.00000    0.00000    8826       1
    8827   5.938   -74.19987    0.00000    0.00000    8827       1
    8828   5.938   -74.19987    0.00000    0.00000    8828       1
    8829   5.940   -74.19987    0.00000    0.00000    8829       4
    8830   5.941   -74.19987    0.00000    0.00000    8830       1
    8831   5.940   -74.19987    0.00000    0.00000    8831       7
    8832   5.945   -74.19986    0.00000    0.00000    8832       3
    8833   5.942   -74.19987    0.00000    0.00000    8833       1
    8834   5.943   -74.19987    0.00000    0.00000    8834       1
    8835   5.946   -74.19986    0.00000    0.00000    8835       3
    8836   5.946   -74.19986    0.00000    0.00000    8836       1
    8837   5.947   -74.19986    0.00000    0.00000    8837       4
    8838   5.942   -74.19987    0.00000    0.00000    8838       1
    8839   5.946   -74.19986    0.00000    0.00000    8839       1
    8840   5.948   -74.19986    0.00000    0.00000    8840       1
    8841   5.942   -74.19987    0.00000    0.00000    8841       1
    8842   5.949   -74.19986    0.00000    0.00000    8842       1
    8843   5.949   -74.19986    0.00000    0.00000    8843       1
    8844   5.950   -74.19985    0.00000    0.00000    8844       2
    8845   5.952   -74.19985    0.00000    0.00000    8845       1
    8846   5.954   -74.19985    0.00000    0.00000    8846       1
    8847   5.954   -74.19985    0.00000    0.00000    8847       1
    8848   5.954   -74.19985    0.00000    0.00000    8848       4
    8849   5.954   -74.19985    0.00000    0.00000    8849       2
    8850   5.954   -74.19985    0.00000    0.00000    8850       3
    8851   5.958   -74.19984    0.00000    0.00000    8851       1
    8852   5.959   -74.19984    0.00000    0.00000    8852       1
    8853   5.959   -74.19984    0.00000    0.00000    8853       2
    8854   5.962   -74.19984    0.00000    0.00000    8854       3
    8855   5.963   -74.19983    0.00000    0.00000    8855       2
    8856   5.963   -74.19983    0.00000    0.00000    8856       1
    8857   5.963   -74.19983    0.00000    0.00000    8857       1
    8858   5.964   -74.19983    0.00000    0.00000    8858       3
    8859   5.965   -74.19983    0.00000    0.00000    8859       2
    8860   5.965   -74.19983    0.00000    0.00000    8860       1
    8861   5.965   -74.19983    0.00000    0.00000    8861       1
    8862   5.964   -74.19983    0.00000    0.00000    8862       1
    8863   5.965   -74.19983    0.00000    0.00000    8863       1
    8864   5.965   -74.19983    0.00000    0.00000    8864       2
    8865   5.966   -74.19983    0.00000    0.00000    8865       2
    8866   5.967   -74.19983    0.00000    0.00000    8866       1
    8867   5.968   -74.19983    0.00000    0.00000    8867       1
    8868   5.969   -74.19982    0.00000    0.00000    8868       1
    8869   5.969   -74.19982    0.00000    0.00000    8869       1
    8870   5.971   -74.19982    0.00000    0.00000    8870       1
    8871   5.971   -74.19982    0.00000    0.00000    8871       2
    8872   5.972   -74.19982    0.00000    0.00000    8872       1
    8873   5.972   -74.19982    0.00000    0.00000    8873       1
    8874   5.972   -74.19982    0.00000    0.00000    8874       2
    8875   5.972   -74.19982    0.00000    0.00000    8875       8
    8876   5.975   -74.19981    0.00000    0.00000    8876       1
    8877   5.976   -74.19981    0.00000    0.00000    8877       8
    8878   5.979   -74.19981    0.00000    0.00000    8878       5
    8879   5.980   -74.19981    0.00000    0.00000    8879       2
    8880   5.980   -74.19981    0.00000    0.00000    8880       3
    8881   5.981   -74.19980    0.00000    0.00000    8881       1
    8882   5.975   -74.19981    0.00000    0.00000    8882       3
    8883   5.983   -74.19980    0.00000    0.00000    8883       1
    8884   5.983   -74.19980    0.00000    0.00000    8884       3
    8885   5.984   -74.19980    0.00000    0.00000    8885       1
    8886   5.984   -74.19980    0.00000    0.00000    8886       1
    8887   5.984   -74.19980    0.00000    0.00000    8887       1
    8888   5.984   -74.19980    0.00000    0.00000    8888       5
    8889   5.984   -74.19980    0.00000    0.00000    8889       1
    8890   5.985   -74.19980    0.00000    0.00000    8890       1
    8891   5.985   -74.19980    0.00000    0.00000    8891       1
    8892   5.985   -74.19980    0.00000    0.00000    8892       1
    8893   5.985   -74.19980    0.00000    0.00000    8893       2
    8894   5.986   -74.19980    0.00000    0.00000    8894       4
    8895   5.986   -74.19980    0.00000    0.00000    8895      13
    8896   5.991   -74.19979    0.00000    0.00000    8896       2
    8897   5.991   -74.19979    0.00000    0.00000    8897       1
    8898   5.991   -74.19979    0.00000    0.00000    8898       2
    8899   5.992   -74.19979    0.00000    0.00000    8899       1
    8900   5.988   -74.19979    0.00000    0.00000    8900       1
    8901   5.992   -74.19979    0.00000    0.00000    8901       1
    8902   5.994   -74.19978    0.00000    0.00000    8902       1
    8903   5.994   -74.19978    0.00000    0.00000    8903       1
    8904   5.994   -74.19978    0.00000    0.00000    8904       1
    8905   5.994   -74.19978    0.00000    0.00000    8905       1
    8906   5.994   -74.19978    0.00000    0.00000    8906       1
    8907   5.996   -74.19978    0.00000    0.00000    8907       4
    8908   5.996   -74.19978    0.00000    0.00000    8908       1
    8909   5.997   -74.19978    0.00000    0.00000    8909       1
    8910   5.997   -74.19978    0.00000    0.00000    8910       1
    8911   5.996   -74.19978    0.00000    0.00000    8911       3
    8912   5.997   -74.19978    0.00000    0.00000    8912       2
    8913   5.998   -74.19978    0.00000    0.00000    8913       1
    8914   5.996   -74.19978    0.00000    0.00000    8914       1
    8915   5.998   -74.19978    0.00000    0.00000    8915       2
    8916   5.985   -74.19980    0.00000    0.00000    8916       1
    8917   5.999   -74.19978    0.00000    0.00000    8917       4
    8918   5.999   -74.19978    0.00000    0.00000    8918       1
    8919   6.000   -74.19978    0.00000    0.00000    8919       1
    8920   5.999   -74.19978    0.00000    0.00000    8920       1
T /K                                  :   298.15
E lowest                              :   -74.20934
ensemble average energy (kcal)        :    1.061
ensemble entropy (J/mol K, cal/mol K) :   85.028   20.322
ensemble free energy (kcal/mol)       :   -6.059
population of lowest in %             :    2.143
 number of unique conformers for further calc         8920
 list of relative energies saved as "crest.energies"
 compare nuclear equivalencies ...
::::::::::: conformer group all :::::::::::
 chemical equivalencies (mag.active nuclei):
reference atom   5 # : 3
reference atom  12 # : 3
reference atom  26 # : 3
reference atom  36 # : 2
reference atom  44 # : 3
 magnetic equivalencies:
reference atom   5 # : 3
reference atom  12 # : 3
reference atom  26 # : 3
reference atom  44 # : 3

******************************************************************************************
**                           ENSEMBLE ENTROPY CALCULATION                               **
******************************************************************************************
======================================================
 Containing 4407 conformers :
     H(298.15K)-H(0) (conf)      1.418497
                   Cp(conf)      3.067364
                    S(conf)     13.592007
======================================================
 Containing 5029 conformers :
     H(298.15K)-H(0) (conf)      1.453706
                   Cp(conf)      3.035561
                    S(conf)     13.900825
======================================================
 Containing 5521 conformers :
     H(298.15K)-H(0) (conf)      1.459050
                   Cp(conf)      3.082310
                    S(conf)     14.076815
======================================================
 Containing 5911 conformers :
     H(298.15K)-H(0) (conf)      1.467283
                   Cp(conf)      3.211781
                    S(conf)     14.172971
======================================================
 Containing 6302 conformers :
     H(298.15K)-H(0) (conf)      1.476379
                   Cp(conf)      3.283568
                    S(conf)     14.282713
======================================================
 Containing 6562 conformers :
     H(298.15K)-H(0) (conf)      1.495760
                   Cp(conf)      3.323156
                    S(conf)     14.347374
======================================================
 Containing 6799 conformers :
     H(298.15K)-H(0) (conf)      1.517976
                   Cp(conf)      3.406234
                    S(conf)     14.387353
======================================================
 Containing 7090 conformers :
     H(298.15K)-H(0) (conf)      1.530869
                   Cp(conf)      3.484687
                    S(conf)     14.435994
======================================================
 Containing 7326 conformers :
     H(298.15K)-H(0) (conf)      1.543154
                   Cp(conf)      3.495164
                    S(conf)     14.470207
======================================================
 Containing 7532 conformers :
     H(298.15K)-H(0) (conf)      1.557946
                   Cp(conf)      3.551849
                    S(conf)     14.493848
======================================================
 Containing 7755 conformers :
     H(298.15K)-H(0) (conf)      1.562520
                   Cp(conf)      3.631479
                    S(conf)     14.510409
======================================================
 Containing 7943 conformers :
     H(298.15K)-H(0) (conf)      1.575537
                   Cp(conf)      3.671523
                    S(conf)     14.540054
======================================================
 Containing 8156 conformers :
     H(298.15K)-H(0) (conf)      1.578106
                   Cp(conf)      3.725114
                    S(conf)     14.563132
======================================================
 Containing 8360 conformers :
     H(298.15K)-H(0) (conf)      1.582734
                   Cp(conf)      3.797304
                    S(conf)     14.582743
======================================================
 Containing 8575 conformers :
     H(298.15K)-H(0) (conf)      1.592103
                   Cp(conf)      3.827320
                    S(conf)     14.605613
======================================================
 Containing 8770 conformers :
     H(298.15K)-H(0) (conf)      1.597430
                   Cp(conf)      3.867292
                    S(conf)     14.627595
======================================================
 Containing 8920 conformers :
     H(298.15K)-H(0) (conf)      1.604234
                   Cp(conf)      3.924488
                    S(conf)     14.642684
======================================================

 --------------------------------------
 FINAL CALCULATION OF MOLECULAR ENTROPY
 --------------------------------------

   block      Siter   Siter (fit) 
        1    0.309    0.321
        2    0.485    0.479
        3    0.581    0.590
        4    0.691    0.674
        5    0.755    0.741
        6    0.795    0.795
        7    0.844    0.840
        8    0.878    0.878
        9    0.902    0.909
       10    0.918    0.936
       11    0.948    0.959
       12    0.971    0.979
       13    0.991    0.996
       14    1.014    1.011
       15    1.036    1.025
       16    1.051    1.036
R²       :    0.999795
FINAL ENTROPY (extrapol.)  :     14.72596

 ----------------------------------
 Frequency Calculation and Averages
 ----------------------------------
 Nconf on file      : 8920
 Taken for Hessians : 1521 (= 90.01% total population)
 T range  /K    :   278.15   378.15
 scaling factor :          1.000000     
 rotor cutoff   :         25.000000 cm⁻¹
 imag. cutoff   :        -50.000000 cm⁻¹

 Running 1521 calculations ...
 |>0.1% |>7.6% |>15.1% |>22.6% |>30.0% |>37.5% |>45.0% |>52.5% |>60.0% |>67.5% |>75.0% |>82.5% |>90.0% |>97.5% |>100.0%
 done.
 calculating averages for G and S ...    done.
 calculating Boltzmann weights ...       done.
 calculating reference S (bhess) ... > bhess not implemented for calculator routines
    done.
 calculating δSrrho ...                  done.

 Coordinates for the bhess reference structure (Ångström):
 -----------------------------------------------------------
  50

 O         -1.3794359656        1.4749895944        0.8238911340
 C         -1.2814521641        2.0977322673       -0.4623211886
 C         -1.2843452061        3.6178579173       -0.2403618663
 C         -0.0488356372        4.0871377231        0.5241172947
 H          0.8617225497        3.8364620212       -0.0219198576
 H         -0.0831523019        5.1679790149        0.6627858152
 H         -0.0122057509        3.6133443532        1.5052156436
 H         -2.1803084156        3.8924573844        0.3231091048
 H         -1.3285260292        4.1142638648       -1.2143783371
 C         -2.4447641231        1.6612467125       -1.3720522303
 C         -3.8086797321        1.8347067636       -0.7057490867
 H         -4.5860268898        1.3926696186       -1.3292651437
 H         -4.0447652957        2.8887608077       -0.5565840870
 H         -3.8150963721        1.3377662650        0.2654325630
 H         -2.3128997846        0.6107958052       -1.6431363946
 H         -2.4001543891        2.2468939857       -2.2952191392
 H         -0.3311791120        1.8031903651       -0.9392486612
 C         -0.5748438681        0.3546389185        1.1072788085
 C          0.8926992826        0.6066794417        0.8855121390
 C          1.7529227110       -0.3394319115        0.5020551332
 C          3.1818462498        0.0409172432        0.3197901406
 O          3.6184362449        1.1447844241        0.5385769619
 O          3.9251942923       -0.9800661635       -0.1175849871
 C          5.3175981983       -0.7200664319       -0.3430860514
 C          5.5229046032        0.0369883745       -1.6484238199
 H          6.5896731146        0.1545480907       -1.8349443448
 H          5.0622525916        1.0216650988       -1.5853713437
 H          5.0738027008       -0.5117815777       -2.4756503355
 H          5.7163293182       -0.1456848790        0.5024008992
 H          5.7996568116       -1.7018239797       -0.3797315589
 C          1.3542178796       -1.7597517835        0.2097058693
 H          1.4105601253       -1.9278159731       -0.8717689514
 H          2.0651012696       -2.4499270203        0.6725591966
 C         -0.0613227465       -2.0754990278        0.7035928350
 N         -0.5105564946       -3.3180214405        0.1012043550
 H         -0.6947226243       -3.1579200293       -0.8858072726
 H         -1.3934578192       -3.5826310249        0.5253585162
 H         -0.0532020907       -2.2085249427        1.7942588336
 C         -1.0019548745       -0.9066975769        0.3378327810
 N         -2.3835898426       -1.2245300449        0.6682890822
 C         -3.2074560347       -1.7265070707       -0.2826509922
 O         -2.8206118212       -2.0546865003       -1.3868642924
 C         -4.6461117466       -1.8721183967        0.1684430827
 H         -4.7007777899       -2.5633030420        1.0086275876
 H         -5.0417903683       -0.9081286737        0.4850237127
 H         -5.2406496450       -2.2566712174       -0.6569534002
 H         -2.7622270932       -0.8407369065        1.5192033736
 H         -0.9480458150       -0.7399532304       -0.7447573127
 H          1.2475358773        1.6138755644        1.0771786775
 H         -0.7306394196        0.1724683502        2.1850945892
 -----------------------------------------------------------
 as read from <coord>
 Heavy-atom RMSD between lowest conformer and this reference :
 RMSD(heavy) =        0.001995 Å

 msRRHO(bhess) reference entropies:
      278.15        170.964818
      288.15        174.189096
      298.15        177.393419
      308.15        180.579526
      318.15        183.748831
      328.15        186.902455
      338.15        190.041267
      348.15        193.165921
      358.15        196.276886
      368.15        199.374475
      378.15        202.458873

       T/K  |S(T)|/cal/molK       |G(T)|/Eh     G_lowest/Eh    (conf)
   -----------------------------------------------------------------
    278.15    0.172709E+03    0.374129E+00      -73.834672        19
    288.15    0.175910E+03    0.371395E+00      -73.837425        19
    298.15    0.179090E+03    0.368609E+00      -73.840229        19
    308.15    0.182252E+03    0.365773E+00      -73.843084        19
    318.15    0.185397E+03    0.362887E+00      -73.845990        19
    328.15    0.188525E+03    0.359951E+00      -73.848946        19
    338.15    0.191639E+03    0.356966E+00      -73.851952        19
    348.15    0.194739E+03    0.353931E+00      -73.855007        19
    358.15    0.197825E+03    0.350846E+00      -73.858113        19
    368.15    0.200898E+03    0.347713E+00      -73.861267        19
    378.15    0.203958E+03    0.344530E+00      -73.864471        19
   -----------------------------------------------------------------
   NOTE: if |G(T)| is the averaged contributrion to the free energy.
   |G(T)| used only for the higher-energetic structures (n > 1521).
   All other structures use G(T) from the respective Hessian calculations.

 Quantities calculated on free energies:
       T/K          δSrrho           Cp(T)     [H(T)-H(0)]
   -------------------------------------------------------
    278.15    0.174377E+01    0.320412E+01        1.224783
    288.15    0.172052E+01    0.315141E+01        1.262560
    298.15    0.169666E+01    0.310034E+01        1.299749
    308.15    0.167234E+01    0.305059E+01        1.336389
    318.15    0.164772E+01    0.300189E+01        1.372511
    328.15    0.162290E+01    0.295406E+01        1.408144
    338.15    0.159799E+01    0.290696E+01        1.443313
    348.15    0.157307E+01    0.286051E+01        1.478041
    358.15    0.154820E+01    0.281465E+01        1.512347
    368.15    0.152344E+01    0.276934E+01        1.546249
    378.15    0.149884E+01    0.272456E+01        1.579763
   -------------------------------------------------------
   NOTE: δSrrho(T) = |S(T)| - Sref(T)

 ----------------------
 TEMPERATURE DEPENDENCE
 ----------------------

 Final CONFORMATIONAL quantities at given T:
       T/K        S(total)           Cp(T)     [H(T)-H(0)]        G(total)
   -----------------------------------------------------------------------
    278.15       16.123787        3.204120        1.224783       -3.260048
    288.15       16.281518        3.151406        1.262560       -3.428959
    298.15       16.422618        3.100343        1.299749       -3.596654
    308.15       16.564228        3.050589        1.336389       -3.767878
    318.15       16.689175        3.001889        1.372511       -3.937150
    328.15       16.806742        2.954058        1.408144       -4.106989
    338.15       16.928155        2.906963        1.443313       -4.280943
    348.15       17.033044        2.860514        1.478041       -4.452013
    358.15       17.131967        2.814652        1.512347       -4.623467
    368.15       17.225226        2.769341        1.546249       -4.795218
    378.15       17.313314        2.724565        1.579763       -4.967267
   -----------------------------------------------------------------------
   S and Cp in cal/mol*K; H and G in kcal/mol
   G(total) is the ensemble free energy (H-T*S) and S(total) = S(conf,extrapol.) + δSrrho

 ----------------------------------------------------
 |      FINAL MOLECULAR ENTROPY AT T= 298.15 K      |
 ----------------------------------------------------
     Sconf   =         14.725962
   + δSrrho  =          1.696656
 -----------------------------------------------------
 = S(total)  =         16.422618  (cal mol⁻¹ K⁻¹)

   H(T)-H(0) =          1.299749
   G         =         -4.896404   (-T*S)
 -----------------------------------------------------
 = G(total)  =         -3.596654  (H-T*S) (kcal mol⁻¹)

   Cp(total) =          3.100343  (cal mol⁻¹ K⁻¹)


 -----------------
 Wall Time Summary
 -----------------
 CREST runtime (total)               1 d,  6 h, 37 min, 16.041 sec
 ------------------------------------------------------------------
 Trial metadynamics (MTD)   ...        0 min, 10.567 sec (  0.010%)
 Metadynamics (MTD)         ...       26 min, 32.347 sec (  1.444%)
 Geometry optimization      ...     1424 min, 34.117 sec ( 77.537%)
 Static metadynamics (sMTD) ...      328 min, 56.439 sec ( 17.904%)
 Conf. entropy evaluation   ...       24 min, 33.120 sec (  1.336%)
 I/O and setup              ...       32 min, 29.450 sec (  1.768%)
 ------------------------------------------------------------------
 * wall-time:     1 d,  6 h, 37 min, 16.041 sec
 *  cpu-time:    19 d,  5 h, 41 min, 12.746 sec
 * ratio c/w:    15.077 speedup
 ------------------------------------------------------------------
 * Total number of energy+grad calls: 30008376

 CREST terminated normally.
