
       ╔════════════════════════════════════════════════╗
       ║                                                ║
       ║     ██████╗██████╗ ███████╗███████╗████████╗   ║
       ║    ██╔════╝██╔══██╗██╔════╝██╔════╝╚══██╔══╝   ║
       ║    ██║     ██████╔╝█████╗  ███████╗   ██║      ║
       ║    ██║     ██╔══██╗██╔══╝  ╚════██║   ██║      ║
       ║    ╚██████╗██║  ██║███████╗███████║   ██║      ║
       ║     ╚═════╝╚═╝  ╚═╝╚══════╝╚══════╝   ╚═╝      ║
       ║                                                ║
       ║    Conformer-Rotamer Ensemble Sampling Tool    ║
       ║            based on the xTB methods            ║
       ║                                                ║
       ╚════════════════════════════════════════════════╝
        Version 3.0.2, Mon, 29 September 16:25:59, 09/29/2025
        commit (c39758d) compiled by 'andrey@PC1'

   Cite work conducted with this code as

   • P.Pracht, F.Bohle, S.Grimme, PCCP, 2020, 22, 7169-7192.
   • S.Grimme, JCTC, 2019, 15, 2847-2862.
   • P.Pracht, S.Grimme, C.Bannwarth, F.Bohle, S.Ehlert,
     G.Feldmann, J.Gorges, M.Müller, T.Neudecker, C.Plett,
     S.Spicher, P.Steinbach, P.Wesołowski, F.Zeller,
     J. Chem. Phys., 2024, 160, 114110.

   for works involving QCG cite

   • S.Spicher, C.Plett, P.Pracht, A.Hansen, S.Grimme,
     JCTC, 2022, 18 (5), 3174-3189.
   • C.Plett, S. Grimme,
     Angew. Chem. Int. Ed. 2023, 62, e202214477.

   for works involving MECP screening cite

   • P.Pracht, C.Bannwarth, JCTC, 2022, 18 (10), 6370-6385.

   Original code
     P.Pracht, S.Grimme, Universität Bonn, MCTC
   with help from (alphabetical order):
     C.Bannwarth, F.Bohle, S.Ehlert, G.Feldmann, J.Gorges,
     S.Grimme, C.Plett, P.Pracht, S.Spicher, P.Steinbach,
     P.Wesolowski, F.Zeller

   Online documentation is available at
   https://crest-lab.github.io/crest-docs/

   This program is distributed in the hope that it will be useful,
   but WITHOUT ANY WARRANTY; without even the implied warranty of
   MERCHANTABILITY or FITNESS FOR A PARTICULAR PURPOSE. See the
   GNU Lesser General Public License (LGPL) for more details.

 Command line input:
 $ ./crest m1_00_Esomeprazole_best.xyz --T 16 --entropy --gfn2 --chrg 0

  --T 16 (CPUs/Threads selected)
  --entropy : enhanced ensemble entropy calculation
  --gfn2               : Use of GFN2-xTB requested.
  --chrg 0

> Setting up backup calculator ... done.
 ----------------
 Calculation info
 ----------------
> User-defined calculation level:
 : xTB calculation via tblite lib
 : GFN2-xTB level
 :   Molecular charge    : 0
 :   Fermi temperature   : 300.00000
 :   Accuracy            : 1.00000
 :   max SCC cycles      : 500


 -----------------------------
 Initial Geometry Optimization
 -----------------------------
 Geometry successfully optimized.

          ┍━━━━━━━━━━━━━━━━━━━━━━━━━━━━━━━━━━━━━━━━━━━━━━━━━┑
          │              CREST ENTROPY SAMPLING             │
          ┕━━━━━━━━━━━━━━━━━━━━━━━━━━━━━━━━━━━━━━━━━━━━━━━━━┙

 please cite:
 • P.Pracht, S.Grimme, Chem. Sci., 2021, 12, 6551-6568.
 • J.Gorges, S.Grimme, A.Hansen, P.Pracht, PCCP, 2022,24, 12249-12259.

 Input structure:
  43

 S         -2.4190282792        2.2316814275        0.4736667406
 O         -2.1418111900        3.5778590915       -0.0363026674
 C         -0.7787659913        1.5240470628        0.6863286248
 N         -0.4551743531        0.5138173334        1.4380130671
 C          0.8804450151        0.3047193743        1.1943991008
 C          1.7613459583       -0.6473773067        1.7009214869
 C          3.0527495409       -0.6361874378        1.2358191477
 C          3.5023118474        0.3031125829        0.2858616319
 C          2.6486748704        1.2718059049       -0.2156288016
 C          1.3427144201        1.2530717648        0.2515760368
 N          0.2560008755        2.0292232824       -0.0369286651
 H          0.1790963292        2.8060769790       -0.6735464620
 H          2.9599340078        2.0085950224       -0.9376924130
 O          4.8088128526        0.1655461543       -0.0721015747
 C          5.3484539345        1.0701152030       -1.0044108922
 H          6.3889096029        0.7761628688       -1.1323640130
 H          5.3066714849        2.0999464013       -0.6352755412
 H          4.8339277313        1.0080258840       -1.9688750364
 H          3.7745458514       -1.3546622873        1.5912671842
 H          1.4351875676       -1.3637947962        2.4366600647
 C         -2.8107280640        1.2165597769       -1.0747471172
 C         -1.9835872688       -0.0138218631       -1.1348886332
 N         -0.9266558576        0.0533057405       -1.9366923217
 C         -0.0863114036       -0.9613017419       -1.9712270662
 C         -0.2189696218       -2.1056904059       -1.1977493319
 C         -1.3339293717       -2.1724059142       -0.3575963638
 C         -2.2482845478       -1.1181838337       -0.3208025384
 C         -3.4311101251       -1.1573899235        0.5935688673
 H         -3.5476685533       -2.1584920074        0.9997493570
 H         -4.3428679362       -0.8891828739        0.0629169982
 H         -3.2886866478       -0.4549148452        1.4141385962
 O         -1.5506150514       -3.2851814422        0.4302603816
 C         -0.9075440197       -3.2213290724        1.6898419898
 H         -1.1160568031       -2.2714717693        2.1907863723
 H          0.1758041533       -3.3388034099        1.5853270485
 H         -1.3078378072       -4.0476540906        2.2753947809
 C          0.7977094413       -3.2010827500       -1.2491102675
 H          1.6323994529       -2.9635603497       -0.5878587199
 H          0.3544438912       -4.1417138694       -0.9312188995
 H          1.1878153481       -3.3105548291       -2.2584936272
 H          0.7538568827       -0.8469595991       -2.6440861270
 H         -3.8783891583        1.0169502551       -1.0301866140
 H         -2.5781848856        1.8788158221       -1.9061551783

 ------------------------------------------------
 Generating MTD length from a flexibility measure
 ------------------------------------------------
 Calculating GFN0-xTB WBOs   ... done.
 Calculating NCI flexibility ... done.
     covalent flexibility measure :   0.349
 non-covalent flexibility measure :   0.666
 flexibility measure :   0.371
 t(MTD) / ps    :    21.0
 Σ(t(MTD)) / ps :   504.0 (24 MTDs)

 -----------------------------------
 Starting trial MTD to test settings
 -----------------------------------
 Trial MTD 1 runtime (1.0 ps) ...        0 min,  6.369 sec
 Estimated runtime for one MTD (21.0 ps) on a single thread: 2 min 14 sec
 Estimated runtime for a batch of 24 MTDs on 16 threads: 4 min 27 sec

********************************************************************************
**                    N E W   I T E R A T I O N  C Y C L E                    **
********************************************************************************

 ------------------------------
 Meta-Dynamics Iteration 1
 ------------------------------
 list of applied metadynamics Vbias parameters:
$metadyn    0.32250   1.618
$metadyn    0.16125   1.618
$metadyn    0.08063   1.618
$metadyn    0.04031   1.618
$metadyn    0.32250   1.000
$metadyn    0.16125   1.000
$metadyn    0.08063   1.000
$metadyn    0.04031   1.000
$metadyn    0.32250   0.618
$metadyn    0.16125   0.618
$metadyn    0.08063   0.618
$metadyn    0.04031   0.618
$metadyn    0.32250   0.382
$metadyn    0.16125   0.382
$metadyn    0.08063   0.382
$metadyn    0.04031   0.382
$metadyn    0.32250   0.236
$metadyn    0.16125   0.236
$metadyn    0.08063   0.236
$metadyn    0.04031   0.236
$metadyn    0.32250   0.146
$metadyn    0.16125   0.146
$metadyn    0.08063   0.146
$metadyn    0.04031   0.146

  ::::::::::::: starting MTD    1 :::::::::::::
  |   MD simulation time   :    21.0 ps       |
  |   target T             :   300.0 K        |
  |   timestep dt          :     5.0 fs       |
  |   dump interval(trj)   :   100.0 fs       |
  |   SHAKE algorithm      : true (all bonds) |
  |   dump interval(Vbias) :    1.00 ps       |
  |   Vbias prefactor (k)  :  0.3225 Eh       |
  |   Vbias exponent (α)   :  1.6180 bohr⁻²   |
  ::::::::::::: starting MTD   13 :::::::::::::
  |   MD simulation time   :    21.0 ps       |
  |   target T             :   300.0 K        |
  |   timestep dt          :     5.0 fs       |
  |   dump interval(trj)   :   100.0 fs       |
  |   SHAKE algorithm      : true (all bonds) |
  |   dump interval(Vbias) :    1.00 ps       |
  |   Vbias prefactor (k)  :  0.3225 Eh       |
  |   Vbias exponent (α)   :  0.3820 bohr⁻²   |
  ::::::::::::: starting MTD    3 :::::::::::::
  |   MD simulation time   :    21.0 ps       |
  |   target T             :   300.0 K        |
  |   timestep dt          :     5.0 fs       |
  |   dump interval(trj)   :   100.0 fs       |
  |   SHAKE algorithm      : true (all bonds) |
  |   dump interval(Vbias) :    1.00 ps       |
  |   Vbias prefactor (k)  :  0.0806 Eh       |
  |   Vbias exponent (α)   :  1.6180 bohr⁻²   |
  ::::::::::::: starting MTD   20 :::::::::::::
  |   MD simulation time   :    21.0 ps       |
  |   target T             :   300.0 K        |
  |   timestep dt          :     5.0 fs       |
  |   dump interval(trj)   :   100.0 fs       |
  |   SHAKE algorithm      : true (all bonds) |
  |   dump interval(Vbias) :    1.00 ps       |
  |   Vbias prefactor (k)  :  0.0403 Eh       |
  |   Vbias exponent (α)   :  0.2361 bohr⁻²   |
  ::::::::::::: starting MTD    5 :::::::::::::
  |   MD simulation time   :    21.0 ps       |
  |   target T             :   300.0 K        |
  |   timestep dt          :     5.0 fs       |
  |   dump interval(trj)   :   100.0 fs       |
  |   SHAKE algorithm      : true (all bonds) |
  |   dump interval(Vbias) :    1.00 ps       |
  |   Vbias prefactor (k)  :  0.3225 Eh       |
  |   Vbias exponent (α)   :  1.0000 bohr⁻²   |
  ::::::::::::: starting MTD   15 :::::::::::::
  |   MD simulation time   :    21.0 ps       |
  |   target T             :   300.0 K        |
  |   timestep dt          :     5.0 fs       |
  |   dump interval(trj)   :   100.0 fs       |
  |   SHAKE algorithm      : true (all bonds) |
  |   dump interval(Vbias) :    1.00 ps       |
  |   Vbias prefactor (k)  :  0.0806 Eh       |
  |   Vbias exponent (α)   :  0.3820 bohr⁻²   |
  ::::::::::::: starting MTD    9 :::::::::::::
  |   MD simulation time   :    21.0 ps       |
  |   target T             :   300.0 K        |
  |   timestep dt          :     5.0 fs       |
  |   dump interval(trj)   :   100.0 fs       |
  |   SHAKE algorithm      : true (all bonds) |
  |   dump interval(Vbias) :    1.00 ps       |
  |   Vbias prefactor (k)  :  0.3225 Eh       |
  |   Vbias exponent (α)   :  0.6180 bohr⁻²   |
  ::::::::::::: starting MTD   17 :::::::::::::
  |   MD simulation time   :    21.0 ps       |
  |   target T             :   300.0 K        |
  |   timestep dt          :     5.0 fs       |
  |   dump interval(trj)   :   100.0 fs       |
  |   SHAKE algorithm      : true (all bonds) |
  |   dump interval(Vbias) :    1.00 ps       |
  |   Vbias prefactor (k)  :  0.3225 Eh       |
  |   Vbias exponent (α)   :  0.2361 bohr⁻²   |
  ::::::::::::: starting MTD   18 :::::::::::::
  |   MD simulation time   :    21.0 ps       |
  |   target T             :   300.0 K        |
  |   timestep dt          :     5.0 fs       |
  |   dump interval(trj)   :   100.0 fs       |
  |   SHAKE algorithm      : true (all bonds) |
  |   dump interval(Vbias) :    1.00 ps       |
  |   Vbias prefactor (k)  :  0.1613 Eh       |
  |   Vbias exponent (α)   :  0.2361 bohr⁻²   |
  ::::::::::::: starting MTD   19 :::::::::::::
  |   MD simulation time   :    21.0 ps       |
  |   target T             :   300.0 K        |
  |   timestep dt          :     5.0 fs       |
  |   dump interval(trj)   :   100.0 fs       |
  |   SHAKE algorithm      : true (all bonds) |
  |   dump interval(Vbias) :    1.00 ps       |
  |   Vbias prefactor (k)  :  0.0806 Eh       |
  |   Vbias exponent (α)   :  0.2361 bohr⁻²   |
  ::::::::::::: starting MTD   21 :::::::::::::
  |   MD simulation time   :    21.0 ps       |
  |   target T             :   300.0 K        |
  |   timestep dt          :     5.0 fs       |
  |   dump interval(trj)   :   100.0 fs       |
  |   SHAKE algorithm      : true (all bonds) |
  |   dump interval(Vbias) :    1.00 ps       |
  |   Vbias prefactor (k)  :  0.3225 Eh       |
  |   Vbias exponent (α)   :  0.1459 bohr⁻²   |
  ::::::::::::: starting MTD   22 :::::::::::::
  |   MD simulation time   :    21.0 ps       |
  |   target T             :   300.0 K        |
  |   timestep dt          :     5.0 fs       |
  |   dump interval(trj)   :   100.0 fs       |
  |   SHAKE algorithm      : true (all bonds) |
  |   dump interval(Vbias) :    1.00 ps       |
  |   Vbias prefactor (k)  :  0.1613 Eh       |
  |   Vbias exponent (α)   :  0.1459 bohr⁻²   |
  ::::::::::::: starting MTD   11 :::::::::::::
  |   MD simulation time   :    21.0 ps       |
  |   target T             :   300.0 K        |
  |   timestep dt          :     5.0 fs       |
  |   dump interval(trj)   :   100.0 fs       |
  |   SHAKE algorithm      : true (all bonds) |
  |   dump interval(Vbias) :    1.00 ps       |
  |   Vbias prefactor (k)  :  0.0806 Eh       |
  |   Vbias exponent (α)   :  0.6180 bohr⁻²   |
  ::::::::::::: starting MTD    7 :::::::::::::
  |   MD simulation time   :    21.0 ps       |
  |   target T             :   300.0 K        |
  |   timestep dt          :     5.0 fs       |
  |   dump interval(trj)   :   100.0 fs       |
  |   SHAKE algorithm      : true (all bonds) |
  |   dump interval(Vbias) :    1.00 ps       |
  |   Vbias prefactor (k)  :  0.0806 Eh       |
  |   Vbias exponent (α)   :  1.0000 bohr⁻²   |
  ::::::::::::: starting MTD   24 :::::::::::::
  |   MD simulation time   :    21.0 ps       |
  |   target T             :   300.0 K        |
  |   timestep dt          :     5.0 fs       |
  |   dump interval(trj)   :   100.0 fs       |
  |   SHAKE algorithm      : true (all bonds) |
  |   dump interval(Vbias) :    1.00 ps       |
  |   Vbias prefactor (k)  :  0.0403 Eh       |
  |   Vbias exponent (α)   :  0.1459 bohr⁻²   |
  ::::::::::::: starting MTD   23 :::::::::::::
  |   MD simulation time   :    21.0 ps       |
  |   target T             :   300.0 K        |
  |   timestep dt          :     5.0 fs       |
  |   dump interval(trj)   :   100.0 fs       |
  |   SHAKE algorithm      : true (all bonds) |
  |   dump interval(Vbias) :    1.00 ps       |
  |   Vbias prefactor (k)  :  0.0806 Eh       |
  |   Vbias exponent (α)   :  0.1459 bohr⁻²   |
*MTD  19 completed successfully ...        3 min, 26.337 sec
*MTD  11 completed successfully ...        3 min, 26.736 sec
  ::::::::::::: starting MTD   12 :::::::::::::
  |   MD simulation time   :    21.0 ps       |
  |   target T             :   300.0 K        |
  |   timestep dt          :     5.0 fs       |
  |   dump interval(trj)   :   100.0 fs       |
  |   SHAKE algorithm      : true (all bonds) |
  |   dump interval(Vbias) :    1.00 ps       |
  |   Vbias prefactor (k)  :  0.0403 Eh       |
  |   Vbias exponent (α)   :  0.6180 bohr⁻²   |
*MTD  15 completed successfully ...        3 min, 26.969 sec
  ::::::::::::: starting MTD   16 :::::::::::::
  |   MD simulation time   :    21.0 ps       |
  |   target T             :   300.0 K        |
  |   timestep dt          :     5.0 fs       |
  |   dump interval(trj)   :   100.0 fs       |
  |   SHAKE algorithm      : true (all bonds) |
  |   dump interval(Vbias) :    1.00 ps       |
  |   Vbias prefactor (k)  :  0.0403 Eh       |
  |   Vbias exponent (α)   :  0.3820 bohr⁻²   |
*MTD  20 completed successfully ...        3 min, 27.047 sec
*MTD   5 completed successfully ...        3 min, 27.369 sec
  ::::::::::::: starting MTD    6 :::::::::::::
  |   MD simulation time   :    21.0 ps       |
  |   target T             :   300.0 K        |
  |   timestep dt          :     5.0 fs       |
  |   dump interval(trj)   :   100.0 fs       |
  |   SHAKE algorithm      : true (all bonds) |
  |   dump interval(Vbias) :    1.00 ps       |
  |   Vbias prefactor (k)  :  0.1613 Eh       |
  |   Vbias exponent (α)   :  1.0000 bohr⁻²   |
*MTD  24 completed successfully ...        3 min, 27.567 sec
*MTD  23 completed successfully ...        3 min, 27.794 sec
*MTD   1 completed successfully ...        3 min, 27.850 sec
  ::::::::::::: starting MTD    2 :::::::::::::
  |   MD simulation time   :    21.0 ps       |
  |   target T             :   300.0 K        |
  |   timestep dt          :     5.0 fs       |
  |   dump interval(trj)   :   100.0 fs       |
  |   SHAKE algorithm      : true (all bonds) |
  |   dump interval(Vbias) :    1.00 ps       |
  |   Vbias prefactor (k)  :  0.1613 Eh       |
  |   Vbias exponent (α)   :  1.6180 bohr⁻²   |
*MTD  18 completed successfully ...        3 min, 29.357 sec
*MTD   9 completed successfully ...        3 min, 29.398 sec
  ::::::::::::: starting MTD   10 :::::::::::::
  |   MD simulation time   :    21.0 ps       |
  |   target T             :   300.0 K        |
  |   timestep dt          :     5.0 fs       |
  |   dump interval(trj)   :   100.0 fs       |
  |   SHAKE algorithm      : true (all bonds) |
  |   dump interval(Vbias) :    1.00 ps       |
  |   Vbias prefactor (k)  :  0.1613 Eh       |
  |   Vbias exponent (α)   :  0.6180 bohr⁻²   |
*MTD   7 completed successfully ...        3 min, 29.605 sec
  ::::::::::::: starting MTD    8 :::::::::::::
  |   MD simulation time   :    21.0 ps       |
  |   target T             :   300.0 K        |
  |   timestep dt          :     5.0 fs       |
  |   dump interval(trj)   :   100.0 fs       |
  |   SHAKE algorithm      : true (all bonds) |
  |   dump interval(Vbias) :    1.00 ps       |
  |   Vbias prefactor (k)  :  0.0403 Eh       |
  |   Vbias exponent (α)   :  1.0000 bohr⁻²   |
*MTD  13 completed successfully ...        3 min, 29.790 sec
  ::::::::::::: starting MTD   14 :::::::::::::
  |   MD simulation time   :    21.0 ps       |
  |   target T             :   300.0 K        |
  |   timestep dt          :     5.0 fs       |
  |   dump interval(trj)   :   100.0 fs       |
  |   SHAKE algorithm      : true (all bonds) |
  |   dump interval(Vbias) :    1.00 ps       |
  |   Vbias prefactor (k)  :  0.1613 Eh       |
  |   Vbias exponent (α)   :  0.3820 bohr⁻²   |
*MTD  22 completed successfully ...        3 min, 31.629 sec
*MTD   3 completed successfully ...        3 min, 31.968 sec
  ::::::::::::: starting MTD    4 :::::::::::::
  |   MD simulation time   :    21.0 ps       |
  |   target T             :   300.0 K        |
  |   timestep dt          :     5.0 fs       |
  |   dump interval(trj)   :   100.0 fs       |
  |   SHAKE algorithm      : true (all bonds) |
  |   dump interval(Vbias) :    1.00 ps       |
  |   Vbias prefactor (k)  :  0.0403 Eh       |
  |   Vbias exponent (α)   :  1.6180 bohr⁻²   |
*MTD  17 completed successfully ...        3 min, 31.985 sec
*MTD  21 completed successfully ...        3 min, 32.900 sec
*MTD   6 completed successfully ...        2 min, 21.473 sec
*MTD  16 completed successfully ...        2 min, 23.889 sec
*MTD  14 completed successfully ...        2 min, 21.181 sec
*MTD  12 completed successfully ...        2 min, 24.493 sec
*MTD   2 completed successfully ...        2 min, 23.882 sec
*MTD  10 completed successfully ...        2 min, 22.914 sec
*MTD   4 completed successfully ...        2 min, 22.210 sec
*MTD   8 completed successfully ...        2 min, 24.661 sec

 ======================================
 |  Multilevel Ensemble Optimization  |
 ======================================
 Optimizing all 5016 structures from file "crest_dynamics.trj" ...
 ----------------------
 crude pre-optimization
 ----------------------
 Optimization engine: ANCOPT
 Hessian update type: BFGS
 E/G convergence criteria:  0.500E-03 Eh, 0.100E-01 Eh/a0
 maximum optimization steps: 200
 |>0.0% |>5.0% |>10.0% |>15.0% |>20.0% |>25.0% |>30.0% |>35.0% |>40.0% |>45.0% |>50.0% |>55.0% |>60.0% |>65.0% |>70.0% |>75.0% |>80.0% |>85.0% |>90.0% |>95.0% |>100.0%
 done.
> 5016 of 5016 structures successfully optimized (100.0% success)
> Total runtime for 5016 optimizations:
 * wall-time:     0 d,  0 h,  3 min, 55.961 sec
 *  cpu-time:     0 d,  1 h,  0 min, 48.018 sec
 * ratio c/w:    15.460 speedup
> Corresponding to approximately 0.047 sec per processed structure

CREGEN> running RMSDs ... done.
CREGEN> E lowest :   -70.32079
 4388 structures remain within    12.00 kcal/mol window
 ----------------------------------
 optimization with tight thresholds
 ----------------------------------
 Optimization engine: ANCOPT
 Hessian update type: BFGS
 E/G convergence criteria:  0.100E-05 Eh, 0.800E-03 Eh/a0
 maximum optimization steps: 200
 |>0.0% |>7.5% |>15.0% |>22.5% |>30.0% |>37.5% |>45.0% |>52.5% |>60.0% |>67.5% |>75.0% |>82.5% |>90.0% |>97.5% |>100.0%
 done.
> 3625 of 4388 structures successfully optimized (82.6% success)
> Total runtime for 4388 optimizations:
 * wall-time:     0 d,  0 h, 16 min, 19.847 sec
 *  cpu-time:     0 d,  4 h, 16 min, 19.333 sec
 * ratio c/w:    15.696 speedup
> Corresponding to approximately 0.223 sec per processed structure

CREGEN> running RMSDs ... done.
CREGEN> E lowest :   -70.32119
 2004 structures remain within     6.00 kcal/mol window

========================================
           MTD Simulations done         
========================================
 Collecting ensmbles.
CREGEN> running RMSDs ... done.
CREGEN> E lowest :   -70.32119
 2004 structures remain within     6.00 kcal/mol window
     H(298.15K)-H(0) (conf)      1.131958
                   Cp(conf)      4.040516
                    S(conf)      8.778422

********************************************************************************
**                     I T E R A T I O N    C Y C L E      1                  **
********************************************************************************
 -------------------------------------------
 determining bias structures via PCA/k-Means
 -------------------------------------------

 6 structures were selected
 done.

 -----------------------------------------------
 determining MTD seed structures via PCA/k-Means
 -----------------------------------------------

 36 structures were selected
 done.


 ===========================================================
 Static MTDs (umbrella sampling) on 36 selected conformer(s)
 ===========================================================
> Using 6 constant RMSD bias potentials per MTD
  :::::::::: starting static MTD   1 ::::::::::
  |   MD simulation time   :    10.5 ps       |
  |   target T             :   400.0 K        |
  |   timestep dt          :     5.0 fs       |
  |   dump interval(trj)   :   100.0 fs       |
  |   SHAKE algorithm      : true (all bonds) |
  |   Vbias prefactor (k)  :  0.0029 Eh       |
  |   Vbias exponent (α)   :  1.0000 bohr⁻²   |
  :::::::::: starting static MTD   8 ::::::::::
  |   MD simulation time   :    10.5 ps       |
  |   target T             :   400.0 K        |
  |   timestep dt          :     5.0 fs       |
  |   dump interval(trj)   :   100.0 fs       |
  |   SHAKE algorithm      : true (all bonds) |
  |   Vbias prefactor (k)  :  0.0029 Eh       |
  |   Vbias exponent (α)   :  1.0000 bohr⁻²   |
  :::::::::: starting static MTD  12 ::::::::::
  |   MD simulation time   :    10.5 ps       |
  |   target T             :   400.0 K        |
  |   timestep dt          :     5.0 fs       |
  |   dump interval(trj)   :   100.0 fs       |
  |   SHAKE algorithm      : true (all bonds) |
  |   Vbias prefactor (k)  :  0.0029 Eh       |
  |   Vbias exponent (α)   :  1.0000 bohr⁻²   |
  :::::::::: starting static MTD  14 ::::::::::
  |   MD simulation time   :    10.5 ps       |
  |   target T             :   400.0 K        |
  |   timestep dt          :     5.0 fs       |
  |   dump interval(trj)   :   100.0 fs       |
  |   SHAKE algorithm      : true (all bonds) |
  |   Vbias prefactor (k)  :  0.0029 Eh       |
  |   Vbias exponent (α)   :  1.0000 bohr⁻²   |
  :::::::::: starting static MTD   6 ::::::::::
  |   MD simulation time   :    10.5 ps       |
  |   target T             :   400.0 K        |
  |   timestep dt          :     5.0 fs       |
  |   dump interval(trj)   :   100.0 fs       |
  |   SHAKE algorithm      : true (all bonds) |
  |   Vbias prefactor (k)  :  0.0029 Eh       |
  |   Vbias exponent (α)   :  1.0000 bohr⁻²   |
  :::::::::: starting static MTD  10 ::::::::::
  |   MD simulation time   :    10.5 ps       |
  |   target T             :   400.0 K        |
  |   timestep dt          :     5.0 fs       |
  |   dump interval(trj)   :   100.0 fs       |
  |   SHAKE algorithm      : true (all bonds) |
  |   Vbias prefactor (k)  :  0.0029 Eh       |
  |   Vbias exponent (α)   :  1.0000 bohr⁻²   |
  :::::::::: starting static MTD   9 ::::::::::
  |   MD simulation time   :    10.5 ps       |
  |   target T             :   400.0 K        |
  |   timestep dt          :     5.0 fs       |
  |   dump interval(trj)   :   100.0 fs       |
  |   SHAKE algorithm      : true (all bonds) |
  |   Vbias prefactor (k)  :  0.0029 Eh       |
  |   Vbias exponent (α)   :  1.0000 bohr⁻²   |
  :::::::::: starting static MTD  36 ::::::::::
  |   MD simulation time   :    10.5 ps       |
  |   target T             :   400.0 K        |
  |   timestep dt          :     5.0 fs       |
  |   dump interval(trj)   :   100.0 fs       |
  |   SHAKE algorithm      : true (all bonds) |
  |   Vbias prefactor (k)  :  0.0029 Eh       |
  |   Vbias exponent (α)   :  1.0000 bohr⁻²   |
  :::::::::: starting static MTD   5 ::::::::::
  |   MD simulation time   :    10.5 ps       |
  |   target T             :   400.0 K        |
  |   timestep dt          :     5.0 fs       |
  |   dump interval(trj)   :   100.0 fs       |
  |   SHAKE algorithm      : true (all bonds) |
  |   Vbias prefactor (k)  :  0.0029 Eh       |
  |   Vbias exponent (α)   :  1.0000 bohr⁻²   |
  :::::::::: starting static MTD   3 ::::::::::
  |   MD simulation time   :    10.5 ps       |
  |   target T             :   400.0 K        |
  |   timestep dt          :     5.0 fs       |
  |   dump interval(trj)   :   100.0 fs       |
  |   SHAKE algorithm      : true (all bonds) |
  |   Vbias prefactor (k)  :  0.0029 Eh       |
  |   Vbias exponent (α)   :  1.0000 bohr⁻²   |
  :::::::::: starting static MTD   4 ::::::::::
  |   MD simulation time   :    10.5 ps       |
  |   target T             :   400.0 K        |
  |   timestep dt          :     5.0 fs       |
  |   dump interval(trj)   :   100.0 fs       |
  |   SHAKE algorithm      : true (all bonds) |
  |   Vbias prefactor (k)  :  0.0029 Eh       |
  |   Vbias exponent (α)   :  1.0000 bohr⁻²   |
  :::::::::: starting static MTD   7 ::::::::::
  |   MD simulation time   :    10.5 ps       |
  |   target T             :   400.0 K        |
  |   timestep dt          :     5.0 fs       |
  |   dump interval(trj)   :   100.0 fs       |
  |   SHAKE algorithm      : true (all bonds) |
  |   Vbias prefactor (k)  :  0.0029 Eh       |
  |   Vbias exponent (α)   :  1.0000 bohr⁻²   |
  :::::::::: starting static MTD  11 ::::::::::
  |   MD simulation time   :    10.5 ps       |
  |   target T             :   400.0 K        |
  |   timestep dt          :     5.0 fs       |
  |   dump interval(trj)   :   100.0 fs       |
  |   SHAKE algorithm      : true (all bonds) |
  |   Vbias prefactor (k)  :  0.0029 Eh       |
  |   Vbias exponent (α)   :  1.0000 bohr⁻²   |
  :::::::::: starting static MTD  15 ::::::::::
  |   MD simulation time   :    10.5 ps       |
  |   target T             :   400.0 K        |
  |   timestep dt          :     5.0 fs       |
  |   dump interval(trj)   :   100.0 fs       |
  |   SHAKE algorithm      : true (all bonds) |
  |   Vbias prefactor (k)  :  0.0029 Eh       |
  |   Vbias exponent (α)   :  1.0000 bohr⁻²   |
  :::::::::: starting static MTD  13 ::::::::::
  |   MD simulation time   :    10.5 ps       |
  |   target T             :   400.0 K        |
  |   timestep dt          :     5.0 fs       |
  |   dump interval(trj)   :   100.0 fs       |
  |   SHAKE algorithm      : true (all bonds) |
  |   Vbias prefactor (k)  :  0.0029 Eh       |
  |   Vbias exponent (α)   :  1.0000 bohr⁻²   |
  :::::::::: starting static MTD   2 ::::::::::
  |   MD simulation time   :    10.5 ps       |
  |   target T             :   400.0 K        |
  |   timestep dt          :     5.0 fs       |
  |   dump interval(trj)   :   100.0 fs       |
  |   SHAKE algorithm      : true (all bonds) |
  |   Vbias prefactor (k)  :  0.0029 Eh       |
  |   Vbias exponent (α)   :  1.0000 bohr⁻²   |
*sMTD   4 completed successfully ...        1 min, 48.233 sec
  :::::::::: starting static MTD  16 ::::::::::
  |   MD simulation time   :    10.5 ps       |
  |   target T             :   400.0 K        |
  |   timestep dt          :     5.0 fs       |
  |   dump interval(trj)   :   100.0 fs       |
  |   SHAKE algorithm      : true (all bonds) |
  |   Vbias prefactor (k)  :  0.0029 Eh       |
  |   Vbias exponent (α)   :  1.0000 bohr⁻²   |
*sMTD   9 completed successfully ...        1 min, 48.928 sec
  :::::::::: starting static MTD  17 ::::::::::
  |   MD simulation time   :    10.5 ps       |
  |   target T             :   400.0 K        |
  |   timestep dt          :     5.0 fs       |
  |   dump interval(trj)   :   100.0 fs       |
  |   SHAKE algorithm      : true (all bonds) |
  |   Vbias prefactor (k)  :  0.0029 Eh       |
  |   Vbias exponent (α)   :  1.0000 bohr⁻²   |
*sMTD  15 completed successfully ...        1 min, 48.989 sec
  :::::::::: starting static MTD  18 ::::::::::
  |   MD simulation time   :    10.5 ps       |
  |   target T             :   400.0 K        |
  |   timestep dt          :     5.0 fs       |
  |   dump interval(trj)   :   100.0 fs       |
  |   SHAKE algorithm      : true (all bonds) |
  |   Vbias prefactor (k)  :  0.0029 Eh       |
  |   Vbias exponent (α)   :  1.0000 bohr⁻²   |
*sMTD   6 completed successfully ...        1 min, 49.072 sec
  :::::::::: starting static MTD  19 ::::::::::
  |   MD simulation time   :    10.5 ps       |
  |   target T             :   400.0 K        |
  |   timestep dt          :     5.0 fs       |
  |   dump interval(trj)   :   100.0 fs       |
  |   SHAKE algorithm      : true (all bonds) |
  |   Vbias prefactor (k)  :  0.0029 Eh       |
  |   Vbias exponent (α)   :  1.0000 bohr⁻²   |
*sMTD  36 completed successfully ...        1 min, 49.090 sec
  :::::::::: starting static MTD  35 ::::::::::
  |   MD simulation time   :    10.5 ps       |
  |   target T             :   400.0 K        |
  |   timestep dt          :     5.0 fs       |
  |   dump interval(trj)   :   100.0 fs       |
  |   SHAKE algorithm      : true (all bonds) |
  |   Vbias prefactor (k)  :  0.0029 Eh       |
  |   Vbias exponent (α)   :  1.0000 bohr⁻²   |
*sMTD   8 completed successfully ...        1 min, 49.207 sec
  :::::::::: starting static MTD  20 ::::::::::
  |   MD simulation time   :    10.5 ps       |
  |   target T             :   400.0 K        |
  |   timestep dt          :     5.0 fs       |
  |   dump interval(trj)   :   100.0 fs       |
  |   SHAKE algorithm      : true (all bonds) |
  |   Vbias prefactor (k)  :  0.0029 Eh       |
  |   Vbias exponent (α)   :  1.0000 bohr⁻²   |
*sMTD  14 completed successfully ...        1 min, 49.347 sec
  :::::::::: starting static MTD  21 ::::::::::
  |   MD simulation time   :    10.5 ps       |
  |   target T             :   400.0 K        |
  |   timestep dt          :     5.0 fs       |
  |   dump interval(trj)   :   100.0 fs       |
  |   SHAKE algorithm      : true (all bonds) |
  |   Vbias prefactor (k)  :  0.0029 Eh       |
  |   Vbias exponent (α)   :  1.0000 bohr⁻²   |
*sMTD  12 completed successfully ...        1 min, 49.517 sec
  :::::::::: starting static MTD  22 ::::::::::
  |   MD simulation time   :    10.5 ps       |
  |   target T             :   400.0 K        |
  |   timestep dt          :     5.0 fs       |
  |   dump interval(trj)   :   100.0 fs       |
  |   SHAKE algorithm      : true (all bonds) |
  |   Vbias prefactor (k)  :  0.0029 Eh       |
  |   Vbias exponent (α)   :  1.0000 bohr⁻²   |
*sMTD   3 completed successfully ...        1 min, 49.557 sec
  :::::::::: starting static MTD  23 ::::::::::
  |   MD simulation time   :    10.5 ps       |
  |   target T             :   400.0 K        |
  |   timestep dt          :     5.0 fs       |
  |   dump interval(trj)   :   100.0 fs       |
  |   SHAKE algorithm      : true (all bonds) |
  |   Vbias prefactor (k)  :  0.0029 Eh       |
  |   Vbias exponent (α)   :  1.0000 bohr⁻²   |
*sMTD  10 completed successfully ...        1 min, 49.678 sec
  :::::::::: starting static MTD  24 ::::::::::
  |   MD simulation time   :    10.5 ps       |
  |   target T             :   400.0 K        |
  |   timestep dt          :     5.0 fs       |
  |   dump interval(trj)   :   100.0 fs       |
  |   SHAKE algorithm      : true (all bonds) |
  |   Vbias prefactor (k)  :  0.0029 Eh       |
  |   Vbias exponent (α)   :  1.0000 bohr⁻²   |
*sMTD   5 completed successfully ...        1 min, 49.967 sec
  :::::::::: starting static MTD  25 ::::::::::
  |   MD simulation time   :    10.5 ps       |
  |   target T             :   400.0 K        |
  |   timestep dt          :     5.0 fs       |
  |   dump interval(trj)   :   100.0 fs       |
  |   SHAKE algorithm      : true (all bonds) |
  |   Vbias prefactor (k)  :  0.0029 Eh       |
  |   Vbias exponent (α)   :  1.0000 bohr⁻²   |
*sMTD  11 completed successfully ...        1 min, 50.151 sec
  :::::::::: starting static MTD  26 ::::::::::
  |   MD simulation time   :    10.5 ps       |
  |   target T             :   400.0 K        |
  |   timestep dt          :     5.0 fs       |
  |   dump interval(trj)   :   100.0 fs       |
  |   SHAKE algorithm      : true (all bonds) |
  |   Vbias prefactor (k)  :  0.0029 Eh       |
  |   Vbias exponent (α)   :  1.0000 bohr⁻²   |
*sMTD   2 completed successfully ...        1 min, 50.188 sec
  :::::::::: starting static MTD  27 ::::::::::
  |   MD simulation time   :    10.5 ps       |
  |   target T             :   400.0 K        |
  |   timestep dt          :     5.0 fs       |
  |   dump interval(trj)   :   100.0 fs       |
  |   SHAKE algorithm      : true (all bonds) |
  |   Vbias prefactor (k)  :  0.0029 Eh       |
  |   Vbias exponent (α)   :  1.0000 bohr⁻²   |
*sMTD   7 completed successfully ...        1 min, 50.275 sec
  :::::::::: starting static MTD  28 ::::::::::
  |   MD simulation time   :    10.5 ps       |
  |   target T             :   400.0 K        |
  |   timestep dt          :     5.0 fs       |
  |   dump interval(trj)   :   100.0 fs       |
  |   SHAKE algorithm      : true (all bonds) |
  |   Vbias prefactor (k)  :  0.0029 Eh       |
  |   Vbias exponent (α)   :  1.0000 bohr⁻²   |
*sMTD   1 completed successfully ...        1 min, 50.576 sec
  :::::::::: starting static MTD  29 ::::::::::
  |   MD simulation time   :    10.5 ps       |
  |   target T             :   400.0 K        |
  |   timestep dt          :     5.0 fs       |
  |   dump interval(trj)   :   100.0 fs       |
  |   SHAKE algorithm      : true (all bonds) |
  |   Vbias prefactor (k)  :  0.0029 Eh       |
  |   Vbias exponent (α)   :  1.0000 bohr⁻²   |
*sMTD  13 completed successfully ...        1 min, 50.647 sec
  :::::::::: starting static MTD  30 ::::::::::
  |   MD simulation time   :    10.5 ps       |
  |   target T             :   400.0 K        |
  |   timestep dt          :     5.0 fs       |
  |   dump interval(trj)   :   100.0 fs       |
  |   SHAKE algorithm      : true (all bonds) |
  |   Vbias prefactor (k)  :  0.0029 Eh       |
  |   Vbias exponent (α)   :  1.0000 bohr⁻²   |
*sMTD  28 completed successfully ...        1 min, 44.017 sec
  :::::::::: starting static MTD  31 ::::::::::
  |   MD simulation time   :    10.5 ps       |
  |   target T             :   400.0 K        |
  |   timestep dt          :     5.0 fs       |
  |   dump interval(trj)   :   100.0 fs       |
  |   SHAKE algorithm      : true (all bonds) |
  |   Vbias prefactor (k)  :  0.0029 Eh       |
  |   Vbias exponent (α)   :  1.0000 bohr⁻²   |
*sMTD  25 completed successfully ...        1 min, 44.730 sec
  :::::::::: starting static MTD  32 ::::::::::
  |   MD simulation time   :    10.5 ps       |
  |   target T             :   400.0 K        |
  |   timestep dt          :     5.0 fs       |
  |   dump interval(trj)   :   100.0 fs       |
  |   SHAKE algorithm      : true (all bonds) |
  |   Vbias prefactor (k)  :  0.0029 Eh       |
  |   Vbias exponent (α)   :  1.0000 bohr⁻²   |
*sMTD  29 completed successfully ...        1 min, 45.694 sec
  :::::::::: starting static MTD  33 ::::::::::
  |   MD simulation time   :    10.5 ps       |
  |   target T             :   400.0 K        |
  |   timestep dt          :     5.0 fs       |
  |   dump interval(trj)   :   100.0 fs       |
  |   SHAKE algorithm      : true (all bonds) |
  |   Vbias prefactor (k)  :  0.0029 Eh       |
  |   Vbias exponent (α)   :  1.0000 bohr⁻²   |
*sMTD  26 completed successfully ...        1 min, 46.734 sec
  :::::::::: starting static MTD  34 ::::::::::
  |   MD simulation time   :    10.5 ps       |
  |   target T             :   400.0 K        |
  |   timestep dt          :     5.0 fs       |
  |   dump interval(trj)   :   100.0 fs       |
  |   SHAKE algorithm      : true (all bonds) |
  |   Vbias prefactor (k)  :  0.0029 Eh       |
  |   Vbias exponent (α)   :  1.0000 bohr⁻²   |
*sMTD  20 completed successfully ...        1 min, 48.505 sec
*sMTD  19 completed successfully ...        1 min, 48.661 sec
*sMTD  35 completed successfully ...        1 min, 48.886 sec
*sMTD  17 completed successfully ...        1 min, 49.793 sec
*sMTD  22 completed successfully ...        1 min, 49.221 sec
*sMTD  16 completed successfully ...        1 min, 50.550 sec
*sMTD  18 completed successfully ...        1 min, 49.875 sec
*sMTD  23 completed successfully ...        1 min, 49.409 sec
*sMTD  21 completed successfully ...        1 min, 49.961 sec
*sMTD  24 completed successfully ...        1 min, 49.697 sec
*sMTD  27 completed successfully ...        1 min, 50.101 sec
*sMTD  30 completed successfully ...        1 min, 50.248 sec
*sMTD  31 completed successfully ...        1 min, 10.133 sec
*sMTD  34 completed successfully ...        1 min,  9.808 sec
*sMTD  32 completed successfully ...        1 min, 12.700 sec
*sMTD  33 completed successfully ...        1 min, 11.455 sec

 ======================================
 |  Multilevel Ensemble Optimization  |
 ======================================
 Optimizing all 3744 structures from file "crest_rotamers_0.xyz" ...
 ----------------------
 crude pre-optimization
 ----------------------
 Optimization engine: ANCOPT
 Hessian update type: BFGS
 E/G convergence criteria:  0.500E-03 Eh, 0.100E-01 Eh/a0
 maximum optimization steps: 200
 |>0.0% |>7.5% |>15.0% |>22.5% |>30.0% |>37.5% |>45.0% |>52.5% |>60.0% |>67.5% |>75.0% |>82.5% |>90.0% |>97.5% |>100.0%
 done.
> 3744 of 3744 structures successfully optimized (100.0% success)
> Total runtime for 3744 optimizations:
 * wall-time:     0 d,  0 h,  2 min,  0.364 sec
 *  cpu-time:     0 d,  0 h, 31 min,  4.295 sec
 * ratio c/w:    15.489 speedup
> Corresponding to approximately 0.032 sec per processed structure

CREGEN> running RMSDs ... done.
CREGEN> E lowest :   -70.32048
 3640 structures remain within    12.00 kcal/mol window
 ---------------------------------------
 optimization with very tight thresholds
 ---------------------------------------
 Optimization engine: ANCOPT
 Hessian update type: BFGS
 E/G convergence criteria:  0.100E-06 Eh, 0.200E-03 Eh/a0
 maximum optimization steps: 200
 |>0.0% |>7.5% |>15.0% |>22.5% |>30.0% |>37.5% |>45.0% |>52.5% |>60.0% |>67.5% |>75.0% |>82.5% |>90.0% |>97.5% |>100.0%
 done.
> 3108 of 3640 structures successfully optimized (85.4% success)
> Total runtime for 3640 optimizations:
 * wall-time:     0 d,  0 h, 14 min, 54.644 sec
 *  cpu-time:     0 d,  3 h, 54 min, 50.745 sec
 * ratio c/w:    15.750 speedup
> Corresponding to approximately 0.246 sec per processed structure

CREGEN> running RMSDs ... done.
CREGEN> E lowest :   -70.32119
 1162 structures remain within     6.00 kcal/mol window
CREGEN> running RMSDs ... done.
CREGEN> E lowest :   -70.32119

 Static MTD simulation iteration 1 finished
 A total of 491 conformers (+14.87%) in crest_conformers.xyz
 S(approx.) =    9.128302 cal/molK (dS = 3.79%)
 Convergence w.r.t. conformers: F
 Convergence w.r.t. entropy   : F

     H(298.15K)-H(0) (conf)      1.276231
                   Cp(conf)      4.187187
                    S(conf)      9.124482

********************************************************************************
**                     I T E R A T I O N    C Y C L E      2                  **
********************************************************************************
 -------------------------------------------
 determining bias structures via PCA/k-Means
 -------------------------------------------

 7 structures were selected
 done.

 -----------------------------------------------
 determining MTD seed structures via PCA/k-Means
 -----------------------------------------------

 36 structures were selected
 done.


 ===========================================================
 Static MTDs (umbrella sampling) on 36 selected conformer(s)
 ===========================================================
> Using 7 constant RMSD bias potentials per MTD
  :::::::::: starting static MTD   1 ::::::::::
  |   MD simulation time   :    10.5 ps       |
  |   target T             :   400.0 K        |
  |   timestep dt          :     5.0 fs       |
  |   dump interval(trj)   :   100.0 fs       |
  |   SHAKE algorithm      : true (all bonds) |
  |   Vbias prefactor (k)  :  0.0029 Eh       |
  |   Vbias exponent (α)   :  1.0000 bohr⁻²   |
  :::::::::: starting static MTD   5 ::::::::::
  |   MD simulation time   :    10.5 ps       |
  |   target T             :   400.0 K        |
  |   timestep dt          :     5.0 fs       |
  |   dump interval(trj)   :   100.0 fs       |
  |   SHAKE algorithm      : true (all bonds) |
  |   Vbias prefactor (k)  :  0.0029 Eh       |
  |   Vbias exponent (α)   :  1.0000 bohr⁻²   |
  :::::::::: starting static MTD  12 ::::::::::
  |   MD simulation time   :    10.5 ps       |
  |   target T             :   400.0 K        |
  |   timestep dt          :     5.0 fs       |
  |   dump interval(trj)   :   100.0 fs       |
  |   SHAKE algorithm      : true (all bonds) |
  |   Vbias prefactor (k)  :  0.0029 Eh       |
  |   Vbias exponent (α)   :  1.0000 bohr⁻²   |
  :::::::::: starting static MTD   2 ::::::::::
  |   MD simulation time   :    10.5 ps       |
  |   target T             :   400.0 K        |
  |   timestep dt          :     5.0 fs       |
  |   dump interval(trj)   :   100.0 fs       |
  |   SHAKE algorithm      : true (all bonds) |
  |   Vbias prefactor (k)  :  0.0029 Eh       |
  |   Vbias exponent (α)   :  1.0000 bohr⁻²   |
  :::::::::: starting static MTD  14 ::::::::::
  |   MD simulation time   :    10.5 ps       |
  |   target T             :   400.0 K        |
  |   timestep dt          :     5.0 fs       |
  |   dump interval(trj)   :   100.0 fs       |
  |   SHAKE algorithm      : true (all bonds) |
  |   Vbias prefactor (k)  :  0.0029 Eh       |
  |   Vbias exponent (α)   :  1.0000 bohr⁻²   |
  :::::::::: starting static MTD  15 ::::::::::
  |   MD simulation time   :    10.5 ps       |
  |   target T             :   400.0 K        |
  |   timestep dt          :     5.0 fs       |
  |   dump interval(trj)   :   100.0 fs       |
  |   SHAKE algorithm      : true (all bonds) |
  |   Vbias prefactor (k)  :  0.0029 Eh       |
  |   Vbias exponent (α)   :  1.0000 bohr⁻²   |
  :::::::::: starting static MTD  13 ::::::::::
  |   MD simulation time   :    10.5 ps       |
  |   target T             :   400.0 K        |
  |   timestep dt          :     5.0 fs       |
  |   dump interval(trj)   :   100.0 fs       |
  |   SHAKE algorithm      : true (all bonds) |
  |   Vbias prefactor (k)  :  0.0029 Eh       |
  |   Vbias exponent (α)   :  1.0000 bohr⁻²   |
  :::::::::: starting static MTD   6 ::::::::::
  |   MD simulation time   :    10.5 ps       |
  |   target T             :   400.0 K        |
  |   timestep dt          :     5.0 fs       |
  |   dump interval(trj)   :   100.0 fs       |
  |   SHAKE algorithm      : true (all bonds) |
  |   Vbias prefactor (k)  :  0.0029 Eh       |
  |   Vbias exponent (α)   :  1.0000 bohr⁻²   |
  :::::::::: starting static MTD  11 ::::::::::
  |   MD simulation time   :    10.5 ps       |
  |   target T             :   400.0 K        |
  |   timestep dt          :     5.0 fs       |
  |   dump interval(trj)   :   100.0 fs       |
  |   SHAKE algorithm      : true (all bonds) |
  |   Vbias prefactor (k)  :  0.0029 Eh       |
  |   Vbias exponent (α)   :  1.0000 bohr⁻²   |
  :::::::::: starting static MTD   3 ::::::::::
  |   MD simulation time   :    10.5 ps       |
  |   target T             :   400.0 K        |
  |   timestep dt          :     5.0 fs       |
  |   dump interval(trj)   :   100.0 fs       |
  |   SHAKE algorithm      : true (all bonds) |
  |   Vbias prefactor (k)  :  0.0029 Eh       |
  |   Vbias exponent (α)   :  1.0000 bohr⁻²   |
  :::::::::: starting static MTD  10 ::::::::::
  |   MD simulation time   :    10.5 ps       |
  |   target T             :   400.0 K        |
  |   timestep dt          :     5.0 fs       |
  |   dump interval(trj)   :   100.0 fs       |
  |   SHAKE algorithm      : true (all bonds) |
  |   Vbias prefactor (k)  :  0.0029 Eh       |
  |   Vbias exponent (α)   :  1.0000 bohr⁻²   |
  :::::::::: starting static MTD   7 ::::::::::
  |   MD simulation time   :    10.5 ps       |
  |   target T             :   400.0 K        |
  |   timestep dt          :     5.0 fs       |
  |   dump interval(trj)   :   100.0 fs       |
  |   SHAKE algorithm      : true (all bonds) |
  |   Vbias prefactor (k)  :  0.0029 Eh       |
  |   Vbias exponent (α)   :  1.0000 bohr⁻²   |
  :::::::::: starting static MTD  36 ::::::::::
  |   MD simulation time   :    10.5 ps       |
  |   target T             :   400.0 K        |
  |   timestep dt          :     5.0 fs       |
  |   dump interval(trj)   :   100.0 fs       |
  |   SHAKE algorithm      : true (all bonds) |
  |   Vbias prefactor (k)  :  0.0029 Eh       |
  |   Vbias exponent (α)   :  1.0000 bohr⁻²   |
  :::::::::: starting static MTD   8 ::::::::::
  |   MD simulation time   :    10.5 ps       |
  |   target T             :   400.0 K        |
  |   timestep dt          :     5.0 fs       |
  |   dump interval(trj)   :   100.0 fs       |
  |   SHAKE algorithm      : true (all bonds) |
  |   Vbias prefactor (k)  :  0.0029 Eh       |
  |   Vbias exponent (α)   :  1.0000 bohr⁻²   |
  :::::::::: starting static MTD   9 ::::::::::
  |   MD simulation time   :    10.5 ps       |
  |   target T             :   400.0 K        |
  |   timestep dt          :     5.0 fs       |
  |   dump interval(trj)   :   100.0 fs       |
  |   SHAKE algorithm      : true (all bonds) |
  |   Vbias prefactor (k)  :  0.0029 Eh       |
  |   Vbias exponent (α)   :  1.0000 bohr⁻²   |
  :::::::::: starting static MTD   4 ::::::::::
  |   MD simulation time   :    10.5 ps       |
  |   target T             :   400.0 K        |
  |   timestep dt          :     5.0 fs       |
  |   dump interval(trj)   :   100.0 fs       |
  |   SHAKE algorithm      : true (all bonds) |
  |   Vbias prefactor (k)  :  0.0029 Eh       |
  |   Vbias exponent (α)   :  1.0000 bohr⁻²   |
*sMTD  15 completed successfully ...        1 min, 47.455 sec
  :::::::::: starting static MTD  16 ::::::::::
  |   MD simulation time   :    10.5 ps       |
  |   target T             :   400.0 K        |
  |   timestep dt          :     5.0 fs       |
  |   dump interval(trj)   :   100.0 fs       |
  |   SHAKE algorithm      : true (all bonds) |
  |   Vbias prefactor (k)  :  0.0029 Eh       |
  |   Vbias exponent (α)   :  1.0000 bohr⁻²   |
*sMTD   5 completed successfully ...        1 min, 47.918 sec
  :::::::::: starting static MTD  17 ::::::::::
  |   MD simulation time   :    10.5 ps       |
  |   target T             :   400.0 K        |
  |   timestep dt          :     5.0 fs       |
  |   dump interval(trj)   :   100.0 fs       |
  |   SHAKE algorithm      : true (all bonds) |
  |   Vbias prefactor (k)  :  0.0029 Eh       |
  |   Vbias exponent (α)   :  1.0000 bohr⁻²   |
*sMTD   4 completed successfully ...        1 min, 48.638 sec
  :::::::::: starting static MTD  18 ::::::::::
  |   MD simulation time   :    10.5 ps       |
  |   target T             :   400.0 K        |
  |   timestep dt          :     5.0 fs       |
  |   dump interval(trj)   :   100.0 fs       |
  |   SHAKE algorithm      : true (all bonds) |
  |   Vbias prefactor (k)  :  0.0029 Eh       |
  |   Vbias exponent (α)   :  1.0000 bohr⁻²   |
*sMTD   7 completed successfully ...        1 min, 49.491 sec
  :::::::::: starting static MTD  19 ::::::::::
  |   MD simulation time   :    10.5 ps       |
  |   target T             :   400.0 K        |
  |   timestep dt          :     5.0 fs       |
  |   dump interval(trj)   :   100.0 fs       |
  |   SHAKE algorithm      : true (all bonds) |
  |   Vbias prefactor (k)  :  0.0029 Eh       |
  |   Vbias exponent (α)   :  1.0000 bohr⁻²   |
*sMTD  13 completed successfully ...        1 min, 49.940 sec
  :::::::::: starting static MTD  20 ::::::::::
  |   MD simulation time   :    10.5 ps       |
  |   target T             :   400.0 K        |
  |   timestep dt          :     5.0 fs       |
  |   dump interval(trj)   :   100.0 fs       |
  |   SHAKE algorithm      : true (all bonds) |
  |   Vbias prefactor (k)  :  0.0029 Eh       |
  |   Vbias exponent (α)   :  1.0000 bohr⁻²   |
*sMTD   2 completed successfully ...        1 min, 49.949 sec
  :::::::::: starting static MTD  21 ::::::::::
  |   MD simulation time   :    10.5 ps       |
  |   target T             :   400.0 K        |
  |   timestep dt          :     5.0 fs       |
  |   dump interval(trj)   :   100.0 fs       |
  |   SHAKE algorithm      : true (all bonds) |
  |   Vbias prefactor (k)  :  0.0029 Eh       |
  |   Vbias exponent (α)   :  1.0000 bohr⁻²   |
*sMTD  36 completed successfully ...        1 min, 50.165 sec
  :::::::::: starting static MTD  35 ::::::::::
  |   MD simulation time   :    10.5 ps       |
  |   target T             :   400.0 K        |
  |   timestep dt          :     5.0 fs       |
  |   dump interval(trj)   :   100.0 fs       |
  |   SHAKE algorithm      : true (all bonds) |
  |   Vbias prefactor (k)  :  0.0029 Eh       |
  |   Vbias exponent (α)   :  1.0000 bohr⁻²   |
*sMTD   9 completed successfully ...        1 min, 50.378 sec
  :::::::::: starting static MTD  22 ::::::::::
  |   MD simulation time   :    10.5 ps       |
  |   target T             :   400.0 K        |
  |   timestep dt          :     5.0 fs       |
  |   dump interval(trj)   :   100.0 fs       |
  |   SHAKE algorithm      : true (all bonds) |
  |   Vbias prefactor (k)  :  0.0029 Eh       |
  |   Vbias exponent (α)   :  1.0000 bohr⁻²   |
*sMTD  11 completed successfully ...        1 min, 50.428 sec
  :::::::::: starting static MTD  23 ::::::::::
  |   MD simulation time   :    10.5 ps       |
  |   target T             :   400.0 K        |
  |   timestep dt          :     5.0 fs       |
  |   dump interval(trj)   :   100.0 fs       |
  |   SHAKE algorithm      : true (all bonds) |
  |   Vbias prefactor (k)  :  0.0029 Eh       |
  |   Vbias exponent (α)   :  1.0000 bohr⁻²   |
*sMTD   8 completed successfully ...        1 min, 50.457 sec
  :::::::::: starting static MTD  24 ::::::::::
  |   MD simulation time   :    10.5 ps       |
  |   target T             :   400.0 K        |
  |   timestep dt          :     5.0 fs       |
  |   dump interval(trj)   :   100.0 fs       |
  |   SHAKE algorithm      : true (all bonds) |
  |   Vbias prefactor (k)  :  0.0029 Eh       |
  |   Vbias exponent (α)   :  1.0000 bohr⁻²   |
*sMTD   6 completed successfully ...        1 min, 50.482 sec
  :::::::::: starting static MTD  25 ::::::::::
  |   MD simulation time   :    10.5 ps       |
  |   target T             :   400.0 K        |
  |   timestep dt          :     5.0 fs       |
  |   dump interval(trj)   :   100.0 fs       |
  |   SHAKE algorithm      : true (all bonds) |
  |   Vbias prefactor (k)  :  0.0029 Eh       |
  |   Vbias exponent (α)   :  1.0000 bohr⁻²   |
*sMTD  12 completed successfully ...        1 min, 50.662 sec
  :::::::::: starting static MTD  26 ::::::::::
  |   MD simulation time   :    10.5 ps       |
  |   target T             :   400.0 K        |
  |   timestep dt          :     5.0 fs       |
  |   dump interval(trj)   :   100.0 fs       |
  |   SHAKE algorithm      : true (all bonds) |
  |   Vbias prefactor (k)  :  0.0029 Eh       |
  |   Vbias exponent (α)   :  1.0000 bohr⁻²   |
*sMTD   1 completed successfully ...        1 min, 50.670 sec
  :::::::::: starting static MTD  27 ::::::::::
  |   MD simulation time   :    10.5 ps       |
  |   target T             :   400.0 K        |
  |   timestep dt          :     5.0 fs       |
  |   dump interval(trj)   :   100.0 fs       |
  |   SHAKE algorithm      : true (all bonds) |
  |   Vbias prefactor (k)  :  0.0029 Eh       |
  |   Vbias exponent (α)   :  1.0000 bohr⁻²   |
*sMTD   3 completed successfully ...        1 min, 50.853 sec
  :::::::::: starting static MTD  28 ::::::::::
  |   MD simulation time   :    10.5 ps       |
  |   target T             :   400.0 K        |
  |   timestep dt          :     5.0 fs       |
  |   dump interval(trj)   :   100.0 fs       |
  |   SHAKE algorithm      : true (all bonds) |
  |   Vbias prefactor (k)  :  0.0029 Eh       |
  |   Vbias exponent (α)   :  1.0000 bohr⁻²   |
*sMTD  10 completed successfully ...        1 min, 51.625 sec
  :::::::::: starting static MTD  29 ::::::::::
  |   MD simulation time   :    10.5 ps       |
  |   target T             :   400.0 K        |
  |   timestep dt          :     5.0 fs       |
  |   dump interval(trj)   :   100.0 fs       |
  |   SHAKE algorithm      : true (all bonds) |
  |   Vbias prefactor (k)  :  0.0029 Eh       |
  |   Vbias exponent (α)   :  1.0000 bohr⁻²   |
*sMTD  14 completed successfully ...        1 min, 52.061 sec
  :::::::::: starting static MTD  30 ::::::::::
  |   MD simulation time   :    10.5 ps       |
  |   target T             :   400.0 K        |
  |   timestep dt          :     5.0 fs       |
  |   dump interval(trj)   :   100.0 fs       |
  |   SHAKE algorithm      : true (all bonds) |
  |   Vbias prefactor (k)  :  0.0029 Eh       |
  |   Vbias exponent (α)   :  1.0000 bohr⁻²   |
*sMTD  27 completed successfully ...        1 min, 43.787 sec
  :::::::::: starting static MTD  31 ::::::::::
  |   MD simulation time   :    10.5 ps       |
  |   target T             :   400.0 K        |
  |   timestep dt          :     5.0 fs       |
  |   dump interval(trj)   :   100.0 fs       |
  |   SHAKE algorithm      : true (all bonds) |
  |   Vbias prefactor (k)  :  0.0029 Eh       |
  |   Vbias exponent (α)   :  1.0000 bohr⁻²   |
*sMTD  16 completed successfully ...        1 min, 47.232 sec
  :::::::::: starting static MTD  32 ::::::::::
  |   MD simulation time   :    10.5 ps       |
  |   target T             :   400.0 K        |
  |   timestep dt          :     5.0 fs       |
  |   dump interval(trj)   :   100.0 fs       |
  |   SHAKE algorithm      : true (all bonds) |
  |   Vbias prefactor (k)  :  0.0029 Eh       |
  |   Vbias exponent (α)   :  1.0000 bohr⁻²   |
*sMTD  35 completed successfully ...        1 min, 47.644 sec
  :::::::::: starting static MTD  34 ::::::::::
  |   MD simulation time   :    10.5 ps       |
  |   target T             :   400.0 K        |
  |   timestep dt          :     5.0 fs       |
  |   dump interval(trj)   :   100.0 fs       |
  |   SHAKE algorithm      : true (all bonds) |
  |   Vbias prefactor (k)  :  0.0029 Eh       |
  |   Vbias exponent (α)   :  1.0000 bohr⁻²   |
*sMTD  29 completed successfully ...        1 min, 46.588 sec
  :::::::::: starting static MTD  33 ::::::::::
  |   MD simulation time   :    10.5 ps       |
  |   target T             :   400.0 K        |
  |   timestep dt          :     5.0 fs       |
  |   dump interval(trj)   :   100.0 fs       |
  |   SHAKE algorithm      : true (all bonds) |
  |   Vbias prefactor (k)  :  0.0029 Eh       |
  |   Vbias exponent (α)   :  1.0000 bohr⁻²   |
*sMTD  18 completed successfully ...        1 min, 49.631 sec
*sMTD  20 completed successfully ...        1 min, 48.600 sec
*sMTD  22 completed successfully ...        1 min, 48.352 sec
*sMTD  21 completed successfully ...        1 min, 49.165 sec
*sMTD  28 completed successfully ...        1 min, 48.293 sec
*sMTD  25 completed successfully ...        1 min, 49.091 sec
*sMTD  17 completed successfully ...        1 min, 51.908 sec
*sMTD  23 completed successfully ...        1 min, 49.564 sec
*sMTD  24 completed successfully ...        1 min, 50.065 sec
*sMTD  19 completed successfully ...        1 min, 51.278 sec
*sMTD  26 completed successfully ...        1 min, 50.830 sec
*sMTD  30 completed successfully ...        1 min, 50.576 sec
*sMTD  31 completed successfully ...        1 min,  8.131 sec
*sMTD  34 completed successfully ...        1 min,  5.474 sec
*sMTD  32 completed successfully ...        1 min, 11.584 sec
*sMTD  33 completed successfully ...        1 min,  9.473 sec

 ======================================
 |  Multilevel Ensemble Optimization  |
 ======================================
 Optimizing all 3744 structures from file "crest_rotamers_0.xyz" ...
 ----------------------
 crude pre-optimization
 ----------------------
 Optimization engine: ANCOPT
 Hessian update type: BFGS
 E/G convergence criteria:  0.500E-03 Eh, 0.100E-01 Eh/a0
 maximum optimization steps: 200
 |>0.0% |>7.5% |>15.0% |>22.5% |>30.0% |>37.5% |>45.0% |>52.5% |>60.0% |>67.5% |>75.0% |>82.5% |>90.0% |>97.5% |>100.0%
 done.
> 3744 of 3744 structures successfully optimized (100.0% success)
> Total runtime for 3744 optimizations:
 * wall-time:     0 d,  0 h,  2 min,  0.462 sec
 *  cpu-time:     0 d,  0 h, 31 min,  5.602 sec
 * ratio c/w:    15.487 speedup
> Corresponding to approximately 0.032 sec per processed structure

CREGEN> running RMSDs ... done.
CREGEN> E lowest :   -70.32052
 3643 structures remain within    12.00 kcal/mol window
 ---------------------------------------
 optimization with very tight thresholds
 ---------------------------------------
 Optimization engine: ANCOPT
 Hessian update type: BFGS
 E/G convergence criteria:  0.100E-06 Eh, 0.200E-03 Eh/a0
 maximum optimization steps: 200
 |>0.0% |>7.5% |>15.0% |>22.5% |>30.0% |>37.5% |>45.0% |>52.5% |>60.0% |>67.5% |>75.0% |>82.5% |>90.0% |>97.5% |>100.0%
 done.
> 3001 of 3643 structures successfully optimized (82.4% success)
> Total runtime for 3643 optimizations:
 * wall-time:     0 d,  0 h, 15 min, 11.625 sec
 *  cpu-time:     0 d,  3 h, 59 min, 13.039 sec
 * ratio c/w:    15.744 speedup
> Corresponding to approximately 0.250 sec per processed structure

CREGEN> running RMSDs ... done.
CREGEN> E lowest :   -70.32119
 1154 structures remain within     6.00 kcal/mol window
CREGEN> running RMSDs ... done.
CREGEN> E lowest :   -70.32119

 Static MTD simulation iteration 2 finished
 A total of 526 conformers (+ 6.65%) in crest_conformers.xyz
 S(approx.) =    9.304184 cal/molK (dS = 1.89%)
 Convergence w.r.t. conformers: F
 Convergence w.r.t. entropy   : F

     H(298.15K)-H(0) (conf)      1.323186
                   Cp(conf)      4.242498
                    S(conf)      9.300255

********************************************************************************
**                     I T E R A T I O N    C Y C L E      3                  **
********************************************************************************
 -------------------------------------------
 determining bias structures via PCA/k-Means
 -------------------------------------------

 9 structures were selected
 done.

 -----------------------------------------------
 determining MTD seed structures via PCA/k-Means
 -----------------------------------------------

 36 structures were selected
 done.


 ===========================================================
 Static MTDs (umbrella sampling) on 36 selected conformer(s)
 ===========================================================
> Using 9 constant RMSD bias potentials per MTD
  :::::::::: starting static MTD   1 ::::::::::
  |   MD simulation time   :    10.5 ps       |
  |   target T             :   400.0 K        |
  |   timestep dt          :     5.0 fs       |
  |   dump interval(trj)   :   100.0 fs       |
  |   SHAKE algorithm      : true (all bonds) |
  |   Vbias prefactor (k)  :  0.0029 Eh       |
  |   Vbias exponent (α)   :  1.0000 bohr⁻²   |
  :::::::::: starting static MTD   7 ::::::::::
  |   MD simulation time   :    10.5 ps       |
  |   target T             :   400.0 K        |
  |   timestep dt          :     5.0 fs       |
  |   dump interval(trj)   :   100.0 fs       |
  |   SHAKE algorithm      : true (all bonds) |
  |   Vbias prefactor (k)  :  0.0029 Eh       |
  |   Vbias exponent (α)   :  1.0000 bohr⁻²   |
  :::::::::: starting static MTD   5 ::::::::::
  |   MD simulation time   :    10.5 ps       |
  |   target T             :   400.0 K        |
  |   timestep dt          :     5.0 fs       |
  |   dump interval(trj)   :   100.0 fs       |
  |   SHAKE algorithm      : true (all bonds) |
  |   Vbias prefactor (k)  :  0.0029 Eh       |
  |   Vbias exponent (α)   :  1.0000 bohr⁻²   |
  :::::::::: starting static MTD   4 ::::::::::
  |   MD simulation time   :    10.5 ps       |
  |   target T             :   400.0 K        |
  |   timestep dt          :     5.0 fs       |
  |   dump interval(trj)   :   100.0 fs       |
  |   SHAKE algorithm      : true (all bonds) |
  |   Vbias prefactor (k)  :  0.0029 Eh       |
  |   Vbias exponent (α)   :  1.0000 bohr⁻²   |
  :::::::::: starting static MTD  36 ::::::::::
  |   MD simulation time   :    10.5 ps       |
  |   target T             :   400.0 K        |
  |   timestep dt          :     5.0 fs       |
  |   dump interval(trj)   :   100.0 fs       |
  |   SHAKE algorithm      : true (all bonds) |
  |   Vbias prefactor (k)  :  0.0029 Eh       |
  |   Vbias exponent (α)   :  1.0000 bohr⁻²   |
  :::::::::: starting static MTD   3 ::::::::::
  |   MD simulation time   :    10.5 ps       |
  |   target T             :   400.0 K        |
  |   timestep dt          :     5.0 fs       |
  |   dump interval(trj)   :   100.0 fs       |
  |   SHAKE algorithm      : true (all bonds) |
  |   Vbias prefactor (k)  :  0.0029 Eh       |
  |   Vbias exponent (α)   :  1.0000 bohr⁻²   |
  :::::::::: starting static MTD   9 ::::::::::
  |   MD simulation time   :    10.5 ps       |
  |   target T             :   400.0 K        |
  |   timestep dt          :     5.0 fs       |
  |   dump interval(trj)   :   100.0 fs       |
  |   SHAKE algorithm      : true (all bonds) |
  |   Vbias prefactor (k)  :  0.0029 Eh       |
  |   Vbias exponent (α)   :  1.0000 bohr⁻²   |
  :::::::::: starting static MTD  11 ::::::::::
  |   MD simulation time   :    10.5 ps       |
  |   target T             :   400.0 K        |
  |   timestep dt          :     5.0 fs       |
  |   dump interval(trj)   :   100.0 fs       |
  |   SHAKE algorithm      : true (all bonds) |
  |   Vbias prefactor (k)  :  0.0029 Eh       |
  |   Vbias exponent (α)   :  1.0000 bohr⁻²   |
  :::::::::: starting static MTD  10 ::::::::::
  |   MD simulation time   :    10.5 ps       |
  |   target T             :   400.0 K        |
  |   timestep dt          :     5.0 fs       |
  |   dump interval(trj)   :   100.0 fs       |
  |   SHAKE algorithm      : true (all bonds) |
  |   Vbias prefactor (k)  :  0.0029 Eh       |
  |   Vbias exponent (α)   :  1.0000 bohr⁻²   |
  :::::::::: starting static MTD  14 ::::::::::
  |   MD simulation time   :    10.5 ps       |
  |   target T             :   400.0 K        |
  |   timestep dt          :     5.0 fs       |
  |   dump interval(trj)   :   100.0 fs       |
  |   SHAKE algorithm      : true (all bonds) |
  |   Vbias prefactor (k)  :  0.0029 Eh       |
  |   Vbias exponent (α)   :  1.0000 bohr⁻²   |
  :::::::::: starting static MTD  15 ::::::::::
  |   MD simulation time   :    10.5 ps       |
  |   target T             :   400.0 K        |
  |   timestep dt          :     5.0 fs       |
  |   dump interval(trj)   :   100.0 fs       |
  |   SHAKE algorithm      : true (all bonds) |
  |   Vbias prefactor (k)  :  0.0029 Eh       |
  |   Vbias exponent (α)   :  1.0000 bohr⁻²   |
  :::::::::: starting static MTD   6 ::::::::::
  |   MD simulation time   :    10.5 ps       |
  |   target T             :   400.0 K        |
  |   timestep dt          :     5.0 fs       |
  |   dump interval(trj)   :   100.0 fs       |
  |   SHAKE algorithm      : true (all bonds) |
  |   Vbias prefactor (k)  :  0.0029 Eh       |
  |   Vbias exponent (α)   :  1.0000 bohr⁻²   |
  :::::::::: starting static MTD   8 ::::::::::
  |   MD simulation time   :    10.5 ps       |
  |   target T             :   400.0 K        |
  |   timestep dt          :     5.0 fs       |
  |   dump interval(trj)   :   100.0 fs       |
  |   SHAKE algorithm      : true (all bonds) |
  |   Vbias prefactor (k)  :  0.0029 Eh       |
  |   Vbias exponent (α)   :  1.0000 bohr⁻²   |
  :::::::::: starting static MTD  12 ::::::::::
  |   MD simulation time   :    10.5 ps       |
  |   target T             :   400.0 K        |
  |   timestep dt          :     5.0 fs       |
  |   dump interval(trj)   :   100.0 fs       |
  |   SHAKE algorithm      : true (all bonds) |
  |   Vbias prefactor (k)  :  0.0029 Eh       |
  |   Vbias exponent (α)   :  1.0000 bohr⁻²   |
  :::::::::: starting static MTD  13 ::::::::::
  |   MD simulation time   :    10.5 ps       |
  |   target T             :   400.0 K        |
  |   timestep dt          :     5.0 fs       |
  |   dump interval(trj)   :   100.0 fs       |
  |   SHAKE algorithm      : true (all bonds) |
  |   Vbias prefactor (k)  :  0.0029 Eh       |
  |   Vbias exponent (α)   :  1.0000 bohr⁻²   |
  :::::::::: starting static MTD   2 ::::::::::
  |   MD simulation time   :    10.5 ps       |
  |   target T             :   400.0 K        |
  |   timestep dt          :     5.0 fs       |
  |   dump interval(trj)   :   100.0 fs       |
  |   SHAKE algorithm      : true (all bonds) |
  |   Vbias prefactor (k)  :  0.0029 Eh       |
  |   Vbias exponent (α)   :  1.0000 bohr⁻²   |
*sMTD  36 completed successfully ...        1 min, 43.341 sec
  :::::::::: starting static MTD  35 ::::::::::
  |   MD simulation time   :    10.5 ps       |
  |   target T             :   400.0 K        |
  |   timestep dt          :     5.0 fs       |
  |   dump interval(trj)   :   100.0 fs       |
  |   SHAKE algorithm      : true (all bonds) |
  |   Vbias prefactor (k)  :  0.0029 Eh       |
  |   Vbias exponent (α)   :  1.0000 bohr⁻²   |
*sMTD   7 completed successfully ...        1 min, 48.489 sec
  :::::::::: starting static MTD  16 ::::::::::
  |   MD simulation time   :    10.5 ps       |
  |   target T             :   400.0 K        |
  |   timestep dt          :     5.0 fs       |
  |   dump interval(trj)   :   100.0 fs       |
  |   SHAKE algorithm      : true (all bonds) |
  |   Vbias prefactor (k)  :  0.0029 Eh       |
  |   Vbias exponent (α)   :  1.0000 bohr⁻²   |
*sMTD   2 completed successfully ...        1 min, 48.637 sec
  :::::::::: starting static MTD  17 ::::::::::
  |   MD simulation time   :    10.5 ps       |
  |   target T             :   400.0 K        |
  |   timestep dt          :     5.0 fs       |
  |   dump interval(trj)   :   100.0 fs       |
  |   SHAKE algorithm      : true (all bonds) |
  |   Vbias prefactor (k)  :  0.0029 Eh       |
  |   Vbias exponent (α)   :  1.0000 bohr⁻²   |
*sMTD   6 completed successfully ...        1 min, 48.775 sec
  :::::::::: starting static MTD  18 ::::::::::
  |   MD simulation time   :    10.5 ps       |
  |   target T             :   400.0 K        |
  |   timestep dt          :     5.0 fs       |
  |   dump interval(trj)   :   100.0 fs       |
  |   SHAKE algorithm      : true (all bonds) |
  |   Vbias prefactor (k)  :  0.0029 Eh       |
  |   Vbias exponent (α)   :  1.0000 bohr⁻²   |
*sMTD  10 completed successfully ...        1 min, 48.831 sec
  :::::::::: starting static MTD  19 ::::::::::
  |   MD simulation time   :    10.5 ps       |
  |   target T             :   400.0 K        |
  |   timestep dt          :     5.0 fs       |
  |   dump interval(trj)   :   100.0 fs       |
  |   SHAKE algorithm      : true (all bonds) |
  |   Vbias prefactor (k)  :  0.0029 Eh       |
  |   Vbias exponent (α)   :  1.0000 bohr⁻²   |
*sMTD   8 completed successfully ...        1 min, 48.921 sec
  :::::::::: starting static MTD  20 ::::::::::
  |   MD simulation time   :    10.5 ps       |
  |   target T             :   400.0 K        |
  |   timestep dt          :     5.0 fs       |
  |   dump interval(trj)   :   100.0 fs       |
  |   SHAKE algorithm      : true (all bonds) |
  |   Vbias prefactor (k)  :  0.0029 Eh       |
  |   Vbias exponent (α)   :  1.0000 bohr⁻²   |
*sMTD   3 completed successfully ...        1 min, 49.259 sec
  :::::::::: starting static MTD  21 ::::::::::
  |   MD simulation time   :    10.5 ps       |
  |   target T             :   400.0 K        |
  |   timestep dt          :     5.0 fs       |
  |   dump interval(trj)   :   100.0 fs       |
  |   SHAKE algorithm      : true (all bonds) |
  |   Vbias prefactor (k)  :  0.0029 Eh       |
  |   Vbias exponent (α)   :  1.0000 bohr⁻²   |
*sMTD   1 completed successfully ...        1 min, 50.068 sec
  :::::::::: starting static MTD  22 ::::::::::
  |   MD simulation time   :    10.5 ps       |
  |   target T             :   400.0 K        |
  |   timestep dt          :     5.0 fs       |
  |   dump interval(trj)   :   100.0 fs       |
  |   SHAKE algorithm      : true (all bonds) |
  |   Vbias prefactor (k)  :  0.0029 Eh       |
  |   Vbias exponent (α)   :  1.0000 bohr⁻²   |
*sMTD  14 completed successfully ...        1 min, 50.724 sec
  :::::::::: starting static MTD  23 ::::::::::
  |   MD simulation time   :    10.5 ps       |
  |   target T             :   400.0 K        |
  |   timestep dt          :     5.0 fs       |
  |   dump interval(trj)   :   100.0 fs       |
  |   SHAKE algorithm      : true (all bonds) |
  |   Vbias prefactor (k)  :  0.0029 Eh       |
  |   Vbias exponent (α)   :  1.0000 bohr⁻²   |
*sMTD  12 completed successfully ...        1 min, 50.768 sec
  :::::::::: starting static MTD  24 ::::::::::
  |   MD simulation time   :    10.5 ps       |
  |   target T             :   400.0 K        |
  |   timestep dt          :     5.0 fs       |
  |   dump interval(trj)   :   100.0 fs       |
  |   SHAKE algorithm      : true (all bonds) |
  |   Vbias prefactor (k)  :  0.0029 Eh       |
  |   Vbias exponent (α)   :  1.0000 bohr⁻²   |
*sMTD  13 completed successfully ...        1 min, 51.631 sec
  :::::::::: starting static MTD  25 ::::::::::
  |   MD simulation time   :    10.5 ps       |
  |   target T             :   400.0 K        |
  |   timestep dt          :     5.0 fs       |
  |   dump interval(trj)   :   100.0 fs       |
  |   SHAKE algorithm      : true (all bonds) |
  |   Vbias prefactor (k)  :  0.0029 Eh       |
  |   Vbias exponent (α)   :  1.0000 bohr⁻²   |
*sMTD  11 completed successfully ...        1 min, 51.811 sec
  :::::::::: starting static MTD  26 ::::::::::
  |   MD simulation time   :    10.5 ps       |
  |   target T             :   400.0 K        |
  |   timestep dt          :     5.0 fs       |
  |   dump interval(trj)   :   100.0 fs       |
  |   SHAKE algorithm      : true (all bonds) |
  |   Vbias prefactor (k)  :  0.0029 Eh       |
  |   Vbias exponent (α)   :  1.0000 bohr⁻²   |
*sMTD  15 completed successfully ...        1 min, 52.018 sec
  :::::::::: starting static MTD  27 ::::::::::
  |   MD simulation time   :    10.5 ps       |
  |   target T             :   400.0 K        |
  |   timestep dt          :     5.0 fs       |
  |   dump interval(trj)   :   100.0 fs       |
  |   SHAKE algorithm      : true (all bonds) |
  |   Vbias prefactor (k)  :  0.0029 Eh       |
  |   Vbias exponent (α)   :  1.0000 bohr⁻²   |
*sMTD   4 completed successfully ...        1 min, 52.241 sec
  :::::::::: starting static MTD  28 ::::::::::
  |   MD simulation time   :    10.5 ps       |
  |   target T             :   400.0 K        |
  |   timestep dt          :     5.0 fs       |
  |   dump interval(trj)   :   100.0 fs       |
  |   SHAKE algorithm      : true (all bonds) |
  |   Vbias prefactor (k)  :  0.0029 Eh       |
  |   Vbias exponent (α)   :  1.0000 bohr⁻²   |
*sMTD   5 completed successfully ...        1 min, 52.580 sec
  :::::::::: starting static MTD  29 ::::::::::
  |   MD simulation time   :    10.5 ps       |
  |   target T             :   400.0 K        |
  |   timestep dt          :     5.0 fs       |
  |   dump interval(trj)   :   100.0 fs       |
  |   SHAKE algorithm      : true (all bonds) |
  |   Vbias prefactor (k)  :  0.0029 Eh       |
  |   Vbias exponent (α)   :  1.0000 bohr⁻²   |
*sMTD   9 completed successfully ...        1 min, 53.262 sec
  :::::::::: starting static MTD  30 ::::::::::
  |   MD simulation time   :    10.5 ps       |
  |   target T             :   400.0 K        |
  |   timestep dt          :     5.0 fs       |
  |   dump interval(trj)   :   100.0 fs       |
  |   SHAKE algorithm      : true (all bonds) |
  |   Vbias prefactor (k)  :  0.0029 Eh       |
  |   Vbias exponent (α)   :  1.0000 bohr⁻²   |
*sMTD  35 completed successfully ...        1 min, 53.090 sec
  :::::::::: starting static MTD  34 ::::::::::
  |   MD simulation time   :    10.5 ps       |
  |   target T             :   400.0 K        |
  |   timestep dt          :     5.0 fs       |
  |   dump interval(trj)   :   100.0 fs       |
  |   SHAKE algorithm      : true (all bonds) |
  |   Vbias prefactor (k)  :  0.0029 Eh       |
  |   Vbias exponent (α)   :  1.0000 bohr⁻²   |
*sMTD  27 completed successfully ...        1 min, 45.343 sec
  :::::::::: starting static MTD  31 ::::::::::
  |   MD simulation time   :    10.5 ps       |
  |   target T             :   400.0 K        |
  |   timestep dt          :     5.0 fs       |
  |   dump interval(trj)   :   100.0 fs       |
  |   SHAKE algorithm      : true (all bonds) |
  |   Vbias prefactor (k)  :  0.0029 Eh       |
  |   Vbias exponent (α)   :  1.0000 bohr⁻²   |
*sMTD  30 completed successfully ...        1 min, 44.407 sec
  :::::::::: starting static MTD  32 ::::::::::
  |   MD simulation time   :    10.5 ps       |
  |   target T             :   400.0 K        |
  |   timestep dt          :     5.0 fs       |
  |   dump interval(trj)   :   100.0 fs       |
  |   SHAKE algorithm      : true (all bonds) |
  |   Vbias prefactor (k)  :  0.0029 Eh       |
  |   Vbias exponent (α)   :  1.0000 bohr⁻²   |
*sMTD  24 completed successfully ...        1 min, 47.177 sec
  :::::::::: starting static MTD  33 ::::::::::
  |   MD simulation time   :    10.5 ps       |
  |   target T             :   400.0 K        |
  |   timestep dt          :     5.0 fs       |
  |   dump interval(trj)   :   100.0 fs       |
  |   SHAKE algorithm      : true (all bonds) |
  |   Vbias prefactor (k)  :  0.0029 Eh       |
  |   Vbias exponent (α)   :  1.0000 bohr⁻²   |
*sMTD  18 completed successfully ...        1 min, 49.257 sec
*sMTD  17 completed successfully ...        1 min, 49.620 sec
*sMTD  21 completed successfully ...        1 min, 49.007 sec
*sMTD  19 completed successfully ...        1 min, 49.765 sec
*sMTD  22 completed successfully ...        1 min, 48.729 sec
*sMTD  28 completed successfully ...        1 min, 47.175 sec
*sMTD  23 completed successfully ...        1 min, 48.701 sec
*sMTD  20 completed successfully ...        1 min, 50.665 sec
*sMTD  26 completed successfully ...        1 min, 47.992 sec
*sMTD  16 completed successfully ...        1 min, 51.806 sec
*sMTD  25 completed successfully ...        1 min, 49.031 sec
*sMTD  29 completed successfully ...        1 min, 49.386 sec
*sMTD  34 completed successfully ...        1 min,  8.282 sec
*sMTD  33 completed successfully ...        1 min,  8.280 sec
*sMTD  31 completed successfully ...        1 min,  9.239 sec
*sMTD  32 completed successfully ...        1 min,  9.841 sec

 ======================================
 |  Multilevel Ensemble Optimization  |
 ======================================
 Optimizing all 3744 structures from file "crest_rotamers_0.xyz" ...
 ----------------------
 crude pre-optimization
 ----------------------
 Optimization engine: ANCOPT
 Hessian update type: BFGS
 E/G convergence criteria:  0.500E-03 Eh, 0.100E-01 Eh/a0
 maximum optimization steps: 200
 |>0.0% |>7.5% |>15.0% |>22.5% |>30.0% |>37.5% |>45.0% |>52.5% |>60.0% |>67.5% |>75.0% |>82.5% |>90.0% |>97.5% |>100.0%
 done.
> 3744 of 3744 structures successfully optimized (100.0% success)
> Total runtime for 3744 optimizations:
 * wall-time:     0 d,  0 h,  2 min,  0.463 sec
 *  cpu-time:     0 d,  0 h, 31 min,  3.004 sec
 * ratio c/w:    15.465 speedup
> Corresponding to approximately 0.032 sec per processed structure

CREGEN> running RMSDs ... done.
CREGEN> E lowest :   -70.32057
 3629 structures remain within    12.00 kcal/mol window
 ---------------------------------------
 optimization with very tight thresholds
 ---------------------------------------
 Optimization engine: ANCOPT
 Hessian update type: BFGS
 E/G convergence criteria:  0.100E-06 Eh, 0.200E-03 Eh/a0
 maximum optimization steps: 200
 |>0.0% |>7.5% |>15.0% |>22.5% |>30.0% |>37.5% |>45.0% |>52.5% |>60.0% |>67.5% |>75.0% |>82.5% |>90.0% |>97.5% |>100.0%
 done.
> 2979 of 3629 structures successfully optimized (82.1% success)
> Total runtime for 3629 optimizations:
 * wall-time:     0 d,  0 h, 14 min, 54.457 sec
 *  cpu-time:     0 d,  3 h, 54 min, 22.228 sec
 * ratio c/w:    15.722 speedup
> Corresponding to approximately 0.246 sec per processed structure

CREGEN> running RMSDs ... done.
CREGEN> E lowest :   -70.32119
 1138 structures remain within     6.00 kcal/mol window
CREGEN> running RMSDs ... done.
CREGEN> E lowest :   -70.32119

 Static MTD simulation iteration 3 finished
 A total of 546 conformers (+ 3.66%) in crest_conformers.xyz
 S(approx.) =    9.399040 cal/molK (dS = 1.01%)
 Convergence w.r.t. conformers: F
 Convergence w.r.t. entropy   : F

     H(298.15K)-H(0) (conf)      1.362118
                   Cp(conf)      4.238018
                    S(conf)      9.395117

********************************************************************************
**                     I T E R A T I O N    C Y C L E      4                  **
********************************************************************************
 -------------------------------------------
 determining bias structures via PCA/k-Means
 -------------------------------------------

 11 structures were selected
 done.

 -----------------------------------------------
 determining MTD seed structures via PCA/k-Means
 -----------------------------------------------

 36 structures were selected
 done.


 ===========================================================
 Static MTDs (umbrella sampling) on 36 selected conformer(s)
 ===========================================================
> Using 11 constant RMSD bias potentials per MTD
  :::::::::: starting static MTD   1 ::::::::::
  |   MD simulation time   :    10.5 ps       |
  |   target T             :   400.0 K        |
  |   timestep dt          :     5.0 fs       |
  |   dump interval(trj)   :   100.0 fs       |
  |   SHAKE algorithm      : true (all bonds) |
  |   Vbias prefactor (k)  :  0.0029 Eh       |
  |   Vbias exponent (α)   :  1.0000 bohr⁻²   |
  :::::::::: starting static MTD   5 ::::::::::
  |   MD simulation time   :    10.5 ps       |
  |   target T             :   400.0 K        |
  |   timestep dt          :     5.0 fs       |
  |   dump interval(trj)   :   100.0 fs       |
  |   SHAKE algorithm      : true (all bonds) |
  |   Vbias prefactor (k)  :  0.0029 Eh       |
  |   Vbias exponent (α)   :  1.0000 bohr⁻²   |
  :::::::::: starting static MTD   3 ::::::::::
  |   MD simulation time   :    10.5 ps       |
  |   target T             :   400.0 K        |
  |   timestep dt          :     5.0 fs       |
  |   dump interval(trj)   :   100.0 fs       |
  |   SHAKE algorithm      : true (all bonds) |
  |   Vbias prefactor (k)  :  0.0029 Eh       |
  |   Vbias exponent (α)   :  1.0000 bohr⁻²   |
  :::::::::: starting static MTD   6 ::::::::::
  |   MD simulation time   :    10.5 ps       |
  |   target T             :   400.0 K        |
  |   timestep dt          :     5.0 fs       |
  |   dump interval(trj)   :   100.0 fs       |
  |   SHAKE algorithm      : true (all bonds) |
  |   Vbias prefactor (k)  :  0.0029 Eh       |
  |   Vbias exponent (α)   :  1.0000 bohr⁻²   |
  :::::::::: starting static MTD  36 ::::::::::
  |   MD simulation time   :    10.5 ps       |
  |   target T             :   400.0 K        |
  |   timestep dt          :     5.0 fs       |
  |   dump interval(trj)   :   100.0 fs       |
  |   SHAKE algorithm      : true (all bonds) |
  |   Vbias prefactor (k)  :  0.0029 Eh       |
  |   Vbias exponent (α)   :  1.0000 bohr⁻²   |
  :::::::::: starting static MTD   2 ::::::::::
  |   MD simulation time   :    10.5 ps       |
  |   target T             :   400.0 K        |
  |   timestep dt          :     5.0 fs       |
  |   dump interval(trj)   :   100.0 fs       |
  |   SHAKE algorithm      : true (all bonds) |
  |   Vbias prefactor (k)  :  0.0029 Eh       |
  |   Vbias exponent (α)   :  1.0000 bohr⁻²   |
  :::::::::: starting static MTD  11 ::::::::::
  |   MD simulation time   :    10.5 ps       |
  |   target T             :   400.0 K        |
  |   timestep dt          :     5.0 fs       |
  |   dump interval(trj)   :   100.0 fs       |
  |   SHAKE algorithm      : true (all bonds) |
  |   Vbias prefactor (k)  :  0.0029 Eh       |
  |   Vbias exponent (α)   :  1.0000 bohr⁻²   |
  :::::::::: starting static MTD   8 ::::::::::
  |   MD simulation time   :    10.5 ps       |
  |   target T             :   400.0 K        |
  |   timestep dt          :     5.0 fs       |
  |   dump interval(trj)   :   100.0 fs       |
  |   SHAKE algorithm      : true (all bonds) |
  |   Vbias prefactor (k)  :  0.0029 Eh       |
  |   Vbias exponent (α)   :  1.0000 bohr⁻²   |
  :::::::::: starting static MTD  10 ::::::::::
  |   MD simulation time   :    10.5 ps       |
  |   target T             :   400.0 K        |
  |   timestep dt          :     5.0 fs       |
  |   dump interval(trj)   :   100.0 fs       |
  |   SHAKE algorithm      : true (all bonds) |
  |   Vbias prefactor (k)  :  0.0029 Eh       |
  |   Vbias exponent (α)   :  1.0000 bohr⁻²   |
  :::::::::: starting static MTD  14 ::::::::::
  |   MD simulation time   :    10.5 ps       |
  |   target T             :   400.0 K        |
  |   timestep dt          :     5.0 fs       |
  |   dump interval(trj)   :   100.0 fs       |
  |   SHAKE algorithm      : true (all bonds) |
  |   Vbias prefactor (k)  :  0.0029 Eh       |
  |   Vbias exponent (α)   :  1.0000 bohr⁻²   |
  :::::::::: starting static MTD  15 ::::::::::
  |   MD simulation time   :    10.5 ps       |
  |   target T             :   400.0 K        |
  |   timestep dt          :     5.0 fs       |
  |   dump interval(trj)   :   100.0 fs       |
  |   SHAKE algorithm      : true (all bonds) |
  |   Vbias prefactor (k)  :  0.0029 Eh       |
  |   Vbias exponent (α)   :  1.0000 bohr⁻²   |
  :::::::::: starting static MTD  12 ::::::::::
  |   MD simulation time   :    10.5 ps       |
  |   target T             :   400.0 K        |
  |   timestep dt          :     5.0 fs       |
  |   dump interval(trj)   :   100.0 fs       |
  |   SHAKE algorithm      : true (all bonds) |
  |   Vbias prefactor (k)  :  0.0029 Eh       |
  |   Vbias exponent (α)   :  1.0000 bohr⁻²   |
  :::::::::: starting static MTD   7 ::::::::::
  |   MD simulation time   :    10.5 ps       |
  |   target T             :   400.0 K        |
  |   timestep dt          :     5.0 fs       |
  |   dump interval(trj)   :   100.0 fs       |
  |   SHAKE algorithm      : true (all bonds) |
  |   Vbias prefactor (k)  :  0.0029 Eh       |
  |   Vbias exponent (α)   :  1.0000 bohr⁻²   |
  :::::::::: starting static MTD   4 ::::::::::
  |   MD simulation time   :    10.5 ps       |
  |   target T             :   400.0 K        |
  |   timestep dt          :     5.0 fs       |
  |   dump interval(trj)   :   100.0 fs       |
  |   SHAKE algorithm      : true (all bonds) |
  |   Vbias prefactor (k)  :  0.0029 Eh       |
  |   Vbias exponent (α)   :  1.0000 bohr⁻²   |
  :::::::::: starting static MTD   9 ::::::::::
  |   MD simulation time   :    10.5 ps       |
  |   target T             :   400.0 K        |
  |   timestep dt          :     5.0 fs       |
  |   dump interval(trj)   :   100.0 fs       |
  |   SHAKE algorithm      : true (all bonds) |
  |   Vbias prefactor (k)  :  0.0029 Eh       |
  |   Vbias exponent (α)   :  1.0000 bohr⁻²   |
  :::::::::: starting static MTD  13 ::::::::::
  |   MD simulation time   :    10.5 ps       |
  |   target T             :   400.0 K        |
  |   timestep dt          :     5.0 fs       |
  |   dump interval(trj)   :   100.0 fs       |
  |   SHAKE algorithm      : true (all bonds) |
  |   Vbias prefactor (k)  :  0.0029 Eh       |
  |   Vbias exponent (α)   :  1.0000 bohr⁻²   |
*sMTD   6 completed successfully ...        1 min, 47.365 sec
  :::::::::: starting static MTD  16 ::::::::::
  |   MD simulation time   :    10.5 ps       |
  |   target T             :   400.0 K        |
  |   timestep dt          :     5.0 fs       |
  |   dump interval(trj)   :   100.0 fs       |
  |   SHAKE algorithm      : true (all bonds) |
  |   Vbias prefactor (k)  :  0.0029 Eh       |
  |   Vbias exponent (α)   :  1.0000 bohr⁻²   |
*sMTD   4 completed successfully ...        1 min, 47.989 sec
  :::::::::: starting static MTD  17 ::::::::::
  |   MD simulation time   :    10.5 ps       |
  |   target T             :   400.0 K        |
  |   timestep dt          :     5.0 fs       |
  |   dump interval(trj)   :   100.0 fs       |
  |   SHAKE algorithm      : true (all bonds) |
  |   Vbias prefactor (k)  :  0.0029 Eh       |
  |   Vbias exponent (α)   :  1.0000 bohr⁻²   |
*sMTD   7 completed successfully ...        1 min, 48.678 sec
  :::::::::: starting static MTD  18 ::::::::::
  |   MD simulation time   :    10.5 ps       |
  |   target T             :   400.0 K        |
  |   timestep dt          :     5.0 fs       |
  |   dump interval(trj)   :   100.0 fs       |
  |   SHAKE algorithm      : true (all bonds) |
  |   Vbias prefactor (k)  :  0.0029 Eh       |
  |   Vbias exponent (α)   :  1.0000 bohr⁻²   |
*sMTD   9 completed successfully ...        1 min, 49.855 sec
  :::::::::: starting static MTD  19 ::::::::::
  |   MD simulation time   :    10.5 ps       |
  |   target T             :   400.0 K        |
  |   timestep dt          :     5.0 fs       |
  |   dump interval(trj)   :   100.0 fs       |
  |   SHAKE algorithm      : true (all bonds) |
  |   Vbias prefactor (k)  :  0.0029 Eh       |
  |   Vbias exponent (α)   :  1.0000 bohr⁻²   |
*sMTD   1 completed successfully ...        1 min, 49.943 sec
  :::::::::: starting static MTD  20 ::::::::::
  |   MD simulation time   :    10.5 ps       |
  |   target T             :   400.0 K        |
  |   timestep dt          :     5.0 fs       |
  |   dump interval(trj)   :   100.0 fs       |
  |   SHAKE algorithm      : true (all bonds) |
  |   Vbias prefactor (k)  :  0.0029 Eh       |
  |   Vbias exponent (α)   :  1.0000 bohr⁻²   |
*sMTD  36 completed successfully ...        1 min, 50.070 sec
  :::::::::: starting static MTD  35 ::::::::::
  |   MD simulation time   :    10.5 ps       |
  |   target T             :   400.0 K        |
  |   timestep dt          :     5.0 fs       |
  |   dump interval(trj)   :   100.0 fs       |
  |   SHAKE algorithm      : true (all bonds) |
  |   Vbias prefactor (k)  :  0.0029 Eh       |
  |   Vbias exponent (α)   :  1.0000 bohr⁻²   |
*sMTD  13 completed successfully ...        1 min, 50.203 sec
  :::::::::: starting static MTD  21 ::::::::::
  |   MD simulation time   :    10.5 ps       |
  |   target T             :   400.0 K        |
  |   timestep dt          :     5.0 fs       |
  |   dump interval(trj)   :   100.0 fs       |
  |   SHAKE algorithm      : true (all bonds) |
  |   Vbias prefactor (k)  :  0.0029 Eh       |
  |   Vbias exponent (α)   :  1.0000 bohr⁻²   |
*sMTD   8 completed successfully ...        1 min, 50.244 sec
  :::::::::: starting static MTD  22 ::::::::::
  |   MD simulation time   :    10.5 ps       |
  |   target T             :   400.0 K        |
  |   timestep dt          :     5.0 fs       |
  |   dump interval(trj)   :   100.0 fs       |
  |   SHAKE algorithm      : true (all bonds) |
  |   Vbias prefactor (k)  :  0.0029 Eh       |
  |   Vbias exponent (α)   :  1.0000 bohr⁻²   |
*sMTD  12 completed successfully ...        1 min, 50.339 sec
  :::::::::: starting static MTD  23 ::::::::::
  |   MD simulation time   :    10.5 ps       |
  |   target T             :   400.0 K        |
  |   timestep dt          :     5.0 fs       |
  |   dump interval(trj)   :   100.0 fs       |
  |   SHAKE algorithm      : true (all bonds) |
  |   Vbias prefactor (k)  :  0.0029 Eh       |
  |   Vbias exponent (α)   :  1.0000 bohr⁻²   |
*sMTD  14 completed successfully ...        1 min, 50.457 sec
  :::::::::: starting static MTD  24 ::::::::::
  |   MD simulation time   :    10.5 ps       |
  |   target T             :   400.0 K        |
  |   timestep dt          :     5.0 fs       |
  |   dump interval(trj)   :   100.0 fs       |
  |   SHAKE algorithm      : true (all bonds) |
  |   Vbias prefactor (k)  :  0.0029 Eh       |
  |   Vbias exponent (α)   :  1.0000 bohr⁻²   |
*sMTD  15 completed successfully ...        1 min, 50.579 sec
  :::::::::: starting static MTD  25 ::::::::::
  |   MD simulation time   :    10.5 ps       |
  |   target T             :   400.0 K        |
  |   timestep dt          :     5.0 fs       |
  |   dump interval(trj)   :   100.0 fs       |
  |   SHAKE algorithm      : true (all bonds) |
  |   Vbias prefactor (k)  :  0.0029 Eh       |
  |   Vbias exponent (α)   :  1.0000 bohr⁻²   |
*sMTD  10 completed successfully ...        1 min, 50.864 sec
  :::::::::: starting static MTD  26 ::::::::::
  |   MD simulation time   :    10.5 ps       |
  |   target T             :   400.0 K        |
  |   timestep dt          :     5.0 fs       |
  |   dump interval(trj)   :   100.0 fs       |
  |   SHAKE algorithm      : true (all bonds) |
  |   Vbias prefactor (k)  :  0.0029 Eh       |
  |   Vbias exponent (α)   :  1.0000 bohr⁻²   |
*sMTD  11 completed successfully ...        1 min, 50.871 sec
  :::::::::: starting static MTD  27 ::::::::::
  |   MD simulation time   :    10.5 ps       |
  |   target T             :   400.0 K        |
  |   timestep dt          :     5.0 fs       |
  |   dump interval(trj)   :   100.0 fs       |
  |   SHAKE algorithm      : true (all bonds) |
  |   Vbias prefactor (k)  :  0.0029 Eh       |
  |   Vbias exponent (α)   :  1.0000 bohr⁻²   |
*sMTD   3 completed successfully ...        1 min, 50.883 sec
  :::::::::: starting static MTD  28 ::::::::::
  |   MD simulation time   :    10.5 ps       |
  |   target T             :   400.0 K        |
  |   timestep dt          :     5.0 fs       |
  |   dump interval(trj)   :   100.0 fs       |
  |   SHAKE algorithm      : true (all bonds) |
  |   Vbias prefactor (k)  :  0.0029 Eh       |
  |   Vbias exponent (α)   :  1.0000 bohr⁻²   |
*sMTD   5 completed successfully ...        1 min, 51.162 sec
  :::::::::: starting static MTD  29 ::::::::::
  |   MD simulation time   :    10.5 ps       |
  |   target T             :   400.0 K        |
  |   timestep dt          :     5.0 fs       |
  |   dump interval(trj)   :   100.0 fs       |
  |   SHAKE algorithm      : true (all bonds) |
  |   Vbias prefactor (k)  :  0.0029 Eh       |
  |   Vbias exponent (α)   :  1.0000 bohr⁻²   |
*sMTD   2 completed successfully ...        1 min, 51.916 sec
  :::::::::: starting static MTD  30 ::::::::::
  |   MD simulation time   :    10.5 ps       |
  |   target T             :   400.0 K        |
  |   timestep dt          :     5.0 fs       |
  |   dump interval(trj)   :   100.0 fs       |
  |   SHAKE algorithm      : true (all bonds) |
  |   Vbias prefactor (k)  :  0.0029 Eh       |
  |   Vbias exponent (α)   :  1.0000 bohr⁻²   |
*sMTD  26 completed successfully ...        1 min, 44.476 sec
  :::::::::: starting static MTD  31 ::::::::::
  |   MD simulation time   :    10.5 ps       |
  |   target T             :   400.0 K        |
  |   timestep dt          :     5.0 fs       |
  |   dump interval(trj)   :   100.0 fs       |
  |   SHAKE algorithm      : true (all bonds) |
  |   Vbias prefactor (k)  :  0.0029 Eh       |
  |   Vbias exponent (α)   :  1.0000 bohr⁻²   |
*sMTD  28 completed successfully ...        1 min, 44.579 sec
  :::::::::: starting static MTD  32 ::::::::::
  |   MD simulation time   :    10.5 ps       |
  |   target T             :   400.0 K        |
  |   timestep dt          :     5.0 fs       |
  |   dump interval(trj)   :   100.0 fs       |
  |   SHAKE algorithm      : true (all bonds) |
  |   Vbias prefactor (k)  :  0.0029 Eh       |
  |   Vbias exponent (α)   :  1.0000 bohr⁻²   |
*sMTD  35 completed successfully ...        1 min, 46.109 sec
  :::::::::: starting static MTD  34 ::::::::::
  |   MD simulation time   :    10.5 ps       |
  |   target T             :   400.0 K        |
  |   timestep dt          :     5.0 fs       |
  |   dump interval(trj)   :   100.0 fs       |
  |   SHAKE algorithm      : true (all bonds) |
  |   Vbias prefactor (k)  :  0.0029 Eh       |
  |   Vbias exponent (α)   :  1.0000 bohr⁻²   |
*sMTD  18 completed successfully ...        1 min, 48.312 sec
  :::::::::: starting static MTD  33 ::::::::::
  |   MD simulation time   :    10.5 ps       |
  |   target T             :   400.0 K        |
  |   timestep dt          :     5.0 fs       |
  |   dump interval(trj)   :   100.0 fs       |
  |   SHAKE algorithm      : true (all bonds) |
  |   Vbias prefactor (k)  :  0.0029 Eh       |
  |   Vbias exponent (α)   :  1.0000 bohr⁻²   |
*sMTD  16 completed successfully ...        1 min, 50.470 sec
*sMTD  22 completed successfully ...        1 min, 48.775 sec
*sMTD  19 completed successfully ...        1 min, 49.420 sec
*sMTD  20 completed successfully ...        1 min, 49.348 sec
*sMTD  24 completed successfully ...        1 min, 48.936 sec
*sMTD  29 completed successfully ...        1 min, 48.234 sec
*sMTD  30 completed successfully ...        1 min, 47.631 sec
*sMTD  17 completed successfully ...        1 min, 51.608 sec
*sMTD  21 completed successfully ...        1 min, 49.658 sec
*sMTD  23 completed successfully ...        1 min, 49.828 sec
*sMTD  25 completed successfully ...        1 min, 49.985 sec
*sMTD  27 completed successfully ...        1 min, 50.511 sec
*sMTD  33 completed successfully ...        1 min,  7.583 sec
*sMTD  32 completed successfully ...        1 min,  9.420 sec
*sMTD  34 completed successfully ...        1 min,  9.972 sec
*sMTD  31 completed successfully ...        1 min, 12.293 sec

 ======================================
 |  Multilevel Ensemble Optimization  |
 ======================================
 Optimizing all 3744 structures from file "crest_rotamers_0.xyz" ...
 ----------------------
 crude pre-optimization
 ----------------------
 Optimization engine: ANCOPT
 Hessian update type: BFGS
 E/G convergence criteria:  0.500E-03 Eh, 0.100E-01 Eh/a0
 maximum optimization steps: 200
 |>0.0% |>7.5% |>15.0% |>22.5% |>30.0% |>37.5% |>45.0% |>52.5% |>60.0% |>67.5% |>75.0% |>82.5% |>90.0% |>97.5% |>100.0%
 done.
> 3744 of 3744 structures successfully optimized (100.0% success)
> Total runtime for 3744 optimizations:
 * wall-time:     0 d,  0 h,  2 min,  3.051 sec
 *  cpu-time:     0 d,  0 h, 31 min, 46.724 sec
 * ratio c/w:    15.495 speedup
> Corresponding to approximately 0.033 sec per processed structure

CREGEN> running RMSDs ... done.
CREGEN> E lowest :   -70.32076
 3668 structures remain within    12.00 kcal/mol window
 ---------------------------------------
 optimization with very tight thresholds
 ---------------------------------------
 Optimization engine: ANCOPT
 Hessian update type: BFGS
 E/G convergence criteria:  0.100E-06 Eh, 0.200E-03 Eh/a0
 maximum optimization steps: 200
 |>0.0% |>7.5% |>15.0% |>22.5% |>30.0% |>37.5% |>45.0% |>52.5% |>60.0% |>67.5% |>75.0% |>82.5% |>90.0% |>97.5% |>100.0%
 done.
> 3015 of 3668 structures successfully optimized (82.2% success)
> Total runtime for 3668 optimizations:
 * wall-time:     0 d,  0 h, 15 min, 32.909 sec
 *  cpu-time:     0 d,  4 h,  4 min, 46.950 sec
 * ratio c/w:    15.743 speedup
> Corresponding to approximately 0.254 sec per processed structure

CREGEN> running RMSDs ... done.
CREGEN> E lowest :   -70.32119
 1231 structures remain within     6.00 kcal/mol window
CREGEN> running RMSDs ... done.
CREGEN> E lowest :   -70.32119

 Static MTD simulation iteration 4 finished
 A total of 568 conformers (+ 3.87%) in crest_conformers.xyz
 S(approx.) =    9.456920 cal/molK (dS = 0.61%)
 Convergence w.r.t. conformers: F
 Convergence w.r.t. entropy   : F

     H(298.15K)-H(0) (conf)      1.374687
                   Cp(conf)      4.186384
                    S(conf)      9.452956

********************************************************************************
**                     I T E R A T I O N    C Y C L E      5                  **
********************************************************************************
 -------------------------------------------
 determining bias structures via PCA/k-Means
 -------------------------------------------

 13 structures were selected
 done.

 -----------------------------------------------
 determining MTD seed structures via PCA/k-Means
 -----------------------------------------------

 36 structures were selected
 done.


 ===========================================================
 Static MTDs (umbrella sampling) on 36 selected conformer(s)
 ===========================================================
> Using 13 constant RMSD bias potentials per MTD
  :::::::::: starting static MTD   1 ::::::::::
  |   MD simulation time   :    10.5 ps       |
  |   target T             :   400.0 K        |
  |   timestep dt          :     5.0 fs       |
  |   dump interval(trj)   :   100.0 fs       |
  |   SHAKE algorithm      : true (all bonds) |
  |   Vbias prefactor (k)  :  0.0029 Eh       |
  |   Vbias exponent (α)   :  1.0000 bohr⁻²   |
  :::::::::: starting static MTD   8 ::::::::::
  |   MD simulation time   :    10.5 ps       |
  |   target T             :   400.0 K        |
  |   timestep dt          :     5.0 fs       |
  |   dump interval(trj)   :   100.0 fs       |
  |   SHAKE algorithm      : true (all bonds) |
  |   Vbias prefactor (k)  :  0.0029 Eh       |
  |   Vbias exponent (α)   :  1.0000 bohr⁻²   |
  :::::::::: starting static MTD   3 ::::::::::
  |   MD simulation time   :    10.5 ps       |
  |   target T             :   400.0 K        |
  |   timestep dt          :     5.0 fs       |
  |   dump interval(trj)   :   100.0 fs       |
  |   SHAKE algorithm      : true (all bonds) |
  |   Vbias prefactor (k)  :  0.0029 Eh       |
  |   Vbias exponent (α)   :  1.0000 bohr⁻²   |
  :::::::::: starting static MTD   5 ::::::::::
  |   MD simulation time   :    10.5 ps       |
  |   target T             :   400.0 K        |
  |   timestep dt          :     5.0 fs       |
  |   dump interval(trj)   :   100.0 fs       |
  |   SHAKE algorithm      : true (all bonds) |
  |   Vbias prefactor (k)  :  0.0029 Eh       |
  |   Vbias exponent (α)   :  1.0000 bohr⁻²   |
  :::::::::: starting static MTD   7 ::::::::::
  |   MD simulation time   :    10.5 ps       |
  |   target T             :   400.0 K        |
  |   timestep dt          :     5.0 fs       |
  |   dump interval(trj)   :   100.0 fs       |
  |   SHAKE algorithm      : true (all bonds) |
  |   Vbias prefactor (k)  :  0.0029 Eh       |
  |   Vbias exponent (α)   :  1.0000 bohr⁻²   |
  :::::::::: starting static MTD  36 ::::::::::
  |   MD simulation time   :    10.5 ps       |
  |   target T             :   400.0 K        |
  |   timestep dt          :     5.0 fs       |
  |   dump interval(trj)   :   100.0 fs       |
  |   SHAKE algorithm      : true (all bonds) |
  |   Vbias prefactor (k)  :  0.0029 Eh       |
  |   Vbias exponent (α)   :  1.0000 bohr⁻²   |
  :::::::::: starting static MTD  10 ::::::::::
  |   MD simulation time   :    10.5 ps       |
  |   target T             :   400.0 K        |
  |   timestep dt          :     5.0 fs       |
  |   dump interval(trj)   :   100.0 fs       |
  |   SHAKE algorithm      : true (all bonds) |
  |   Vbias prefactor (k)  :  0.0029 Eh       |
  |   Vbias exponent (α)   :  1.0000 bohr⁻²   |
  :::::::::: starting static MTD   2 ::::::::::
  |   MD simulation time   :    10.5 ps       |
  |   target T             :   400.0 K        |
  |   timestep dt          :     5.0 fs       |
  |   dump interval(trj)   :   100.0 fs       |
  |   SHAKE algorithm      : true (all bonds) |
  |   Vbias prefactor (k)  :  0.0029 Eh       |
  |   Vbias exponent (α)   :  1.0000 bohr⁻²   |
  :::::::::: starting static MTD  12 ::::::::::
  |   MD simulation time   :    10.5 ps       |
  |   target T             :   400.0 K        |
  |   timestep dt          :     5.0 fs       |
  |   dump interval(trj)   :   100.0 fs       |
  |   SHAKE algorithm      : true (all bonds) |
  |   Vbias prefactor (k)  :  0.0029 Eh       |
  |   Vbias exponent (α)   :  1.0000 bohr⁻²   |
  :::::::::: starting static MTD  13 ::::::::::
  |   MD simulation time   :    10.5 ps       |
  |   target T             :   400.0 K        |
  |   timestep dt          :     5.0 fs       |
  |   dump interval(trj)   :   100.0 fs       |
  |   SHAKE algorithm      : true (all bonds) |
  |   Vbias prefactor (k)  :  0.0029 Eh       |
  |   Vbias exponent (α)   :  1.0000 bohr⁻²   |
  :::::::::: starting static MTD  11 ::::::::::
  |   MD simulation time   :    10.5 ps       |
  |   target T             :   400.0 K        |
  |   timestep dt          :     5.0 fs       |
  |   dump interval(trj)   :   100.0 fs       |
  |   SHAKE algorithm      : true (all bonds) |
  |   Vbias prefactor (k)  :  0.0029 Eh       |
  |   Vbias exponent (α)   :  1.0000 bohr⁻²   |
  :::::::::: starting static MTD   6 ::::::::::
  |   MD simulation time   :    10.5 ps       |
  |   target T             :   400.0 K        |
  |   timestep dt          :     5.0 fs       |
  |   dump interval(trj)   :   100.0 fs       |
  |   SHAKE algorithm      : true (all bonds) |
  |   Vbias prefactor (k)  :  0.0029 Eh       |
  |   Vbias exponent (α)   :  1.0000 bohr⁻²   |
  :::::::::: starting static MTD  15 ::::::::::
  |   MD simulation time   :    10.5 ps       |
  |   target T             :   400.0 K        |
  |   timestep dt          :     5.0 fs       |
  |   dump interval(trj)   :   100.0 fs       |
  |   SHAKE algorithm      : true (all bonds) |
  |   Vbias prefactor (k)  :  0.0029 Eh       |
  |   Vbias exponent (α)   :  1.0000 bohr⁻²   |
  :::::::::: starting static MTD   9 ::::::::::
  |   MD simulation time   :    10.5 ps       |
  |   target T             :   400.0 K        |
  |   timestep dt          :     5.0 fs       |
  |   dump interval(trj)   :   100.0 fs       |
  |   SHAKE algorithm      : true (all bonds) |
  |   Vbias prefactor (k)  :  0.0029 Eh       |
  |   Vbias exponent (α)   :  1.0000 bohr⁻²   |
  :::::::::: starting static MTD  14 ::::::::::
  |   MD simulation time   :    10.5 ps       |
  |   target T             :   400.0 K        |
  |   timestep dt          :     5.0 fs       |
  |   dump interval(trj)   :   100.0 fs       |
  |   SHAKE algorithm      : true (all bonds) |
  |   Vbias prefactor (k)  :  0.0029 Eh       |
  |   Vbias exponent (α)   :  1.0000 bohr⁻²   |
  :::::::::: starting static MTD   4 ::::::::::
  |   MD simulation time   :    10.5 ps       |
  |   target T             :   400.0 K        |
  |   timestep dt          :     5.0 fs       |
  |   dump interval(trj)   :   100.0 fs       |
  |   SHAKE algorithm      : true (all bonds) |
  |   Vbias prefactor (k)  :  0.0029 Eh       |
  |   Vbias exponent (α)   :  1.0000 bohr⁻²   |
*sMTD   5 completed successfully ...        1 min, 48.847 sec
  :::::::::: starting static MTD  16 ::::::::::
  |   MD simulation time   :    10.5 ps       |
  |   target T             :   400.0 K        |
  |   timestep dt          :     5.0 fs       |
  |   dump interval(trj)   :   100.0 fs       |
  |   SHAKE algorithm      : true (all bonds) |
  |   Vbias prefactor (k)  :  0.0029 Eh       |
  |   Vbias exponent (α)   :  1.0000 bohr⁻²   |
*sMTD   3 completed successfully ...        1 min, 49.051 sec
  :::::::::: starting static MTD  17 ::::::::::
  |   MD simulation time   :    10.5 ps       |
  |   target T             :   400.0 K        |
  |   timestep dt          :     5.0 fs       |
  |   dump interval(trj)   :   100.0 fs       |
  |   SHAKE algorithm      : true (all bonds) |
  |   Vbias prefactor (k)  :  0.0029 Eh       |
  |   Vbias exponent (α)   :  1.0000 bohr⁻²   |
*sMTD  12 completed successfully ...        1 min, 49.585 sec
  :::::::::: starting static MTD  18 ::::::::::
  |   MD simulation time   :    10.5 ps       |
  |   target T             :   400.0 K        |
  |   timestep dt          :     5.0 fs       |
  |   dump interval(trj)   :   100.0 fs       |
  |   SHAKE algorithm      : true (all bonds) |
  |   Vbias prefactor (k)  :  0.0029 Eh       |
  |   Vbias exponent (α)   :  1.0000 bohr⁻²   |
*sMTD   6 completed successfully ...        1 min, 49.778 sec
  :::::::::: starting static MTD  19 ::::::::::
  |   MD simulation time   :    10.5 ps       |
  |   target T             :   400.0 K        |
  |   timestep dt          :     5.0 fs       |
  |   dump interval(trj)   :   100.0 fs       |
  |   SHAKE algorithm      : true (all bonds) |
  |   Vbias prefactor (k)  :  0.0029 Eh       |
  |   Vbias exponent (α)   :  1.0000 bohr⁻²   |
*sMTD  10 completed successfully ...        1 min, 49.829 sec
  :::::::::: starting static MTD  20 ::::::::::
  |   MD simulation time   :    10.5 ps       |
  |   target T             :   400.0 K        |
  |   timestep dt          :     5.0 fs       |
  |   dump interval(trj)   :   100.0 fs       |
  |   SHAKE algorithm      : true (all bonds) |
  |   Vbias prefactor (k)  :  0.0029 Eh       |
  |   Vbias exponent (α)   :  1.0000 bohr⁻²   |
*sMTD  15 completed successfully ...        1 min, 49.977 sec
  :::::::::: starting static MTD  21 ::::::::::
  |   MD simulation time   :    10.5 ps       |
  |   target T             :   400.0 K        |
  |   timestep dt          :     5.0 fs       |
  |   dump interval(trj)   :   100.0 fs       |
  |   SHAKE algorithm      : true (all bonds) |
  |   Vbias prefactor (k)  :  0.0029 Eh       |
  |   Vbias exponent (α)   :  1.0000 bohr⁻²   |
*sMTD   9 completed successfully ...        1 min, 49.979 sec
  :::::::::: starting static MTD  22 ::::::::::
  |   MD simulation time   :    10.5 ps       |
  |   target T             :   400.0 K        |
  |   timestep dt          :     5.0 fs       |
  |   dump interval(trj)   :   100.0 fs       |
  |   SHAKE algorithm      : true (all bonds) |
  |   Vbias prefactor (k)  :  0.0029 Eh       |
  |   Vbias exponent (α)   :  1.0000 bohr⁻²   |
*sMTD   7 completed successfully ...        1 min, 50.062 sec
  :::::::::: starting static MTD  23 ::::::::::
  |   MD simulation time   :    10.5 ps       |
  |   target T             :   400.0 K        |
  |   timestep dt          :     5.0 fs       |
  |   dump interval(trj)   :   100.0 fs       |
  |   SHAKE algorithm      : true (all bonds) |
  |   Vbias prefactor (k)  :  0.0029 Eh       |
  |   Vbias exponent (α)   :  1.0000 bohr⁻²   |
*sMTD  13 completed successfully ...        1 min, 50.068 sec
  :::::::::: starting static MTD  24 ::::::::::
  |   MD simulation time   :    10.5 ps       |
  |   target T             :   400.0 K        |
  |   timestep dt          :     5.0 fs       |
  |   dump interval(trj)   :   100.0 fs       |
  |   SHAKE algorithm      : true (all bonds) |
  |   Vbias prefactor (k)  :  0.0029 Eh       |
  |   Vbias exponent (α)   :  1.0000 bohr⁻²   |
*sMTD  36 completed successfully ...        1 min, 50.174 sec
  :::::::::: starting static MTD  35 ::::::::::
  |   MD simulation time   :    10.5 ps       |
  |   target T             :   400.0 K        |
  |   timestep dt          :     5.0 fs       |
  |   dump interval(trj)   :   100.0 fs       |
  |   SHAKE algorithm      : true (all bonds) |
  |   Vbias prefactor (k)  :  0.0029 Eh       |
  |   Vbias exponent (α)   :  1.0000 bohr⁻²   |
*sMTD  14 completed successfully ...        1 min, 50.284 sec
  :::::::::: starting static MTD  25 ::::::::::
  |   MD simulation time   :    10.5 ps       |
  |   target T             :   400.0 K        |
  |   timestep dt          :     5.0 fs       |
  |   dump interval(trj)   :   100.0 fs       |
  |   SHAKE algorithm      : true (all bonds) |
  |   Vbias prefactor (k)  :  0.0029 Eh       |
  |   Vbias exponent (α)   :  1.0000 bohr⁻²   |
*sMTD  11 completed successfully ...        1 min, 50.514 sec
  :::::::::: starting static MTD  26 ::::::::::
  |   MD simulation time   :    10.5 ps       |
  |   target T             :   400.0 K        |
  |   timestep dt          :     5.0 fs       |
  |   dump interval(trj)   :   100.0 fs       |
  |   SHAKE algorithm      : true (all bonds) |
  |   Vbias prefactor (k)  :  0.0029 Eh       |
  |   Vbias exponent (α)   :  1.0000 bohr⁻²   |
*sMTD   1 completed successfully ...        1 min, 51.273 sec
  :::::::::: starting static MTD  27 ::::::::::
  |   MD simulation time   :    10.5 ps       |
  |   target T             :   400.0 K        |
  |   timestep dt          :     5.0 fs       |
  |   dump interval(trj)   :   100.0 fs       |
  |   SHAKE algorithm      : true (all bonds) |
  |   Vbias prefactor (k)  :  0.0029 Eh       |
  |   Vbias exponent (α)   :  1.0000 bohr⁻²   |
*sMTD   2 completed successfully ...        1 min, 52.559 sec
  :::::::::: starting static MTD  28 ::::::::::
  |   MD simulation time   :    10.5 ps       |
  |   target T             :   400.0 K        |
  |   timestep dt          :     5.0 fs       |
  |   dump interval(trj)   :   100.0 fs       |
  |   SHAKE algorithm      : true (all bonds) |
  |   Vbias prefactor (k)  :  0.0029 Eh       |
  |   Vbias exponent (α)   :  1.0000 bohr⁻²   |
*sMTD   8 completed successfully ...        1 min, 52.692 sec
  :::::::::: starting static MTD  29 ::::::::::
  |   MD simulation time   :    10.5 ps       |
  |   target T             :   400.0 K        |
  |   timestep dt          :     5.0 fs       |
  |   dump interval(trj)   :   100.0 fs       |
  |   SHAKE algorithm      : true (all bonds) |
  |   Vbias prefactor (k)  :  0.0029 Eh       |
  |   Vbias exponent (α)   :  1.0000 bohr⁻²   |
*sMTD   4 completed successfully ...        1 min, 52.994 sec
  :::::::::: starting static MTD  30 ::::::::::
  |   MD simulation time   :    10.5 ps       |
  |   target T             :   400.0 K        |
  |   timestep dt          :     5.0 fs       |
  |   dump interval(trj)   :   100.0 fs       |
  |   SHAKE algorithm      : true (all bonds) |
  |   Vbias prefactor (k)  :  0.0029 Eh       |
  |   Vbias exponent (α)   :  1.0000 bohr⁻²   |
*sMTD  30 completed successfully ...        1 min, 44.170 sec
  :::::::::: starting static MTD  31 ::::::::::
  |   MD simulation time   :    10.5 ps       |
  |   target T             :   400.0 K        |
  |   timestep dt          :     5.0 fs       |
  |   dump interval(trj)   :   100.0 fs       |
  |   SHAKE algorithm      : true (all bonds) |
  |   Vbias prefactor (k)  :  0.0029 Eh       |
  |   Vbias exponent (α)   :  1.0000 bohr⁻²   |
*sMTD  19 completed successfully ...        1 min, 48.534 sec
  :::::::::: starting static MTD  32 ::::::::::
  |   MD simulation time   :    10.5 ps       |
  |   target T             :   400.0 K        |
  |   timestep dt          :     5.0 fs       |
  |   dump interval(trj)   :   100.0 fs       |
  |   SHAKE algorithm      : true (all bonds) |
  |   Vbias prefactor (k)  :  0.0029 Eh       |
  |   Vbias exponent (α)   :  1.0000 bohr⁻²   |
*sMTD  25 completed successfully ...        1 min, 48.439 sec
  :::::::::: starting static MTD  33 ::::::::::
  |   MD simulation time   :    10.5 ps       |
  |   target T             :   400.0 K        |
  |   timestep dt          :     5.0 fs       |
  |   dump interval(trj)   :   100.0 fs       |
  |   SHAKE algorithm      : true (all bonds) |
  |   Vbias prefactor (k)  :  0.0029 Eh       |
  |   Vbias exponent (α)   :  1.0000 bohr⁻²   |
*sMTD  35 completed successfully ...        1 min, 48.673 sec
  :::::::::: starting static MTD  34 ::::::::::
  |   MD simulation time   :    10.5 ps       |
  |   target T             :   400.0 K        |
  |   timestep dt          :     5.0 fs       |
  |   dump interval(trj)   :   100.0 fs       |
  |   SHAKE algorithm      : true (all bonds) |
  |   Vbias prefactor (k)  :  0.0029 Eh       |
  |   Vbias exponent (α)   :  1.0000 bohr⁻²   |
*sMTD  20 completed successfully ...        1 min, 49.560 sec
*sMTD  16 completed successfully ...        1 min, 50.742 sec
*sMTD  21 completed successfully ...        1 min, 49.935 sec
*sMTD  17 completed successfully ...        1 min, 51.305 sec
*sMTD  22 completed successfully ...        1 min, 50.396 sec
*sMTD  24 completed successfully ...        1 min, 50.389 sec
*sMTD  26 completed successfully ...        1 min, 50.255 sec
*sMTD  18 completed successfully ...        1 min, 51.471 sec
*sMTD  23 completed successfully ...        1 min, 51.378 sec
*sMTD  27 completed successfully ...        1 min, 50.582 sec
*sMTD  28 completed successfully ...        1 min, 49.407 sec
*sMTD  29 completed successfully ...        1 min, 51.354 sec
*sMTD  31 completed successfully ...        1 min,  7.729 sec
*sMTD  34 completed successfully ...        1 min,  6.388 sec
*sMTD  33 completed successfully ...        1 min,  9.015 sec
*sMTD  32 completed successfully ...        1 min, 12.392 sec

 ======================================
 |  Multilevel Ensemble Optimization  |
 ======================================
 Optimizing all 3744 structures from file "crest_rotamers_0.xyz" ...
 ----------------------
 crude pre-optimization
 ----------------------
 Optimization engine: ANCOPT
 Hessian update type: BFGS
 E/G convergence criteria:  0.500E-03 Eh, 0.100E-01 Eh/a0
 maximum optimization steps: 200
 |>0.0% |>7.5% |>15.0% |>22.5% |>30.0% |>37.5% |>45.0% |>52.5% |>60.0% |>67.5% |>75.0% |>82.5% |>90.0% |>97.5% |>100.0%
 done.
> 3744 of 3744 structures successfully optimized (100.0% success)
> Total runtime for 3744 optimizations:
 * wall-time:     0 d,  0 h,  2 min,  2.153 sec
 *  cpu-time:     0 d,  0 h, 31 min, 32.008 sec
 * ratio c/w:    15.489 speedup
> Corresponding to approximately 0.033 sec per processed structure

CREGEN> running RMSDs ... done.
CREGEN> E lowest :   -70.32086
 3653 structures remain within    12.00 kcal/mol window
 ---------------------------------------
 optimization with very tight thresholds
 ---------------------------------------
 Optimization engine: ANCOPT
 Hessian update type: BFGS
 E/G convergence criteria:  0.100E-06 Eh, 0.200E-03 Eh/a0
 maximum optimization steps: 200
 |>0.0% |>7.5% |>15.0% |>22.5% |>30.0% |>37.5% |>45.0% |>52.5% |>60.0% |>67.5% |>75.0% |>82.5% |>90.0% |>97.5% |>100.0%
 done.
> 2921 of 3653 structures successfully optimized (80.0% success)
> Total runtime for 3653 optimizations:
 * wall-time:     0 d,  0 h, 15 min, 53.607 sec
 *  cpu-time:     0 d,  4 h, 10 min, 17.439 sec
 * ratio c/w:    15.748 speedup
> Corresponding to approximately 0.261 sec per processed structure

CREGEN> running RMSDs ... done.
CREGEN> E lowest :   -70.32119
 1190 structures remain within     6.00 kcal/mol window
CREGEN> running RMSDs ... done.
CREGEN> E lowest :   -70.32119

 Static MTD simulation iteration 5 finished
 A total of 584 conformers (+ 2.74%) in crest_conformers.xyz
 S(approx.) =    9.487033 cal/molK (dS = 0.32%)
 Convergence w.r.t. conformers: F
 Convergence w.r.t. entropy   : T

     H(298.15K)-H(0) (conf)      1.387439
                   Cp(conf)      4.254339
                    S(conf)      9.483000

********************************************************************************
**                     I T E R A T I O N    C Y C L E      6                  **
********************************************************************************
 -------------------------------------------
 determining bias structures via PCA/k-Means
 -------------------------------------------

 16 structures were selected
 done.

 -----------------------------------------------
 determining MTD seed structures via PCA/k-Means
 -----------------------------------------------

 36 structures were selected
 done.


 ===========================================================
 Static MTDs (umbrella sampling) on 36 selected conformer(s)
 ===========================================================
> Using 16 constant RMSD bias potentials per MTD
  :::::::::: starting static MTD   1 ::::::::::
  |   MD simulation time   :    10.5 ps       |
  |   target T             :   400.0 K        |
  |   timestep dt          :     5.0 fs       |
  |   dump interval(trj)   :   100.0 fs       |
  |   SHAKE algorithm      : true (all bonds) |
  |   Vbias prefactor (k)  :  0.0029 Eh       |
  |   Vbias exponent (α)   :  1.0000 bohr⁻²   |
  :::::::::: starting static MTD   3 ::::::::::
  |   MD simulation time   :    10.5 ps       |
  |   target T             :   400.0 K        |
  |   timestep dt          :     5.0 fs       |
  |   dump interval(trj)   :   100.0 fs       |
  |   SHAKE algorithm      : true (all bonds) |
  |   Vbias prefactor (k)  :  0.0029 Eh       |
  |   Vbias exponent (α)   :  1.0000 bohr⁻²   |
  :::::::::: starting static MTD   4 ::::::::::
  |   MD simulation time   :    10.5 ps       |
  |   target T             :   400.0 K        |
  |   timestep dt          :     5.0 fs       |
  |   dump interval(trj)   :   100.0 fs       |
  |   SHAKE algorithm      : true (all bonds) |
  |   Vbias prefactor (k)  :  0.0029 Eh       |
  |   Vbias exponent (α)   :  1.0000 bohr⁻²   |
  :::::::::: starting static MTD   2 ::::::::::
  |   MD simulation time   :    10.5 ps       |
  |   target T             :   400.0 K        |
  |   timestep dt          :     5.0 fs       |
  |   dump interval(trj)   :   100.0 fs       |
  |   SHAKE algorithm      : true (all bonds) |
  |   Vbias prefactor (k)  :  0.0029 Eh       |
  |   Vbias exponent (α)   :  1.0000 bohr⁻²   |
  :::::::::: starting static MTD  36 ::::::::::
  |   MD simulation time   :    10.5 ps       |
  |   target T             :   400.0 K        |
  |   timestep dt          :     5.0 fs       |
  |   dump interval(trj)   :   100.0 fs       |
  |   SHAKE algorithm      : true (all bonds) |
  |   Vbias prefactor (k)  :  0.0029 Eh       |
  |   Vbias exponent (α)   :  1.0000 bohr⁻²   |
  :::::::::: starting static MTD   7 ::::::::::
  |   MD simulation time   :    10.5 ps       |
  |   target T             :   400.0 K        |
  |   timestep dt          :     5.0 fs       |
  |   dump interval(trj)   :   100.0 fs       |
  |   SHAKE algorithm      : true (all bonds) |
  |   Vbias prefactor (k)  :  0.0029 Eh       |
  |   Vbias exponent (α)   :  1.0000 bohr⁻²   |
  :::::::::: starting static MTD   6 ::::::::::
  |   MD simulation time   :    10.5 ps       |
  |   target T             :   400.0 K        |
  |   timestep dt          :     5.0 fs       |
  |   dump interval(trj)   :   100.0 fs       |
  |   SHAKE algorithm      : true (all bonds) |
  |   Vbias prefactor (k)  :  0.0029 Eh       |
  |   Vbias exponent (α)   :  1.0000 bohr⁻²   |
  :::::::::: starting static MTD  15 ::::::::::
  |   MD simulation time   :    10.5 ps       |
  |   target T             :   400.0 K        |
  |   timestep dt          :     5.0 fs       |
  |   dump interval(trj)   :   100.0 fs       |
  |   SHAKE algorithm      : true (all bonds) |
  |   Vbias prefactor (k)  :  0.0029 Eh       |
  |   Vbias exponent (α)   :  1.0000 bohr⁻²   |
  :::::::::: starting static MTD  10 ::::::::::
  |   MD simulation time   :    10.5 ps       |
  |   target T             :   400.0 K        |
  |   timestep dt          :     5.0 fs       |
  |   dump interval(trj)   :   100.0 fs       |
  |   SHAKE algorithm      : true (all bonds) |
  |   Vbias prefactor (k)  :  0.0029 Eh       |
  |   Vbias exponent (α)   :  1.0000 bohr⁻²   |
  :::::::::: starting static MTD  11 ::::::::::
  |   MD simulation time   :    10.5 ps       |
  |   target T             :   400.0 K        |
  |   timestep dt          :     5.0 fs       |
  |   dump interval(trj)   :   100.0 fs       |
  |   SHAKE algorithm      : true (all bonds) |
  |   Vbias prefactor (k)  :  0.0029 Eh       |
  |   Vbias exponent (α)   :  1.0000 bohr⁻²   |
  :::::::::: starting static MTD   8 ::::::::::
  |   MD simulation time   :    10.5 ps       |
  |   target T             :   400.0 K        |
  |   timestep dt          :     5.0 fs       |
  |   dump interval(trj)   :   100.0 fs       |
  |   SHAKE algorithm      : true (all bonds) |
  |   Vbias prefactor (k)  :  0.0029 Eh       |
  |   Vbias exponent (α)   :  1.0000 bohr⁻²   |
  :::::::::: starting static MTD   5 ::::::::::
  |   MD simulation time   :    10.5 ps       |
  |   target T             :   400.0 K        |
  |   timestep dt          :     5.0 fs       |
  |   dump interval(trj)   :   100.0 fs       |
  |   SHAKE algorithm      : true (all bonds) |
  |   Vbias prefactor (k)  :  0.0029 Eh       |
  |   Vbias exponent (α)   :  1.0000 bohr⁻²   |
  :::::::::: starting static MTD  12 ::::::::::
  |   MD simulation time   :    10.5 ps       |
  |   target T             :   400.0 K        |
  |   timestep dt          :     5.0 fs       |
  |   dump interval(trj)   :   100.0 fs       |
  |   SHAKE algorithm      : true (all bonds) |
  |   Vbias prefactor (k)  :  0.0029 Eh       |
  |   Vbias exponent (α)   :  1.0000 bohr⁻²   |
  :::::::::: starting static MTD   9 ::::::::::
  |   MD simulation time   :    10.5 ps       |
  |   target T             :   400.0 K        |
  |   timestep dt          :     5.0 fs       |
  |   dump interval(trj)   :   100.0 fs       |
  |   SHAKE algorithm      : true (all bonds) |
  |   Vbias prefactor (k)  :  0.0029 Eh       |
  |   Vbias exponent (α)   :  1.0000 bohr⁻²   |
  :::::::::: starting static MTD  13 ::::::::::
  |   MD simulation time   :    10.5 ps       |
  |   target T             :   400.0 K        |
  |   timestep dt          :     5.0 fs       |
  |   dump interval(trj)   :   100.0 fs       |
  |   SHAKE algorithm      : true (all bonds) |
  |   Vbias prefactor (k)  :  0.0029 Eh       |
  |   Vbias exponent (α)   :  1.0000 bohr⁻²   |
  :::::::::: starting static MTD  14 ::::::::::
  |   MD simulation time   :    10.5 ps       |
  |   target T             :   400.0 K        |
  |   timestep dt          :     5.0 fs       |
  |   dump interval(trj)   :   100.0 fs       |
  |   SHAKE algorithm      : true (all bonds) |
  |   Vbias prefactor (k)  :  0.0029 Eh       |
  |   Vbias exponent (α)   :  1.0000 bohr⁻²   |
*sMTD  10 completed successfully ...        1 min, 47.138 sec
  :::::::::: starting static MTD  16 ::::::::::
  |   MD simulation time   :    10.5 ps       |
  |   target T             :   400.0 K        |
  |   timestep dt          :     5.0 fs       |
  |   dump interval(trj)   :   100.0 fs       |
  |   SHAKE algorithm      : true (all bonds) |
  |   Vbias prefactor (k)  :  0.0029 Eh       |
  |   Vbias exponent (α)   :  1.0000 bohr⁻²   |
*sMTD   9 completed successfully ...        1 min, 47.236 sec
  :::::::::: starting static MTD  17 ::::::::::
  |   MD simulation time   :    10.5 ps       |
  |   target T             :   400.0 K        |
  |   timestep dt          :     5.0 fs       |
  |   dump interval(trj)   :   100.0 fs       |
  |   SHAKE algorithm      : true (all bonds) |
  |   Vbias prefactor (k)  :  0.0029 Eh       |
  |   Vbias exponent (α)   :  1.0000 bohr⁻²   |
*sMTD  15 completed successfully ...        1 min, 48.105 sec
  :::::::::: starting static MTD  18 ::::::::::
  |   MD simulation time   :    10.5 ps       |
  |   target T             :   400.0 K        |
  |   timestep dt          :     5.0 fs       |
  |   dump interval(trj)   :   100.0 fs       |
  |   SHAKE algorithm      : true (all bonds) |
  |   Vbias prefactor (k)  :  0.0029 Eh       |
  |   Vbias exponent (α)   :  1.0000 bohr⁻²   |
*sMTD   6 completed successfully ...        1 min, 48.243 sec
  :::::::::: starting static MTD  19 ::::::::::
  |   MD simulation time   :    10.5 ps       |
  |   target T             :   400.0 K        |
  |   timestep dt          :     5.0 fs       |
  |   dump interval(trj)   :   100.0 fs       |
  |   SHAKE algorithm      : true (all bonds) |
  |   Vbias prefactor (k)  :  0.0029 Eh       |
  |   Vbias exponent (α)   :  1.0000 bohr⁻²   |
*sMTD   3 completed successfully ...        1 min, 48.358 sec
  :::::::::: starting static MTD  20 ::::::::::
  |   MD simulation time   :    10.5 ps       |
  |   target T             :   400.0 K        |
  |   timestep dt          :     5.0 fs       |
  |   dump interval(trj)   :   100.0 fs       |
  |   SHAKE algorithm      : true (all bonds) |
  |   Vbias prefactor (k)  :  0.0029 Eh       |
  |   Vbias exponent (α)   :  1.0000 bohr⁻²   |
*sMTD  13 completed successfully ...        1 min, 48.375 sec
  :::::::::: starting static MTD  21 ::::::::::
  |   MD simulation time   :    10.5 ps       |
  |   target T             :   400.0 K        |
  |   timestep dt          :     5.0 fs       |
  |   dump interval(trj)   :   100.0 fs       |
  |   SHAKE algorithm      : true (all bonds) |
  |   Vbias prefactor (k)  :  0.0029 Eh       |
  |   Vbias exponent (α)   :  1.0000 bohr⁻²   |
*sMTD  12 completed successfully ...        1 min, 48.432 sec
  :::::::::: starting static MTD  22 ::::::::::
  |   MD simulation time   :    10.5 ps       |
  |   target T             :   400.0 K        |
  |   timestep dt          :     5.0 fs       |
  |   dump interval(trj)   :   100.0 fs       |
  |   SHAKE algorithm      : true (all bonds) |
  |   Vbias prefactor (k)  :  0.0029 Eh       |
  |   Vbias exponent (α)   :  1.0000 bohr⁻²   |
*sMTD   8 completed successfully ...        1 min, 48.927 sec
  :::::::::: starting static MTD  23 ::::::::::
  |   MD simulation time   :    10.5 ps       |
  |   target T             :   400.0 K        |
  |   timestep dt          :     5.0 fs       |
  |   dump interval(trj)   :   100.0 fs       |
  |   SHAKE algorithm      : true (all bonds) |
  |   Vbias prefactor (k)  :  0.0029 Eh       |
  |   Vbias exponent (α)   :  1.0000 bohr⁻²   |
*sMTD   4 completed successfully ...        1 min, 49.023 sec
  :::::::::: starting static MTD  24 ::::::::::
  |   MD simulation time   :    10.5 ps       |
  |   target T             :   400.0 K        |
  |   timestep dt          :     5.0 fs       |
  |   dump interval(trj)   :   100.0 fs       |
  |   SHAKE algorithm      : true (all bonds) |
  |   Vbias prefactor (k)  :  0.0029 Eh       |
  |   Vbias exponent (α)   :  1.0000 bohr⁻²   |
*sMTD  11 completed successfully ...        1 min, 49.446 sec
  :::::::::: starting static MTD  25 ::::::::::
  |   MD simulation time   :    10.5 ps       |
  |   target T             :   400.0 K        |
  |   timestep dt          :     5.0 fs       |
  |   dump interval(trj)   :   100.0 fs       |
  |   SHAKE algorithm      : true (all bonds) |
  |   Vbias prefactor (k)  :  0.0029 Eh       |
  |   Vbias exponent (α)   :  1.0000 bohr⁻²   |
*sMTD   1 completed successfully ...        1 min, 49.467 sec
  :::::::::: starting static MTD  26 ::::::::::
  |   MD simulation time   :    10.5 ps       |
  |   target T             :   400.0 K        |
  |   timestep dt          :     5.0 fs       |
  |   dump interval(trj)   :   100.0 fs       |
  |   SHAKE algorithm      : true (all bonds) |
  |   Vbias prefactor (k)  :  0.0029 Eh       |
  |   Vbias exponent (α)   :  1.0000 bohr⁻²   |
*sMTD   5 completed successfully ...        1 min, 49.548 sec
  :::::::::: starting static MTD  27 ::::::::::
  |   MD simulation time   :    10.5 ps       |
  |   target T             :   400.0 K        |
  |   timestep dt          :     5.0 fs       |
  |   dump interval(trj)   :   100.0 fs       |
  |   SHAKE algorithm      : true (all bonds) |
  |   Vbias prefactor (k)  :  0.0029 Eh       |
  |   Vbias exponent (α)   :  1.0000 bohr⁻²   |
*sMTD  14 completed successfully ...        1 min, 49.581 sec
  :::::::::: starting static MTD  28 ::::::::::
  |   MD simulation time   :    10.5 ps       |
  |   target T             :   400.0 K        |
  |   timestep dt          :     5.0 fs       |
  |   dump interval(trj)   :   100.0 fs       |
  |   SHAKE algorithm      : true (all bonds) |
  |   Vbias prefactor (k)  :  0.0029 Eh       |
  |   Vbias exponent (α)   :  1.0000 bohr⁻²   |
*sMTD  36 completed successfully ...        1 min, 49.771 sec
  :::::::::: starting static MTD  35 ::::::::::
  |   MD simulation time   :    10.5 ps       |
  |   target T             :   400.0 K        |
  |   timestep dt          :     5.0 fs       |
  |   dump interval(trj)   :   100.0 fs       |
  |   SHAKE algorithm      : true (all bonds) |
  |   Vbias prefactor (k)  :  0.0029 Eh       |
  |   Vbias exponent (α)   :  1.0000 bohr⁻²   |
*sMTD   7 completed successfully ...        1 min, 49.867 sec
  :::::::::: starting static MTD  29 ::::::::::
  |   MD simulation time   :    10.5 ps       |
  |   target T             :   400.0 K        |
  |   timestep dt          :     5.0 fs       |
  |   dump interval(trj)   :   100.0 fs       |
  |   SHAKE algorithm      : true (all bonds) |
  |   Vbias prefactor (k)  :  0.0029 Eh       |
  |   Vbias exponent (α)   :  1.0000 bohr⁻²   |
*sMTD   2 completed successfully ...        1 min, 50.136 sec
  :::::::::: starting static MTD  30 ::::::::::
  |   MD simulation time   :    10.5 ps       |
  |   target T             :   400.0 K        |
  |   timestep dt          :     5.0 fs       |
  |   dump interval(trj)   :   100.0 fs       |
  |   SHAKE algorithm      : true (all bonds) |
  |   Vbias prefactor (k)  :  0.0029 Eh       |
  |   Vbias exponent (α)   :  1.0000 bohr⁻²   |
*sMTD  30 completed successfully ...        1 min, 44.284 sec
  :::::::::: starting static MTD  31 ::::::::::
  |   MD simulation time   :    10.5 ps       |
  |   target T             :   400.0 K        |
  |   timestep dt          :     5.0 fs       |
  |   dump interval(trj)   :   100.0 fs       |
  |   SHAKE algorithm      : true (all bonds) |
  |   Vbias prefactor (k)  :  0.0029 Eh       |
  |   Vbias exponent (α)   :  1.0000 bohr⁻²   |
*sMTD  19 completed successfully ...        1 min, 48.278 sec
  :::::::::: starting static MTD  32 ::::::::::
  |   MD simulation time   :    10.5 ps       |
  |   target T             :   400.0 K        |
  |   timestep dt          :     5.0 fs       |
  |   dump interval(trj)   :   100.0 fs       |
  |   SHAKE algorithm      : true (all bonds) |
  |   Vbias prefactor (k)  :  0.0029 Eh       |
  |   Vbias exponent (α)   :  1.0000 bohr⁻²   |
*sMTD  21 completed successfully ...        1 min, 48.700 sec
  :::::::::: starting static MTD  33 ::::::::::
  |   MD simulation time   :    10.5 ps       |
  |   target T             :   400.0 K        |
  |   timestep dt          :     5.0 fs       |
  |   dump interval(trj)   :   100.0 fs       |
  |   SHAKE algorithm      : true (all bonds) |
  |   Vbias prefactor (k)  :  0.0029 Eh       |
  |   Vbias exponent (α)   :  1.0000 bohr⁻²   |
*sMTD  27 completed successfully ...        1 min, 48.201 sec
  :::::::::: starting static MTD  34 ::::::::::
  |   MD simulation time   :    10.5 ps       |
  |   target T             :   400.0 K        |
  |   timestep dt          :     5.0 fs       |
  |   dump interval(trj)   :   100.0 fs       |
  |   SHAKE algorithm      : true (all bonds) |
  |   Vbias prefactor (k)  :  0.0029 Eh       |
  |   Vbias exponent (α)   :  1.0000 bohr⁻²   |
*sMTD  20 completed successfully ...        1 min, 49.822 sec
*sMTD  16 completed successfully ...        1 min, 51.124 sec
*sMTD  18 completed successfully ...        1 min, 50.161 sec
*sMTD  17 completed successfully ...        1 min, 51.082 sec
*sMTD  22 completed successfully ...        1 min, 50.277 sec
*sMTD  35 completed successfully ...        1 min, 49.008 sec
*sMTD  24 completed successfully ...        1 min, 49.773 sec
*sMTD  29 completed successfully ...        1 min, 49.262 sec
*sMTD  23 completed successfully ...        1 min, 50.330 sec
*sMTD  26 completed successfully ...        1 min, 49.898 sec
*sMTD  28 completed successfully ...        1 min, 50.028 sec
*sMTD  25 completed successfully ...        1 min, 50.358 sec
*sMTD  33 completed successfully ...        1 min,  5.750 sec
*sMTD  31 completed successfully ...        1 min, 10.266 sec
*sMTD  34 completed successfully ...        1 min,  7.759 sec
*sMTD  32 completed successfully ...        1 min, 12.632 sec

 ======================================
 |  Multilevel Ensemble Optimization  |
 ======================================
 Optimizing all 3744 structures from file "crest_rotamers_0.xyz" ...
 ----------------------
 crude pre-optimization
 ----------------------
 Optimization engine: ANCOPT
 Hessian update type: BFGS
 E/G convergence criteria:  0.500E-03 Eh, 0.100E-01 Eh/a0
 maximum optimization steps: 200
 |>0.0% |>7.5% |>15.0% |>22.5% |>30.0% |>37.5% |>45.0% |>52.5% |>60.0% |>67.5% |>75.0% |>82.5% |>90.0% |>97.5% |>100.0%
 done.
> 3744 of 3744 structures successfully optimized (100.0% success)
> Total runtime for 3744 optimizations:
 * wall-time:     0 d,  0 h,  2 min,  1.067 sec
 *  cpu-time:     0 d,  0 h, 31 min, 12.372 sec
 * ratio c/w:    15.466 speedup
> Corresponding to approximately 0.032 sec per processed structure

CREGEN> running RMSDs ... done.
CREGEN> E lowest :   -70.32061
 3643 structures remain within    12.00 kcal/mol window
 ---------------------------------------
 optimization with very tight thresholds
 ---------------------------------------
 Optimization engine: ANCOPT
 Hessian update type: BFGS
 E/G convergence criteria:  0.100E-06 Eh, 0.200E-03 Eh/a0
 maximum optimization steps: 200
 |>0.0% |>7.5% |>15.0% |>22.5% |>30.0% |>37.5% |>45.0% |>52.5% |>60.0% |>67.5% |>75.0% |>82.5% |>90.0% |>97.5% |>100.0%
 done.
> 2885 of 3643 structures successfully optimized (79.2% success)
> Total runtime for 3643 optimizations:
 * wall-time:     0 d,  0 h, 15 min, 50.322 sec
 *  cpu-time:     0 d,  4 h,  9 min, 22.692 sec
 * ratio c/w:    15.745 speedup
> Corresponding to approximately 0.261 sec per processed structure

CREGEN> running RMSDs ... done.
CREGEN> E lowest :   -70.32119
 1110 structures remain within     6.00 kcal/mol window
CREGEN> running RMSDs ... done.
CREGEN> E lowest :   -70.32119

 Static MTD simulation iteration 6 finished
 A total of 594 conformers (+ 1.68%) in crest_conformers.xyz
 S(approx.) =    9.502902 cal/molK (dS = 0.17%)
 Convergence w.r.t. conformers: T
 Convergence w.r.t. entropy   : T

     H(298.15K)-H(0) (conf)      1.453367
                   Cp(conf)      4.018345
                    S(conf)      9.498760


 --------------------------
 Final Ensemble Information
 --------------------------
 input  file name : crest_rotamers_2.xyz
 output file name : crest_rotamers_3.xyz
 number of atoms                :   43
 number of points on xyz files  :   6185
 RMSD threshold                 :   0.1250
 Bconst threshold               :   0.0100
 population threshold           :   0.0500
 # fragment in coord            :     1
 # bonds in reference structure :    45
 number of reliable points      :  6185
 sorting energy window (EWIN)   :    6.0000 / kcal*mol⁻¹
 reference state Etot           :  -70.321188509999999
 number of doubles removed by rot/RMSD         :         789
 total number unique points considered further :        5396
       Erel/kcal        Etot weight/tot  conformer     set   degen     origin
       1   0.000   -70.32119    0.00369    0.29497       1      80
       2   0.008   -70.32118    0.00364    0.02503       2       7
       3   0.026   -70.32115    0.00353    0.00353       3       1
       4   0.029   -70.32114    0.00352    0.02446       4       7
       5   0.382   -70.32058    0.00194    0.09092       5      47
       6   0.386   -70.32057    0.00193    0.01915       6      10
       7   0.393   -70.32056    0.00190    0.00572       7       3
       8   0.398   -70.32055    0.00189    0.00567       8       3
       9   0.520   -70.32036    0.00154    0.00154       9       1
      10   0.721   -70.32004    0.00110    0.08863      10      81
      11   0.906   -70.31975    0.00080    0.02798      11      35
      12   0.909   -70.31974    0.00080    0.00715      12       9
      13   0.910   -70.31974    0.00080    0.01481      13      19
      14   0.928   -70.31971    0.00077    0.00154      14       2
      15   0.929   -70.31971    0.00077    0.00382      15       5
      16   0.937   -70.31970    0.00076    0.01060      16      14
      17   0.947   -70.31968    0.00075    0.00597      17       8
      18   1.021   -70.31956    0.00066    0.03759      18      57
      19   1.118   -70.31941    0.00056    0.00056      19       1
      20   1.194   -70.31929    0.00049    0.00147      20       3
      21   1.211   -70.31926    0.00048    0.00191      21       4
      22   1.280   -70.31915    0.00043    0.01363      22      32
      23   1.282   -70.31914    0.00042    0.00806      23      19
      24   1.284   -70.31914    0.00042    0.00338      24       8
      25   1.289   -70.31913    0.00042    0.00501      25      12
      26   1.297   -70.31912    0.00041    0.00538      26      13
      27   1.301   -70.31911    0.00041    0.00490      27      12
      28   1.305   -70.31911    0.00041    0.00768      28      19
      29   1.317   -70.31909    0.00040    0.00395      29      10
      30   1.329   -70.31907    0.00039    0.00157      30       4
      31   1.329   -70.31907    0.00039    0.02600      31      67
      32   1.648   -70.31856    0.00023    0.01161      32      51
      33   1.660   -70.31854    0.00022    0.00022      33       1
      34   1.661   -70.31854    0.00022    0.00584      34      26
      35   1.662   -70.31854    0.00022    0.00246      35      11
      36   1.664   -70.31854    0.00022    0.00134      36       6
      37   1.669   -70.31853    0.00022    0.00044      37       2
      38   1.675   -70.31852    0.00022    0.00108      38       5
      39   1.686   -70.31850    0.00022    0.00128      39       6
      40   1.691   -70.31849    0.00021    0.00830      40      39
      41   1.694   -70.31849    0.00021    0.00233      41      11
      42   1.695   -70.31849    0.00021    0.00211      42      10
      43   1.700   -70.31848    0.00021    0.00104      43       5
      44   1.702   -70.31848    0.00021    0.00042      44       2
      45   1.706   -70.31847    0.00021    0.00229      45      11
      46   1.701   -70.31848    0.00021    0.00063      46       3
      47   1.718   -70.31845    0.00020    0.00267      47      13
      48   1.717   -70.31845    0.00020    0.00041      48       2
      49   1.724   -70.31844    0.00020    0.00162      49       8
      50   1.726   -70.31844    0.00020    0.00040      50       2
      51   1.726   -70.31844    0.00020    0.00521      51      26
      52   1.730   -70.31843    0.00020    0.00079      52       4
      53   1.738   -70.31842    0.00020    0.00177      53       9
      54   1.749   -70.31840    0.00019    0.00156      54       8
      55   1.745   -70.31841    0.00019    0.00154      55       8
      56   1.750   -70.31840    0.00019    0.00038      56       2
      57   1.754   -70.31839    0.00019    0.00019      57       1
      58   1.755   -70.31839    0.00019    0.00113      58       6
      59   1.764   -70.31838    0.00019    0.00019      59       1
      60   1.768   -70.31837    0.00019    0.00186      60      10
      61   1.775   -70.31836    0.00019    0.00074      61       4
      62   1.784   -70.31835    0.00018    0.00091      62       5
      63   1.789   -70.31834    0.00018    0.00090      63       5
      64   1.789   -70.31834    0.00018    0.00594      64      33
      65   1.798   -70.31832    0.00018    0.00054      65       3
      66   1.806   -70.31831    0.00018    0.00018      66       1
      67   1.807   -70.31831    0.00018    0.00475      67      27
      68   1.808   -70.31831    0.00018    0.00280      68      16
      69   1.805   -70.31831    0.00018    0.00088      69       5
      70   1.811   -70.31830    0.00017    0.00052      70       3
      71   1.805   -70.31831    0.00018    0.00121      71       7
      72   1.817   -70.31829    0.00017    0.00121      72       7
      73   1.830   -70.31827    0.00017    0.00136      73       8
      74   1.818   -70.31829    0.00017    0.00102      74       6
      75   1.836   -70.31826    0.00017    0.00134      75       8
      76   1.841   -70.31826    0.00017    0.00229      76      14
      77   1.847   -70.31824    0.00016    0.00145      77       9
      78   1.863   -70.31822    0.00016    0.00318      78      20
      79   1.870   -70.31821    0.00016    0.00249      79      16
      80   1.875   -70.31820    0.00016    0.00185      80      12
      81   1.884   -70.31819    0.00015    0.00767      81      50
      82   1.897   -70.31817    0.00015    0.00015      82       1
      83   1.893   -70.31817    0.00015    0.00150      83      10
      84   1.900   -70.31816    0.00015    0.00399      84      27
      85   1.916   -70.31813    0.00015    0.00044      85       3
      86   1.917   -70.31813    0.00015    0.00364      86      25
      87   1.914   -70.31814    0.00015    0.00187      87      13
      88   1.925   -70.31812    0.00014    0.00465      88      33
      89   1.942   -70.31809    0.00014    0.00028      89       2
      90   1.943   -70.31809    0.00014    0.00014      90       1
      91   1.943   -70.31809    0.00014    0.00111      91       8
      92   1.954   -70.31807    0.00014    0.00055      92       4
      93   1.962   -70.31806    0.00014    0.00134      93      10
      94   1.963   -70.31806    0.00013    0.00027      94       2
      95   1.971   -70.31805    0.00013    0.00107      95       8
      96   1.971   -70.31805    0.00013    0.00491      96      37
      97   1.974   -70.31804    0.00013    0.00106      97       8
      98   1.977   -70.31804    0.00013    0.00078      98       6
      99   1.989   -70.31802    0.00013    0.00091      99       7
     100   1.990   -70.31802    0.00013    0.00077     100       6
     101   2.000   -70.31800    0.00013    0.00102     101       8
     102   1.988   -70.31802    0.00013    0.00064     102       5
     103   2.005   -70.31799    0.00013    0.00161     103      13
     104   2.019   -70.31797    0.00012    0.00109     104       9
     105   2.034   -70.31795    0.00012    0.00191     105      16
     106   2.044   -70.31793    0.00012    0.00106     106       9
     107   2.053   -70.31792    0.00012    0.00069     107       6
     108   2.057   -70.31791    0.00012    0.00046     108       4
     109   2.061   -70.31790    0.00011    0.00023     109       2
     110   2.069   -70.31789    0.00011    0.00068     110       6
     111   2.072   -70.31789    0.00011    0.00156     111      14
     112   2.085   -70.31787    0.00011    0.00121     112      11
     113   2.095   -70.31785    0.00011    0.00011     113       1
     114   2.100   -70.31784    0.00011    0.00033     114       3
     115   2.078   -70.31788    0.00011    0.00022     115       2
     116   2.105   -70.31783    0.00011    0.00022     116       2
     117   2.107   -70.31783    0.00011    0.00338     117      32
     118   2.108   -70.31783    0.00011    0.00127     118      12
     119   2.108   -70.31783    0.00011    0.00021     119       2
     120   2.109   -70.31783    0.00011    0.00126     120      12
     121   2.111   -70.31782    0.00011    0.00032     121       3
     122   2.112   -70.31782    0.00010    0.00042     122       4
     123   2.113   -70.31782    0.00010    0.00105     123      10
     124   2.114   -70.31782    0.00010    0.00010     124       1
     125   2.112   -70.31782    0.00010    0.00094     125       9
     126   2.116   -70.31782    0.00010    0.00052     126       5
     127   2.114   -70.31782    0.00010    0.00123     127      12
     128   2.120   -70.31781    0.00010    0.00010     128       1
     129   2.131   -70.31779    0.00010    0.00287     129      28
     130   2.132   -70.31779    0.00010    0.00041     130       4
     131   2.133   -70.31779    0.00010    0.00071     131       7
     132   2.134   -70.31779    0.00010    0.00020     132       2
     133   2.134   -70.31779    0.00010    0.00010     133       1
     134   2.126   -70.31780    0.00010    0.00020     134       2
     135   2.126   -70.31780    0.00010    0.00041     135       4
     136   2.117   -70.31781    0.00010    0.00142     136      14
     137   2.141   -70.31778    0.00010    0.00020     137       2
     138   2.145   -70.31777    0.00010    0.00020     138       2
     139   2.143   -70.31777    0.00010    0.00030     139       3
     140   2.144   -70.31777    0.00010    0.00149     140      15
     141   2.146   -70.31777    0.00010    0.00010     141       1
     142   2.146   -70.31777    0.00010    0.00020     142       2
     143   2.147   -70.31777    0.00010    0.00020     143       2
     144   2.147   -70.31777    0.00010    0.00386     144      39
     145   2.149   -70.31776    0.00010    0.00069     145       7
     146   2.150   -70.31776    0.00010    0.00325     146      33
     147   2.152   -70.31776    0.00010    0.00029     147       3
     148   2.156   -70.31775    0.00010    0.00020     148       2
     149   2.152   -70.31776    0.00010    0.00049     149       5
     150   2.151   -70.31776    0.00010    0.00156     150      16
     151   2.159   -70.31775    0.00010    0.00019     151       2
     152   2.159   -70.31775    0.00010    0.00078     152       8
     153   2.153   -70.31776    0.00010    0.00029     153       3
     154   2.160   -70.31775    0.00010    0.00106     154      11
     155   2.161   -70.31774    0.00010    0.00115     155      12
     156   2.166   -70.31774    0.00010    0.00019     156       2
     157   2.185   -70.31771    0.00009    0.00009     157       1
     158   2.168   -70.31773    0.00010    0.00262     158      28
     159   2.196   -70.31769    0.00009    0.00074     159       8
     160   2.175   -70.31772    0.00009    0.00110     160      12
     161   2.180   -70.31771    0.00009    0.00037     161       4
     162   2.199   -70.31768    0.00009    0.00018     162       2
     163   2.199   -70.31768    0.00009    0.00073     163       8
     164   2.184   -70.31771    0.00009    0.00028     164       3
     165   2.201   -70.31768    0.00009    0.00107     165      12
     166   2.202   -70.31768    0.00009    0.00400     166      45
     167   2.224   -70.31764    0.00009    0.00026     167       3
     168   2.215   -70.31766    0.00009    0.00026     168       3
     169   2.221   -70.31765    0.00009    0.00131     169      15
     170   2.226   -70.31764    0.00009    0.00026     170       3
     171   2.227   -70.31764    0.00009    0.00052     171       6
     172   2.228   -70.31764    0.00009    0.00009     172       1
     173   2.224   -70.31764    0.00009    0.00086     173      10
     174   2.234   -70.31763    0.00009    0.00137     174      16
     175   2.237   -70.31762    0.00008    0.00025     175       3
     176   2.237   -70.31762    0.00008    0.00060     176       7
     177   2.233   -70.31763    0.00009    0.00051     177       6
     178   2.233   -70.31763    0.00009    0.00042     178       5
     179   2.242   -70.31762    0.00008    0.00051     179       6
     180   2.243   -70.31761    0.00008    0.00109     180      13
     181   2.246   -70.31761    0.00008    0.00133     181      16
     182   2.255   -70.31760    0.00008    0.00074     182       9
     183   2.259   -70.31759    0.00008    0.00090     183      11
     184   2.265   -70.31758    0.00008    0.00057     184       7
     185   2.267   -70.31758    0.00008    0.00088     185      11
     186   2.273   -70.31757    0.00008    0.00072     186       9
     187   2.274   -70.31756    0.00008    0.00262     187      33
     188   2.287   -70.31754    0.00008    0.00047     188       6
     189   2.288   -70.31754    0.00008    0.00140     189      18
     190   2.281   -70.31755    0.00008    0.00008     190       1
     191   2.295   -70.31753    0.00008    0.00161     191      21
     192   2.284   -70.31755    0.00008    0.00053     192       7
     193   2.317   -70.31750    0.00007    0.00022     193       3
     194   2.349   -70.31745    0.00007    0.00079     194      11
     195   2.340   -70.31746    0.00007    0.00007     195       1
     196   2.344   -70.31745    0.00007    0.00021     196       3
     197   2.372   -70.31741    0.00007    0.00217     197      33
     198   2.394   -70.31737    0.00007    0.00007     198       1
     199   2.390   -70.31738    0.00007    0.00013     199       2
     200   2.396   -70.31737    0.00006    0.00072     200      11
     201   2.401   -70.31736    0.00006    0.00084     201      13
     202   2.382   -70.31739    0.00007    0.00020     202       3
     203   2.382   -70.31739    0.00007    0.00013     203       2
     204   2.398   -70.31737    0.00006    0.00078     204      12
     205   2.383   -70.31739    0.00007    0.00045     205       7
     206   2.417   -70.31734    0.00006    0.00019     206       3
     207   2.383   -70.31739    0.00007    0.00109     207      17
     208   2.384   -70.31739    0.00007    0.00013     208       2
     209   2.407   -70.31735    0.00006    0.00013     209       2
     210   2.415   -70.31734    0.00006    0.00025     210       4
     211   2.418   -70.31733    0.00006    0.00044     211       7
     212   2.423   -70.31733    0.00006    0.00019     212       3
     213   2.385   -70.31739    0.00007    0.00039     213       6
     214   2.385   -70.31739    0.00007    0.00032     214       5
     215   2.421   -70.31733    0.00006    0.00006     215       1
     216   2.423   -70.31733    0.00006    0.00006     216       1
     217   2.425   -70.31732    0.00006    0.00025     217       4
     218   2.426   -70.31732    0.00006    0.00037     218       6
     219   2.430   -70.31732    0.00006    0.00037     219       6
     220   2.440   -70.31730    0.00006    0.00018     220       3
     221   2.433   -70.31731    0.00006    0.00006     221       1
     222   2.443   -70.31729    0.00006    0.00036     222       6
     223   2.445   -70.31729    0.00006    0.00030     223       5
     224   2.443   -70.31730    0.00006    0.00030     224       5
     225   2.447   -70.31729    0.00006    0.00053     225       9
     226   2.454   -70.31728    0.00006    0.00018     226       3
     227   2.454   -70.31728    0.00006    0.00083     227      14
     228   2.456   -70.31727    0.00006    0.00018     228       3
     229   2.460   -70.31727    0.00006    0.00076     229      13
     230   2.461   -70.31727    0.00006    0.00145     230      25
     231   2.458   -70.31727    0.00006    0.00023     231       4
     232   2.471   -70.31725    0.00006    0.00017     232       3
     233   2.476   -70.31724    0.00006    0.00084     233      15
     234   2.491   -70.31722    0.00006    0.00045     234       8
     235   2.494   -70.31721    0.00006    0.00028     235       5
     236   2.490   -70.31722    0.00006    0.00011     236       2
     237   2.494   -70.31721    0.00006    0.00022     237       4
     238   2.498   -70.31721    0.00005    0.00005     238       1
     239   2.500   -70.31720    0.00005    0.00027     239       5
     240   2.512   -70.31719    0.00005    0.00005     240       1
     241   2.538   -70.31714    0.00005    0.00056     241      11
     242   2.541   -70.31714    0.00005    0.00061     242      12
     243   2.539   -70.31714    0.00005    0.00010     243       2
     244   2.543   -70.31714    0.00005    0.00025     244       5
     245   2.547   -70.31713    0.00005    0.00010     245       2
     246   2.552   -70.31712    0.00005    0.00020     246       4
     247   2.558   -70.31711    0.00005    0.00005     247       1
     248   2.564   -70.31710    0.00005    0.00058     248      12
     249   2.573   -70.31709    0.00005    0.00024     249       5
     250   2.586   -70.31707    0.00005    0.00005     250       1
     251   2.592   -70.31706    0.00005    0.00005     251       1
     252   2.598   -70.31705    0.00005    0.00005     252       1
     253   2.625   -70.31700    0.00004    0.00009     253       2
     254   2.688   -70.31691    0.00004    0.00004     254       1
     255   2.715   -70.31686    0.00004    0.00128     255      36
     256   2.765   -70.31678    0.00003    0.00055     256      16
     257   2.876   -70.31661    0.00003    0.00147     257      51
     258   3.041   -70.31634    0.00002    0.00026     258      12
     259   3.041   -70.31634    0.00002    0.00004     259       2
     260   3.044   -70.31634    0.00002    0.00013     260       6
     261   3.046   -70.31633    0.00002    0.00002     261       1
     262   3.046   -70.31633    0.00002    0.00004     262       2
     263   3.051   -70.31633    0.00002    0.00002     263       1
     264   3.059   -70.31631    0.00002    0.00002     264       1
     265   3.066   -70.31630    0.00002    0.00010     265       5
     266   3.079   -70.31628    0.00002    0.00027     266      13
     267   3.087   -70.31627    0.00002    0.00002     267       1
     268   3.087   -70.31627    0.00002    0.00002     268       1
     269   3.087   -70.31627    0.00002    0.00024     269      12
     270   3.090   -70.31626    0.00002    0.00012     270       6
     271   3.090   -70.31626    0.00002    0.00018     271       9
     272   3.096   -70.31626    0.00002    0.00012     272       6
     273   3.099   -70.31625    0.00002    0.00002     273       1
     274   3.105   -70.31624    0.00002    0.00014     274       7
     275   3.122   -70.31621    0.00002    0.00006     275       3
     276   3.137   -70.31619    0.00002    0.00002     276       1
     277   3.147   -70.31617    0.00002    0.00097     277      53
     278   3.153   -70.31616    0.00002    0.00032     278      18
     279   3.162   -70.31615    0.00002    0.00045     279      25
     280   3.170   -70.31614    0.00002    0.00031     280      18
     281   3.188   -70.31611    0.00002    0.00002     281       1
     282   3.192   -70.31610    0.00002    0.00003     282       2
     283   3.199   -70.31609    0.00002    0.00010     283       6
     284   3.199   -70.31609    0.00002    0.00007     284       4
     285   3.202   -70.31609    0.00002    0.00007     285       4
     286   3.201   -70.31609    0.00002    0.00005     286       3
     287   3.204   -70.31608    0.00002    0.00007     287       4
     288   3.205   -70.31608    0.00002    0.00002     288       1
     289   3.209   -70.31607    0.00002    0.00002     289       1
     290   3.214   -70.31607    0.00002    0.00003     290       2
     291   3.217   -70.31606    0.00002    0.00005     291       3
     292   3.217   -70.31606    0.00002    0.00002     292       1
     293   3.217   -70.31606    0.00002    0.00063     293      39
     294   3.223   -70.31605    0.00002    0.00002     294       1
     295   3.228   -70.31604    0.00002    0.00003     295       2
     296   3.228   -70.31604    0.00002    0.00003     296       2
     297   3.231   -70.31604    0.00002    0.00014     297       9
     298   3.240   -70.31603    0.00002    0.00009     298       6
     299   3.261   -70.31599    0.00002    0.00003     299       2
     300   3.386   -70.31579    0.00001    0.00098     300      80
     301   3.389   -70.31579    0.00001    0.00001     301       1
     302   3.408   -70.31576    0.00001    0.00001     302       1
     303   3.411   -70.31575    0.00001    0.00006     303       5
     304   3.426   -70.31573    0.00001    0.00001     304       1
     305   3.428   -70.31573    0.00001    0.00006     305       5
     306   3.450   -70.31569    0.00001    0.00001     306       1
     307   3.453   -70.31569    0.00001    0.00001     307       1
     308   3.457   -70.31568    0.00001    0.00002     308       2
     309   3.482   -70.31564    0.00001    0.00004     309       4
     310   3.487   -70.31563    0.00001    0.00001     310       1
     311   3.490   -70.31563    0.00001    0.00002     311       2
     312   3.499   -70.31561    0.00001    0.00003     312       3
     313   3.501   -70.31561    0.00001    0.00010     313      10
     314   3.513   -70.31559    0.00001    0.00035     314      36
     315   3.520   -70.31558    0.00001    0.00003     315       3
     316   3.529   -70.31556    0.00001    0.00016     316      17
     317   3.538   -70.31555    0.00001    0.00001     317       1
     318   3.542   -70.31554    0.00001    0.00003     318       3
     319   3.687   -70.31531    0.00001    0.00041     319      56
     320   3.694   -70.31530    0.00001    0.00009     320      12
     321   3.696   -70.31530    0.00001    0.00015     321      21
     322   3.831   -70.31508    0.00001    0.00030     322      52
     323   3.833   -70.31508    0.00001    0.00007     323      13
     324   3.834   -70.31508    0.00001    0.00002     324       4
     325   3.837   -70.31507    0.00001    0.00003     325       6
     326   3.847   -70.31506    0.00001    0.00002     326       4
     327   3.841   -70.31507    0.00001    0.00002     327       3
     328   3.847   -70.31506    0.00001    0.00002     328       4
     329   3.857   -70.31504    0.00001    0.00003     329       5
     330   3.870   -70.31502    0.00001    0.00001     330       1
     331   3.873   -70.31502    0.00001    0.00001     331       1
     332   3.883   -70.31500    0.00001    0.00001     332       1
     333   3.888   -70.31499    0.00001    0.00001     333       2
     334   3.892   -70.31499    0.00001    0.00001     334       2
     335   3.895   -70.31498    0.00001    0.00001     335       1
     336   3.954   -70.31489    0.00000    0.00013     336      28
     337   4.060   -70.31472    0.00000    0.00006     337      15
     338   4.124   -70.31462    0.00000    0.00001     338       2
     339   4.134   -70.31460    0.00000    0.00001     339       3
     340   4.140   -70.31459    0.00000    0.00000     340       1
     341   4.142   -70.31459    0.00000    0.00003     341       8
     342   4.146   -70.31458    0.00000    0.00008     342      24
     343   4.152   -70.31457    0.00000    0.00004     343      12
     344   4.171   -70.31454    0.00000    0.00002     344       6
     345   4.175   -70.31453    0.00000    0.00015     345      47
     346   4.184   -70.31452    0.00000    0.00003     346      10
     347   4.194   -70.31451    0.00000    0.00000     347       1
     348   4.222   -70.31446    0.00000    0.00003     348      10
     349   4.384   -70.31420    0.00000    0.00005     349      23
     350   4.505   -70.31401    0.00000    0.00000     350       1
     351   4.547   -70.31394    0.00000    0.00001     351       7
     352   4.631   -70.31381    0.00000    0.00000     352       1
     353   4.651   -70.31378    0.00000    0.00001     353       7
     354   4.654   -70.31377    0.00000    0.00000     354       1
     355   4.658   -70.31376    0.00000    0.00001     355       4
     356   4.660   -70.31376    0.00000    0.00000     356       1
     357   4.662   -70.31376    0.00000    0.00003     357      18
     358   4.667   -70.31375    0.00000    0.00001     358       7
     359   4.682   -70.31373    0.00000    0.00000     359       2
     360   4.692   -70.31371    0.00000    0.00003     360      19
     361   4.696   -70.31370    0.00000    0.00001     361      10
     362   4.696   -70.31370    0.00000    0.00001     362       6
     363   4.697   -70.31370    0.00000    0.00000     363       2
     364   4.697   -70.31370    0.00000    0.00000     364       2
     365   4.697   -70.31370    0.00000    0.00008     365      59
     366   4.707   -70.31369    0.00000    0.00000     366       2
     367   4.704   -70.31369    0.00000    0.00001     367       9
     368   4.705   -70.31369    0.00000    0.00000     368       2
     369   4.709   -70.31368    0.00000    0.00001     369       5
     370   4.710   -70.31368    0.00000    0.00002     370      13
     371   4.696   -70.31371    0.00000    0.00000     371       3
     372   4.717   -70.31367    0.00000    0.00001     372       7
     373   4.721   -70.31367    0.00000    0.00001     373       8
     374   4.727   -70.31366    0.00000    0.00001     374       4
     375   4.728   -70.31365    0.00000    0.00002     375      19
     376   4.739   -70.31364    0.00000    0.00001     376      12
     377   4.752   -70.31362    0.00000    0.00008     377      68
     378   4.761   -70.31360    0.00000    0.00000     378       1
     379   4.757   -70.31361    0.00000    0.00000     379       3
     380   4.763   -70.31360    0.00000    0.00001     380       8
     381   4.766   -70.31359    0.00000    0.00001     381       8
     382   4.785   -70.31356    0.00000    0.00000     382       1
     383   4.786   -70.31356    0.00000    0.00001     383      12
     384   4.841   -70.31347    0.00000    0.00001     384      12
     385   4.851   -70.31346    0.00000    0.00000     385       2
     386   4.879   -70.31341    0.00000    0.00000     386       3
     387   4.991   -70.31324    0.00000    0.00000     387       3
     388   4.998   -70.31322    0.00000    0.00000     388       1
     389   4.999   -70.31322    0.00000    0.00000     389       1
     390   5.001   -70.31322    0.00000    0.00000     390       3
     391   5.001   -70.31322    0.00000    0.00000     391       2
     392   5.013   -70.31320    0.00000    0.00000     392       5
     393   5.013   -70.31320    0.00000    0.00000     393       2
     394   5.014   -70.31320    0.00000    0.00001     394       7
     395   5.015   -70.31320    0.00000    0.00001     395       8
     396   5.016   -70.31319    0.00000    0.00000     396       5
     397   5.016   -70.31319    0.00000    0.00003     397      37
     398   5.023   -70.31318    0.00000    0.00000     398       4
     399   5.023   -70.31318    0.00000    0.00000     399       1
     400   5.023   -70.31318    0.00000    0.00001     400       8
     401   5.024   -70.31318    0.00000    0.00000     401       6
     402   5.019   -70.31319    0.00000    0.00000     402       2
     403   5.028   -70.31318    0.00000    0.00000     403       5
     404   5.029   -70.31317    0.00000    0.00000     404       5
     405   5.036   -70.31316    0.00000    0.00001     405      14
     406   5.040   -70.31316    0.00000    0.00001     406      14
     407   5.049   -70.31314    0.00000    0.00001     407       8
     408   5.054   -70.31313    0.00000    0.00000     408       6
     409   5.061   -70.31312    0.00000    0.00000     409       5
     410   5.067   -70.31311    0.00000    0.00000     410       2
     411   5.085   -70.31309    0.00000    0.00002     411      28
     412   5.096   -70.31307    0.00000    0.00001     412      14
     413   5.111   -70.31304    0.00000    0.00001     413      12
     414   5.139   -70.31300    0.00000    0.00000     414       6
     415   5.128   -70.31302    0.00000    0.00000     415       2
     416   5.145   -70.31299    0.00000    0.00000     416       2
     417   5.151   -70.31298    0.00000    0.00002     417      34
     418   5.155   -70.31297    0.00000    0.00001     418      12
     419   5.162   -70.31296    0.00000    0.00000     419       8
     420   5.157   -70.31297    0.00000    0.00000     420       5
     421   5.162   -70.31296    0.00000    0.00003     421      55
     422   5.168   -70.31295    0.00000    0.00000     422       5
     423   5.169   -70.31295    0.00000    0.00000     423       8
     424   5.178   -70.31294    0.00000    0.00000     424       3
     425   5.182   -70.31293    0.00000    0.00000     425       3
     426   5.180   -70.31293    0.00000    0.00002     426      27
     427   5.187   -70.31292    0.00000    0.00000     427       3
     428   5.187   -70.31292    0.00000    0.00001     428      17
     429   5.199   -70.31290    0.00000    0.00000     429       1
     430   5.199   -70.31290    0.00000    0.00000     430       4
     431   5.199   -70.31290    0.00000    0.00003     431      55
     432   5.206   -70.31289    0.00000    0.00000     432       3
     433   5.206   -70.31289    0.00000    0.00000     433       4
     434   5.213   -70.31288    0.00000    0.00000     434       6
     435   5.228   -70.31286    0.00000    0.00000     435       4
     436   5.234   -70.31285    0.00000    0.00000     436       1
     437   5.240   -70.31284    0.00000    0.00000     437       2
     438   5.260   -70.31281    0.00000    0.00001     438      11
     439   5.262   -70.31280    0.00000    0.00000     439       3
     440   5.265   -70.31280    0.00000    0.00000     440       3
     441   5.269   -70.31279    0.00000    0.00000     441       9
     442   5.274   -70.31278    0.00000    0.00000     442       5
     443   5.278   -70.31278    0.00000    0.00000     443       5
     444   5.279   -70.31278    0.00000    0.00001     444      11
     445   5.281   -70.31277    0.00000    0.00001     445      20
     446   5.286   -70.31276    0.00000    0.00000     446       3
     447   5.296   -70.31275    0.00000    0.00000     447       5
     448   5.286   -70.31276    0.00000    0.00000     448       7
     449   5.308   -70.31273    0.00000    0.00000     449       1
     450   5.309   -70.31273    0.00000    0.00002     450      35
     451   5.322   -70.31271    0.00000    0.00000     451       8
     452   5.308   -70.31273    0.00000    0.00000     452       2
     453   5.331   -70.31269    0.00000    0.00000     453       6
     454   5.332   -70.31269    0.00000    0.00002     454      35
     455   5.339   -70.31268    0.00000    0.00000     455       8
     456   5.342   -70.31267    0.00000    0.00000     456       1
     457   5.342   -70.31267    0.00000    0.00000     457       7
     458   5.342   -70.31267    0.00000    0.00002     458      55
     459   5.359   -70.31265    0.00000    0.00000     459       1
     460   5.350   -70.31266    0.00000    0.00000     460       4
     461   5.350   -70.31266    0.00000    0.00000     461       9
     462   5.370   -70.31263    0.00000    0.00000     462       1
     463   5.362   -70.31264    0.00000    0.00000     463      11
     464   5.375   -70.31262    0.00000    0.00000     464       1
     465   5.365   -70.31264    0.00000    0.00000     465       1
     466   5.377   -70.31262    0.00000    0.00000     466       4
     467   5.380   -70.31261    0.00000    0.00000     467       5
     468   5.380   -70.31261    0.00000    0.00000     468       2
     469   5.381   -70.31261    0.00000    0.00001     469      27
     470   5.398   -70.31259    0.00000    0.00000     470       1
     471   5.399   -70.31259    0.00000    0.00000     471       2
     472   5.402   -70.31258    0.00000    0.00000     472       1
     473   5.404   -70.31258    0.00000    0.00000     473       1
     474   5.408   -70.31257    0.00000    0.00001     474      23
     475   5.411   -70.31257    0.00000    0.00000     475       2
     476   5.416   -70.31256    0.00000    0.00000     476       1
     477   5.419   -70.31255    0.00000    0.00000     477       1
     478   5.420   -70.31255    0.00000    0.00000     478       3
     479   5.420   -70.31255    0.00000    0.00000     479       1
     480   5.421   -70.31255    0.00000    0.00000     480       4
     481   5.426   -70.31254    0.00000    0.00001     481      14
     482   5.436   -70.31253    0.00000    0.00000     482      11
     483   5.438   -70.31252    0.00000    0.00000     483       8
     484   5.444   -70.31251    0.00000    0.00000     484       5
     485   5.442   -70.31252    0.00000    0.00000     485       1
     486   5.431   -70.31253    0.00000    0.00000     486       2
     487   5.447   -70.31251    0.00000    0.00000     487       3
     488   5.452   -70.31250    0.00000    0.00000     488       1
     489   5.512   -70.31240    0.00000    0.00000     489       3
     490   5.526   -70.31238    0.00000    0.00000     490       3
     491   5.550   -70.31234    0.00000    0.00002     491      78
     492   5.564   -70.31232    0.00000    0.00000     492       7
     493   5.564   -70.31232    0.00000    0.00001     493      46
     494   5.564   -70.31232    0.00000    0.00000     494      16
     495   5.600   -70.31226    0.00000    0.00000     495       3
     496   5.596   -70.31227    0.00000    0.00000     496       2
     497   5.614   -70.31224    0.00000    0.00000     497      15
     498   5.618   -70.31224    0.00000    0.00000     498       4
     499   5.624   -70.31223    0.00000    0.00000     499       3
     500   5.626   -70.31222    0.00000    0.00000     500       6
     501   5.633   -70.31221    0.00000    0.00000     501       6
     502   5.625   -70.31222    0.00000    0.00000     502       1
     503   5.633   -70.31221    0.00000    0.00000     503       2
     504   5.642   -70.31220    0.00000    0.00000     504       1
     505   5.642   -70.31220    0.00000    0.00000     505       3
     506   5.648   -70.31219    0.00000    0.00000     506       1
     507   5.653   -70.31218    0.00000    0.00000     507       3
     508   5.675   -70.31214    0.00000    0.00000     508       7
     509   5.676   -70.31214    0.00000    0.00000     509       1
     510   5.672   -70.31215    0.00000    0.00000     510       2
     511   5.678   -70.31214    0.00000    0.00000     511       4
     512   5.682   -70.31213    0.00000    0.00000     512       8
     513   5.687   -70.31213    0.00000    0.00001     513      29
     514   5.693   -70.31212    0.00000    0.00000     514      10
     515   5.695   -70.31211    0.00000    0.00000     515       2
     516   5.692   -70.31212    0.00000    0.00001     516      21
     517   5.702   -70.31210    0.00000    0.00000     517      10
     518   5.705   -70.31210    0.00000    0.00000     518       1
     519   5.701   -70.31210    0.00000    0.00001     519      44
     520   5.715   -70.31208    0.00000    0.00001     520      31
     521   5.722   -70.31207    0.00000    0.00000     521       9
     522   5.725   -70.31207    0.00000    0.00000     522       5
     523   5.725   -70.31207    0.00000    0.00000     523       4
     524   5.726   -70.31206    0.00000    0.00000     524       2
     525   5.707   -70.31209    0.00000    0.00000     525       2
     526   5.735   -70.31205    0.00000    0.00000     526       7
     527   5.693   -70.31212    0.00000    0.00000     527       3
     528   5.708   -70.31209    0.00000    0.00000     528       3
     529   5.708   -70.31209    0.00000    0.00000     529       5
     530   5.739   -70.31204    0.00000    0.00000     530       1
     531   5.739   -70.31204    0.00000    0.00000     531       5
     532   5.741   -70.31204    0.00000    0.00000     532      13
     533   5.729   -70.31206    0.00000    0.00000     533       4
     534   5.757   -70.31201    0.00000    0.00000     534       5
     535   5.758   -70.31201    0.00000    0.00000     535      12
     536   5.773   -70.31199    0.00000    0.00001     536      35
     537   5.786   -70.31197    0.00000    0.00000     537       6
     538   5.784   -70.31197    0.00000    0.00000     538       1
     539   5.786   -70.31197    0.00000    0.00000     539       1
     540   5.789   -70.31196    0.00000    0.00000     540       1
     541   5.789   -70.31196    0.00000    0.00000     541       1
     542   5.786   -70.31197    0.00000    0.00000     542       1
     543   5.799   -70.31195    0.00000    0.00000     543      18
     544   5.804   -70.31194    0.00000    0.00000     544       2
     545   5.806   -70.31194    0.00000    0.00000     545       1
     546   5.808   -70.31193    0.00000    0.00000     546       1
     547   5.811   -70.31193    0.00000    0.00000     547       2
     548   5.817   -70.31192    0.00000    0.00000     548       2
     549   5.819   -70.31191    0.00000    0.00000     549       3
     550   5.829   -70.31190    0.00000    0.00000     550       1
     551   5.815   -70.31192    0.00000    0.00000     551       1
     552   5.830   -70.31190    0.00000    0.00000     552       3
     553   5.831   -70.31190    0.00000    0.00000     553       1
     554   5.813   -70.31192    0.00000    0.00000     554       2
     555   5.838   -70.31188    0.00000    0.00000     555       1
     556   5.842   -70.31188    0.00000    0.00000     556       3
     557   5.843   -70.31188    0.00000    0.00000     557       4
     558   5.845   -70.31187    0.00000    0.00000     558       4
     559   5.856   -70.31186    0.00000    0.00000     559       2
     560   5.843   -70.31188    0.00000    0.00000     560       1
     561   5.867   -70.31184    0.00000    0.00000     561       1
     562   5.865   -70.31184    0.00000    0.00000     562       2
     563   5.834   -70.31189    0.00000    0.00000     563       1
     564   5.844   -70.31188    0.00000    0.00000     564       1
     565   5.879   -70.31182    0.00000    0.00000     565      16
     566   5.887   -70.31181    0.00000    0.00000     566      10
     567   5.897   -70.31179    0.00000    0.00000     567       1
     568   5.900   -70.31179    0.00000    0.00000     568       1
     569   5.905   -70.31178    0.00000    0.00000     569       1
     570   5.904   -70.31178    0.00000    0.00000     570       1
     571   5.906   -70.31178    0.00000    0.00000     571       2
     572   5.912   -70.31177    0.00000    0.00000     572      15
     573   5.931   -70.31174    0.00000    0.00000     573       1
     574   5.932   -70.31174    0.00000    0.00000     574       1
     575   5.921   -70.31175    0.00000    0.00000     575       1
     576   5.934   -70.31173    0.00000    0.00000     576       9
     577   5.935   -70.31173    0.00000    0.00000     577      10
     578   5.926   -70.31174    0.00000    0.00000     578       2
     579   5.949   -70.31171    0.00000    0.00000     579       2
     580   5.957   -70.31169    0.00000    0.00000     580       1
     581   5.958   -70.31169    0.00000    0.00000     581       1
     582   5.962   -70.31169    0.00000    0.00000     582       2
     583   5.962   -70.31169    0.00000    0.00000     583       2
     584   5.963   -70.31169    0.00000    0.00000     584      30
     585   5.970   -70.31168    0.00000    0.00000     585       1
     586   5.971   -70.31167    0.00000    0.00000     586       9
     587   5.974   -70.31167    0.00000    0.00000     587       4
     588   5.984   -70.31165    0.00000    0.00000     588       1
     589   5.991   -70.31164    0.00000    0.00000     589       2
     590   5.980   -70.31166    0.00000    0.00000     590       4
     591   5.992   -70.31164    0.00000    0.00000     591       1
     592   5.993   -70.31164    0.00000    0.00000     592       2
     593   5.994   -70.31164    0.00000    0.00000     593       1
     594   5.989   -70.31164    0.00000    0.00000     594       2
T /K                                  :   298.15
E lowest                              :   -70.32119
ensemble average energy (kcal)        :    0.835
ensemble entropy (J/mol K, cal/mol K) :   58.276   13.928
ensemble free energy (kcal/mol)       :   -4.153
population of lowest in %             :   29.497
 number of unique conformers for further calc          594
 list of relative energies saved as "crest.energies"
 compare nuclear equivalencies ...
::::::::::: conformer group all :::::::::::
 chemical equivalencies (mag.active nuclei):
reference atom  16 # : 3
reference atom  29 # : 3
reference atom  34 # : 3
reference atom  38 # : 3
 magnetic equivalencies:
reference atom  16 # : 3
reference atom  29 # : 3
reference atom  34 # : 3
reference atom  38 # : 3

******************************************************************************************
**                           ENSEMBLE ENTROPY CALCULATION                               **
******************************************************************************************
======================================================
 Containing 418 conformers :
     H(298.15K)-H(0) (conf)      1.131958
                   Cp(conf)      4.040516
                    S(conf)      8.778422
======================================================
 Containing 491 conformers :
     H(298.15K)-H(0) (conf)      1.276231
                   Cp(conf)      4.187187
                    S(conf)      9.124482
======================================================
 Containing 526 conformers :
     H(298.15K)-H(0) (conf)      1.323186
                   Cp(conf)      4.242498
                    S(conf)      9.300255
======================================================
 Containing 546 conformers :
     H(298.15K)-H(0) (conf)      1.362118
                   Cp(conf)      4.238018
                    S(conf)      9.395117
======================================================
 Containing 568 conformers :
     H(298.15K)-H(0) (conf)      1.374687
                   Cp(conf)      4.186384
                    S(conf)      9.452956
======================================================
 Containing 584 conformers :
     H(298.15K)-H(0) (conf)      1.387439
                   Cp(conf)      4.254339
                    S(conf)      9.483000
======================================================
 Containing 594 conformers :
     H(298.15K)-H(0) (conf)      1.453367
                   Cp(conf)      4.018345
                    S(conf)      9.498760
======================================================

 --------------------------------------
 FINAL CALCULATION OF MOLECULAR ENTROPY
 --------------------------------------

   block      Siter   Siter (fit) 
        1    0.346    0.342
        2    0.522    0.520
        3    0.617    0.619
        4    0.675    0.674
        5    0.705    0.706
        6    0.720    0.724
R²       :    0.999979
FINAL ENTROPY (extrapol.)  :      9.52744

 ----------------------------------
 Frequency Calculation and Averages
 ----------------------------------
 Nconf on file      : 594
 Taken for Hessians : 173 (= 90.01% total population)
 T range  /K    :   278.15   378.15
 scaling factor :          1.000000     
 rotor cutoff   :         25.000000 cm⁻¹
 imag. cutoff   :        -50.000000 cm⁻¹

 Running 173 calculations ...
 |>0.6% |>10.4% |>20.2% |>30.1% |>40.5% |>50.3% |>60.1% |>70.5% |>80.3% |>90.2% |>100.0%
 done.
 calculating averages for G and S ...    done.
 calculating Boltzmann weights ...       done.
 calculating reference S (bhess) ... > bhess not implemented for calculator routines
    done.
 calculating δSrrho ...                  done.

 Coordinates for the bhess reference structure (Ångström):
 -----------------------------------------------------------
  43

 S         -2.4190040299        2.2317029938        0.4736768523
 O         -2.1417616505        3.5778129602       -0.0364458175
 C         -0.7787647449        1.5240021954        0.6862112287
 N         -0.4551455869        0.5138870266        1.4380298855
 C          0.8804145849        0.3046346970        1.1942432270
 C          1.7612866056       -0.6475224403        1.7006984384
 C          3.0526981584       -0.6363050218        1.2356795393
 C          3.5023093512        0.3031084097        0.2858666791
 C          2.6486933941        1.2718366200       -0.2156093124
 C          1.3427195466        1.2530843096        0.2515395660
 N          0.2560045210        2.0292117155       -0.0370138131
 H          0.1791083496        2.8061177727       -0.6735877420
 H          2.9599377967        2.0085570807       -0.9377395756
 O          4.8088179807        0.1655434762       -0.0720699055
 C          5.3485266871        1.0701308196       -1.0043262638
 H          6.3889762569        0.7761479616       -1.1322603545
 H          5.3067240309        2.0999668933       -0.6352084344
 H          4.8340546781        1.0080691076       -1.9688119649
 H          3.7745644592       -1.3546205913        1.5913612605
 H          1.4352599766       -1.3635990421        2.4368383416
 C         -2.8107468887        1.2166122265       -1.0747551019
 C         -1.9835589120       -0.0137445487       -1.1347691749
 N         -0.9266716755        0.0533630720       -1.9366314971
 C         -0.0863298110       -0.9612409235       -1.9712221062
 C         -0.2190526683       -2.1056789431       -1.1977983407
 C         -1.3340086697       -2.1724276928       -0.3576247918
 C         -2.2482851161       -1.1181437402       -0.3207132625
 C         -3.4311193694       -1.1574050491        0.5936495787
 H         -3.5476545744       -2.1585097728        0.9998186035
 H         -4.3428511220       -0.8892392136        0.0629468666
 H         -3.2887355016       -0.4549289403        1.4142161734
 O         -1.5506726284       -3.2851915984        0.4302732912
 C         -0.9075437405       -3.2213895092        1.6898344452
 H         -1.1160332662       -2.2715711483        2.1908392853
 H          0.1757826186       -3.3388682351        1.5852379707
 H         -1.3077492469       -4.0477266136        2.2754299765
 C          0.7976692528       -3.2010274429       -1.2491052330
 H          1.6323934995       -2.9635597808       -0.5878723500
 H          0.3544213478       -4.1416577371       -0.9311947217
 H          1.1877824486       -3.3104276343       -2.2584871453
 H          0.7538072187       -0.8469115889       -2.6441647018
 H         -3.8783728146        1.0168690781       -1.0301147880
 H         -2.5782866236        1.8787603048       -1.9063062064
 -----------------------------------------------------------
 as read from <coord>
 Heavy-atom RMSD between lowest conformer and this reference :
 RMSD(heavy) =        0.001648 Å

 msRRHO(bhess) reference entropies:
      278.15        157.983693
      288.15        161.044243
      298.15        164.085823
      308.15        167.109307
      318.15        170.115395
      328.15        173.104630
      338.15        176.077423
      348.15        179.034069
      358.15        181.974765
      368.15        184.899627
      378.15        187.808705

       T/K  |S(T)|/cal/molK       |G(T)|/Eh     G_lowest/Eh    (conf)
   -----------------------------------------------------------------
    278.15    0.158586E+03    0.282622E+00      -70.039070         8
    288.15    0.161627E+03    0.280111E+00      -70.041617         8
    298.15    0.164651E+03    0.277552E+00      -70.044212         8
    308.15    0.167657E+03    0.274945E+00      -70.046856         8
    318.15    0.170647E+03    0.272290E+00      -70.049547         8
    328.15    0.173622E+03    0.269587E+00      -70.052286         8
    338.15    0.176580E+03    0.266837E+00      -70.055073         8
    348.15    0.179524E+03    0.264039E+00      -70.057906         8
    358.15    0.182452E+03    0.261195E+00      -70.060786         8
    368.15    0.185365E+03    0.258304E+00      -70.063712         8
    378.15    0.188262E+03    0.255366E+00      -70.066685         8
   -----------------------------------------------------------------
   NOTE: if |G(T)| is the averaged contributrion to the free energy.
   |G(T)| used only for the higher-energetic structures (n > 173).
   All other structures use G(T) from the respective Hessian calculations.

 Quantities calculated on free energies:
       T/K          δSrrho           Cp(T)     [H(T)-H(0)]
   -------------------------------------------------------
    278.15    0.601861E+00    0.589927E+01        1.342865
    288.15    0.582712E+00    0.553352E+01        1.404081
    298.15    0.564748E+00    0.519964E+01        1.461769
    308.15    0.547882E+00    0.489718E+01        1.516253
    318.15    0.532024E+00    0.462470E+01        1.567842
    328.15    0.517086E+00    0.438018E+01        1.616830
    338.15    0.502983E+00    0.416135E+01        1.663483
    348.15    0.489639E+00    0.396584E+01        1.708047
    358.15    0.476980E+00    0.379133E+01        1.750743
    368.15    0.464942E+00    0.363562E+01        1.791767
    378.15    0.453467E+00    0.349666E+01        1.831296
   -------------------------------------------------------
   NOTE: δSrrho(T) = |S(T)| - Sref(T)

 ----------------------
 TEMPERATURE DEPENDENCE
 ----------------------

 Final CONFORMATIONAL quantities at given T:
       T/K        S(total)           Cp(T)     [H(T)-H(0)]        G(total)
   -----------------------------------------------------------------------
    278.15        9.779397        5.899266        1.342865       -1.377274
    288.15        9.946588        5.533521        1.404081       -1.462028
    298.15       10.092185        5.199643        1.461769       -1.547215
    308.15       10.238701        4.897183        1.516253       -1.638803
    318.15       10.358481        4.624699        1.567842       -1.727708
    328.15       10.476288        4.380181        1.616830       -1.820964
    338.15       10.586368        4.161348        1.663483       -1.916297
    348.15       10.686916        3.965839        1.708047       -2.012603
    358.15       10.778959        3.791332        1.750743       -2.109742
    368.15       10.866125        3.635624        1.791767       -2.208597
    378.15       10.947702        3.496663        1.831296       -2.308577
   -----------------------------------------------------------------------
   S and Cp in cal/mol*K; H and G in kcal/mol
   G(total) is the ensemble free energy (H-T*S) and S(total) = S(conf,extrapol.) + δSrrho

 ----------------------------------------------------
 |      FINAL MOLECULAR ENTROPY AT T= 298.15 K      |
 ----------------------------------------------------
     Sconf   =          9.527436
   + δSrrho  =          0.564748
 -----------------------------------------------------
 = S(total)  =         10.092185  (cal mol⁻¹ K⁻¹)

   H(T)-H(0) =          1.461769
   G         =         -3.008985   (-T*S)
 -----------------------------------------------------
 = G(total)  =         -1.547215  (H-T*S) (kcal mol⁻¹)

   Cp(total) =          5.199643  (cal mol⁻¹ K⁻¹)


 -----------------
 Wall Time Summary
 -----------------
 CREST runtime (total)               0 d,  2 h, 42 min, 16.136 sec
 ------------------------------------------------------------------
 Trial metadynamics (MTD)   ...        0 min,  6.370 sec (  0.065%)
 Metadynamics (MTD)         ...        5 min, 54.996 sec (  3.646%)
 Geometry optimization      ...      125 min, 25.047 sec ( 77.290%)
 Static metadynamics (sMTD) ...       28 min, 52.355 sec ( 17.793%)
 Conf. entropy evaluation   ...        1 min, 31.940 sec (  0.944%)
 I/O and setup              ...        0 min, 25.428 sec (  0.261%)
 ------------------------------------------------------------------
 * wall-time:     0 d,  2 h, 42 min, 16.136 sec
 *  cpu-time:     1 d, 16 h, 22 min, 24.315 sec
 * ratio c/w:    14.928 speedup
 ------------------------------------------------------------------
 * Total number of energy+grad calls: 4163947

 CREST terminated normally.
