
       ╔════════════════════════════════════════════════╗
       ║                                                ║
       ║     ██████╗██████╗ ███████╗███████╗████████╗   ║
       ║    ██╔════╝██╔══██╗██╔════╝██╔════╝╚══██╔══╝   ║
       ║    ██║     ██████╔╝█████╗  ███████╗   ██║      ║
       ║    ██║     ██╔══██╗██╔══╝  ╚════██║   ██║      ║
       ║    ╚██████╗██║  ██║███████╗███████║   ██║      ║
       ║     ╚═════╝╚═╝  ╚═╝╚══════╝╚══════╝   ╚═╝      ║
       ║                                                ║
       ║    Conformer-Rotamer Ensemble Sampling Tool    ║
       ║            based on the xTB methods            ║
       ║                                                ║
       ╚════════════════════════════════════════════════╝
        Version 3.0.2, Mon, 29 September 16:25:59, 09/29/2025
        commit (c39758d) compiled by 'andrey@PC1'

   Cite work conducted with this code as

   • P.Pracht, F.Bohle, S.Grimme, PCCP, 2020, 22, 7169-7192.
   • S.Grimme, JCTC, 2019, 15, 2847-2862.
   • P.Pracht, S.Grimme, C.Bannwarth, F.Bohle, S.Ehlert,
     G.Feldmann, J.Gorges, M.Müller, T.Neudecker, C.Plett,
     S.Spicher, P.Steinbach, P.Wesołowski, F.Zeller,
     J. Chem. Phys., 2024, 160, 114110.

   for works involving QCG cite

   • S.Spicher, C.Plett, P.Pracht, A.Hansen, S.Grimme,
     JCTC, 2022, 18 (5), 3174-3189.
   • C.Plett, S. Grimme,
     Angew. Chem. Int. Ed. 2023, 62, e202214477.

   for works involving MECP screening cite

   • P.Pracht, C.Bannwarth, JCTC, 2022, 18 (10), 6370-6385.

   Original code
     P.Pracht, S.Grimme, Universität Bonn, MCTC
   with help from (alphabetical order):
     C.Bannwarth, F.Bohle, S.Ehlert, G.Feldmann, J.Gorges,
     S.Grimme, C.Plett, P.Pracht, S.Spicher, P.Steinbach,
     P.Wesolowski, F.Zeller

   Online documentation is available at
   https://crest-lab.github.io/crest-docs/

   This program is distributed in the hope that it will be useful,
   but WITHOUT ANY WARRANTY; without even the implied warranty of
   MERCHANTABILITY or FITNESS FOR A PARTICULAR PURPOSE. See the
   GNU Lesser General Public License (LGPL) for more details.

 Command line input:
 $ ./crest m1_00_Tamiflu-uni_best.xyz --T 16 --entropy --gfn2 --chrg 0

  --T 16 (CPUs/Threads selected)
  --entropy : enhanced ensemble entropy calculation
  --gfn2               : Use of GFN2-xTB requested.
  --chrg 0

> Setting up backup calculator ... done.
 ----------------
 Calculation info
 ----------------
> User-defined calculation level:
 : xTB calculation via tblite lib
 : GFN2-xTB level
 :   Molecular charge    : 0
 :   Fermi temperature   : 300.00000
 :   Accuracy            : 1.00000
 :   max SCC cycles      : 500


 -----------------------------
 Initial Geometry Optimization
 -----------------------------
 Geometry successfully optimized.

          ┍━━━━━━━━━━━━━━━━━━━━━━━━━━━━━━━━━━━━━━━━━━━━━━━━━┑
          │              CREST ENTROPY SAMPLING             │
          ┕━━━━━━━━━━━━━━━━━━━━━━━━━━━━━━━━━━━━━━━━━━━━━━━━━┙

 please cite:
 • P.Pracht, S.Grimme, Chem. Sci., 2021, 12, 6551-6568.
 • J.Gorges, S.Grimme, A.Hansen, P.Pracht, PCCP, 2022,24, 12249-12259.

 Input structure:
  50

 O         -1.4325285835       -1.3987406200       -0.8616777287
 C         -1.4625794783       -2.0433263684        0.4131884876
 C         -1.4921215633       -3.5584038280        0.1728436061
 C         -0.1950639968       -4.0895003062       -0.4242244871
 H          0.6500873296       -3.8710244828        0.2257453371
 H         -0.2568477267       -5.1674776240       -0.5549285173
 H         -0.0173578469       -3.6380699846       -1.3971673758
 H         -2.3134897926       -3.7783732486       -0.5089170755
 H         -1.6882457653       -4.0540894096        1.1249177045
 C         -2.6802549092       -1.5886155704        1.2386679332
 C         -4.0027680428       -1.8186739937        0.5154706022
 H         -3.9306515846       -1.4489239256       -0.5046082889
 H         -4.8041996660       -1.2905835508        1.0267670862
 H         -4.2549851775       -2.8752067263        0.4826548330
 H         -2.5869534439       -0.5273081555        1.4692149990
 H         -2.6720793114       -2.1289454023        2.1869781276
 H         -0.5473083017       -1.7882412547        0.9669292144
 C         -0.5366361499       -0.3267766348       -1.0320084000
 C          0.8845441916       -0.6608749232       -0.6890230160
 C          1.7578389382        0.2211712910       -0.2022831869
 C          3.1318390373       -0.2563225973        0.1003397743
 O          3.5078150348       -1.3917252169       -0.0685884196
 O          3.8998925087        0.7159787511        0.6035914911
 C          5.2481679174        0.3754299469        0.9250989849
 C          6.1453591107        0.4399944196       -0.3026964301
 H          6.0922654290        1.4268469998       -0.7562629811
 H          5.8288810011       -0.3024851928       -1.0310986364
 H          7.1724120937        0.2354231113       -0.0146275529
 H          5.5533406677        1.1073186190        1.6757726857
 H          5.2671740331       -0.6320993283        1.3535561616
 C          1.4221687345        1.6541344936        0.0720869280
 H          1.3526082708        1.8045919625        1.1535445497
 H          2.2232739775        2.3028159897       -0.2829770155
 C          0.0989212273        2.0685011982       -0.5766292703
 N         -0.2820383920        3.3750012178       -0.0832912523
 H         -0.5009442112        3.3223364353        0.9070607366
 H         -1.1168176979        3.7056555383       -0.5545041109
 H          0.2387620377        2.1576368509       -1.6616143825
 C         -0.9514148488        0.9621543421       -0.3027753791
 N         -2.2779201503        1.3640813771       -0.7131481075
 C         -3.1999004244        1.8265281206        0.1643436259
 O         -2.9423639629        2.0308561006        1.3327701455
 C         -4.5584394703        2.0746236833       -0.4536936348
 H         -4.9915083173        1.1296062031       -0.7746822920
 H         -5.2100339313        2.5316730327        0.2850699192
 H         -4.4713360548        2.7317059644       -1.3161551715
 H         -2.5530533176        1.1464105748       -1.6576418014
 H         -0.9911811800        0.7937598044        0.7794275411
 H          1.2002567831       -1.6789686867       -0.8645405813
 H         -0.5879055463       -0.1336905884       -2.1169690879

 ------------------------------------------------
 Generating MTD length from a flexibility measure
 ------------------------------------------------
 Calculating GFN0-xTB WBOs   ... done.
 Calculating NCI flexibility ... done.
     covalent flexibility measure :   0.475
 non-covalent flexibility measure :   0.736
 flexibility measure :   0.491
 t(MTD) / ps    :    66.0
 Σ(t(MTD)) / ps :  1584.0 (24 MTDs)

 -----------------------------------
 Starting trial MTD to test settings
 -----------------------------------
 Trial MTD 1 runtime (1.0 ps) ...        0 min,  6.010 sec
 Estimated runtime for one MTD (66.0 ps) on a single thread: 6 min 37 sec
 Estimated runtime for a batch of 24 MTDs on 16 threads: 13 min 13 sec

********************************************************************************
**                    N E W   I T E R A T I O N  C Y C L E                    **
********************************************************************************

 ------------------------------
 Meta-Dynamics Iteration 1
 ------------------------------
 list of applied metadynamics Vbias parameters:
$metadyn    0.37500   1.618
$metadyn    0.18750   1.618
$metadyn    0.09375   1.618
$metadyn    0.04688   1.618
$metadyn    0.37500   1.000
$metadyn    0.18750   1.000
$metadyn    0.09375   1.000
$metadyn    0.04688   1.000
$metadyn    0.37500   0.618
$metadyn    0.18750   0.618
$metadyn    0.09375   0.618
$metadyn    0.04688   0.618
$metadyn    0.37500   0.382
$metadyn    0.18750   0.382
$metadyn    0.09375   0.382
$metadyn    0.04688   0.382
$metadyn    0.37500   0.236
$metadyn    0.18750   0.236
$metadyn    0.09375   0.236
$metadyn    0.04688   0.236
$metadyn    0.37500   0.146
$metadyn    0.18750   0.146
$metadyn    0.09375   0.146
$metadyn    0.04688   0.146

  ::::::::::::: starting MTD    7 :::::::::::::
  |   MD simulation time   :    66.0 ps       |
  |   target T             :   300.0 K        |
  |   timestep dt          :     5.0 fs       |
  |   dump interval(trj)   :   100.0 fs       |
  |   SHAKE algorithm      : true (all bonds) |
  |   dump interval(Vbias) :    1.00 ps       |
  |   Vbias prefactor (k)  :  0.0938 Eh       |
  |   Vbias exponent (α)   :  1.0000 bohr⁻²   |
  ::::::::::::: starting MTD   19 :::::::::::::
  |   MD simulation time   :    66.0 ps       |
  |   target T             :   300.0 K        |
  |   timestep dt          :     5.0 fs       |
  |   dump interval(trj)   :   100.0 fs       |
  |   SHAKE algorithm      : true (all bonds) |
  |   dump interval(Vbias) :    1.00 ps       |
  |   Vbias prefactor (k)  :  0.0938 Eh       |
  |   Vbias exponent (α)   :  0.2361 bohr⁻²   |
  ::::::::::::: starting MTD   18 :::::::::::::
  |   MD simulation time   :    66.0 ps       |
  |   target T             :   300.0 K        |
  |   timestep dt          :     5.0 fs       |
  |   dump interval(trj)   :   100.0 fs       |
  |   SHAKE algorithm      : true (all bonds) |
  |   dump interval(Vbias) :    1.00 ps       |
  |   Vbias prefactor (k)  :  0.1875 Eh       |
  |   Vbias exponent (α)   :  0.2361 bohr⁻²   |
  ::::::::::::: starting MTD   15 :::::::::::::
  |   MD simulation time   :    66.0 ps       |
  |   target T             :   300.0 K        |
  |   timestep dt          :     5.0 fs       |
  |   dump interval(trj)   :   100.0 fs       |
  |   SHAKE algorithm      : true (all bonds) |
  |   dump interval(Vbias) :    1.00 ps       |
  |   Vbias prefactor (k)  :  0.0938 Eh       |
  |   Vbias exponent (α)   :  0.3820 bohr⁻²   |
  ::::::::::::: starting MTD   17 :::::::::::::
  |   MD simulation time   :    66.0 ps       |
  |   target T             :   300.0 K        |
  |   timestep dt          :     5.0 fs       |
  |   dump interval(trj)   :   100.0 fs       |
  |   SHAKE algorithm      : true (all bonds) |
  |   dump interval(Vbias) :    1.00 ps       |
  |   Vbias prefactor (k)  :  0.3750 Eh       |
  |   Vbias exponent (α)   :  0.2361 bohr⁻²   |
  ::::::::::::: starting MTD   24 :::::::::::::
  |   MD simulation time   :    66.0 ps       |
  |   target T             :   300.0 K        |
  |   timestep dt          :     5.0 fs       |
  |   dump interval(trj)   :   100.0 fs       |
  |   SHAKE algorithm      : true (all bonds) |
  |   dump interval(Vbias) :    1.00 ps       |
  |   Vbias prefactor (k)  :  0.0469 Eh       |
  |   Vbias exponent (α)   :  0.1459 bohr⁻²   |
  ::::::::::::: starting MTD   22 :::::::::::::
  |   MD simulation time   :    66.0 ps       |
  |   target T             :   300.0 K        |
  |   timestep dt          :     5.0 fs       |
  |   dump interval(trj)   :   100.0 fs       |
  |   SHAKE algorithm      : true (all bonds) |
  |   dump interval(Vbias) :    1.00 ps       |
  |   Vbias prefactor (k)  :  0.1875 Eh       |
  |   Vbias exponent (α)   :  0.1459 bohr⁻²   |
  ::::::::::::: starting MTD    1 :::::::::::::
  |   MD simulation time   :    66.0 ps       |
  |   target T             :   300.0 K        |
  |   timestep dt          :     5.0 fs       |
  |   dump interval(trj)   :   100.0 fs       |
  |   SHAKE algorithm      : true (all bonds) |
  |   dump interval(Vbias) :    1.00 ps       |
  |   Vbias prefactor (k)  :  0.3750 Eh       |
  |   Vbias exponent (α)   :  1.6180 bohr⁻²   |
  ::::::::::::: starting MTD    5 :::::::::::::
  |   MD simulation time   :    66.0 ps       |
  |   target T             :   300.0 K        |
  |   timestep dt          :     5.0 fs       |
  |   dump interval(trj)   :   100.0 fs       |
  |   SHAKE algorithm      : true (all bonds) |
  |   dump interval(Vbias) :    1.00 ps       |
  |   Vbias prefactor (k)  :  0.3750 Eh       |
  |   Vbias exponent (α)   :  1.0000 bohr⁻²   |
  ::::::::::::: starting MTD   23 :::::::::::::
  |   MD simulation time   :    66.0 ps       |
  |   target T             :   300.0 K        |
  |   timestep dt          :     5.0 fs       |
  |   dump interval(trj)   :   100.0 fs       |
  |   SHAKE algorithm      : true (all bonds) |
  |   dump interval(Vbias) :    1.00 ps       |
  |   Vbias prefactor (k)  :  0.0938 Eh       |
  |   Vbias exponent (α)   :  0.1459 bohr⁻²   |
  ::::::::::::: starting MTD   13 :::::::::::::
  |   MD simulation time   :    66.0 ps       |
  |   target T             :   300.0 K        |
  |   timestep dt          :     5.0 fs       |
  |   dump interval(trj)   :   100.0 fs       |
  |   SHAKE algorithm      : true (all bonds) |
  |   dump interval(Vbias) :    1.00 ps       |
  |   Vbias prefactor (k)  :  0.3750 Eh       |
  |   Vbias exponent (α)   :  0.3820 bohr⁻²   |
  ::::::::::::: starting MTD    3 :::::::::::::
  |   MD simulation time   :    66.0 ps       |
  |   target T             :   300.0 K        |
  |   timestep dt          :     5.0 fs       |
  |   dump interval(trj)   :   100.0 fs       |
  |   SHAKE algorithm      : true (all bonds) |
  |   dump interval(Vbias) :    1.00 ps       |
  |   Vbias prefactor (k)  :  0.0938 Eh       |
  |   Vbias exponent (α)   :  1.6180 bohr⁻²   |
  ::::::::::::: starting MTD   11 :::::::::::::
  |   MD simulation time   :    66.0 ps       |
  |   target T             :   300.0 K        |
  |   timestep dt          :     5.0 fs       |
  |   dump interval(trj)   :   100.0 fs       |
  |   SHAKE algorithm      : true (all bonds) |
  |   dump interval(Vbias) :    1.00 ps       |
  |   Vbias prefactor (k)  :  0.0938 Eh       |
  |   Vbias exponent (α)   :  0.6180 bohr⁻²   |
  ::::::::::::: starting MTD    9 :::::::::::::
  |   MD simulation time   :    66.0 ps       |
  |   target T             :   300.0 K        |
  |   timestep dt          :     5.0 fs       |
  |   dump interval(trj)   :   100.0 fs       |
  |   SHAKE algorithm      : true (all bonds) |
  |   dump interval(Vbias) :    1.00 ps       |
  |   Vbias prefactor (k)  :  0.3750 Eh       |
  |   Vbias exponent (α)   :  0.6180 bohr⁻²   |
  ::::::::::::: starting MTD   21 :::::::::::::
  |   MD simulation time   :    66.0 ps       |
  |   target T             :   300.0 K        |
  |   timestep dt          :     5.0 fs       |
  |   dump interval(trj)   :   100.0 fs       |
  |   SHAKE algorithm      : true (all bonds) |
  |   dump interval(Vbias) :    1.00 ps       |
  |   Vbias prefactor (k)  :  0.3750 Eh       |
  |   Vbias exponent (α)   :  0.1459 bohr⁻²   |
  ::::::::::::: starting MTD   20 :::::::::::::
  |   MD simulation time   :    66.0 ps       |
  |   target T             :   300.0 K        |
  |   timestep dt          :     5.0 fs       |
  |   dump interval(trj)   :   100.0 fs       |
  |   SHAKE algorithm      : true (all bonds) |
  |   dump interval(Vbias) :    1.00 ps       |
  |   Vbias prefactor (k)  :  0.0469 Eh       |
  |   Vbias exponent (α)   :  0.2361 bohr⁻²   |
*MTD  15 completed successfully ...       10 min, 17.200 sec
  ::::::::::::: starting MTD   16 :::::::::::::
  |   MD simulation time   :    66.0 ps       |
  |   target T             :   300.0 K        |
  |   timestep dt          :     5.0 fs       |
  |   dump interval(trj)   :   100.0 fs       |
  |   SHAKE algorithm      : true (all bonds) |
  |   dump interval(Vbias) :    1.00 ps       |
  |   Vbias prefactor (k)  :  0.0469 Eh       |
  |   Vbias exponent (α)   :  0.3820 bohr⁻²   |
*MTD  11 completed successfully ...       10 min, 17.640 sec
  ::::::::::::: starting MTD   12 :::::::::::::
  |   MD simulation time   :    66.0 ps       |
  |   target T             :   300.0 K        |
  |   timestep dt          :     5.0 fs       |
  |   dump interval(trj)   :   100.0 fs       |
  |   SHAKE algorithm      : true (all bonds) |
  |   dump interval(Vbias) :    1.00 ps       |
  |   Vbias prefactor (k)  :  0.0469 Eh       |
  |   Vbias exponent (α)   :  0.6180 bohr⁻²   |
*MTD   7 completed successfully ...       10 min, 17.661 sec
  ::::::::::::: starting MTD    8 :::::::::::::
  |   MD simulation time   :    66.0 ps       |
  |   target T             :   300.0 K        |
  |   timestep dt          :     5.0 fs       |
  |   dump interval(trj)   :   100.0 fs       |
  |   SHAKE algorithm      : true (all bonds) |
  |   dump interval(Vbias) :    1.00 ps       |
  |   Vbias prefactor (k)  :  0.0469 Eh       |
  |   Vbias exponent (α)   :  1.0000 bohr⁻²   |
*MTD   1 completed successfully ...       10 min, 18.991 sec
  ::::::::::::: starting MTD    2 :::::::::::::
  |   MD simulation time   :    66.0 ps       |
  |   target T             :   300.0 K        |
  |   timestep dt          :     5.0 fs       |
  |   dump interval(trj)   :   100.0 fs       |
  |   SHAKE algorithm      : true (all bonds) |
  |   dump interval(Vbias) :    1.00 ps       |
  |   Vbias prefactor (k)  :  0.1875 Eh       |
  |   Vbias exponent (α)   :  1.6180 bohr⁻²   |
*MTD   3 completed successfully ...       10 min, 19.118 sec
  ::::::::::::: starting MTD    4 :::::::::::::
  |   MD simulation time   :    66.0 ps       |
  |   target T             :   300.0 K        |
  |   timestep dt          :     5.0 fs       |
  |   dump interval(trj)   :   100.0 fs       |
  |   SHAKE algorithm      : true (all bonds) |
  |   dump interval(Vbias) :    1.00 ps       |
  |   Vbias prefactor (k)  :  0.0469 Eh       |
  |   Vbias exponent (α)   :  1.6180 bohr⁻²   |
*MTD  20 completed successfully ...       10 min, 19.551 sec
*MTD   5 completed successfully ...       10 min, 20.966 sec
  ::::::::::::: starting MTD    6 :::::::::::::
  |   MD simulation time   :    66.0 ps       |
  |   target T             :   300.0 K        |
  |   timestep dt          :     5.0 fs       |
  |   dump interval(trj)   :   100.0 fs       |
  |   SHAKE algorithm      : true (all bonds) |
  |   dump interval(Vbias) :    1.00 ps       |
  |   Vbias prefactor (k)  :  0.1875 Eh       |
  |   Vbias exponent (α)   :  1.0000 bohr⁻²   |
*MTD  19 completed successfully ...       10 min, 22.237 sec
*MTD   9 completed successfully ...       10 min, 25.565 sec
  ::::::::::::: starting MTD   10 :::::::::::::
  |   MD simulation time   :    66.0 ps       |
  |   target T             :   300.0 K        |
  |   timestep dt          :     5.0 fs       |
  |   dump interval(trj)   :   100.0 fs       |
  |   SHAKE algorithm      : true (all bonds) |
  |   dump interval(Vbias) :    1.00 ps       |
  |   Vbias prefactor (k)  :  0.1875 Eh       |
  |   Vbias exponent (α)   :  0.6180 bohr⁻²   |
*MTD  24 completed successfully ...       10 min, 25.746 sec
*MTD  23 completed successfully ...       10 min, 30.396 sec
*MTD  18 completed successfully ...       10 min, 31.910 sec
*MTD  13 completed successfully ...       10 min, 34.452 sec
  ::::::::::::: starting MTD   14 :::::::::::::
  |   MD simulation time   :    66.0 ps       |
  |   target T             :   300.0 K        |
  |   timestep dt          :     5.0 fs       |
  |   dump interval(trj)   :   100.0 fs       |
  |   SHAKE algorithm      : true (all bonds) |
  |   dump interval(Vbias) :    1.00 ps       |
  |   Vbias prefactor (k)  :  0.1875 Eh       |
  |   Vbias exponent (α)   :  0.3820 bohr⁻²   |
*MTD  22 completed successfully ...       10 min, 38.552 sec
*MTD  17 completed successfully ...       10 min, 43.540 sec
*MTD  21 completed successfully ...       10 min, 48.612 sec
*MTD   2 completed successfully ...        7 min, 11.326 sec
*MTD  16 completed successfully ...        7 min, 13.517 sec
*MTD  12 completed successfully ...        7 min, 13.312 sec
*MTD   6 completed successfully ...        7 min, 10.683 sec
*MTD   8 completed successfully ...        7 min, 15.942 sec
*MTD   4 completed successfully ...        7 min, 15.192 sec
*MTD  10 completed successfully ...        7 min,  9.635 sec
*MTD  14 completed successfully ...        7 min, 12.123 sec

 ======================================
 |  Multilevel Ensemble Optimization  |
 ======================================
 Optimizing all 15816 structures from file "crest_dynamics.trj" ...
 ----------------------
 crude pre-optimization
 ----------------------
 Optimization engine: ANCOPT
 Hessian update type: BFGS
 E/G convergence criteria:  0.500E-03 Eh, 0.100E-01 Eh/a0
 maximum optimization steps: 200
 |>0.0% |>2.5% |>5.0% |>7.5% |>10.0% |>12.5% |>15.0% |>17.5% |>20.0% |>22.5% |>25.0% |>27.5% |>30.0% |>32.5% |>35.0% |>37.5% |>40.0% |>42.5% |>45.0% |>47.5% |>50.0% |>52.5% |>55.0% |>57.5% |>60.0% |>62.5% |>65.0% |>67.5% |>70.0% |>72.5% |>75.0% |>77.5% |>80.0% |>82.5% |>85.0% |>87.5% |>90.0% |>92.5% |>95.0% |>97.5% |>100.0%
 done.
> 15816 of 15816 structures successfully optimized (100.0% success)
> Total runtime for 15816 optimizations:
 * wall-time:     0 d,  0 h, 15 min, 49.072 sec
 *  cpu-time:     0 d,  4 h,  3 min, 47.713 sec
 * ratio c/w:    15.413 speedup
> Corresponding to approximately 0.060 sec per processed structure

CREGEN> running RMSDs ... done.
CREGEN> E lowest :   -70.68434
 13424 structures remain within    12.00 kcal/mol window
 ----------------------------------
 optimization with tight thresholds
 ----------------------------------
 Optimization engine: ANCOPT
 Hessian update type: BFGS
 E/G convergence criteria:  0.100E-05 Eh, 0.800E-03 Eh/a0
 maximum optimization steps: 200
 |>0.0% |>2.5% |>5.0% |>7.5% |>10.0% |>12.5% |>15.0% |>17.5% |>20.0% |>22.5% |>25.0% |>27.5% |>30.0% |>32.5% |>35.0% |>37.5% |>40.0% |>42.5% |>45.0% |>47.5% |>50.0% |>52.5% |>55.0% |>57.5% |>60.0% |>62.5% |>65.0% |>67.5% |>70.0% |>72.5% |>75.0% |>77.5% |>80.0% |>82.5% |>85.0% |>87.5% |>90.0% |>92.5% |>95.0% |>97.5% |>100.0%
 done.
> 13284 of 13424 structures successfully optimized (99.0% success)
> Total runtime for 13424 optimizations:
 * wall-time:     0 d,  0 h, 38 min, 44.779 sec
 *  cpu-time:     0 d, 10 h,  5 min,  3.734 sec
 * ratio c/w:    15.616 speedup
> Corresponding to approximately 0.173 sec per processed structure

CREGEN> running RMSDs ... done.
CREGEN> E lowest :   -70.68493
 9183 structures remain within     6.00 kcal/mol window

========================================
           MTD Simulations done         
========================================
 Collecting ensmbles.
CREGEN> running RMSDs ... done.
CREGEN> E lowest :   -70.68493
 9183 structures remain within     6.00 kcal/mol window
     H(298.15K)-H(0) (conf)      1.784889
                   Cp(conf)      5.209873
                    S(conf)     11.989196

********************************************************************************
**                     I T E R A T I O N    C Y C L E      1                  **
********************************************************************************
 -------------------------------------------
 determining bias structures via PCA/k-Means
 -------------------------------------------

 20 structures were selected
 done.

 -----------------------------------------------
 determining MTD seed structures via PCA/k-Means
 -----------------------------------------------

 36 structures were selected
 done.


 ===========================================================
 Static MTDs (umbrella sampling) on 36 selected conformer(s)
 ===========================================================
> Using 20 constant RMSD bias potentials per MTD
  :::::::::: starting static MTD   2 ::::::::::
  |   MD simulation time   :    33.0 ps       |
  |   target T             :   400.0 K        |
  |   timestep dt          :     5.0 fs       |
  |   dump interval(trj)   :   100.0 fs       |
  |   SHAKE algorithm      : true (all bonds) |
  |   Vbias prefactor (k)  :  0.0036 Eh       |
  |   Vbias exponent (α)   :  1.0000 bohr⁻²   |
  :::::::::: starting static MTD   3 ::::::::::
  |   MD simulation time   :    33.0 ps       |
  |   target T             :   400.0 K        |
  |   timestep dt          :     5.0 fs       |
  |   dump interval(trj)   :   100.0 fs       |
  |   SHAKE algorithm      : true (all bonds) |
  |   Vbias prefactor (k)  :  0.0036 Eh       |
  |   Vbias exponent (α)   :  1.0000 bohr⁻²   |
  :::::::::: starting static MTD   7 ::::::::::
  |   MD simulation time   :    33.0 ps       |
  |   target T             :   400.0 K        |
  |   timestep dt          :     5.0 fs       |
  |   dump interval(trj)   :   100.0 fs       |
  |   SHAKE algorithm      : true (all bonds) |
  |   Vbias prefactor (k)  :  0.0036 Eh       |
  |   Vbias exponent (α)   :  1.0000 bohr⁻²   |
  :::::::::: starting static MTD   1 ::::::::::
  |   MD simulation time   :    33.0 ps       |
  |   target T             :   400.0 K        |
  |   timestep dt          :     5.0 fs       |
  |   dump interval(trj)   :   100.0 fs       |
  |   SHAKE algorithm      : true (all bonds) |
  |   Vbias prefactor (k)  :  0.0036 Eh       |
  |   Vbias exponent (α)   :  1.0000 bohr⁻²   |
  :::::::::: starting static MTD   4 ::::::::::
  |   MD simulation time   :    33.0 ps       |
  |   target T             :   400.0 K        |
  |   timestep dt          :     5.0 fs       |
  |   dump interval(trj)   :   100.0 fs       |
  |   SHAKE algorithm      : true (all bonds) |
  |   Vbias prefactor (k)  :  0.0036 Eh       |
  |   Vbias exponent (α)   :  1.0000 bohr⁻²   |
  :::::::::: starting static MTD  36 ::::::::::
  |   MD simulation time   :    33.0 ps       |
  |   target T             :   400.0 K        |
  |   timestep dt          :     5.0 fs       |
  |   dump interval(trj)   :   100.0 fs       |
  |   SHAKE algorithm      : true (all bonds) |
  |   Vbias prefactor (k)  :  0.0036 Eh       |
  |   Vbias exponent (α)   :  1.0000 bohr⁻²   |
  :::::::::: starting static MTD   6 ::::::::::
  |   MD simulation time   :    33.0 ps       |
  |   target T             :   400.0 K        |
  |   timestep dt          :     5.0 fs       |
  |   dump interval(trj)   :   100.0 fs       |
  |   SHAKE algorithm      : true (all bonds) |
  |   Vbias prefactor (k)  :  0.0036 Eh       |
  |   Vbias exponent (α)   :  1.0000 bohr⁻²   |
  :::::::::: starting static MTD  14 ::::::::::
  |   MD simulation time   :    33.0 ps       |
  |   target T             :   400.0 K        |
  |   timestep dt          :     5.0 fs       |
  |   dump interval(trj)   :   100.0 fs       |
  |   SHAKE algorithm      : true (all bonds) |
  |   Vbias prefactor (k)  :  0.0036 Eh       |
  |   Vbias exponent (α)   :  1.0000 bohr⁻²   |
  :::::::::: starting static MTD  13 ::::::::::
  |   MD simulation time   :    33.0 ps       |
  |   target T             :   400.0 K        |
  |   timestep dt          :     5.0 fs       |
  |   dump interval(trj)   :   100.0 fs       |
  |   SHAKE algorithm      : true (all bonds) |
  |   Vbias prefactor (k)  :  0.0036 Eh       |
  |   Vbias exponent (α)   :  1.0000 bohr⁻²   |
  :::::::::: starting static MTD   9 ::::::::::
  |   MD simulation time   :    33.0 ps       |
  |   target T             :   400.0 K        |
  |   timestep dt          :     5.0 fs       |
  |   dump interval(trj)   :   100.0 fs       |
  |   SHAKE algorithm      : true (all bonds) |
  |   Vbias prefactor (k)  :  0.0036 Eh       |
  |   Vbias exponent (α)   :  1.0000 bohr⁻²   |
  :::::::::: starting static MTD  10 ::::::::::
  |   MD simulation time   :    33.0 ps       |
  |   target T             :   400.0 K        |
  |   timestep dt          :     5.0 fs       |
  |   dump interval(trj)   :   100.0 fs       |
  |   SHAKE algorithm      : true (all bonds) |
  |   Vbias prefactor (k)  :  0.0036 Eh       |
  |   Vbias exponent (α)   :  1.0000 bohr⁻²   |
  :::::::::: starting static MTD   8 ::::::::::
  |   MD simulation time   :    33.0 ps       |
  |   target T             :   400.0 K        |
  |   timestep dt          :     5.0 fs       |
  |   dump interval(trj)   :   100.0 fs       |
  |   SHAKE algorithm      : true (all bonds) |
  |   Vbias prefactor (k)  :  0.0036 Eh       |
  |   Vbias exponent (α)   :  1.0000 bohr⁻²   |
  :::::::::: starting static MTD  15 ::::::::::
  |   MD simulation time   :    33.0 ps       |
  |   target T             :   400.0 K        |
  |   timestep dt          :     5.0 fs       |
  |   dump interval(trj)   :   100.0 fs       |
  |   SHAKE algorithm      : true (all bonds) |
  |   Vbias prefactor (k)  :  0.0036 Eh       |
  |   Vbias exponent (α)   :  1.0000 bohr⁻²   |
  :::::::::: starting static MTD  11 ::::::::::
  |   MD simulation time   :    33.0 ps       |
  |   target T             :   400.0 K        |
  |   timestep dt          :     5.0 fs       |
  |   dump interval(trj)   :   100.0 fs       |
  |   SHAKE algorithm      : true (all bonds) |
  |   Vbias prefactor (k)  :  0.0036 Eh       |
  |   Vbias exponent (α)   :  1.0000 bohr⁻²   |
  :::::::::: starting static MTD  12 ::::::::::
  |   MD simulation time   :    33.0 ps       |
  |   target T             :   400.0 K        |
  |   timestep dt          :     5.0 fs       |
  |   dump interval(trj)   :   100.0 fs       |
  |   SHAKE algorithm      : true (all bonds) |
  |   Vbias prefactor (k)  :  0.0036 Eh       |
  |   Vbias exponent (α)   :  1.0000 bohr⁻²   |
  :::::::::: starting static MTD   5 ::::::::::
  |   MD simulation time   :    33.0 ps       |
  |   target T             :   400.0 K        |
  |   timestep dt          :     5.0 fs       |
  |   dump interval(trj)   :   100.0 fs       |
  |   SHAKE algorithm      : true (all bonds) |
  |   Vbias prefactor (k)  :  0.0036 Eh       |
  |   Vbias exponent (α)   :  1.0000 bohr⁻²   |
*sMTD   6 completed successfully ...        5 min, 24.455 sec
  :::::::::: starting static MTD  16 ::::::::::
  |   MD simulation time   :    33.0 ps       |
  |   target T             :   400.0 K        |
  |   timestep dt          :     5.0 fs       |
  |   dump interval(trj)   :   100.0 fs       |
  |   SHAKE algorithm      : true (all bonds) |
  |   Vbias prefactor (k)  :  0.0036 Eh       |
  |   Vbias exponent (α)   :  1.0000 bohr⁻²   |
*sMTD  12 completed successfully ...        5 min, 24.635 sec
  :::::::::: starting static MTD  17 ::::::::::
  |   MD simulation time   :    33.0 ps       |
  |   target T             :   400.0 K        |
  |   timestep dt          :     5.0 fs       |
  |   dump interval(trj)   :   100.0 fs       |
  |   SHAKE algorithm      : true (all bonds) |
  |   Vbias prefactor (k)  :  0.0036 Eh       |
  |   Vbias exponent (α)   :  1.0000 bohr⁻²   |
*sMTD   4 completed successfully ...        5 min, 24.926 sec
  :::::::::: starting static MTD  18 ::::::::::
  |   MD simulation time   :    33.0 ps       |
  |   target T             :   400.0 K        |
  |   timestep dt          :     5.0 fs       |
  |   dump interval(trj)   :   100.0 fs       |
  |   SHAKE algorithm      : true (all bonds) |
  |   Vbias prefactor (k)  :  0.0036 Eh       |
  |   Vbias exponent (α)   :  1.0000 bohr⁻²   |
*sMTD  13 completed successfully ...        5 min, 25.109 sec
  :::::::::: starting static MTD  19 ::::::::::
  |   MD simulation time   :    33.0 ps       |
  |   target T             :   400.0 K        |
  |   timestep dt          :     5.0 fs       |
  |   dump interval(trj)   :   100.0 fs       |
  |   SHAKE algorithm      : true (all bonds) |
  |   Vbias prefactor (k)  :  0.0036 Eh       |
  |   Vbias exponent (α)   :  1.0000 bohr⁻²   |
*sMTD   9 completed successfully ...        5 min, 25.382 sec
  :::::::::: starting static MTD  20 ::::::::::
  |   MD simulation time   :    33.0 ps       |
  |   target T             :   400.0 K        |
  |   timestep dt          :     5.0 fs       |
  |   dump interval(trj)   :   100.0 fs       |
  |   SHAKE algorithm      : true (all bonds) |
  |   Vbias prefactor (k)  :  0.0036 Eh       |
  |   Vbias exponent (α)   :  1.0000 bohr⁻²   |
*sMTD  10 completed successfully ...        5 min, 25.517 sec
  :::::::::: starting static MTD  21 ::::::::::
  |   MD simulation time   :    33.0 ps       |
  |   target T             :   400.0 K        |
  |   timestep dt          :     5.0 fs       |
  |   dump interval(trj)   :   100.0 fs       |
  |   SHAKE algorithm      : true (all bonds) |
  |   Vbias prefactor (k)  :  0.0036 Eh       |
  |   Vbias exponent (α)   :  1.0000 bohr⁻²   |
*sMTD   2 completed successfully ...        5 min, 25.609 sec
  :::::::::: starting static MTD  22 ::::::::::
  |   MD simulation time   :    33.0 ps       |
  |   target T             :   400.0 K        |
  |   timestep dt          :     5.0 fs       |
  |   dump interval(trj)   :   100.0 fs       |
  |   SHAKE algorithm      : true (all bonds) |
  |   Vbias prefactor (k)  :  0.0036 Eh       |
  |   Vbias exponent (α)   :  1.0000 bohr⁻²   |
*sMTD   1 completed successfully ...        5 min, 25.986 sec
  :::::::::: starting static MTD  23 ::::::::::
  |   MD simulation time   :    33.0 ps       |
  |   target T             :   400.0 K        |
  |   timestep dt          :     5.0 fs       |
  |   dump interval(trj)   :   100.0 fs       |
  |   SHAKE algorithm      : true (all bonds) |
  |   Vbias prefactor (k)  :  0.0036 Eh       |
  |   Vbias exponent (α)   :  1.0000 bohr⁻²   |
*sMTD   3 completed successfully ...        5 min, 26.464 sec
  :::::::::: starting static MTD  24 ::::::::::
  |   MD simulation time   :    33.0 ps       |
  |   target T             :   400.0 K        |
  |   timestep dt          :     5.0 fs       |
  |   dump interval(trj)   :   100.0 fs       |
  |   SHAKE algorithm      : true (all bonds) |
  |   Vbias prefactor (k)  :  0.0036 Eh       |
  |   Vbias exponent (α)   :  1.0000 bohr⁻²   |
*sMTD  11 completed successfully ...        5 min, 26.529 sec
  :::::::::: starting static MTD  25 ::::::::::
  |   MD simulation time   :    33.0 ps       |
  |   target T             :   400.0 K        |
  |   timestep dt          :     5.0 fs       |
  |   dump interval(trj)   :   100.0 fs       |
  |   SHAKE algorithm      : true (all bonds) |
  |   Vbias prefactor (k)  :  0.0036 Eh       |
  |   Vbias exponent (α)   :  1.0000 bohr⁻²   |
*sMTD  15 completed successfully ...        5 min, 26.646 sec
  :::::::::: starting static MTD  26 ::::::::::
  |   MD simulation time   :    33.0 ps       |
  |   target T             :   400.0 K        |
  |   timestep dt          :     5.0 fs       |
  |   dump interval(trj)   :   100.0 fs       |
  |   SHAKE algorithm      : true (all bonds) |
  |   Vbias prefactor (k)  :  0.0036 Eh       |
  |   Vbias exponent (α)   :  1.0000 bohr⁻²   |
*sMTD  36 completed successfully ...        5 min, 26.976 sec
  :::::::::: starting static MTD  35 ::::::::::
  |   MD simulation time   :    33.0 ps       |
  |   target T             :   400.0 K        |
  |   timestep dt          :     5.0 fs       |
  |   dump interval(trj)   :   100.0 fs       |
  |   SHAKE algorithm      : true (all bonds) |
  |   Vbias prefactor (k)  :  0.0036 Eh       |
  |   Vbias exponent (α)   :  1.0000 bohr⁻²   |
*sMTD  14 completed successfully ...        5 min, 27.129 sec
  :::::::::: starting static MTD  27 ::::::::::
  |   MD simulation time   :    33.0 ps       |
  |   target T             :   400.0 K        |
  |   timestep dt          :     5.0 fs       |
  |   dump interval(trj)   :   100.0 fs       |
  |   SHAKE algorithm      : true (all bonds) |
  |   Vbias prefactor (k)  :  0.0036 Eh       |
  |   Vbias exponent (α)   :  1.0000 bohr⁻²   |
*sMTD   8 completed successfully ...        5 min, 27.856 sec
  :::::::::: starting static MTD  28 ::::::::::
  |   MD simulation time   :    33.0 ps       |
  |   target T             :   400.0 K        |
  |   timestep dt          :     5.0 fs       |
  |   dump interval(trj)   :   100.0 fs       |
  |   SHAKE algorithm      : true (all bonds) |
  |   Vbias prefactor (k)  :  0.0036 Eh       |
  |   Vbias exponent (α)   :  1.0000 bohr⁻²   |
*sMTD   7 completed successfully ...        5 min, 27.911 sec
  :::::::::: starting static MTD  29 ::::::::::
  |   MD simulation time   :    33.0 ps       |
  |   target T             :   400.0 K        |
  |   timestep dt          :     5.0 fs       |
  |   dump interval(trj)   :   100.0 fs       |
  |   SHAKE algorithm      : true (all bonds) |
  |   Vbias prefactor (k)  :  0.0036 Eh       |
  |   Vbias exponent (α)   :  1.0000 bohr⁻²   |
*sMTD   5 completed successfully ...        5 min, 28.150 sec
  :::::::::: starting static MTD  30 ::::::::::
  |   MD simulation time   :    33.0 ps       |
  |   target T             :   400.0 K        |
  |   timestep dt          :     5.0 fs       |
  |   dump interval(trj)   :   100.0 fs       |
  |   SHAKE algorithm      : true (all bonds) |
  |   Vbias prefactor (k)  :  0.0036 Eh       |
  |   Vbias exponent (α)   :  1.0000 bohr⁻²   |
*sMTD  17 completed successfully ...        5 min, 25.819 sec
  :::::::::: starting static MTD  31 ::::::::::
  |   MD simulation time   :    33.0 ps       |
  |   target T             :   400.0 K        |
  |   timestep dt          :     5.0 fs       |
  |   dump interval(trj)   :   100.0 fs       |
  |   SHAKE algorithm      : true (all bonds) |
  |   Vbias prefactor (k)  :  0.0036 Eh       |
  |   Vbias exponent (α)   :  1.0000 bohr⁻²   |
*sMTD  16 completed successfully ...        5 min, 26.117 sec
  :::::::::: starting static MTD  32 ::::::::::
  |   MD simulation time   :    33.0 ps       |
  |   target T             :   400.0 K        |
  |   timestep dt          :     5.0 fs       |
  |   dump interval(trj)   :   100.0 fs       |
  |   SHAKE algorithm      : true (all bonds) |
  |   Vbias prefactor (k)  :  0.0036 Eh       |
  |   Vbias exponent (α)   :  1.0000 bohr⁻²   |
*sMTD  18 completed successfully ...        5 min, 26.256 sec
  :::::::::: starting static MTD  33 ::::::::::
  |   MD simulation time   :    33.0 ps       |
  |   target T             :   400.0 K        |
  |   timestep dt          :     5.0 fs       |
  |   dump interval(trj)   :   100.0 fs       |
  |   SHAKE algorithm      : true (all bonds) |
  |   Vbias prefactor (k)  :  0.0036 Eh       |
  |   Vbias exponent (α)   :  1.0000 bohr⁻²   |
*sMTD  21 completed successfully ...        5 min, 26.267 sec
  :::::::::: starting static MTD  34 ::::::::::
  |   MD simulation time   :    33.0 ps       |
  |   target T             :   400.0 K        |
  |   timestep dt          :     5.0 fs       |
  |   dump interval(trj)   :   100.0 fs       |
  |   SHAKE algorithm      : true (all bonds) |
  |   Vbias prefactor (k)  :  0.0036 Eh       |
  |   Vbias exponent (α)   :  1.0000 bohr⁻²   |
*sMTD  20 completed successfully ...        5 min, 26.890 sec
*sMTD  24 completed successfully ...        5 min, 25.887 sec
*sMTD  19 completed successfully ...        5 min, 27.308 sec
*sMTD  23 completed successfully ...        5 min, 26.481 sec
*sMTD  22 completed successfully ...        5 min, 27.483 sec
*sMTD  29 completed successfully ...        5 min, 25.598 sec
*sMTD  35 completed successfully ...        5 min, 26.654 sec
*sMTD  26 completed successfully ...        5 min, 27.114 sec
*sMTD  27 completed successfully ...        5 min, 26.807 sec
*sMTD  25 completed successfully ...        5 min, 27.461 sec
*sMTD  28 completed successfully ...        5 min, 26.380 sec
*sMTD  30 completed successfully ...        5 min, 26.727 sec
*sMTD  31 completed successfully ...        3 min, 29.609 sec
*sMTD  33 completed successfully ...        3 min, 29.773 sec
*sMTD  34 completed successfully ...        3 min, 29.226 sec
*sMTD  32 completed successfully ...        3 min, 30.748 sec

 ======================================
 |  Multilevel Ensemble Optimization  |
 ======================================
 Optimizing all 11844 structures from file "crest_rotamers_0.xyz" ...
 ----------------------
 crude pre-optimization
 ----------------------
 Optimization engine: ANCOPT
 Hessian update type: BFGS
 E/G convergence criteria:  0.500E-03 Eh, 0.100E-01 Eh/a0
 maximum optimization steps: 200
 |>0.0% |>2.5% |>5.0% |>7.5% |>10.0% |>12.5% |>15.0% |>17.5% |>20.0% |>22.5% |>25.0% |>27.5% |>30.0% |>32.5% |>35.0% |>37.5% |>40.0% |>42.5% |>45.0% |>47.5% |>50.0% |>52.5% |>55.0% |>57.5% |>60.0% |>62.5% |>65.0% |>67.5% |>70.0% |>72.5% |>75.0% |>77.5% |>80.0% |>82.5% |>85.0% |>87.5% |>90.0% |>92.5% |>95.0% |>97.5% |>100.0%
 done.
> 11844 of 11844 structures successfully optimized (100.0% success)
> Total runtime for 11844 optimizations:
 * wall-time:     0 d,  0 h,  7 min, 49.289 sec
 *  cpu-time:     0 d,  2 h,  0 min, 27.771 sec
 * ratio c/w:    15.402 speedup
> Corresponding to approximately 0.040 sec per processed structure

CREGEN> running RMSDs ... done.
CREGEN> E lowest :   -70.68360
 11653 structures remain within    12.00 kcal/mol window
 ---------------------------------------
 optimization with very tight thresholds
 ---------------------------------------
 Optimization engine: ANCOPT
 Hessian update type: BFGS
 E/G convergence criteria:  0.100E-06 Eh, 0.200E-03 Eh/a0
 maximum optimization steps: 200
 |>0.0% |>2.5% |>5.0% |>7.5% |>10.0% |>12.5% |>15.0% |>17.5% |>20.0% |>22.5% |>25.0% |>27.5% |>30.0% |>32.5% |>35.0% |>37.5% |>40.0% |>42.5% |>45.0% |>47.5% |>50.0% |>52.5% |>55.0% |>57.5% |>60.0% |>62.5% |>65.0% |>67.5% |>70.0% |>72.5% |>75.0% |>77.5% |>80.0% |>82.5% |>85.0% |>87.5% |>90.0% |>92.5% |>95.0% |>97.5% |>100.0%
 done.
> 11391 of 11653 structures successfully optimized (97.8% success)
> Total runtime for 11653 optimizations:
 * wall-time:     0 d,  0 h, 38 min, 22.815 sec
 *  cpu-time:     0 d, 10 h,  1 min, 17.655 sec
 * ratio c/w:    15.667 speedup
> Corresponding to approximately 0.198 sec per processed structure

CREGEN> running RMSDs ... done.
CREGEN> E lowest :   -70.68494
 4720 structures remain within     6.00 kcal/mol window
CREGEN> running RMSDs ... done.
CREGEN> E lowest :   -70.68494

 Static MTD simulation iteration 1 finished
 A total of 3425 conformers (+10.48%) in crest_conformers.xyz
 S(approx.) =   12.175176 cal/molK (dS = 1.49%)
 Convergence w.r.t. conformers: F
 Convergence w.r.t. entropy   : F

     H(298.15K)-H(0) (conf)      1.820653
                   Cp(conf)      5.338326
                    S(conf)     12.170077

********************************************************************************
**                     I T E R A T I O N    C Y C L E      2                  **
********************************************************************************
 -------------------------------------------
 determining bias structures via PCA/k-Means
 -------------------------------------------

 25 structures were selected
 done.

 -----------------------------------------------
 determining MTD seed structures via PCA/k-Means
 -----------------------------------------------

 36 structures were selected
 done.


 ===========================================================
 Static MTDs (umbrella sampling) on 36 selected conformer(s)
 ===========================================================
> Using 25 constant RMSD bias potentials per MTD
  :::::::::: starting static MTD   1 ::::::::::
  |   MD simulation time   :    33.0 ps       |
  |   target T             :   400.0 K        |
  |   timestep dt          :     5.0 fs       |
  |   dump interval(trj)   :   100.0 fs       |
  |   SHAKE algorithm      : true (all bonds) |
  |   Vbias prefactor (k)  :  0.0036 Eh       |
  |   Vbias exponent (α)   :  1.0000 bohr⁻²   |
  :::::::::: starting static MTD   2 ::::::::::
  |   MD simulation time   :    33.0 ps       |
  |   target T             :   400.0 K        |
  |   timestep dt          :     5.0 fs       |
  |   dump interval(trj)   :   100.0 fs       |
  |   SHAKE algorithm      : true (all bonds) |
  |   Vbias prefactor (k)  :  0.0036 Eh       |
  |   Vbias exponent (α)   :  1.0000 bohr⁻²   |
  :::::::::: starting static MTD   6 ::::::::::
  |   MD simulation time   :    33.0 ps       |
  |   target T             :   400.0 K        |
  |   timestep dt          :     5.0 fs       |
  |   dump interval(trj)   :   100.0 fs       |
  |   SHAKE algorithm      : true (all bonds) |
  |   Vbias prefactor (k)  :  0.0036 Eh       |
  |   Vbias exponent (α)   :  1.0000 bohr⁻²   |
  :::::::::: starting static MTD   5 ::::::::::
  |   MD simulation time   :    33.0 ps       |
  |   target T             :   400.0 K        |
  |   timestep dt          :     5.0 fs       |
  |   dump interval(trj)   :   100.0 fs       |
  |   SHAKE algorithm      : true (all bonds) |
  |   Vbias prefactor (k)  :  0.0036 Eh       |
  |   Vbias exponent (α)   :  1.0000 bohr⁻²   |
  :::::::::: starting static MTD   8 ::::::::::
  |   MD simulation time   :    33.0 ps       |
  |   target T             :   400.0 K        |
  |   timestep dt          :     5.0 fs       |
  |   dump interval(trj)   :   100.0 fs       |
  |   SHAKE algorithm      : true (all bonds) |
  |   Vbias prefactor (k)  :  0.0036 Eh       |
  |   Vbias exponent (α)   :  1.0000 bohr⁻²   |
  :::::::::: starting static MTD  36 ::::::::::
  |   MD simulation time   :    33.0 ps       |
  |   target T             :   400.0 K        |
  |   timestep dt          :     5.0 fs       |
  |   dump interval(trj)   :   100.0 fs       |
  |   SHAKE algorithm      : true (all bonds) |
  |   Vbias prefactor (k)  :  0.0036 Eh       |
  |   Vbias exponent (α)   :  1.0000 bohr⁻²   |
  :::::::::: starting static MTD   4 ::::::::::
  |   MD simulation time   :    33.0 ps       |
  |   target T             :   400.0 K        |
  |   timestep dt          :     5.0 fs       |
  |   dump interval(trj)   :   100.0 fs       |
  |   SHAKE algorithm      : true (all bonds) |
  |   Vbias prefactor (k)  :  0.0036 Eh       |
  |   Vbias exponent (α)   :  1.0000 bohr⁻²   |
  :::::::::: starting static MTD  10 ::::::::::
  |   MD simulation time   :    33.0 ps       |
  |   target T             :   400.0 K        |
  |   timestep dt          :     5.0 fs       |
  |   dump interval(trj)   :   100.0 fs       |
  |   SHAKE algorithm      : true (all bonds) |
  |   Vbias prefactor (k)  :  0.0036 Eh       |
  |   Vbias exponent (α)   :  1.0000 bohr⁻²   |
  :::::::::: starting static MTD  13 ::::::::::
  |   MD simulation time   :    33.0 ps       |
  |   target T             :   400.0 K        |
  |   timestep dt          :     5.0 fs       |
  |   dump interval(trj)   :   100.0 fs       |
  |   SHAKE algorithm      : true (all bonds) |
  |   Vbias prefactor (k)  :  0.0036 Eh       |
  |   Vbias exponent (α)   :  1.0000 bohr⁻²   |
  :::::::::: starting static MTD   9 ::::::::::
  |   MD simulation time   :    33.0 ps       |
  |   target T             :   400.0 K        |
  |   timestep dt          :     5.0 fs       |
  |   dump interval(trj)   :   100.0 fs       |
  |   SHAKE algorithm      : true (all bonds) |
  |   Vbias prefactor (k)  :  0.0036 Eh       |
  |   Vbias exponent (α)   :  1.0000 bohr⁻²   |
  :::::::::: starting static MTD  14 ::::::::::
  |   MD simulation time   :    33.0 ps       |
  |   target T             :   400.0 K        |
  |   timestep dt          :     5.0 fs       |
  |   dump interval(trj)   :   100.0 fs       |
  |   SHAKE algorithm      : true (all bonds) |
  |   Vbias prefactor (k)  :  0.0036 Eh       |
  |   Vbias exponent (α)   :  1.0000 bohr⁻²   |
  :::::::::: starting static MTD  11 ::::::::::
  |   MD simulation time   :    33.0 ps       |
  |   target T             :   400.0 K        |
  |   timestep dt          :     5.0 fs       |
  |   dump interval(trj)   :   100.0 fs       |
  |   SHAKE algorithm      : true (all bonds) |
  |   Vbias prefactor (k)  :  0.0036 Eh       |
  |   Vbias exponent (α)   :  1.0000 bohr⁻²   |
  :::::::::: starting static MTD  12 ::::::::::
  |   MD simulation time   :    33.0 ps       |
  |   target T             :   400.0 K        |
  |   timestep dt          :     5.0 fs       |
  |   dump interval(trj)   :   100.0 fs       |
  |   SHAKE algorithm      : true (all bonds) |
  |   Vbias prefactor (k)  :  0.0036 Eh       |
  |   Vbias exponent (α)   :  1.0000 bohr⁻²   |
  :::::::::: starting static MTD  15 ::::::::::
  |   MD simulation time   :    33.0 ps       |
  |   target T             :   400.0 K        |
  |   timestep dt          :     5.0 fs       |
  |   dump interval(trj)   :   100.0 fs       |
  |   SHAKE algorithm      : true (all bonds) |
  |   Vbias prefactor (k)  :  0.0036 Eh       |
  |   Vbias exponent (α)   :  1.0000 bohr⁻²   |
  :::::::::: starting static MTD   7 ::::::::::
  |   MD simulation time   :    33.0 ps       |
  |   target T             :   400.0 K        |
  |   timestep dt          :     5.0 fs       |
  |   dump interval(trj)   :   100.0 fs       |
  |   SHAKE algorithm      : true (all bonds) |
  |   Vbias prefactor (k)  :  0.0036 Eh       |
  |   Vbias exponent (α)   :  1.0000 bohr⁻²   |
  :::::::::: starting static MTD   3 ::::::::::
  |   MD simulation time   :    33.0 ps       |
  |   target T             :   400.0 K        |
  |   timestep dt          :     5.0 fs       |
  |   dump interval(trj)   :   100.0 fs       |
  |   SHAKE algorithm      : true (all bonds) |
  |   Vbias prefactor (k)  :  0.0036 Eh       |
  |   Vbias exponent (α)   :  1.0000 bohr⁻²   |
*sMTD   1 completed successfully ...        5 min, 24.727 sec
  :::::::::: starting static MTD  16 ::::::::::
  |   MD simulation time   :    33.0 ps       |
  |   target T             :   400.0 K        |
  |   timestep dt          :     5.0 fs       |
  |   dump interval(trj)   :   100.0 fs       |
  |   SHAKE algorithm      : true (all bonds) |
  |   Vbias prefactor (k)  :  0.0036 Eh       |
  |   Vbias exponent (α)   :  1.0000 bohr⁻²   |
*sMTD   2 completed successfully ...        5 min, 24.883 sec
  :::::::::: starting static MTD  17 ::::::::::
  |   MD simulation time   :    33.0 ps       |
  |   target T             :   400.0 K        |
  |   timestep dt          :     5.0 fs       |
  |   dump interval(trj)   :   100.0 fs       |
  |   SHAKE algorithm      : true (all bonds) |
  |   Vbias prefactor (k)  :  0.0036 Eh       |
  |   Vbias exponent (α)   :  1.0000 bohr⁻²   |
*sMTD  13 completed successfully ...        5 min, 24.983 sec
  :::::::::: starting static MTD  18 ::::::::::
  |   MD simulation time   :    33.0 ps       |
  |   target T             :   400.0 K        |
  |   timestep dt          :     5.0 fs       |
  |   dump interval(trj)   :   100.0 fs       |
  |   SHAKE algorithm      : true (all bonds) |
  |   Vbias prefactor (k)  :  0.0036 Eh       |
  |   Vbias exponent (α)   :  1.0000 bohr⁻²   |
*sMTD  15 completed successfully ...        5 min, 25.511 sec
  :::::::::: starting static MTD  19 ::::::::::
  |   MD simulation time   :    33.0 ps       |
  |   target T             :   400.0 K        |
  |   timestep dt          :     5.0 fs       |
  |   dump interval(trj)   :   100.0 fs       |
  |   SHAKE algorithm      : true (all bonds) |
  |   Vbias prefactor (k)  :  0.0036 Eh       |
  |   Vbias exponent (α)   :  1.0000 bohr⁻²   |
*sMTD  36 completed successfully ...        5 min, 25.587 sec
  :::::::::: starting static MTD  35 ::::::::::
  |   MD simulation time   :    33.0 ps       |
  |   target T             :   400.0 K        |
  |   timestep dt          :     5.0 fs       |
  |   dump interval(trj)   :   100.0 fs       |
  |   SHAKE algorithm      : true (all bonds) |
  |   Vbias prefactor (k)  :  0.0036 Eh       |
  |   Vbias exponent (α)   :  1.0000 bohr⁻²   |
*sMTD   9 completed successfully ...        5 min, 25.827 sec
  :::::::::: starting static MTD  20 ::::::::::
  |   MD simulation time   :    33.0 ps       |
  |   target T             :   400.0 K        |
  |   timestep dt          :     5.0 fs       |
  |   dump interval(trj)   :   100.0 fs       |
  |   SHAKE algorithm      : true (all bonds) |
  |   Vbias prefactor (k)  :  0.0036 Eh       |
  |   Vbias exponent (α)   :  1.0000 bohr⁻²   |
*sMTD  11 completed successfully ...        5 min, 26.459 sec
  :::::::::: starting static MTD  21 ::::::::::
  |   MD simulation time   :    33.0 ps       |
  |   target T             :   400.0 K        |
  |   timestep dt          :     5.0 fs       |
  |   dump interval(trj)   :   100.0 fs       |
  |   SHAKE algorithm      : true (all bonds) |
  |   Vbias prefactor (k)  :  0.0036 Eh       |
  |   Vbias exponent (α)   :  1.0000 bohr⁻²   |
*sMTD  10 completed successfully ...        5 min, 26.551 sec
  :::::::::: starting static MTD  22 ::::::::::
  |   MD simulation time   :    33.0 ps       |
  |   target T             :   400.0 K        |
  |   timestep dt          :     5.0 fs       |
  |   dump interval(trj)   :   100.0 fs       |
  |   SHAKE algorithm      : true (all bonds) |
  |   Vbias prefactor (k)  :  0.0036 Eh       |
  |   Vbias exponent (α)   :  1.0000 bohr⁻²   |
*sMTD  12 completed successfully ...        5 min, 26.584 sec
  :::::::::: starting static MTD  23 ::::::::::
  |   MD simulation time   :    33.0 ps       |
  |   target T             :   400.0 K        |
  |   timestep dt          :     5.0 fs       |
  |   dump interval(trj)   :   100.0 fs       |
  |   SHAKE algorithm      : true (all bonds) |
  |   Vbias prefactor (k)  :  0.0036 Eh       |
  |   Vbias exponent (α)   :  1.0000 bohr⁻²   |
*sMTD  14 completed successfully ...        5 min, 26.952 sec
  :::::::::: starting static MTD  24 ::::::::::
  |   MD simulation time   :    33.0 ps       |
  |   target T             :   400.0 K        |
  |   timestep dt          :     5.0 fs       |
  |   dump interval(trj)   :   100.0 fs       |
  |   SHAKE algorithm      : true (all bonds) |
  |   Vbias prefactor (k)  :  0.0036 Eh       |
  |   Vbias exponent (α)   :  1.0000 bohr⁻²   |
*sMTD   5 completed successfully ...        5 min, 27.068 sec
  :::::::::: starting static MTD  25 ::::::::::
  |   MD simulation time   :    33.0 ps       |
  |   target T             :   400.0 K        |
  |   timestep dt          :     5.0 fs       |
  |   dump interval(trj)   :   100.0 fs       |
  |   SHAKE algorithm      : true (all bonds) |
  |   Vbias prefactor (k)  :  0.0036 Eh       |
  |   Vbias exponent (α)   :  1.0000 bohr⁻²   |
*sMTD   3 completed successfully ...        5 min, 27.190 sec
  :::::::::: starting static MTD  26 ::::::::::
  |   MD simulation time   :    33.0 ps       |
  |   target T             :   400.0 K        |
  |   timestep dt          :     5.0 fs       |
  |   dump interval(trj)   :   100.0 fs       |
  |   SHAKE algorithm      : true (all bonds) |
  |   Vbias prefactor (k)  :  0.0036 Eh       |
  |   Vbias exponent (α)   :  1.0000 bohr⁻²   |
*sMTD   6 completed successfully ...        5 min, 27.486 sec
  :::::::::: starting static MTD  27 ::::::::::
  |   MD simulation time   :    33.0 ps       |
  |   target T             :   400.0 K        |
  |   timestep dt          :     5.0 fs       |
  |   dump interval(trj)   :   100.0 fs       |
  |   SHAKE algorithm      : true (all bonds) |
  |   Vbias prefactor (k)  :  0.0036 Eh       |
  |   Vbias exponent (α)   :  1.0000 bohr⁻²   |
*sMTD   4 completed successfully ...        5 min, 27.841 sec
  :::::::::: starting static MTD  28 ::::::::::
  |   MD simulation time   :    33.0 ps       |
  |   target T             :   400.0 K        |
  |   timestep dt          :     5.0 fs       |
  |   dump interval(trj)   :   100.0 fs       |
  |   SHAKE algorithm      : true (all bonds) |
  |   Vbias prefactor (k)  :  0.0036 Eh       |
  |   Vbias exponent (α)   :  1.0000 bohr⁻²   |
*sMTD   8 completed successfully ...        5 min, 28.788 sec
  :::::::::: starting static MTD  29 ::::::::::
  |   MD simulation time   :    33.0 ps       |
  |   target T             :   400.0 K        |
  |   timestep dt          :     5.0 fs       |
  |   dump interval(trj)   :   100.0 fs       |
  |   SHAKE algorithm      : true (all bonds) |
  |   Vbias prefactor (k)  :  0.0036 Eh       |
  |   Vbias exponent (α)   :  1.0000 bohr⁻²   |
*sMTD   7 completed successfully ...        5 min, 29.051 sec
  :::::::::: starting static MTD  30 ::::::::::
  |   MD simulation time   :    33.0 ps       |
  |   target T             :   400.0 K        |
  |   timestep dt          :     5.0 fs       |
  |   dump interval(trj)   :   100.0 fs       |
  |   SHAKE algorithm      : true (all bonds) |
  |   Vbias prefactor (k)  :  0.0036 Eh       |
  |   Vbias exponent (α)   :  1.0000 bohr⁻²   |
*sMTD  18 completed successfully ...        5 min, 26.020 sec
  :::::::::: starting static MTD  31 ::::::::::
  |   MD simulation time   :    33.0 ps       |
  |   target T             :   400.0 K        |
  |   timestep dt          :     5.0 fs       |
  |   dump interval(trj)   :   100.0 fs       |
  |   SHAKE algorithm      : true (all bonds) |
  |   Vbias prefactor (k)  :  0.0036 Eh       |
  |   Vbias exponent (α)   :  1.0000 bohr⁻²   |
*sMTD  16 completed successfully ...        5 min, 26.529 sec
  :::::::::: starting static MTD  32 ::::::::::
  |   MD simulation time   :    33.0 ps       |
  |   target T             :   400.0 K        |
  |   timestep dt          :     5.0 fs       |
  |   dump interval(trj)   :   100.0 fs       |
  |   SHAKE algorithm      : true (all bonds) |
  |   Vbias prefactor (k)  :  0.0036 Eh       |
  |   Vbias exponent (α)   :  1.0000 bohr⁻²   |
*sMTD  17 completed successfully ...        5 min, 26.951 sec
  :::::::::: starting static MTD  33 ::::::::::
  |   MD simulation time   :    33.0 ps       |
  |   target T             :   400.0 K        |
  |   timestep dt          :     5.0 fs       |
  |   dump interval(trj)   :   100.0 fs       |
  |   SHAKE algorithm      : true (all bonds) |
  |   Vbias prefactor (k)  :  0.0036 Eh       |
  |   Vbias exponent (α)   :  1.0000 bohr⁻²   |
*sMTD  20 completed successfully ...        5 min, 27.264 sec
  :::::::::: starting static MTD  34 ::::::::::
  |   MD simulation time   :    33.0 ps       |
  |   target T             :   400.0 K        |
  |   timestep dt          :     5.0 fs       |
  |   dump interval(trj)   :   100.0 fs       |
  |   SHAKE algorithm      : true (all bonds) |
  |   Vbias prefactor (k)  :  0.0036 Eh       |
  |   Vbias exponent (α)   :  1.0000 bohr⁻²   |
*sMTD  21 completed successfully ...        5 min, 26.936 sec
*sMTD  22 completed successfully ...        5 min, 27.011 sec
*sMTD  35 completed successfully ...        5 min, 28.167 sec
*sMTD  24 completed successfully ...        5 min, 26.967 sec
*sMTD  19 completed successfully ...        5 min, 28.439 sec
*sMTD  25 completed successfully ...        5 min, 27.553 sec
*sMTD  23 completed successfully ...        5 min, 28.649 sec
*sMTD  27 completed successfully ...        5 min, 27.956 sec
*sMTD  28 completed successfully ...        5 min, 27.926 sec
*sMTD  26 completed successfully ...        5 min, 28.765 sec
*sMTD  29 completed successfully ...        5 min, 27.521 sec
*sMTD  30 completed successfully ...        5 min, 28.135 sec
*sMTD  32 completed successfully ...        3 min, 29.202 sec
*sMTD  33 completed successfully ...        3 min, 29.660 sec
*sMTD  31 completed successfully ...        3 min, 30.637 sec
*sMTD  34 completed successfully ...        3 min, 30.329 sec

 ======================================
 |  Multilevel Ensemble Optimization  |
 ======================================
 Optimizing all 11844 structures from file "crest_rotamers_0.xyz" ...
 ----------------------
 crude pre-optimization
 ----------------------
 Optimization engine: ANCOPT
 Hessian update type: BFGS
 E/G convergence criteria:  0.500E-03 Eh, 0.100E-01 Eh/a0
 maximum optimization steps: 200
 |>0.0% |>2.5% |>5.0% |>7.5% |>10.0% |>12.5% |>15.0% |>17.5% |>20.0% |>22.5% |>25.0% |>27.5% |>30.0% |>32.5% |>35.0% |>37.5% |>40.0% |>42.5% |>45.0% |>47.5% |>50.0% |>52.5% |>55.0% |>57.5% |>60.0% |>62.5% |>65.0% |>67.5% |>70.0% |>72.5% |>75.0% |>77.5% |>80.0% |>82.5% |>85.0% |>87.5% |>90.0% |>92.5% |>95.0% |>97.5% |>100.0%
 done.
> 11844 of 11844 structures successfully optimized (100.0% success)
> Total runtime for 11844 optimizations:
 * wall-time:     0 d,  0 h,  7 min, 55.768 sec
 *  cpu-time:     0 d,  2 h,  2 min,  8.359 sec
 * ratio c/w:    15.403 speedup
> Corresponding to approximately 0.040 sec per processed structure

CREGEN> running RMSDs ... done.
CREGEN> E lowest :   -70.68348
 11616 structures remain within    12.00 kcal/mol window
 ---------------------------------------
 optimization with very tight thresholds
 ---------------------------------------
 Optimization engine: ANCOPT
 Hessian update type: BFGS
 E/G convergence criteria:  0.100E-06 Eh, 0.200E-03 Eh/a0
 maximum optimization steps: 200
 |>0.0% |>2.5% |>5.0% |>7.5% |>10.0% |>12.5% |>15.0% |>17.5% |>20.0% |>22.5% |>25.0% |>27.5% |>30.0% |>32.5% |>35.0% |>37.5% |>40.0% |>42.5% |>45.0% |>47.5% |>50.0% |>52.5% |>55.0% |>57.5% |>60.0% |>62.5% |>65.0% |>67.5% |>70.0% |>72.5% |>75.0% |>77.5% |>80.0% |>82.5% |>85.0% |>87.5% |>90.0% |>92.5% |>95.0% |>97.5% |>100.0%
 done.
> 11402 of 11616 structures successfully optimized (98.2% success)
> Total runtime for 11616 optimizations:
 * wall-time:     0 d,  0 h, 36 min, 32.681 sec
 *  cpu-time:     0 d,  9 h, 32 min, 34.508 sec
 * ratio c/w:    15.668 speedup
> Corresponding to approximately 0.189 sec per processed structure

CREGEN> running RMSDs ... done.
CREGEN> E lowest :   -70.68494
 4525 structures remain within     6.00 kcal/mol window
CREGEN> running RMSDs ... done.
CREGEN> E lowest :   -70.68494

 Static MTD simulation iteration 2 finished
 A total of 3661 conformers (+ 6.45%) in crest_conformers.xyz
 S(approx.) =   12.303700 cal/molK (dS = 1.04%)
 Convergence w.r.t. conformers: F
 Convergence w.r.t. entropy   : F

     H(298.15K)-H(0) (conf)      1.837370
                   Cp(conf)      5.330378
                    S(conf)     12.298532

********************************************************************************
**                     I T E R A T I O N    C Y C L E      3                  **
********************************************************************************
 -------------------------------------------
 determining bias structures via PCA/k-Means
 -------------------------------------------

 32 structures were selected
 done.

 -----------------------------------------------
 determining MTD seed structures via PCA/k-Means
 -----------------------------------------------

 36 structures were selected
 done.


 ===========================================================
 Static MTDs (umbrella sampling) on 36 selected conformer(s)
 ===========================================================
> Using 32 constant RMSD bias potentials per MTD
  :::::::::: starting static MTD   1 ::::::::::
  |   MD simulation time   :    33.0 ps       |
  |   target T             :   400.0 K        |
  |   timestep dt          :     5.0 fs       |
  |   dump interval(trj)   :   100.0 fs       |
  |   SHAKE algorithm      : true (all bonds) |
  |   Vbias prefactor (k)  :  0.0036 Eh       |
  |   Vbias exponent (α)   :  1.0000 bohr⁻²   |
  :::::::::: starting static MTD   3 ::::::::::
  |   MD simulation time   :    33.0 ps       |
  |   target T             :   400.0 K        |
  |   timestep dt          :     5.0 fs       |
  |   dump interval(trj)   :   100.0 fs       |
  |   SHAKE algorithm      : true (all bonds) |
  |   Vbias prefactor (k)  :  0.0036 Eh       |
  |   Vbias exponent (α)   :  1.0000 bohr⁻²   |
  :::::::::: starting static MTD   2 ::::::::::
  |   MD simulation time   :    33.0 ps       |
  |   target T             :   400.0 K        |
  |   timestep dt          :     5.0 fs       |
  |   dump interval(trj)   :   100.0 fs       |
  |   SHAKE algorithm      : true (all bonds) |
  |   Vbias prefactor (k)  :  0.0036 Eh       |
  |   Vbias exponent (α)   :  1.0000 bohr⁻²   |
  :::::::::: starting static MTD  36 ::::::::::
  |   MD simulation time   :    33.0 ps       |
  |   target T             :   400.0 K        |
  |   timestep dt          :     5.0 fs       |
  |   dump interval(trj)   :   100.0 fs       |
  |   SHAKE algorithm      : true (all bonds) |
  |   Vbias prefactor (k)  :  0.0036 Eh       |
  |   Vbias exponent (α)   :  1.0000 bohr⁻²   |
  :::::::::: starting static MTD   6 ::::::::::
  |   MD simulation time   :    33.0 ps       |
  |   target T             :   400.0 K        |
  |   timestep dt          :     5.0 fs       |
  |   dump interval(trj)   :   100.0 fs       |
  |   SHAKE algorithm      : true (all bonds) |
  |   Vbias prefactor (k)  :  0.0036 Eh       |
  |   Vbias exponent (α)   :  1.0000 bohr⁻²   |
  :::::::::: starting static MTD  13 ::::::::::
  |   MD simulation time   :    33.0 ps       |
  |   target T             :   400.0 K        |
  |   timestep dt          :     5.0 fs       |
  |   dump interval(trj)   :   100.0 fs       |
  |   SHAKE algorithm      : true (all bonds) |
  |   Vbias prefactor (k)  :  0.0036 Eh       |
  |   Vbias exponent (α)   :  1.0000 bohr⁻²   |
  :::::::::: starting static MTD   9 ::::::::::
  |   MD simulation time   :    33.0 ps       |
  |   target T             :   400.0 K        |
  |   timestep dt          :     5.0 fs       |
  |   dump interval(trj)   :   100.0 fs       |
  |   SHAKE algorithm      : true (all bonds) |
  |   Vbias prefactor (k)  :  0.0036 Eh       |
  |   Vbias exponent (α)   :  1.0000 bohr⁻²   |
  :::::::::: starting static MTD  15 ::::::::::
  |   MD simulation time   :    33.0 ps       |
  |   target T             :   400.0 K        |
  |   timestep dt          :     5.0 fs       |
  |   dump interval(trj)   :   100.0 fs       |
  |   SHAKE algorithm      : true (all bonds) |
  |   Vbias prefactor (k)  :  0.0036 Eh       |
  |   Vbias exponent (α)   :  1.0000 bohr⁻²   |
  :::::::::: starting static MTD  10 ::::::::::
  |   MD simulation time   :    33.0 ps       |
  |   target T             :   400.0 K        |
  |   timestep dt          :     5.0 fs       |
  |   dump interval(trj)   :   100.0 fs       |
  |   SHAKE algorithm      : true (all bonds) |
  |   Vbias prefactor (k)  :  0.0036 Eh       |
  |   Vbias exponent (α)   :  1.0000 bohr⁻²   |
  :::::::::: starting static MTD   4 ::::::::::
  |   MD simulation time   :    33.0 ps       |
  |   target T             :   400.0 K        |
  |   timestep dt          :     5.0 fs       |
  |   dump interval(trj)   :   100.0 fs       |
  |   SHAKE algorithm      : true (all bonds) |
  |   Vbias prefactor (k)  :  0.0036 Eh       |
  |   Vbias exponent (α)   :  1.0000 bohr⁻²   |
  :::::::::: starting static MTD   5 ::::::::::
  |   MD simulation time   :    33.0 ps       |
  |   target T             :   400.0 K        |
  |   timestep dt          :     5.0 fs       |
  |   dump interval(trj)   :   100.0 fs       |
  |   SHAKE algorithm      : true (all bonds) |
  |   Vbias prefactor (k)  :  0.0036 Eh       |
  |   Vbias exponent (α)   :  1.0000 bohr⁻²   |
  :::::::::: starting static MTD   8 ::::::::::
  |   MD simulation time   :    33.0 ps       |
  |   target T             :   400.0 K        |
  |   timestep dt          :     5.0 fs       |
  |   dump interval(trj)   :   100.0 fs       |
  |   SHAKE algorithm      : true (all bonds) |
  |   Vbias prefactor (k)  :  0.0036 Eh       |
  |   Vbias exponent (α)   :  1.0000 bohr⁻²   |
  :::::::::: starting static MTD   7 ::::::::::
  |   MD simulation time   :    33.0 ps       |
  |   target T             :   400.0 K        |
  |   timestep dt          :     5.0 fs       |
  |   dump interval(trj)   :   100.0 fs       |
  |   SHAKE algorithm      : true (all bonds) |
  |   Vbias prefactor (k)  :  0.0036 Eh       |
  |   Vbias exponent (α)   :  1.0000 bohr⁻²   |
  :::::::::: starting static MTD  12 ::::::::::
  |   MD simulation time   :    33.0 ps       |
  |   target T             :   400.0 K        |
  |   timestep dt          :     5.0 fs       |
  |   dump interval(trj)   :   100.0 fs       |
  |   SHAKE algorithm      : true (all bonds) |
  |   Vbias prefactor (k)  :  0.0036 Eh       |
  |   Vbias exponent (α)   :  1.0000 bohr⁻²   |
  :::::::::: starting static MTD  14 ::::::::::
  |   MD simulation time   :    33.0 ps       |
  |   target T             :   400.0 K        |
  |   timestep dt          :     5.0 fs       |
  |   dump interval(trj)   :   100.0 fs       |
  |   SHAKE algorithm      : true (all bonds) |
  |   Vbias prefactor (k)  :  0.0036 Eh       |
  |   Vbias exponent (α)   :  1.0000 bohr⁻²   |
  :::::::::: starting static MTD  11 ::::::::::
  |   MD simulation time   :    33.0 ps       |
  |   target T             :   400.0 K        |
  |   timestep dt          :     5.0 fs       |
  |   dump interval(trj)   :   100.0 fs       |
  |   SHAKE algorithm      : true (all bonds) |
  |   Vbias prefactor (k)  :  0.0036 Eh       |
  |   Vbias exponent (α)   :  1.0000 bohr⁻²   |
*sMTD   8 completed successfully ...        5 min, 25.891 sec
  :::::::::: starting static MTD  16 ::::::::::
  |   MD simulation time   :    33.0 ps       |
  |   target T             :   400.0 K        |
  |   timestep dt          :     5.0 fs       |
  |   dump interval(trj)   :   100.0 fs       |
  |   SHAKE algorithm      : true (all bonds) |
  |   Vbias prefactor (k)  :  0.0036 Eh       |
  |   Vbias exponent (α)   :  1.0000 bohr⁻²   |
*sMTD   5 completed successfully ...        5 min, 26.593 sec
  :::::::::: starting static MTD  17 ::::::::::
  |   MD simulation time   :    33.0 ps       |
  |   target T             :   400.0 K        |
  |   timestep dt          :     5.0 fs       |
  |   dump interval(trj)   :   100.0 fs       |
  |   SHAKE algorithm      : true (all bonds) |
  |   Vbias prefactor (k)  :  0.0036 Eh       |
  |   Vbias exponent (α)   :  1.0000 bohr⁻²   |
*sMTD  13 completed successfully ...        5 min, 26.630 sec
  :::::::::: starting static MTD  18 ::::::::::
  |   MD simulation time   :    33.0 ps       |
  |   target T             :   400.0 K        |
  |   timestep dt          :     5.0 fs       |
  |   dump interval(trj)   :   100.0 fs       |
  |   SHAKE algorithm      : true (all bonds) |
  |   Vbias prefactor (k)  :  0.0036 Eh       |
  |   Vbias exponent (α)   :  1.0000 bohr⁻²   |
*sMTD  11 completed successfully ...        5 min, 26.728 sec
  :::::::::: starting static MTD  19 ::::::::::
  |   MD simulation time   :    33.0 ps       |
  |   target T             :   400.0 K        |
  |   timestep dt          :     5.0 fs       |
  |   dump interval(trj)   :   100.0 fs       |
  |   SHAKE algorithm      : true (all bonds) |
  |   Vbias prefactor (k)  :  0.0036 Eh       |
  |   Vbias exponent (α)   :  1.0000 bohr⁻²   |
*sMTD   4 completed successfully ...        5 min, 26.773 sec
  :::::::::: starting static MTD  20 ::::::::::
  |   MD simulation time   :    33.0 ps       |
  |   target T             :   400.0 K        |
  |   timestep dt          :     5.0 fs       |
  |   dump interval(trj)   :   100.0 fs       |
  |   SHAKE algorithm      : true (all bonds) |
  |   Vbias prefactor (k)  :  0.0036 Eh       |
  |   Vbias exponent (α)   :  1.0000 bohr⁻²   |
*sMTD  14 completed successfully ...        5 min, 26.792 sec
  :::::::::: starting static MTD  21 ::::::::::
  |   MD simulation time   :    33.0 ps       |
  |   target T             :   400.0 K        |
  |   timestep dt          :     5.0 fs       |
  |   dump interval(trj)   :   100.0 fs       |
  |   SHAKE algorithm      : true (all bonds) |
  |   Vbias prefactor (k)  :  0.0036 Eh       |
  |   Vbias exponent (α)   :  1.0000 bohr⁻²   |
*sMTD  36 completed successfully ...        5 min, 26.858 sec
  :::::::::: starting static MTD  35 ::::::::::
  |   MD simulation time   :    33.0 ps       |
  |   target T             :   400.0 K        |
  |   timestep dt          :     5.0 fs       |
  |   dump interval(trj)   :   100.0 fs       |
  |   SHAKE algorithm      : true (all bonds) |
  |   Vbias prefactor (k)  :  0.0036 Eh       |
  |   Vbias exponent (α)   :  1.0000 bohr⁻²   |
*sMTD   7 completed successfully ...        5 min, 27.040 sec
  :::::::::: starting static MTD  22 ::::::::::
  |   MD simulation time   :    33.0 ps       |
  |   target T             :   400.0 K        |
  |   timestep dt          :     5.0 fs       |
  |   dump interval(trj)   :   100.0 fs       |
  |   SHAKE algorithm      : true (all bonds) |
  |   Vbias prefactor (k)  :  0.0036 Eh       |
  |   Vbias exponent (α)   :  1.0000 bohr⁻²   |
*sMTD  12 completed successfully ...        5 min, 27.126 sec
  :::::::::: starting static MTD  23 ::::::::::
  |   MD simulation time   :    33.0 ps       |
  |   target T             :   400.0 K        |
  |   timestep dt          :     5.0 fs       |
  |   dump interval(trj)   :   100.0 fs       |
  |   SHAKE algorithm      : true (all bonds) |
  |   Vbias prefactor (k)  :  0.0036 Eh       |
  |   Vbias exponent (α)   :  1.0000 bohr⁻²   |
*sMTD   2 completed successfully ...        5 min, 27.131 sec
  :::::::::: starting static MTD  24 ::::::::::
  |   MD simulation time   :    33.0 ps       |
  |   target T             :   400.0 K        |
  |   timestep dt          :     5.0 fs       |
  |   dump interval(trj)   :   100.0 fs       |
  |   SHAKE algorithm      : true (all bonds) |
  |   Vbias prefactor (k)  :  0.0036 Eh       |
  |   Vbias exponent (α)   :  1.0000 bohr⁻²   |
*sMTD  15 completed successfully ...        5 min, 27.380 sec
  :::::::::: starting static MTD  25 ::::::::::
  |   MD simulation time   :    33.0 ps       |
  |   target T             :   400.0 K        |
  |   timestep dt          :     5.0 fs       |
  |   dump interval(trj)   :   100.0 fs       |
  |   SHAKE algorithm      : true (all bonds) |
  |   Vbias prefactor (k)  :  0.0036 Eh       |
  |   Vbias exponent (α)   :  1.0000 bohr⁻²   |
*sMTD   3 completed successfully ...        5 min, 27.460 sec
  :::::::::: starting static MTD  26 ::::::::::
  |   MD simulation time   :    33.0 ps       |
  |   target T             :   400.0 K        |
  |   timestep dt          :     5.0 fs       |
  |   dump interval(trj)   :   100.0 fs       |
  |   SHAKE algorithm      : true (all bonds) |
  |   Vbias prefactor (k)  :  0.0036 Eh       |
  |   Vbias exponent (α)   :  1.0000 bohr⁻²   |
*sMTD  10 completed successfully ...        5 min, 27.694 sec
  :::::::::: starting static MTD  27 ::::::::::
  |   MD simulation time   :    33.0 ps       |
  |   target T             :   400.0 K        |
  |   timestep dt          :     5.0 fs       |
  |   dump interval(trj)   :   100.0 fs       |
  |   SHAKE algorithm      : true (all bonds) |
  |   Vbias prefactor (k)  :  0.0036 Eh       |
  |   Vbias exponent (α)   :  1.0000 bohr⁻²   |
*sMTD   6 completed successfully ...        5 min, 27.850 sec
  :::::::::: starting static MTD  28 ::::::::::
  |   MD simulation time   :    33.0 ps       |
  |   target T             :   400.0 K        |
  |   timestep dt          :     5.0 fs       |
  |   dump interval(trj)   :   100.0 fs       |
  |   SHAKE algorithm      : true (all bonds) |
  |   Vbias prefactor (k)  :  0.0036 Eh       |
  |   Vbias exponent (α)   :  1.0000 bohr⁻²   |
*sMTD   9 completed successfully ...        5 min, 28.053 sec
  :::::::::: starting static MTD  29 ::::::::::
  |   MD simulation time   :    33.0 ps       |
  |   target T             :   400.0 K        |
  |   timestep dt          :     5.0 fs       |
  |   dump interval(trj)   :   100.0 fs       |
  |   SHAKE algorithm      : true (all bonds) |
  |   Vbias prefactor (k)  :  0.0036 Eh       |
  |   Vbias exponent (α)   :  1.0000 bohr⁻²   |
*sMTD   1 completed successfully ...        5 min, 28.300 sec
  :::::::::: starting static MTD  30 ::::::::::
  |   MD simulation time   :    33.0 ps       |
  |   target T             :   400.0 K        |
  |   timestep dt          :     5.0 fs       |
  |   dump interval(trj)   :   100.0 fs       |
  |   SHAKE algorithm      : true (all bonds) |
  |   Vbias prefactor (k)  :  0.0036 Eh       |
  |   Vbias exponent (α)   :  1.0000 bohr⁻²   |
*sMTD  16 completed successfully ...        5 min, 26.654 sec
  :::::::::: starting static MTD  31 ::::::::::
  |   MD simulation time   :    33.0 ps       |
  |   target T             :   400.0 K        |
  |   timestep dt          :     5.0 fs       |
  |   dump interval(trj)   :   100.0 fs       |
  |   SHAKE algorithm      : true (all bonds) |
  |   Vbias prefactor (k)  :  0.0036 Eh       |
  |   Vbias exponent (α)   :  1.0000 bohr⁻²   |
*sMTD  20 completed successfully ...        5 min, 25.980 sec
  :::::::::: starting static MTD  32 ::::::::::
  |   MD simulation time   :    33.0 ps       |
  |   target T             :   400.0 K        |
  |   timestep dt          :     5.0 fs       |
  |   dump interval(trj)   :   100.0 fs       |
  |   SHAKE algorithm      : true (all bonds) |
  |   Vbias prefactor (k)  :  0.0036 Eh       |
  |   Vbias exponent (α)   :  1.0000 bohr⁻²   |
*sMTD  23 completed successfully ...        5 min, 26.358 sec
  :::::::::: starting static MTD  33 ::::::::::
  |   MD simulation time   :    33.0 ps       |
  |   target T             :   400.0 K        |
  |   timestep dt          :     5.0 fs       |
  |   dump interval(trj)   :   100.0 fs       |
  |   SHAKE algorithm      : true (all bonds) |
  |   Vbias prefactor (k)  :  0.0036 Eh       |
  |   Vbias exponent (α)   :  1.0000 bohr⁻²   |
*sMTD  22 completed successfully ...        5 min, 26.556 sec
  :::::::::: starting static MTD  34 ::::::::::
  |   MD simulation time   :    33.0 ps       |
  |   target T             :   400.0 K        |
  |   timestep dt          :     5.0 fs       |
  |   dump interval(trj)   :   100.0 fs       |
  |   SHAKE algorithm      : true (all bonds) |
  |   Vbias prefactor (k)  :  0.0036 Eh       |
  |   Vbias exponent (α)   :  1.0000 bohr⁻²   |
*sMTD  18 completed successfully ...        5 min, 27.275 sec
*sMTD  21 completed successfully ...        5 min, 27.719 sec
*sMTD  29 completed successfully ...        5 min, 26.774 sec
*sMTD  27 completed successfully ...        5 min, 27.185 sec
*sMTD  17 completed successfully ...        5 min, 28.363 sec
*sMTD  28 completed successfully ...        5 min, 27.146 sec
*sMTD  35 completed successfully ...        5 min, 28.381 sec
*sMTD  25 completed successfully ...        5 min, 27.984 sec
*sMTD  19 completed successfully ...        5 min, 28.930 sec
*sMTD  26 completed successfully ...        5 min, 28.405 sec
*sMTD  24 completed successfully ...        5 min, 28.829 sec
*sMTD  30 completed successfully ...        5 min, 27.986 sec
*sMTD  32 completed successfully ...        3 min, 29.677 sec
*sMTD  31 completed successfully ...        3 min, 30.097 sec
*sMTD  33 completed successfully ...        3 min, 31.025 sec
*sMTD  34 completed successfully ...        3 min, 31.155 sec

 ======================================
 |  Multilevel Ensemble Optimization  |
 ======================================
 Optimizing all 11844 structures from file "crest_rotamers_0.xyz" ...
 ----------------------
 crude pre-optimization
 ----------------------
 Optimization engine: ANCOPT
 Hessian update type: BFGS
 E/G convergence criteria:  0.500E-03 Eh, 0.100E-01 Eh/a0
 maximum optimization steps: 200
 |>0.0% |>2.5% |>5.0% |>7.5% |>10.0% |>12.5% |>15.0% |>17.5% |>20.0% |>22.5% |>25.0% |>27.5% |>30.0% |>32.5% |>35.0% |>37.5% |>40.0% |>42.5% |>45.0% |>47.5% |>50.0% |>52.5% |>55.0% |>57.5% |>60.0% |>62.5% |>65.0% |>67.5% |>70.0% |>72.5% |>75.0% |>77.5% |>80.0% |>82.5% |>85.0% |>87.5% |>90.0% |>92.5% |>95.0% |>97.5% |>100.0%
 done.
> 11844 of 11844 structures successfully optimized (100.0% success)
> Total runtime for 11844 optimizations:
 * wall-time:     0 d,  0 h,  7 min, 58.365 sec
 *  cpu-time:     0 d,  2 h,  2 min, 54.904 sec
 * ratio c/w:    15.417 speedup
> Corresponding to approximately 0.040 sec per processed structure

CREGEN> running RMSDs ... done.
CREGEN> E lowest :   -70.68395
 11658 structures remain within    12.00 kcal/mol window
 ---------------------------------------
 optimization with very tight thresholds
 ---------------------------------------
 Optimization engine: ANCOPT
 Hessian update type: BFGS
 E/G convergence criteria:  0.100E-06 Eh, 0.200E-03 Eh/a0
 maximum optimization steps: 200
 |>0.0% |>2.5% |>5.0% |>7.5% |>10.0% |>12.5% |>15.0% |>17.5% |>20.0% |>22.5% |>25.0% |>27.5% |>30.0% |>32.5% |>35.0% |>37.5% |>40.0% |>42.5% |>45.0% |>47.5% |>50.0% |>52.5% |>55.0% |>57.5% |>60.0% |>62.5% |>65.0% |>67.5% |>70.0% |>72.5% |>75.0% |>77.5% |>80.0% |>82.5% |>85.0% |>87.5% |>90.0% |>92.5% |>95.0% |>97.5% |>100.0%
 done.
> 11486 of 11658 structures successfully optimized (98.5% success)
> Total runtime for 11658 optimizations:
 * wall-time:     0 d,  0 h, 37 min, 10.185 sec
 *  cpu-time:     0 d,  9 h, 42 min, 23.332 sec
 * ratio c/w:    15.668 speedup
> Corresponding to approximately 0.191 sec per processed structure

CREGEN> running RMSDs ... done.
CREGEN> E lowest :   -70.68494
 4664 structures remain within     6.00 kcal/mol window
CREGEN> running RMSDs ... done.
CREGEN> E lowest :   -70.68494

 Static MTD simulation iteration 3 finished
 A total of 3881 conformers (+ 5.67%) in crest_conformers.xyz
 S(approx.) =   12.396778 cal/molK (dS = 0.75%)
 Convergence w.r.t. conformers: F
 Convergence w.r.t. entropy   : F

     H(298.15K)-H(0) (conf)      1.849355
                   Cp(conf)      5.454910
                    S(conf)     12.391603

********************************************************************************
**                     I T E R A T I O N    C Y C L E      4                  **
********************************************************************************
 -------------------------------------------
 determining bias structures via PCA/k-Means
 -------------------------------------------

 41 structures were selected
 done.

 -----------------------------------------------
 determining MTD seed structures via PCA/k-Means
 -----------------------------------------------

 36 structures were selected
 done.


 ===========================================================
 Static MTDs (umbrella sampling) on 36 selected conformer(s)
 ===========================================================
> Using 41 constant RMSD bias potentials per MTD
  :::::::::: starting static MTD   1 ::::::::::
  |   MD simulation time   :    33.0 ps       |
  |   target T             :   400.0 K        |
  |   timestep dt          :     5.0 fs       |
  |   dump interval(trj)   :   100.0 fs       |
  |   SHAKE algorithm      : true (all bonds) |
  |   Vbias prefactor (k)  :  0.0036 Eh       |
  |   Vbias exponent (α)   :  1.0000 bohr⁻²   |
  :::::::::: starting static MTD   2 ::::::::::
  |   MD simulation time   :    33.0 ps       |
  |   target T             :   400.0 K        |
  |   timestep dt          :     5.0 fs       |
  |   dump interval(trj)   :   100.0 fs       |
  |   SHAKE algorithm      : true (all bonds) |
  |   Vbias prefactor (k)  :  0.0036 Eh       |
  |   Vbias exponent (α)   :  1.0000 bohr⁻²   |
  :::::::::: starting static MTD  36 ::::::::::
  |   MD simulation time   :    33.0 ps       |
  |   target T             :   400.0 K        |
  |   timestep dt          :     5.0 fs       |
  |   dump interval(trj)   :   100.0 fs       |
  |   SHAKE algorithm      : true (all bonds) |
  |   Vbias prefactor (k)  :  0.0036 Eh       |
  |   Vbias exponent (α)   :  1.0000 bohr⁻²   |
  :::::::::: starting static MTD   6 ::::::::::
  |   MD simulation time   :    33.0 ps       |
  |   target T             :   400.0 K        |
  |   timestep dt          :     5.0 fs       |
  |   dump interval(trj)   :   100.0 fs       |
  |   SHAKE algorithm      : true (all bonds) |
  |   Vbias prefactor (k)  :  0.0036 Eh       |
  |   Vbias exponent (α)   :  1.0000 bohr⁻²   |
  :::::::::: starting static MTD   4 ::::::::::
  |   MD simulation time   :    33.0 ps       |
  |   target T             :   400.0 K        |
  |   timestep dt          :     5.0 fs       |
  |   dump interval(trj)   :   100.0 fs       |
  |   SHAKE algorithm      : true (all bonds) |
  |   Vbias prefactor (k)  :  0.0036 Eh       |
  |   Vbias exponent (α)   :  1.0000 bohr⁻²   |
  :::::::::: starting static MTD  13 ::::::::::
  |   MD simulation time   :    33.0 ps       |
  |   target T             :   400.0 K        |
  |   timestep dt          :     5.0 fs       |
  |   dump interval(trj)   :   100.0 fs       |
  |   SHAKE algorithm      : true (all bonds) |
  |   Vbias prefactor (k)  :  0.0036 Eh       |
  |   Vbias exponent (α)   :  1.0000 bohr⁻²   |
  :::::::::: starting static MTD  14 ::::::::::
  |   MD simulation time   :    33.0 ps       |
  |   target T             :   400.0 K        |
  |   timestep dt          :     5.0 fs       |
  |   dump interval(trj)   :   100.0 fs       |
  |   SHAKE algorithm      : true (all bonds) |
  |   Vbias prefactor (k)  :  0.0036 Eh       |
  |   Vbias exponent (α)   :  1.0000 bohr⁻²   |
  :::::::::: starting static MTD   8 ::::::::::
  |   MD simulation time   :    33.0 ps       |
  |   target T             :   400.0 K        |
  |   timestep dt          :     5.0 fs       |
  |   dump interval(trj)   :   100.0 fs       |
  |   SHAKE algorithm      : true (all bonds) |
  |   Vbias prefactor (k)  :  0.0036 Eh       |
  |   Vbias exponent (α)   :  1.0000 bohr⁻²   |
  :::::::::: starting static MTD   5 ::::::::::
  |   MD simulation time   :    33.0 ps       |
  |   target T             :   400.0 K        |
  |   timestep dt          :     5.0 fs       |
  |   dump interval(trj)   :   100.0 fs       |
  |   SHAKE algorithm      : true (all bonds) |
  |   Vbias prefactor (k)  :  0.0036 Eh       |
  |   Vbias exponent (α)   :  1.0000 bohr⁻²   |
  :::::::::: starting static MTD  10 ::::::::::
  |   MD simulation time   :    33.0 ps       |
  |   target T             :   400.0 K        |
  |   timestep dt          :     5.0 fs       |
  |   dump interval(trj)   :   100.0 fs       |
  |   SHAKE algorithm      : true (all bonds) |
  |   Vbias prefactor (k)  :  0.0036 Eh       |
  |   Vbias exponent (α)   :  1.0000 bohr⁻²   |
  :::::::::: starting static MTD  11 ::::::::::
  |   MD simulation time   :    33.0 ps       |
  |   target T             :   400.0 K        |
  |   timestep dt          :     5.0 fs       |
  |   dump interval(trj)   :   100.0 fs       |
  |   SHAKE algorithm      : true (all bonds) |
  |   Vbias prefactor (k)  :  0.0036 Eh       |
  |   Vbias exponent (α)   :  1.0000 bohr⁻²   |
  :::::::::: starting static MTD   7 ::::::::::
  |   MD simulation time   :    33.0 ps       |
  |   target T             :   400.0 K        |
  |   timestep dt          :     5.0 fs       |
  |   dump interval(trj)   :   100.0 fs       |
  |   SHAKE algorithm      : true (all bonds) |
  |   Vbias prefactor (k)  :  0.0036 Eh       |
  |   Vbias exponent (α)   :  1.0000 bohr⁻²   |
  :::::::::: starting static MTD   3 ::::::::::
  |   MD simulation time   :    33.0 ps       |
  |   target T             :   400.0 K        |
  |   timestep dt          :     5.0 fs       |
  |   dump interval(trj)   :   100.0 fs       |
  |   SHAKE algorithm      : true (all bonds) |
  |   Vbias prefactor (k)  :  0.0036 Eh       |
  |   Vbias exponent (α)   :  1.0000 bohr⁻²   |
  :::::::::: starting static MTD   9 ::::::::::
  |   MD simulation time   :    33.0 ps       |
  |   target T             :   400.0 K        |
  |   timestep dt          :     5.0 fs       |
  |   dump interval(trj)   :   100.0 fs       |
  |   SHAKE algorithm      : true (all bonds) |
  |   Vbias prefactor (k)  :  0.0036 Eh       |
  |   Vbias exponent (α)   :  1.0000 bohr⁻²   |
  :::::::::: starting static MTD  12 ::::::::::
  |   MD simulation time   :    33.0 ps       |
  |   target T             :   400.0 K        |
  |   timestep dt          :     5.0 fs       |
  |   dump interval(trj)   :   100.0 fs       |
  |   SHAKE algorithm      : true (all bonds) |
  |   Vbias prefactor (k)  :  0.0036 Eh       |
  |   Vbias exponent (α)   :  1.0000 bohr⁻²   |
  :::::::::: starting static MTD  15 ::::::::::
  |   MD simulation time   :    33.0 ps       |
  |   target T             :   400.0 K        |
  |   timestep dt          :     5.0 fs       |
  |   dump interval(trj)   :   100.0 fs       |
  |   SHAKE algorithm      : true (all bonds) |
  |   Vbias prefactor (k)  :  0.0036 Eh       |
  |   Vbias exponent (α)   :  1.0000 bohr⁻²   |
*sMTD  36 completed successfully ...        5 min, 24.913 sec
  :::::::::: starting static MTD  35 ::::::::::
  |   MD simulation time   :    33.0 ps       |
  |   target T             :   400.0 K        |
  |   timestep dt          :     5.0 fs       |
  |   dump interval(trj)   :   100.0 fs       |
  |   SHAKE algorithm      : true (all bonds) |
  |   Vbias prefactor (k)  :  0.0036 Eh       |
  |   Vbias exponent (α)   :  1.0000 bohr⁻²   |
*sMTD  12 completed successfully ...        5 min, 25.218 sec
  :::::::::: starting static MTD  16 ::::::::::
  |   MD simulation time   :    33.0 ps       |
  |   target T             :   400.0 K        |
  |   timestep dt          :     5.0 fs       |
  |   dump interval(trj)   :   100.0 fs       |
  |   SHAKE algorithm      : true (all bonds) |
  |   Vbias prefactor (k)  :  0.0036 Eh       |
  |   Vbias exponent (α)   :  1.0000 bohr⁻²   |
*sMTD   6 completed successfully ...        5 min, 25.271 sec
  :::::::::: starting static MTD  17 ::::::::::
  |   MD simulation time   :    33.0 ps       |
  |   target T             :   400.0 K        |
  |   timestep dt          :     5.0 fs       |
  |   dump interval(trj)   :   100.0 fs       |
  |   SHAKE algorithm      : true (all bonds) |
  |   Vbias prefactor (k)  :  0.0036 Eh       |
  |   Vbias exponent (α)   :  1.0000 bohr⁻²   |
*sMTD   3 completed successfully ...        5 min, 25.272 sec
  :::::::::: starting static MTD  18 ::::::::::
  |   MD simulation time   :    33.0 ps       |
  |   target T             :   400.0 K        |
  |   timestep dt          :     5.0 fs       |
  |   dump interval(trj)   :   100.0 fs       |
  |   SHAKE algorithm      : true (all bonds) |
  |   Vbias prefactor (k)  :  0.0036 Eh       |
  |   Vbias exponent (α)   :  1.0000 bohr⁻²   |
*sMTD  14 completed successfully ...        5 min, 25.664 sec
  :::::::::: starting static MTD  19 ::::::::::
  |   MD simulation time   :    33.0 ps       |
  |   target T             :   400.0 K        |
  |   timestep dt          :     5.0 fs       |
  |   dump interval(trj)   :   100.0 fs       |
  |   SHAKE algorithm      : true (all bonds) |
  |   Vbias prefactor (k)  :  0.0036 Eh       |
  |   Vbias exponent (α)   :  1.0000 bohr⁻²   |
*sMTD  13 completed successfully ...        5 min, 25.745 sec
  :::::::::: starting static MTD  20 ::::::::::
  |   MD simulation time   :    33.0 ps       |
  |   target T             :   400.0 K        |
  |   timestep dt          :     5.0 fs       |
  |   dump interval(trj)   :   100.0 fs       |
  |   SHAKE algorithm      : true (all bonds) |
  |   Vbias prefactor (k)  :  0.0036 Eh       |
  |   Vbias exponent (α)   :  1.0000 bohr⁻²   |
*sMTD   4 completed successfully ...        5 min, 25.964 sec
  :::::::::: starting static MTD  21 ::::::::::
  |   MD simulation time   :    33.0 ps       |
  |   target T             :   400.0 K        |
  |   timestep dt          :     5.0 fs       |
  |   dump interval(trj)   :   100.0 fs       |
  |   SHAKE algorithm      : true (all bonds) |
  |   Vbias prefactor (k)  :  0.0036 Eh       |
  |   Vbias exponent (α)   :  1.0000 bohr⁻²   |
*sMTD  15 completed successfully ...        5 min, 25.977 sec
  :::::::::: starting static MTD  22 ::::::::::
  |   MD simulation time   :    33.0 ps       |
  |   target T             :   400.0 K        |
  |   timestep dt          :     5.0 fs       |
  |   dump interval(trj)   :   100.0 fs       |
  |   SHAKE algorithm      : true (all bonds) |
  |   Vbias prefactor (k)  :  0.0036 Eh       |
  |   Vbias exponent (α)   :  1.0000 bohr⁻²   |
*sMTD   9 completed successfully ...        5 min, 26.435 sec
  :::::::::: starting static MTD  23 ::::::::::
  |   MD simulation time   :    33.0 ps       |
  |   target T             :   400.0 K        |
  |   timestep dt          :     5.0 fs       |
  |   dump interval(trj)   :   100.0 fs       |
  |   SHAKE algorithm      : true (all bonds) |
  |   Vbias prefactor (k)  :  0.0036 Eh       |
  |   Vbias exponent (α)   :  1.0000 bohr⁻²   |
*sMTD   1 completed successfully ...        5 min, 26.919 sec
  :::::::::: starting static MTD  24 ::::::::::
  |   MD simulation time   :    33.0 ps       |
  |   target T             :   400.0 K        |
  |   timestep dt          :     5.0 fs       |
  |   dump interval(trj)   :   100.0 fs       |
  |   SHAKE algorithm      : true (all bonds) |
  |   Vbias prefactor (k)  :  0.0036 Eh       |
  |   Vbias exponent (α)   :  1.0000 bohr⁻²   |
*sMTD  10 completed successfully ...        5 min, 27.288 sec
  :::::::::: starting static MTD  25 ::::::::::
  |   MD simulation time   :    33.0 ps       |
  |   target T             :   400.0 K        |
  |   timestep dt          :     5.0 fs       |
  |   dump interval(trj)   :   100.0 fs       |
  |   SHAKE algorithm      : true (all bonds) |
  |   Vbias prefactor (k)  :  0.0036 Eh       |
  |   Vbias exponent (α)   :  1.0000 bohr⁻²   |
*sMTD   2 completed successfully ...        5 min, 27.663 sec
  :::::::::: starting static MTD  26 ::::::::::
  |   MD simulation time   :    33.0 ps       |
  |   target T             :   400.0 K        |
  |   timestep dt          :     5.0 fs       |
  |   dump interval(trj)   :   100.0 fs       |
  |   SHAKE algorithm      : true (all bonds) |
  |   Vbias prefactor (k)  :  0.0036 Eh       |
  |   Vbias exponent (α)   :  1.0000 bohr⁻²   |
*sMTD   8 completed successfully ...        5 min, 27.877 sec
  :::::::::: starting static MTD  27 ::::::::::
  |   MD simulation time   :    33.0 ps       |
  |   target T             :   400.0 K        |
  |   timestep dt          :     5.0 fs       |
  |   dump interval(trj)   :   100.0 fs       |
  |   SHAKE algorithm      : true (all bonds) |
  |   Vbias prefactor (k)  :  0.0036 Eh       |
  |   Vbias exponent (α)   :  1.0000 bohr⁻²   |
*sMTD   5 completed successfully ...        5 min, 27.940 sec
  :::::::::: starting static MTD  28 ::::::::::
  |   MD simulation time   :    33.0 ps       |
  |   target T             :   400.0 K        |
  |   timestep dt          :     5.0 fs       |
  |   dump interval(trj)   :   100.0 fs       |
  |   SHAKE algorithm      : true (all bonds) |
  |   Vbias prefactor (k)  :  0.0036 Eh       |
  |   Vbias exponent (α)   :  1.0000 bohr⁻²   |
*sMTD   7 completed successfully ...        5 min, 28.655 sec
  :::::::::: starting static MTD  29 ::::::::::
  |   MD simulation time   :    33.0 ps       |
  |   target T             :   400.0 K        |
  |   timestep dt          :     5.0 fs       |
  |   dump interval(trj)   :   100.0 fs       |
  |   SHAKE algorithm      : true (all bonds) |
  |   Vbias prefactor (k)  :  0.0036 Eh       |
  |   Vbias exponent (α)   :  1.0000 bohr⁻²   |
*sMTD  11 completed successfully ...        5 min, 28.773 sec
  :::::::::: starting static MTD  30 ::::::::::
  |   MD simulation time   :    33.0 ps       |
  |   target T             :   400.0 K        |
  |   timestep dt          :     5.0 fs       |
  |   dump interval(trj)   :   100.0 fs       |
  |   SHAKE algorithm      : true (all bonds) |
  |   Vbias prefactor (k)  :  0.0036 Eh       |
  |   Vbias exponent (α)   :  1.0000 bohr⁻²   |
*sMTD  16 completed successfully ...        5 min, 24.632 sec
  :::::::::: starting static MTD  31 ::::::::::
  |   MD simulation time   :    33.0 ps       |
  |   target T             :   400.0 K        |
  |   timestep dt          :     5.0 fs       |
  |   dump interval(trj)   :   100.0 fs       |
  |   SHAKE algorithm      : true (all bonds) |
  |   Vbias prefactor (k)  :  0.0036 Eh       |
  |   Vbias exponent (α)   :  1.0000 bohr⁻²   |
*sMTD  35 completed successfully ...        5 min, 26.199 sec
  :::::::::: starting static MTD  34 ::::::::::
  |   MD simulation time   :    33.0 ps       |
  |   target T             :   400.0 K        |
  |   timestep dt          :     5.0 fs       |
  |   dump interval(trj)   :   100.0 fs       |
  |   SHAKE algorithm      : true (all bonds) |
  |   Vbias prefactor (k)  :  0.0036 Eh       |
  |   Vbias exponent (α)   :  1.0000 bohr⁻²   |
*sMTD  21 completed successfully ...        5 min, 25.421 sec
  :::::::::: starting static MTD  32 ::::::::::
  |   MD simulation time   :    33.0 ps       |
  |   target T             :   400.0 K        |
  |   timestep dt          :     5.0 fs       |
  |   dump interval(trj)   :   100.0 fs       |
  |   SHAKE algorithm      : true (all bonds) |
  |   Vbias prefactor (k)  :  0.0036 Eh       |
  |   Vbias exponent (α)   :  1.0000 bohr⁻²   |
*sMTD  25 completed successfully ...        5 min, 24.836 sec
  :::::::::: starting static MTD  33 ::::::::::
  |   MD simulation time   :    33.0 ps       |
  |   target T             :   400.0 K        |
  |   timestep dt          :     5.0 fs       |
  |   dump interval(trj)   :   100.0 fs       |
  |   SHAKE algorithm      : true (all bonds) |
  |   Vbias prefactor (k)  :  0.0036 Eh       |
  |   Vbias exponent (α)   :  1.0000 bohr⁻²   |
*sMTD  18 completed successfully ...        5 min, 26.869 sec
*sMTD  17 completed successfully ...        5 min, 26.918 sec
*sMTD  19 completed successfully ...        5 min, 26.667 sec
*sMTD  22 completed successfully ...        5 min, 26.896 sec
*sMTD  27 completed successfully ...        5 min, 25.166 sec
*sMTD  23 completed successfully ...        5 min, 26.933 sec
*sMTD  20 completed successfully ...        5 min, 27.789 sec
*sMTD  28 completed successfully ...        5 min, 25.885 sec
*sMTD  26 completed successfully ...        5 min, 26.200 sec
*sMTD  24 completed successfully ...        5 min, 27.028 sec
*sMTD  30 completed successfully ...        5 min, 25.822 sec
*sMTD  29 completed successfully ...        5 min, 26.105 sec
*sMTD  31 completed successfully ...        3 min, 30.796 sec
*sMTD  33 completed successfully ...        3 min, 28.850 sec
*sMTD  34 completed successfully ...        3 min, 29.952 sec
*sMTD  32 completed successfully ...        3 min, 30.661 sec

 ======================================
 |  Multilevel Ensemble Optimization  |
 ======================================
 Optimizing all 11844 structures from file "crest_rotamers_0.xyz" ...
 ----------------------
 crude pre-optimization
 ----------------------
 Optimization engine: ANCOPT
 Hessian update type: BFGS
 E/G convergence criteria:  0.500E-03 Eh, 0.100E-01 Eh/a0
 maximum optimization steps: 200
 |>0.0% |>2.5% |>5.0% |>7.5% |>10.0% |>12.5% |>15.0% |>17.5% |>20.0% |>22.5% |>25.0% |>27.5% |>30.0% |>32.5% |>35.0% |>37.5% |>40.0% |>42.5% |>45.0% |>47.5% |>50.0% |>52.5% |>55.0% |>57.5% |>60.0% |>62.5% |>65.0% |>67.5% |>70.0% |>72.5% |>75.0% |>77.5% |>80.0% |>82.5% |>85.0% |>87.5% |>90.0% |>92.5% |>95.0% |>97.5% |>100.0%
 done.
> 11844 of 11844 structures successfully optimized (100.0% success)
> Total runtime for 11844 optimizations:
 * wall-time:     0 d,  0 h,  7 min, 53.429 sec
 *  cpu-time:     0 d,  2 h,  1 min, 38.500 sec
 * ratio c/w:    15.416 speedup
> Corresponding to approximately 0.040 sec per processed structure

CREGEN> running RMSDs ... done.
CREGEN> E lowest :   -70.68353
 11644 structures remain within    12.00 kcal/mol window
 ---------------------------------------
 optimization with very tight thresholds
 ---------------------------------------
 Optimization engine: ANCOPT
 Hessian update type: BFGS
 E/G convergence criteria:  0.100E-06 Eh, 0.200E-03 Eh/a0
 maximum optimization steps: 200
 |>0.0% |>2.5% |>5.0% |>7.5% |>10.0% |>12.5% |>15.0% |>17.5% |>20.0% |>22.5% |>25.0% |>27.5% |>30.0% |>32.5% |>35.0% |>37.5% |>40.0% |>42.5% |>45.0% |>47.5% |>50.0% |>52.5% |>55.0% |>57.5% |>60.0% |>62.5% |>65.0% |>67.5% |>70.0% |>72.5% |>75.0% |>77.5% |>80.0% |>82.5% |>85.0% |>87.5% |>90.0% |>92.5% |>95.0% |>97.5% |>100.0%
 done.
> 11426 of 11644 structures successfully optimized (98.1% success)
> Total runtime for 11644 optimizations:
 * wall-time:     0 d,  0 h, 37 min, 31.676 sec
 *  cpu-time:     0 d,  9 h, 48 min, 24.652 sec
 * ratio c/w:    15.679 speedup
> Corresponding to approximately 0.193 sec per processed structure

CREGEN> running RMSDs ... done.
CREGEN> E lowest :   -70.68494
 4679 structures remain within     6.00 kcal/mol window
CREGEN> running RMSDs ... done.
CREGEN> E lowest :   -70.68494

 Static MTD simulation iteration 4 finished
 A total of 4079 conformers (+ 4.85%) in crest_conformers.xyz
 S(approx.) =   12.478544 cal/molK (dS = 0.66%)
 Convergence w.r.t. conformers: F
 Convergence w.r.t. entropy   : F

     H(298.15K)-H(0) (conf)      1.852865
                   Cp(conf)      5.434504
                    S(conf)     12.473333

********************************************************************************
**                     I T E R A T I O N    C Y C L E      5                  **
********************************************************************************
 -------------------------------------------
 determining bias structures via PCA/k-Means
 -------------------------------------------

 52 structures were selected
 done.

 -----------------------------------------------
 determining MTD seed structures via PCA/k-Means
 -----------------------------------------------

 36 structures were selected
 done.


 ===========================================================
 Static MTDs (umbrella sampling) on 36 selected conformer(s)
 ===========================================================
> Using 52 constant RMSD bias potentials per MTD
  :::::::::: starting static MTD   1 ::::::::::
  |   MD simulation time   :    33.0 ps       |
  |   target T             :   400.0 K        |
  |   timestep dt          :     5.0 fs       |
  |   dump interval(trj)   :   100.0 fs       |
  |   SHAKE algorithm      : true (all bonds) |
  |   Vbias prefactor (k)  :  0.0036 Eh       |
  |   Vbias exponent (α)   :  1.0000 bohr⁻²   |
  :::::::::: starting static MTD   2 ::::::::::
  |   MD simulation time   :    33.0 ps       |
  |   target T             :   400.0 K        |
  |   timestep dt          :     5.0 fs       |
  |   dump interval(trj)   :   100.0 fs       |
  |   SHAKE algorithm      : true (all bonds) |
  |   Vbias prefactor (k)  :  0.0036 Eh       |
  |   Vbias exponent (α)   :  1.0000 bohr⁻²   |
  :::::::::: starting static MTD   8 ::::::::::
  |   MD simulation time   :    33.0 ps       |
  |   target T             :   400.0 K        |
  |   timestep dt          :     5.0 fs       |
  |   dump interval(trj)   :   100.0 fs       |
  |   SHAKE algorithm      : true (all bonds) |
  |   Vbias prefactor (k)  :  0.0036 Eh       |
  |   Vbias exponent (α)   :  1.0000 bohr⁻²   |
  :::::::::: starting static MTD  14 ::::::::::
  |   MD simulation time   :    33.0 ps       |
  |   target T             :   400.0 K        |
  |   timestep dt          :     5.0 fs       |
  |   dump interval(trj)   :   100.0 fs       |
  |   SHAKE algorithm      : true (all bonds) |
  |   Vbias prefactor (k)  :  0.0036 Eh       |
  |   Vbias exponent (α)   :  1.0000 bohr⁻²   |
  :::::::::: starting static MTD  11 ::::::::::
  |   MD simulation time   :    33.0 ps       |
  |   target T             :   400.0 K        |
  |   timestep dt          :     5.0 fs       |
  |   dump interval(trj)   :   100.0 fs       |
  |   SHAKE algorithm      : true (all bonds) |
  |   Vbias prefactor (k)  :  0.0036 Eh       |
  |   Vbias exponent (α)   :  1.0000 bohr⁻²   |
  :::::::::: starting static MTD   4 ::::::::::
  |   MD simulation time   :    33.0 ps       |
  |   target T             :   400.0 K        |
  |   timestep dt          :     5.0 fs       |
  |   dump interval(trj)   :   100.0 fs       |
  |   SHAKE algorithm      : true (all bonds) |
  |   Vbias prefactor (k)  :  0.0036 Eh       |
  |   Vbias exponent (α)   :  1.0000 bohr⁻²   |
  :::::::::: starting static MTD   7 ::::::::::
  |   MD simulation time   :    33.0 ps       |
  |   target T             :   400.0 K        |
  |   timestep dt          :     5.0 fs       |
  |   dump interval(trj)   :   100.0 fs       |
  |   SHAKE algorithm      : true (all bonds) |
  |   Vbias prefactor (k)  :  0.0036 Eh       |
  |   Vbias exponent (α)   :  1.0000 bohr⁻²   |
  :::::::::: starting static MTD  12 ::::::::::
  |   MD simulation time   :    33.0 ps       |
  |   target T             :   400.0 K        |
  |   timestep dt          :     5.0 fs       |
  |   dump interval(trj)   :   100.0 fs       |
  |   SHAKE algorithm      : true (all bonds) |
  |   Vbias prefactor (k)  :  0.0036 Eh       |
  |   Vbias exponent (α)   :  1.0000 bohr⁻²   |
  :::::::::: starting static MTD  36 ::::::::::
  |   MD simulation time   :    33.0 ps       |
  |   target T             :   400.0 K        |
  |   timestep dt          :     5.0 fs       |
  |   dump interval(trj)   :   100.0 fs       |
  |   SHAKE algorithm      : true (all bonds) |
  |   Vbias prefactor (k)  :  0.0036 Eh       |
  |   Vbias exponent (α)   :  1.0000 bohr⁻²   |
  :::::::::: starting static MTD   5 ::::::::::
  |   MD simulation time   :    33.0 ps       |
  |   target T             :   400.0 K        |
  |   timestep dt          :     5.0 fs       |
  |   dump interval(trj)   :   100.0 fs       |
  |   SHAKE algorithm      : true (all bonds) |
  |   Vbias prefactor (k)  :  0.0036 Eh       |
  |   Vbias exponent (α)   :  1.0000 bohr⁻²   |
  :::::::::: starting static MTD   3 ::::::::::
  |   MD simulation time   :    33.0 ps       |
  |   target T             :   400.0 K        |
  |   timestep dt          :     5.0 fs       |
  |   dump interval(trj)   :   100.0 fs       |
  |   SHAKE algorithm      : true (all bonds) |
  |   Vbias prefactor (k)  :  0.0036 Eh       |
  |   Vbias exponent (α)   :  1.0000 bohr⁻²   |
  :::::::::: starting static MTD   9 ::::::::::
  |   MD simulation time   :    33.0 ps       |
  |   target T             :   400.0 K        |
  |   timestep dt          :     5.0 fs       |
  |   dump interval(trj)   :   100.0 fs       |
  |   SHAKE algorithm      : true (all bonds) |
  |   Vbias prefactor (k)  :  0.0036 Eh       |
  |   Vbias exponent (α)   :  1.0000 bohr⁻²   |
  :::::::::: starting static MTD   6 ::::::::::
  |   MD simulation time   :    33.0 ps       |
  |   target T             :   400.0 K        |
  |   timestep dt          :     5.0 fs       |
  |   dump interval(trj)   :   100.0 fs       |
  |   SHAKE algorithm      : true (all bonds) |
  |   Vbias prefactor (k)  :  0.0036 Eh       |
  |   Vbias exponent (α)   :  1.0000 bohr⁻²   |
  :::::::::: starting static MTD  10 ::::::::::
  |   MD simulation time   :    33.0 ps       |
  |   target T             :   400.0 K        |
  |   timestep dt          :     5.0 fs       |
  |   dump interval(trj)   :   100.0 fs       |
  |   SHAKE algorithm      : true (all bonds) |
  |   Vbias prefactor (k)  :  0.0036 Eh       |
  |   Vbias exponent (α)   :  1.0000 bohr⁻²   |
  :::::::::: starting static MTD  15 ::::::::::
  |   MD simulation time   :    33.0 ps       |
  |   target T             :   400.0 K        |
  |   timestep dt          :     5.0 fs       |
  |   dump interval(trj)   :   100.0 fs       |
  |   SHAKE algorithm      : true (all bonds) |
  |   Vbias prefactor (k)  :  0.0036 Eh       |
  |   Vbias exponent (α)   :  1.0000 bohr⁻²   |
  :::::::::: starting static MTD  13 ::::::::::
  |   MD simulation time   :    33.0 ps       |
  |   target T             :   400.0 K        |
  |   timestep dt          :     5.0 fs       |
  |   dump interval(trj)   :   100.0 fs       |
  |   SHAKE algorithm      : true (all bonds) |
  |   Vbias prefactor (k)  :  0.0036 Eh       |
  |   Vbias exponent (α)   :  1.0000 bohr⁻²   |
*sMTD  15 completed successfully ...        5 min, 25.054 sec
  :::::::::: starting static MTD  16 ::::::::::
  |   MD simulation time   :    33.0 ps       |
  |   target T             :   400.0 K        |
  |   timestep dt          :     5.0 fs       |
  |   dump interval(trj)   :   100.0 fs       |
  |   SHAKE algorithm      : true (all bonds) |
  |   Vbias prefactor (k)  :  0.0036 Eh       |
  |   Vbias exponent (α)   :  1.0000 bohr⁻²   |
*sMTD  13 completed successfully ...        5 min, 25.360 sec
  :::::::::: starting static MTD  17 ::::::::::
  |   MD simulation time   :    33.0 ps       |
  |   target T             :   400.0 K        |
  |   timestep dt          :     5.0 fs       |
  |   dump interval(trj)   :   100.0 fs       |
  |   SHAKE algorithm      : true (all bonds) |
  |   Vbias prefactor (k)  :  0.0036 Eh       |
  |   Vbias exponent (α)   :  1.0000 bohr⁻²   |
*sMTD   4 completed successfully ...        5 min, 25.885 sec
  :::::::::: starting static MTD  18 ::::::::::
  |   MD simulation time   :    33.0 ps       |
  |   target T             :   400.0 K        |
  |   timestep dt          :     5.0 fs       |
  |   dump interval(trj)   :   100.0 fs       |
  |   SHAKE algorithm      : true (all bonds) |
  |   Vbias prefactor (k)  :  0.0036 Eh       |
  |   Vbias exponent (α)   :  1.0000 bohr⁻²   |
*sMTD   2 completed successfully ...        5 min, 26.124 sec
  :::::::::: starting static MTD  19 ::::::::::
  |   MD simulation time   :    33.0 ps       |
  |   target T             :   400.0 K        |
  |   timestep dt          :     5.0 fs       |
  |   dump interval(trj)   :   100.0 fs       |
  |   SHAKE algorithm      : true (all bonds) |
  |   Vbias prefactor (k)  :  0.0036 Eh       |
  |   Vbias exponent (α)   :  1.0000 bohr⁻²   |
*sMTD   6 completed successfully ...        5 min, 26.353 sec
  :::::::::: starting static MTD  20 ::::::::::
  |   MD simulation time   :    33.0 ps       |
  |   target T             :   400.0 K        |
  |   timestep dt          :     5.0 fs       |
  |   dump interval(trj)   :   100.0 fs       |
  |   SHAKE algorithm      : true (all bonds) |
  |   Vbias prefactor (k)  :  0.0036 Eh       |
  |   Vbias exponent (α)   :  1.0000 bohr⁻²   |
*sMTD   1 completed successfully ...        5 min, 26.535 sec
  :::::::::: starting static MTD  21 ::::::::::
  |   MD simulation time   :    33.0 ps       |
  |   target T             :   400.0 K        |
  |   timestep dt          :     5.0 fs       |
  |   dump interval(trj)   :   100.0 fs       |
  |   SHAKE algorithm      : true (all bonds) |
  |   Vbias prefactor (k)  :  0.0036 Eh       |
  |   Vbias exponent (α)   :  1.0000 bohr⁻²   |
*sMTD  36 completed successfully ...        5 min, 26.793 sec
  :::::::::: starting static MTD  35 ::::::::::
  |   MD simulation time   :    33.0 ps       |
  |   target T             :   400.0 K        |
  |   timestep dt          :     5.0 fs       |
  |   dump interval(trj)   :   100.0 fs       |
  |   SHAKE algorithm      : true (all bonds) |
  |   Vbias prefactor (k)  :  0.0036 Eh       |
  |   Vbias exponent (α)   :  1.0000 bohr⁻²   |
*sMTD   8 completed successfully ...        5 min, 26.969 sec
  :::::::::: starting static MTD  22 ::::::::::
  |   MD simulation time   :    33.0 ps       |
  |   target T             :   400.0 K        |
  |   timestep dt          :     5.0 fs       |
  |   dump interval(trj)   :   100.0 fs       |
  |   SHAKE algorithm      : true (all bonds) |
  |   Vbias prefactor (k)  :  0.0036 Eh       |
  |   Vbias exponent (α)   :  1.0000 bohr⁻²   |
*sMTD  11 completed successfully ...        5 min, 27.010 sec
  :::::::::: starting static MTD  23 ::::::::::
  |   MD simulation time   :    33.0 ps       |
  |   target T             :   400.0 K        |
  |   timestep dt          :     5.0 fs       |
  |   dump interval(trj)   :   100.0 fs       |
  |   SHAKE algorithm      : true (all bonds) |
  |   Vbias prefactor (k)  :  0.0036 Eh       |
  |   Vbias exponent (α)   :  1.0000 bohr⁻²   |
*sMTD  14 completed successfully ...        5 min, 27.041 sec
  :::::::::: starting static MTD  24 ::::::::::
  |   MD simulation time   :    33.0 ps       |
  |   target T             :   400.0 K        |
  |   timestep dt          :     5.0 fs       |
  |   dump interval(trj)   :   100.0 fs       |
  |   SHAKE algorithm      : true (all bonds) |
  |   Vbias prefactor (k)  :  0.0036 Eh       |
  |   Vbias exponent (α)   :  1.0000 bohr⁻²   |
*sMTD  12 completed successfully ...        5 min, 27.116 sec
  :::::::::: starting static MTD  25 ::::::::::
  |   MD simulation time   :    33.0 ps       |
  |   target T             :   400.0 K        |
  |   timestep dt          :     5.0 fs       |
  |   dump interval(trj)   :   100.0 fs       |
  |   SHAKE algorithm      : true (all bonds) |
  |   Vbias prefactor (k)  :  0.0036 Eh       |
  |   Vbias exponent (α)   :  1.0000 bohr⁻²   |
*sMTD   5 completed successfully ...        5 min, 27.255 sec
  :::::::::: starting static MTD  26 ::::::::::
  |   MD simulation time   :    33.0 ps       |
  |   target T             :   400.0 K        |
  |   timestep dt          :     5.0 fs       |
  |   dump interval(trj)   :   100.0 fs       |
  |   SHAKE algorithm      : true (all bonds) |
  |   Vbias prefactor (k)  :  0.0036 Eh       |
  |   Vbias exponent (α)   :  1.0000 bohr⁻²   |
*sMTD   7 completed successfully ...        5 min, 27.732 sec
  :::::::::: starting static MTD  27 ::::::::::
  |   MD simulation time   :    33.0 ps       |
  |   target T             :   400.0 K        |
  |   timestep dt          :     5.0 fs       |
  |   dump interval(trj)   :   100.0 fs       |
  |   SHAKE algorithm      : true (all bonds) |
  |   Vbias prefactor (k)  :  0.0036 Eh       |
  |   Vbias exponent (α)   :  1.0000 bohr⁻²   |
*sMTD   3 completed successfully ...        5 min, 27.796 sec
  :::::::::: starting static MTD  28 ::::::::::
  |   MD simulation time   :    33.0 ps       |
  |   target T             :   400.0 K        |
  |   timestep dt          :     5.0 fs       |
  |   dump interval(trj)   :   100.0 fs       |
  |   SHAKE algorithm      : true (all bonds) |
  |   Vbias prefactor (k)  :  0.0036 Eh       |
  |   Vbias exponent (α)   :  1.0000 bohr⁻²   |
*sMTD   9 completed successfully ...        5 min, 27.807 sec
  :::::::::: starting static MTD  29 ::::::::::
  |   MD simulation time   :    33.0 ps       |
  |   target T             :   400.0 K        |
  |   timestep dt          :     5.0 fs       |
  |   dump interval(trj)   :   100.0 fs       |
  |   SHAKE algorithm      : true (all bonds) |
  |   Vbias prefactor (k)  :  0.0036 Eh       |
  |   Vbias exponent (α)   :  1.0000 bohr⁻²   |
*sMTD  10 completed successfully ...        5 min, 29.304 sec
  :::::::::: starting static MTD  30 ::::::::::
  |   MD simulation time   :    33.0 ps       |
  |   target T             :   400.0 K        |
  |   timestep dt          :     5.0 fs       |
  |   dump interval(trj)   :   100.0 fs       |
  |   SHAKE algorithm      : true (all bonds) |
  |   Vbias prefactor (k)  :  0.0036 Eh       |
  |   Vbias exponent (α)   :  1.0000 bohr⁻²   |
*sMTD  25 completed successfully ...        5 min, 26.015 sec
  :::::::::: starting static MTD  31 ::::::::::
  |   MD simulation time   :    33.0 ps       |
  |   target T             :   400.0 K        |
  |   timestep dt          :     5.0 fs       |
  |   dump interval(trj)   :   100.0 fs       |
  |   SHAKE algorithm      : true (all bonds) |
  |   Vbias prefactor (k)  :  0.0036 Eh       |
  |   Vbias exponent (α)   :  1.0000 bohr⁻²   |
*sMTD  20 completed successfully ...        5 min, 26.828 sec
  :::::::::: starting static MTD  32 ::::::::::
  |   MD simulation time   :    33.0 ps       |
  |   target T             :   400.0 K        |
  |   timestep dt          :     5.0 fs       |
  |   dump interval(trj)   :   100.0 fs       |
  |   SHAKE algorithm      : true (all bonds) |
  |   Vbias prefactor (k)  :  0.0036 Eh       |
  |   Vbias exponent (α)   :  1.0000 bohr⁻²   |
*sMTD  19 completed successfully ...        5 min, 27.204 sec
  :::::::::: starting static MTD  33 ::::::::::
  |   MD simulation time   :    33.0 ps       |
  |   target T             :   400.0 K        |
  |   timestep dt          :     5.0 fs       |
  |   dump interval(trj)   :   100.0 fs       |
  |   SHAKE algorithm      : true (all bonds) |
  |   Vbias prefactor (k)  :  0.0036 Eh       |
  |   Vbias exponent (α)   :  1.0000 bohr⁻²   |
*sMTD  17 completed successfully ...        5 min, 28.149 sec
  :::::::::: starting static MTD  34 ::::::::::
  |   MD simulation time   :    33.0 ps       |
  |   target T             :   400.0 K        |
  |   timestep dt          :     5.0 fs       |
  |   dump interval(trj)   :   100.0 fs       |
  |   SHAKE algorithm      : true (all bonds) |
  |   Vbias prefactor (k)  :  0.0036 Eh       |
  |   Vbias exponent (α)   :  1.0000 bohr⁻²   |
*sMTD  23 completed successfully ...        5 min, 26.616 sec
*sMTD  21 completed successfully ...        5 min, 27.556 sec
*sMTD  16 completed successfully ...        5 min, 29.193 sec
*sMTD  22 completed successfully ...        5 min, 27.581 sec
*sMTD  18 completed successfully ...        5 min, 29.205 sec
*sMTD  24 completed successfully ...        5 min, 28.120 sec
*sMTD  35 completed successfully ...        5 min, 28.386 sec
*sMTD  27 completed successfully ...        5 min, 27.580 sec
*sMTD  28 completed successfully ...        5 min, 27.620 sec
*sMTD  26 completed successfully ...        5 min, 28.535 sec
*sMTD  29 completed successfully ...        5 min, 28.160 sec
*sMTD  30 completed successfully ...        5 min, 29.411 sec
*sMTD  32 completed successfully ...        3 min, 29.932 sec
*sMTD  34 completed successfully ...        3 min, 29.766 sec
*sMTD  31 completed successfully ...        3 min, 30.577 sec
*sMTD  33 completed successfully ...        3 min, 30.763 sec

 ======================================
 |  Multilevel Ensemble Optimization  |
 ======================================
 Optimizing all 11844 structures from file "crest_rotamers_0.xyz" ...
 ----------------------
 crude pre-optimization
 ----------------------
 Optimization engine: ANCOPT
 Hessian update type: BFGS
 E/G convergence criteria:  0.500E-03 Eh, 0.100E-01 Eh/a0
 maximum optimization steps: 200
 |>0.0% |>2.5% |>5.0% |>7.5% |>10.0% |>12.5% |>15.0% |>17.5% |>20.0% |>22.5% |>25.0% |>27.5% |>30.0% |>32.5% |>35.0% |>37.5% |>40.0% |>42.5% |>45.0% |>47.5% |>50.0% |>52.5% |>55.0% |>57.5% |>60.0% |>62.5% |>65.0% |>67.5% |>70.0% |>72.5% |>75.0% |>77.5% |>80.0% |>82.5% |>85.0% |>87.5% |>90.0% |>92.5% |>95.0% |>97.5% |>100.0%
 done.
> 11844 of 11844 structures successfully optimized (100.0% success)
> Total runtime for 11844 optimizations:
 * wall-time:     0 d,  0 h,  7 min, 55.519 sec
 *  cpu-time:     0 d,  2 h,  2 min,  2.769 sec
 * ratio c/w:    15.400 speedup
> Corresponding to approximately 0.040 sec per processed structure

CREGEN> running RMSDs ... done.
CREGEN> E lowest :   -70.68372
 11681 structures remain within    12.00 kcal/mol window
 ---------------------------------------
 optimization with very tight thresholds
 ---------------------------------------
 Optimization engine: ANCOPT
 Hessian update type: BFGS
 E/G convergence criteria:  0.100E-06 Eh, 0.200E-03 Eh/a0
 maximum optimization steps: 200
 |>0.0% |>2.5% |>5.0% |>7.5% |>10.0% |>12.5% |>15.0% |>17.5% |>20.0% |>22.5% |>25.0% |>27.5% |>30.0% |>32.5% |>35.0% |>37.5% |>40.0% |>42.5% |>45.0% |>47.5% |>50.0% |>52.5% |>55.0% |>57.5% |>60.0% |>62.5% |>65.0% |>67.5% |>70.0% |>72.5% |>75.0% |>77.5% |>80.0% |>82.5% |>85.0% |>87.5% |>90.0% |>92.5% |>95.0% |>97.5% |>100.0%
 done.
> 11397 of 11681 structures successfully optimized (97.6% success)
> Total runtime for 11681 optimizations:
 * wall-time:     0 d,  0 h, 38 min,  4.728 sec
 *  cpu-time:     0 d,  9 h, 56 min, 36.725 sec
 * ratio c/w:    15.668 speedup
> Corresponding to approximately 0.196 sec per processed structure

CREGEN> running RMSDs ... done.
CREGEN> E lowest :   -70.68494
 4673 structures remain within     6.00 kcal/mol window
CREGEN> running RMSDs ... done.
CREGEN> E lowest :   -70.68494

 Static MTD simulation iteration 5 finished
 A total of 4221 conformers (+ 3.36%) in crest_conformers.xyz
 S(approx.) =   12.556710 cal/molK (dS = 0.62%)
 Convergence w.r.t. conformers: F
 Convergence w.r.t. entropy   : F

     H(298.15K)-H(0) (conf)      1.868008
                   Cp(conf)      5.435477
                    S(conf)     12.551499

********************************************************************************
**                     I T E R A T I O N    C Y C L E      6                  **
********************************************************************************
 -------------------------------------------
 determining bias structures via PCA/k-Means
 -------------------------------------------

 66 structures were selected
 done.

 -----------------------------------------------
 determining MTD seed structures via PCA/k-Means
 -----------------------------------------------

 36 structures were selected
 done.


 ===========================================================
 Static MTDs (umbrella sampling) on 36 selected conformer(s)
 ===========================================================
> Using 66 constant RMSD bias potentials per MTD
  :::::::::: starting static MTD   1 ::::::::::
  |   MD simulation time   :    33.0 ps       |
  |   target T             :   400.0 K        |
  |   timestep dt          :     5.0 fs       |
  |   dump interval(trj)   :   100.0 fs       |
  |   SHAKE algorithm      : true (all bonds) |
  |   Vbias prefactor (k)  :  0.0036 Eh       |
  |   Vbias exponent (α)   :  1.0000 bohr⁻²   |
  :::::::::: starting static MTD   2 ::::::::::
  |   MD simulation time   :    33.0 ps       |
  |   target T             :   400.0 K        |
  |   timestep dt          :     5.0 fs       |
  |   dump interval(trj)   :   100.0 fs       |
  |   SHAKE algorithm      : true (all bonds) |
  |   Vbias prefactor (k)  :  0.0036 Eh       |
  |   Vbias exponent (α)   :  1.0000 bohr⁻²   |
  :::::::::: starting static MTD  36 ::::::::::
  |   MD simulation time   :    33.0 ps       |
  |   target T             :   400.0 K        |
  |   timestep dt          :     5.0 fs       |
  |   dump interval(trj)   :   100.0 fs       |
  |   SHAKE algorithm      : true (all bonds) |
  |   Vbias prefactor (k)  :  0.0036 Eh       |
  |   Vbias exponent (α)   :  1.0000 bohr⁻²   |
  :::::::::: starting static MTD   3 ::::::::::
  |   MD simulation time   :    33.0 ps       |
  |   target T             :   400.0 K        |
  |   timestep dt          :     5.0 fs       |
  |   dump interval(trj)   :   100.0 fs       |
  |   SHAKE algorithm      : true (all bonds) |
  |   Vbias prefactor (k)  :  0.0036 Eh       |
  |   Vbias exponent (α)   :  1.0000 bohr⁻²   |
  :::::::::: starting static MTD   5 ::::::::::
  |   MD simulation time   :    33.0 ps       |
  |   target T             :   400.0 K        |
  |   timestep dt          :     5.0 fs       |
  |   dump interval(trj)   :   100.0 fs       |
  |   SHAKE algorithm      : true (all bonds) |
  |   Vbias prefactor (k)  :  0.0036 Eh       |
  |   Vbias exponent (α)   :  1.0000 bohr⁻²   |
  :::::::::: starting static MTD   4 ::::::::::
  |   MD simulation time   :    33.0 ps       |
  |   target T             :   400.0 K        |
  |   timestep dt          :     5.0 fs       |
  |   dump interval(trj)   :   100.0 fs       |
  |   SHAKE algorithm      : true (all bonds) |
  |   Vbias prefactor (k)  :  0.0036 Eh       |
  |   Vbias exponent (α)   :  1.0000 bohr⁻²   |
  :::::::::: starting static MTD  12 ::::::::::
  |   MD simulation time   :    33.0 ps       |
  |   target T             :   400.0 K        |
  |   timestep dt          :     5.0 fs       |
  |   dump interval(trj)   :   100.0 fs       |
  |   SHAKE algorithm      : true (all bonds) |
  |   Vbias prefactor (k)  :  0.0036 Eh       |
  |   Vbias exponent (α)   :  1.0000 bohr⁻²   |
  :::::::::: starting static MTD   6 ::::::::::
  |   MD simulation time   :    33.0 ps       |
  |   target T             :   400.0 K        |
  |   timestep dt          :     5.0 fs       |
  |   dump interval(trj)   :   100.0 fs       |
  |   SHAKE algorithm      : true (all bonds) |
  |   Vbias prefactor (k)  :  0.0036 Eh       |
  |   Vbias exponent (α)   :  1.0000 bohr⁻²   |
  :::::::::: starting static MTD   8 ::::::::::
  |   MD simulation time   :    33.0 ps       |
  |   target T             :   400.0 K        |
  |   timestep dt          :     5.0 fs       |
  |   dump interval(trj)   :   100.0 fs       |
  |   SHAKE algorithm      : true (all bonds) |
  |   Vbias prefactor (k)  :  0.0036 Eh       |
  |   Vbias exponent (α)   :  1.0000 bohr⁻²   |
  :::::::::: starting static MTD  14 ::::::::::
  |   MD simulation time   :    33.0 ps       |
  |   target T             :   400.0 K        |
  |   timestep dt          :     5.0 fs       |
  |   dump interval(trj)   :   100.0 fs       |
  |   SHAKE algorithm      : true (all bonds) |
  |   Vbias prefactor (k)  :  0.0036 Eh       |
  |   Vbias exponent (α)   :  1.0000 bohr⁻²   |
  :::::::::: starting static MTD   9 ::::::::::
  |   MD simulation time   :    33.0 ps       |
  |   target T             :   400.0 K        |
  |   timestep dt          :     5.0 fs       |
  |   dump interval(trj)   :   100.0 fs       |
  |   SHAKE algorithm      : true (all bonds) |
  |   Vbias prefactor (k)  :  0.0036 Eh       |
  |   Vbias exponent (α)   :  1.0000 bohr⁻²   |
  :::::::::: starting static MTD  15 ::::::::::
  |   MD simulation time   :    33.0 ps       |
  |   target T             :   400.0 K        |
  |   timestep dt          :     5.0 fs       |
  |   dump interval(trj)   :   100.0 fs       |
  |   SHAKE algorithm      : true (all bonds) |
  |   Vbias prefactor (k)  :  0.0036 Eh       |
  |   Vbias exponent (α)   :  1.0000 bohr⁻²   |
  :::::::::: starting static MTD  10 ::::::::::
  |   MD simulation time   :    33.0 ps       |
  |   target T             :   400.0 K        |
  |   timestep dt          :     5.0 fs       |
  |   dump interval(trj)   :   100.0 fs       |
  |   SHAKE algorithm      : true (all bonds) |
  |   Vbias prefactor (k)  :  0.0036 Eh       |
  |   Vbias exponent (α)   :  1.0000 bohr⁻²   |
  :::::::::: starting static MTD  13 ::::::::::
  |   MD simulation time   :    33.0 ps       |
  |   target T             :   400.0 K        |
  |   timestep dt          :     5.0 fs       |
  |   dump interval(trj)   :   100.0 fs       |
  |   SHAKE algorithm      : true (all bonds) |
  |   Vbias prefactor (k)  :  0.0036 Eh       |
  |   Vbias exponent (α)   :  1.0000 bohr⁻²   |
  :::::::::: starting static MTD   7 ::::::::::
  |   MD simulation time   :    33.0 ps       |
  |   target T             :   400.0 K        |
  |   timestep dt          :     5.0 fs       |
  |   dump interval(trj)   :   100.0 fs       |
  |   SHAKE algorithm      : true (all bonds) |
  |   Vbias prefactor (k)  :  0.0036 Eh       |
  |   Vbias exponent (α)   :  1.0000 bohr⁻²   |
  :::::::::: starting static MTD  11 ::::::::::
  |   MD simulation time   :    33.0 ps       |
  |   target T             :   400.0 K        |
  |   timestep dt          :     5.0 fs       |
  |   dump interval(trj)   :   100.0 fs       |
  |   SHAKE algorithm      : true (all bonds) |
  |   Vbias prefactor (k)  :  0.0036 Eh       |
  |   Vbias exponent (α)   :  1.0000 bohr⁻²   |
*sMTD  36 completed successfully ...        5 min, 25.078 sec
  :::::::::: starting static MTD  35 ::::::::::
  |   MD simulation time   :    33.0 ps       |
  |   target T             :   400.0 K        |
  |   timestep dt          :     5.0 fs       |
  |   dump interval(trj)   :   100.0 fs       |
  |   SHAKE algorithm      : true (all bonds) |
  |   Vbias prefactor (k)  :  0.0036 Eh       |
  |   Vbias exponent (α)   :  1.0000 bohr⁻²   |
*sMTD  14 completed successfully ...        5 min, 25.797 sec
  :::::::::: starting static MTD  16 ::::::::::
  |   MD simulation time   :    33.0 ps       |
  |   target T             :   400.0 K        |
  |   timestep dt          :     5.0 fs       |
  |   dump interval(trj)   :   100.0 fs       |
  |   SHAKE algorithm      : true (all bonds) |
  |   Vbias prefactor (k)  :  0.0036 Eh       |
  |   Vbias exponent (α)   :  1.0000 bohr⁻²   |
*sMTD   4 completed successfully ...        5 min, 25.847 sec
  :::::::::: starting static MTD  17 ::::::::::
  |   MD simulation time   :    33.0 ps       |
  |   target T             :   400.0 K        |
  |   timestep dt          :     5.0 fs       |
  |   dump interval(trj)   :   100.0 fs       |
  |   SHAKE algorithm      : true (all bonds) |
  |   Vbias prefactor (k)  :  0.0036 Eh       |
  |   Vbias exponent (α)   :  1.0000 bohr⁻²   |
*sMTD  11 completed successfully ...        5 min, 26.006 sec
  :::::::::: starting static MTD  18 ::::::::::
  |   MD simulation time   :    33.0 ps       |
  |   target T             :   400.0 K        |
  |   timestep dt          :     5.0 fs       |
  |   dump interval(trj)   :   100.0 fs       |
  |   SHAKE algorithm      : true (all bonds) |
  |   Vbias prefactor (k)  :  0.0036 Eh       |
  |   Vbias exponent (α)   :  1.0000 bohr⁻²   |
*sMTD   7 completed successfully ...        5 min, 26.410 sec
  :::::::::: starting static MTD  19 ::::::::::
  |   MD simulation time   :    33.0 ps       |
  |   target T             :   400.0 K        |
  |   timestep dt          :     5.0 fs       |
  |   dump interval(trj)   :   100.0 fs       |
  |   SHAKE algorithm      : true (all bonds) |
  |   Vbias prefactor (k)  :  0.0036 Eh       |
  |   Vbias exponent (α)   :  1.0000 bohr⁻²   |
*sMTD  15 completed successfully ...        5 min, 26.433 sec
  :::::::::: starting static MTD  20 ::::::::::
  |   MD simulation time   :    33.0 ps       |
  |   target T             :   400.0 K        |
  |   timestep dt          :     5.0 fs       |
  |   dump interval(trj)   :   100.0 fs       |
  |   SHAKE algorithm      : true (all bonds) |
  |   Vbias prefactor (k)  :  0.0036 Eh       |
  |   Vbias exponent (α)   :  1.0000 bohr⁻²   |
*sMTD   2 completed successfully ...        5 min, 26.440 sec
  :::::::::: starting static MTD  21 ::::::::::
  |   MD simulation time   :    33.0 ps       |
  |   target T             :   400.0 K        |
  |   timestep dt          :     5.0 fs       |
  |   dump interval(trj)   :   100.0 fs       |
  |   SHAKE algorithm      : true (all bonds) |
  |   Vbias prefactor (k)  :  0.0036 Eh       |
  |   Vbias exponent (α)   :  1.0000 bohr⁻²   |
*sMTD   1 completed successfully ...        5 min, 26.444 sec
  :::::::::: starting static MTD  22 ::::::::::
  |   MD simulation time   :    33.0 ps       |
  |   target T             :   400.0 K        |
  |   timestep dt          :     5.0 fs       |
  |   dump interval(trj)   :   100.0 fs       |
  |   SHAKE algorithm      : true (all bonds) |
  |   Vbias prefactor (k)  :  0.0036 Eh       |
  |   Vbias exponent (α)   :  1.0000 bohr⁻²   |
*sMTD  10 completed successfully ...        5 min, 26.509 sec
  :::::::::: starting static MTD  23 ::::::::::
  |   MD simulation time   :    33.0 ps       |
  |   target T             :   400.0 K        |
  |   timestep dt          :     5.0 fs       |
  |   dump interval(trj)   :   100.0 fs       |
  |   SHAKE algorithm      : true (all bonds) |
  |   Vbias prefactor (k)  :  0.0036 Eh       |
  |   Vbias exponent (α)   :  1.0000 bohr⁻²   |
*sMTD  12 completed successfully ...        5 min, 26.693 sec
  :::::::::: starting static MTD  24 ::::::::::
  |   MD simulation time   :    33.0 ps       |
  |   target T             :   400.0 K        |
  |   timestep dt          :     5.0 fs       |
  |   dump interval(trj)   :   100.0 fs       |
  |   SHAKE algorithm      : true (all bonds) |
  |   Vbias prefactor (k)  :  0.0036 Eh       |
  |   Vbias exponent (α)   :  1.0000 bohr⁻²   |
*sMTD  13 completed successfully ...        5 min, 26.696 sec
  :::::::::: starting static MTD  25 ::::::::::
  |   MD simulation time   :    33.0 ps       |
  |   target T             :   400.0 K        |
  |   timestep dt          :     5.0 fs       |
  |   dump interval(trj)   :   100.0 fs       |
  |   SHAKE algorithm      : true (all bonds) |
  |   Vbias prefactor (k)  :  0.0036 Eh       |
  |   Vbias exponent (α)   :  1.0000 bohr⁻²   |
*sMTD   6 completed successfully ...        5 min, 26.913 sec
  :::::::::: starting static MTD  26 ::::::::::
  |   MD simulation time   :    33.0 ps       |
  |   target T             :   400.0 K        |
  |   timestep dt          :     5.0 fs       |
  |   dump interval(trj)   :   100.0 fs       |
  |   SHAKE algorithm      : true (all bonds) |
  |   Vbias prefactor (k)  :  0.0036 Eh       |
  |   Vbias exponent (α)   :  1.0000 bohr⁻²   |
*sMTD   3 completed successfully ...        5 min, 27.118 sec
  :::::::::: starting static MTD  27 ::::::::::
  |   MD simulation time   :    33.0 ps       |
  |   target T             :   400.0 K        |
  |   timestep dt          :     5.0 fs       |
  |   dump interval(trj)   :   100.0 fs       |
  |   SHAKE algorithm      : true (all bonds) |
  |   Vbias prefactor (k)  :  0.0036 Eh       |
  |   Vbias exponent (α)   :  1.0000 bohr⁻²   |
*sMTD   8 completed successfully ...        5 min, 27.163 sec
  :::::::::: starting static MTD  28 ::::::::::
  |   MD simulation time   :    33.0 ps       |
  |   target T             :   400.0 K        |
  |   timestep dt          :     5.0 fs       |
  |   dump interval(trj)   :   100.0 fs       |
  |   SHAKE algorithm      : true (all bonds) |
  |   Vbias prefactor (k)  :  0.0036 Eh       |
  |   Vbias exponent (α)   :  1.0000 bohr⁻²   |
*sMTD   9 completed successfully ...        5 min, 28.109 sec
  :::::::::: starting static MTD  29 ::::::::::
  |   MD simulation time   :    33.0 ps       |
  |   target T             :   400.0 K        |
  |   timestep dt          :     5.0 fs       |
  |   dump interval(trj)   :   100.0 fs       |
  |   SHAKE algorithm      : true (all bonds) |
  |   Vbias prefactor (k)  :  0.0036 Eh       |
  |   Vbias exponent (α)   :  1.0000 bohr⁻²   |
*sMTD   5 completed successfully ...        5 min, 28.864 sec
  :::::::::: starting static MTD  30 ::::::::::
  |   MD simulation time   :    33.0 ps       |
  |   target T             :   400.0 K        |
  |   timestep dt          :     5.0 fs       |
  |   dump interval(trj)   :   100.0 fs       |
  |   SHAKE algorithm      : true (all bonds) |
  |   Vbias prefactor (k)  :  0.0036 Eh       |
  |   Vbias exponent (α)   :  1.0000 bohr⁻²   |
*sMTD  35 completed successfully ...        5 min, 25.706 sec
  :::::::::: starting static MTD  34 ::::::::::
  |   MD simulation time   :    33.0 ps       |
  |   target T             :   400.0 K        |
  |   timestep dt          :     5.0 fs       |
  |   dump interval(trj)   :   100.0 fs       |
  |   SHAKE algorithm      : true (all bonds) |
  |   Vbias prefactor (k)  :  0.0036 Eh       |
  |   Vbias exponent (α)   :  1.0000 bohr⁻²   |
*sMTD  17 completed successfully ...        5 min, 26.829 sec
  :::::::::: starting static MTD  31 ::::::::::
  |   MD simulation time   :    33.0 ps       |
  |   target T             :   400.0 K        |
  |   timestep dt          :     5.0 fs       |
  |   dump interval(trj)   :   100.0 fs       |
  |   SHAKE algorithm      : true (all bonds) |
  |   Vbias prefactor (k)  :  0.0036 Eh       |
  |   Vbias exponent (α)   :  1.0000 bohr⁻²   |
*sMTD  20 completed successfully ...        5 min, 26.280 sec
  :::::::::: starting static MTD  32 ::::::::::
  |   MD simulation time   :    33.0 ps       |
  |   target T             :   400.0 K        |
  |   timestep dt          :     5.0 fs       |
  |   dump interval(trj)   :   100.0 fs       |
  |   SHAKE algorithm      : true (all bonds) |
  |   Vbias prefactor (k)  :  0.0036 Eh       |
  |   Vbias exponent (α)   :  1.0000 bohr⁻²   |
*sMTD  16 completed successfully ...        5 min, 27.425 sec
  :::::::::: starting static MTD  33 ::::::::::
  |   MD simulation time   :    33.0 ps       |
  |   target T             :   400.0 K        |
  |   timestep dt          :     5.0 fs       |
  |   dump interval(trj)   :   100.0 fs       |
  |   SHAKE algorithm      : true (all bonds) |
  |   Vbias prefactor (k)  :  0.0036 Eh       |
  |   Vbias exponent (α)   :  1.0000 bohr⁻²   |
*sMTD  28 completed successfully ...        5 min, 26.548 sec
*sMTD  24 completed successfully ...        5 min, 27.045 sec
*sMTD  25 completed successfully ...        5 min, 27.459 sec
*sMTD  23 completed successfully ...        5 min, 27.795 sec
*sMTD  21 completed successfully ...        5 min, 27.878 sec
*sMTD  19 completed successfully ...        5 min, 27.945 sec
*sMTD  26 completed successfully ...        5 min, 27.497 sec
*sMTD  22 completed successfully ...        5 min, 28.101 sec
*sMTD  18 completed successfully ...        5 min, 28.998 sec
*sMTD  27 completed successfully ...        5 min, 28.831 sec
*sMTD  29 completed successfully ...        5 min, 27.869 sec
*sMTD  30 completed successfully ...        5 min, 28.738 sec
*sMTD  34 completed successfully ...        3 min, 30.251 sec
*sMTD  32 completed successfully ...        3 min, 29.431 sec
*sMTD  31 completed successfully ...        3 min, 29.943 sec
*sMTD  33 completed successfully ...        3 min, 29.687 sec

 ======================================
 |  Multilevel Ensemble Optimization  |
 ======================================
 Optimizing all 11844 structures from file "crest_rotamers_0.xyz" ...
 ----------------------
 crude pre-optimization
 ----------------------
 Optimization engine: ANCOPT
 Hessian update type: BFGS
 E/G convergence criteria:  0.500E-03 Eh, 0.100E-01 Eh/a0
 maximum optimization steps: 200
 |>0.0% |>2.5% |>5.0% |>7.5% |>10.0% |>12.5% |>15.0% |>17.5% |>20.0% |>22.5% |>25.0% |>27.5% |>30.0% |>32.5% |>35.0% |>37.5% |>40.0% |>42.5% |>45.0% |>47.5% |>50.0% |>52.5% |>55.0% |>57.5% |>60.0% |>62.5% |>65.0% |>67.5% |>70.0% |>72.5% |>75.0% |>77.5% |>80.0% |>82.5% |>85.0% |>87.5% |>90.0% |>92.5% |>95.0% |>97.5% |>100.0%
 done.
> 11844 of 11844 structures successfully optimized (100.0% success)
> Total runtime for 11844 optimizations:
 * wall-time:     0 d,  0 h,  7 min, 53.709 sec
 *  cpu-time:     0 d,  2 h,  1 min, 38.539 sec
 * ratio c/w:    15.407 speedup
> Corresponding to approximately 0.040 sec per processed structure

CREGEN> running RMSDs ... done.
CREGEN> E lowest :   -70.68359
 11635 structures remain within    12.00 kcal/mol window
 ---------------------------------------
 optimization with very tight thresholds
 ---------------------------------------
 Optimization engine: ANCOPT
 Hessian update type: BFGS
 E/G convergence criteria:  0.100E-06 Eh, 0.200E-03 Eh/a0
 maximum optimization steps: 200
 |>0.0% |>2.5% |>5.0% |>7.5% |>10.0% |>12.5% |>15.0% |>17.5% |>20.0% |>22.5% |>25.0% |>27.5% |>30.0% |>32.5% |>35.0% |>37.5% |>40.0% |>42.5% |>45.0% |>47.5% |>50.0% |>52.5% |>55.0% |>57.5% |>60.0% |>62.5% |>65.0% |>67.5% |>70.0% |>72.5% |>75.0% |>77.5% |>80.0% |>82.5% |>85.0% |>87.5% |>90.0% |>92.5% |>95.0% |>97.5% |>100.0%
 done.
> 11389 of 11635 structures successfully optimized (97.9% success)
> Total runtime for 11635 optimizations:
 * wall-time:     0 d,  0 h, 38 min, 27.807 sec
 *  cpu-time:     0 d, 10 h,  2 min, 34.896 sec
 * ratio c/w:    15.666 speedup
> Corresponding to approximately 0.198 sec per processed structure

CREGEN> running RMSDs ... done.
CREGEN> E lowest :   -70.68494
 4811 structures remain within     6.00 kcal/mol window
CREGEN> running RMSDs ... done.
CREGEN> E lowest :   -70.68494

 Static MTD simulation iteration 6 finished
 A total of 4405 conformers (+ 4.18%) in crest_conformers.xyz
 S(approx.) =   12.615858 cal/molK (dS = 0.47%)
 Convergence w.r.t. conformers: F
 Convergence w.r.t. entropy   : T

     H(298.15K)-H(0) (conf)      1.890152
                   Cp(conf)      5.494620
                    S(conf)     12.610585

********************************************************************************
**                     I T E R A T I O N    C Y C L E      7                  **
********************************************************************************
 -------------------------------------------
 determining bias structures via PCA/k-Means
 -------------------------------------------

 84 structures were selected
 done.

 -----------------------------------------------
 determining MTD seed structures via PCA/k-Means
 -----------------------------------------------

 36 structures were selected
 done.


 ===========================================================
 Static MTDs (umbrella sampling) on 36 selected conformer(s)
 ===========================================================
> Using 84 constant RMSD bias potentials per MTD
  :::::::::: starting static MTD   1 ::::::::::
  |   MD simulation time   :    33.0 ps       |
  |   target T             :   400.0 K        |
  |   timestep dt          :     5.0 fs       |
  |   dump interval(trj)   :   100.0 fs       |
  |   SHAKE algorithm      : true (all bonds) |
  |   Vbias prefactor (k)  :  0.0036 Eh       |
  |   Vbias exponent (α)   :  1.0000 bohr⁻²   |
  :::::::::: starting static MTD   2 ::::::::::
  |   MD simulation time   :    33.0 ps       |
  |   target T             :   400.0 K        |
  |   timestep dt          :     5.0 fs       |
  |   dump interval(trj)   :   100.0 fs       |
  |   SHAKE algorithm      : true (all bonds) |
  |   Vbias prefactor (k)  :  0.0036 Eh       |
  |   Vbias exponent (α)   :  1.0000 bohr⁻²   |
  :::::::::: starting static MTD  36 ::::::::::
  |   MD simulation time   :    33.0 ps       |
  |   target T             :   400.0 K        |
  |   timestep dt          :     5.0 fs       |
  |   dump interval(trj)   :   100.0 fs       |
  |   SHAKE algorithm      : true (all bonds) |
  |   Vbias prefactor (k)  :  0.0036 Eh       |
  |   Vbias exponent (α)   :  1.0000 bohr⁻²   |
  :::::::::: starting static MTD  15 ::::::::::
  |   MD simulation time   :    33.0 ps       |
  |   target T             :   400.0 K        |
  |   timestep dt          :     5.0 fs       |
  |   dump interval(trj)   :   100.0 fs       |
  |   SHAKE algorithm      : true (all bonds) |
  |   Vbias prefactor (k)  :  0.0036 Eh       |
  |   Vbias exponent (α)   :  1.0000 bohr⁻²   |
  :::::::::: starting static MTD   9 ::::::::::
  |   MD simulation time   :    33.0 ps       |
  |   target T             :   400.0 K        |
  |   timestep dt          :     5.0 fs       |
  |   dump interval(trj)   :   100.0 fs       |
  |   SHAKE algorithm      : true (all bonds) |
  |   Vbias prefactor (k)  :  0.0036 Eh       |
  |   Vbias exponent (α)   :  1.0000 bohr⁻²   |
  :::::::::: starting static MTD  13 ::::::::::
  |   MD simulation time   :    33.0 ps       |
  |   target T             :   400.0 K        |
  |   timestep dt          :     5.0 fs       |
  |   dump interval(trj)   :   100.0 fs       |
  |   SHAKE algorithm      : true (all bonds) |
  |   Vbias prefactor (k)  :  0.0036 Eh       |
  |   Vbias exponent (α)   :  1.0000 bohr⁻²   |
  :::::::::: starting static MTD  12 ::::::::::
  |   MD simulation time   :    33.0 ps       |
  |   target T             :   400.0 K        |
  |   timestep dt          :     5.0 fs       |
  |   dump interval(trj)   :   100.0 fs       |
  |   SHAKE algorithm      : true (all bonds) |
  |   Vbias prefactor (k)  :  0.0036 Eh       |
  |   Vbias exponent (α)   :  1.0000 bohr⁻²   |
  :::::::::: starting static MTD   4 ::::::::::
  |   MD simulation time   :    33.0 ps       |
  |   target T             :   400.0 K        |
  |   timestep dt          :     5.0 fs       |
  |   dump interval(trj)   :   100.0 fs       |
  |   SHAKE algorithm      : true (all bonds) |
  |   Vbias prefactor (k)  :  0.0036 Eh       |
  |   Vbias exponent (α)   :  1.0000 bohr⁻²   |
  :::::::::: starting static MTD   7 ::::::::::
  |   MD simulation time   :    33.0 ps       |
  |   target T             :   400.0 K        |
  |   timestep dt          :     5.0 fs       |
  |   dump interval(trj)   :   100.0 fs       |
  |   SHAKE algorithm      : true (all bonds) |
  |   Vbias prefactor (k)  :  0.0036 Eh       |
  |   Vbias exponent (α)   :  1.0000 bohr⁻²   |
  :::::::::: starting static MTD  14 ::::::::::
  |   MD simulation time   :    33.0 ps       |
  |   target T             :   400.0 K        |
  |   timestep dt          :     5.0 fs       |
  |   dump interval(trj)   :   100.0 fs       |
  |   SHAKE algorithm      : true (all bonds) |
  |   Vbias prefactor (k)  :  0.0036 Eh       |
  |   Vbias exponent (α)   :  1.0000 bohr⁻²   |
  :::::::::: starting static MTD   3 ::::::::::
  |   MD simulation time   :    33.0 ps       |
  |   target T             :   400.0 K        |
  |   timestep dt          :     5.0 fs       |
  |   dump interval(trj)   :   100.0 fs       |
  |   SHAKE algorithm      : true (all bonds) |
  |   Vbias prefactor (k)  :  0.0036 Eh       |
  |   Vbias exponent (α)   :  1.0000 bohr⁻²   |
  :::::::::: starting static MTD   6 ::::::::::
  |   MD simulation time   :    33.0 ps       |
  |   target T             :   400.0 K        |
  |   timestep dt          :     5.0 fs       |
  |   dump interval(trj)   :   100.0 fs       |
  |   SHAKE algorithm      : true (all bonds) |
  |   Vbias prefactor (k)  :  0.0036 Eh       |
  |   Vbias exponent (α)   :  1.0000 bohr⁻²   |
  :::::::::: starting static MTD   8 ::::::::::
  |   MD simulation time   :    33.0 ps       |
  |   target T             :   400.0 K        |
  |   timestep dt          :     5.0 fs       |
  |   dump interval(trj)   :   100.0 fs       |
  |   SHAKE algorithm      : true (all bonds) |
  |   Vbias prefactor (k)  :  0.0036 Eh       |
  |   Vbias exponent (α)   :  1.0000 bohr⁻²   |
  :::::::::: starting static MTD   5 ::::::::::
  |   MD simulation time   :    33.0 ps       |
  |   target T             :   400.0 K        |
  |   timestep dt          :     5.0 fs       |
  |   dump interval(trj)   :   100.0 fs       |
  |   SHAKE algorithm      : true (all bonds) |
  |   Vbias prefactor (k)  :  0.0036 Eh       |
  |   Vbias exponent (α)   :  1.0000 bohr⁻²   |
  :::::::::: starting static MTD  10 ::::::::::
  |   MD simulation time   :    33.0 ps       |
  |   target T             :   400.0 K        |
  |   timestep dt          :     5.0 fs       |
  |   dump interval(trj)   :   100.0 fs       |
  |   SHAKE algorithm      : true (all bonds) |
  |   Vbias prefactor (k)  :  0.0036 Eh       |
  |   Vbias exponent (α)   :  1.0000 bohr⁻²   |
  :::::::::: starting static MTD  11 ::::::::::
  |   MD simulation time   :    33.0 ps       |
  |   target T             :   400.0 K        |
  |   timestep dt          :     5.0 fs       |
  |   dump interval(trj)   :   100.0 fs       |
  |   SHAKE algorithm      : true (all bonds) |
  |   Vbias prefactor (k)  :  0.0036 Eh       |
  |   Vbias exponent (α)   :  1.0000 bohr⁻²   |
*sMTD  36 completed successfully ...        5 min, 25.531 sec
  :::::::::: starting static MTD  35 ::::::::::
  |   MD simulation time   :    33.0 ps       |
  |   target T             :   400.0 K        |
  |   timestep dt          :     5.0 fs       |
  |   dump interval(trj)   :   100.0 fs       |
  |   SHAKE algorithm      : true (all bonds) |
  |   Vbias prefactor (k)  :  0.0036 Eh       |
  |   Vbias exponent (α)   :  1.0000 bohr⁻²   |
*sMTD   4 completed successfully ...        5 min, 25.641 sec
  :::::::::: starting static MTD  16 ::::::::::
  |   MD simulation time   :    33.0 ps       |
  |   target T             :   400.0 K        |
  |   timestep dt          :     5.0 fs       |
  |   dump interval(trj)   :   100.0 fs       |
  |   SHAKE algorithm      : true (all bonds) |
  |   Vbias prefactor (k)  :  0.0036 Eh       |
  |   Vbias exponent (α)   :  1.0000 bohr⁻²   |
*sMTD   8 completed successfully ...        5 min, 25.864 sec
  :::::::::: starting static MTD  17 ::::::::::
  |   MD simulation time   :    33.0 ps       |
  |   target T             :   400.0 K        |
  |   timestep dt          :     5.0 fs       |
  |   dump interval(trj)   :   100.0 fs       |
  |   SHAKE algorithm      : true (all bonds) |
  |   Vbias prefactor (k)  :  0.0036 Eh       |
  |   Vbias exponent (α)   :  1.0000 bohr⁻²   |
*sMTD  10 completed successfully ...        5 min, 26.064 sec
  :::::::::: starting static MTD  18 ::::::::::
  |   MD simulation time   :    33.0 ps       |
  |   target T             :   400.0 K        |
  |   timestep dt          :     5.0 fs       |
  |   dump interval(trj)   :   100.0 fs       |
  |   SHAKE algorithm      : true (all bonds) |
  |   Vbias prefactor (k)  :  0.0036 Eh       |
  |   Vbias exponent (α)   :  1.0000 bohr⁻²   |
*sMTD  11 completed successfully ...        5 min, 26.306 sec
  :::::::::: starting static MTD  19 ::::::::::
  |   MD simulation time   :    33.0 ps       |
  |   target T             :   400.0 K        |
  |   timestep dt          :     5.0 fs       |
  |   dump interval(trj)   :   100.0 fs       |
  |   SHAKE algorithm      : true (all bonds) |
  |   Vbias prefactor (k)  :  0.0036 Eh       |
  |   Vbias exponent (α)   :  1.0000 bohr⁻²   |
*sMTD   2 completed successfully ...        5 min, 26.365 sec
  :::::::::: starting static MTD  20 ::::::::::
  |   MD simulation time   :    33.0 ps       |
  |   target T             :   400.0 K        |
  |   timestep dt          :     5.0 fs       |
  |   dump interval(trj)   :   100.0 fs       |
  |   SHAKE algorithm      : true (all bonds) |
  |   Vbias prefactor (k)  :  0.0036 Eh       |
  |   Vbias exponent (α)   :  1.0000 bohr⁻²   |
*sMTD  15 completed successfully ...        5 min, 26.875 sec
  :::::::::: starting static MTD  21 ::::::::::
  |   MD simulation time   :    33.0 ps       |
  |   target T             :   400.0 K        |
  |   timestep dt          :     5.0 fs       |
  |   dump interval(trj)   :   100.0 fs       |
  |   SHAKE algorithm      : true (all bonds) |
  |   Vbias prefactor (k)  :  0.0036 Eh       |
  |   Vbias exponent (α)   :  1.0000 bohr⁻²   |
*sMTD   7 completed successfully ...        5 min, 27.055 sec
  :::::::::: starting static MTD  22 ::::::::::
  |   MD simulation time   :    33.0 ps       |
  |   target T             :   400.0 K        |
  |   timestep dt          :     5.0 fs       |
  |   dump interval(trj)   :   100.0 fs       |
  |   SHAKE algorithm      : true (all bonds) |
  |   Vbias prefactor (k)  :  0.0036 Eh       |
  |   Vbias exponent (α)   :  1.0000 bohr⁻²   |
*sMTD   5 completed successfully ...        5 min, 27.071 sec
  :::::::::: starting static MTD  23 ::::::::::
  |   MD simulation time   :    33.0 ps       |
  |   target T             :   400.0 K        |
  |   timestep dt          :     5.0 fs       |
  |   dump interval(trj)   :   100.0 fs       |
  |   SHAKE algorithm      : true (all bonds) |
  |   Vbias prefactor (k)  :  0.0036 Eh       |
  |   Vbias exponent (α)   :  1.0000 bohr⁻²   |
*sMTD  14 completed successfully ...        5 min, 27.073 sec
  :::::::::: starting static MTD  24 ::::::::::
  |   MD simulation time   :    33.0 ps       |
  |   target T             :   400.0 K        |
  |   timestep dt          :     5.0 fs       |
  |   dump interval(trj)   :   100.0 fs       |
  |   SHAKE algorithm      : true (all bonds) |
  |   Vbias prefactor (k)  :  0.0036 Eh       |
  |   Vbias exponent (α)   :  1.0000 bohr⁻²   |
*sMTD  12 completed successfully ...        5 min, 27.270 sec
  :::::::::: starting static MTD  25 ::::::::::
  |   MD simulation time   :    33.0 ps       |
  |   target T             :   400.0 K        |
  |   timestep dt          :     5.0 fs       |
  |   dump interval(trj)   :   100.0 fs       |
  |   SHAKE algorithm      : true (all bonds) |
  |   Vbias prefactor (k)  :  0.0036 Eh       |
  |   Vbias exponent (α)   :  1.0000 bohr⁻²   |
*sMTD   9 completed successfully ...        5 min, 27.300 sec
  :::::::::: starting static MTD  26 ::::::::::
  |   MD simulation time   :    33.0 ps       |
  |   target T             :   400.0 K        |
  |   timestep dt          :     5.0 fs       |
  |   dump interval(trj)   :   100.0 fs       |
  |   SHAKE algorithm      : true (all bonds) |
  |   Vbias prefactor (k)  :  0.0036 Eh       |
  |   Vbias exponent (α)   :  1.0000 bohr⁻²   |
*sMTD   3 completed successfully ...        5 min, 27.440 sec
  :::::::::: starting static MTD  27 ::::::::::
  |   MD simulation time   :    33.0 ps       |
  |   target T             :   400.0 K        |
  |   timestep dt          :     5.0 fs       |
  |   dump interval(trj)   :   100.0 fs       |
  |   SHAKE algorithm      : true (all bonds) |
  |   Vbias prefactor (k)  :  0.0036 Eh       |
  |   Vbias exponent (α)   :  1.0000 bohr⁻²   |
*sMTD  13 completed successfully ...        5 min, 27.448 sec
  :::::::::: starting static MTD  28 ::::::::::
  |   MD simulation time   :    33.0 ps       |
  |   target T             :   400.0 K        |
  |   timestep dt          :     5.0 fs       |
  |   dump interval(trj)   :   100.0 fs       |
  |   SHAKE algorithm      : true (all bonds) |
  |   Vbias prefactor (k)  :  0.0036 Eh       |
  |   Vbias exponent (α)   :  1.0000 bohr⁻²   |
*sMTD   1 completed successfully ...        5 min, 27.699 sec
  :::::::::: starting static MTD  29 ::::::::::
  |   MD simulation time   :    33.0 ps       |
  |   target T             :   400.0 K        |
  |   timestep dt          :     5.0 fs       |
  |   dump interval(trj)   :   100.0 fs       |
  |   SHAKE algorithm      : true (all bonds) |
  |   Vbias prefactor (k)  :  0.0036 Eh       |
  |   Vbias exponent (α)   :  1.0000 bohr⁻²   |
*sMTD   6 completed successfully ...        5 min, 28.532 sec
  :::::::::: starting static MTD  30 ::::::::::
  |   MD simulation time   :    33.0 ps       |
  |   target T             :   400.0 K        |
  |   timestep dt          :     5.0 fs       |
  |   dump interval(trj)   :   100.0 fs       |
  |   SHAKE algorithm      : true (all bonds) |
  |   Vbias prefactor (k)  :  0.0036 Eh       |
  |   Vbias exponent (α)   :  1.0000 bohr⁻²   |
*sMTD  16 completed successfully ...        5 min, 26.822 sec
  :::::::::: starting static MTD  31 ::::::::::
  |   MD simulation time   :    33.0 ps       |
  |   target T             :   400.0 K        |
  |   timestep dt          :     5.0 fs       |
  |   dump interval(trj)   :   100.0 fs       |
  |   SHAKE algorithm      : true (all bonds) |
  |   Vbias prefactor (k)  :  0.0036 Eh       |
  |   Vbias exponent (α)   :  1.0000 bohr⁻²   |
*sMTD  19 completed successfully ...        5 min, 26.215 sec
  :::::::::: starting static MTD  32 ::::::::::
  |   MD simulation time   :    33.0 ps       |
  |   target T             :   400.0 K        |
  |   timestep dt          :     5.0 fs       |
  |   dump interval(trj)   :   100.0 fs       |
  |   SHAKE algorithm      : true (all bonds) |
  |   Vbias prefactor (k)  :  0.0036 Eh       |
  |   Vbias exponent (α)   :  1.0000 bohr⁻²   |
*sMTD  17 completed successfully ...        5 min, 26.667 sec
  :::::::::: starting static MTD  33 ::::::::::
  |   MD simulation time   :    33.0 ps       |
  |   target T             :   400.0 K        |
  |   timestep dt          :     5.0 fs       |
  |   dump interval(trj)   :   100.0 fs       |
  |   SHAKE algorithm      : true (all bonds) |
  |   Vbias prefactor (k)  :  0.0036 Eh       |
  |   Vbias exponent (α)   :  1.0000 bohr⁻²   |
*sMTD  18 completed successfully ...        5 min, 26.634 sec
  :::::::::: starting static MTD  34 ::::::::::
  |   MD simulation time   :    33.0 ps       |
  |   target T             :   400.0 K        |
  |   timestep dt          :     5.0 fs       |
  |   dump interval(trj)   :   100.0 fs       |
  |   SHAKE algorithm      : true (all bonds) |
  |   Vbias prefactor (k)  :  0.0036 Eh       |
  |   Vbias exponent (α)   :  1.0000 bohr⁻²   |
*sMTD  35 completed successfully ...        5 min, 27.311 sec
*sMTD  23 completed successfully ...        5 min, 26.134 sec
*sMTD  20 completed successfully ...        5 min, 27.490 sec
*sMTD  25 completed successfully ...        5 min, 26.737 sec
*sMTD  24 completed successfully ...        5 min, 26.989 sec
*sMTD  27 completed successfully ...        5 min, 26.778 sec
*sMTD  29 completed successfully ...        5 min, 26.655 sec
*sMTD  28 completed successfully ...        5 min, 27.098 sec
*sMTD  22 completed successfully ...        5 min, 27.532 sec
*sMTD  21 completed successfully ...        5 min, 27.826 sec
*sMTD  26 completed successfully ...        5 min, 28.067 sec
*sMTD  30 completed successfully ...        5 min, 28.300 sec
*sMTD  31 completed successfully ...        3 min, 30.292 sec
*sMTD  34 completed successfully ...        3 min, 30.146 sec
*sMTD  33 completed successfully ...        3 min, 30.431 sec
*sMTD  32 completed successfully ...        3 min, 31.154 sec

 ======================================
 |  Multilevel Ensemble Optimization  |
 ======================================
 Optimizing all 11844 structures from file "crest_rotamers_0.xyz" ...
 ----------------------
 crude pre-optimization
 ----------------------
 Optimization engine: ANCOPT
 Hessian update type: BFGS
 E/G convergence criteria:  0.500E-03 Eh, 0.100E-01 Eh/a0
 maximum optimization steps: 200
 |>0.0% |>2.5% |>5.0% |>7.5% |>10.0% |>12.5% |>15.0% |>17.5% |>20.0% |>22.5% |>25.0% |>27.5% |>30.0% |>32.5% |>35.0% |>37.5% |>40.0% |>42.5% |>45.0% |>47.5% |>50.0% |>52.5% |>55.0% |>57.5% |>60.0% |>62.5% |>65.0% |>67.5% |>70.0% |>72.5% |>75.0% |>77.5% |>80.0% |>82.5% |>85.0% |>87.5% |>90.0% |>92.5% |>95.0% |>97.5% |>100.0%
 done.
> 11844 of 11844 structures successfully optimized (100.0% success)
> Total runtime for 11844 optimizations:
 * wall-time:     0 d,  0 h,  7 min, 57.075 sec
 *  cpu-time:     0 d,  2 h,  2 min, 33.874 sec
 * ratio c/w:    15.414 speedup
> Corresponding to approximately 0.040 sec per processed structure

CREGEN> running RMSDs ... done.
CREGEN> E lowest :   -70.68398
 11614 structures remain within    12.00 kcal/mol window
 ---------------------------------------
 optimization with very tight thresholds
 ---------------------------------------
 Optimization engine: ANCOPT
 Hessian update type: BFGS
 E/G convergence criteria:  0.100E-06 Eh, 0.200E-03 Eh/a0
 maximum optimization steps: 200
 |>0.0% |>2.5% |>5.0% |>7.5% |>10.0% |>12.5% |>15.0% |>17.5% |>20.0% |>22.5% |>25.0% |>27.5% |>30.0% |>32.5% |>35.0% |>37.5% |>40.0% |>42.5% |>45.0% |>47.5% |>50.0% |>52.5% |>55.0% |>57.5% |>60.0% |>62.5% |>65.0% |>67.5% |>70.0% |>72.5% |>75.0% |>77.5% |>80.0% |>82.5% |>85.0% |>87.5% |>90.0% |>92.5% |>95.0% |>97.5% |>100.0%
 done.
> 11394 of 11614 structures successfully optimized (98.1% success)
> Total runtime for 11614 optimizations:
 * wall-time:     0 d,  0 h, 38 min,  5.149 sec
 *  cpu-time:     0 d,  9 h, 56 min, 20.828 sec
 * ratio c/w:    15.658 speedup
> Corresponding to approximately 0.197 sec per processed structure

CREGEN> running RMSDs ... done.
CREGEN> E lowest :   -70.68494
 4763 structures remain within     6.00 kcal/mol window
CREGEN> running RMSDs ... done.
CREGEN> E lowest :   -70.68494

 Static MTD simulation iteration 7 finished
 A total of 4565 conformers (+ 3.50%) in crest_conformers.xyz
 S(approx.) =   12.663849 cal/molK (dS = 0.38%)
 Convergence w.r.t. conformers: F
 Convergence w.r.t. entropy   : T

     H(298.15K)-H(0) (conf)      1.893000
                   Cp(conf)      5.547562
                    S(conf)     12.658526

********************************************************************************
**                     I T E R A T I O N    C Y C L E      8                  **
********************************************************************************
 -------------------------------------------
 determining bias structures via PCA/k-Means
 -------------------------------------------

 106 structures were selected
 done.

 -----------------------------------------------
 determining MTD seed structures via PCA/k-Means
 -----------------------------------------------

 36 structures were selected
 done.


 ===========================================================
 Static MTDs (umbrella sampling) on 36 selected conformer(s)
 ===========================================================
> Using 106 constant RMSD bias potentials per MTD
  :::::::::: starting static MTD   1 ::::::::::
  |   MD simulation time   :    33.0 ps       |
  |   target T             :   400.0 K        |
  |   timestep dt          :     5.0 fs       |
  |   dump interval(trj)   :   100.0 fs       |
  |   SHAKE algorithm      : true (all bonds) |
  |   Vbias prefactor (k)  :  0.0036 Eh       |
  |   Vbias exponent (α)   :  1.0000 bohr⁻²   |
  :::::::::: starting static MTD   2 ::::::::::
  |   MD simulation time   :    33.0 ps       |
  |   target T             :   400.0 K        |
  |   timestep dt          :     5.0 fs       |
  |   dump interval(trj)   :   100.0 fs       |
  |   SHAKE algorithm      : true (all bonds) |
  |   Vbias prefactor (k)  :  0.0036 Eh       |
  |   Vbias exponent (α)   :  1.0000 bohr⁻²   |
  :::::::::: starting static MTD  36 ::::::::::
  |   MD simulation time   :    33.0 ps       |
  |   target T             :   400.0 K        |
  |   timestep dt          :     5.0 fs       |
  |   dump interval(trj)   :   100.0 fs       |
  |   SHAKE algorithm      : true (all bonds) |
  |   Vbias prefactor (k)  :  0.0036 Eh       |
  |   Vbias exponent (α)   :  1.0000 bohr⁻²   |
  :::::::::: starting static MTD   4 ::::::::::
  |   MD simulation time   :    33.0 ps       |
  |   target T             :   400.0 K        |
  |   timestep dt          :     5.0 fs       |
  |   dump interval(trj)   :   100.0 fs       |
  |   SHAKE algorithm      : true (all bonds) |
  |   Vbias prefactor (k)  :  0.0036 Eh       |
  |   Vbias exponent (α)   :  1.0000 bohr⁻²   |
  :::::::::: starting static MTD   7 ::::::::::
  |   MD simulation time   :    33.0 ps       |
  |   target T             :   400.0 K        |
  |   timestep dt          :     5.0 fs       |
  |   dump interval(trj)   :   100.0 fs       |
  |   SHAKE algorithm      : true (all bonds) |
  |   Vbias prefactor (k)  :  0.0036 Eh       |
  |   Vbias exponent (α)   :  1.0000 bohr⁻²   |
  :::::::::: starting static MTD   3 ::::::::::
  |   MD simulation time   :    33.0 ps       |
  |   target T             :   400.0 K        |
  |   timestep dt          :     5.0 fs       |
  |   dump interval(trj)   :   100.0 fs       |
  |   SHAKE algorithm      : true (all bonds) |
  |   Vbias prefactor (k)  :  0.0036 Eh       |
  |   Vbias exponent (α)   :  1.0000 bohr⁻²   |
  :::::::::: starting static MTD  14 ::::::::::
  |   MD simulation time   :    33.0 ps       |
  |   target T             :   400.0 K        |
  |   timestep dt          :     5.0 fs       |
  |   dump interval(trj)   :   100.0 fs       |
  |   SHAKE algorithm      : true (all bonds) |
  |   Vbias prefactor (k)  :  0.0036 Eh       |
  |   Vbias exponent (α)   :  1.0000 bohr⁻²   |
  :::::::::: starting static MTD   8 ::::::::::
  |   MD simulation time   :    33.0 ps       |
  |   target T             :   400.0 K        |
  |   timestep dt          :     5.0 fs       |
  |   dump interval(trj)   :   100.0 fs       |
  |   SHAKE algorithm      : true (all bonds) |
  |   Vbias prefactor (k)  :  0.0036 Eh       |
  |   Vbias exponent (α)   :  1.0000 bohr⁻²   |
  :::::::::: starting static MTD  15 ::::::::::
  |   MD simulation time   :    33.0 ps       |
  |   target T             :   400.0 K        |
  |   timestep dt          :     5.0 fs       |
  |   dump interval(trj)   :   100.0 fs       |
  |   SHAKE algorithm      : true (all bonds) |
  |   Vbias prefactor (k)  :  0.0036 Eh       |
  |   Vbias exponent (α)   :  1.0000 bohr⁻²   |
  :::::::::: starting static MTD  10 ::::::::::
  |   MD simulation time   :    33.0 ps       |
  |   target T             :   400.0 K        |
  |   timestep dt          :     5.0 fs       |
  |   dump interval(trj)   :   100.0 fs       |
  |   SHAKE algorithm      : true (all bonds) |
  |   Vbias prefactor (k)  :  0.0036 Eh       |
  |   Vbias exponent (α)   :  1.0000 bohr⁻²   |
  :::::::::: starting static MTD  13 ::::::::::
  |   MD simulation time   :    33.0 ps       |
  |   target T             :   400.0 K        |
  |   timestep dt          :     5.0 fs       |
  |   dump interval(trj)   :   100.0 fs       |
  |   SHAKE algorithm      : true (all bonds) |
  |   Vbias prefactor (k)  :  0.0036 Eh       |
  |   Vbias exponent (α)   :  1.0000 bohr⁻²   |
  :::::::::: starting static MTD  11 ::::::::::
  |   MD simulation time   :    33.0 ps       |
  |   target T             :   400.0 K        |
  |   timestep dt          :     5.0 fs       |
  |   dump interval(trj)   :   100.0 fs       |
  |   SHAKE algorithm      : true (all bonds) |
  |   Vbias prefactor (k)  :  0.0036 Eh       |
  |   Vbias exponent (α)   :  1.0000 bohr⁻²   |
  :::::::::: starting static MTD   6 ::::::::::
  |   MD simulation time   :    33.0 ps       |
  |   target T             :   400.0 K        |
  |   timestep dt          :     5.0 fs       |
  |   dump interval(trj)   :   100.0 fs       |
  |   SHAKE algorithm      : true (all bonds) |
  |   Vbias prefactor (k)  :  0.0036 Eh       |
  |   Vbias exponent (α)   :  1.0000 bohr⁻²   |
  :::::::::: starting static MTD  12 ::::::::::
  |   MD simulation time   :    33.0 ps       |
  |   target T             :   400.0 K        |
  |   timestep dt          :     5.0 fs       |
  |   dump interval(trj)   :   100.0 fs       |
  |   SHAKE algorithm      : true (all bonds) |
  |   Vbias prefactor (k)  :  0.0036 Eh       |
  |   Vbias exponent (α)   :  1.0000 bohr⁻²   |
  :::::::::: starting static MTD   5 ::::::::::
  |   MD simulation time   :    33.0 ps       |
  |   target T             :   400.0 K        |
  |   timestep dt          :     5.0 fs       |
  |   dump interval(trj)   :   100.0 fs       |
  |   SHAKE algorithm      : true (all bonds) |
  |   Vbias prefactor (k)  :  0.0036 Eh       |
  |   Vbias exponent (α)   :  1.0000 bohr⁻²   |
  :::::::::: starting static MTD   9 ::::::::::
  |   MD simulation time   :    33.0 ps       |
  |   target T             :   400.0 K        |
  |   timestep dt          :     5.0 fs       |
  |   dump interval(trj)   :   100.0 fs       |
  |   SHAKE algorithm      : true (all bonds) |
  |   Vbias prefactor (k)  :  0.0036 Eh       |
  |   Vbias exponent (α)   :  1.0000 bohr⁻²   |
*sMTD  14 completed successfully ...        5 min, 25.409 sec
  :::::::::: starting static MTD  16 ::::::::::
  |   MD simulation time   :    33.0 ps       |
  |   target T             :   400.0 K        |
  |   timestep dt          :     5.0 fs       |
  |   dump interval(trj)   :   100.0 fs       |
  |   SHAKE algorithm      : true (all bonds) |
  |   Vbias prefactor (k)  :  0.0036 Eh       |
  |   Vbias exponent (α)   :  1.0000 bohr⁻²   |
*sMTD   3 completed successfully ...        5 min, 25.512 sec
  :::::::::: starting static MTD  17 ::::::::::
  |   MD simulation time   :    33.0 ps       |
  |   target T             :   400.0 K        |
  |   timestep dt          :     5.0 fs       |
  |   dump interval(trj)   :   100.0 fs       |
  |   SHAKE algorithm      : true (all bonds) |
  |   Vbias prefactor (k)  :  0.0036 Eh       |
  |   Vbias exponent (α)   :  1.0000 bohr⁻²   |
*sMTD   6 completed successfully ...        5 min, 26.714 sec
  :::::::::: starting static MTD  18 ::::::::::
  |   MD simulation time   :    33.0 ps       |
  |   target T             :   400.0 K        |
  |   timestep dt          :     5.0 fs       |
  |   dump interval(trj)   :   100.0 fs       |
  |   SHAKE algorithm      : true (all bonds) |
  |   Vbias prefactor (k)  :  0.0036 Eh       |
  |   Vbias exponent (α)   :  1.0000 bohr⁻²   |
*sMTD  13 completed successfully ...        5 min, 26.841 sec
  :::::::::: starting static MTD  19 ::::::::::
  |   MD simulation time   :    33.0 ps       |
  |   target T             :   400.0 K        |
  |   timestep dt          :     5.0 fs       |
  |   dump interval(trj)   :   100.0 fs       |
  |   SHAKE algorithm      : true (all bonds) |
  |   Vbias prefactor (k)  :  0.0036 Eh       |
  |   Vbias exponent (α)   :  1.0000 bohr⁻²   |
*sMTD  15 completed successfully ...        5 min, 26.843 sec
  :::::::::: starting static MTD  20 ::::::::::
  |   MD simulation time   :    33.0 ps       |
  |   target T             :   400.0 K        |
  |   timestep dt          :     5.0 fs       |
  |   dump interval(trj)   :   100.0 fs       |
  |   SHAKE algorithm      : true (all bonds) |
  |   Vbias prefactor (k)  :  0.0036 Eh       |
  |   Vbias exponent (α)   :  1.0000 bohr⁻²   |
*sMTD  12 completed successfully ...        5 min, 26.864 sec
  :::::::::: starting static MTD  21 ::::::::::
  |   MD simulation time   :    33.0 ps       |
  |   target T             :   400.0 K        |
  |   timestep dt          :     5.0 fs       |
  |   dump interval(trj)   :   100.0 fs       |
  |   SHAKE algorithm      : true (all bonds) |
  |   Vbias prefactor (k)  :  0.0036 Eh       |
  |   Vbias exponent (α)   :  1.0000 bohr⁻²   |
*sMTD   2 completed successfully ...        5 min, 27.199 sec
  :::::::::: starting static MTD  22 ::::::::::
  |   MD simulation time   :    33.0 ps       |
  |   target T             :   400.0 K        |
  |   timestep dt          :     5.0 fs       |
  |   dump interval(trj)   :   100.0 fs       |
  |   SHAKE algorithm      : true (all bonds) |
  |   Vbias prefactor (k)  :  0.0036 Eh       |
  |   Vbias exponent (α)   :  1.0000 bohr⁻²   |
*sMTD  36 completed successfully ...        5 min, 27.279 sec
  :::::::::: starting static MTD  35 ::::::::::
  |   MD simulation time   :    33.0 ps       |
  |   target T             :   400.0 K        |
  |   timestep dt          :     5.0 fs       |
  |   dump interval(trj)   :   100.0 fs       |
  |   SHAKE algorithm      : true (all bonds) |
  |   Vbias prefactor (k)  :  0.0036 Eh       |
  |   Vbias exponent (α)   :  1.0000 bohr⁻²   |
*sMTD  11 completed successfully ...        5 min, 27.356 sec
  :::::::::: starting static MTD  23 ::::::::::
  |   MD simulation time   :    33.0 ps       |
  |   target T             :   400.0 K        |
  |   timestep dt          :     5.0 fs       |
  |   dump interval(trj)   :   100.0 fs       |
  |   SHAKE algorithm      : true (all bonds) |
  |   Vbias prefactor (k)  :  0.0036 Eh       |
  |   Vbias exponent (α)   :  1.0000 bohr⁻²   |
*sMTD   5 completed successfully ...        5 min, 27.383 sec
  :::::::::: starting static MTD  24 ::::::::::
  |   MD simulation time   :    33.0 ps       |
  |   target T             :   400.0 K        |
  |   timestep dt          :     5.0 fs       |
  |   dump interval(trj)   :   100.0 fs       |
  |   SHAKE algorithm      : true (all bonds) |
  |   Vbias prefactor (k)  :  0.0036 Eh       |
  |   Vbias exponent (α)   :  1.0000 bohr⁻²   |
*sMTD   1 completed successfully ...        5 min, 27.688 sec
  :::::::::: starting static MTD  25 ::::::::::
  |   MD simulation time   :    33.0 ps       |
  |   target T             :   400.0 K        |
  |   timestep dt          :     5.0 fs       |
  |   dump interval(trj)   :   100.0 fs       |
  |   SHAKE algorithm      : true (all bonds) |
  |   Vbias prefactor (k)  :  0.0036 Eh       |
  |   Vbias exponent (α)   :  1.0000 bohr⁻²   |
*sMTD  10 completed successfully ...        5 min, 27.751 sec
  :::::::::: starting static MTD  26 ::::::::::
  |   MD simulation time   :    33.0 ps       |
  |   target T             :   400.0 K        |
  |   timestep dt          :     5.0 fs       |
  |   dump interval(trj)   :   100.0 fs       |
  |   SHAKE algorithm      : true (all bonds) |
  |   Vbias prefactor (k)  :  0.0036 Eh       |
  |   Vbias exponent (α)   :  1.0000 bohr⁻²   |
*sMTD   9 completed successfully ...        5 min, 27.768 sec
  :::::::::: starting static MTD  27 ::::::::::
  |   MD simulation time   :    33.0 ps       |
  |   target T             :   400.0 K        |
  |   timestep dt          :     5.0 fs       |
  |   dump interval(trj)   :   100.0 fs       |
  |   SHAKE algorithm      : true (all bonds) |
  |   Vbias prefactor (k)  :  0.0036 Eh       |
  |   Vbias exponent (α)   :  1.0000 bohr⁻²   |
*sMTD   8 completed successfully ...        5 min, 27.859 sec
  :::::::::: starting static MTD  28 ::::::::::
  |   MD simulation time   :    33.0 ps       |
  |   target T             :   400.0 K        |
  |   timestep dt          :     5.0 fs       |
  |   dump interval(trj)   :   100.0 fs       |
  |   SHAKE algorithm      : true (all bonds) |
  |   Vbias prefactor (k)  :  0.0036 Eh       |
  |   Vbias exponent (α)   :  1.0000 bohr⁻²   |
*sMTD   4 completed successfully ...        5 min, 28.411 sec
  :::::::::: starting static MTD  29 ::::::::::
  |   MD simulation time   :    33.0 ps       |
  |   target T             :   400.0 K        |
  |   timestep dt          :     5.0 fs       |
  |   dump interval(trj)   :   100.0 fs       |
  |   SHAKE algorithm      : true (all bonds) |
  |   Vbias prefactor (k)  :  0.0036 Eh       |
  |   Vbias exponent (α)   :  1.0000 bohr⁻²   |
*sMTD   7 completed successfully ...        5 min, 29.020 sec
  :::::::::: starting static MTD  30 ::::::::::
  |   MD simulation time   :    33.0 ps       |
  |   target T             :   400.0 K        |
  |   timestep dt          :     5.0 fs       |
  |   dump interval(trj)   :   100.0 fs       |
  |   SHAKE algorithm      : true (all bonds) |
  |   Vbias prefactor (k)  :  0.0036 Eh       |
  |   Vbias exponent (α)   :  1.0000 bohr⁻²   |
*sMTD  17 completed successfully ...        5 min, 25.120 sec
  :::::::::: starting static MTD  31 ::::::::::
  |   MD simulation time   :    33.0 ps       |
  |   target T             :   400.0 K        |
  |   timestep dt          :     5.0 fs       |
  |   dump interval(trj)   :   100.0 fs       |
  |   SHAKE algorithm      : true (all bonds) |
  |   Vbias prefactor (k)  :  0.0036 Eh       |
  |   Vbias exponent (α)   :  1.0000 bohr⁻²   |
*sMTD  24 completed successfully ...        5 min, 24.987 sec
  :::::::::: starting static MTD  32 ::::::::::
  |   MD simulation time   :    33.0 ps       |
  |   target T             :   400.0 K        |
  |   timestep dt          :     5.0 fs       |
  |   dump interval(trj)   :   100.0 fs       |
  |   SHAKE algorithm      : true (all bonds) |
  |   Vbias prefactor (k)  :  0.0036 Eh       |
  |   Vbias exponent (α)   :  1.0000 bohr⁻²   |
*sMTD  18 completed successfully ...        5 min, 26.112 sec
  :::::::::: starting static MTD  33 ::::::::::
  |   MD simulation time   :    33.0 ps       |
  |   target T             :   400.0 K        |
  |   timestep dt          :     5.0 fs       |
  |   dump interval(trj)   :   100.0 fs       |
  |   SHAKE algorithm      : true (all bonds) |
  |   Vbias prefactor (k)  :  0.0036 Eh       |
  |   Vbias exponent (α)   :  1.0000 bohr⁻²   |
*sMTD  16 completed successfully ...        5 min, 27.846 sec
  :::::::::: starting static MTD  34 ::::::::::
  |   MD simulation time   :    33.0 ps       |
  |   target T             :   400.0 K        |
  |   timestep dt          :     5.0 fs       |
  |   dump interval(trj)   :   100.0 fs       |
  |   SHAKE algorithm      : true (all bonds) |
  |   Vbias prefactor (k)  :  0.0036 Eh       |
  |   Vbias exponent (α)   :  1.0000 bohr⁻²   |
*sMTD  21 completed successfully ...        5 min, 26.461 sec
*sMTD  35 completed successfully ...        5 min, 26.503 sec
*sMTD  20 completed successfully ...        5 min, 27.008 sec
*sMTD  22 completed successfully ...        5 min, 26.676 sec
*sMTD  23 completed successfully ...        5 min, 26.937 sec
*sMTD  19 completed successfully ...        5 min, 27.519 sec
*sMTD  26 completed successfully ...        5 min, 26.637 sec
*sMTD  25 completed successfully ...        5 min, 26.723 sec
*sMTD  27 completed successfully ...        5 min, 26.973 sec
*sMTD  29 completed successfully ...        5 min, 26.450 sec
*sMTD  28 completed successfully ...        5 min, 27.742 sec
*sMTD  30 completed successfully ...        5 min, 27.045 sec
*sMTD  31 completed successfully ...        3 min, 32.521 sec
*sMTD  34 completed successfully ...        3 min, 30.942 sec
*sMTD  33 completed successfully ...        3 min, 31.914 sec
*sMTD  32 completed successfully ...        3 min, 32.422 sec

 ======================================
 |  Multilevel Ensemble Optimization  |
 ======================================
 Optimizing all 11844 structures from file "crest_rotamers_0.xyz" ...
 ----------------------
 crude pre-optimization
 ----------------------
 Optimization engine: ANCOPT
 Hessian update type: BFGS
 E/G convergence criteria:  0.500E-03 Eh, 0.100E-01 Eh/a0
 maximum optimization steps: 200
 |>0.0% |>2.5% |>5.0% |>7.5% |>10.0% |>12.5% |>15.0% |>17.5% |>20.0% |>22.5% |>25.0% |>27.5% |>30.0% |>32.5% |>35.0% |>37.5% |>40.0% |>42.5% |>45.0% |>47.5% |>50.0% |>52.5% |>55.0% |>57.5% |>60.0% |>62.5% |>65.0% |>67.5% |>70.0% |>72.5% |>75.0% |>77.5% |>80.0% |>82.5% |>85.0% |>87.5% |>90.0% |>92.5% |>95.0% |>97.5% |>100.0%
 done.
> 11844 of 11844 structures successfully optimized (100.0% success)
> Total runtime for 11844 optimizations:
 * wall-time:     0 d,  0 h,  8 min,  4.696 sec
 *  cpu-time:     0 d,  2 h,  4 min, 28.736 sec
 * ratio c/w:    15.409 speedup
> Corresponding to approximately 0.041 sec per processed structure

CREGEN> running RMSDs ... done.
CREGEN> E lowest :   -70.68380
 11660 structures remain within    12.00 kcal/mol window
 ---------------------------------------
 optimization with very tight thresholds
 ---------------------------------------
 Optimization engine: ANCOPT
 Hessian update type: BFGS
 E/G convergence criteria:  0.100E-06 Eh, 0.200E-03 Eh/a0
 maximum optimization steps: 200
 |>0.0% |>2.5% |>5.0% |>7.5% |>10.0% |>12.5% |>15.0% |>17.5% |>20.0% |>22.5% |>25.0% |>27.5% |>30.0% |>32.5% |>35.0% |>37.5% |>40.0% |>42.5% |>45.0% |>47.5% |>50.0% |>52.5% |>55.0% |>57.5% |>60.0% |>62.5% |>65.0% |>67.5% |>70.0% |>72.5% |>75.0% |>77.5% |>80.0% |>82.5% |>85.0% |>87.5% |>90.0% |>92.5% |>95.0% |>97.5% |>100.0%
 done.
> 11373 of 11660 structures successfully optimized (97.5% success)
> Total runtime for 11660 optimizations:
 * wall-time:     0 d,  0 h, 40 min,  9.726 sec
 *  cpu-time:     0 d, 10 h, 29 min, 11.236 sec
 * ratio c/w:    15.666 speedup
> Corresponding to approximately 0.207 sec per processed structure

CREGEN> running RMSDs ... done.
CREGEN> E lowest :   -70.68493
 4695 structures remain within     6.00 kcal/mol window
CREGEN> running RMSDs ... done.
CREGEN> E lowest :   -70.68494

 Static MTD simulation iteration 8 finished
 A total of 4691 conformers (+ 2.69%) in crest_conformers.xyz
 S(approx.) =   12.703444 cal/molK (dS = 0.31%)
 Convergence w.r.t. conformers: F
 Convergence w.r.t. entropy   : T

     H(298.15K)-H(0) (conf)      1.899923
                   Cp(conf)      5.544961
                    S(conf)     12.698109

********************************************************************************
**                     I T E R A T I O N    C Y C L E      9                  **
********************************************************************************
 -------------------------------------------
 determining bias structures via PCA/k-Means
 -------------------------------------------

 133 structures were selected
 done.

 -----------------------------------------------
 determining MTD seed structures via PCA/k-Means
 -----------------------------------------------

 36 structures were selected
 done.


 ===========================================================
 Static MTDs (umbrella sampling) on 36 selected conformer(s)
 ===========================================================
> Using 133 constant RMSD bias potentials per MTD
  :::::::::: starting static MTD   1 ::::::::::
  |   MD simulation time   :    33.0 ps       |
  |   target T             :   400.0 K        |
  |   timestep dt          :     5.0 fs       |
  |   dump interval(trj)   :   100.0 fs       |
  |   SHAKE algorithm      : true (all bonds) |
  |   Vbias prefactor (k)  :  0.0036 Eh       |
  |   Vbias exponent (α)   :  1.0000 bohr⁻²   |
  :::::::::: starting static MTD   2 ::::::::::
  |   MD simulation time   :    33.0 ps       |
  |   target T             :   400.0 K        |
  |   timestep dt          :     5.0 fs       |
  |   dump interval(trj)   :   100.0 fs       |
  |   SHAKE algorithm      : true (all bonds) |
  |   Vbias prefactor (k)  :  0.0036 Eh       |
  |   Vbias exponent (α)   :  1.0000 bohr⁻²   |
  :::::::::: starting static MTD  36 ::::::::::
  |   MD simulation time   :    33.0 ps       |
  |   target T             :   400.0 K        |
  |   timestep dt          :     5.0 fs       |
  |   dump interval(trj)   :   100.0 fs       |
  |   SHAKE algorithm      : true (all bonds) |
  |   Vbias prefactor (k)  :  0.0036 Eh       |
  |   Vbias exponent (α)   :  1.0000 bohr⁻²   |
  :::::::::: starting static MTD   5 ::::::::::
  |   MD simulation time   :    33.0 ps       |
  |   target T             :   400.0 K        |
  |   timestep dt          :     5.0 fs       |
  |   dump interval(trj)   :   100.0 fs       |
  |   SHAKE algorithm      : true (all bonds) |
  |   Vbias prefactor (k)  :  0.0036 Eh       |
  |   Vbias exponent (α)   :  1.0000 bohr⁻²   |
  :::::::::: starting static MTD   4 ::::::::::
  |   MD simulation time   :    33.0 ps       |
  |   target T             :   400.0 K        |
  |   timestep dt          :     5.0 fs       |
  |   dump interval(trj)   :   100.0 fs       |
  |   SHAKE algorithm      : true (all bonds) |
  |   Vbias prefactor (k)  :  0.0036 Eh       |
  |   Vbias exponent (α)   :  1.0000 bohr⁻²   |
  :::::::::: starting static MTD  10 ::::::::::
  |   MD simulation time   :    33.0 ps       |
  |   target T             :   400.0 K        |
  |   timestep dt          :     5.0 fs       |
  |   dump interval(trj)   :   100.0 fs       |
  |   SHAKE algorithm      : true (all bonds) |
  |   Vbias prefactor (k)  :  0.0036 Eh       |
  |   Vbias exponent (α)   :  1.0000 bohr⁻²   |
  :::::::::: starting static MTD   3 ::::::::::
  |   MD simulation time   :    33.0 ps       |
  |   target T             :   400.0 K        |
  |   timestep dt          :     5.0 fs       |
  |   dump interval(trj)   :   100.0 fs       |
  |   SHAKE algorithm      : true (all bonds) |
  |   Vbias prefactor (k)  :  0.0036 Eh       |
  |   Vbias exponent (α)   :  1.0000 bohr⁻²   |
  :::::::::: starting static MTD  11 ::::::::::
  |   MD simulation time   :    33.0 ps       |
  |   target T             :   400.0 K        |
  |   timestep dt          :     5.0 fs       |
  |   dump interval(trj)   :   100.0 fs       |
  |   SHAKE algorithm      : true (all bonds) |
  |   Vbias prefactor (k)  :  0.0036 Eh       |
  |   Vbias exponent (α)   :  1.0000 bohr⁻²   |
  :::::::::: starting static MTD   7 ::::::::::
  |   MD simulation time   :    33.0 ps       |
  |   target T             :   400.0 K        |
  |   timestep dt          :     5.0 fs       |
  |   dump interval(trj)   :   100.0 fs       |
  |   SHAKE algorithm      : true (all bonds) |
  |   Vbias prefactor (k)  :  0.0036 Eh       |
  |   Vbias exponent (α)   :  1.0000 bohr⁻²   |
  :::::::::: starting static MTD  12 ::::::::::
  |   MD simulation time   :    33.0 ps       |
  |   target T             :   400.0 K        |
  |   timestep dt          :     5.0 fs       |
  |   dump interval(trj)   :   100.0 fs       |
  |   SHAKE algorithm      : true (all bonds) |
  |   Vbias prefactor (k)  :  0.0036 Eh       |
  |   Vbias exponent (α)   :  1.0000 bohr⁻²   |
  :::::::::: starting static MTD  15 ::::::::::
  |   MD simulation time   :    33.0 ps       |
  |   target T             :   400.0 K        |
  |   timestep dt          :     5.0 fs       |
  |   dump interval(trj)   :   100.0 fs       |
  |   SHAKE algorithm      : true (all bonds) |
  |   Vbias prefactor (k)  :  0.0036 Eh       |
  |   Vbias exponent (α)   :  1.0000 bohr⁻²   |
  :::::::::: starting static MTD   6 ::::::::::
  |   MD simulation time   :    33.0 ps       |
  |   target T             :   400.0 K        |
  |   timestep dt          :     5.0 fs       |
  |   dump interval(trj)   :   100.0 fs       |
  |   SHAKE algorithm      : true (all bonds) |
  |   Vbias prefactor (k)  :  0.0036 Eh       |
  |   Vbias exponent (α)   :  1.0000 bohr⁻²   |
  :::::::::: starting static MTD   8 ::::::::::
  |   MD simulation time   :    33.0 ps       |
  |   target T             :   400.0 K        |
  |   timestep dt          :     5.0 fs       |
  |   dump interval(trj)   :   100.0 fs       |
  |   SHAKE algorithm      : true (all bonds) |
  |   Vbias prefactor (k)  :  0.0036 Eh       |
  |   Vbias exponent (α)   :  1.0000 bohr⁻²   |
  :::::::::: starting static MTD   9 ::::::::::
  |   MD simulation time   :    33.0 ps       |
  |   target T             :   400.0 K        |
  |   timestep dt          :     5.0 fs       |
  |   dump interval(trj)   :   100.0 fs       |
  |   SHAKE algorithm      : true (all bonds) |
  |   Vbias prefactor (k)  :  0.0036 Eh       |
  |   Vbias exponent (α)   :  1.0000 bohr⁻²   |
  :::::::::: starting static MTD  14 ::::::::::
  |   MD simulation time   :    33.0 ps       |
  |   target T             :   400.0 K        |
  |   timestep dt          :     5.0 fs       |
  |   dump interval(trj)   :   100.0 fs       |
  |   SHAKE algorithm      : true (all bonds) |
  |   Vbias prefactor (k)  :  0.0036 Eh       |
  |   Vbias exponent (α)   :  1.0000 bohr⁻²   |
  :::::::::: starting static MTD  13 ::::::::::
  |   MD simulation time   :    33.0 ps       |
  |   target T             :   400.0 K        |
  |   timestep dt          :     5.0 fs       |
  |   dump interval(trj)   :   100.0 fs       |
  |   SHAKE algorithm      : true (all bonds) |
  |   Vbias prefactor (k)  :  0.0036 Eh       |
  |   Vbias exponent (α)   :  1.0000 bohr⁻²   |
*sMTD   6 completed successfully ...        5 min, 26.087 sec
  :::::::::: starting static MTD  16 ::::::::::
  |   MD simulation time   :    33.0 ps       |
  |   target T             :   400.0 K        |
  |   timestep dt          :     5.0 fs       |
  |   dump interval(trj)   :   100.0 fs       |
  |   SHAKE algorithm      : true (all bonds) |
  |   Vbias prefactor (k)  :  0.0036 Eh       |
  |   Vbias exponent (α)   :  1.0000 bohr⁻²   |
*sMTD  10 completed successfully ...        5 min, 26.247 sec
  :::::::::: starting static MTD  17 ::::::::::
  |   MD simulation time   :    33.0 ps       |
  |   target T             :   400.0 K        |
  |   timestep dt          :     5.0 fs       |
  |   dump interval(trj)   :   100.0 fs       |
  |   SHAKE algorithm      : true (all bonds) |
  |   Vbias prefactor (k)  :  0.0036 Eh       |
  |   Vbias exponent (α)   :  1.0000 bohr⁻²   |
*sMTD  36 completed successfully ...        5 min, 26.518 sec
  :::::::::: starting static MTD  35 ::::::::::
  |   MD simulation time   :    33.0 ps       |
  |   target T             :   400.0 K        |
  |   timestep dt          :     5.0 fs       |
  |   dump interval(trj)   :   100.0 fs       |
  |   SHAKE algorithm      : true (all bonds) |
  |   Vbias prefactor (k)  :  0.0036 Eh       |
  |   Vbias exponent (α)   :  1.0000 bohr⁻²   |
*sMTD  15 completed successfully ...        5 min, 26.710 sec
  :::::::::: starting static MTD  18 ::::::::::
  |   MD simulation time   :    33.0 ps       |
  |   target T             :   400.0 K        |
  |   timestep dt          :     5.0 fs       |
  |   dump interval(trj)   :   100.0 fs       |
  |   SHAKE algorithm      : true (all bonds) |
  |   Vbias prefactor (k)  :  0.0036 Eh       |
  |   Vbias exponent (α)   :  1.0000 bohr⁻²   |
*sMTD  14 completed successfully ...        5 min, 26.934 sec
  :::::::::: starting static MTD  19 ::::::::::
  |   MD simulation time   :    33.0 ps       |
  |   target T             :   400.0 K        |
  |   timestep dt          :     5.0 fs       |
  |   dump interval(trj)   :   100.0 fs       |
  |   SHAKE algorithm      : true (all bonds) |
  |   Vbias prefactor (k)  :  0.0036 Eh       |
  |   Vbias exponent (α)   :  1.0000 bohr⁻²   |
*sMTD   8 completed successfully ...        5 min, 26.961 sec
  :::::::::: starting static MTD  20 ::::::::::
  |   MD simulation time   :    33.0 ps       |
  |   target T             :   400.0 K        |
  |   timestep dt          :     5.0 fs       |
  |   dump interval(trj)   :   100.0 fs       |
  |   SHAKE algorithm      : true (all bonds) |
  |   Vbias prefactor (k)  :  0.0036 Eh       |
  |   Vbias exponent (α)   :  1.0000 bohr⁻²   |
*sMTD   1 completed successfully ...        5 min, 27.311 sec
  :::::::::: starting static MTD  21 ::::::::::
  |   MD simulation time   :    33.0 ps       |
  |   target T             :   400.0 K        |
  |   timestep dt          :     5.0 fs       |
  |   dump interval(trj)   :   100.0 fs       |
  |   SHAKE algorithm      : true (all bonds) |
  |   Vbias prefactor (k)  :  0.0036 Eh       |
  |   Vbias exponent (α)   :  1.0000 bohr⁻²   |
*sMTD   3 completed successfully ...        5 min, 27.420 sec
  :::::::::: starting static MTD  22 ::::::::::
  |   MD simulation time   :    33.0 ps       |
  |   target T             :   400.0 K        |
  |   timestep dt          :     5.0 fs       |
  |   dump interval(trj)   :   100.0 fs       |
  |   SHAKE algorithm      : true (all bonds) |
  |   Vbias prefactor (k)  :  0.0036 Eh       |
  |   Vbias exponent (α)   :  1.0000 bohr⁻²   |
*sMTD   5 completed successfully ...        5 min, 27.580 sec
  :::::::::: starting static MTD  23 ::::::::::
  |   MD simulation time   :    33.0 ps       |
  |   target T             :   400.0 K        |
  |   timestep dt          :     5.0 fs       |
  |   dump interval(trj)   :   100.0 fs       |
  |   SHAKE algorithm      : true (all bonds) |
  |   Vbias prefactor (k)  :  0.0036 Eh       |
  |   Vbias exponent (α)   :  1.0000 bohr⁻²   |
*sMTD   7 completed successfully ...        5 min, 27.734 sec
  :::::::::: starting static MTD  24 ::::::::::
  |   MD simulation time   :    33.0 ps       |
  |   target T             :   400.0 K        |
  |   timestep dt          :     5.0 fs       |
  |   dump interval(trj)   :   100.0 fs       |
  |   SHAKE algorithm      : true (all bonds) |
  |   Vbias prefactor (k)  :  0.0036 Eh       |
  |   Vbias exponent (α)   :  1.0000 bohr⁻²   |
*sMTD   9 completed successfully ...        5 min, 27.808 sec
  :::::::::: starting static MTD  25 ::::::::::
  |   MD simulation time   :    33.0 ps       |
  |   target T             :   400.0 K        |
  |   timestep dt          :     5.0 fs       |
  |   dump interval(trj)   :   100.0 fs       |
  |   SHAKE algorithm      : true (all bonds) |
  |   Vbias prefactor (k)  :  0.0036 Eh       |
  |   Vbias exponent (α)   :  1.0000 bohr⁻²   |
*sMTD   4 completed successfully ...        5 min, 27.853 sec
  :::::::::: starting static MTD  26 ::::::::::
  |   MD simulation time   :    33.0 ps       |
  |   target T             :   400.0 K        |
  |   timestep dt          :     5.0 fs       |
  |   dump interval(trj)   :   100.0 fs       |
  |   SHAKE algorithm      : true (all bonds) |
  |   Vbias prefactor (k)  :  0.0036 Eh       |
  |   Vbias exponent (α)   :  1.0000 bohr⁻²   |
*sMTD  11 completed successfully ...        5 min, 27.987 sec
  :::::::::: starting static MTD  27 ::::::::::
  |   MD simulation time   :    33.0 ps       |
  |   target T             :   400.0 K        |
  |   timestep dt          :     5.0 fs       |
  |   dump interval(trj)   :   100.0 fs       |
  |   SHAKE algorithm      : true (all bonds) |
  |   Vbias prefactor (k)  :  0.0036 Eh       |
  |   Vbias exponent (α)   :  1.0000 bohr⁻²   |
*sMTD   2 completed successfully ...        5 min, 28.103 sec
  :::::::::: starting static MTD  28 ::::::::::
  |   MD simulation time   :    33.0 ps       |
  |   target T             :   400.0 K        |
  |   timestep dt          :     5.0 fs       |
  |   dump interval(trj)   :   100.0 fs       |
  |   SHAKE algorithm      : true (all bonds) |
  |   Vbias prefactor (k)  :  0.0036 Eh       |
  |   Vbias exponent (α)   :  1.0000 bohr⁻²   |
*sMTD  12 completed successfully ...        5 min, 28.429 sec
  :::::::::: starting static MTD  29 ::::::::::
  |   MD simulation time   :    33.0 ps       |
  |   target T             :   400.0 K        |
  |   timestep dt          :     5.0 fs       |
  |   dump interval(trj)   :   100.0 fs       |
  |   SHAKE algorithm      : true (all bonds) |
  |   Vbias prefactor (k)  :  0.0036 Eh       |
  |   Vbias exponent (α)   :  1.0000 bohr⁻²   |
*sMTD  13 completed successfully ...        5 min, 29.445 sec
  :::::::::: starting static MTD  30 ::::::::::
  |   MD simulation time   :    33.0 ps       |
  |   target T             :   400.0 K        |
  |   timestep dt          :     5.0 fs       |
  |   dump interval(trj)   :   100.0 fs       |
  |   SHAKE algorithm      : true (all bonds) |
  |   Vbias prefactor (k)  :  0.0036 Eh       |
  |   Vbias exponent (α)   :  1.0000 bohr⁻²   |
*sMTD  17 completed successfully ...        5 min, 26.142 sec
  :::::::::: starting static MTD  31 ::::::::::
  |   MD simulation time   :    33.0 ps       |
  |   target T             :   400.0 K        |
  |   timestep dt          :     5.0 fs       |
  |   dump interval(trj)   :   100.0 fs       |
  |   SHAKE algorithm      : true (all bonds) |
  |   Vbias prefactor (k)  :  0.0036 Eh       |
  |   Vbias exponent (α)   :  1.0000 bohr⁻²   |
*sMTD  19 completed successfully ...        5 min, 25.895 sec
  :::::::::: starting static MTD  32 ::::::::::
  |   MD simulation time   :    33.0 ps       |
  |   target T             :   400.0 K        |
  |   timestep dt          :     5.0 fs       |
  |   dump interval(trj)   :   100.0 fs       |
  |   SHAKE algorithm      : true (all bonds) |
  |   Vbias prefactor (k)  :  0.0036 Eh       |
  |   Vbias exponent (α)   :  1.0000 bohr⁻²   |
*sMTD  35 completed successfully ...        5 min, 26.688 sec
  :::::::::: starting static MTD  34 ::::::::::
  |   MD simulation time   :    33.0 ps       |
  |   target T             :   400.0 K        |
  |   timestep dt          :     5.0 fs       |
  |   dump interval(trj)   :   100.0 fs       |
  |   SHAKE algorithm      : true (all bonds) |
  |   Vbias prefactor (k)  :  0.0036 Eh       |
  |   Vbias exponent (α)   :  1.0000 bohr⁻²   |
*sMTD  18 completed successfully ...        5 min, 26.511 sec
  :::::::::: starting static MTD  33 ::::::::::
  |   MD simulation time   :    33.0 ps       |
  |   target T             :   400.0 K        |
  |   timestep dt          :     5.0 fs       |
  |   dump interval(trj)   :   100.0 fs       |
  |   SHAKE algorithm      : true (all bonds) |
  |   Vbias prefactor (k)  :  0.0036 Eh       |
  |   Vbias exponent (α)   :  1.0000 bohr⁻²   |
*sMTD  23 completed successfully ...        5 min, 26.224 sec
*sMTD  16 completed successfully ...        5 min, 27.791 sec
*sMTD  20 completed successfully ...        5 min, 27.266 sec
*sMTD  22 completed successfully ...        5 min, 26.837 sec
*sMTD  25 completed successfully ...        5 min, 26.655 sec
*sMTD  21 completed successfully ...        5 min, 27.638 sec
*sMTD  28 completed successfully ...        5 min, 26.901 sec
*sMTD  26 completed successfully ...        5 min, 27.379 sec
*sMTD  27 completed successfully ...        5 min, 27.540 sec
*sMTD  29 completed successfully ...        5 min, 27.126 sec
*sMTD  30 completed successfully ...        5 min, 26.136 sec
*sMTD  24 completed successfully ...        5 min, 28.336 sec
*sMTD  32 completed successfully ...        3 min, 31.466 sec
*sMTD  33 completed successfully ...        3 min, 31.231 sec
*sMTD  31 completed successfully ...        3 min, 32.474 sec
*sMTD  34 completed successfully ...        3 min, 31.997 sec

 ======================================
 |  Multilevel Ensemble Optimization  |
 ======================================
 Optimizing all 11844 structures from file "crest_rotamers_0.xyz" ...
 ----------------------
 crude pre-optimization
 ----------------------
 Optimization engine: ANCOPT
 Hessian update type: BFGS
 E/G convergence criteria:  0.500E-03 Eh, 0.100E-01 Eh/a0
 maximum optimization steps: 200
 |>0.0% |>2.5% |>5.0% |>7.5% |>10.0% |>12.5% |>15.0% |>17.5% |>20.0% |>22.5% |>25.0% |>27.5% |>30.0% |>32.5% |>35.0% |>37.5% |>40.0% |>42.5% |>45.0% |>47.5% |>50.0% |>52.5% |>55.0% |>57.5% |>60.0% |>62.5% |>65.0% |>67.5% |>70.0% |>72.5% |>75.0% |>77.5% |>80.0% |>82.5% |>85.0% |>87.5% |>90.0% |>92.5% |>95.0% |>97.5% |>100.0%
 done.
> 11844 of 11844 structures successfully optimized (100.0% success)
> Total runtime for 11844 optimizations:
 * wall-time:     0 d,  0 h,  8 min,  3.548 sec
 *  cpu-time:     0 d,  2 h,  4 min, 11.269 sec
 * ratio c/w:    15.410 speedup
> Corresponding to approximately 0.041 sec per processed structure

CREGEN> running RMSDs ... done.
CREGEN> E lowest :   -70.68417
 11641 structures remain within    12.00 kcal/mol window
 ---------------------------------------
 optimization with very tight thresholds
 ---------------------------------------
 Optimization engine: ANCOPT
 Hessian update type: BFGS
 E/G convergence criteria:  0.100E-06 Eh, 0.200E-03 Eh/a0
 maximum optimization steps: 200
 |>0.0% |>2.5% |>5.0% |>7.5% |>10.0% |>12.5% |>15.0% |>17.5% |>20.0% |>22.5% |>25.0% |>27.5% |>30.0% |>32.5% |>35.0% |>37.5% |>40.0% |>42.5% |>45.0% |>47.5% |>50.0% |>52.5% |>55.0% |>57.5% |>60.0% |>62.5% |>65.0% |>67.5% |>70.0% |>72.5% |>75.0% |>77.5% |>80.0% |>82.5% |>85.0% |>87.5% |>90.0% |>92.5% |>95.0% |>97.5% |>100.0%
 done.
> 11341 of 11641 structures successfully optimized (97.4% success)
> Total runtime for 11641 optimizations:
 * wall-time:     0 d,  0 h, 40 min, 50.264 sec
 *  cpu-time:     0 d, 10 h, 39 min, 32.288 sec
 * ratio c/w:    15.660 speedup
> Corresponding to approximately 0.210 sec per processed structure

CREGEN> running RMSDs ... done.
CREGEN> E lowest :   -70.68494
 4555 structures remain within     6.00 kcal/mol window
CREGEN> running RMSDs ... done.
CREGEN> E lowest :   -70.68494

 Static MTD simulation iteration 9 finished
 A total of 4801 conformers (+ 2.29%) in crest_conformers.xyz
 S(approx.) =   12.723057 cal/molK (dS = 0.15%)
 Convergence w.r.t. conformers: F
 Convergence w.r.t. entropy   : T

     H(298.15K)-H(0) (conf)      1.913138
                   Cp(conf)      5.599543
                    S(conf)     12.717682

********************************************************************************
**                     I T E R A T I O N    C Y C L E     10                  **
********************************************************************************
 -------------------------------------------
 determining bias structures via PCA/k-Means
 -------------------------------------------

 170 structures were selected
 done.

 -----------------------------------------------
 determining MTD seed structures via PCA/k-Means
 -----------------------------------------------

 36 structures were selected
 done.


 ===========================================================
 Static MTDs (umbrella sampling) on 36 selected conformer(s)
 ===========================================================
> Using 170 constant RMSD bias potentials per MTD
  :::::::::: starting static MTD   1 ::::::::::
  |   MD simulation time   :    33.0 ps       |
  |   target T             :   400.0 K        |
  |   timestep dt          :     5.0 fs       |
  |   dump interval(trj)   :   100.0 fs       |
  |   SHAKE algorithm      : true (all bonds) |
  |   Vbias prefactor (k)  :  0.0036 Eh       |
  |   Vbias exponent (α)   :  1.0000 bohr⁻²   |
  :::::::::: starting static MTD  10 ::::::::::
  |   MD simulation time   :    33.0 ps       |
  |   target T             :   400.0 K        |
  |   timestep dt          :     5.0 fs       |
  |   dump interval(trj)   :   100.0 fs       |
  |   SHAKE algorithm      : true (all bonds) |
  |   Vbias prefactor (k)  :  0.0036 Eh       |
  |   Vbias exponent (α)   :  1.0000 bohr⁻²   |
  :::::::::: starting static MTD   3 ::::::::::
  |   MD simulation time   :    33.0 ps       |
  |   target T             :   400.0 K        |
  |   timestep dt          :     5.0 fs       |
  |   dump interval(trj)   :   100.0 fs       |
  |   SHAKE algorithm      : true (all bonds) |
  |   Vbias prefactor (k)  :  0.0036 Eh       |
  |   Vbias exponent (α)   :  1.0000 bohr⁻²   |
  :::::::::: starting static MTD   7 ::::::::::
  |   MD simulation time   :    33.0 ps       |
  |   target T             :   400.0 K        |
  |   timestep dt          :     5.0 fs       |
  |   dump interval(trj)   :   100.0 fs       |
  |   SHAKE algorithm      : true (all bonds) |
  |   Vbias prefactor (k)  :  0.0036 Eh       |
  |   Vbias exponent (α)   :  1.0000 bohr⁻²   |
  :::::::::: starting static MTD  11 ::::::::::
  |   MD simulation time   :    33.0 ps       |
  |   target T             :   400.0 K        |
  |   timestep dt          :     5.0 fs       |
  |   dump interval(trj)   :   100.0 fs       |
  |   SHAKE algorithm      : true (all bonds) |
  |   Vbias prefactor (k)  :  0.0036 Eh       |
  |   Vbias exponent (α)   :  1.0000 bohr⁻²   |
  :::::::::: starting static MTD  12 ::::::::::
  |   MD simulation time   :    33.0 ps       |
  |   target T             :   400.0 K        |
  |   timestep dt          :     5.0 fs       |
  |   dump interval(trj)   :   100.0 fs       |
  |   SHAKE algorithm      : true (all bonds) |
  |   Vbias prefactor (k)  :  0.0036 Eh       |
  |   Vbias exponent (α)   :  1.0000 bohr⁻²   |
  :::::::::: starting static MTD   8 ::::::::::
  |   MD simulation time   :    33.0 ps       |
  |   target T             :   400.0 K        |
  |   timestep dt          :     5.0 fs       |
  |   dump interval(trj)   :   100.0 fs       |
  |   SHAKE algorithm      : true (all bonds) |
  |   Vbias prefactor (k)  :  0.0036 Eh       |
  |   Vbias exponent (α)   :  1.0000 bohr⁻²   |
  :::::::::: starting static MTD  13 ::::::::::
  |   MD simulation time   :    33.0 ps       |
  |   target T             :   400.0 K        |
  |   timestep dt          :     5.0 fs       |
  |   dump interval(trj)   :   100.0 fs       |
  |   SHAKE algorithm      : true (all bonds) |
  |   Vbias prefactor (k)  :  0.0036 Eh       |
  |   Vbias exponent (α)   :  1.0000 bohr⁻²   |
  :::::::::: starting static MTD  15 ::::::::::
  |   MD simulation time   :    33.0 ps       |
  |   target T             :   400.0 K        |
  |   timestep dt          :     5.0 fs       |
  |   dump interval(trj)   :   100.0 fs       |
  |   SHAKE algorithm      : true (all bonds) |
  |   Vbias prefactor (k)  :  0.0036 Eh       |
  |   Vbias exponent (α)   :  1.0000 bohr⁻²   |
  :::::::::: starting static MTD   6 ::::::::::
  |   MD simulation time   :    33.0 ps       |
  |   target T             :   400.0 K        |
  |   timestep dt          :     5.0 fs       |
  |   dump interval(trj)   :   100.0 fs       |
  |   SHAKE algorithm      : true (all bonds) |
  |   Vbias prefactor (k)  :  0.0036 Eh       |
  |   Vbias exponent (α)   :  1.0000 bohr⁻²   |
  :::::::::: starting static MTD  14 ::::::::::
  |   MD simulation time   :    33.0 ps       |
  |   target T             :   400.0 K        |
  |   timestep dt          :     5.0 fs       |
  |   dump interval(trj)   :   100.0 fs       |
  |   SHAKE algorithm      : true (all bonds) |
  |   Vbias prefactor (k)  :  0.0036 Eh       |
  |   Vbias exponent (α)   :  1.0000 bohr⁻²   |
  :::::::::: starting static MTD   5 ::::::::::
  |   MD simulation time   :    33.0 ps       |
  |   target T             :   400.0 K        |
  |   timestep dt          :     5.0 fs       |
  |   dump interval(trj)   :   100.0 fs       |
  |   SHAKE algorithm      : true (all bonds) |
  |   Vbias prefactor (k)  :  0.0036 Eh       |
  |   Vbias exponent (α)   :  1.0000 bohr⁻²   |
  :::::::::: starting static MTD  36 ::::::::::
  |   MD simulation time   :    33.0 ps       |
  |   target T             :   400.0 K        |
  |   timestep dt          :     5.0 fs       |
  |   dump interval(trj)   :   100.0 fs       |
  |   SHAKE algorithm      : true (all bonds) |
  |   Vbias prefactor (k)  :  0.0036 Eh       |
  |   Vbias exponent (α)   :  1.0000 bohr⁻²   |
  :::::::::: starting static MTD   9 ::::::::::
  |   MD simulation time   :    33.0 ps       |
  |   target T             :   400.0 K        |
  |   timestep dt          :     5.0 fs       |
  |   dump interval(trj)   :   100.0 fs       |
  |   SHAKE algorithm      : true (all bonds) |
  |   Vbias prefactor (k)  :  0.0036 Eh       |
  |   Vbias exponent (α)   :  1.0000 bohr⁻²   |
  :::::::::: starting static MTD   4 ::::::::::
  |   MD simulation time   :    33.0 ps       |
  |   target T             :   400.0 K        |
  |   timestep dt          :     5.0 fs       |
  |   dump interval(trj)   :   100.0 fs       |
  |   SHAKE algorithm      : true (all bonds) |
  |   Vbias prefactor (k)  :  0.0036 Eh       |
  |   Vbias exponent (α)   :  1.0000 bohr⁻²   |
  :::::::::: starting static MTD   2 ::::::::::
  |   MD simulation time   :    33.0 ps       |
  |   target T             :   400.0 K        |
  |   timestep dt          :     5.0 fs       |
  |   dump interval(trj)   :   100.0 fs       |
  |   SHAKE algorithm      : true (all bonds) |
  |   Vbias prefactor (k)  :  0.0036 Eh       |
  |   Vbias exponent (α)   :  1.0000 bohr⁻²   |
*sMTD  10 completed successfully ...        5 min, 25.836 sec
  :::::::::: starting static MTD  16 ::::::::::
  |   MD simulation time   :    33.0 ps       |
  |   target T             :   400.0 K        |
  |   timestep dt          :     5.0 fs       |
  |   dump interval(trj)   :   100.0 fs       |
  |   SHAKE algorithm      : true (all bonds) |
  |   Vbias prefactor (k)  :  0.0036 Eh       |
  |   Vbias exponent (α)   :  1.0000 bohr⁻²   |
*sMTD  36 completed successfully ...        5 min, 26.087 sec
  :::::::::: starting static MTD  35 ::::::::::
  |   MD simulation time   :    33.0 ps       |
  |   target T             :   400.0 K        |
  |   timestep dt          :     5.0 fs       |
  |   dump interval(trj)   :   100.0 fs       |
  |   SHAKE algorithm      : true (all bonds) |
  |   Vbias prefactor (k)  :  0.0036 Eh       |
  |   Vbias exponent (α)   :  1.0000 bohr⁻²   |
*sMTD  15 completed successfully ...        5 min, 26.170 sec
  :::::::::: starting static MTD  17 ::::::::::
  |   MD simulation time   :    33.0 ps       |
  |   target T             :   400.0 K        |
  |   timestep dt          :     5.0 fs       |
  |   dump interval(trj)   :   100.0 fs       |
  |   SHAKE algorithm      : true (all bonds) |
  |   Vbias prefactor (k)  :  0.0036 Eh       |
  |   Vbias exponent (α)   :  1.0000 bohr⁻²   |
*sMTD  12 completed successfully ...        5 min, 26.203 sec
  :::::::::: starting static MTD  18 ::::::::::
  |   MD simulation time   :    33.0 ps       |
  |   target T             :   400.0 K        |
  |   timestep dt          :     5.0 fs       |
  |   dump interval(trj)   :   100.0 fs       |
  |   SHAKE algorithm      : true (all bonds) |
  |   Vbias prefactor (k)  :  0.0036 Eh       |
  |   Vbias exponent (α)   :  1.0000 bohr⁻²   |
*sMTD  13 completed successfully ...        5 min, 26.224 sec
  :::::::::: starting static MTD  19 ::::::::::
  |   MD simulation time   :    33.0 ps       |
  |   target T             :   400.0 K        |
  |   timestep dt          :     5.0 fs       |
  |   dump interval(trj)   :   100.0 fs       |
  |   SHAKE algorithm      : true (all bonds) |
  |   Vbias prefactor (k)  :  0.0036 Eh       |
  |   Vbias exponent (α)   :  1.0000 bohr⁻²   |
*sMTD  11 completed successfully ...        5 min, 27.058 sec
  :::::::::: starting static MTD  20 ::::::::::
  |   MD simulation time   :    33.0 ps       |
  |   target T             :   400.0 K        |
  |   timestep dt          :     5.0 fs       |
  |   dump interval(trj)   :   100.0 fs       |
  |   SHAKE algorithm      : true (all bonds) |
  |   Vbias prefactor (k)  :  0.0036 Eh       |
  |   Vbias exponent (α)   :  1.0000 bohr⁻²   |
*sMTD   4 completed successfully ...        5 min, 27.202 sec
  :::::::::: starting static MTD  21 ::::::::::
  |   MD simulation time   :    33.0 ps       |
  |   target T             :   400.0 K        |
  |   timestep dt          :     5.0 fs       |
  |   dump interval(trj)   :   100.0 fs       |
  |   SHAKE algorithm      : true (all bonds) |
  |   Vbias prefactor (k)  :  0.0036 Eh       |
  |   Vbias exponent (α)   :  1.0000 bohr⁻²   |
*sMTD   7 completed successfully ...        5 min, 27.255 sec
  :::::::::: starting static MTD  22 ::::::::::
  |   MD simulation time   :    33.0 ps       |
  |   target T             :   400.0 K        |
  |   timestep dt          :     5.0 fs       |
  |   dump interval(trj)   :   100.0 fs       |
  |   SHAKE algorithm      : true (all bonds) |
  |   Vbias prefactor (k)  :  0.0036 Eh       |
  |   Vbias exponent (α)   :  1.0000 bohr⁻²   |
*sMTD   2 completed successfully ...        5 min, 27.275 sec
  :::::::::: starting static MTD  23 ::::::::::
  |   MD simulation time   :    33.0 ps       |
  |   target T             :   400.0 K        |
  |   timestep dt          :     5.0 fs       |
  |   dump interval(trj)   :   100.0 fs       |
  |   SHAKE algorithm      : true (all bonds) |
  |   Vbias prefactor (k)  :  0.0036 Eh       |
  |   Vbias exponent (α)   :  1.0000 bohr⁻²   |
*sMTD   5 completed successfully ...        5 min, 27.323 sec
  :::::::::: starting static MTD  24 ::::::::::
  |   MD simulation time   :    33.0 ps       |
  |   target T             :   400.0 K        |
  |   timestep dt          :     5.0 fs       |
  |   dump interval(trj)   :   100.0 fs       |
  |   SHAKE algorithm      : true (all bonds) |
  |   Vbias prefactor (k)  :  0.0036 Eh       |
  |   Vbias exponent (α)   :  1.0000 bohr⁻²   |
*sMTD   3 completed successfully ...        5 min, 27.327 sec
  :::::::::: starting static MTD  25 ::::::::::
  |   MD simulation time   :    33.0 ps       |
  |   target T             :   400.0 K        |
  |   timestep dt          :     5.0 fs       |
  |   dump interval(trj)   :   100.0 fs       |
  |   SHAKE algorithm      : true (all bonds) |
  |   Vbias prefactor (k)  :  0.0036 Eh       |
  |   Vbias exponent (α)   :  1.0000 bohr⁻²   |
*sMTD  14 completed successfully ...        5 min, 27.464 sec
  :::::::::: starting static MTD  26 ::::::::::
  |   MD simulation time   :    33.0 ps       |
  |   target T             :   400.0 K        |
  |   timestep dt          :     5.0 fs       |
  |   dump interval(trj)   :   100.0 fs       |
  |   SHAKE algorithm      : true (all bonds) |
  |   Vbias prefactor (k)  :  0.0036 Eh       |
  |   Vbias exponent (α)   :  1.0000 bohr⁻²   |
*sMTD   6 completed successfully ...        5 min, 27.592 sec
  :::::::::: starting static MTD  27 ::::::::::
  |   MD simulation time   :    33.0 ps       |
  |   target T             :   400.0 K        |
  |   timestep dt          :     5.0 fs       |
  |   dump interval(trj)   :   100.0 fs       |
  |   SHAKE algorithm      : true (all bonds) |
  |   Vbias prefactor (k)  :  0.0036 Eh       |
  |   Vbias exponent (α)   :  1.0000 bohr⁻²   |
*sMTD   8 completed successfully ...        5 min, 27.641 sec
  :::::::::: starting static MTD  28 ::::::::::
  |   MD simulation time   :    33.0 ps       |
  |   target T             :   400.0 K        |
  |   timestep dt          :     5.0 fs       |
  |   dump interval(trj)   :   100.0 fs       |
  |   SHAKE algorithm      : true (all bonds) |
  |   Vbias prefactor (k)  :  0.0036 Eh       |
  |   Vbias exponent (α)   :  1.0000 bohr⁻²   |
*sMTD   1 completed successfully ...        5 min, 28.518 sec
  :::::::::: starting static MTD  29 ::::::::::
  |   MD simulation time   :    33.0 ps       |
  |   target T             :   400.0 K        |
  |   timestep dt          :     5.0 fs       |
  |   dump interval(trj)   :   100.0 fs       |
  |   SHAKE algorithm      : true (all bonds) |
  |   Vbias prefactor (k)  :  0.0036 Eh       |
  |   Vbias exponent (α)   :  1.0000 bohr⁻²   |
*sMTD   9 completed successfully ...        5 min, 30.795 sec
  :::::::::: starting static MTD  30 ::::::::::
  |   MD simulation time   :    33.0 ps       |
  |   target T             :   400.0 K        |
  |   timestep dt          :     5.0 fs       |
  |   dump interval(trj)   :   100.0 fs       |
  |   SHAKE algorithm      : true (all bonds) |
  |   Vbias prefactor (k)  :  0.0036 Eh       |
  |   Vbias exponent (α)   :  1.0000 bohr⁻²   |
*sMTD  16 completed successfully ...        5 min, 27.222 sec
  :::::::::: starting static MTD  31 ::::::::::
  |   MD simulation time   :    33.0 ps       |
  |   target T             :   400.0 K        |
  |   timestep dt          :     5.0 fs       |
  |   dump interval(trj)   :   100.0 fs       |
  |   SHAKE algorithm      : true (all bonds) |
  |   Vbias prefactor (k)  :  0.0036 Eh       |
  |   Vbias exponent (α)   :  1.0000 bohr⁻²   |
*sMTD  19 completed successfully ...        5 min, 27.127 sec
  :::::::::: starting static MTD  32 ::::::::::
  |   MD simulation time   :    33.0 ps       |
  |   target T             :   400.0 K        |
  |   timestep dt          :     5.0 fs       |
  |   dump interval(trj)   :   100.0 fs       |
  |   SHAKE algorithm      : true (all bonds) |
  |   Vbias prefactor (k)  :  0.0036 Eh       |
  |   Vbias exponent (α)   :  1.0000 bohr⁻²   |
*sMTD  18 completed successfully ...        5 min, 27.150 sec
  :::::::::: starting static MTD  33 ::::::::::
  |   MD simulation time   :    33.0 ps       |
  |   target T             :   400.0 K        |
  |   timestep dt          :     5.0 fs       |
  |   dump interval(trj)   :   100.0 fs       |
  |   SHAKE algorithm      : true (all bonds) |
  |   Vbias prefactor (k)  :  0.0036 Eh       |
  |   Vbias exponent (α)   :  1.0000 bohr⁻²   |
*sMTD  35 completed successfully ...        5 min, 27.374 sec
  :::::::::: starting static MTD  34 ::::::::::
  |   MD simulation time   :    33.0 ps       |
  |   target T             :   400.0 K        |
  |   timestep dt          :     5.0 fs       |
  |   dump interval(trj)   :   100.0 fs       |
  |   SHAKE algorithm      : true (all bonds) |
  |   Vbias prefactor (k)  :  0.0036 Eh       |
  |   Vbias exponent (α)   :  1.0000 bohr⁻²   |
*sMTD  17 completed successfully ...        5 min, 27.422 sec
*sMTD  23 completed successfully ...        5 min, 27.241 sec
*sMTD  21 completed successfully ...        5 min, 27.755 sec
*sMTD  20 completed successfully ...        5 min, 27.944 sec
*sMTD  25 completed successfully ...        5 min, 27.774 sec
*sMTD  24 completed successfully ...        5 min, 27.841 sec
*sMTD  27 completed successfully ...        5 min, 27.789 sec
*sMTD  22 completed successfully ...        5 min, 28.237 sec
*sMTD  26 completed successfully ...        5 min, 28.396 sec
*sMTD  28 completed successfully ...        5 min, 28.405 sec
*sMTD  29 completed successfully ...        5 min, 28.634 sec
*sMTD  30 completed successfully ...        5 min, 27.873 sec
*sMTD  34 completed successfully ...        3 min, 32.419 sec
*sMTD  33 completed successfully ...        3 min, 33.061 sec
*sMTD  32 completed successfully ...        3 min, 33.102 sec
*sMTD  31 completed successfully ...        3 min, 34.020 sec

 ======================================
 |  Multilevel Ensemble Optimization  |
 ======================================
 Optimizing all 11844 structures from file "crest_rotamers_0.xyz" ...
 ----------------------
 crude pre-optimization
 ----------------------
 Optimization engine: ANCOPT
 Hessian update type: BFGS
 E/G convergence criteria:  0.500E-03 Eh, 0.100E-01 Eh/a0
 maximum optimization steps: 200
 |>0.0% |>2.5% |>5.0% |>7.5% |>10.0% |>12.5% |>15.0% |>17.5% |>20.0% |>22.5% |>25.0% |>27.5% |>30.0% |>32.5% |>35.0% |>37.5% |>40.0% |>42.5% |>45.0% |>47.5% |>50.0% |>52.5% |>55.0% |>57.5% |>60.0% |>62.5% |>65.0% |>67.5% |>70.0% |>72.5% |>75.0% |>77.5% |>80.0% |>82.5% |>85.0% |>87.5% |>90.0% |>92.5% |>95.0% |>97.5% |>100.0%
 done.
> 11844 of 11844 structures successfully optimized (100.0% success)
> Total runtime for 11844 optimizations:
 * wall-time:     0 d,  0 h,  8 min,  6.370 sec
 *  cpu-time:     0 d,  2 h,  4 min, 55.769 sec
 * ratio c/w:    15.412 speedup
> Corresponding to approximately 0.041 sec per processed structure

CREGEN> running RMSDs ... done.
CREGEN> E lowest :   -70.68365
 11646 structures remain within    12.00 kcal/mol window
 ---------------------------------------
 optimization with very tight thresholds
 ---------------------------------------
 Optimization engine: ANCOPT
 Hessian update type: BFGS
 E/G convergence criteria:  0.100E-06 Eh, 0.200E-03 Eh/a0
 maximum optimization steps: 200
 |>0.0% |>2.5% |>5.0% |>7.5% |>10.0% |>12.5% |>15.0% |>17.5% |>20.0% |>22.5% |>25.0% |>27.5% |>30.0% |>32.5% |>35.0% |>37.5% |>40.0% |>42.5% |>45.0% |>47.5% |>50.0% |>52.5% |>55.0% |>57.5% |>60.0% |>62.5% |>65.0% |>67.5% |>70.0% |>72.5% |>75.0% |>77.5% |>80.0% |>82.5% |>85.0% |>87.5% |>90.0% |>92.5% |>95.0% |>97.5% |>100.0%
 done.
> 11252 of 11646 structures successfully optimized (96.6% success)
> Total runtime for 11646 optimizations:
 * wall-time:     0 d,  0 h, 41 min, 59.175 sec
 *  cpu-time:     0 d, 10 h, 57 min, 28.176 sec
 * ratio c/w:    15.659 speedup
> Corresponding to approximately 0.216 sec per processed structure

CREGEN> running RMSDs ... done.
CREGEN> E lowest :   -70.68494
 4689 structures remain within     6.00 kcal/mol window
CREGEN> running RMSDs ... done.
CREGEN> E lowest :   -70.68494

 Static MTD simulation iteration 10 finished
 A total of 4919 conformers (+ 2.40%) in crest_conformers.xyz
 S(approx.) =   12.739037 cal/molK (dS = 0.13%)
 Convergence w.r.t. conformers: F
 Convergence w.r.t. entropy   : T

     H(298.15K)-H(0) (conf)      1.916032
                   Cp(conf)      5.645986
                    S(conf)     12.733639

********************************************************************************
**                     I T E R A T I O N    C Y C L E     11                  **
********************************************************************************
 -------------------------------------------
 determining bias structures via PCA/k-Means
 -------------------------------------------

 215 structures were selected
 done.

 -----------------------------------------------
 determining MTD seed structures via PCA/k-Means
 -----------------------------------------------

 36 structures were selected
 done.


 ===========================================================
 Static MTDs (umbrella sampling) on 36 selected conformer(s)
 ===========================================================
> Using 215 constant RMSD bias potentials per MTD
  :::::::::: starting static MTD   1 ::::::::::
  |   MD simulation time   :    33.0 ps       |
  |   target T             :   400.0 K        |
  |   timestep dt          :     5.0 fs       |
  |   dump interval(trj)   :   100.0 fs       |
  |   SHAKE algorithm      : true (all bonds) |
  |   Vbias prefactor (k)  :  0.0036 Eh       |
  |   Vbias exponent (α)   :  1.0000 bohr⁻²   |
  :::::::::: starting static MTD  36 ::::::::::
  |   MD simulation time   :    33.0 ps       |
  |   target T             :   400.0 K        |
  |   timestep dt          :     5.0 fs       |
  |   dump interval(trj)   :   100.0 fs       |
  |   SHAKE algorithm      : true (all bonds) |
  |   Vbias prefactor (k)  :  0.0036 Eh       |
  |   Vbias exponent (α)   :  1.0000 bohr⁻²   |
  :::::::::: starting static MTD   5 ::::::::::
  |   MD simulation time   :    33.0 ps       |
  |   target T             :   400.0 K        |
  |   timestep dt          :     5.0 fs       |
  |   dump interval(trj)   :   100.0 fs       |
  |   SHAKE algorithm      : true (all bonds) |
  |   Vbias prefactor (k)  :  0.0036 Eh       |
  |   Vbias exponent (α)   :  1.0000 bohr⁻²   |
  :::::::::: starting static MTD   6 ::::::::::
  |   MD simulation time   :    33.0 ps       |
  |   target T             :   400.0 K        |
  |   timestep dt          :     5.0 fs       |
  |   dump interval(trj)   :   100.0 fs       |
  |   SHAKE algorithm      : true (all bonds) |
  |   Vbias prefactor (k)  :  0.0036 Eh       |
  |   Vbias exponent (α)   :  1.0000 bohr⁻²   |
  :::::::::: starting static MTD  12 ::::::::::
  |   MD simulation time   :    33.0 ps       |
  |   target T             :   400.0 K        |
  |   timestep dt          :     5.0 fs       |
  |   dump interval(trj)   :   100.0 fs       |
  |   SHAKE algorithm      : true (all bonds) |
  |   Vbias prefactor (k)  :  0.0036 Eh       |
  |   Vbias exponent (α)   :  1.0000 bohr⁻²   |
  :::::::::: starting static MTD   7 ::::::::::
  |   MD simulation time   :    33.0 ps       |
  |   target T             :   400.0 K        |
  |   timestep dt          :     5.0 fs       |
  |   dump interval(trj)   :   100.0 fs       |
  |   SHAKE algorithm      : true (all bonds) |
  |   Vbias prefactor (k)  :  0.0036 Eh       |
  |   Vbias exponent (α)   :  1.0000 bohr⁻²   |
  :::::::::: starting static MTD   3 ::::::::::
  |   MD simulation time   :    33.0 ps       |
  |   target T             :   400.0 K        |
  |   timestep dt          :     5.0 fs       |
  |   dump interval(trj)   :   100.0 fs       |
  |   SHAKE algorithm      : true (all bonds) |
  |   Vbias prefactor (k)  :  0.0036 Eh       |
  |   Vbias exponent (α)   :  1.0000 bohr⁻²   |
  :::::::::: starting static MTD   2 ::::::::::
  |   MD simulation time   :    33.0 ps       |
  |   target T             :   400.0 K        |
  |   timestep dt          :     5.0 fs       |
  |   dump interval(trj)   :   100.0 fs       |
  |   SHAKE algorithm      : true (all bonds) |
  |   Vbias prefactor (k)  :  0.0036 Eh       |
  |   Vbias exponent (α)   :  1.0000 bohr⁻²   |
  :::::::::: starting static MTD  10 ::::::::::
  |   MD simulation time   :    33.0 ps       |
  |   target T             :   400.0 K        |
  |   timestep dt          :     5.0 fs       |
  |   dump interval(trj)   :   100.0 fs       |
  |   SHAKE algorithm      : true (all bonds) |
  |   Vbias prefactor (k)  :  0.0036 Eh       |
  |   Vbias exponent (α)   :  1.0000 bohr⁻²   |
  :::::::::: starting static MTD   8 ::::::::::
  |   MD simulation time   :    33.0 ps       |
  |   target T             :   400.0 K        |
  |   timestep dt          :     5.0 fs       |
  |   dump interval(trj)   :   100.0 fs       |
  |   SHAKE algorithm      : true (all bonds) |
  |   Vbias prefactor (k)  :  0.0036 Eh       |
  |   Vbias exponent (α)   :  1.0000 bohr⁻²   |
  :::::::::: starting static MTD  13 ::::::::::
  |   MD simulation time   :    33.0 ps       |
  |   target T             :   400.0 K        |
  |   timestep dt          :     5.0 fs       |
  |   dump interval(trj)   :   100.0 fs       |
  |   SHAKE algorithm      : true (all bonds) |
  |   Vbias prefactor (k)  :  0.0036 Eh       |
  |   Vbias exponent (α)   :  1.0000 bohr⁻²   |
  :::::::::: starting static MTD   9 ::::::::::
  |   MD simulation time   :    33.0 ps       |
  |   target T             :   400.0 K        |
  |   timestep dt          :     5.0 fs       |
  |   dump interval(trj)   :   100.0 fs       |
  |   SHAKE algorithm      : true (all bonds) |
  |   Vbias prefactor (k)  :  0.0036 Eh       |
  |   Vbias exponent (α)   :  1.0000 bohr⁻²   |
  :::::::::: starting static MTD  11 ::::::::::
  |   MD simulation time   :    33.0 ps       |
  |   target T             :   400.0 K        |
  |   timestep dt          :     5.0 fs       |
  |   dump interval(trj)   :   100.0 fs       |
  |   SHAKE algorithm      : true (all bonds) |
  |   Vbias prefactor (k)  :  0.0036 Eh       |
  |   Vbias exponent (α)   :  1.0000 bohr⁻²   |
  :::::::::: starting static MTD  14 ::::::::::
  |   MD simulation time   :    33.0 ps       |
  |   target T             :   400.0 K        |
  |   timestep dt          :     5.0 fs       |
  |   dump interval(trj)   :   100.0 fs       |
  |   SHAKE algorithm      : true (all bonds) |
  |   Vbias prefactor (k)  :  0.0036 Eh       |
  |   Vbias exponent (α)   :  1.0000 bohr⁻²   |
  :::::::::: starting static MTD   4 ::::::::::
  |   MD simulation time   :    33.0 ps       |
  |   target T             :   400.0 K        |
  |   timestep dt          :     5.0 fs       |
  |   dump interval(trj)   :   100.0 fs       |
  |   SHAKE algorithm      : true (all bonds) |
  |   Vbias prefactor (k)  :  0.0036 Eh       |
  |   Vbias exponent (α)   :  1.0000 bohr⁻²   |
  :::::::::: starting static MTD  15 ::::::::::
  |   MD simulation time   :    33.0 ps       |
  |   target T             :   400.0 K        |
  |   timestep dt          :     5.0 fs       |
  |   dump interval(trj)   :   100.0 fs       |
  |   SHAKE algorithm      : true (all bonds) |
  |   Vbias prefactor (k)  :  0.0036 Eh       |
  |   Vbias exponent (α)   :  1.0000 bohr⁻²   |
*sMTD   6 completed successfully ...        5 min, 24.830 sec
  :::::::::: starting static MTD  16 ::::::::::
  |   MD simulation time   :    33.0 ps       |
  |   target T             :   400.0 K        |
  |   timestep dt          :     5.0 fs       |
  |   dump interval(trj)   :   100.0 fs       |
  |   SHAKE algorithm      : true (all bonds) |
  |   Vbias prefactor (k)  :  0.0036 Eh       |
  |   Vbias exponent (α)   :  1.0000 bohr⁻²   |
*sMTD  14 completed successfully ...        5 min, 24.914 sec
  :::::::::: starting static MTD  17 ::::::::::
  |   MD simulation time   :    33.0 ps       |
  |   target T             :   400.0 K        |
  |   timestep dt          :     5.0 fs       |
  |   dump interval(trj)   :   100.0 fs       |
  |   SHAKE algorithm      : true (all bonds) |
  |   Vbias prefactor (k)  :  0.0036 Eh       |
  |   Vbias exponent (α)   :  1.0000 bohr⁻²   |
*sMTD   2 completed successfully ...        5 min, 24.978 sec
  :::::::::: starting static MTD  18 ::::::::::
  |   MD simulation time   :    33.0 ps       |
  |   target T             :   400.0 K        |
  |   timestep dt          :     5.0 fs       |
  |   dump interval(trj)   :   100.0 fs       |
  |   SHAKE algorithm      : true (all bonds) |
  |   Vbias prefactor (k)  :  0.0036 Eh       |
  |   Vbias exponent (α)   :  1.0000 bohr⁻²   |
*sMTD   5 completed successfully ...        5 min, 25.004 sec
  :::::::::: starting static MTD  19 ::::::::::
  |   MD simulation time   :    33.0 ps       |
  |   target T             :   400.0 K        |
  |   timestep dt          :     5.0 fs       |
  |   dump interval(trj)   :   100.0 fs       |
  |   SHAKE algorithm      : true (all bonds) |
  |   Vbias prefactor (k)  :  0.0036 Eh       |
  |   Vbias exponent (α)   :  1.0000 bohr⁻²   |
*sMTD  12 completed successfully ...        5 min, 25.030 sec
  :::::::::: starting static MTD  20 ::::::::::
  |   MD simulation time   :    33.0 ps       |
  |   target T             :   400.0 K        |
  |   timestep dt          :     5.0 fs       |
  |   dump interval(trj)   :   100.0 fs       |
  |   SHAKE algorithm      : true (all bonds) |
  |   Vbias prefactor (k)  :  0.0036 Eh       |
  |   Vbias exponent (α)   :  1.0000 bohr⁻²   |
*sMTD  36 completed successfully ...        5 min, 25.298 sec
  :::::::::: starting static MTD  35 ::::::::::
  |   MD simulation time   :    33.0 ps       |
  |   target T             :   400.0 K        |
  |   timestep dt          :     5.0 fs       |
  |   dump interval(trj)   :   100.0 fs       |
  |   SHAKE algorithm      : true (all bonds) |
  |   Vbias prefactor (k)  :  0.0036 Eh       |
  |   Vbias exponent (α)   :  1.0000 bohr⁻²   |
*sMTD  10 completed successfully ...        5 min, 25.437 sec
  :::::::::: starting static MTD  21 ::::::::::
  |   MD simulation time   :    33.0 ps       |
  |   target T             :   400.0 K        |
  |   timestep dt          :     5.0 fs       |
  |   dump interval(trj)   :   100.0 fs       |
  |   SHAKE algorithm      : true (all bonds) |
  |   Vbias prefactor (k)  :  0.0036 Eh       |
  |   Vbias exponent (α)   :  1.0000 bohr⁻²   |
*sMTD   8 completed successfully ...        5 min, 25.531 sec
  :::::::::: starting static MTD  22 ::::::::::
  |   MD simulation time   :    33.0 ps       |
  |   target T             :   400.0 K        |
  |   timestep dt          :     5.0 fs       |
  |   dump interval(trj)   :   100.0 fs       |
  |   SHAKE algorithm      : true (all bonds) |
  |   Vbias prefactor (k)  :  0.0036 Eh       |
  |   Vbias exponent (α)   :  1.0000 bohr⁻²   |
*sMTD  15 completed successfully ...        5 min, 25.709 sec
  :::::::::: starting static MTD  23 ::::::::::
  |   MD simulation time   :    33.0 ps       |
  |   target T             :   400.0 K        |
  |   timestep dt          :     5.0 fs       |
  |   dump interval(trj)   :   100.0 fs       |
  |   SHAKE algorithm      : true (all bonds) |
  |   Vbias prefactor (k)  :  0.0036 Eh       |
  |   Vbias exponent (α)   :  1.0000 bohr⁻²   |
*sMTD  11 completed successfully ...        5 min, 25.717 sec
  :::::::::: starting static MTD  24 ::::::::::
  |   MD simulation time   :    33.0 ps       |
  |   target T             :   400.0 K        |
  |   timestep dt          :     5.0 fs       |
  |   dump interval(trj)   :   100.0 fs       |
  |   SHAKE algorithm      : true (all bonds) |
  |   Vbias prefactor (k)  :  0.0036 Eh       |
  |   Vbias exponent (α)   :  1.0000 bohr⁻²   |
*sMTD   9 completed successfully ...        5 min, 25.916 sec
  :::::::::: starting static MTD  25 ::::::::::
  |   MD simulation time   :    33.0 ps       |
  |   target T             :   400.0 K        |
  |   timestep dt          :     5.0 fs       |
  |   dump interval(trj)   :   100.0 fs       |
  |   SHAKE algorithm      : true (all bonds) |
  |   Vbias prefactor (k)  :  0.0036 Eh       |
  |   Vbias exponent (α)   :  1.0000 bohr⁻²   |
*sMTD  13 completed successfully ...        5 min, 25.937 sec
  :::::::::: starting static MTD  26 ::::::::::
  |   MD simulation time   :    33.0 ps       |
  |   target T             :   400.0 K        |
  |   timestep dt          :     5.0 fs       |
  |   dump interval(trj)   :   100.0 fs       |
  |   SHAKE algorithm      : true (all bonds) |
  |   Vbias prefactor (k)  :  0.0036 Eh       |
  |   Vbias exponent (α)   :  1.0000 bohr⁻²   |
*sMTD   7 completed successfully ...        5 min, 25.945 sec
  :::::::::: starting static MTD  27 ::::::::::
  |   MD simulation time   :    33.0 ps       |
  |   target T             :   400.0 K        |
  |   timestep dt          :     5.0 fs       |
  |   dump interval(trj)   :   100.0 fs       |
  |   SHAKE algorithm      : true (all bonds) |
  |   Vbias prefactor (k)  :  0.0036 Eh       |
  |   Vbias exponent (α)   :  1.0000 bohr⁻²   |
*sMTD   4 completed successfully ...        5 min, 26.209 sec
  :::::::::: starting static MTD  28 ::::::::::
  |   MD simulation time   :    33.0 ps       |
  |   target T             :   400.0 K        |
  |   timestep dt          :     5.0 fs       |
  |   dump interval(trj)   :   100.0 fs       |
  |   SHAKE algorithm      : true (all bonds) |
  |   Vbias prefactor (k)  :  0.0036 Eh       |
  |   Vbias exponent (α)   :  1.0000 bohr⁻²   |
*sMTD   3 completed successfully ...        5 min, 26.639 sec
  :::::::::: starting static MTD  29 ::::::::::
  |   MD simulation time   :    33.0 ps       |
  |   target T             :   400.0 K        |
  |   timestep dt          :     5.0 fs       |
  |   dump interval(trj)   :   100.0 fs       |
  |   SHAKE algorithm      : true (all bonds) |
  |   Vbias prefactor (k)  :  0.0036 Eh       |
  |   Vbias exponent (α)   :  1.0000 bohr⁻²   |
*sMTD   1 completed successfully ...        5 min, 26.875 sec
  :::::::::: starting static MTD  30 ::::::::::
  |   MD simulation time   :    33.0 ps       |
  |   target T             :   400.0 K        |
  |   timestep dt          :     5.0 fs       |
  |   dump interval(trj)   :   100.0 fs       |
  |   SHAKE algorithm      : true (all bonds) |
  |   Vbias prefactor (k)  :  0.0036 Eh       |
  |   Vbias exponent (α)   :  1.0000 bohr⁻²   |
*sMTD  18 completed successfully ...        5 min, 24.757 sec
  :::::::::: starting static MTD  31 ::::::::::
  |   MD simulation time   :    33.0 ps       |
  |   target T             :   400.0 K        |
  |   timestep dt          :     5.0 fs       |
  |   dump interval(trj)   :   100.0 fs       |
  |   SHAKE algorithm      : true (all bonds) |
  |   Vbias prefactor (k)  :  0.0036 Eh       |
  |   Vbias exponent (α)   :  1.0000 bohr⁻²   |
*sMTD  35 completed successfully ...        5 min, 24.623 sec
  :::::::::: starting static MTD  34 ::::::::::
  |   MD simulation time   :    33.0 ps       |
  |   target T             :   400.0 K        |
  |   timestep dt          :     5.0 fs       |
  |   dump interval(trj)   :   100.0 fs       |
  |   SHAKE algorithm      : true (all bonds) |
  |   Vbias prefactor (k)  :  0.0036 Eh       |
  |   Vbias exponent (α)   :  1.0000 bohr⁻²   |
*sMTD  25 completed successfully ...        5 min, 24.021 sec
  :::::::::: starting static MTD  32 ::::::::::
  |   MD simulation time   :    33.0 ps       |
  |   target T             :   400.0 K        |
  |   timestep dt          :     5.0 fs       |
  |   dump interval(trj)   :   100.0 fs       |
  |   SHAKE algorithm      : true (all bonds) |
  |   Vbias prefactor (k)  :  0.0036 Eh       |
  |   Vbias exponent (α)   :  1.0000 bohr⁻²   |
*sMTD  17 completed successfully ...        5 min, 25.047 sec
  :::::::::: starting static MTD  33 ::::::::::
  |   MD simulation time   :    33.0 ps       |
  |   target T             :   400.0 K        |
  |   timestep dt          :     5.0 fs       |
  |   dump interval(trj)   :   100.0 fs       |
  |   SHAKE algorithm      : true (all bonds) |
  |   Vbias prefactor (k)  :  0.0036 Eh       |
  |   Vbias exponent (α)   :  1.0000 bohr⁻²   |
*sMTD  19 completed successfully ...        5 min, 25.019 sec
*sMTD  20 completed successfully ...        5 min, 25.609 sec
*sMTD  16 completed successfully ...        5 min, 26.272 sec
*sMTD  23 completed successfully ...        5 min, 25.849 sec
*sMTD  24 completed successfully ...        5 min, 26.058 sec
*sMTD  21 completed successfully ...        5 min, 26.352 sec
*sMTD  26 completed successfully ...        5 min, 25.929 sec
*sMTD  22 completed successfully ...        5 min, 26.351 sec
*sMTD  27 completed successfully ...        5 min, 26.161 sec
*sMTD  29 completed successfully ...        5 min, 26.303 sec
*sMTD  28 completed successfully ...        5 min, 26.811 sec
*sMTD  30 completed successfully ...        5 min, 26.434 sec
*sMTD  31 completed successfully ...        3 min, 32.317 sec
*sMTD  32 completed successfully ...        3 min, 32.170 sec
*sMTD  33 completed successfully ...        3 min, 32.504 sec
*sMTD  34 completed successfully ...        3 min, 34.029 sec

 ======================================
 |  Multilevel Ensemble Optimization  |
 ======================================
 Optimizing all 11844 structures from file "crest_rotamers_0.xyz" ...
 ----------------------
 crude pre-optimization
 ----------------------
 Optimization engine: ANCOPT
 Hessian update type: BFGS
 E/G convergence criteria:  0.500E-03 Eh, 0.100E-01 Eh/a0
 maximum optimization steps: 200
 |>0.0% |>2.5% |>5.0% |>7.5% |>10.0% |>12.5% |>15.0% |>17.5% |>20.0% |>22.5% |>25.0% |>27.5% |>30.0% |>32.5% |>35.0% |>37.5% |>40.0% |>42.5% |>45.0% |>47.5% |>50.0% |>52.5% |>55.0% |>57.5% |>60.0% |>62.5% |>65.0% |>67.5% |>70.0% |>72.5% |>75.0% |>77.5% |>80.0% |>82.5% |>85.0% |>87.5% |>90.0% |>92.5% |>95.0% |>97.5% |>100.0%
 done.
> 11844 of 11844 structures successfully optimized (100.0% success)
> Total runtime for 11844 optimizations:
 * wall-time:     0 d,  0 h,  8 min, 10.093 sec
 *  cpu-time:     0 d,  2 h,  5 min, 58.225 sec
 * ratio c/w:    15.422 speedup
> Corresponding to approximately 0.041 sec per processed structure

CREGEN> running RMSDs ... done.
CREGEN> E lowest :   -70.68426
 11651 structures remain within    12.00 kcal/mol window
 ---------------------------------------
 optimization with very tight thresholds
 ---------------------------------------
 Optimization engine: ANCOPT
 Hessian update type: BFGS
 E/G convergence criteria:  0.100E-06 Eh, 0.200E-03 Eh/a0
 maximum optimization steps: 200
 |>0.0% |>2.5% |>5.0% |>7.5% |>10.0% |>12.5% |>15.0% |>17.5% |>20.0% |>22.5% |>25.0% |>27.5% |>30.0% |>32.5% |>35.0% |>37.5% |>40.0% |>42.5% |>45.0% |>47.5% |>50.0% |>52.5% |>55.0% |>57.5% |>60.0% |>62.5% |>65.0% |>67.5% |>70.0% |>72.5% |>75.0% |>77.5% |>80.0% |>82.5% |>85.0% |>87.5% |>90.0% |>92.5% |>95.0% |>97.5% |>100.0%
 done.
> 11182 of 11651 structures successfully optimized (96.0% success)
> Total runtime for 11651 optimizations:
 * wall-time:     0 d,  0 h, 43 min, 21.370 sec
 *  cpu-time:     0 d, 11 h, 19 min,  4.296 sec
 * ratio c/w:    15.663 speedup
> Corresponding to approximately 0.223 sec per processed structure

CREGEN> running RMSDs ... done.
CREGEN> E lowest :   -70.68494
 4761 structures remain within     6.00 kcal/mol window
CREGEN> running RMSDs ... done.
CREGEN> E lowest :   -70.68494

 Static MTD simulation iteration 11 finished
 A total of 5022 conformers (+ 2.05%) in crest_conformers.xyz
 S(approx.) =   12.757509 cal/molK (dS = 0.14%)
 Convergence w.r.t. conformers: F
 Convergence w.r.t. entropy   : T

     H(298.15K)-H(0) (conf)      1.925116
                   Cp(conf)      5.699611
                    S(conf)     12.752080

********************************************************************************
**                     I T E R A T I O N    C Y C L E     12                  **
********************************************************************************
 -------------------------------------------
 determining bias structures via PCA/k-Means
 -------------------------------------------

 272 structures were selected
 done.

 -----------------------------------------------
 determining MTD seed structures via PCA/k-Means
 -----------------------------------------------

 36 structures were selected
 done.


 ===========================================================
 Static MTDs (umbrella sampling) on 36 selected conformer(s)
 ===========================================================
> Using 272 constant RMSD bias potentials per MTD
  :::::::::: starting static MTD   1 ::::::::::
  |   MD simulation time   :    33.0 ps       |
  |   target T             :   400.0 K        |
  |   timestep dt          :     5.0 fs       |
  |   dump interval(trj)   :   100.0 fs       |
  |   SHAKE algorithm      : true (all bonds) |
  |   Vbias prefactor (k)  :  0.0036 Eh       |
  |   Vbias exponent (α)   :  1.0000 bohr⁻²   |
  :::::::::: starting static MTD   2 ::::::::::
  |   MD simulation time   :    33.0 ps       |
  |   target T             :   400.0 K        |
  |   timestep dt          :     5.0 fs       |
  |   dump interval(trj)   :   100.0 fs       |
  |   SHAKE algorithm      : true (all bonds) |
  |   Vbias prefactor (k)  :  0.0036 Eh       |
  |   Vbias exponent (α)   :  1.0000 bohr⁻²   |
  :::::::::: starting static MTD  10 ::::::::::
  |   MD simulation time   :    33.0 ps       |
  |   target T             :   400.0 K        |
  |   timestep dt          :     5.0 fs       |
  |   dump interval(trj)   :   100.0 fs       |
  |   SHAKE algorithm      : true (all bonds) |
  |   Vbias prefactor (k)  :  0.0036 Eh       |
  |   Vbias exponent (α)   :  1.0000 bohr⁻²   |
  :::::::::: starting static MTD  15 ::::::::::
  |   MD simulation time   :    33.0 ps       |
  |   target T             :   400.0 K        |
  |   timestep dt          :     5.0 fs       |
  |   dump interval(trj)   :   100.0 fs       |
  |   SHAKE algorithm      : true (all bonds) |
  |   Vbias prefactor (k)  :  0.0036 Eh       |
  |   Vbias exponent (α)   :  1.0000 bohr⁻²   |
  :::::::::: starting static MTD   7 ::::::::::
  |   MD simulation time   :    33.0 ps       |
  |   target T             :   400.0 K        |
  |   timestep dt          :     5.0 fs       |
  |   dump interval(trj)   :   100.0 fs       |
  |   SHAKE algorithm      : true (all bonds) |
  |   Vbias prefactor (k)  :  0.0036 Eh       |
  |   Vbias exponent (α)   :  1.0000 bohr⁻²   |
  :::::::::: starting static MTD  14 ::::::::::
  |   MD simulation time   :    33.0 ps       |
  |   target T             :   400.0 K        |
  |   timestep dt          :     5.0 fs       |
  |   dump interval(trj)   :   100.0 fs       |
  |   SHAKE algorithm      : true (all bonds) |
  |   Vbias prefactor (k)  :  0.0036 Eh       |
  |   Vbias exponent (α)   :  1.0000 bohr⁻²   |
  :::::::::: starting static MTD  36 ::::::::::
  |   MD simulation time   :    33.0 ps       |
  |   target T             :   400.0 K        |
  |   timestep dt          :     5.0 fs       |
  |   dump interval(trj)   :   100.0 fs       |
  |   SHAKE algorithm      : true (all bonds) |
  |   Vbias prefactor (k)  :  0.0036 Eh       |
  |   Vbias exponent (α)   :  1.0000 bohr⁻²   |
  :::::::::: starting static MTD   9 ::::::::::
  |   MD simulation time   :    33.0 ps       |
  |   target T             :   400.0 K        |
  |   timestep dt          :     5.0 fs       |
  |   dump interval(trj)   :   100.0 fs       |
  |   SHAKE algorithm      : true (all bonds) |
  |   Vbias prefactor (k)  :  0.0036 Eh       |
  |   Vbias exponent (α)   :  1.0000 bohr⁻²   |
  :::::::::: starting static MTD   3 ::::::::::
  |   MD simulation time   :    33.0 ps       |
  |   target T             :   400.0 K        |
  |   timestep dt          :     5.0 fs       |
  |   dump interval(trj)   :   100.0 fs       |
  |   SHAKE algorithm      : true (all bonds) |
  |   Vbias prefactor (k)  :  0.0036 Eh       |
  |   Vbias exponent (α)   :  1.0000 bohr⁻²   |
  :::::::::: starting static MTD   8 ::::::::::
  |   MD simulation time   :    33.0 ps       |
  |   target T             :   400.0 K        |
  |   timestep dt          :     5.0 fs       |
  |   dump interval(trj)   :   100.0 fs       |
  |   SHAKE algorithm      : true (all bonds) |
  |   Vbias prefactor (k)  :  0.0036 Eh       |
  |   Vbias exponent (α)   :  1.0000 bohr⁻²   |
  :::::::::: starting static MTD   4 ::::::::::
  |   MD simulation time   :    33.0 ps       |
  |   target T             :   400.0 K        |
  |   timestep dt          :     5.0 fs       |
  |   dump interval(trj)   :   100.0 fs       |
  |   SHAKE algorithm      : true (all bonds) |
  |   Vbias prefactor (k)  :  0.0036 Eh       |
  |   Vbias exponent (α)   :  1.0000 bohr⁻²   |
  :::::::::: starting static MTD  13 ::::::::::
  |   MD simulation time   :    33.0 ps       |
  |   target T             :   400.0 K        |
  |   timestep dt          :     5.0 fs       |
  |   dump interval(trj)   :   100.0 fs       |
  |   SHAKE algorithm      : true (all bonds) |
  |   Vbias prefactor (k)  :  0.0036 Eh       |
  |   Vbias exponent (α)   :  1.0000 bohr⁻²   |
  :::::::::: starting static MTD   5 ::::::::::
  |   MD simulation time   :    33.0 ps       |
  |   target T             :   400.0 K        |
  |   timestep dt          :     5.0 fs       |
  |   dump interval(trj)   :   100.0 fs       |
  |   SHAKE algorithm      : true (all bonds) |
  |   Vbias prefactor (k)  :  0.0036 Eh       |
  |   Vbias exponent (α)   :  1.0000 bohr⁻²   |
  :::::::::: starting static MTD  12 ::::::::::
  |   MD simulation time   :    33.0 ps       |
  |   target T             :   400.0 K        |
  |   timestep dt          :     5.0 fs       |
  |   dump interval(trj)   :   100.0 fs       |
  |   SHAKE algorithm      : true (all bonds) |
  |   Vbias prefactor (k)  :  0.0036 Eh       |
  |   Vbias exponent (α)   :  1.0000 bohr⁻²   |
  :::::::::: starting static MTD   6 ::::::::::
  |   MD simulation time   :    33.0 ps       |
  |   target T             :   400.0 K        |
  |   timestep dt          :     5.0 fs       |
  |   dump interval(trj)   :   100.0 fs       |
  |   SHAKE algorithm      : true (all bonds) |
  |   Vbias prefactor (k)  :  0.0036 Eh       |
  |   Vbias exponent (α)   :  1.0000 bohr⁻²   |
  :::::::::: starting static MTD  11 ::::::::::
  |   MD simulation time   :    33.0 ps       |
  |   target T             :   400.0 K        |
  |   timestep dt          :     5.0 fs       |
  |   dump interval(trj)   :   100.0 fs       |
  |   SHAKE algorithm      : true (all bonds) |
  |   Vbias prefactor (k)  :  0.0036 Eh       |
  |   Vbias exponent (α)   :  1.0000 bohr⁻²   |
*sMTD  36 completed successfully ...        5 min, 25.339 sec
  :::::::::: starting static MTD  35 ::::::::::
  |   MD simulation time   :    33.0 ps       |
  |   target T             :   400.0 K        |
  |   timestep dt          :     5.0 fs       |
  |   dump interval(trj)   :   100.0 fs       |
  |   SHAKE algorithm      : true (all bonds) |
  |   Vbias prefactor (k)  :  0.0036 Eh       |
  |   Vbias exponent (α)   :  1.0000 bohr⁻²   |
*sMTD  15 completed successfully ...        5 min, 25.585 sec
  :::::::::: starting static MTD  16 ::::::::::
  |   MD simulation time   :    33.0 ps       |
  |   target T             :   400.0 K        |
  |   timestep dt          :     5.0 fs       |
  |   dump interval(trj)   :   100.0 fs       |
  |   SHAKE algorithm      : true (all bonds) |
  |   Vbias prefactor (k)  :  0.0036 Eh       |
  |   Vbias exponent (α)   :  1.0000 bohr⁻²   |
*sMTD  10 completed successfully ...        5 min, 25.665 sec
  :::::::::: starting static MTD  17 ::::::::::
  |   MD simulation time   :    33.0 ps       |
  |   target T             :   400.0 K        |
  |   timestep dt          :     5.0 fs       |
  |   dump interval(trj)   :   100.0 fs       |
  |   SHAKE algorithm      : true (all bonds) |
  |   Vbias prefactor (k)  :  0.0036 Eh       |
  |   Vbias exponent (α)   :  1.0000 bohr⁻²   |
*sMTD  14 completed successfully ...        5 min, 25.665 sec
  :::::::::: starting static MTD  18 ::::::::::
  |   MD simulation time   :    33.0 ps       |
  |   target T             :   400.0 K        |
  |   timestep dt          :     5.0 fs       |
  |   dump interval(trj)   :   100.0 fs       |
  |   SHAKE algorithm      : true (all bonds) |
  |   Vbias prefactor (k)  :  0.0036 Eh       |
  |   Vbias exponent (α)   :  1.0000 bohr⁻²   |
*sMTD   7 completed successfully ...        5 min, 25.884 sec
  :::::::::: starting static MTD  19 ::::::::::
  |   MD simulation time   :    33.0 ps       |
  |   target T             :   400.0 K        |
  |   timestep dt          :     5.0 fs       |
  |   dump interval(trj)   :   100.0 fs       |
  |   SHAKE algorithm      : true (all bonds) |
  |   Vbias prefactor (k)  :  0.0036 Eh       |
  |   Vbias exponent (α)   :  1.0000 bohr⁻²   |
*sMTD   9 completed successfully ...        5 min, 25.903 sec
  :::::::::: starting static MTD  20 ::::::::::
  |   MD simulation time   :    33.0 ps       |
  |   target T             :   400.0 K        |
  |   timestep dt          :     5.0 fs       |
  |   dump interval(trj)   :   100.0 fs       |
  |   SHAKE algorithm      : true (all bonds) |
  |   Vbias prefactor (k)  :  0.0036 Eh       |
  |   Vbias exponent (α)   :  1.0000 bohr⁻²   |
*sMTD   8 completed successfully ...        5 min, 26.007 sec
  :::::::::: starting static MTD  21 ::::::::::
  |   MD simulation time   :    33.0 ps       |
  |   target T             :   400.0 K        |
  |   timestep dt          :     5.0 fs       |
  |   dump interval(trj)   :   100.0 fs       |
  |   SHAKE algorithm      : true (all bonds) |
  |   Vbias prefactor (k)  :  0.0036 Eh       |
  |   Vbias exponent (α)   :  1.0000 bohr⁻²   |
*sMTD   2 completed successfully ...        5 min, 26.013 sec
  :::::::::: starting static MTD  22 ::::::::::
  |   MD simulation time   :    33.0 ps       |
  |   target T             :   400.0 K        |
  |   timestep dt          :     5.0 fs       |
  |   dump interval(trj)   :   100.0 fs       |
  |   SHAKE algorithm      : true (all bonds) |
  |   Vbias prefactor (k)  :  0.0036 Eh       |
  |   Vbias exponent (α)   :  1.0000 bohr⁻²   |
*sMTD  12 completed successfully ...        5 min, 26.187 sec
  :::::::::: starting static MTD  23 ::::::::::
  |   MD simulation time   :    33.0 ps       |
  |   target T             :   400.0 K        |
  |   timestep dt          :     5.0 fs       |
  |   dump interval(trj)   :   100.0 fs       |
  |   SHAKE algorithm      : true (all bonds) |
  |   Vbias prefactor (k)  :  0.0036 Eh       |
  |   Vbias exponent (α)   :  1.0000 bohr⁻²   |
*sMTD   1 completed successfully ...        5 min, 26.270 sec
  :::::::::: starting static MTD  24 ::::::::::
  |   MD simulation time   :    33.0 ps       |
  |   target T             :   400.0 K        |
  |   timestep dt          :     5.0 fs       |
  |   dump interval(trj)   :   100.0 fs       |
  |   SHAKE algorithm      : true (all bonds) |
  |   Vbias prefactor (k)  :  0.0036 Eh       |
  |   Vbias exponent (α)   :  1.0000 bohr⁻²   |
*sMTD  13 completed successfully ...        5 min, 26.300 sec
  :::::::::: starting static MTD  25 ::::::::::
  |   MD simulation time   :    33.0 ps       |
  |   target T             :   400.0 K        |
  |   timestep dt          :     5.0 fs       |
  |   dump interval(trj)   :   100.0 fs       |
  |   SHAKE algorithm      : true (all bonds) |
  |   Vbias prefactor (k)  :  0.0036 Eh       |
  |   Vbias exponent (α)   :  1.0000 bohr⁻²   |
*sMTD   6 completed successfully ...        5 min, 26.554 sec
  :::::::::: starting static MTD  26 ::::::::::
  |   MD simulation time   :    33.0 ps       |
  |   target T             :   400.0 K        |
  |   timestep dt          :     5.0 fs       |
  |   dump interval(trj)   :   100.0 fs       |
  |   SHAKE algorithm      : true (all bonds) |
  |   Vbias prefactor (k)  :  0.0036 Eh       |
  |   Vbias exponent (α)   :  1.0000 bohr⁻²   |
*sMTD   4 completed successfully ...        5 min, 26.597 sec
  :::::::::: starting static MTD  27 ::::::::::
  |   MD simulation time   :    33.0 ps       |
  |   target T             :   400.0 K        |
  |   timestep dt          :     5.0 fs       |
  |   dump interval(trj)   :   100.0 fs       |
  |   SHAKE algorithm      : true (all bonds) |
  |   Vbias prefactor (k)  :  0.0036 Eh       |
  |   Vbias exponent (α)   :  1.0000 bohr⁻²   |
*sMTD   3 completed successfully ...        5 min, 26.918 sec
  :::::::::: starting static MTD  28 ::::::::::
  |   MD simulation time   :    33.0 ps       |
  |   target T             :   400.0 K        |
  |   timestep dt          :     5.0 fs       |
  |   dump interval(trj)   :   100.0 fs       |
  |   SHAKE algorithm      : true (all bonds) |
  |   Vbias prefactor (k)  :  0.0036 Eh       |
  |   Vbias exponent (α)   :  1.0000 bohr⁻²   |
*sMTD  11 completed successfully ...        5 min, 26.988 sec
  :::::::::: starting static MTD  29 ::::::::::
  |   MD simulation time   :    33.0 ps       |
  |   target T             :   400.0 K        |
  |   timestep dt          :     5.0 fs       |
  |   dump interval(trj)   :   100.0 fs       |
  |   SHAKE algorithm      : true (all bonds) |
  |   Vbias prefactor (k)  :  0.0036 Eh       |
  |   Vbias exponent (α)   :  1.0000 bohr⁻²   |
*sMTD   5 completed successfully ...        5 min, 27.691 sec
  :::::::::: starting static MTD  30 ::::::::::
  |   MD simulation time   :    33.0 ps       |
  |   target T             :   400.0 K        |
  |   timestep dt          :     5.0 fs       |
  |   dump interval(trj)   :   100.0 fs       |
  |   SHAKE algorithm      : true (all bonds) |
  |   Vbias prefactor (k)  :  0.0036 Eh       |
  |   Vbias exponent (α)   :  1.0000 bohr⁻²   |
*sMTD  18 completed successfully ...        5 min, 26.353 sec
  :::::::::: starting static MTD  31 ::::::::::
  |   MD simulation time   :    33.0 ps       |
  |   target T             :   400.0 K        |
  |   timestep dt          :     5.0 fs       |
  |   dump interval(trj)   :   100.0 fs       |
  |   SHAKE algorithm      : true (all bonds) |
  |   Vbias prefactor (k)  :  0.0036 Eh       |
  |   Vbias exponent (α)   :  1.0000 bohr⁻²   |
*sMTD  19 completed successfully ...        5 min, 27.389 sec
  :::::::::: starting static MTD  32 ::::::::::
  |   MD simulation time   :    33.0 ps       |
  |   target T             :   400.0 K        |
  |   timestep dt          :     5.0 fs       |
  |   dump interval(trj)   :   100.0 fs       |
  |   SHAKE algorithm      : true (all bonds) |
  |   Vbias prefactor (k)  :  0.0036 Eh       |
  |   Vbias exponent (α)   :  1.0000 bohr⁻²   |
*sMTD  21 completed successfully ...        5 min, 27.592 sec
  :::::::::: starting static MTD  33 ::::::::::
  |   MD simulation time   :    33.0 ps       |
  |   target T             :   400.0 K        |
  |   timestep dt          :     5.0 fs       |
  |   dump interval(trj)   :   100.0 fs       |
  |   SHAKE algorithm      : true (all bonds) |
  |   Vbias prefactor (k)  :  0.0036 Eh       |
  |   Vbias exponent (α)   :  1.0000 bohr⁻²   |
*sMTD  20 completed successfully ...        5 min, 27.715 sec
  :::::::::: starting static MTD  34 ::::::::::
  |   MD simulation time   :    33.0 ps       |
  |   target T             :   400.0 K        |
  |   timestep dt          :     5.0 fs       |
  |   dump interval(trj)   :   100.0 fs       |
  |   SHAKE algorithm      : true (all bonds) |
  |   Vbias prefactor (k)  :  0.0036 Eh       |
  |   Vbias exponent (α)   :  1.0000 bohr⁻²   |
*sMTD  25 completed successfully ...        5 min, 27.339 sec
*sMTD  17 completed successfully ...        5 min, 28.061 sec
*sMTD  16 completed successfully ...        5 min, 28.151 sec
*sMTD  26 completed successfully ...        5 min, 27.476 sec
*sMTD  35 completed successfully ...        5 min, 28.747 sec
*sMTD  24 completed successfully ...        5 min, 28.034 sec
*sMTD  27 completed successfully ...        5 min, 27.760 sec
*sMTD  23 completed successfully ...        5 min, 28.194 sec
*sMTD  22 completed successfully ...        5 min, 28.578 sec
*sMTD  30 completed successfully ...        5 min, 27.328 sec
*sMTD  28 completed successfully ...        5 min, 28.137 sec
*sMTD  29 completed successfully ...        5 min, 28.441 sec
*sMTD  31 completed successfully ...        3 min, 33.634 sec
*sMTD  32 completed successfully ...        3 min, 33.827 sec
*sMTD  33 completed successfully ...        3 min, 34.281 sec
*sMTD  34 completed successfully ...        3 min, 34.432 sec

 ======================================
 |  Multilevel Ensemble Optimization  |
 ======================================
 Optimizing all 11844 structures from file "crest_rotamers_0.xyz" ...
 ----------------------
 crude pre-optimization
 ----------------------
 Optimization engine: ANCOPT
 Hessian update type: BFGS
 E/G convergence criteria:  0.500E-03 Eh, 0.100E-01 Eh/a0
 maximum optimization steps: 200
 |>0.0% |>2.5% |>5.0% |>7.5% |>10.0% |>12.5% |>15.0% |>17.5% |>20.0% |>22.5% |>25.0% |>27.5% |>30.0% |>32.5% |>35.0% |>37.5% |>40.0% |>42.5% |>45.0% |>47.5% |>50.0% |>52.5% |>55.0% |>57.5% |>60.0% |>62.5% |>65.0% |>67.5% |>70.0% |>72.5% |>75.0% |>77.5% |>80.0% |>82.5% |>85.0% |>87.5% |>90.0% |>92.5% |>95.0% |>97.5% |>100.0%
 done.
> 11844 of 11844 structures successfully optimized (100.0% success)
> Total runtime for 11844 optimizations:
 * wall-time:     0 d,  0 h,  8 min, 13.689 sec
 *  cpu-time:     0 d,  2 h,  6 min, 46.516 sec
 * ratio c/w:    15.408 speedup
> Corresponding to approximately 0.042 sec per processed structure

CREGEN> running RMSDs ... done.
CREGEN> E lowest :   -70.68337
 11637 structures remain within    12.00 kcal/mol window
 ---------------------------------------
 optimization with very tight thresholds
 ---------------------------------------
 Optimization engine: ANCOPT
 Hessian update type: BFGS
 E/G convergence criteria:  0.100E-06 Eh, 0.200E-03 Eh/a0
 maximum optimization steps: 200
 |>0.0% |>2.5% |>5.0% |>7.5% |>10.0% |>12.5% |>15.0% |>17.5% |>20.0% |>22.5% |>25.0% |>27.5% |>30.0% |>32.5% |>35.0% |>37.5% |>40.0% |>42.5% |>45.0% |>47.5% |>50.0% |>52.5% |>55.0% |>57.5% |>60.0% |>62.5% |>65.0% |>67.5% |>70.0% |>72.5% |>75.0% |>77.5% |>80.0% |>82.5% |>85.0% |>87.5% |>90.0% |>92.5% |>95.0% |>97.5% |>100.0%
 done.
> 11306 of 11637 structures successfully optimized (97.2% success)
> Total runtime for 11637 optimizations:
 * wall-time:     0 d,  0 h, 42 min, 18.732 sec
 *  cpu-time:     0 d, 11 h,  2 min,  9.104 sec
 * ratio c/w:    15.649 speedup
> Corresponding to approximately 0.218 sec per processed structure

CREGEN> running RMSDs ... done.
CREGEN> E lowest :   -70.68494
 4723 structures remain within     6.00 kcal/mol window
CREGEN> running RMSDs ... done.
CREGEN> E lowest :   -70.68494

 Static MTD simulation iteration 12 finished
 A total of 5108 conformers (+ 1.68%) in crest_conformers.xyz
 S(approx.) =   12.774848 cal/molK (dS = 0.14%)
 Convergence w.r.t. conformers: T
 Convergence w.r.t. entropy   : T

     H(298.15K)-H(0) (conf)      1.928643
                   Cp(conf)      5.728505
                    S(conf)     12.769415


 --------------------------
 Final Ensemble Information
 --------------------------
 input  file name : crest_rotamers_2.xyz
 output file name : crest_rotamers_3.xyz
 number of atoms                :   50
 number of points on xyz files  :   55455
 RMSD threshold                 :   0.1250
 Bconst threshold               :   0.0100
 population threshold           :   0.0500
 # fragment in coord            :     1
 # bonds in reference structure :    50
 number of reliable points      : 55455
 sorting energy window (EWIN)   :    6.0000 / kcal*mol⁻¹
 reference state Etot           :  -70.684935179999997
 number of doubles removed by rot/RMSD         :        1401
 total number unique points considered further :       54054
       Erel/kcal        Etot weight/tot  conformer     set   degen     origin
       1   0.000   -70.68494    0.00060    0.02465       1      41
       2   0.036   -70.68488    0.00057    0.02771       2      49
       3   0.269   -70.68451    0.00038    0.01908       3      50
       4   0.314   -70.68444    0.00035    0.02054       4      58
       5   0.342   -70.68439    0.00034    0.02433       5      72
       6   0.372   -70.68434    0.00032    0.02665       6      83
       7   0.379   -70.68433    0.00032    0.02599       7      82
       8   0.401   -70.68430    0.00031    0.01377       8      45
       9   0.404   -70.68429    0.00030    0.01582       9      52
      10   0.434   -70.68424    0.00029    0.01910      10      66
      11   0.444   -70.68423    0.00028    0.00874      11      31
      12   0.480   -70.68417    0.00027    0.00027      12       1
      13   0.493   -70.68415    0.00026    0.00104      13       4
      14   0.582   -70.68401    0.00023    0.01330      14      59
      15   0.585   -70.68400    0.00022    0.00515      15      23
      16   0.593   -70.68399    0.00022    0.01328      16      60
      17   0.602   -70.68398    0.00022    0.01352      17      62
      18   0.607   -70.68397    0.00022    0.00454      18      21
      19   0.613   -70.68396    0.00021    0.00985      19      46
      20   0.636   -70.68392    0.00021    0.00082      20       4
      21   0.645   -70.68391    0.00020    0.00669      21      33
      22   0.647   -70.68390    0.00020    0.00465      22      23
      23   0.648   -70.68390    0.00020    0.00262      23      13
      24   0.693   -70.68383    0.00019    0.00935      24      50
      25   0.714   -70.68380    0.00018    0.00829      25      46
      26   0.736   -70.68376    0.00017    0.01007      26      58
      27   0.736   -70.68376    0.00017    0.00017      27       1
      28   0.759   -70.68373    0.00017    0.00902      28      54
      29   0.767   -70.68371    0.00016    0.01039      29      63
      30   0.772   -70.68370    0.00016    0.00065      30       4
      31   0.790   -70.68368    0.00016    0.01206      31      76
      32   0.791   -70.68367    0.00016    0.01021      32      65
      33   0.803   -70.68366    0.00016    0.01226      33      79
      34   0.805   -70.68365    0.00015    0.00441      34      29
      35   0.818   -70.68363    0.00015    0.00961      35      63
      36   0.830   -70.68361    0.00015    0.00861      36      58
      37   0.838   -70.68360    0.00015    0.00906      37      62
      38   0.845   -70.68359    0.00014    0.00087      38       6
      39   0.845   -70.68359    0.00014    0.00457      39      32
      40   0.862   -70.68356    0.00014    0.00729      40      52
      41   0.881   -70.68353    0.00014    0.00721      41      53
      42   0.882   -70.68353    0.00014    0.00691      42      51
      43   0.899   -70.68350    0.00013    0.00370      43      28
      44   0.919   -70.68347    0.00013    0.00038      44       3
      45   0.929   -70.68346    0.00013    0.00578      45      46
      46   0.964   -70.68340    0.00012    0.00911      46      77
      47   0.989   -70.68336    0.00011    0.00545      47      48
      48   1.009   -70.68333    0.00011    0.00230      48      21
      49   1.010   -70.68333    0.00011    0.00668      49      61
      50   1.011   -70.68332    0.00011    0.00556      50      51
      51   1.018   -70.68331    0.00011    0.00928      51      86
      52   1.025   -70.68330    0.00011    0.00886      52      83
      53   1.058   -70.68325    0.00010    0.00050      53       5
      54   1.059   -70.68325    0.00010    0.00837      54      83
      55   1.061   -70.68324    0.00010    0.00131      55      13
      56   1.086   -70.68320    0.00010    0.00645      56      67
      57   1.090   -70.68320    0.00010    0.00019      57       2
      58   1.096   -70.68319    0.00009    0.00512      58      54
      59   1.098   -70.68318    0.00009    0.00413      59      44
      60   1.137   -70.68312    0.00009    0.00027      60       3
      61   1.137   -70.68312    0.00009    0.00602      61      68
      62   1.145   -70.68311    0.00009    0.00410      62      47
      63   1.151   -70.68310    0.00009    0.00035      63       4
      64   1.152   -70.68310    0.00009    0.00209      64      25
      65   1.172   -70.68307    0.00008    0.00017      65       2
      66   1.175   -70.68306    0.00008    0.00638      66      77
      67   1.176   -70.68306    0.00008    0.00008      67       1
      68   1.182   -70.68305    0.00008    0.00016      68       2
      69   1.189   -70.68304    0.00008    0.00574      69      71
      70   1.202   -70.68302    0.00008    0.00364      70      46
      71   1.203   -70.68302    0.00008    0.00656      71      83
      72   1.204   -70.68302    0.00008    0.00290      72      37
      73   1.217   -70.68300    0.00008    0.00599      73      78
      74   1.235   -70.68297    0.00007    0.00015      74       2
      75   1.235   -70.68297    0.00007    0.00188      75      25
      76   1.252   -70.68294    0.00007    0.00015      76       2
      77   1.252   -70.68294    0.00007    0.00066      77       9
      78   1.252   -70.68294    0.00007    0.00443      78      61
      79   1.278   -70.68290    0.00007    0.00007      79       1
      80   1.278   -70.68290    0.00007    0.00292      80      42
      81   1.284   -70.68289    0.00007    0.00407      81      59
      82   1.309   -70.68285    0.00007    0.00489      82      74
      83   1.313   -70.68284    0.00007    0.00026      83       4
      84   1.313   -70.68284    0.00007    0.00321      84      49
      85   1.357   -70.68277    0.00006    0.00146      85      24
      86   1.358   -70.68277    0.00006    0.00176      86      29
      87   1.361   -70.68277    0.00006    0.00006      87       1
      88   1.362   -70.68276    0.00006    0.00181      88      30
      89   1.371   -70.68275    0.00006    0.00566      89      95
      90   1.372   -70.68275    0.00006    0.00363      90      61
      91   1.374   -70.68275    0.00006    0.00267      91      45
      92   1.376   -70.68274    0.00006    0.00419      92      71
      93   1.382   -70.68273    0.00006    0.00637      93     109
      94   1.385   -70.68273    0.00006    0.00285      94      49
      95   1.393   -70.68271    0.00006    0.00006      95       1
      96   1.404   -70.68270    0.00006    0.00231      96      41
      97   1.416   -70.68268    0.00006    0.00017      97       3
      98   1.429   -70.68266    0.00005    0.00313      98      59
      99   1.442   -70.68264    0.00005    0.00016      99       3
     100   1.442   -70.68264    0.00005    0.00449     100      85
     101   1.443   -70.68264    0.00005    0.00454     101      86
     102   1.443   -70.68263    0.00005    0.00820     102     156
     103   1.454   -70.68262    0.00005    0.00042     103       8
     104   1.458   -70.68261    0.00005    0.00262     104      51
     105   1.467   -70.68260    0.00005    0.00005     105       1
     106   1.467   -70.68260    0.00005    0.00532     106     105
     107   1.469   -70.68259    0.00005    0.00146     107      29
     108   1.470   -70.68259    0.00005    0.00237     108      47
     109   1.472   -70.68259    0.00005    0.00523     109     104
     110   1.478   -70.68258    0.00005    0.00557     110     112
     111   1.482   -70.68257    0.00005    0.00385     111      78
     112   1.489   -70.68256    0.00005    0.00269     112      55
     113   1.498   -70.68255    0.00005    0.00216     113      45
     114   1.500   -70.68255    0.00005    0.00206     114      43
     115   1.508   -70.68253    0.00005    0.00014     115       3
     116   1.509   -70.68253    0.00005    0.00024     116       5
     117   1.518   -70.68252    0.00005    0.00005     117       1
     118   1.518   -70.68252    0.00005    0.00005     118       1
     119   1.518   -70.68252    0.00005    0.00190     119      41
     120   1.521   -70.68251    0.00005    0.00051     120      11
     121   1.521   -70.68251    0.00005    0.00268     121      58
     122   1.528   -70.68250    0.00005    0.00727     122     159
     123   1.530   -70.68250    0.00005    0.00005     123       1
     124   1.535   -70.68249    0.00005    0.00022     124       5
     125   1.544   -70.68247    0.00004    0.00325     125      73
     126   1.551   -70.68246    0.00004    0.00158     126      36
     127   1.556   -70.68246    0.00004    0.00401     127      92
     128   1.557   -70.68245    0.00004    0.00204     128      47
     129   1.571   -70.68243    0.00004    0.00008     129       2
     130   1.590   -70.68240    0.00004    0.00313     130      76
     131   1.595   -70.68239    0.00004    0.00225     131      55
     132   1.596   -70.68239    0.00004    0.00130     132      32
     133   1.602   -70.68238    0.00004    0.00087     133      22
     134   1.631   -70.68234    0.00004    0.00150     134      39
     135   1.634   -70.68233    0.00004    0.00066     135      17
     136   1.636   -70.68233    0.00004    0.00194     136      51
     137   1.645   -70.68231    0.00004    0.00086     137      23
     138   1.654   -70.68230    0.00004    0.00007     138       2
     139   1.654   -70.68230    0.00004    0.00074     139      20
     140   1.657   -70.68229    0.00004    0.00004     140       1
     141   1.657   -70.68229    0.00004    0.00044     141      12
     142   1.663   -70.68228    0.00004    0.00055     142      15
     143   1.663   -70.68228    0.00004    0.00222     143      61
     144   1.664   -70.68228    0.00004    0.00355     144      98
     145   1.670   -70.68227    0.00004    0.00159     145      44
     146   1.675   -70.68227    0.00004    0.00004     146       1
     147   1.675   -70.68227    0.00004    0.00075     147      21
     148   1.675   -70.68227    0.00004    0.00139     148      39
     149   1.698   -70.68223    0.00003    0.00003     149       1
     150   1.698   -70.68223    0.00003    0.00003     150       1
     151   1.663   -70.68228    0.00004    0.00004     151       1
     152   1.703   -70.68222    0.00003    0.00010     152       3
     153   1.713   -70.68221    0.00003    0.00187     153      56
     154   1.715   -70.68220    0.00003    0.00283     154      85
     155   1.719   -70.68220    0.00003    0.00189     155      57
     156   1.746   -70.68215    0.00003    0.00009     156       3
     157   1.747   -70.68215    0.00003    0.00290     157      92
     158   1.768   -70.68212    0.00003    0.00006     158       2
     159   1.768   -70.68212    0.00003    0.00101     159      33
     160   1.769   -70.68212    0.00003    0.00091     160      30
     161   1.777   -70.68210    0.00003    0.00153     161      51
     162   1.788   -70.68209    0.00003    0.00151     162      51
     163   1.795   -70.68208    0.00003    0.00023     163       8
     164   1.795   -70.68208    0.00003    0.00079     164      27
     165   1.795   -70.68207    0.00003    0.00114     165      39
     166   1.796   -70.68207    0.00003    0.00102     166      35
     167   1.799   -70.68207    0.00003    0.00159     167      55
     168   1.801   -70.68207    0.00003    0.00199     168      69
     169   1.805   -70.68206    0.00003    0.00158     169      55
     170   1.818   -70.68204    0.00003    0.00140     170      50
     171   1.819   -70.68204    0.00003    0.00143     171      51
     172   1.822   -70.68203    0.00003    0.00318     172     114
     173   1.823   -70.68203    0.00003    0.00161     173      58
     174   1.826   -70.68202    0.00003    0.00041     174      15
     175   1.829   -70.68202    0.00003    0.00151     175      55
     176   1.836   -70.68201    0.00003    0.00060     176      22
     177   1.840   -70.68200    0.00003    0.00062     177      23
     178   1.848   -70.68199    0.00003    0.00051     178      19
     179   1.849   -70.68199    0.00003    0.00045     179      17
     180   1.849   -70.68199    0.00003    0.00070     180      26
     181   1.855   -70.68198    0.00003    0.00019     181       7
     182   1.855   -70.68198    0.00003    0.00003     182       1
     183   1.855   -70.68198    0.00003    0.00179     183      68
     184   1.861   -70.68197    0.00003    0.00125     184      48
     185   1.864   -70.68196    0.00003    0.00005     185       2
     186   1.864   -70.68196    0.00003    0.00106     186      41
     187   1.870   -70.68196    0.00003    0.00380     187     148
     188   1.870   -70.68196    0.00003    0.00013     188       5
     189   1.879   -70.68194    0.00003    0.00005     189       2
     190   1.879   -70.68194    0.00003    0.00204     190      81
     191   1.879   -70.68194    0.00003    0.00003     191       1
     192   1.894   -70.68192    0.00002    0.00005     192       2
     193   1.894   -70.68192    0.00002    0.00005     193       2
     194   1.894   -70.68192    0.00002    0.00059     194      24
     195   1.896   -70.68191    0.00002    0.00113     195      46
     196   1.898   -70.68191    0.00002    0.00339     196     139
     197   1.905   -70.68190    0.00002    0.00150     197      62
     198   1.906   -70.68190    0.00002    0.00012     198       5
     199   1.906   -70.68190    0.00002    0.00257     199     107
     200   1.922   -70.68187    0.00002    0.00140     200      59
     201   1.922   -70.68187    0.00002    0.00096     201      41
     202   1.922   -70.68187    0.00002    0.00002     202       1
     203   1.922   -70.68187    0.00002    0.00002     203       1
     204   1.922   -70.68187    0.00002    0.00002     204       1
     205   1.922   -70.68187    0.00002    0.00064     205      27
     206   1.922   -70.68187    0.00002    0.00371     206     158
     207   1.924   -70.68187    0.00002    0.00362     207     156
     208   1.935   -70.68185    0.00002    0.00046     208      20
     209   1.935   -70.68185    0.00002    0.00037     209      16
     210   1.935   -70.68185    0.00002    0.00310     210     132
     211   1.902   -70.68190    0.00002    0.00028     211      12
     212   1.944   -70.68184    0.00002    0.00295     212     130
     213   1.945   -70.68184    0.00002    0.00079     213      35
     214   1.951   -70.68183    0.00002    0.00027     214      12
     215   1.952   -70.68182    0.00002    0.00016     215       7
     216   1.952   -70.68182    0.00002    0.00089     216      40
     217   1.953   -70.68182    0.00002    0.00183     217      82
     218   1.955   -70.68182    0.00002    0.00002     218       1
     219   1.953   -70.68182    0.00002    0.00086     219      39
     220   1.965   -70.68180    0.00002    0.00002     220       1
     221   1.965   -70.68180    0.00002    0.00033     221      15
     222   1.966   -70.68180    0.00002    0.00002     222       1
     223   1.967   -70.68180    0.00002    0.00048     223      22
     224   1.971   -70.68179    0.00002    0.00011     224       5
     225   1.944   -70.68184    0.00002    0.00043     225      20
     226   1.975   -70.68179    0.00002    0.00002     226       1
     227   1.975   -70.68179    0.00002    0.00060     227      28
     228   1.979   -70.68178    0.00002    0.00125     228      58
     229   1.977   -70.68178    0.00002    0.00071     229      33
     230   1.980   -70.68178    0.00002    0.00058     230      27
     231   1.983   -70.68178    0.00002    0.00055     231      26
     232   1.984   -70.68177    0.00002    0.00310     232     146
     233   1.987   -70.68177    0.00002    0.00008     233       4
     234   1.987   -70.68177    0.00002    0.00078     234      37
     235   1.993   -70.68176    0.00002    0.00015     235       7
     236   1.993   -70.68176    0.00002    0.00084     236      40
     237   1.994   -70.68176    0.00002    0.00081     237      39
     238   1.993   -70.68176    0.00002    0.00004     238       2
     239   1.987   -70.68177    0.00002    0.00014     239       7
     240   2.001   -70.68175    0.00002    0.00185     240      90
     241   2.003   -70.68174    0.00002    0.00224     241     109
     242   2.001   -70.68175    0.00002    0.00004     242       2
     243   2.009   -70.68173    0.00002    0.00100     243      49
     244   2.012   -70.68173    0.00002    0.00002     244       1
     245   2.012   -70.68173    0.00002    0.00055     245      27
     246   2.015   -70.68172    0.00002    0.00102     246      51
     247   2.024   -70.68171    0.00002    0.00002     247       1
     248   2.027   -70.68170    0.00002    0.00006     248       3
     249   2.028   -70.68170    0.00002    0.00061     249      31
     250   2.031   -70.68170    0.00002    0.00006     250       3
     251   2.031   -70.68170    0.00002    0.00063     251      32
     252   2.042   -70.68168    0.00002    0.00002     252       1
     253   2.051   -70.68167    0.00002    0.00064     253      34
     254   2.055   -70.68166    0.00002    0.00083     254      44
     255   2.057   -70.68166    0.00002    0.00086     255      46
     256   2.064   -70.68165    0.00002    0.00013     256       7
     257   2.064   -70.68165    0.00002    0.00029     257      16
     258   2.070   -70.68164    0.00002    0.00006     258       3
     259   2.065   -70.68164    0.00002    0.00039     259      21
     260   2.071   -70.68163    0.00002    0.00082     260      45
     261   2.077   -70.68163    0.00002    0.00005     261       3
     262   2.077   -70.68163    0.00002    0.00165     262      91
     263   2.081   -70.68162    0.00002    0.00002     263       1
     264   2.082   -70.68162    0.00002    0.00002     264       1
     265   2.082   -70.68162    0.00002    0.00005     265       3
     266   2.082   -70.68162    0.00002    0.00143     266      80
     267   2.091   -70.68160    0.00002    0.00032     267      18
     268   2.091   -70.68160    0.00002    0.00007     268       4
     269   2.091   -70.68160    0.00002    0.00046     269      26
     270   2.091   -70.68160    0.00002    0.00004     270       2
     271   2.091   -70.68160    0.00002    0.00162     271      93
     272   2.117   -70.68156    0.00002    0.00049     272      29
     273   2.118   -70.68156    0.00002    0.00025     273      15
     274   2.118   -70.68156    0.00002    0.00049     274      28
     275   2.087   -70.68161    0.00002    0.00021     275      12
     276   2.087   -70.68161    0.00002    0.00002     276       1
     277   2.087   -70.68161    0.00002    0.00014     277       8
     278   2.119   -70.68156    0.00002    0.00002     278       1
     279   2.119   -70.68156    0.00002    0.00002     279       1
     280   2.119   -70.68156    0.00002    0.00014     280       8
     281   2.123   -70.68155    0.00002    0.00012     281       7
     282   2.126   -70.68155    0.00002    0.00068     282      41
     283   2.129   -70.68154    0.00002    0.00206     283     124
     284   2.129   -70.68154    0.00002    0.00089     284      54
     285   2.129   -70.68154    0.00002    0.00018     285      11
     286   2.143   -70.68152    0.00002    0.00002     286       1
     287   2.143   -70.68152    0.00002    0.00079     287      49
     288   2.143   -70.68152    0.00002    0.00079     288      49
     289   2.146   -70.68152    0.00002    0.00103     289      64
     290   2.147   -70.68151    0.00002    0.00167     290     104
     291   2.149   -70.68151    0.00002    0.00067     291      42
     292   2.149   -70.68151    0.00002    0.00087     292      54
     293   2.151   -70.68151    0.00002    0.00094     293      59
     294   2.152   -70.68151    0.00002    0.00022     294      14
     295   2.154   -70.68150    0.00002    0.00006     295       4
     296   2.154   -70.68150    0.00002    0.00092     296      58
     297   2.158   -70.68150    0.00002    0.00002     297       1
     298   2.158   -70.68150    0.00002    0.00005     298       3
     299   2.158   -70.68150    0.00002    0.00118     299      75
     300   2.160   -70.68149    0.00002    0.00100     300      64
     301   2.169   -70.68148    0.00002    0.00026     301      17
     302   2.129   -70.68154    0.00002    0.00019     302      12
     303   2.171   -70.68147    0.00002    0.00085     303      55
     304   2.172   -70.68147    0.00002    0.00005     304       3
     305   2.173   -70.68147    0.00002    0.00028     305      18
     306   2.173   -70.68147    0.00002    0.00083     306      54
     307   2.173   -70.68147    0.00002    0.00014     307       9
     308   2.173   -70.68147    0.00002    0.00105     308      68
     309   2.180   -70.68146    0.00002    0.00115     309      76
     310   2.200   -70.68143    0.00001    0.00003     310       2
     311   2.200   -70.68143    0.00001    0.00009     311       6
     312   2.200   -70.68143    0.00001    0.00005     312       3
     313   2.200   -70.68143    0.00001    0.00003     313       2
     314   2.200   -70.68143    0.00001    0.00015     314      10
     315   2.201   -70.68143    0.00001    0.00029     315      19
     316   2.202   -70.68143    0.00001    0.00065     316      44
     317   2.185   -70.68145    0.00002    0.00006     317       4
     318   2.186   -70.68145    0.00002    0.00036     318      24
     319   2.204   -70.68142    0.00001    0.00076     319      52
     320   2.211   -70.68141    0.00001    0.00035     320      24
     321   2.207   -70.68142    0.00001    0.00025     321      17
     322   2.216   -70.68140    0.00001    0.00001     322       1
     323   2.216   -70.68140    0.00001    0.00011     323       8
     324   2.216   -70.68140    0.00001    0.00163     324     114
     325   2.225   -70.68139    0.00001    0.00065     325      46
     326   2.229   -70.68138    0.00001    0.00046     326      33
     327   2.231   -70.68138    0.00001    0.00095     327      68
     328   2.236   -70.68137    0.00001    0.00004     328       3
     329   2.237   -70.68137    0.00001    0.00001     329       1
     330   2.237   -70.68137    0.00001    0.00079     330      57
     331   2.242   -70.68136    0.00001    0.00049     331      36
     332   2.244   -70.68136    0.00001    0.00026     332      19
     333   2.235   -70.68137    0.00001    0.00069     333      50
     334   2.244   -70.68136    0.00001    0.00081     334      59
     335   2.247   -70.68135    0.00001    0.00120     335      88
     336   2.248   -70.68135    0.00001    0.00176     336     130
     337   2.250   -70.68135    0.00001    0.00009     337       7
     338   2.250   -70.68135    0.00001    0.00061     338      45
     339   2.252   -70.68135    0.00001    0.00018     339      13
     340   2.251   -70.68135    0.00001    0.00019     340      14
     341   2.253   -70.68135    0.00001    0.00024     341      18
     342   2.256   -70.68134    0.00001    0.00064     342      48
     343   2.259   -70.68134    0.00001    0.00089     343      67
     344   2.263   -70.68133    0.00001    0.00004     344       3
     345   2.251   -70.68135    0.00001    0.00040     345      30
     346   2.270   -70.68132    0.00001    0.00021     346      16
     347   2.270   -70.68132    0.00001    0.00004     347       3
     348   2.270   -70.68132    0.00001    0.00068     348      52
     349   2.272   -70.68131    0.00001    0.00064     349      49
     350   2.275   -70.68131    0.00001    0.00004     350       3
     351   2.275   -70.68131    0.00001    0.00001     351       1
     352   2.275   -70.68131    0.00001    0.00056     352      43
     353   2.279   -70.68130    0.00001    0.00004     353       3
     354   2.279   -70.68130    0.00001    0.00101     354      78
     355   2.286   -70.68129    0.00001    0.00003     355       2
     356   2.286   -70.68129    0.00001    0.00046     356      36
     357   2.287   -70.68129    0.00001    0.00032     357      25
     358   2.294   -70.68128    0.00001    0.00001     358       1
     359   2.294   -70.68128    0.00001    0.00010     359       8
     360   2.294   -70.68128    0.00001    0.00077     360      61
     361   2.297   -70.68128    0.00001    0.00003     361       2
     362   2.297   -70.68127    0.00001    0.00114     362      91
     363   2.303   -70.68127    0.00001    0.00001     363       1
     364   2.303   -70.68127    0.00001    0.00007     364       6
     365   2.303   -70.68127    0.00001    0.00004     365       3
     366   2.303   -70.68127    0.00001    0.00002     366       2
     367   2.303   -70.68127    0.00001    0.00045     367      36
     368   2.303   -70.68127    0.00001    0.00123     368     100
     369   2.311   -70.68125    0.00001    0.00098     369      80
     370   2.312   -70.68125    0.00001    0.00002     370       2
     371   2.312   -70.68125    0.00001    0.00004     371       3
     372   2.312   -70.68125    0.00001    0.00061     372      50
     373   2.315   -70.68125    0.00001    0.00051     373      42
     374   2.316   -70.68125    0.00001    0.00152     374     125
     375   2.318   -70.68124    0.00001    0.00001     375       1
     376   2.318   -70.68124    0.00001    0.00023     376      19
     377   2.319   -70.68124    0.00001    0.00001     377       1
     378   2.319   -70.68124    0.00001    0.00001     378       1
     379   2.319   -70.68124    0.00001    0.00043     379      36
     380   2.319   -70.68124    0.00001    0.00018     380      15
     381   2.319   -70.68124    0.00001    0.00061     381      51
     382   2.322   -70.68123    0.00001    0.00149     382     125
     383   2.331   -70.68122    0.00001    0.00001     383       1
     384   2.332   -70.68122    0.00001    0.00001     384       1
     385   2.332   -70.68122    0.00001    0.00006     385       5
     386   2.332   -70.68122    0.00001    0.00031     386      26
     387   2.336   -70.68121    0.00001    0.00074     387      62
     388   2.311   -70.68125    0.00001    0.00002     388       2
     389   2.311   -70.68125    0.00001    0.00040     389      33
     390   2.338   -70.68121    0.00001    0.00001     390       1
     391   2.338   -70.68121    0.00001    0.00001     391       1
     392   2.338   -70.68121    0.00001    0.00001     392       1
     393   2.338   -70.68121    0.00001    0.00042     393      36
     394   2.342   -70.68120    0.00001    0.00002     394       2
     395   2.342   -70.68120    0.00001    0.00029     395      25
     396   2.324   -70.68123    0.00001    0.00001     396       1
     397   2.345   -70.68120    0.00001    0.00002     397       2
     398   2.345   -70.68120    0.00001    0.00016     398      14
     399   2.346   -70.68120    0.00001    0.00008     399       7
     400   2.348   -70.68119    0.00001    0.00036     400      31
     401   2.350   -70.68119    0.00001    0.00002     401       2
     402   2.350   -70.68119    0.00001    0.00037     402      32
     403   2.352   -70.68119    0.00001    0.00002     403       2
     404   2.353   -70.68119    0.00001    0.00019     404      17
     405   2.354   -70.68118    0.00001    0.00073     405      64
     406   2.357   -70.68118    0.00001    0.00002     406       2
     407   2.357   -70.68118    0.00001    0.00103     407      91
     408   2.366   -70.68116    0.00001    0.00034     408      30
     409   2.366   -70.68116    0.00001    0.00004     409       4
     410   2.366   -70.68116    0.00001    0.00002     410       2
     411   2.366   -70.68116    0.00001    0.00002     411       2
     412   2.366   -70.68116    0.00001    0.00001     412       1
     413   2.366   -70.68116    0.00001    0.00138     413     124
     414   2.370   -70.68116    0.00001    0.00024     414      22
     415   2.371   -70.68116    0.00001    0.00086     415      78
     416   2.375   -70.68115    0.00001    0.00020     416      18
     417   2.378   -70.68115    0.00001    0.00001     417       1
     418   2.378   -70.68115    0.00001    0.00003     418       3
     419   2.378   -70.68115    0.00001    0.00023     419      21
     420   2.381   -70.68114    0.00001    0.00016     420      15
     421   2.381   -70.68114    0.00001    0.00013     421      12
     422   2.382   -70.68114    0.00001    0.00009     422       8
     423   2.381   -70.68114    0.00001    0.00012     423      11
     424   2.382   -70.68114    0.00001    0.00017     424      16
     425   2.384   -70.68114    0.00001    0.00001     425       1
     426   2.381   -70.68114    0.00001    0.00013     426      12
     427   2.385   -70.68113    0.00001    0.00073     427      68
     428   2.368   -70.68116    0.00001    0.00001     428       1
     429   2.385   -70.68113    0.00001    0.00002     429       2
     430   2.385   -70.68113    0.00001    0.00005     430       5
     431   2.390   -70.68113    0.00001    0.00012     431      11
     432   2.390   -70.68113    0.00001    0.00001     432       1
     433   2.391   -70.68112    0.00001    0.00067     433      63
     434   2.387   -70.68113    0.00001    0.00027     434      24
     435   2.393   -70.68112    0.00001    0.00005     435       5
     436   2.391   -70.68113    0.00001    0.00043     436      40
     437   2.394   -70.68112    0.00001    0.00003     437       3
     438   2.396   -70.68112    0.00001    0.00012     438      11
     439   2.397   -70.68112    0.00001    0.00001     439       1
     440   2.397   -70.68112    0.00001    0.00040     440      38
     441   2.398   -70.68111    0.00001    0.00040     441      38
     442   2.388   -70.68113    0.00001    0.00001     442       1
     443   2.388   -70.68113    0.00001    0.00072     443      68
     444   2.400   -70.68111    0.00001    0.00001     444       1
     445   2.400   -70.68111    0.00001    0.00014     445      13
     446   2.400   -70.68111    0.00001    0.00003     446       3
     447   2.400   -70.68111    0.00001    0.00034     447      32
     448   2.400   -70.68111    0.00001    0.00158     448     151
     449   2.377   -70.68115    0.00001    0.00005     449       5
     450   2.405   -70.68110    0.00001    0.00010     450      10
     451   2.405   -70.68110    0.00001    0.00023     451      22
     452   2.406   -70.68110    0.00001    0.00005     452       5
     453   2.407   -70.68110    0.00001    0.00021     453      20
     454   2.407   -70.68110    0.00001    0.00058     454      56
     455   2.415   -70.68109    0.00001    0.00026     455      25
     456   2.406   -70.68110    0.00001    0.00014     456      14
     457   2.415   -70.68109    0.00001    0.00024     457      23
     458   2.406   -70.68110    0.00001    0.00023     458      22
     459   2.417   -70.68108    0.00001    0.00001     459       1
     460   2.417   -70.68108    0.00001    0.00008     460       8
     461   2.417   -70.68108    0.00001    0.00001     461       1
     462   2.417   -70.68108    0.00001    0.00001     462       1
     463   2.417   -70.68108    0.00001    0.00027     463      26
     464   2.418   -70.68108    0.00001    0.00001     464       1
     465   2.418   -70.68108    0.00001    0.00005     465       5
     466   2.400   -70.68111    0.00001    0.00038     466      37
     467   2.418   -70.68108    0.00001    0.00017     467      17
     468   2.418   -70.68108    0.00001    0.00049     468      48
     469   2.419   -70.68108    0.00001    0.00013     469      13
     470   2.419   -70.68108    0.00001    0.00070     470      69
     471   2.421   -70.68108    0.00001    0.00115     471     113
     472   2.432   -70.68106    0.00001    0.00035     472      35
     473   2.432   -70.68106    0.00001    0.00001     473       1
     474   2.433   -70.68106    0.00001    0.00003     474       3
     475   2.433   -70.68106    0.00001    0.00046     475      46
     476   2.412   -70.68109    0.00001    0.00003     476       3
     477   2.435   -70.68106    0.00001    0.00033     477      33
     478   2.436   -70.68105    0.00001    0.00001     478       1
     479   2.436   -70.68105    0.00001    0.00005     479       5
     480   2.438   -70.68105    0.00001    0.00005     480       5
     481   2.436   -70.68105    0.00001    0.00001     481       1
     482   2.438   -70.68105    0.00001    0.00006     482       6
     483   2.437   -70.68105    0.00001    0.00049     483      50
     484   2.443   -70.68104    0.00001    0.00008     484       8
     485   2.443   -70.68104    0.00001    0.00001     485       1
     486   2.443   -70.68104    0.00001    0.00030     486      31
     487   2.419   -70.68108    0.00001    0.00027     487      28
     488   2.446   -70.68104    0.00001    0.00010     488      10
     489   2.447   -70.68104    0.00001    0.00056     489      57
     490   2.447   -70.68104    0.00001    0.00035     490      36
     491   2.454   -70.68102    0.00001    0.00009     491       9
     492   2.456   -70.68102    0.00001    0.00003     492       3
     493   2.456   -70.68102    0.00001    0.00017     493      18
     494   2.458   -70.68102    0.00001    0.00005     494       5
     495   2.446   -70.68104    0.00001    0.00042     495      44
     496   2.462   -70.68101    0.00001    0.00001     496       1
     497   2.462   -70.68101    0.00001    0.00021     497      22
     498   2.462   -70.68101    0.00001    0.00001     498       1
     499   2.462   -70.68101    0.00001    0.00014     499      15
     500   2.462   -70.68101    0.00001    0.00052     500      54
     501   2.465   -70.68101    0.00001    0.00047     501      49
     502   2.458   -70.68102    0.00001    0.00008     502       8
     503   2.470   -70.68100    0.00001    0.00037     503      40
     504   2.470   -70.68100    0.00001    0.00007     504       8
     505   2.474   -70.68099    0.00001    0.00003     505       3
     506   2.474   -70.68099    0.00001    0.00006     506       7
     507   2.474   -70.68099    0.00001    0.00021     507      22
     508   2.473   -70.68099    0.00001    0.00001     508       1
     509   2.447   -70.68104    0.00001    0.00018     509      19
     510   2.475   -70.68099    0.00001    0.00002     510       2
     511   2.475   -70.68099    0.00001    0.00025     511      27
     512   2.476   -70.68099    0.00001    0.00067     512      72
     513   2.476   -70.68099    0.00001    0.00033     513      36
     514   2.477   -70.68099    0.00001    0.00049     514      53
     515   2.477   -70.68099    0.00001    0.00082     515      89
     516   2.478   -70.68099    0.00001    0.00014     516      15
     517   2.478   -70.68099    0.00001    0.00057     517      62
     518   2.481   -70.68098    0.00001    0.00041     518      45
     519   2.481   -70.68098    0.00001    0.00029     519      32
     520   2.481   -70.68098    0.00001    0.00026     520      29
     521   2.486   -70.68097    0.00001    0.00001     521       1
     522   2.486   -70.68097    0.00001    0.00056     522      61
     523   2.486   -70.68097    0.00001    0.00002     523       2
     524   2.486   -70.68097    0.00001    0.00036     524      40
     525   2.491   -70.68097    0.00001    0.00035     525      39
     526   2.486   -70.68097    0.00001    0.00062     526      69
     527   2.496   -70.68096    0.00001    0.00028     527      32
     528   2.502   -70.68095    0.00001    0.00064     528      72
     529   2.507   -70.68094    0.00001    0.00001     529       1
     530   2.506   -70.68094    0.00001    0.00031     530      36
     531   2.510   -70.68093    0.00001    0.00018     531      21
     532   2.503   -70.68095    0.00001    0.00001     532       1
     533   2.508   -70.68094    0.00001    0.00001     533       1
     534   2.506   -70.68094    0.00001    0.00003     534       4
     535   2.510   -70.68094    0.00001    0.00007     535       8
     536   2.462   -70.68101    0.00001    0.00042     536      46
     537   2.512   -70.68093    0.00001    0.00025     537      28
     538   2.517   -70.68092    0.00001    0.00003     538       3
     539   2.517   -70.68092    0.00001    0.00002     539       2
     540   2.517   -70.68092    0.00001    0.00001     540       1
     541   2.517   -70.68092    0.00001    0.00055     541      63
     542   2.520   -70.68092    0.00001    0.00003     542       3
     543   2.520   -70.68092    0.00001    0.00015     543      17
     544   2.521   -70.68092    0.00001    0.00032     544      37
     545   2.521   -70.68092    0.00001    0.00016     545      19
     546   2.524   -70.68091    0.00001    0.00011     546      13
     547   2.524   -70.68091    0.00001    0.00048     547      56
     548   2.527   -70.68091    0.00001    0.00052     548      61
     549   2.528   -70.68091    0.00001    0.00034     549      40
     550   2.539   -70.68089    0.00001    0.00002     550       3
     551   2.539   -70.68089    0.00001    0.00001     551       1
     552   2.539   -70.68089    0.00001    0.00015     552      18
     553   2.540   -70.68089    0.00001    0.00051     553      62
     554   2.542   -70.68088    0.00001    0.00032     554      39
     555   2.545   -70.68088    0.00001    0.00016     555      20
     556   2.547   -70.68088    0.00001    0.00075     556      92
     557   2.552   -70.68087    0.00001    0.00001     557       1
     558   2.552   -70.68087    0.00001    0.00006     558       8
     559   2.558   -70.68086    0.00001    0.00003     559       4
     560   2.560   -70.68086    0.00001    0.00001     560       1
     561   2.560   -70.68086    0.00001    0.00001     561       1
     562   2.560   -70.68086    0.00001    0.00037     562      46
     563   2.561   -70.68085    0.00001    0.00071     563      89
     564   2.566   -70.68085    0.00001    0.00010     564      13
     565   2.572   -70.68084    0.00001    0.00033     565      42
     566   2.578   -70.68083    0.00001    0.00005     566       7
     567   2.584   -70.68082    0.00001    0.00017     567      22
     568   2.585   -70.68082    0.00001    0.00013     568      17
     569   2.585   -70.68082    0.00001    0.00035     569      46
     570   2.595   -70.68080    0.00001    0.00033     570      43
     571   2.595   -70.68080    0.00001    0.00089     571     117
     572   2.598   -70.68080    0.00001    0.00046     572      61
     573   2.598   -70.68080    0.00001    0.00002     573       2
     574   2.595   -70.68080    0.00001    0.00001     574       1
     575   2.598   -70.68080    0.00001    0.00011     575      15
     576   2.600   -70.68079    0.00001    0.00037     576      50
     577   2.601   -70.68079    0.00001    0.00009     577      12
     578   2.602   -70.68079    0.00001    0.00009     578      12
     579   2.601   -70.68079    0.00001    0.00007     579       9
     580   2.606   -70.68078    0.00001    0.00001     580       1
     581   2.607   -70.68078    0.00001    0.00006     581       8
     582   2.607   -70.68078    0.00001    0.00025     582      34
     583   2.609   -70.68078    0.00001    0.00001     583       1
     584   2.609   -70.68078    0.00001    0.00024     584      33
     585   2.611   -70.68077    0.00001    0.00010     585      14
     586   2.611   -70.68077    0.00001    0.00096     586     130
     587   2.613   -70.68077    0.00001    0.00008     587      11
     588   2.613   -70.68077    0.00001    0.00074     588     101
     589   2.619   -70.68076    0.00001    0.00012     589      16
     590   2.619   -70.68076    0.00001    0.00001     590       1
     591   2.619   -70.68076    0.00001    0.00001     591       2
     592   2.619   -70.68076    0.00001    0.00065     592      89
     593   2.624   -70.68075    0.00001    0.00001     593       2
     594   2.624   -70.68075    0.00001    0.00001     594       2
     595   2.624   -70.68075    0.00001    0.00031     595      43
     596   2.619   -70.68076    0.00001    0.00001     596       1
     597   2.631   -70.68074    0.00001    0.00005     597       7
     598   2.631   -70.68074    0.00001    0.00017     598      24
     599   2.634   -70.68074    0.00001    0.00040     599      56
     600   2.634   -70.68074    0.00001    0.00040     600      57
     601   2.635   -70.68074    0.00001    0.00036     601      51
     602   2.636   -70.68073    0.00001    0.00037     602      52
     603   2.642   -70.68073    0.00001    0.00005     603       7
     604   2.643   -70.68072    0.00001    0.00012     604      17
     605   2.644   -70.68072    0.00001    0.00002     605       3
     606   2.644   -70.68072    0.00001    0.00001     606       1
     607   2.644   -70.68072    0.00001    0.00008     607      11
     608   2.644   -70.68072    0.00001    0.00001     608       2
     609   2.644   -70.68072    0.00001    0.00025     609      36
     610   2.644   -70.68072    0.00001    0.00088     610     126
     611   2.644   -70.68072    0.00001    0.00022     611      32
     612   2.649   -70.68071    0.00001    0.00002     612       3
     613   2.649   -70.68071    0.00001    0.00001     613       1
     614   2.649   -70.68071    0.00001    0.00019     614      27
     615   2.649   -70.68071    0.00001    0.00008     615      11
     616   2.649   -70.68071    0.00001    0.00001     616       1
     617   2.649   -70.68071    0.00001    0.00003     617       4
     618   2.649   -70.68071    0.00001    0.00008     618      11
     619   2.649   -70.68071    0.00001    0.00059     619      86
     620   2.652   -70.68071    0.00001    0.00005     620       8
     621   2.658   -70.68070    0.00001    0.00014     621      20
     622   2.658   -70.68070    0.00001    0.00005     622       7
     623   2.658   -70.68070    0.00001    0.00003     623       5
     624   2.658   -70.68070    0.00001    0.00001     624       1
     625   2.658   -70.68070    0.00001    0.00001     625       1
     626   2.658   -70.68070    0.00001    0.00070     626     103
     627   2.664   -70.68069    0.00001    0.00001     627       2
     628   2.664   -70.68069    0.00001    0.00001     628       1
     629   2.664   -70.68069    0.00001    0.00001     629       2
     630   2.664   -70.68069    0.00001    0.00028     630      41
     631   2.667   -70.68069    0.00001    0.00002     631       3
     632   2.667   -70.68068    0.00001    0.00008     632      12
     633   2.667   -70.68068    0.00001    0.00001     633       1
     634   2.668   -70.68068    0.00001    0.00001     634       1
     635   2.668   -70.68068    0.00001    0.00007     635      10
     636   2.669   -70.68068    0.00001    0.00030     636      45
     637   2.680   -70.68067    0.00001    0.00007     637      10
     638   2.670   -70.68068    0.00001    0.00023     638      36
     639   2.686   -70.68065    0.00001    0.00008     639      13
     640   2.687   -70.68065    0.00001    0.00001     640       2
     641   2.687   -70.68065    0.00001    0.00015     641      24
     642   2.690   -70.68065    0.00001    0.00001     642       1
     643   2.690   -70.68065    0.00001    0.00024     643      37
     644   2.690   -70.68065    0.00001    0.00027     644      42
     645   2.693   -70.68064    0.00001    0.00020     645      31
     646   2.693   -70.68064    0.00001    0.00020     646      31
     647   2.697   -70.68064    0.00001    0.00001     647       1
     648   2.693   -70.68064    0.00001    0.00069     648     109
     649   2.699   -70.68063    0.00001    0.00016     649      25
     650   2.699   -70.68063    0.00001    0.00014     650      22
     651   2.701   -70.68063    0.00001    0.00023     651      37
     652   2.703   -70.68063    0.00001    0.00014     652      23
     653   2.708   -70.68062    0.00001    0.00013     653      20
     654   2.708   -70.68062    0.00001    0.00001     654       1
     655   2.708   -70.68062    0.00001    0.00004     655       6
     656   2.708   -70.68062    0.00001    0.00006     656       9
     657   2.709   -70.68062    0.00001    0.00001     657       2
     658   2.709   -70.68062    0.00001    0.00018     658      29
     659   2.710   -70.68062    0.00001    0.00017     659      27
     660   2.711   -70.68062    0.00001    0.00001     660       2
     661   2.711   -70.68062    0.00001    0.00001     661       1
     662   2.711   -70.68062    0.00001    0.00035     662      57
     663   2.717   -70.68061    0.00001    0.00011     663      18
     664   2.717   -70.68061    0.00001    0.00003     664       5
     665   2.717   -70.68061    0.00001    0.00013     665      21
     666   2.718   -70.68060    0.00001    0.00002     666       3
     667   2.717   -70.68061    0.00001    0.00025     667      41
     668   2.723   -70.68060    0.00001    0.00001     668       2
     669   2.723   -70.68060    0.00001    0.00002     669       4
     670   2.725   -70.68059    0.00001    0.00016     670      27
     671   2.725   -70.68059    0.00001    0.00054     671      89
     672   2.725   -70.68059    0.00001    0.00015     672      24
     673   2.717   -70.68061    0.00001    0.00001     673       1
     674   2.726   -70.68059    0.00001    0.00001     674       1
     675   2.731   -70.68058    0.00001    0.00002     675       4
     676   2.717   -70.68061    0.00001    0.00001     676       2
     677   2.712   -70.68061    0.00001    0.00003     677       5
     678   2.736   -70.68058    0.00001    0.00010     678      17
     679   2.737   -70.68057    0.00001    0.00022     679      37
     680   2.742   -70.68057    0.00001    0.00032     680      55
     681   2.749   -70.68055    0.00001    0.00002     681       4
     682   2.749   -70.68055    0.00001    0.00001     682       1
     683   2.753   -70.68055    0.00001    0.00002     683       3
     684   2.749   -70.68055    0.00001    0.00023     684      39
     685   2.753   -70.68055    0.00001    0.00003     685       6
     686   2.758   -70.68054    0.00001    0.00001     686       1
     687   2.758   -70.68054    0.00001    0.00030     687      52
     688   2.745   -70.68056    0.00001    0.00014     688      24
     689   2.768   -70.68052    0.00001    0.00014     689      25
     690   2.768   -70.68052    0.00001    0.00006     690      11
     691   2.758   -70.68054    0.00001    0.00001     691       1
     692   2.768   -70.68052    0.00001    0.00001     692       1
     693   2.759   -70.68054    0.00001    0.00002     693       3
     694   2.768   -70.68052    0.00001    0.00021     694      38
     695   2.773   -70.68052    0.00001    0.00004     695       8
     696   2.773   -70.68052    0.00001    0.00001     696       1
     697   2.773   -70.68052    0.00001    0.00002     697       4
     698   2.773   -70.68052    0.00001    0.00037     698      65
     699   2.748   -70.68056    0.00001    0.00001     699       1
     700   2.775   -70.68051    0.00001    0.00011     700      20
     701   2.779   -70.68051    0.00001    0.00001     701       1
     702   2.779   -70.68051    0.00001    0.00003     702       5
     703   2.779   -70.68051    0.00001    0.00002     703       3
     704   2.768   -70.68052    0.00001    0.00011     704      19
     705   2.780   -70.68050    0.00001    0.00012     705      22
     706   2.782   -70.68050    0.00001    0.00005     706       9
     707   2.783   -70.68050    0.00001    0.00030     707      55
     708   2.787   -70.68049    0.00001    0.00001     708       1
     709   2.787   -70.68049    0.00001    0.00001     709       2
     710   2.787   -70.68049    0.00001    0.00010     710      19
     711   2.788   -70.68049    0.00001    0.00005     711      10
     712   2.788   -70.68049    0.00001    0.00017     712      32
     713   2.788   -70.68049    0.00001    0.00024     713      44
     714   2.790   -70.68049    0.00001    0.00001     714       1
     715   2.790   -70.68049    0.00001    0.00031     715      57
     716   2.798   -70.68048    0.00001    0.00001     716       1
     717   2.798   -70.68048    0.00001    0.00002     717       3
     718   2.798   -70.68048    0.00001    0.00004     718       8
     719   2.798   -70.68048    0.00001    0.00001     719       1
     720   2.798   -70.68048    0.00001    0.00012     720      22
     721   2.799   -70.68048    0.00001    0.00002     721       3
     722   2.799   -70.68048    0.00001    0.00005     722       9
     723   2.799   -70.68047    0.00001    0.00023     723      43
     724   2.803   -70.68047    0.00001    0.00014     724      27
     725   2.803   -70.68047    0.00001    0.00022     725      42
     726   2.803   -70.68047    0.00001    0.00017     726      32
     727   2.812   -70.68045    0.00001    0.00008     727      15
     728   2.813   -70.68045    0.00001    0.00001     728       1
     729   2.813   -70.68045    0.00001    0.00005     729      10
     730   2.814   -70.68045    0.00001    0.00005     730      10
     731   2.814   -70.68045    0.00001    0.00001     731       1
     732   2.814   -70.68045    0.00001    0.00016     732      30
     733   2.817   -70.68045    0.00001    0.00002     733       3
     734   2.819   -70.68044    0.00001    0.00016     734      31
     735   2.819   -70.68044    0.00001    0.00002     735       3
     736   2.819   -70.68044    0.00001    0.00004     736       7
     737   2.821   -70.68044    0.00001    0.00001     737       2
     738   2.821   -70.68044    0.00001    0.00021     738      41
     739   2.798   -70.68048    0.00001    0.00031     739      59
     740   2.826   -70.68043    0.00001    0.00001     740       2
     741   2.826   -70.68043    0.00001    0.00001     741       1
     742   2.822   -70.68044    0.00001    0.00017     742      33
     743   2.827   -70.68043    0.00001    0.00001     743       1
     744   2.827   -70.68043    0.00001    0.00003     744       5
     745   2.827   -70.68043    0.00001    0.00002     745       4
     746   2.827   -70.68043    0.00001    0.00019     746      38
     747   2.828   -70.68043    0.00001    0.00003     747       5
     748   2.828   -70.68043    0.00001    0.00016     748      31
     749   2.828   -70.68043    0.00001    0.00046     749      91
     750   2.827   -70.68043    0.00001    0.00015     750      29
     751   2.830   -70.68043    0.00001    0.00005     751      10
     752   2.832   -70.68042    0.00001    0.00009     752      17
     753   2.838   -70.68041    0.00001    0.00001     753       1
     754   2.838   -70.68041    0.00001    0.00005     754      10
     755   2.840   -70.68041    0.00001    0.00018     755      36
     756   2.835   -70.68042    0.00001    0.00014     756      27
     757   2.842   -70.68041    0.00000    0.00000     757       1
     758   2.842   -70.68041    0.00000    0.00022     758      43
     759   2.843   -70.68040    0.00000    0.00005     759      11
     760   2.843   -70.68040    0.00000    0.00012     760      25
     761   2.844   -70.68040    0.00000    0.00002     761       4
     762   2.845   -70.68040    0.00000    0.00016     762      32
     763   2.850   -70.68039    0.00000    0.00019     763      39
     764   2.843   -70.68040    0.00000    0.00001     764       2
     765   2.828   -70.68043    0.00001    0.00016     765      32
     766   2.852   -70.68039    0.00000    0.00002     766       5
     767   2.852   -70.68039    0.00000    0.00001     767       2
     768   2.852   -70.68039    0.00000    0.00002     768       4
     769   2.852   -70.68039    0.00000    0.00000     769       1
     770   2.852   -70.68039    0.00000    0.00001     770       3
     771   2.852   -70.68039    0.00000    0.00000     771       1
     772   2.852   -70.68039    0.00000    0.00002     772       5
     773   2.853   -70.68039    0.00000    0.00000     773       1
     774   2.853   -70.68039    0.00000    0.00031     774      63
     775   2.860   -70.68038    0.00000    0.00001     775       3
     776   2.860   -70.68038    0.00000    0.00002     776       5
     777   2.860   -70.68038    0.00000    0.00019     777      40
     778   2.863   -70.68037    0.00000    0.00000     778       1
     779   2.863   -70.68037    0.00000    0.00016     779      34
     780   2.864   -70.68037    0.00000    0.00007     780      14
     781   2.864   -70.68037    0.00000    0.00009     781      19
     782   2.865   -70.68037    0.00000    0.00002     782       4
     783   2.865   -70.68037    0.00000    0.00016     783      33
     784   2.863   -70.68037    0.00000    0.00004     784       8
     785   2.869   -70.68036    0.00000    0.00001     785       2
     786   2.869   -70.68036    0.00000    0.00015     786      32
     787   2.873   -70.68036    0.00000    0.00000     787       1
     788   2.873   -70.68036    0.00000    0.00003     788       6
     789   2.873   -70.68036    0.00000    0.00011     789      24
     790   2.874   -70.68036    0.00000    0.00000     790       1
     791   2.874   -70.68036    0.00000    0.00000     791       1
     792   2.874   -70.68036    0.00000    0.00013     792      27
     793   2.878   -70.68035    0.00000    0.00005     793      11
     794   2.878   -70.68035    0.00000    0.00026     794      55
     795   2.884   -70.68034    0.00000    0.00000     795       1
     796   2.884   -70.68034    0.00000    0.00006     796      12
     797   2.884   -70.68034    0.00000    0.00001     797       3
     798   2.884   -70.68034    0.00000    0.00016     798      34
     799   2.885   -70.68034    0.00000    0.00003     799       6
     800   2.886   -70.68034    0.00000    0.00001     800       2
     801   2.887   -70.68033    0.00000    0.00019     801      40
     802   2.842   -70.68041    0.00000    0.00006     802      12
     803   2.887   -70.68033    0.00000    0.00000     803       1
     804   2.842   -70.68041    0.00000    0.00007     804      15
     805   2.887   -70.68033    0.00000    0.00021     805      45
     806   2.888   -70.68033    0.00000    0.00011     806      24
     807   2.888   -70.68033    0.00000    0.00007     807      15
     808   2.888   -70.68033    0.00000    0.00001     808       2
     809   2.888   -70.68033    0.00000    0.00000     809       1
     810   2.888   -70.68033    0.00000    0.00010     810      22
     811   2.889   -70.68033    0.00000    0.00044     811      96
     812   2.891   -70.68033    0.00000    0.00016     812      34
     813   2.893   -70.68032    0.00000    0.00005     813      10
     814   2.894   -70.68032    0.00000    0.00006     814      14
     815   2.895   -70.68032    0.00000    0.00036     815      79
     816   2.898   -70.68032    0.00000    0.00010     816      22
     817   2.898   -70.68032    0.00000    0.00007     817      15
     818   2.898   -70.68032    0.00000    0.00001     818       3
     819   2.898   -70.68032    0.00000    0.00002     819       5
     820   2.898   -70.68032    0.00000    0.00005     820      10
     821   2.898   -70.68032    0.00000    0.00013     821      29
     822   2.880   -70.68035    0.00000    0.00000     822       1
     823   2.899   -70.68032    0.00000    0.00003     823       6
     824   2.899   -70.68032    0.00000    0.00025     824      54
     825   2.882   -70.68034    0.00000    0.00028     825      61
     826   2.902   -70.68031    0.00000    0.00001     826       3
     827   2.906   -70.68030    0.00000    0.00008     827      17
     828   2.902   -70.68031    0.00000    0.00000     828       1
     829   2.898   -70.68032    0.00000    0.00000     829       1
     830   2.906   -70.68030    0.00000    0.00001     830       3
     831   2.906   -70.68030    0.00000    0.00013     831      29
     832   2.906   -70.68030    0.00000    0.00004     832       9
     833   2.907   -70.68030    0.00000    0.00005     833      11
     834   2.908   -70.68030    0.00000    0.00001     834       2
     835   2.908   -70.68030    0.00000    0.00000     835       1
     836   2.908   -70.68030    0.00000    0.00019     836      43
     837   2.913   -70.68029    0.00000    0.00001     837       3
     838   2.913   -70.68029    0.00000    0.00006     838      13
     839   2.914   -70.68029    0.00000    0.00005     839      11
     840   2.914   -70.68029    0.00000    0.00002     840       5
     841   2.914   -70.68029    0.00000    0.00012     841      27
     842   2.913   -70.68029    0.00000    0.00029     842      65
     843   2.916   -70.68029    0.00000    0.00012     843      28
     844   2.918   -70.68029    0.00000    0.00003     844       7
     845   2.918   -70.68029    0.00000    0.00000     845       1
     846   2.913   -70.68029    0.00000    0.00011     846      25
     847   2.915   -70.68029    0.00000    0.00007     847      15
     848   2.919   -70.68028    0.00000    0.00005     848      11
     849   2.915   -70.68029    0.00000    0.00011     849      24
     850   2.922   -70.68028    0.00000    0.00011     850      25
     851   2.922   -70.68028    0.00000    0.00002     851       4
     852   2.922   -70.68028    0.00000    0.00002     852       4
     853   2.922   -70.68028    0.00000    0.00000     853       1
     854   2.922   -70.68028    0.00000    0.00000     854       1
     855   2.922   -70.68028    0.00000    0.00033     855      76
     856   2.923   -70.68028    0.00000    0.00003     856       6
     857   2.924   -70.68028    0.00000    0.00012     857      27
     858   2.925   -70.68027    0.00000    0.00008     858      18
     859   2.925   -70.68027    0.00000    0.00018     859      41
     860   2.923   -70.68028    0.00000    0.00000     860       1
     861   2.925   -70.68027    0.00000    0.00014     861      33
     862   2.927   -70.68027    0.00000    0.00001     862       2
     863   2.927   -70.68027    0.00000    0.00018     863      41
     864   2.930   -70.68027    0.00000    0.00007     864      16
     865   2.931   -70.68026    0.00000    0.00000     865       1
     866   2.931   -70.68026    0.00000    0.00001     866       3
     867   2.931   -70.68026    0.00000    0.00021     867      48
     868   2.936   -70.68026    0.00000    0.00000     868       1
     869   2.936   -70.68026    0.00000    0.00000     869       1
     870   2.936   -70.68026    0.00000    0.00017     870      41
     871   2.944   -70.68024    0.00000    0.00001     871       2
     872   2.945   -70.68024    0.00000    0.00003     872       7
     873   2.945   -70.68024    0.00000    0.00005     873      12
     874   2.944   -70.68024    0.00000    0.00008     874      18
     875   2.946   -70.68024    0.00000    0.00008     875      18
     876   2.946   -70.68024    0.00000    0.00028     876      68
     877   2.947   -70.68024    0.00000    0.00015     877      36
     878   2.947   -70.68024    0.00000    0.00014     878      34
     879   2.948   -70.68024    0.00000    0.00013     879      32
     880   2.950   -70.68023    0.00000    0.00010     880      25
     881   2.952   -70.68023    0.00000    0.00027     881      66
     882   2.953   -70.68023    0.00000    0.00000     882       1
     883   2.953   -70.68023    0.00000    0.00028     883      68
     884   2.959   -70.68022    0.00000    0.00000     884       1
     885   2.959   -70.68022    0.00000    0.00000     885       1
     886   2.959   -70.68022    0.00000    0.00000     886       1
     887   2.959   -70.68022    0.00000    0.00000     887       1
     888   2.959   -70.68022    0.00000    0.00020     888      48
     889   2.961   -70.68022    0.00000    0.00020     889      50
     890   2.966   -70.68021    0.00000    0.00005     890      13
     891   2.966   -70.68021    0.00000    0.00000     891       1
     892   2.966   -70.68021    0.00000    0.00001     892       2
     893   2.967   -70.68021    0.00000    0.00017     893      41
     894   2.970   -70.68020    0.00000    0.00000     894       1
     895   2.970   -70.68020    0.00000    0.00026     895      65
     896   2.977   -70.68019    0.00000    0.00000     896       1
     897   2.977   -70.68019    0.00000    0.00000     897       1
     898   2.977   -70.68019    0.00000    0.00001     898       2
     899   2.977   -70.68019    0.00000    0.00000     899       1
     900   2.977   -70.68019    0.00000    0.00001     900       2
     901   2.977   -70.68019    0.00000    0.00006     901      16
     902   2.980   -70.68019    0.00000    0.00003     902       7
     903   2.980   -70.68019    0.00000    0.00001     903       3
     904   2.980   -70.68019    0.00000    0.00000     904       1
     905   2.980   -70.68019    0.00000    0.00003     905       8
     906   2.980   -70.68019    0.00000    0.00002     906       6
     907   2.980   -70.68019    0.00000    0.00010     907      26
     908   2.982   -70.68018    0.00000    0.00000     908       1
     909   2.982   -70.68018    0.00000    0.00036     909      92
     910   2.983   -70.68018    0.00000    0.00004     910       9
     911   2.983   -70.68018    0.00000    0.00000     911       1
     912   2.983   -70.68018    0.00000    0.00018     912      47
     913   2.984   -70.68018    0.00000    0.00027     913      70
     914   2.987   -70.68017    0.00000    0.00005     914      13
     915   2.988   -70.68017    0.00000    0.00000     915       1
     916   2.989   -70.68017    0.00000    0.00001     916       2
     917   2.989   -70.68017    0.00000    0.00000     917       1
     918   2.990   -70.68017    0.00000    0.00003     918       7
     919   2.946   -70.68024    0.00000    0.00002     919       5
     920   2.992   -70.68017    0.00000    0.00014     920      37
     921   2.993   -70.68017    0.00000    0.00001     921       3
     922   2.994   -70.68016    0.00000    0.00006     922      15
     923   2.997   -70.68016    0.00000    0.00001     923       2
     924   2.998   -70.68016    0.00000    0.00002     924       5
     925   2.998   -70.68016    0.00000    0.00010     925      25
     926   2.998   -70.68016    0.00000    0.00003     926       9
     927   3.000   -70.68015    0.00000    0.00013     927      34
     928   3.000   -70.68015    0.00000    0.00010     928      27
     929   3.006   -70.68014    0.00000    0.00013     929      34
     930   3.006   -70.68014    0.00000    0.00005     930      13
     931   3.008   -70.68014    0.00000    0.00003     931       8
     932   3.008   -70.68014    0.00000    0.00001     932       2
     933   3.008   -70.68014    0.00000    0.00005     933      12
     934   3.008   -70.68014    0.00000    0.00006     934      15
     935   3.009   -70.68014    0.00000    0.00000     935       1
     936   3.009   -70.68014    0.00000    0.00002     936       4
     937   3.010   -70.68014    0.00000    0.00018     937      47
     938   3.014   -70.68013    0.00000    0.00006     938      17
     939   3.012   -70.68014    0.00000    0.00010     939      27
     940   3.014   -70.68013    0.00000    0.00001     940       2
     941   3.014   -70.68013    0.00000    0.00005     941      13
     942   3.014   -70.68013    0.00000    0.00003     942       9
     943   3.014   -70.68013    0.00000    0.00000     943       1
     944   3.014   -70.68013    0.00000    0.00003     944       7
     945   3.014   -70.68013    0.00000    0.00001     945       2
     946   3.014   -70.68013    0.00000    0.00044     946     119
     947   3.017   -70.68013    0.00000    0.00037     947     100
     948   3.030   -70.68011    0.00000    0.00002     948       5
     949   3.031   -70.68011    0.00000    0.00000     949       1
     950   3.031   -70.68011    0.00000    0.00001     950       2
     951   3.031   -70.68011    0.00000    0.00005     951      14
     952   3.032   -70.68010    0.00000    0.00002     952       5
     953   3.032   -70.68010    0.00000    0.00000     953       1
     954   3.032   -70.68010    0.00000    0.00000     954       1
     955   3.032   -70.68010    0.00000    0.00001     955       2
     956   3.032   -70.68010    0.00000    0.00013     956      35
     957   3.032   -70.68010    0.00000    0.00001     957       2
     958   3.032   -70.68010    0.00000    0.00030     958      83
     959   3.035   -70.68010    0.00000    0.00003     959       7
     960   2.998   -70.68016    0.00000    0.00017     960      47
     961   3.036   -70.68010    0.00000    0.00010     961      28
     962   3.036   -70.68010    0.00000    0.00000     962       1
     963   3.036   -70.68010    0.00000    0.00003     963       7
     964   3.036   -70.68010    0.00000    0.00035     964      96
     965   3.037   -70.68010    0.00000    0.00041     965     115
     966   3.036   -70.68010    0.00000    0.00006     966      16
     967   3.042   -70.68009    0.00000    0.00000     967       1
     968   3.042   -70.68009    0.00000    0.00019     968      54
     969   3.045   -70.68008    0.00000    0.00005     969      14
     970   3.036   -70.68010    0.00000    0.00011     970      32
     971   3.047   -70.68008    0.00000    0.00000     971       1
     972   3.047   -70.68008    0.00000    0.00001     972       3
     973   3.049   -70.68008    0.00000    0.00001     973       3
     974   3.043   -70.68009    0.00000    0.00002     974       6
     975   3.036   -70.68010    0.00000    0.00004     975      12
     976   3.051   -70.68007    0.00000    0.00000     976       1
     977   3.051   -70.68007    0.00000    0.00011     977      32
     978   3.051   -70.68007    0.00000    0.00020     978      56
     979   3.053   -70.68007    0.00000    0.00007     979      20
     980   3.054   -70.68007    0.00000    0.00009     980      26
     981   3.057   -70.68006    0.00000    0.00000     981       1
     982   3.057   -70.68006    0.00000    0.00002     982       5
     983   3.058   -70.68006    0.00000    0.00001     983       3
     984   3.054   -70.68007    0.00000    0.00006     984      16
     985   3.060   -70.68006    0.00000    0.00002     985       5
     986   3.060   -70.68006    0.00000    0.00001     986       2
     987   3.060   -70.68006    0.00000    0.00001     987       2
     988   3.060   -70.68006    0.00000    0.00003     988       8
     989   3.060   -70.68006    0.00000    0.00032     989      94
     990   3.062   -70.68006    0.00000    0.00015     990      43
     991   3.061   -70.68006    0.00000    0.00000     991       1
     992   3.065   -70.68005    0.00000    0.00011     992      31
     993   3.069   -70.68004    0.00000    0.00005     993      16
     994   3.069   -70.68004    0.00000    0.00000     994       1
     995   3.069   -70.68004    0.00000    0.00001     995       2
     996   3.069   -70.68004    0.00000    0.00003     996       8
     997   3.069   -70.68004    0.00000    0.00014     997      42
     998   3.069   -70.68004    0.00000    0.00002     998       6
     999   3.077   -70.68003    0.00000    0.00002     999       6
    1000   3.077   -70.68003    0.00000    0.00001    1000       3
    1001   3.077   -70.68003    0.00000    0.00033    1001      99
    1002   3.082   -70.68002    0.00000    0.00002    1002       6
    1003   3.082   -70.68002    0.00000    0.00013    1003      40
    1004   3.083   -70.68002    0.00000    0.00001    1004       3
    1005   3.083   -70.68002    0.00000    0.00007    1005      21
    1006   3.084   -70.68002    0.00000    0.00000    1006       1
    1007   3.084   -70.68002    0.00000    0.00011    1007      33
    1008   3.084   -70.68002    0.00000    0.00011    1008      32
    1009   3.089   -70.68001    0.00000    0.00005    1009      14
    1010   3.091   -70.68001    0.00000    0.00004    1010      11
    1011   3.094   -70.68001    0.00000    0.00002    1011       7
    1012   3.084   -70.68002    0.00000    0.00003    1012      10
    1013   3.094   -70.68000    0.00000    0.00013    1013      40
    1014   3.098   -70.68000    0.00000    0.00001    1014       2
    1015   3.098   -70.68000    0.00000    0.00000    1015       1
    1016   3.098   -70.68000    0.00000    0.00002    1016       6
    1017   3.098   -70.68000    0.00000    0.00009    1017      29
    1018   3.105   -70.67999    0.00000    0.00005    1018      16
    1019   3.098   -70.68000    0.00000    0.00000    1019       1
    1020   3.098   -70.68000    0.00000    0.00003    1020      10
    1021   3.105   -70.67999    0.00000    0.00001    1021       4
    1022   3.105   -70.67999    0.00000    0.00000    1022       1
    1023   3.105   -70.67999    0.00000    0.00001    1023       2
    1024   3.106   -70.67999    0.00000    0.00000    1024       1
    1025   3.106   -70.67999    0.00000    0.00006    1025      18
    1026   3.106   -70.67999    0.00000    0.00007    1026      21
    1027   3.108   -70.67998    0.00000    0.00004    1027      12
    1028   3.108   -70.67998    0.00000    0.00003    1028       9
    1029   3.109   -70.67998    0.00000    0.00009    1029      27
    1030   3.113   -70.67997    0.00000    0.00000    1030       1
    1031   3.116   -70.67997    0.00000    0.00003    1031      11
    1032   3.117   -70.67997    0.00000    0.00001    1032       2
    1033   3.117   -70.67997    0.00000    0.00000    1033       1
    1034   3.117   -70.67997    0.00000    0.00000    1034       1
    1035   3.117   -70.67997    0.00000    0.00000    1035       1
    1036   3.117   -70.67997    0.00000    0.00000    1036       1
    1037   3.117   -70.67997    0.00000    0.00000    1037       1
    1038   3.117   -70.67997    0.00000    0.00005    1038      17
    1039   3.117   -70.67997    0.00000    0.00014    1039      44
    1040   3.118   -70.67997    0.00000    0.00006    1040      18
    1041   3.118   -70.67997    0.00000    0.00003    1041      11
    1042   3.116   -70.67997    0.00000    0.00002    1042       6
    1043   3.119   -70.67996    0.00000    0.00004    1043      14
    1044   3.120   -70.67996    0.00000    0.00004    1044      14
    1045   3.120   -70.67996    0.00000    0.00012    1045      39
    1046   3.123   -70.67996    0.00000    0.00004    1046      13
    1047   3.123   -70.67996    0.00000    0.00010    1047      31
    1048   3.126   -70.67995    0.00000    0.00006    1048      21
    1049   3.131   -70.67995    0.00000    0.00008    1049      26
    1050   3.136   -70.67994    0.00000    0.00001    1050       3
    1051   3.137   -70.67994    0.00000    0.00001    1051       3
    1052   3.137   -70.67994    0.00000    0.00002    1052       7
    1053   3.137   -70.67994    0.00000    0.00001    1053       2
    1054   3.137   -70.67994    0.00000    0.00002    1054       5
    1055   3.138   -70.67994    0.00000    0.00001    1055       3
    1056   3.138   -70.67994    0.00000    0.00001    1056       2
    1057   3.138   -70.67994    0.00000    0.00002    1057       7
    1058   3.138   -70.67994    0.00000    0.00000    1058       1
    1059   3.138   -70.67994    0.00000    0.00000    1059       1
    1060   3.138   -70.67994    0.00000    0.00005    1060      15
    1061   3.138   -70.67994    0.00000    0.00000    1061       1
    1062   3.138   -70.67994    0.00000    0.00023    1062      75
    1063   3.139   -70.67993    0.00000    0.00016    1063      53
    1064   3.138   -70.67993    0.00000    0.00017    1064      56
    1065   3.147   -70.67992    0.00000    0.00002    1065       6
    1066   3.147   -70.67992    0.00000    0.00003    1066      11
    1067   3.147   -70.67992    0.00000    0.00020    1067      68
    1068   3.147   -70.67992    0.00000    0.00008    1068      27
    1069   3.152   -70.67991    0.00000    0.00002    1069       6
    1070   3.153   -70.67991    0.00000    0.00001    1070       4
    1071   3.153   -70.67991    0.00000    0.00001    1071       5
    1072   3.153   -70.67991    0.00000    0.00010    1072      35
    1073   3.153   -70.67991    0.00000    0.00031    1073     104
    1074   3.162   -70.67990    0.00000    0.00008    1074      27
    1075   3.147   -70.67992    0.00000    0.00002    1075       7
    1076   3.147   -70.67992    0.00000    0.00001    1076       4
    1077   3.147   -70.67992    0.00000    0.00001    1077       3
    1078   3.147   -70.67992    0.00000    0.00001    1078       2
    1079   3.164   -70.67989    0.00000    0.00001    1079       3
    1080   3.147   -70.67992    0.00000    0.00019    1080      63
    1081   3.166   -70.67989    0.00000    0.00000    1081       1
    1082   3.166   -70.67989    0.00000    0.00010    1082      35
    1083   3.172   -70.67988    0.00000    0.00000    1083       1
    1084   3.172   -70.67988    0.00000    0.00000    1084       1
    1085   3.172   -70.67988    0.00000    0.00013    1085      46
    1086   3.170   -70.67988    0.00000    0.00001    1086       2
    1087   3.170   -70.67988    0.00000    0.00000    1087       1
    1088   3.170   -70.67988    0.00000    0.00007    1088      23
    1089   3.174   -70.67988    0.00000    0.00000    1089       1
    1090   3.174   -70.67988    0.00000    0.00000    1090       1
    1091   3.174   -70.67988    0.00000    0.00000    1091       1
    1092   3.174   -70.67988    0.00000    0.00006    1092      20
    1093   3.180   -70.67987    0.00000    0.00001    1093       2
    1094   3.176   -70.67987    0.00000    0.00005    1094      16
    1095   3.178   -70.67987    0.00000    0.00002    1095       8
    1096   3.174   -70.67988    0.00000    0.00000    1096       1
    1097   3.175   -70.67988    0.00000    0.00009    1097      31
    1098   3.182   -70.67986    0.00000    0.00009    1098      32
    1099   3.184   -70.67986    0.00000    0.00002    1099       7
    1100   3.185   -70.67986    0.00000    0.00000    1100       1
    1101   3.185   -70.67986    0.00000    0.00000    1101       1
    1102   3.185   -70.67986    0.00000    0.00001    1102       4
    1103   3.185   -70.67986    0.00000    0.00004    1103      16
    1104   3.174   -70.67988    0.00000    0.00000    1104       1
    1105   3.186   -70.67986    0.00000    0.00001    1105       4
    1106   3.186   -70.67986    0.00000    0.00002    1106       6
    1107   3.186   -70.67986    0.00000    0.00001    1107       4
    1108   3.183   -70.67986    0.00000    0.00001    1108       3
    1109   3.187   -70.67986    0.00000    0.00000    1109       1
    1110   3.186   -70.67986    0.00000    0.00009    1110      31
    1111   3.187   -70.67986    0.00000    0.00001    1111       4
    1112   3.187   -70.67986    0.00000    0.00001    1112       2
    1113   3.187   -70.67986    0.00000    0.00004    1113      14
    1114   3.147   -70.67992    0.00000    0.00000    1114       1
    1115   3.147   -70.67992    0.00000    0.00001    1115       2
    1116   3.147   -70.67992    0.00000    0.00005    1116      16
    1117   3.140   -70.67993    0.00000    0.00001    1117       3
    1118   3.189   -70.67985    0.00000    0.00001    1118       3
    1119   3.190   -70.67985    0.00000    0.00002    1119       8
    1120   3.187   -70.67986    0.00000    0.00005    1120      16
    1121   3.140   -70.67993    0.00000    0.00000    1121       1
    1122   3.187   -70.67986    0.00000    0.00004    1122      14
    1123   3.190   -70.67985    0.00000    0.00001    1123       3
    1124   3.190   -70.67985    0.00000    0.00013    1124      46
    1125   3.194   -70.67984    0.00000    0.00000    1125       1
    1126   3.194   -70.67984    0.00000    0.00001    1126       4
    1127   3.195   -70.67984    0.00000    0.00000    1127       1
    1128   3.195   -70.67984    0.00000    0.00002    1128       7
    1129   3.195   -70.67984    0.00000    0.00004    1129      15
    1130   3.199   -70.67984    0.00000    0.00002    1130       9
    1131   3.196   -70.67984    0.00000    0.00004    1131      13
    1132   3.202   -70.67983    0.00000    0.00000    1132       1
    1133   3.203   -70.67983    0.00000    0.00001    1133       4
    1134   3.203   -70.67983    0.00000    0.00001    1134       2
    1135   3.204   -70.67983    0.00000    0.00001    1135       2
    1136   3.204   -70.67983    0.00000    0.00000    1136       1
    1137   3.205   -70.67983    0.00000    0.00000    1137       1
    1138   3.205   -70.67983    0.00000    0.00001    1138       2
    1139   3.205   -70.67983    0.00000    0.00000    1139       1
    1140   3.205   -70.67983    0.00000    0.00005    1140      19
    1141   3.206   -70.67983    0.00000    0.00002    1141       8
    1142   3.206   -70.67983    0.00000    0.00007    1142      25
    1143   3.206   -70.67983    0.00000    0.00005    1143      20
    1144   3.207   -70.67982    0.00000    0.00001    1144       5
    1145   3.208   -70.67982    0.00000    0.00001    1145       3
    1146   3.208   -70.67982    0.00000    0.00013    1146      47
    1147   3.211   -70.67982    0.00000    0.00003    1147      13
    1148   3.206   -70.67983    0.00000    0.00002    1148       9
    1149   3.213   -70.67981    0.00000    0.00002    1149       9
    1150   3.202   -70.67983    0.00000    0.00003    1150      10
    1151   3.213   -70.67981    0.00000    0.00002    1151       8
    1152   3.213   -70.67981    0.00000    0.00007    1152      25
    1153   3.215   -70.67981    0.00000    0.00007    1153      28
    1154   3.215   -70.67981    0.00000    0.00000    1154       1
    1155   3.215   -70.67981    0.00000    0.00014    1155      52
    1156   3.216   -70.67981    0.00000    0.00007    1156      26
    1157   3.217   -70.67981    0.00000    0.00001    1157       3
    1158   3.218   -70.67981    0.00000    0.00003    1158      11
    1159   3.219   -70.67981    0.00000    0.00007    1159      27
    1160   3.221   -70.67980    0.00000    0.00001    1160       5
    1161   3.215   -70.67981    0.00000    0.00002    1161       9
    1162   3.222   -70.67980    0.00000    0.00000    1162       1
    1163   3.223   -70.67980    0.00000    0.00001    1163       2
    1164   3.224   -70.67980    0.00000    0.00002    1164       9
    1165   3.225   -70.67980    0.00000    0.00001    1165       3
    1166   3.225   -70.67980    0.00000    0.00001    1166       4
    1167   3.225   -70.67980    0.00000    0.00014    1167      53
    1168   3.228   -70.67979    0.00000    0.00002    1168       7
    1169   3.228   -70.67979    0.00000    0.00003    1169      11
    1170   3.228   -70.67979    0.00000    0.00015    1170      57
    1171   3.230   -70.67979    0.00000    0.00002    1171       6
    1172   3.225   -70.67980    0.00000    0.00003    1172      10
    1173   3.238   -70.67978    0.00000    0.00001    1173       3
    1174   3.228   -70.67979    0.00000    0.00000    1174       1
    1175   3.238   -70.67978    0.00000    0.00001    1175       5
    1176   3.238   -70.67978    0.00000    0.00004    1176      14
    1177   3.238   -70.67977    0.00000    0.00018    1177      72
    1178   3.244   -70.67976    0.00000    0.00000    1178       1
    1179   3.244   -70.67976    0.00000    0.00007    1179      28
    1180   3.246   -70.67976    0.00000    0.00001    1180       5
    1181   3.247   -70.67976    0.00000    0.00000    1181       1
    1182   3.245   -70.67976    0.00000    0.00006    1182      25
    1183   3.247   -70.67976    0.00000    0.00009    1183      37
    1184   3.247   -70.67976    0.00000    0.00000    1184       1
    1185   3.247   -70.67976    0.00000    0.00006    1185      25
    1186   3.251   -70.67975    0.00000    0.00001    1186       4
    1187   3.251   -70.67975    0.00000    0.00001    1187       3
    1188   3.251   -70.67975    0.00000    0.00011    1188      43
    1189   3.255   -70.67975    0.00000    0.00007    1189      27
    1190   3.257   -70.67974    0.00000    0.00000    1190       1
    1191   3.257   -70.67974    0.00000    0.00000    1191       1
    1192   3.258   -70.67974    0.00000    0.00004    1192      15
    1193   3.258   -70.67974    0.00000    0.00006    1193      25
    1194   3.258   -70.67974    0.00000    0.00015    1194      61
    1195   3.261   -70.67974    0.00000    0.00001    1195       3
    1196   3.262   -70.67974    0.00000    0.00001    1196       5
    1197   3.262   -70.67974    0.00000    0.00008    1197      32
    1198   3.263   -70.67973    0.00000    0.00001    1198       3
    1199   3.264   -70.67973    0.00000    0.00000    1199       2
    1200   3.264   -70.67973    0.00000    0.00000    1200       1
    1201   3.264   -70.67973    0.00000    0.00001    1201       5
    1202   3.264   -70.67973    0.00000    0.00000    1202       2
    1203   3.262   -70.67974    0.00000    0.00002    1203       9
    1204   3.268   -70.67973    0.00000    0.00000    1204       1
    1205   3.269   -70.67973    0.00000    0.00003    1205      12
    1206   3.262   -70.67974    0.00000    0.00003    1206      14
    1207   3.242   -70.67977    0.00000    0.00003    1207      13
    1208   3.269   -70.67973    0.00000    0.00000    1208       1
    1209   3.269   -70.67973    0.00000    0.00000    1209       2
    1210   3.269   -70.67973    0.00000    0.00001    1210       3
    1211   3.269   -70.67973    0.00000    0.00010    1211      41
    1212   3.274   -70.67972    0.00000    0.00001    1212       3
    1213   3.243   -70.67977    0.00000    0.00001    1213       4
    1214   3.274   -70.67972    0.00000    0.00003    1214      12
    1215   3.275   -70.67972    0.00000    0.00002    1215       7
    1216   3.277   -70.67971    0.00000    0.00002    1216       8
    1217   3.278   -70.67971    0.00000    0.00001    1217       3
    1218   3.277   -70.67971    0.00000    0.00006    1218      24
    1219   3.280   -70.67971    0.00000    0.00004    1219      18
    1220   3.282   -70.67971    0.00000    0.00004    1220      18
    1221   3.282   -70.67970    0.00000    0.00008    1221      32
    1222   3.280   -70.67971    0.00000    0.00000    1222       1
    1223   3.293   -70.67969    0.00000    0.00011    1223      46
    1224   3.295   -70.67968    0.00000    0.00001    1224       5
    1225   3.295   -70.67968    0.00000    0.00000    1225       1
    1226   3.296   -70.67968    0.00000    0.00004    1226      16
    1227   3.300   -70.67968    0.00000    0.00000    1227       1
    1228   3.300   -70.67968    0.00000    0.00001    1228       3
    1229   3.300   -70.67968    0.00000    0.00003    1229      15
    1230   3.300   -70.67968    0.00000    0.00004    1230      17
    1231   3.300   -70.67968    0.00000    0.00001    1231       5
    1232   3.301   -70.67967    0.00000    0.00003    1232      12
    1233   3.303   -70.67967    0.00000    0.00003    1233      13
    1234   3.303   -70.67967    0.00000    0.00001    1234       3
    1235   3.303   -70.67967    0.00000    0.00002    1235       8
    1236   3.304   -70.67967    0.00000    0.00007    1236      29
    1237   3.305   -70.67967    0.00000    0.00003    1237      12
    1238   3.305   -70.67967    0.00000    0.00000    1238       2
    1239   3.306   -70.67967    0.00000    0.00001    1239       4
    1240   3.306   -70.67967    0.00000    0.00011    1240      48
    1241   3.311   -70.67966    0.00000    0.00000    1241       1
    1242   3.308   -70.67966    0.00000    0.00001    1242       6
    1243   3.270   -70.67972    0.00000    0.00001    1243       4
    1244   3.270   -70.67972    0.00000    0.00003    1244      11
    1245   3.271   -70.67972    0.00000    0.00000    1245       2
    1246   3.271   -70.67972    0.00000    0.00002    1246       9
    1247   3.310   -70.67966    0.00000    0.00001    1247       4
    1248   3.311   -70.67966    0.00000    0.00003    1248      12
    1249   3.311   -70.67966    0.00000    0.00000    1249       1
    1250   3.315   -70.67965    0.00000    0.00000    1250       2
    1251   3.315   -70.67965    0.00000    0.00001    1251       6
    1252   3.315   -70.67965    0.00000    0.00005    1252      22
    1253   3.315   -70.67965    0.00000    0.00000    1253       2
    1254   3.315   -70.67965    0.00000    0.00000    1254       1
    1255   3.315   -70.67965    0.00000    0.00000    1255       1
    1256   3.315   -70.67965    0.00000    0.00001    1256       5
    1257   3.315   -70.67965    0.00000    0.00008    1257      37
    1258   3.316   -70.67965    0.00000    0.00007    1258      30
    1259   3.321   -70.67964    0.00000    0.00002    1259       8
    1260   3.322   -70.67964    0.00000    0.00003    1260      12
    1261   3.322   -70.67964    0.00000    0.00005    1261      21
    1262   3.322   -70.67964    0.00000    0.00001    1262       6
    1263   3.324   -70.67964    0.00000    0.00001    1263       4
    1264   3.323   -70.67964    0.00000    0.00004    1264      17
    1265   3.323   -70.67964    0.00000    0.00001    1265       3
    1266   3.323   -70.67964    0.00000    0.00000    1266       1
    1267   3.325   -70.67964    0.00000    0.00006    1267      27
    1268   3.326   -70.67964    0.00000    0.00008    1268      38
    1269   3.330   -70.67963    0.00000    0.00001    1269       4
    1270   3.327   -70.67963    0.00000    0.00005    1270      22
    1271   3.330   -70.67963    0.00000    0.00001    1271       4
    1272   3.291   -70.67969    0.00000    0.00003    1272      13
    1273   3.331   -70.67963    0.00000    0.00001    1273       5
    1274   3.332   -70.67963    0.00000    0.00002    1274      10
    1275   3.330   -70.67963    0.00000    0.00006    1275      29
    1276   3.333   -70.67962    0.00000    0.00001    1276       5
    1277   3.333   -70.67962    0.00000    0.00002    1277       8
    1278   3.334   -70.67962    0.00000    0.00002    1278       7
    1279   3.334   -70.67962    0.00000    0.00004    1279      18
    1280   3.336   -70.67962    0.00000    0.00006    1280      27
    1281   3.336   -70.67962    0.00000    0.00000    1281       1
    1282   3.336   -70.67962    0.00000    0.00003    1282      16
    1283   3.336   -70.67962    0.00000    0.00000    1283       2
    1284   3.301   -70.67967    0.00000    0.00002    1284      10
    1285   3.336   -70.67962    0.00000    0.00000    1285       1
    1286   3.336   -70.67962    0.00000    0.00010    1286      47
    1287   3.337   -70.67962    0.00000    0.00002    1287      11
    1288   3.336   -70.67962    0.00000    0.00012    1288      56
    1289   3.336   -70.67962    0.00000    0.00000    1289       2
    1290   3.345   -70.67960    0.00000    0.00000    1290       1
    1291   3.345   -70.67960    0.00000    0.00002    1291       9
    1292   3.324   -70.67964    0.00000    0.00004    1292      19
    1293   3.348   -70.67960    0.00000    0.00000    1293       1
    1294   3.348   -70.67960    0.00000    0.00000    1294       1
    1295   3.349   -70.67960    0.00000    0.00004    1295      21
    1296   3.350   -70.67960    0.00000    0.00005    1296      25
    1297   3.353   -70.67959    0.00000    0.00002    1297       8
    1298   3.353   -70.67959    0.00000    0.00000    1298       2
    1299   3.353   -70.67959    0.00000    0.00000    1299       1
    1300   3.353   -70.67959    0.00000    0.00001    1300       4
    1301   3.354   -70.67959    0.00000    0.00001    1301       6
    1302   3.354   -70.67959    0.00000    0.00000    1302       1
    1303   3.354   -70.67959    0.00000    0.00005    1303      25
    1304   3.363   -70.67958    0.00000    0.00021    1304     100
    1305   3.367   -70.67957    0.00000    0.00004    1305      21
    1306   3.366   -70.67957    0.00000    0.00002    1306       8
    1307   3.372   -70.67956    0.00000    0.00000    1307       2
    1308   3.372   -70.67956    0.00000    0.00001    1308       5
    1309   3.372   -70.67956    0.00000    0.00003    1309      14
    1310   3.373   -70.67956    0.00000    0.00000    1310       1
    1311   3.373   -70.67956    0.00000    0.00001    1311       4
    1312   3.373   -70.67956    0.00000    0.00004    1312      19
    1313   3.374   -70.67956    0.00000    0.00001    1313       3
    1314   3.371   -70.67956    0.00000    0.00003    1314      17
    1315   3.374   -70.67956    0.00000    0.00002    1315       9
    1316   3.375   -70.67956    0.00000    0.00003    1316      16
    1317   3.374   -70.67956    0.00000    0.00007    1317      35
    1318   3.358   -70.67958    0.00000    0.00002    1318       8
    1319   3.358   -70.67958    0.00000    0.00003    1319      16
    1320   3.361   -70.67958    0.00000    0.00001    1320       3
    1321   3.378   -70.67955    0.00000    0.00003    1321      14
    1322   3.367   -70.67957    0.00000    0.00001    1322       5
    1323   3.363   -70.67958    0.00000    0.00000    1323       2
    1324   3.377   -70.67955    0.00000    0.00001    1324       6
    1325   3.378   -70.67955    0.00000    0.00003    1325      13
    1326   3.378   -70.67955    0.00000    0.00001    1326       5
    1327   3.378   -70.67955    0.00000    0.00000    1327       1
    1328   3.378   -70.67955    0.00000    0.00000    1328       1
    1329   3.378   -70.67955    0.00000    0.00011    1329      54
    1330   3.381   -70.67955    0.00000    0.00005    1330      25
    1331   3.374   -70.67956    0.00000    0.00000    1331       1
    1332   3.382   -70.67955    0.00000    0.00001    1332       5
    1333   3.382   -70.67954    0.00000    0.00003    1333      16
    1334   3.374   -70.67956    0.00000    0.00005    1334      26
    1335   3.386   -70.67954    0.00000    0.00000    1335       2
    1336   3.383   -70.67954    0.00000    0.00004    1336      18
    1337   3.387   -70.67954    0.00000    0.00001    1337       4
    1338   3.389   -70.67954    0.00000    0.00001    1338       3
    1339   3.389   -70.67953    0.00000    0.00003    1339      16
    1340   3.393   -70.67953    0.00000    0.00001    1340       5
    1341   3.379   -70.67955    0.00000    0.00000    1341       1
    1342   3.393   -70.67953    0.00000    0.00002    1342       8
    1343   3.394   -70.67953    0.00000    0.00000    1343       1
    1344   3.394   -70.67953    0.00000    0.00000    1344       1
    1345   3.394   -70.67953    0.00000    0.00003    1345      16
    1346   3.396   -70.67952    0.00000    0.00003    1346      17
    1347   3.398   -70.67952    0.00000    0.00002    1347      10
    1348   3.398   -70.67952    0.00000    0.00000    1348       2
    1349   3.398   -70.67952    0.00000    0.00001    1349       6
    1350   3.398   -70.67952    0.00000    0.00007    1350      34
    1351   3.399   -70.67952    0.00000    0.00007    1351      36
    1352   3.403   -70.67951    0.00000    0.00000    1352       1
    1353   3.399   -70.67952    0.00000    0.00000    1353       1
    1354   3.403   -70.67951    0.00000    0.00001    1354       5
    1355   3.398   -70.67952    0.00000    0.00002    1355       9
    1356   3.404   -70.67951    0.00000    0.00001    1356       4
    1357   3.404   -70.67951    0.00000    0.00001    1357       4
    1358   3.404   -70.67951    0.00000    0.00004    1358      21
    1359   3.404   -70.67951    0.00000    0.00002    1359       8
    1360   3.406   -70.67951    0.00000    0.00007    1360      34
    1361   3.406   -70.67951    0.00000    0.00003    1361      15
    1362   3.406   -70.67951    0.00000    0.00001    1362       5
    1363   3.406   -70.67951    0.00000    0.00001    1363       4
    1364   3.406   -70.67951    0.00000    0.00009    1364      47
    1365   3.410   -70.67950    0.00000    0.00005    1365      24
    1366   3.405   -70.67951    0.00000    0.00003    1366      16
    1367   3.412   -70.67950    0.00000    0.00001    1367       4
    1368   3.412   -70.67950    0.00000    0.00006    1368      34
    1369   3.414   -70.67949    0.00000    0.00004    1369      22
    1370   3.416   -70.67949    0.00000    0.00000    1370       2
    1371   3.416   -70.67949    0.00000    0.00015    1371      79
    1372   3.423   -70.67948    0.00000    0.00000    1372       2
    1373   3.423   -70.67948    0.00000    0.00006    1373      31
    1374   3.424   -70.67948    0.00000    0.00001    1374       5
    1375   3.425   -70.67948    0.00000    0.00000    1375       1
    1376   3.425   -70.67948    0.00000    0.00007    1376      35
    1377   3.433   -70.67946    0.00000    0.00000    1377       2
    1378   3.433   -70.67946    0.00000    0.00002    1378      13
    1379   3.434   -70.67946    0.00000    0.00000    1379       1
    1380   3.434   -70.67946    0.00000    0.00007    1380      39
    1381   3.435   -70.67946    0.00000    0.00005    1381      29
    1382   3.436   -70.67946    0.00000    0.00002    1382      11
    1383   3.436   -70.67946    0.00000    0.00001    1383       6
    1384   3.417   -70.67949    0.00000    0.00001    1384       3
    1385   3.417   -70.67949    0.00000    0.00002    1385      11
    1386   3.417   -70.67949    0.00000    0.00001    1386       3
    1387   3.418   -70.67949    0.00000    0.00003    1387      18
    1388   3.435   -70.67946    0.00000    0.00001    1388       3
    1389   3.437   -70.67946    0.00000    0.00002    1389      11
    1390   3.418   -70.67949    0.00000    0.00002    1390      13
    1391   3.405   -70.67951    0.00000    0.00001    1391       3
    1392   3.438   -70.67946    0.00000    0.00003    1392      16
    1393   3.418   -70.67949    0.00000    0.00002    1393      12
    1394   3.439   -70.67945    0.00000    0.00000    1394       2
    1395   3.439   -70.67945    0.00000    0.00002    1395      10
    1396   3.439   -70.67945    0.00000    0.00003    1396      14
    1397   3.439   -70.67945    0.00000    0.00004    1397      24
    1398   3.442   -70.67945    0.00000    0.00014    1398      75
    1399   3.435   -70.67946    0.00000    0.00000    1399       1
    1400   3.451   -70.67944    0.00000    0.00001    1400       3
    1401   3.451   -70.67944    0.00000    0.00000    1401       1
    1402   3.451   -70.67944    0.00000    0.00000    1402       1
    1403   3.451   -70.67944    0.00000    0.00002    1403      10
    1404   3.451   -70.67944    0.00000    0.00004    1404      24
    1405   3.454   -70.67943    0.00000    0.00000    1405       2
    1406   3.457   -70.67943    0.00000    0.00002    1406       9
    1407   3.454   -70.67943    0.00000    0.00006    1407      34
    1408   3.457   -70.67943    0.00000    0.00002    1408       9
    1409   3.457   -70.67943    0.00000    0.00001    1409       4
    1410   3.457   -70.67943    0.00000    0.00001    1410       8
    1411   3.460   -70.67942    0.00000    0.00003    1411      18
    1412   3.460   -70.67942    0.00000    0.00003    1412      19
    1413   3.463   -70.67942    0.00000    0.00001    1413       4
    1414   3.464   -70.67942    0.00000    0.00001    1414       5
    1415   3.464   -70.67942    0.00000    0.00013    1415      73
    1416   3.465   -70.67941    0.00000    0.00000    1416       1
    1417   3.466   -70.67941    0.00000    0.00001    1417       4
    1418   3.466   -70.67941    0.00000    0.00001    1418       4
    1419   3.465   -70.67941    0.00000    0.00001    1419       3
    1420   3.466   -70.67941    0.00000    0.00002    1420      14
    1421   3.467   -70.67941    0.00000    0.00000    1421       1
    1422   3.467   -70.67941    0.00000    0.00001    1422       3
    1423   3.471   -70.67940    0.00000    0.00018    1423     104
    1424   3.466   -70.67941    0.00000    0.00001    1424       3
    1425   3.466   -70.67941    0.00000    0.00001    1425       3
    1426   3.473   -70.67940    0.00000    0.00000    1426       1
    1427   3.473   -70.67940    0.00000    0.00003    1427      20
    1428   3.477   -70.67939    0.00000    0.00000    1428       1
    1429   3.478   -70.67939    0.00000    0.00000    1429       2
    1430   3.479   -70.67939    0.00000    0.00001    1430       3
    1431   3.478   -70.67939    0.00000    0.00001    1431       5
    1432   3.471   -70.67940    0.00000    0.00002    1432      10
    1433   3.479   -70.67939    0.00000    0.00003    1433      19
    1434   3.479   -70.67939    0.00000    0.00001    1434       5
    1435   3.479   -70.67939    0.00000    0.00002    1435      10
    1436   3.480   -70.67939    0.00000    0.00008    1436      48
    1437   3.479   -70.67939    0.00000    0.00005    1437      30
    1438   3.479   -70.67939    0.00000    0.00001    1438       7
    1439   3.479   -70.67939    0.00000    0.00003    1439      18
    1440   3.490   -70.67937    0.00000    0.00001    1440       8
    1441   3.495   -70.67937    0.00000    0.00000    1441       1
    1442   3.496   -70.67936    0.00000    0.00000    1442       3
    1443   3.496   -70.67936    0.00000    0.00000    1443       1
    1444   3.496   -70.67936    0.00000    0.00002    1444      12
    1445   3.496   -70.67936    0.00000    0.00003    1445      18
    1446   3.496   -70.67936    0.00000    0.00000    1446       3
    1447   3.496   -70.67936    0.00000    0.00000    1447       1
    1448   3.496   -70.67936    0.00000    0.00001    1448       9
    1449   3.497   -70.67936    0.00000    0.00006    1449      36
    1450   3.496   -70.67936    0.00000    0.00006    1450      37
    1451   3.503   -70.67935    0.00000    0.00001    1451       6
    1452   3.503   -70.67935    0.00000    0.00002    1452      13
    1453   3.503   -70.67935    0.00000    0.00001    1453       4
    1454   3.503   -70.67935    0.00000    0.00003    1454      17
    1455   3.504   -70.67935    0.00000    0.00008    1455      49
    1456   3.505   -70.67935    0.00000    0.00000    1456       1
    1457   3.505   -70.67935    0.00000    0.00008    1457      48
    1458   3.508   -70.67935    0.00000    0.00001    1458       4
    1459   3.503   -70.67935    0.00000    0.00002    1459      13
    1460   3.512   -70.67934    0.00000    0.00002    1460      15
    1461   3.514   -70.67934    0.00000    0.00002    1461      13
    1462   3.514   -70.67934    0.00000    0.00002    1462      11
    1463   3.514   -70.67933    0.00000    0.00000    1463       1
    1464   3.515   -70.67933    0.00000    0.00000    1464       1
    1465   3.515   -70.67933    0.00000    0.00000    1465       3
    1466   3.515   -70.67933    0.00000    0.00002    1466      10
    1467   3.517   -70.67933    0.00000    0.00000    1467       1
    1468   3.518   -70.67933    0.00000    0.00004    1468      26
    1469   3.519   -70.67933    0.00000    0.00000    1469       1
    1470   3.519   -70.67933    0.00000    0.00000    1470       1
    1471   3.519   -70.67933    0.00000    0.00008    1471      50
    1472   3.503   -70.67935    0.00000    0.00000    1472       2
    1473   3.521   -70.67932    0.00000    0.00000    1473       3
    1474   3.514   -70.67934    0.00000    0.00001    1474       4
    1475   3.524   -70.67932    0.00000    0.00000    1475       1
    1476   3.524   -70.67932    0.00000    0.00000    1476       1
    1477   3.524   -70.67932    0.00000    0.00006    1477      35
    1478   3.525   -70.67932    0.00000    0.00007    1478      43
    1479   3.528   -70.67931    0.00000    0.00000    1479       1
    1480   3.527   -70.67931    0.00000    0.00002    1480      12
    1481   3.529   -70.67931    0.00000    0.00000    1481       2
    1482   3.529   -70.67931    0.00000    0.00000    1482       1
    1483   3.529   -70.67931    0.00000    0.00003    1483      17
    1484   3.529   -70.67931    0.00000    0.00004    1484      24
    1485   3.531   -70.67931    0.00000    0.00004    1485      23
    1486   3.529   -70.67931    0.00000    0.00002    1486      13
    1487   3.537   -70.67930    0.00000    0.00000    1487       1
    1488   3.537   -70.67930    0.00000    0.00000    1488       1
    1489   3.537   -70.67930    0.00000    0.00002    1489      13
    1490   3.537   -70.67930    0.00000    0.00001    1490       8
    1491   3.537   -70.67930    0.00000    0.00011    1491      71
    1492   3.541   -70.67929    0.00000    0.00003    1492      20
    1493   3.544   -70.67929    0.00000    0.00000    1493       1
    1494   3.544   -70.67929    0.00000    0.00002    1494      16
    1495   3.546   -70.67928    0.00000    0.00003    1495      18
    1496   3.548   -70.67928    0.00000    0.00000    1496       1
    1497   3.548   -70.67928    0.00000    0.00000    1497       1
    1498   3.548   -70.67928    0.00000    0.00002    1498      14
    1499   3.549   -70.67928    0.00000    0.00003    1499      17
    1500   3.551   -70.67928    0.00000    0.00001    1500       4
    1501   3.551   -70.67928    0.00000    0.00003    1501      19
    1502   3.553   -70.67927    0.00000    0.00000    1502       1
    1503   3.555   -70.67927    0.00000    0.00001    1503       4
    1504   3.555   -70.67927    0.00000    0.00002    1504      15
    1505   3.555   -70.67927    0.00000    0.00001    1505       4
    1506   3.555   -70.67927    0.00000    0.00001    1506       7
    1507   3.555   -70.67927    0.00000    0.00001    1507       5
    1508   3.555   -70.67927    0.00000    0.00002    1508      14
    1509   3.556   -70.67927    0.00000    0.00005    1509      36
    1510   3.555   -70.67927    0.00000    0.00010    1510      68
    1511   3.563   -70.67926    0.00000    0.00000    1511       1
    1512   3.563   -70.67926    0.00000    0.00000    1512       2
    1513   3.560   -70.67926    0.00000    0.00000    1513       1
    1514   3.522   -70.67932    0.00000    0.00006    1514      41
    1515   3.566   -70.67925    0.00000    0.00001    1515      10
    1516   3.568   -70.67925    0.00000    0.00003    1516      19
    1517   3.561   -70.67926    0.00000    0.00004    1517      28
    1518   3.571   -70.67924    0.00000    0.00008    1518      58
    1519   3.569   -70.67925    0.00000    0.00000    1519       1
    1520   3.572   -70.67924    0.00000    0.00001    1520       9
    1521   3.570   -70.67925    0.00000    0.00000    1521       1
    1522   3.572   -70.67924    0.00000    0.00002    1522      11
    1523   3.581   -70.67923    0.00000    0.00001    1523       4
    1524   3.581   -70.67923    0.00000    0.00007    1524      51
    1525   3.585   -70.67922    0.00000    0.00000    1525       1
    1526   3.585   -70.67922    0.00000    0.00000    1526       1
    1527   3.583   -70.67922    0.00000    0.00001    1527      10
    1528   3.589   -70.67922    0.00000    0.00001    1528       4
    1529   3.587   -70.67922    0.00000    0.00003    1529      19
    1530   3.557   -70.67927    0.00000    0.00000    1530       2
    1531   3.557   -70.67927    0.00000    0.00000    1531       1
    1532   3.557   -70.67927    0.00000    0.00000    1532       1
    1533   3.557   -70.67927    0.00000    0.00002    1533      12
    1534   3.590   -70.67921    0.00000    0.00000    1534       1
    1535   3.590   -70.67921    0.00000    0.00000    1535       2
    1536   3.590   -70.67921    0.00000    0.00002    1536      13
    1537   3.591   -70.67921    0.00000    0.00003    1537      21
    1538   3.592   -70.67921    0.00000    0.00001    1538      10
    1539   3.594   -70.67921    0.00000    0.00000    1539       1
    1540   3.595   -70.67921    0.00000    0.00000    1540       3
    1541   3.595   -70.67921    0.00000    0.00003    1541      20
    1542   3.595   -70.67921    0.00000    0.00002    1542      17
    1543   3.595   -70.67921    0.00000    0.00000    1543       2
    1544   3.595   -70.67921    0.00000    0.00003    1544      18
    1545   3.596   -70.67921    0.00000    0.00000    1545       3
    1546   3.596   -70.67921    0.00000    0.00000    1546       2
    1547   3.596   -70.67920    0.00000    0.00000    1547       2
    1548   3.596   -70.67920    0.00000    0.00000    1548       1
    1549   3.596   -70.67920    0.00000    0.00000    1549       1
    1550   3.596   -70.67920    0.00000    0.00000    1550       1
    1551   3.597   -70.67920    0.00000    0.00000    1551       1
    1552   3.597   -70.67920    0.00000    0.00007    1552      53
    1553   3.600   -70.67920    0.00000    0.00004    1553      26
    1554   3.599   -70.67920    0.00000    0.00002    1554      12
    1555   3.601   -70.67920    0.00000    0.00000    1555       3
    1556   3.603   -70.67919    0.00000    0.00000    1556       1
    1557   3.603   -70.67919    0.00000    0.00003    1557      24
    1558   3.600   -70.67920    0.00000    0.00003    1558      25
    1559   3.605   -70.67919    0.00000    0.00003    1559      22
    1560   3.607   -70.67919    0.00000    0.00002    1560      17
    1561   3.600   -70.67920    0.00000    0.00003    1561      22
    1562   3.607   -70.67919    0.00000    0.00001    1562       6
    1563   3.607   -70.67919    0.00000    0.00001    1563       8
    1564   3.607   -70.67919    0.00000    0.00000    1564       2
    1565   3.607   -70.67919    0.00000    0.00001    1565       4
    1566   3.608   -70.67919    0.00000    0.00000    1566       3
    1567   3.608   -70.67919    0.00000    0.00009    1567      68
    1568   3.612   -70.67918    0.00000    0.00000    1568       2
    1569   3.613   -70.67918    0.00000    0.00001    1569       8
    1570   3.613   -70.67918    0.00000    0.00000    1570       2
    1571   3.614   -70.67918    0.00000    0.00002    1571      13
    1572   3.610   -70.67918    0.00000    0.00003    1572      19
    1573   3.615   -70.67917    0.00000    0.00003    1573      20
    1574   3.615   -70.67917    0.00000    0.00001    1574       4
    1575   3.617   -70.67917    0.00000    0.00002    1575      12
    1576   3.603   -70.67919    0.00000    0.00000    1576       3
    1577   3.617   -70.67917    0.00000    0.00001    1577       4
    1578   3.618   -70.67917    0.00000    0.00000    1578       1
    1579   3.615   -70.67917    0.00000    0.00001    1579       9
    1580   3.618   -70.67917    0.00000    0.00001    1580       9
    1581   3.622   -70.67916    0.00000    0.00001    1581       7
    1582   3.622   -70.67916    0.00000    0.00001    1582       6
    1583   3.621   -70.67917    0.00000    0.00000    1583       1
    1584   3.615   -70.67917    0.00000    0.00000    1584       2
    1585   3.621   -70.67917    0.00000    0.00000    1585       1
    1586   3.616   -70.67917    0.00000    0.00000    1586       1
    1587   3.604   -70.67919    0.00000    0.00002    1587      17
    1588   3.610   -70.67918    0.00000    0.00002    1588      15
    1589   3.623   -70.67916    0.00000    0.00001    1589       4
    1590   3.624   -70.67916    0.00000    0.00001    1590       4
    1591   3.625   -70.67916    0.00000    0.00000    1591       1
    1592   3.625   -70.67916    0.00000    0.00000    1592       1
    1593   3.626   -70.67916    0.00000    0.00000    1593       2
    1594   3.625   -70.67916    0.00000    0.00001    1594       4
    1595   3.625   -70.67916    0.00000    0.00000    1595       1
    1596   3.625   -70.67916    0.00000    0.00000    1596       2
    1597   3.625   -70.67916    0.00000    0.00003    1597      25
    1598   3.629   -70.67915    0.00000    0.00000    1598       1
    1599   3.629   -70.67915    0.00000    0.00003    1599      21
    1600   3.630   -70.67915    0.00000    0.00000    1600       2
    1601   3.630   -70.67915    0.00000    0.00000    1601       1
    1602   3.630   -70.67915    0.00000    0.00000    1602       1
    1603   3.630   -70.67915    0.00000    0.00004    1603      28
    1604   3.631   -70.67915    0.00000    0.00000    1604       1
    1605   3.631   -70.67915    0.00000    0.00002    1605      13
    1606   3.631   -70.67915    0.00000    0.00002    1606      18
    1607   3.632   -70.67915    0.00000    0.00001    1607       6
    1608   3.632   -70.67915    0.00000    0.00000    1608       1
    1609   3.632   -70.67915    0.00000    0.00004    1609      34
    1610   3.636   -70.67914    0.00000    0.00000    1610       1
    1611   3.632   -70.67915    0.00000    0.00001    1611       4
    1612   3.633   -70.67915    0.00000    0.00000    1612       3
    1613   3.633   -70.67915    0.00000    0.00006    1613      42
    1614   3.638   -70.67914    0.00000    0.00001    1614       9
    1615   3.640   -70.67913    0.00000    0.00001    1615       7
    1616   3.641   -70.67913    0.00000    0.00000    1616       3
    1617   3.631   -70.67915    0.00000    0.00002    1617      16
    1618   3.642   -70.67913    0.00000    0.00001    1618       5
    1619   3.617   -70.67917    0.00000    0.00002    1619      16
    1620   3.641   -70.67913    0.00000    0.00000    1620       3
    1621   3.643   -70.67913    0.00000    0.00000    1621       2
    1622   3.643   -70.67913    0.00000    0.00001    1622       5
    1623   3.643   -70.67913    0.00000    0.00000    1623       1
    1624   3.643   -70.67913    0.00000    0.00003    1624      20
    1625   3.646   -70.67912    0.00000    0.00000    1625       1
    1626   3.646   -70.67912    0.00000    0.00002    1626      16
    1627   3.640   -70.67913    0.00000    0.00000    1627       2
    1628   3.650   -70.67912    0.00000    0.00003    1628      21
    1629   3.653   -70.67911    0.00000    0.00000    1629       2
    1630   3.648   -70.67912    0.00000    0.00001    1630      10
    1631   3.653   -70.67911    0.00000    0.00000    1631       2
    1632   3.642   -70.67913    0.00000    0.00001    1632       8
    1633   3.654   -70.67911    0.00000    0.00000    1633       2
    1634   3.655   -70.67911    0.00000    0.00001    1634       5
    1635   3.655   -70.67911    0.00000    0.00000    1635       3
    1636   3.656   -70.67911    0.00000    0.00001    1636       8
    1637   3.656   -70.67911    0.00000    0.00001    1637      10
    1638   3.655   -70.67911    0.00000    0.00000    1638       3
    1639   3.656   -70.67911    0.00000    0.00003    1639      23
    1640   3.656   -70.67911    0.00000    0.00000    1640       1
    1641   3.656   -70.67911    0.00000    0.00011    1641      87
    1642   3.662   -70.67910    0.00000    0.00001    1642       7
    1643   3.665   -70.67910    0.00000    0.00001    1643       5
    1644   3.665   -70.67909    0.00000    0.00000    1644       1
    1645   3.665   -70.67909    0.00000    0.00003    1645      23
    1646   3.665   -70.67909    0.00000    0.00001    1646      10
    1647   3.665   -70.67909    0.00000    0.00000    1647       2
    1648   3.665   -70.67909    0.00000    0.00000    1648       2
    1649   3.665   -70.67909    0.00000    0.00000    1649       1
    1650   3.665   -70.67909    0.00000    0.00004    1650      34
    1651   3.666   -70.67909    0.00000    0.00001    1651       5
    1652   3.666   -70.67909    0.00000    0.00002    1652      19
    1653   3.667   -70.67909    0.00000    0.00011    1653      90
    1654   3.669   -70.67909    0.00000    0.00001    1654      11
    1655   3.675   -70.67908    0.00000    0.00000    1655       1
    1656   3.663   -70.67910    0.00000    0.00002    1656      13
    1657   3.676   -70.67908    0.00000    0.00003    1657      23
    1658   3.676   -70.67908    0.00000    0.00001    1658       9
    1659   3.678   -70.67907    0.00000    0.00000    1659       1
    1660   3.679   -70.67907    0.00000    0.00000    1660       1
    1661   3.680   -70.67907    0.00000    0.00003    1661      24
    1662   3.680   -70.67907    0.00000    0.00000    1662       4
    1663   3.680   -70.67907    0.00000    0.00001    1663       9
    1664   3.664   -70.67910    0.00000    0.00002    1664      13
    1665   3.680   -70.67907    0.00000    0.00000    1665       3
    1666   3.680   -70.67907    0.00000    0.00001    1666       6
    1667   3.680   -70.67907    0.00000    0.00000    1667       1
    1668   3.680   -70.67907    0.00000    0.00000    1668       1
    1669   3.680   -70.67907    0.00000    0.00001    1669       6
    1670   3.680   -70.67907    0.00000    0.00008    1670      70
    1671   3.681   -70.67907    0.00000    0.00000    1671       3
    1672   3.681   -70.67907    0.00000    0.00008    1672      67
    1673   3.689   -70.67906    0.00000    0.00000    1673       2
    1674   3.688   -70.67906    0.00000    0.00000    1674       1
    1675   3.689   -70.67906    0.00000    0.00000    1675       1
    1676   3.684   -70.67906    0.00000    0.00000    1676       1
    1677   3.686   -70.67906    0.00000    0.00001    1677      11
    1678   3.690   -70.67905    0.00000    0.00002    1678      15
    1679   3.691   -70.67905    0.00000    0.00001    1679       5
    1680   3.691   -70.67905    0.00000    0.00001    1680       8
    1681   3.691   -70.67905    0.00000    0.00000    1681       3
    1682   3.691   -70.67905    0.00000    0.00002    1682      14
    1683   3.692   -70.67905    0.00000    0.00000    1683       1
    1684   3.692   -70.67905    0.00000    0.00001    1684       7
    1685   3.692   -70.67905    0.00000    0.00002    1685      16
    1686   3.665   -70.67909    0.00000    0.00001    1686       9
    1687   3.680   -70.67907    0.00000    0.00001    1687      11
    1688   3.695   -70.67905    0.00000    0.00001    1688      10
    1689   3.695   -70.67905    0.00000    0.00003    1689      24
    1690   3.698   -70.67904    0.00000    0.00000    1690       2
    1691   3.699   -70.67904    0.00000    0.00003    1691      24
    1692   3.700   -70.67904    0.00000    0.00007    1692      59
    1693   3.701   -70.67904    0.00000    0.00001    1693       9
    1694   3.701   -70.67904    0.00000    0.00001    1694       5
    1695   3.701   -70.67904    0.00000    0.00001    1695       9
    1696   3.702   -70.67904    0.00000    0.00000    1696       1
    1697   3.704   -70.67903    0.00000    0.00000    1697       1
    1698   3.702   -70.67904    0.00000    0.00001    1698       7
    1699   3.702   -70.67904    0.00000    0.00000    1699       1
    1700   3.702   -70.67904    0.00000    0.00002    1700      20
    1701   3.703   -70.67903    0.00000    0.00008    1701      70
    1702   3.708   -70.67903    0.00000    0.00000    1702       1
    1703   3.708   -70.67903    0.00000    0.00000    1703       1
    1704   3.707   -70.67903    0.00000    0.00003    1704      27
    1705   3.703   -70.67903    0.00000    0.00000    1705       2
    1706   3.709   -70.67902    0.00000    0.00002    1706      19
    1707   3.712   -70.67902    0.00000    0.00000    1707       2
    1708   3.712   -70.67902    0.00000    0.00002    1708      16
    1709   3.691   -70.67905    0.00000    0.00001    1709      12
    1710   3.712   -70.67902    0.00000    0.00000    1710       1
    1711   3.701   -70.67904    0.00000    0.00000    1711       3
    1712   3.709   -70.67903    0.00000    0.00000    1712       1
    1713   3.673   -70.67908    0.00000    0.00003    1713      24
    1714   3.715   -70.67901    0.00000    0.00000    1714       1
    1715   3.715   -70.67901    0.00000    0.00003    1715      25
    1716   3.716   -70.67901    0.00000    0.00000    1716       1
    1717   3.716   -70.67901    0.00000    0.00001    1717       6
    1718   3.709   -70.67903    0.00000    0.00001    1718       5
    1719   3.717   -70.67901    0.00000    0.00003    1719      30
    1720   3.717   -70.67901    0.00000    0.00001    1720       8
    1721   3.718   -70.67901    0.00000    0.00000    1721       1
    1722   3.718   -70.67901    0.00000    0.00006    1722      55
    1723   3.721   -70.67901    0.00000    0.00001    1723       5
    1724   3.721   -70.67901    0.00000    0.00001    1724       5
    1725   3.721   -70.67900    0.00000    0.00000    1725       2
    1726   3.721   -70.67900    0.00000    0.00002    1726      17
    1727   3.724   -70.67900    0.00000    0.00000    1727       2
    1728   3.722   -70.67900    0.00000    0.00000    1728       1
    1729   3.722   -70.67900    0.00000    0.00006    1729      56
    1730   3.731   -70.67899    0.00000    0.00000    1730       3
    1731   3.731   -70.67899    0.00000    0.00000    1731       1
    1732   3.731   -70.67899    0.00000    0.00000    1732       2
    1733   3.731   -70.67899    0.00000    0.00000    1733       1
    1734   3.731   -70.67899    0.00000    0.00001    1734      13
    1735   3.724   -70.67900    0.00000    0.00004    1735      34
    1736   3.736   -70.67898    0.00000    0.00000    1736       2
    1737   3.736   -70.67898    0.00000    0.00000    1737       2
    1738   3.736   -70.67898    0.00000    0.00000    1738       1
    1739   3.736   -70.67898    0.00000    0.00004    1739      32
    1740   3.736   -70.67898    0.00000    0.00000    1740       4
    1741   3.694   -70.67905    0.00000    0.00002    1741      13
    1742   3.694   -70.67905    0.00000    0.00000    1742       1
    1743   3.694   -70.67905    0.00000    0.00002    1743      20
    1744   3.738   -70.67898    0.00000    0.00000    1744       1
    1745   3.738   -70.67898    0.00000    0.00000    1745       3
    1746   3.738   -70.67898    0.00000    0.00006    1746      50
    1747   3.745   -70.67897    0.00000    0.00000    1747       2
    1748   3.745   -70.67897    0.00000    0.00001    1748      13
    1749   3.725   -70.67900    0.00000    0.00001    1749       8
    1750   3.745   -70.67897    0.00000    0.00001    1750       6
    1751   3.736   -70.67898    0.00000    0.00001    1751       5
    1752   3.744   -70.67897    0.00000    0.00000    1752       2
    1753   3.746   -70.67896    0.00000    0.00001    1753       7
    1754   3.726   -70.67900    0.00000    0.00000    1754       2
    1755   3.747   -70.67896    0.00000    0.00002    1755      22
    1756   3.746   -70.67897    0.00000    0.00002    1756      14
    1757   3.747   -70.67896    0.00000    0.00000    1757       1
    1758   3.746   -70.67897    0.00000    0.00002    1758      16
    1759   3.746   -70.67897    0.00000    0.00001    1759       9
    1760   3.749   -70.67896    0.00000    0.00002    1760      23
    1761   3.751   -70.67896    0.00000    0.00000    1761       1
    1762   3.751   -70.67896    0.00000    0.00000    1762       1
    1763   3.726   -70.67900    0.00000    0.00000    1763       4
    1764   3.751   -70.67896    0.00000    0.00001    1764       6
    1765   3.752   -70.67896    0.00000    0.00000    1765       2
    1766   3.752   -70.67896    0.00000    0.00001    1766       8
    1767   3.753   -70.67895    0.00000    0.00000    1767       1
    1768   3.751   -70.67896    0.00000    0.00001    1768      10
    1769   3.750   -70.67896    0.00000    0.00001    1769      11
    1770   3.755   -70.67895    0.00000    0.00001    1770       5
    1771   3.756   -70.67895    0.00000    0.00000    1771       1
    1772   3.756   -70.67895    0.00000    0.00000    1772       1
    1773   3.757   -70.67895    0.00000    0.00000    1773       2
    1774   3.757   -70.67895    0.00000    0.00000    1774       2
    1775   3.757   -70.67895    0.00000    0.00002    1775      18
    1776   3.760   -70.67894    0.00000    0.00000    1776       1
    1777   3.760   -70.67894    0.00000    0.00000    1777       1
    1778   3.760   -70.67894    0.00000    0.00001    1778       7
    1779   3.761   -70.67894    0.00000    0.00001    1779       8
    1780   3.761   -70.67894    0.00000    0.00001    1780      14
    1781   3.761   -70.67894    0.00000    0.00003    1781      27
    1782   3.762   -70.67894    0.00000    0.00000    1782       3
    1783   3.762   -70.67894    0.00000    0.00001    1783      10
    1784   3.762   -70.67894    0.00000    0.00004    1784      34
    1785   3.775   -70.67892    0.00000    0.00000    1785       1
    1786   3.775   -70.67892    0.00000    0.00000    1786       2
    1787   3.775   -70.67892    0.00000    0.00008    1787      74
    1788   3.779   -70.67891    0.00000    0.00001    1788      11
    1789   3.767   -70.67893    0.00000    0.00000    1789       4
    1790   3.780   -70.67891    0.00000    0.00000    1790       2
    1791   3.780   -70.67891    0.00000    0.00000    1791       1
    1792   3.780   -70.67891    0.00000    0.00001    1792       5
    1793   3.781   -70.67891    0.00000    0.00000    1793       1
    1794   3.781   -70.67891    0.00000    0.00000    1794       1
    1795   3.744   -70.67897    0.00000    0.00002    1795      19
    1796   3.785   -70.67890    0.00000    0.00000    1796       1
    1797   3.785   -70.67890    0.00000    0.00001    1797       9
    1798   3.786   -70.67890    0.00000    0.00000    1798       1
    1799   3.783   -70.67891    0.00000    0.00003    1799      32
    1800   3.786   -70.67890    0.00000    0.00000    1800       4
    1801   3.745   -70.67897    0.00000    0.00001    1801      10
    1802   3.786   -70.67890    0.00000    0.00000    1802       4
    1803   3.788   -70.67890    0.00000    0.00000    1803       2
    1804   3.788   -70.67890    0.00000    0.00000    1804       1
    1805   3.788   -70.67890    0.00000    0.00001    1805       7
    1806   3.788   -70.67890    0.00000    0.00000    1806       3
    1807   3.788   -70.67890    0.00000    0.00002    1807      17
    1808   3.789   -70.67890    0.00000    0.00000    1808       1
    1809   3.790   -70.67890    0.00000    0.00001    1809       9
    1810   3.790   -70.67890    0.00000    0.00000    1810       4
    1811   3.790   -70.67890    0.00000    0.00000    1811       1
    1812   3.790   -70.67890    0.00000    0.00000    1812       2
    1813   3.790   -70.67889    0.00000    0.00001    1813      14
    1814   3.777   -70.67892    0.00000    0.00000    1814       1
    1815   3.790   -70.67889    0.00000    0.00004    1815      39
    1816   3.796   -70.67889    0.00000    0.00000    1816       1
    1817   3.762   -70.67894    0.00000    0.00000    1817       1
    1818   3.795   -70.67889    0.00000    0.00001    1818      13
    1819   3.777   -70.67892    0.00000    0.00000    1819       1
    1820   3.795   -70.67889    0.00000    0.00004    1820      36
    1821   3.797   -70.67888    0.00000    0.00000    1821       2
    1822   3.800   -70.67888    0.00000    0.00001    1822       8
    1823   3.794   -70.67889    0.00000    0.00001    1823       7
    1824   3.797   -70.67888    0.00000    0.00000    1824       1
    1825   3.794   -70.67889    0.00000    0.00001    1825      10
    1826   3.795   -70.67889    0.00000    0.00000    1826       3
    1827   3.802   -70.67888    0.00000    0.00004    1827      40
    1828   3.808   -70.67887    0.00000    0.00001    1828       6
    1829   3.808   -70.67887    0.00000    0.00000    1829       1
    1830   3.808   -70.67887    0.00000    0.00001    1830       7
    1831   3.798   -70.67888    0.00000    0.00002    1831      17
    1832   3.809   -70.67887    0.00000    0.00001    1832      15
    1833   3.810   -70.67886    0.00000    0.00000    1833       1
    1834   3.810   -70.67886    0.00000    0.00000    1834       2
    1835   3.810   -70.67886    0.00000    0.00000    1835       1
    1836   3.810   -70.67886    0.00000    0.00000    1836       1
    1837   3.809   -70.67887    0.00000    0.00000    1837       2
    1838   3.810   -70.67886    0.00000    0.00000    1838       2
    1839   3.810   -70.67886    0.00000    0.00000    1839       1
    1840   3.810   -70.67886    0.00000    0.00000    1840       3
    1841   3.810   -70.67886    0.00000    0.00000    1841       1
    1842   3.810   -70.67886    0.00000    0.00000    1842       1
    1843   3.810   -70.67886    0.00000    0.00002    1843      16
    1844   3.811   -70.67886    0.00000    0.00000    1844       1
    1845   3.810   -70.67886    0.00000    0.00000    1845       2
    1846   3.811   -70.67886    0.00000    0.00001    1846       6
    1847   3.770   -70.67893    0.00000    0.00001    1847       8
    1848   3.770   -70.67893    0.00000    0.00001    1848       8
    1849   3.772   -70.67892    0.00000    0.00002    1849      16
    1850   3.772   -70.67892    0.00000    0.00000    1850       1
    1851   3.772   -70.67892    0.00000    0.00000    1851       1
    1852   3.772   -70.67892    0.00000    0.00000    1852       1
    1853   3.812   -70.67886    0.00000    0.00001    1853      14
    1854   3.814   -70.67886    0.00000    0.00000    1854       3
    1855   3.814   -70.67886    0.00000    0.00000    1855       5
    1856   3.815   -70.67886    0.00000    0.00000    1856       4
    1857   3.815   -70.67886    0.00000    0.00002    1857      22
    1858   3.818   -70.67885    0.00000    0.00000    1858       3
    1859   3.818   -70.67885    0.00000    0.00001    1859      12
    1860   3.819   -70.67885    0.00000    0.00001    1860       7
    1861   3.821   -70.67885    0.00000    0.00000    1861       1
    1862   3.821   -70.67885    0.00000    0.00002    1862      17
    1863   3.812   -70.67886    0.00000    0.00001    1863      14
    1864   3.812   -70.67886    0.00000    0.00001    1864      12
    1865   3.823   -70.67884    0.00000    0.00000    1865       2
    1866   3.823   -70.67884    0.00000    0.00000    1866       1
    1867   3.824   -70.67884    0.00000    0.00001    1867      15
    1868   3.821   -70.67885    0.00000    0.00001    1868      10
    1869   3.828   -70.67884    0.00000    0.00000    1869       1
    1870   3.828   -70.67884    0.00000    0.00000    1870       4
    1871   3.828   -70.67883    0.00000    0.00002    1871      16
    1872   3.828   -70.67883    0.00000    0.00000    1872       1
    1873   3.829   -70.67883    0.00000    0.00001    1873      15
    1874   3.831   -70.67883    0.00000    0.00001    1874      10
    1875   3.831   -70.67883    0.00000    0.00001    1875       7
    1876   3.832   -70.67883    0.00000    0.00000    1876       3
    1877   3.832   -70.67883    0.00000    0.00003    1877      31
    1878   3.835   -70.67882    0.00000    0.00000    1878       2
    1879   3.828   -70.67883    0.00000    0.00000    1879       1
    1880   3.836   -70.67882    0.00000    0.00000    1880       1
    1881   3.825   -70.67884    0.00000    0.00002    1881      17
    1882   3.835   -70.67882    0.00000    0.00000    1882       1
    1883   3.837   -70.67882    0.00000    0.00001    1883      14
    1884   3.836   -70.67882    0.00000    0.00001    1884       7
    1885   3.839   -70.67882    0.00000    0.00000    1885       2
    1886   3.826   -70.67884    0.00000    0.00000    1886       1
    1887   3.839   -70.67882    0.00000    0.00001    1887      12
    1888   3.840   -70.67882    0.00000    0.00000    1888       1
    1889   3.827   -70.67884    0.00000    0.00001    1889       8
    1890   3.841   -70.67881    0.00000    0.00001    1890      13
    1891   3.844   -70.67881    0.00000    0.00001    1891      10
    1892   3.844   -70.67881    0.00000    0.00001    1892      11
    1893   3.844   -70.67881    0.00000    0.00000    1893       2
    1894   3.845   -70.67881    0.00000    0.00000    1894       1
    1895   3.845   -70.67881    0.00000    0.00001    1895      11
    1896   3.845   -70.67881    0.00000    0.00000    1896       2
    1897   3.846   -70.67881    0.00000    0.00000    1897       1
    1898   3.846   -70.67881    0.00000    0.00000    1898       4
    1899   3.847   -70.67880    0.00000    0.00001    1899      15
    1900   3.849   -70.67880    0.00000    0.00001    1900       9
    1901   3.844   -70.67881    0.00000    0.00001    1901       9
    1902   3.849   -70.67880    0.00000    0.00002    1902      27
    1903   3.857   -70.67879    0.00000    0.00000    1903       1
    1904   3.857   -70.67879    0.00000    0.00000    1904       3
    1905   3.857   -70.67879    0.00000    0.00000    1905       1
    1906   3.857   -70.67879    0.00000    0.00000    1906       2
    1907   3.858   -70.67879    0.00000    0.00000    1907       1
    1908   3.859   -70.67878    0.00000    0.00000    1908       4
    1909   3.861   -70.67878    0.00000    0.00000    1909       5
    1910   3.861   -70.67878    0.00000    0.00000    1910       2
    1911   3.861   -70.67878    0.00000    0.00000    1911       1
    1912   3.861   -70.67878    0.00000    0.00000    1912       1
    1913   3.861   -70.67878    0.00000    0.00000    1913       1
    1914   3.861   -70.67878    0.00000    0.00001    1914      13
    1915   3.861   -70.67878    0.00000    0.00000    1915       1
    1916   3.856   -70.67879    0.00000    0.00001    1916      10
    1917   3.861   -70.67878    0.00000    0.00001    1917      14
    1918   3.862   -70.67878    0.00000    0.00000    1918       1
    1919   3.862   -70.67878    0.00000    0.00000    1919       1
    1920   3.862   -70.67878    0.00000    0.00000    1920       2
    1921   3.862   -70.67878    0.00000    0.00000    1921       1
    1922   3.862   -70.67878    0.00000    0.00000    1922       1
    1923   3.862   -70.67878    0.00000    0.00006    1923      66
    1924   3.864   -70.67878    0.00000    0.00002    1924      26
    1925   3.865   -70.67878    0.00000    0.00001    1925       6
    1926   3.864   -70.67878    0.00000    0.00003    1926      35
    1927   3.867   -70.67877    0.00000    0.00002    1927      19
    1928   3.868   -70.67877    0.00000    0.00003    1928      31
    1929   3.873   -70.67876    0.00000    0.00000    1929       2
    1930   3.873   -70.67876    0.00000    0.00001    1930      14
    1931   3.873   -70.67876    0.00000    0.00000    1931       3
    1932   3.873   -70.67876    0.00000    0.00000    1932       1
    1933   3.873   -70.67876    0.00000    0.00000    1933       3
    1934   3.865   -70.67878    0.00000    0.00001    1934       7
    1935   3.874   -70.67876    0.00000    0.00001    1935      11
    1936   3.858   -70.67879    0.00000    0.00000    1936       3
    1937   3.874   -70.67876    0.00000    0.00000    1937       1
    1938   3.874   -70.67876    0.00000    0.00000    1938       1
    1939   3.874   -70.67876    0.00000    0.00000    1939       1
    1940   3.874   -70.67876    0.00000    0.00000    1940       1
    1941   3.874   -70.67876    0.00000    0.00001    1941      10
    1942   3.875   -70.67876    0.00000    0.00000    1942       1
    1943   3.875   -70.67876    0.00000    0.00000    1943       5
    1944   3.875   -70.67876    0.00000    0.00000    1944       2
    1945   3.875   -70.67876    0.00000    0.00003    1945      29
    1946   3.875   -70.67876    0.00000    0.00002    1946      21
    1947   3.877   -70.67876    0.00000    0.00002    1947      23
    1948   3.878   -70.67876    0.00000    0.00000    1948       4
    1949   3.878   -70.67876    0.00000    0.00001    1949      12
    1950   3.879   -70.67875    0.00000    0.00002    1950      19
    1951   3.879   -70.67875    0.00000    0.00000    1951       5
    1952   3.881   -70.67875    0.00000    0.00000    1952       1
    1953   3.879   -70.67875    0.00000    0.00003    1953      31
    1954   3.882   -70.67875    0.00000    0.00002    1954      20
    1955   3.854   -70.67879    0.00000    0.00001    1955      12
    1956   3.883   -70.67875    0.00000    0.00000    1956       2
    1957   3.883   -70.67875    0.00000    0.00000    1957       5
    1958   3.883   -70.67875    0.00000    0.00003    1958      38
    1959   3.888   -70.67874    0.00000    0.00006    1959      69
    1960   3.891   -70.67873    0.00000    0.00000    1960       4
    1961   3.892   -70.67873    0.00000    0.00000    1961       4
    1962   3.893   -70.67873    0.00000    0.00000    1962       5
    1963   3.893   -70.67873    0.00000    0.00000    1963       5
    1964   3.893   -70.67873    0.00000    0.00000    1964       2
    1965   3.893   -70.67873    0.00000    0.00000    1965       1
    1966   3.894   -70.67873    0.00000    0.00000    1966       5
    1967   3.894   -70.67873    0.00000    0.00000    1967       4
    1968   3.894   -70.67873    0.00000    0.00000    1968       3
    1969   3.895   -70.67873    0.00000    0.00001    1969      17
    1970   3.896   -70.67873    0.00000    0.00001    1970      17
    1971   3.882   -70.67875    0.00000    0.00001    1971      15
    1972   3.899   -70.67872    0.00000    0.00000    1972       1
    1973   3.900   -70.67872    0.00000    0.00000    1973       1
    1974   3.900   -70.67872    0.00000    0.00000    1974       4
    1975   3.902   -70.67872    0.00000    0.00002    1975      22
    1976   3.904   -70.67871    0.00000    0.00000    1976       1
    1977   3.904   -70.67871    0.00000    0.00000    1977       1
    1978   3.903   -70.67872    0.00000    0.00001    1978      10
    1979   3.904   -70.67871    0.00000    0.00000    1979       1
    1980   3.904   -70.67871    0.00000    0.00000    1980       1
    1981   3.903   -70.67872    0.00000    0.00002    1981      19
    1982   3.905   -70.67871    0.00000    0.00000    1982       1
    1983   3.905   -70.67871    0.00000    0.00000    1983       6
    1984   3.906   -70.67871    0.00000    0.00001    1984      13
    1985   3.907   -70.67871    0.00000    0.00001    1985       7
    1986   3.907   -70.67871    0.00000    0.00000    1986       4
    1987   3.907   -70.67871    0.00000    0.00000    1987       1
    1988   3.907   -70.67871    0.00000    0.00000    1988       1
    1989   3.907   -70.67871    0.00000    0.00000    1989       1
    1990   3.907   -70.67871    0.00000    0.00001    1990      12
    1991   3.908   -70.67871    0.00000    0.00000    1991       1
    1992   3.909   -70.67871    0.00000    0.00000    1992       1
    1993   3.909   -70.67871    0.00000    0.00000    1993       1
    1994   3.909   -70.67871    0.00000    0.00000    1994       1
    1995   3.910   -70.67870    0.00000    0.00002    1995      29
    1996   3.910   -70.67870    0.00000    0.00000    1996       1
    1997   3.910   -70.67870    0.00000    0.00001    1997      15
    1998   3.910   -70.67870    0.00000    0.00001    1998      10
    1999   3.911   -70.67870    0.00000    0.00000    1999       4
    2000   3.911   -70.67870    0.00000    0.00001    2000      16
    2001   3.912   -70.67870    0.00000    0.00000    2001       1
    2002   3.912   -70.67870    0.00000    0.00001    2002      10
    2003   3.912   -70.67870    0.00000    0.00001    2003       9
    2004   3.912   -70.67870    0.00000    0.00000    2004       1
    2005   3.912   -70.67870    0.00000    0.00001    2005       7
    2006   3.909   -70.67871    0.00000    0.00005    2006      67
    2007   3.915   -70.67870    0.00000    0.00000    2007       3
    2008   3.915   -70.67870    0.00000    0.00001    2008       9
    2009   3.882   -70.67875    0.00000    0.00001    2009       8
    2010   3.915   -70.67870    0.00000    0.00002    2010      20
    2011   3.917   -70.67869    0.00000    0.00000    2011       1
    2012   3.915   -70.67870    0.00000    0.00000    2012       5
    2013   3.917   -70.67869    0.00000    0.00001    2013      11
    2014   3.918   -70.67869    0.00000    0.00000    2014       5
    2015   3.918   -70.67869    0.00000    0.00005    2015      66
    2016   3.921   -70.67869    0.00000    0.00000    2016       6
    2017   3.921   -70.67869    0.00000    0.00000    2017       1
    2018   3.921   -70.67869    0.00000    0.00001    2018      15
    2019   3.922   -70.67868    0.00000    0.00000    2019       1
    2020   3.924   -70.67868    0.00000    0.00001    2020       9
    2021   3.924   -70.67868    0.00000    0.00000    2021       2
    2022   3.924   -70.67868    0.00000    0.00003    2022      42
    2023   3.882   -70.67875    0.00000    0.00002    2023      24
    2024   3.926   -70.67868    0.00000    0.00001    2024       9
    2025   3.926   -70.67868    0.00000    0.00001    2025      16
    2026   3.928   -70.67868    0.00000    0.00001    2026      17
    2027   3.929   -70.67867    0.00000    0.00000    2027       6
    2028   3.925   -70.67868    0.00000    0.00000    2028       1
    2029   3.929   -70.67867    0.00000    0.00000    2029       1
    2030   3.896   -70.67873    0.00000    0.00001    2030       9
    2031   3.929   -70.67867    0.00000    0.00001    2031       9
    2032   3.926   -70.67868    0.00000    0.00000    2032       3
    2033   3.929   -70.67867    0.00000    0.00000    2033       1
    2034   3.929   -70.67867    0.00000    0.00000    2034       2
    2035   3.929   -70.67867    0.00000    0.00001    2035       7
    2036   3.929   -70.67867    0.00000    0.00000    2036       4
    2037   3.929   -70.67867    0.00000    0.00000    2037       5
    2038   3.929   -70.67867    0.00000    0.00002    2038      29
    2039   3.935   -70.67866    0.00000    0.00000    2039       1
    2040   3.931   -70.67867    0.00000    0.00001    2040      11
    2041   3.921   -70.67869    0.00000    0.00000    2041       1
    2042   3.935   -70.67866    0.00000    0.00000    2042       2
    2043   3.936   -70.67866    0.00000    0.00000    2043       2
    2044   3.936   -70.67866    0.00000    0.00001    2044       7
    2045   3.936   -70.67866    0.00000    0.00000    2045       1
    2046   3.936   -70.67866    0.00000    0.00000    2046       3
    2047   3.936   -70.67866    0.00000    0.00000    2047       1
    2048   3.936   -70.67866    0.00000    0.00001    2048      16
    2049   3.927   -70.67868    0.00000    0.00001    2049      13
    2050   3.939   -70.67866    0.00000    0.00002    2050      21
    2051   3.940   -70.67866    0.00000    0.00000    2051       1
    2052   3.940   -70.67866    0.00000    0.00001    2052      15
    2053   3.941   -70.67865    0.00000    0.00001    2053      17
    2054   3.941   -70.67865    0.00000    0.00000    2054       1
    2055   3.941   -70.67865    0.00000    0.00003    2055      39
    2056   3.943   -70.67865    0.00000    0.00000    2056       1
    2057   3.946   -70.67865    0.00000    0.00000    2057       4
    2058   3.946   -70.67865    0.00000    0.00000    2058       4
    2059   3.948   -70.67864    0.00000    0.00000    2059       1
    2060   3.948   -70.67864    0.00000    0.00001    2060      14
    2061   3.947   -70.67865    0.00000    0.00000    2061       1
    2062   3.951   -70.67864    0.00000    0.00001    2062      10
    2063   3.951   -70.67864    0.00000    0.00000    2063       1
    2064   3.951   -70.67864    0.00000    0.00000    2064       6
    2065   3.951   -70.67864    0.00000    0.00000    2065       1
    2066   3.951   -70.67864    0.00000    0.00002    2066      24
    2067   3.954   -70.67863    0.00000    0.00000    2067       2
    2068   3.953   -70.67864    0.00000    0.00000    2068       2
    2069   3.953   -70.67864    0.00000    0.00001    2069       8
    2070   3.953   -70.67864    0.00000    0.00001    2070      17
    2071   3.957   -70.67863    0.00000    0.00001    2071       7
    2072   3.957   -70.67863    0.00000    0.00001    2072      12
    2073   3.958   -70.67863    0.00000    0.00000    2073       3
    2074   3.959   -70.67863    0.00000    0.00000    2074       4
    2075   3.959   -70.67863    0.00000    0.00002    2075      27
    2076   3.961   -70.67862    0.00000    0.00000    2076       1
    2077   3.961   -70.67862    0.00000    0.00001    2077       9
    2078   3.962   -70.67862    0.00000    0.00001    2078      10
    2079   3.962   -70.67862    0.00000    0.00001    2079      15
    2080   3.963   -70.67862    0.00000    0.00001    2080      19
    2081   3.963   -70.67862    0.00000    0.00002    2081      26
    2082   3.966   -70.67861    0.00000    0.00001    2082       9
    2083   3.967   -70.67861    0.00000    0.00002    2083      25
    2084   3.969   -70.67861    0.00000    0.00001    2084      17
    2085   3.972   -70.67861    0.00000    0.00001    2085      10
    2086   3.975   -70.67860    0.00000    0.00002    2086      24
    2087   3.975   -70.67860    0.00000    0.00000    2087       1
    2088   3.975   -70.67860    0.00000    0.00000    2088       3
    2089   3.975   -70.67860    0.00000    0.00001    2089      10
    2090   3.976   -70.67860    0.00000    0.00000    2090       1
    2091   3.976   -70.67860    0.00000    0.00001    2091       9
    2092   3.977   -70.67860    0.00000    0.00000    2092       1
    2093   3.977   -70.67860    0.00000    0.00000    2093       1
    2094   3.977   -70.67860    0.00000    0.00000    2094       1
    2095   3.977   -70.67860    0.00000    0.00000    2095       3
    2096   3.977   -70.67860    0.00000    0.00001    2096      10
    2097   3.978   -70.67860    0.00000    0.00000    2097       1
    2098   3.978   -70.67860    0.00000    0.00000    2098       6
    2099   3.978   -70.67860    0.00000    0.00002    2099      34
    2100   3.981   -70.67859    0.00000    0.00001    2100       8
    2101   3.981   -70.67859    0.00000    0.00000    2101       2
    2102   3.980   -70.67859    0.00000    0.00000    2102       3
    2103   3.981   -70.67859    0.00000    0.00002    2103      27
    2104   3.984   -70.67859    0.00000    0.00001    2104      17
    2105   3.975   -70.67860    0.00000    0.00001    2105      12
    2106   3.987   -70.67858    0.00000    0.00002    2106      29
    2107   3.990   -70.67858    0.00000    0.00000    2107       2
    2108   3.992   -70.67857    0.00000    0.00000    2108       2
    2109   3.992   -70.67857    0.00000    0.00000    2109       2
    2110   3.992   -70.67857    0.00000    0.00001    2110      20
    2111   3.995   -70.67857    0.00000    0.00000    2111       1
    2112   3.992   -70.67857    0.00000    0.00001    2112      13
    2113   4.001   -70.67856    0.00000    0.00000    2113       6
    2114   3.998   -70.67856    0.00000    0.00001    2114      14
    2115   4.002   -70.67856    0.00000    0.00000    2115       3
    2116   4.004   -70.67855    0.00000    0.00000    2116       4
    2117   4.004   -70.67855    0.00000    0.00001    2117      10
    2118   4.004   -70.67855    0.00000    0.00000    2118       2
    2119   4.004   -70.67855    0.00000    0.00000    2119       1
    2120   4.004   -70.67855    0.00000    0.00000    2120       2
    2121   4.004   -70.67855    0.00000    0.00001    2121      21
    2122   4.007   -70.67855    0.00000    0.00000    2122       4
    2123   4.007   -70.67855    0.00000    0.00000    2123       1
    2124   4.007   -70.67855    0.00000    0.00001    2124       8
    2125   4.009   -70.67855    0.00000    0.00001    2125       8
    2126   4.010   -70.67854    0.00000    0.00000    2126       1
    2127   4.005   -70.67855    0.00000    0.00000    2127       1
    2128   3.962   -70.67862    0.00000    0.00000    2128       1
    2129   4.001   -70.67856    0.00000    0.00000    2129       2
    2130   3.962   -70.67862    0.00000    0.00000    2130       2
    2131   3.962   -70.67862    0.00000    0.00001    2131       7
    2132   4.010   -70.67854    0.00000    0.00002    2132      26
    2133   4.013   -70.67854    0.00000    0.00000    2133       1
    2134   4.013   -70.67854    0.00000    0.00001    2134       8
    2135   4.013   -70.67854    0.00000    0.00000    2135       5
    2136   4.004   -70.67855    0.00000    0.00000    2136       2
    2137   4.013   -70.67854    0.00000    0.00000    2137       4
    2138   4.013   -70.67854    0.00000    0.00001    2138       9
    2139   4.016   -70.67853    0.00000    0.00000    2139       7
    2140   4.016   -70.67853    0.00000    0.00000    2140       7
    2141   4.017   -70.67853    0.00000    0.00000    2141       7
    2142   4.017   -70.67853    0.00000    0.00001    2142      11
    2143   3.975   -70.67860    0.00000    0.00000    2143       1
    2144   4.017   -70.67853    0.00000    0.00000    2144       5
    2145   3.975   -70.67860    0.00000    0.00000    2145       5
    2146   4.017   -70.67853    0.00000    0.00000    2146       7
    2147   4.019   -70.67853    0.00000    0.00001    2147      11
    2148   4.017   -70.67853    0.00000    0.00000    2148       4
    2149   4.017   -70.67853    0.00000    0.00002    2149      25
    2150   4.025   -70.67852    0.00000    0.00000    2150       1
    2151   4.024   -70.67852    0.00000    0.00000    2151       1
    2152   4.025   -70.67852    0.00000    0.00000    2152       3
    2153   4.026   -70.67852    0.00000    0.00000    2153       1
    2154   4.026   -70.67852    0.00000    0.00001    2154       9
    2155   4.026   -70.67852    0.00000    0.00000    2155       6
    2156   4.028   -70.67852    0.00000    0.00000    2156       1
    2157   4.028   -70.67852    0.00000    0.00001    2157      11
    2158   4.029   -70.67851    0.00000    0.00000    2158       3
    2159   4.029   -70.67851    0.00000    0.00000    2159       1
    2160   4.029   -70.67851    0.00000    0.00000    2160       7
    2161   4.029   -70.67851    0.00000    0.00000    2161       1
    2162   4.029   -70.67851    0.00000    0.00000    2162       2
    2163   4.027   -70.67852    0.00000    0.00001    2163      13
    2164   4.030   -70.67851    0.00000    0.00000    2164       1
    2165   4.030   -70.67851    0.00000    0.00001    2165       9
    2166   4.030   -70.67851    0.00000    0.00000    2166       5
    2167   4.030   -70.67851    0.00000    0.00002    2167      32
    2168   4.036   -70.67850    0.00000    0.00000    2168       4
    2169   4.035   -70.67851    0.00000    0.00000    2169       4
    2170   4.006   -70.67855    0.00000    0.00000    2170       3
    2171   4.036   -70.67850    0.00000    0.00001    2171       9
    2172   4.038   -70.67850    0.00000    0.00000    2172       3
    2173   4.038   -70.67850    0.00000    0.00000    2173       6
    2174   4.006   -70.67855    0.00000    0.00001    2174      14
    2175   4.043   -70.67849    0.00000    0.00000    2175       2
    2176   4.043   -70.67849    0.00000    0.00001    2176       9
    2177   4.040   -70.67850    0.00000    0.00000    2177       3
    2178   4.042   -70.67849    0.00000    0.00001    2178      13
    2179   4.049   -70.67848    0.00000    0.00000    2179       1
    2180   4.049   -70.67848    0.00000    0.00000    2180       4
    2181   4.049   -70.67848    0.00000    0.00000    2181       7
    2182   4.051   -70.67848    0.00000    0.00000    2182       1
    2183   4.049   -70.67848    0.00000    0.00000    2183       1
    2184   4.049   -70.67848    0.00000    0.00000    2184       5
    2185   4.051   -70.67848    0.00000    0.00000    2185       1
    2186   4.051   -70.67848    0.00000    0.00001    2186       8
    2187   4.051   -70.67848    0.00000    0.00001    2187       8
    2188   4.051   -70.67848    0.00000    0.00001    2188       9
    2189   4.049   -70.67848    0.00000    0.00000    2189       1
    2190   4.039   -70.67850    0.00000    0.00001    2190      20
    2191   4.051   -70.67848    0.00000    0.00000    2191       7
    2192   4.053   -70.67848    0.00000    0.00001    2192      14
    2193   4.054   -70.67847    0.00000    0.00000    2193       5
    2194   4.054   -70.67847    0.00000    0.00000    2194       2
    2195   4.057   -70.67847    0.00000    0.00000    2195       2
    2196   4.058   -70.67847    0.00000    0.00000    2196       2
    2197   4.062   -70.67846    0.00000    0.00000    2197       1
    2198   4.058   -70.67847    0.00000    0.00000    2198       1
    2199   4.058   -70.67847    0.00000    0.00000    2199       5
    2200   4.051   -70.67848    0.00000    0.00000    2200       6
    2201   4.063   -70.67846    0.00000    0.00000    2201       1
    2202   4.062   -70.67846    0.00000    0.00000    2202       1
    2203   4.062   -70.67846    0.00000    0.00001    2203      11
    2204   4.066   -70.67846    0.00000    0.00000    2204       2
    2205   4.067   -70.67845    0.00000    0.00000    2205       4
    2206   4.066   -70.67846    0.00000    0.00000    2206       1
    2207   4.068   -70.67845    0.00000    0.00000    2207       4
    2208   4.068   -70.67845    0.00000    0.00000    2208       2
    2209   4.068   -70.67845    0.00000    0.00000    2209       6
    2210   4.068   -70.67845    0.00000    0.00000    2210       1
    2211   4.068   -70.67845    0.00000    0.00000    2211       2
    2212   4.068   -70.67845    0.00000    0.00001    2212      18
    2213   4.070   -70.67845    0.00000    0.00001    2213       8
    2214   4.070   -70.67845    0.00000    0.00001    2214      16
    2215   4.071   -70.67845    0.00000    0.00000    2215       1
    2216   4.071   -70.67845    0.00000    0.00001    2216       9
    2217   4.071   -70.67845    0.00000    0.00001    2217      12
    2218   4.074   -70.67844    0.00000    0.00000    2218       2
    2219   4.075   -70.67844    0.00000    0.00001    2219       9
    2220   4.075   -70.67844    0.00000    0.00000    2220       2
    2221   4.075   -70.67844    0.00000    0.00000    2221       1
    2222   4.073   -70.67844    0.00000    0.00002    2222      28
    2223   4.078   -70.67844    0.00000    0.00000    2223       3
    2224   4.078   -70.67844    0.00000    0.00003    2224      41
    2225   4.078   -70.67844    0.00000    0.00000    2225       8
    2226   4.083   -70.67843    0.00000    0.00000    2226       2
    2227   4.085   -70.67842    0.00000    0.00000    2227       2
    2228   4.085   -70.67842    0.00000    0.00000    2228       3
    2229   4.088   -70.67842    0.00000    0.00000    2229       3
    2230   4.088   -70.67842    0.00000    0.00000    2230       3
    2231   4.089   -70.67842    0.00000    0.00000    2231       1
    2232   4.089   -70.67842    0.00000    0.00001    2232       9
    2233   4.090   -70.67842    0.00000    0.00001    2233      12
    2234   4.091   -70.67842    0.00000    0.00000    2234       1
    2235   4.091   -70.67842    0.00000    0.00000    2235       5
    2236   4.091   -70.67842    0.00000    0.00000    2236       7
    2237   4.091   -70.67842    0.00000    0.00001    2237       9
    2238   4.093   -70.67841    0.00000    0.00000    2238       7
    2239   4.092   -70.67841    0.00000    0.00000    2239       8
    2240   4.094   -70.67841    0.00000    0.00000    2240       2
    2241   4.094   -70.67841    0.00000    0.00001    2241      17
    2242   4.094   -70.67841    0.00000    0.00000    2242       1
    2243   4.094   -70.67841    0.00000    0.00000    2243       5
    2244   4.094   -70.67841    0.00000    0.00003    2244      53
    2245   4.101   -70.67840    0.00000    0.00000    2245       2
    2246   4.100   -70.67840    0.00000    0.00000    2246       2
    2247   4.097   -70.67841    0.00000    0.00000    2247       3
    2248   4.103   -70.67840    0.00000    0.00000    2248       4
    2249   4.104   -70.67840    0.00000    0.00000    2249       3
    2250   4.104   -70.67840    0.00000    0.00000    2250       1
    2251   4.104   -70.67840    0.00000    0.00000    2251       1
    2252   4.104   -70.67840    0.00000    0.00000    2252       5
    2253   4.107   -70.67839    0.00000    0.00000    2253       1
    2254   4.104   -70.67839    0.00000    0.00000    2254       2
    2255   4.105   -70.67839    0.00000    0.00000    2255       1
    2256   4.105   -70.67839    0.00000    0.00000    2256       2
    2257   4.105   -70.67839    0.00000    0.00000    2257       1
    2258   4.094   -70.67841    0.00000    0.00000    2258       2
    2259   4.063   -70.67846    0.00000    0.00001    2259      11
    2260   4.107   -70.67839    0.00000    0.00001    2260      10
    2261   4.110   -70.67839    0.00000    0.00000    2261       4
    2262   4.110   -70.67839    0.00000    0.00000    2262       5
    2263   4.111   -70.67838    0.00000    0.00000    2263       5
    2264   4.110   -70.67839    0.00000    0.00000    2264       2
    2265   4.087   -70.67842    0.00000    0.00000    2265       1
    2266   4.111   -70.67838    0.00000    0.00000    2266       8
    2267   4.107   -70.67839    0.00000    0.00000    2267       1
    2268   4.112   -70.67838    0.00000    0.00000    2268       6
    2269   4.113   -70.67838    0.00000    0.00000    2269       1
    2270   4.113   -70.67838    0.00000    0.00000    2270       3
    2271   4.113   -70.67838    0.00000    0.00001    2271      12
    2272   4.117   -70.67837    0.00000    0.00000    2272       1
    2273   4.110   -70.67839    0.00000    0.00000    2273       3
    2274   4.116   -70.67838    0.00000    0.00000    2274       2
    2275   4.117   -70.67837    0.00000    0.00000    2275       1
    2276   4.117   -70.67837    0.00000    0.00000    2276       1
    2277   4.117   -70.67837    0.00000    0.00000    2277       5
    2278   4.117   -70.67837    0.00000    0.00000    2278       1
    2279   4.117   -70.67837    0.00000    0.00001    2279      15
    2280   4.117   -70.67837    0.00000    0.00001    2280      10
    2281   4.120   -70.67837    0.00000    0.00000    2281       2
    2282   4.122   -70.67837    0.00000    0.00000    2282       1
    2283   4.122   -70.67837    0.00000    0.00000    2283       4
    2284   4.123   -70.67837    0.00000    0.00000    2284       3
    2285   4.125   -70.67836    0.00000    0.00001    2285      10
    2286   4.125   -70.67836    0.00000    0.00000    2286       3
    2287   4.125   -70.67836    0.00000    0.00001    2287      10
    2288   4.127   -70.67836    0.00000    0.00000    2288       1
    2289   4.127   -70.67836    0.00000    0.00000    2289       1
    2290   4.127   -70.67836    0.00000    0.00000    2290       6
    2291   4.127   -70.67836    0.00000    0.00001    2291      16
    2292   4.127   -70.67836    0.00000    0.00001    2292      10
    2293   4.129   -70.67835    0.00000    0.00001    2293      17
    2294   4.132   -70.67835    0.00000    0.00000    2294       1
    2295   4.132   -70.67835    0.00000    0.00000    2295       3
    2296   4.132   -70.67835    0.00000    0.00000    2296       6
    2297   4.133   -70.67835    0.00000    0.00003    2297      49
    2298   4.134   -70.67835    0.00000    0.00000    2298       2
    2299   4.134   -70.67835    0.00000    0.00002    2299      30
    2300   4.136   -70.67834    0.00000    0.00002    2300      38
    2301   4.142   -70.67833    0.00000    0.00000    2301       1
    2302   4.142   -70.67833    0.00000    0.00000    2302       2
    2303   4.142   -70.67833    0.00000    0.00000    2303       3
    2304   4.134   -70.67835    0.00000    0.00000    2304       7
    2305   4.143   -70.67833    0.00000    0.00000    2305       3
    2306   4.134   -70.67835    0.00000    0.00000    2306       5
    2307   4.143   -70.67833    0.00000    0.00000    2307       1
    2308   4.143   -70.67833    0.00000    0.00000    2308       4
    2309   4.143   -70.67833    0.00000    0.00000    2309       4
    2310   4.143   -70.67833    0.00000    0.00000    2310       2
    2311   4.143   -70.67833    0.00000    0.00000    2311       8
    2312   4.135   -70.67835    0.00000    0.00001    2312       9
    2313   4.146   -70.67833    0.00000    0.00001    2313      14
    2314   4.144   -70.67833    0.00000    0.00000    2314       6
    2315   4.148   -70.67832    0.00000    0.00001    2315      16
    2316   4.151   -70.67832    0.00000    0.00000    2316       8
    2317   4.151   -70.67832    0.00000    0.00000    2317       1
    2318   4.151   -70.67832    0.00000    0.00000    2318       4
    2319   4.151   -70.67832    0.00000    0.00000    2319       2
    2320   4.151   -70.67832    0.00000    0.00000    2320       5
    2321   4.152   -70.67832    0.00000    0.00000    2321       5
    2322   4.155   -70.67831    0.00000    0.00001    2322      12
    2323   4.156   -70.67831    0.00000    0.00000    2323       7
    2324   4.151   -70.67832    0.00000    0.00000    2324       1
    2325   4.139   -70.67834    0.00000    0.00000    2325       3
    2326   4.157   -70.67831    0.00000    0.00000    2326       3
    2327   4.157   -70.67831    0.00000    0.00000    2327       1
    2328   4.155   -70.67831    0.00000    0.00000    2328       2
    2329   4.157   -70.67831    0.00000    0.00000    2329       1
    2330   4.157   -70.67831    0.00000    0.00000    2330       1
    2331   4.157   -70.67831    0.00000    0.00001    2331      17
    2332   4.159   -70.67831    0.00000    0.00000    2332       3
    2333   4.159   -70.67831    0.00000    0.00000    2333       4
    2334   4.159   -70.67831    0.00000    0.00000    2334       2
    2335   4.159   -70.67831    0.00000    0.00000    2335       8
    2336   4.157   -70.67831    0.00000    0.00000    2336       1
    2337   4.161   -70.67830    0.00000    0.00001    2337      15
    2338   4.163   -70.67830    0.00000    0.00000    2338       1
    2339   4.164   -70.67830    0.00000    0.00000    2339       6
    2340   4.165   -70.67830    0.00000    0.00000    2340       3
    2341   4.165   -70.67830    0.00000    0.00000    2341       1
    2342   4.165   -70.67830    0.00000    0.00000    2342       5
    2343   4.158   -70.67831    0.00000    0.00000    2343       4
    2344   4.167   -70.67830    0.00000    0.00000    2344       6
    2345   4.167   -70.67829    0.00000    0.00000    2345       1
    2346   4.167   -70.67829    0.00000    0.00000    2346       5
    2347   4.168   -70.67829    0.00000    0.00000    2347       4
    2348   4.168   -70.67829    0.00000    0.00000    2348       1
    2349   4.168   -70.67829    0.00000    0.00000    2349       1
    2350   4.168   -70.67829    0.00000    0.00002    2350      43
    2351   4.174   -70.67828    0.00000    0.00000    2351       2
    2352   4.173   -70.67828    0.00000    0.00000    2352       2
    2353   4.173   -70.67829    0.00000    0.00000    2353       2
    2354   4.174   -70.67828    0.00000    0.00000    2354       5
    2355   4.174   -70.67828    0.00000    0.00000    2355       2
    2356   4.174   -70.67828    0.00000    0.00000    2356       6
    2357   4.174   -70.67828    0.00000    0.00000    2357       1
    2358   4.178   -70.67828    0.00000    0.00001    2358      14
    2359   4.176   -70.67828    0.00000    0.00001    2359      16
    2360   4.177   -70.67828    0.00000    0.00002    2360      36
    2361   4.148   -70.67832    0.00000    0.00000    2361       2
    2362   4.148   -70.67832    0.00000    0.00000    2362       2
    2363   4.148   -70.67832    0.00000    0.00000    2363       2
    2364   4.148   -70.67832    0.00000    0.00000    2364       1
    2365   4.178   -70.67828    0.00000    0.00000    2365       1
    2366   4.178   -70.67828    0.00000    0.00001    2366      11
    2367   4.178   -70.67828    0.00000    0.00001    2367      18
    2368   4.178   -70.67828    0.00000    0.00000    2368       4
    2369   4.178   -70.67828    0.00000    0.00001    2369      20
    2370   4.181   -70.67827    0.00000    0.00000    2370       4
    2371   4.173   -70.67829    0.00000    0.00000    2371       4
    2372   4.181   -70.67827    0.00000    0.00000    2372       1
    2373   4.181   -70.67827    0.00000    0.00002    2373      38
    2374   4.186   -70.67826    0.00000    0.00000    2374       7
    2375   4.187   -70.67826    0.00000    0.00000    2375       4
    2376   4.188   -70.67826    0.00000    0.00001    2376      13
    2377   4.189   -70.67826    0.00000    0.00000    2377       1
    2378   4.189   -70.67826    0.00000    0.00000    2378       3
    2379   4.190   -70.67826    0.00000    0.00001    2379      12
    2380   4.191   -70.67826    0.00000    0.00000    2380       2
    2381   4.191   -70.67826    0.00000    0.00000    2381       1
    2382   4.191   -70.67826    0.00000    0.00001    2382      11
    2383   4.192   -70.67826    0.00000    0.00000    2383       1
    2384   4.192   -70.67826    0.00000    0.00000    2384       1
    2385   4.192   -70.67826    0.00000    0.00000    2385       9
    2386   4.193   -70.67825    0.00000    0.00001    2386      21
    2387   4.194   -70.67825    0.00000    0.00001    2387      18
    2388   4.183   -70.67827    0.00000    0.00000    2388       3
    2389   4.192   -70.67825    0.00000    0.00000    2389       8
    2390   4.200   -70.67824    0.00000    0.00000    2390       3
    2391   4.201   -70.67824    0.00000    0.00000    2391       3
    2392   4.193   -70.67825    0.00000    0.00000    2392       4
    2393   4.200   -70.67824    0.00000    0.00000    2393       1
    2394   4.201   -70.67824    0.00000    0.00000    2394       8
    2395   4.205   -70.67823    0.00000    0.00000    2395       3
    2396   4.206   -70.67823    0.00000    0.00000    2396       1
    2397   4.207   -70.67823    0.00000    0.00000    2397       9
    2398   4.207   -70.67823    0.00000    0.00001    2398      24
    2399   4.208   -70.67823    0.00000    0.00000    2399       7
    2400   4.209   -70.67823    0.00000    0.00000    2400       4
    2401   4.209   -70.67823    0.00000    0.00000    2401       3
    2402   4.209   -70.67823    0.00000    0.00000    2402       8
    2403   4.210   -70.67823    0.00000    0.00000    2403       1
    2404   4.210   -70.67823    0.00000    0.00000    2404       2
    2405   4.210   -70.67823    0.00000    0.00000    2405       1
    2406   4.209   -70.67823    0.00000    0.00000    2406       1
    2407   4.210   -70.67823    0.00000    0.00000    2407       1
    2408   4.184   -70.67827    0.00000    0.00001    2408      15
    2409   4.211   -70.67823    0.00000    0.00000    2409       2
    2410   4.213   -70.67822    0.00000    0.00000    2410       8
    2411   4.213   -70.67822    0.00000    0.00000    2411      10
    2412   4.213   -70.67822    0.00000    0.00000    2412       1
    2413   4.213   -70.67822    0.00000    0.00000    2413       6
    2414   4.213   -70.67822    0.00000    0.00001    2414      11
    2415   4.214   -70.67822    0.00000    0.00000    2415       1
    2416   4.215   -70.67822    0.00000    0.00000    2416       1
    2417   4.215   -70.67822    0.00000    0.00001    2417      15
    2418   4.217   -70.67822    0.00000    0.00000    2418       8
    2419   4.218   -70.67821    0.00000    0.00000    2419       5
    2420   4.219   -70.67821    0.00000    0.00002    2420      40
    2421   4.183   -70.67827    0.00000    0.00000    2421       6
    2422   4.223   -70.67821    0.00000    0.00000    2422       1
    2423   4.223   -70.67821    0.00000    0.00000    2423       4
    2424   4.223   -70.67821    0.00000    0.00000    2424       1
    2425   4.223   -70.67821    0.00000    0.00000    2425       1
    2426   4.223   -70.67821    0.00000    0.00000    2426       1
    2427   4.223   -70.67821    0.00000    0.00000    2427       3
    2428   4.203   -70.67824    0.00000    0.00000    2428       4
    2429   4.204   -70.67824    0.00000    0.00000    2429       1
    2430   4.223   -70.67821    0.00000    0.00000    2430       1
    2431   4.204   -70.67824    0.00000    0.00000    2431       8
    2432   4.204   -70.67824    0.00000    0.00000    2432       1
    2433   4.204   -70.67824    0.00000    0.00000    2433       1
    2434   4.223   -70.67821    0.00000    0.00000    2434       3
    2435   4.223   -70.67821    0.00000    0.00001    2435      15
    2436   4.222   -70.67821    0.00000    0.00002    2436      45
    2437   4.226   -70.67820    0.00000    0.00000    2437       5
    2438   4.223   -70.67821    0.00000    0.00002    2438      35
    2439   4.223   -70.67820    0.00000    0.00001    2439      18
    2440   4.229   -70.67820    0.00000    0.00000    2440       1
    2441   4.229   -70.67820    0.00000    0.00000    2441       4
    2442   4.230   -70.67820    0.00000    0.00000    2442       5
    2443   4.187   -70.67826    0.00000    0.00001    2443      12
    2444   4.197   -70.67825    0.00000    0.00000    2444       1
    2445   4.231   -70.67819    0.00000    0.00000    2445       1
    2446   4.231   -70.67819    0.00000    0.00000    2446       1
    2447   4.231   -70.67819    0.00000    0.00000    2447       1
    2448   4.231   -70.67819    0.00000    0.00001    2448      12
    2449   4.231   -70.67819    0.00000    0.00001    2449      15
    2450   4.231   -70.67819    0.00000    0.00001    2450      11
    2451   4.235   -70.67819    0.00000    0.00000    2451       2
    2452   4.236   -70.67818    0.00000    0.00000    2452       1
    2453   4.236   -70.67818    0.00000    0.00000    2453       6
    2454   4.237   -70.67818    0.00000    0.00000    2454       1
    2455   4.236   -70.67819    0.00000    0.00000    2455       1
    2456   4.237   -70.67818    0.00000    0.00001    2456      16
    2457   4.241   -70.67818    0.00000    0.00000    2457       5
    2458   4.242   -70.67818    0.00000    0.00000    2458       2
    2459   4.242   -70.67818    0.00000    0.00000    2459       1
    2460   4.239   -70.67818    0.00000    0.00000    2460       9
    2461   4.233   -70.67819    0.00000    0.00000    2461       1
    2462   4.243   -70.67817    0.00000    0.00000    2462       2
    2463   4.243   -70.67817    0.00000    0.00000    2463       1
    2464   4.243   -70.67817    0.00000    0.00000    2464       4
    2465   4.233   -70.67819    0.00000    0.00000    2465       1
    2466   4.243   -70.67817    0.00000    0.00001    2466      26
    2467   4.242   -70.67818    0.00000    0.00000    2467       7
    2468   4.248   -70.67817    0.00000    0.00000    2468       1
    2469   4.249   -70.67816    0.00000    0.00000    2469       1
    2470   4.249   -70.67816    0.00000    0.00000    2470       1
    2471   4.249   -70.67816    0.00000    0.00000    2471       4
    2472   4.249   -70.67816    0.00000    0.00000    2472       1
    2473   4.247   -70.67817    0.00000    0.00001    2473      13
    2474   4.252   -70.67816    0.00000    0.00000    2474       3
    2475   4.250   -70.67816    0.00000    0.00000    2475       1
    2476   4.251   -70.67816    0.00000    0.00000    2476       6
    2477   4.252   -70.67816    0.00000    0.00000    2477       5
    2478   4.254   -70.67816    0.00000    0.00000    2478       6
    2479   4.254   -70.67816    0.00000    0.00001    2479      14
    2480   4.255   -70.67815    0.00000    0.00000    2480       5
    2481   4.254   -70.67816    0.00000    0.00001    2481      24
    2482   4.254   -70.67816    0.00000    0.00001    2482      17
    2483   4.258   -70.67815    0.00000    0.00000    2483       8
    2484   4.259   -70.67815    0.00000    0.00000    2484       2
    2485   4.259   -70.67815    0.00000    0.00000    2485       4
    2486   4.259   -70.67815    0.00000    0.00000    2486       2
    2487   4.257   -70.67815    0.00000    0.00000    2487       1
    2488   4.259   -70.67815    0.00000    0.00000    2488       1
    2489   4.259   -70.67815    0.00000    0.00000    2489      10
    2490   4.251   -70.67816    0.00000    0.00000    2490       8
    2491   4.262   -70.67814    0.00000    0.00000    2491       2
    2492   4.262   -70.67814    0.00000    0.00000    2492       2
    2493   4.262   -70.67814    0.00000    0.00000    2493       1
    2494   4.262   -70.67814    0.00000    0.00000    2494       7
    2495   4.262   -70.67814    0.00000    0.00000    2495       4
    2496   4.263   -70.67814    0.00000    0.00000    2496       1
    2497   4.263   -70.67814    0.00000    0.00000    2497       1
    2498   4.263   -70.67814    0.00000    0.00001    2498      20
    2499   4.265   -70.67814    0.00000    0.00000    2499       1
    2500   4.265   -70.67814    0.00000    0.00001    2500      12
    2501   4.266   -70.67814    0.00000    0.00000    2501       4
    2502   4.267   -70.67813    0.00000    0.00001    2502      18
    2503   4.268   -70.67813    0.00000    0.00001    2503      15
    2504   4.269   -70.67813    0.00000    0.00000    2504       2
    2505   4.269   -70.67813    0.00000    0.00000    2505       7
    2506   4.270   -70.67813    0.00000    0.00000    2506      10
    2507   4.270   -70.67813    0.00000    0.00000    2507       7
    2508   4.269   -70.67813    0.00000    0.00000    2508       8
    2509   4.272   -70.67813    0.00000    0.00000    2509       4
    2510   4.272   -70.67813    0.00000    0.00000    2510       5
    2511   4.272   -70.67813    0.00000    0.00000    2511       1
    2512   4.272   -70.67813    0.00000    0.00000    2512       9
    2513   4.274   -70.67812    0.00000    0.00001    2513      12
    2514   4.276   -70.67812    0.00000    0.00001    2514      17
    2515   4.277   -70.67812    0.00000    0.00000    2515       4
    2516   4.277   -70.67812    0.00000    0.00000    2516       1
    2517   4.277   -70.67812    0.00000    0.00000    2517       1
    2518   4.276   -70.67812    0.00000    0.00000    2518       2
    2519   4.276   -70.67812    0.00000    0.00000    2519       2
    2520   4.277   -70.67812    0.00000    0.00000    2520       9
    2521   4.277   -70.67812    0.00000    0.00001    2521      13
    2522   4.277   -70.67812    0.00000    0.00000    2522       2
    2523   4.277   -70.67812    0.00000    0.00001    2523      32
    2524   4.282   -70.67811    0.00000    0.00000    2524       3
    2525   4.282   -70.67811    0.00000    0.00000    2525       1
    2526   4.282   -70.67811    0.00000    0.00000    2526       2
    2527   4.282   -70.67811    0.00000    0.00000    2527       1
    2528   4.282   -70.67811    0.00000    0.00000    2528       5
    2529   4.283   -70.67811    0.00000    0.00001    2529      20
    2530   4.289   -70.67810    0.00000    0.00000    2530       1
    2531   4.290   -70.67810    0.00000    0.00000    2531       5
    2532   4.286   -70.67811    0.00000    0.00000    2532       2
    2533   4.293   -70.67809    0.00000    0.00000    2533       7
    2534   4.293   -70.67809    0.00000    0.00000    2534       1
    2535   4.286   -70.67810    0.00000    0.00000    2535       3
    2536   4.287   -70.67810    0.00000    0.00000    2536       5
    2537   4.294   -70.67809    0.00000    0.00000    2537       2
    2538   4.293   -70.67809    0.00000    0.00000    2538       8
    2539   4.294   -70.67809    0.00000    0.00000    2539       5
    2540   4.294   -70.67809    0.00000    0.00000    2540       3
    2541   4.294   -70.67809    0.00000    0.00000    2541       2
    2542   4.295   -70.67809    0.00000    0.00000    2542       1
    2543   4.295   -70.67809    0.00000    0.00000    2543       1
    2544   4.295   -70.67809    0.00000    0.00000    2544       1
    2545   4.295   -70.67809    0.00000    0.00000    2545       2
    2546   4.291   -70.67810    0.00000    0.00000    2546       9
    2547   4.295   -70.67809    0.00000    0.00000    2547       9
    2548   4.295   -70.67809    0.00000    0.00000    2548      10
    2549   4.298   -70.67809    0.00000    0.00000    2549       5
    2550   4.298   -70.67809    0.00000    0.00000    2550       1
    2551   4.299   -70.67808    0.00000    0.00000    2551       2
    2552   4.299   -70.67808    0.00000    0.00000    2552       2
    2553   4.299   -70.67808    0.00000    0.00000    2553       1
    2554   4.299   -70.67808    0.00000    0.00000    2554       1
    2555   4.300   -70.67808    0.00000    0.00000    2555       2
    2556   4.299   -70.67808    0.00000    0.00000    2556       2
    2557   4.300   -70.67808    0.00000    0.00000    2557       7
    2558   4.302   -70.67808    0.00000    0.00000    2558       1
    2559   4.303   -70.67808    0.00000    0.00000    2559       6
    2560   4.300   -70.67808    0.00000    0.00000    2560       7
    2561   4.304   -70.67808    0.00000    0.00000    2561       1
    2562   4.304   -70.67808    0.00000    0.00000    2562       1
    2563   4.298   -70.67809    0.00000    0.00000    2563       6
    2564   4.305   -70.67807    0.00000    0.00000    2564       1
    2565   4.303   -70.67808    0.00000    0.00000    2565       9
    2566   4.307   -70.67807    0.00000    0.00000    2566      10
    2567   4.307   -70.67807    0.00000    0.00002    2567      40
    2568   4.310   -70.67807    0.00000    0.00000    2568       2
    2569   4.310   -70.67807    0.00000    0.00000    2569       1
    2570   4.310   -70.67807    0.00000    0.00000    2570       5
    2571   4.310   -70.67807    0.00000    0.00001    2571      24
    2572   4.311   -70.67806    0.00000    0.00000    2572       1
    2573   4.312   -70.67806    0.00000    0.00001    2573      12
    2574   4.314   -70.67806    0.00000    0.00000    2574       4
    2575   4.308   -70.67807    0.00000    0.00000    2575       1
    2576   4.313   -70.67806    0.00000    0.00000    2576       5
    2577   4.312   -70.67806    0.00000    0.00000    2577       3
    2578   4.315   -70.67806    0.00000    0.00000    2578       2
    2579   4.315   -70.67806    0.00000    0.00000    2579      11
    2580   4.316   -70.67806    0.00000    0.00000    2580       1
    2581   4.316   -70.67806    0.00000    0.00000    2581       1
    2582   4.317   -70.67806    0.00000    0.00000    2582       1
    2583   4.316   -70.67806    0.00000    0.00001    2583      13
    2584   4.317   -70.67805    0.00000    0.00000    2584       4
    2585   4.318   -70.67805    0.00000    0.00001    2585      16
    2586   4.322   -70.67805    0.00000    0.00000    2586       4
    2587   4.323   -70.67805    0.00000    0.00000    2587       5
    2588   4.328   -70.67804    0.00000    0.00000    2588       6
    2589   4.330   -70.67803    0.00000    0.00000    2589       2
    2590   4.330   -70.67803    0.00000    0.00000    2590       1
    2591   4.330   -70.67803    0.00000    0.00000    2591       5
    2592   4.325   -70.67804    0.00000    0.00000    2592       3
    2593   4.325   -70.67804    0.00000    0.00000    2593       2
    2594   4.332   -70.67803    0.00000    0.00000    2594       4
    2595   4.332   -70.67803    0.00000    0.00000    2595       2
    2596   4.332   -70.67803    0.00000    0.00000    2596       1
    2597   4.332   -70.67803    0.00000    0.00000    2597       1
    2598   4.332   -70.67803    0.00000    0.00000    2598       1
    2599   4.332   -70.67803    0.00000    0.00000    2599       2
    2600   4.332   -70.67803    0.00000    0.00000    2600       1
    2601   4.332   -70.67803    0.00000    0.00000    2601       2
    2602   4.332   -70.67803    0.00000    0.00001    2602      14
    2603   4.333   -70.67803    0.00000    0.00000    2603       7
    2604   4.336   -70.67803    0.00000    0.00001    2604      35
    2605   4.341   -70.67802    0.00000    0.00000    2605       3
    2606   4.341   -70.67802    0.00000    0.00000    2606       8
    2607   4.336   -70.67802    0.00000    0.00000    2607       9
    2608   4.343   -70.67801    0.00000    0.00000    2608       9
    2609   4.330   -70.67803    0.00000    0.00000    2609       2
    2610   4.339   -70.67802    0.00000    0.00000    2610       9
    2611   4.344   -70.67801    0.00000    0.00000    2611       5
    2612   4.344   -70.67801    0.00000    0.00000    2612       8
    2613   4.344   -70.67801    0.00000    0.00000    2613       1
    2614   4.344   -70.67801    0.00000    0.00000    2614      10
    2615   4.345   -70.67801    0.00000    0.00000    2615       1
    2616   4.345   -70.67801    0.00000    0.00001    2616      29
    2617   4.346   -70.67801    0.00000    0.00000    2617       1
    2618   4.347   -70.67801    0.00000    0.00000    2618       1
    2619   4.347   -70.67801    0.00000    0.00001    2619      14
    2620   4.349   -70.67801    0.00000    0.00000    2620       5
    2621   4.350   -70.67800    0.00000    0.00001    2621      13
    2622   4.350   -70.67800    0.00000    0.00000    2622       7
    2623   4.349   -70.67800    0.00000    0.00000    2623       1
    2624   4.352   -70.67800    0.00000    0.00000    2624       6
    2625   4.358   -70.67799    0.00000    0.00000    2625       1
    2626   4.353   -70.67800    0.00000    0.00000    2626       1
    2627   4.349   -70.67801    0.00000    0.00000    2627       6
    2628   4.358   -70.67799    0.00000    0.00000    2628       1
    2629   4.358   -70.67799    0.00000    0.00001    2629      17
    2630   4.359   -70.67799    0.00000    0.00000    2630       1
    2631   4.359   -70.67799    0.00000    0.00000    2631       2
    2632   4.359   -70.67799    0.00000    0.00000    2632       6
    2633   4.361   -70.67799    0.00000    0.00000    2633       1
    2634   4.359   -70.67799    0.00000    0.00000    2634       1
    2635   4.359   -70.67799    0.00000    0.00000    2635       1
    2636   4.361   -70.67799    0.00000    0.00000    2636       1
    2637   4.361   -70.67799    0.00000    0.00000    2637       4
    2638   4.362   -70.67798    0.00000    0.00000    2638       1
    2639   4.362   -70.67798    0.00000    0.00000    2639       8
    2640   4.362   -70.67798    0.00000    0.00000    2640      13
    2641   4.363   -70.67798    0.00000    0.00000    2641       3
    2642   4.364   -70.67798    0.00000    0.00001    2642      25
    2643   4.366   -70.67798    0.00000    0.00000    2643       1
    2644   4.366   -70.67798    0.00000    0.00000    2644      10
    2645   4.366   -70.67798    0.00000    0.00000    2645       2
    2646   4.367   -70.67798    0.00000    0.00000    2646       6
    2647   4.369   -70.67797    0.00000    0.00000    2647       8
    2648   4.318   -70.67805    0.00000    0.00000    2648       5
    2649   4.319   -70.67805    0.00000    0.00000    2649       5
    2650   4.373   -70.67797    0.00000    0.00000    2650       2
    2651   4.372   -70.67797    0.00000    0.00001    2651      23
    2652   4.374   -70.67796    0.00000    0.00000    2652       3
    2653   4.375   -70.67796    0.00000    0.00000    2653       1
    2654   4.375   -70.67796    0.00000    0.00000    2654      10
    2655   4.375   -70.67796    0.00000    0.00000    2655       4
    2656   4.376   -70.67796    0.00000    0.00000    2656       1
    2657   4.376   -70.67796    0.00000    0.00000    2657       1
    2658   4.376   -70.67796    0.00000    0.00000    2658       1
    2659   4.376   -70.67796    0.00000    0.00000    2659       7
    2660   4.376   -70.67796    0.00000    0.00000    2660       9
    2661   4.376   -70.67796    0.00000    0.00000    2661       2
    2662   4.376   -70.67796    0.00000    0.00000    2662      11
    2663   4.376   -70.67796    0.00000    0.00000    2663       9
    2664   4.376   -70.67796    0.00000    0.00000    2664       7
    2665   4.377   -70.67796    0.00000    0.00000    2665      10
    2666   4.377   -70.67796    0.00000    0.00000    2666       1
    2667   4.377   -70.67796    0.00000    0.00002    2667      57
    2668   4.381   -70.67795    0.00000    0.00000    2668       2
    2669   4.382   -70.67795    0.00000    0.00000    2669       2
    2670   4.382   -70.67795    0.00000    0.00000    2670       2
    2671   4.382   -70.67795    0.00000    0.00000    2671       8
    2672   4.357   -70.67799    0.00000    0.00000    2672       3
    2673   4.382   -70.67795    0.00000    0.00000    2673       1
    2674   4.382   -70.67795    0.00000    0.00000    2674       1
    2675   4.357   -70.67799    0.00000    0.00000    2675      11
    2676   4.382   -70.67795    0.00000    0.00000    2676       1
    2677   4.382   -70.67795    0.00000    0.00000    2677       1
    2678   4.382   -70.67795    0.00000    0.00000    2678       6
    2679   4.383   -70.67795    0.00000    0.00000    2679      10
    2680   4.357   -70.67799    0.00000    0.00000    2680      10
    2681   4.358   -70.67799    0.00000    0.00000    2681       9
    2682   4.384   -70.67795    0.00000    0.00000    2682       1
    2683   4.384   -70.67795    0.00000    0.00000    2683       1
    2684   4.384   -70.67795    0.00000    0.00000    2684       2
    2685   4.384   -70.67795    0.00000    0.00000    2685       1
    2686   4.384   -70.67795    0.00000    0.00001    2686      21
    2687   4.388   -70.67794    0.00000    0.00000    2687      12
    2688   4.389   -70.67794    0.00000    0.00000    2688       3
    2689   4.389   -70.67794    0.00000    0.00001    2689      15
    2690   4.390   -70.67794    0.00000    0.00000    2690       3
    2691   4.390   -70.67794    0.00000    0.00001    2691      29
    2692   4.391   -70.67794    0.00000    0.00000    2692      11
    2693   4.392   -70.67794    0.00000    0.00000    2693       8
    2694   4.393   -70.67793    0.00000    0.00000    2694       4
    2695   4.394   -70.67793    0.00000    0.00000    2695       7
    2696   4.395   -70.67793    0.00000    0.00000    2696      10
    2697   4.390   -70.67794    0.00000    0.00001    2697      14
    2698   4.396   -70.67793    0.00000    0.00001    2698      15
    2699   4.397   -70.67793    0.00000    0.00000    2699       1
    2700   4.397   -70.67793    0.00000    0.00000    2700      13
    2701   4.398   -70.67793    0.00000    0.00000    2701       1
    2702   4.398   -70.67793    0.00000    0.00001    2702      25
    2703   4.396   -70.67793    0.00000    0.00000    2703       2
    2704   4.401   -70.67792    0.00000    0.00000    2704       4
    2705   4.400   -70.67792    0.00000    0.00000    2705       4
    2706   4.401   -70.67792    0.00000    0.00000    2706       5
    2707   4.402   -70.67792    0.00000    0.00000    2707       1
    2708   4.402   -70.67792    0.00000    0.00000    2708       2
    2709   4.402   -70.67792    0.00000    0.00000    2709       7
    2710   4.404   -70.67792    0.00000    0.00000    2710       1
    2711   4.405   -70.67791    0.00000    0.00000    2711       3
    2712   4.405   -70.67792    0.00000    0.00000    2712       4
    2713   4.406   -70.67791    0.00000    0.00000    2713       7
    2714   4.405   -70.67792    0.00000    0.00000    2714       7
    2715   4.393   -70.67793    0.00000    0.00000    2715       4
    2716   4.395   -70.67793    0.00000    0.00000    2716       2
    2717   4.396   -70.67793    0.00000    0.00000    2717       5
    2718   4.408   -70.67791    0.00000    0.00000    2718       2
    2719   4.408   -70.67791    0.00000    0.00000    2719      13
    2720   4.411   -70.67791    0.00000    0.00000    2720       2
    2721   4.412   -70.67790    0.00000    0.00000    2721       1
    2722   4.412   -70.67790    0.00000    0.00000    2722       5
    2723   4.413   -70.67790    0.00000    0.00000    2723       3
    2724   4.414   -70.67790    0.00000    0.00000    2724       5
    2725   4.412   -70.67790    0.00000    0.00000    2725       3
    2726   4.415   -70.67790    0.00000    0.00000    2726       5
    2727   4.416   -70.67790    0.00000    0.00000    2727      14
    2728   4.420   -70.67789    0.00000    0.00000    2728       2
    2729   4.420   -70.67789    0.00000    0.00001    2729      16
    2730   4.423   -70.67789    0.00000    0.00000    2730       3
    2731   4.423   -70.67789    0.00000    0.00000    2731      10
    2732   4.424   -70.67789    0.00000    0.00000    2732       1
    2733   4.423   -70.67789    0.00000    0.00000    2733       5
    2734   4.423   -70.67789    0.00000    0.00000    2734       1
    2735   4.423   -70.67789    0.00000    0.00000    2735       6
    2736   4.424   -70.67789    0.00000    0.00000    2736       1
    2737   4.418   -70.67789    0.00000    0.00000    2737      12
    2738   4.424   -70.67789    0.00000    0.00000    2738       2
    2739   4.423   -70.67789    0.00000    0.00001    2739      23
    2740   4.431   -70.67787    0.00000    0.00000    2740       1
    2741   4.418   -70.67789    0.00000    0.00000    2741       5
    2742   4.432   -70.67787    0.00000    0.00000    2742      10
    2743   4.434   -70.67787    0.00000    0.00000    2743       5
    2744   4.433   -70.67787    0.00000    0.00000    2744       2
    2745   4.433   -70.67787    0.00000    0.00000    2745       5
    2746   4.433   -70.67787    0.00000    0.00000    2746       8
    2747   4.436   -70.67787    0.00000    0.00000    2747       2
    2748   4.437   -70.67787    0.00000    0.00000    2748       5
    2749   4.437   -70.67786    0.00000    0.00000    2749       4
    2750   4.437   -70.67786    0.00000    0.00000    2750       4
    2751   4.437   -70.67786    0.00000    0.00000    2751       3
    2752   4.438   -70.67786    0.00000    0.00001    2752      25
    2753   4.440   -70.67786    0.00000    0.00000    2753       8
    2754   4.441   -70.67786    0.00000    0.00000    2754       4
    2755   4.442   -70.67786    0.00000    0.00000    2755       1
    2756   4.433   -70.67787    0.00000    0.00000    2756       1
    2757   4.442   -70.67786    0.00000    0.00001    2757      17
    2758   4.444   -70.67785    0.00000    0.00000    2758       1
    2759   4.444   -70.67785    0.00000    0.00000    2759       1
    2760   4.444   -70.67785    0.00000    0.00000    2760       4
    2761   4.445   -70.67785    0.00000    0.00000    2761       7
    2762   4.445   -70.67785    0.00000    0.00000    2762       1
    2763   4.445   -70.67785    0.00000    0.00001    2763      18
    2764   4.447   -70.67785    0.00000    0.00000    2764      12
    2765   4.447   -70.67785    0.00000    0.00000    2765       2
    2766   4.448   -70.67785    0.00000    0.00000    2766       1
    2767   4.448   -70.67785    0.00000    0.00000    2767      10
    2768   4.448   -70.67785    0.00000    0.00000    2768       1
    2769   4.433   -70.67787    0.00000    0.00000    2769       1
    2770   4.449   -70.67785    0.00000    0.00000    2770       5
    2771   4.447   -70.67785    0.00000    0.00000    2771       6
    2772   4.450   -70.67784    0.00000    0.00000    2772       4
    2773   4.451   -70.67784    0.00000    0.00000    2773      11
    2774   4.450   -70.67784    0.00000    0.00000    2774       2
    2775   4.451   -70.67784    0.00000    0.00000    2775       7
    2776   4.454   -70.67784    0.00000    0.00000    2776       5
    2777   4.454   -70.67784    0.00000    0.00000    2777       3
    2778   4.454   -70.67784    0.00000    0.00000    2778       1
    2779   4.455   -70.67784    0.00000    0.00000    2779       1
    2780   4.455   -70.67784    0.00000    0.00000    2780       1
    2781   4.455   -70.67784    0.00000    0.00000    2781       1
    2782   4.455   -70.67784    0.00000    0.00000    2782       7
    2783   4.456   -70.67783    0.00000    0.00000    2783      15
    2784   4.457   -70.67783    0.00000    0.00000    2784       2
    2785   4.455   -70.67784    0.00000    0.00001    2785      20
    2786   4.459   -70.67783    0.00000    0.00000    2786       2
    2787   4.459   -70.67783    0.00000    0.00000    2787      10
    2788   4.460   -70.67783    0.00000    0.00000    2788       5
    2789   4.461   -70.67783    0.00000    0.00000    2789       1
    2790   4.461   -70.67783    0.00000    0.00000    2790      13
    2791   4.468   -70.67782    0.00000    0.00000    2791      12
    2792   4.466   -70.67782    0.00000    0.00000    2792       6
    2793   4.434   -70.67787    0.00000    0.00000    2793       3
    2794   4.470   -70.67781    0.00000    0.00000    2794       4
    2795   4.473   -70.67781    0.00000    0.00000    2795       1
    2796   4.473   -70.67781    0.00000    0.00000    2796       2
    2797   4.474   -70.67781    0.00000    0.00000    2797       2
    2798   4.471   -70.67781    0.00000    0.00000    2798       1
    2799   4.474   -70.67781    0.00000    0.00000    2799       6
    2800   4.475   -70.67780    0.00000    0.00000    2800       5
    2801   4.478   -70.67780    0.00000    0.00000    2801       6
    2802   4.478   -70.67780    0.00000    0.00000    2802       7
    2803   4.477   -70.67780    0.00000    0.00000    2803       1
    2804   4.478   -70.67780    0.00000    0.00000    2804       1
    2805   4.478   -70.67780    0.00000    0.00000    2805       2
    2806   4.478   -70.67780    0.00000    0.00000    2806       9
    2807   4.478   -70.67780    0.00000    0.00001    2807      21
    2808   4.480   -70.67780    0.00000    0.00000    2808      11
    2809   4.481   -70.67779    0.00000    0.00000    2809       1
    2810   4.481   -70.67779    0.00000    0.00000    2810      10
    2811   4.482   -70.67779    0.00000    0.00000    2811       8
    2812   4.482   -70.67779    0.00000    0.00000    2812       7
    2813   4.477   -70.67780    0.00000    0.00000    2813       2
    2814   4.486   -70.67779    0.00000    0.00001    2814      17
    2815   4.487   -70.67778    0.00000    0.00000    2815       1
    2816   4.487   -70.67778    0.00000    0.00000    2816       9
    2817   4.488   -70.67778    0.00000    0.00000    2817       1
    2818   4.488   -70.67778    0.00000    0.00000    2818       1
    2819   4.488   -70.67778    0.00000    0.00000    2819       1
    2820   4.488   -70.67778    0.00000    0.00000    2820       1
    2821   4.488   -70.67778    0.00000    0.00000    2821       1
    2822   4.488   -70.67778    0.00000    0.00000    2822       3
    2823   4.489   -70.67778    0.00000    0.00000    2823       5
    2824   4.490   -70.67778    0.00000    0.00000    2824       1
    2825   4.491   -70.67778    0.00000    0.00001    2825      19
    2826   4.496   -70.67777    0.00000    0.00000    2826       5
    2827   4.495   -70.67777    0.00000    0.00000    2827       1
    2828   4.491   -70.67778    0.00000    0.00000    2828       1
    2829   4.495   -70.67777    0.00000    0.00000    2829      11
    2830   4.495   -70.67777    0.00000    0.00000    2830       5
    2831   4.499   -70.67777    0.00000    0.00000    2831       1
    2832   4.499   -70.67777    0.00000    0.00000    2832       3
    2833   4.500   -70.67776    0.00000    0.00000    2833       4
    2834   4.500   -70.67776    0.00000    0.00000    2834       4
    2835   4.500   -70.67776    0.00000    0.00000    2835       1
    2836   4.500   -70.67776    0.00000    0.00000    2836       1
    2837   4.500   -70.67776    0.00000    0.00000    2837       1
    2838   4.500   -70.67776    0.00000    0.00000    2838       2
    2839   4.501   -70.67776    0.00000    0.00000    2839       3
    2840   4.501   -70.67776    0.00000    0.00000    2840       2
    2841   4.502   -70.67776    0.00000    0.00000    2841      13
    2842   4.504   -70.67776    0.00000    0.00000    2842      14
    2843   4.500   -70.67776    0.00000    0.00000    2843       6
    2844   4.506   -70.67775    0.00000    0.00000    2844       7
    2845   4.507   -70.67775    0.00000    0.00000    2845       1
    2846   4.483   -70.67779    0.00000    0.00000    2846       1
    2847   4.505   -70.67776    0.00000    0.00000    2847       5
    2848   4.508   -70.67775    0.00000    0.00000    2848       6
    2849   4.483   -70.67779    0.00000    0.00000    2849       1
    2850   4.483   -70.67779    0.00000    0.00000    2850       2
    2851   4.500   -70.67776    0.00000    0.00000    2851       8
    2852   4.506   -70.67775    0.00000    0.00000    2852       3
    2853   4.511   -70.67775    0.00000    0.00000    2853       1
    2854   4.512   -70.67774    0.00000    0.00000    2854       2
    2855   4.512   -70.67774    0.00000    0.00000    2855       1
    2856   4.512   -70.67774    0.00000    0.00000    2856       2
    2857   4.512   -70.67774    0.00000    0.00000    2857      11
    2858   4.513   -70.67774    0.00000    0.00000    2858       2
    2859   4.513   -70.67774    0.00000    0.00001    2859      19
    2860   4.515   -70.67774    0.00000    0.00000    2860       1
    2861   4.515   -70.67774    0.00000    0.00000    2861       4
    2862   4.516   -70.67774    0.00000    0.00000    2862       4
    2863   4.516   -70.67774    0.00000    0.00000    2863       3
    2864   4.518   -70.67774    0.00000    0.00000    2864       2
    2865   4.519   -70.67773    0.00000    0.00001    2865      23
    2866   4.520   -70.67773    0.00000    0.00000    2866       1
    2867   4.520   -70.67773    0.00000    0.00000    2867       4
    2868   4.520   -70.67773    0.00000    0.00000    2868       1
    2869   4.521   -70.67773    0.00000    0.00000    2869      14
    2870   4.522   -70.67773    0.00000    0.00000    2870       1
    2871   4.522   -70.67773    0.00000    0.00000    2871      10
    2872   4.522   -70.67773    0.00000    0.00000    2872      13
    2873   4.522   -70.67773    0.00000    0.00001    2873      45
    2874   4.529   -70.67772    0.00000    0.00000    2874       8
    2875   4.529   -70.67772    0.00000    0.00000    2875       6
    2876   4.500   -70.67776    0.00000    0.00001    2876      20
    2877   4.528   -70.67772    0.00000    0.00000    2877       7
    2878   4.530   -70.67772    0.00000    0.00000    2878       3
    2879   4.531   -70.67771    0.00000    0.00000    2879       2
    2880   4.531   -70.67771    0.00000    0.00000    2880       5
    2881   4.532   -70.67771    0.00000    0.00000    2881       1
    2882   4.533   -70.67771    0.00000    0.00000    2882      16
    2883   4.534   -70.67771    0.00000    0.00000    2883       5
    2884   4.534   -70.67771    0.00000    0.00000    2884       1
    2885   4.534   -70.67771    0.00000    0.00000    2885       9
    2886   4.534   -70.67771    0.00000    0.00000    2886       5
    2887   4.534   -70.67771    0.00000    0.00000    2887       1
    2888   4.535   -70.67771    0.00000    0.00000    2888       1
    2889   4.535   -70.67771    0.00000    0.00000    2889       9
    2890   4.535   -70.67771    0.00000    0.00000    2890      15
    2891   4.538   -70.67770    0.00000    0.00000    2891       1
    2892   4.538   -70.67770    0.00000    0.00001    2892      32
    2893   4.534   -70.67771    0.00000    0.00000    2893       1
    2894   4.541   -70.67770    0.00000    0.00000    2894       5
    2895   4.541   -70.67770    0.00000    0.00000    2895       1
    2896   4.542   -70.67770    0.00000    0.00000    2896       4
    2897   4.542   -70.67770    0.00000    0.00000    2897       1
    2898   4.542   -70.67770    0.00000    0.00000    2898       3
    2899   4.534   -70.67771    0.00000    0.00000    2899       8
    2900   4.542   -70.67770    0.00000    0.00000    2900       3
    2901   4.543   -70.67770    0.00000    0.00000    2901       2
    2902   4.543   -70.67769    0.00000    0.00000    2902       1
    2903   4.543   -70.67769    0.00000    0.00000    2903       4
    2904   4.544   -70.67769    0.00000    0.00000    2904       2
    2905   4.544   -70.67769    0.00000    0.00000    2905       5
    2906   4.544   -70.67769    0.00000    0.00000    2906      17
    2907   4.548   -70.67769    0.00000    0.00000    2907       6
    2908   4.548   -70.67769    0.00000    0.00000    2908       3
    2909   4.543   -70.67769    0.00000    0.00000    2909      11
    2910   4.548   -70.67769    0.00000    0.00000    2910       9
    2911   4.549   -70.67769    0.00000    0.00000    2911       2
    2912   4.549   -70.67769    0.00000    0.00000    2912       2
    2913   4.550   -70.67768    0.00000    0.00000    2913       3
    2914   4.550   -70.67768    0.00000    0.00000    2914       1
    2915   4.550   -70.67768    0.00000    0.00000    2915       2
    2916   4.550   -70.67768    0.00000    0.00000    2916       8
    2917   4.551   -70.67768    0.00000    0.00000    2917       2
    2918   4.551   -70.67768    0.00000    0.00000    2918      13
    2919   4.552   -70.67768    0.00000    0.00000    2919       7
    2920   4.552   -70.67768    0.00000    0.00000    2920      10
    2921   4.553   -70.67768    0.00000    0.00000    2921       6
    2922   4.555   -70.67768    0.00000    0.00000    2922       1
    2923   4.557   -70.67767    0.00000    0.00000    2923       6
    2924   4.553   -70.67768    0.00000    0.00000    2924       7
    2925   4.557   -70.67767    0.00000    0.00000    2925       8
    2926   4.519   -70.67773    0.00000    0.00000    2926       1
    2927   4.558   -70.67767    0.00000    0.00000    2927       2
    2928   4.559   -70.67767    0.00000    0.00000    2928       3
    2929   4.559   -70.67767    0.00000    0.00000    2929       1
    2930   4.559   -70.67767    0.00000    0.00000    2930       1
    2931   4.559   -70.67767    0.00000    0.00000    2931       9
    2932   4.519   -70.67773    0.00000    0.00000    2932       4
    2933   4.559   -70.67767    0.00000    0.00000    2933       1
    2934   4.559   -70.67767    0.00000    0.00000    2934       8
    2935   4.561   -70.67767    0.00000    0.00001    2935      20
    2936   4.556   -70.67767    0.00000    0.00000    2936       3
    2937   4.561   -70.67767    0.00000    0.00001    2937      27
    2938   4.559   -70.67767    0.00000    0.00000    2938       7
    2939   4.565   -70.67766    0.00000    0.00001    2939      29
    2940   4.568   -70.67766    0.00000    0.00000    2940      12
    2941   4.561   -70.67767    0.00000    0.00000    2941       2
    2942   4.570   -70.67765    0.00000    0.00000    2942      14
    2943   4.571   -70.67765    0.00000    0.00001    2943      34
    2944   4.573   -70.67765    0.00000    0.00000    2944      10
    2945   4.575   -70.67764    0.00000    0.00000    2945       1
    2946   4.575   -70.67764    0.00000    0.00000    2946       3
    2947   4.575   -70.67764    0.00000    0.00000    2947       2
    2948   4.575   -70.67764    0.00000    0.00000    2948       8
    2949   4.576   -70.67764    0.00000    0.00000    2949       2
    2950   4.576   -70.67764    0.00000    0.00000    2950       4
    2951   4.576   -70.67764    0.00000    0.00000    2951       6
    2952   4.544   -70.67769    0.00000    0.00000    2952       3
    2953   4.544   -70.67769    0.00000    0.00000    2953       9
    2954   4.576   -70.67764    0.00000    0.00000    2954       1
    2955   4.576   -70.67764    0.00000    0.00000    2955       1
    2956   4.557   -70.67767    0.00000    0.00000    2956       1
    2957   4.549   -70.67769    0.00000    0.00000    2957       8
    2958   4.576   -70.67764    0.00000    0.00000    2958       1
    2959   4.576   -70.67764    0.00000    0.00000    2959       8
    2960   4.577   -70.67764    0.00000    0.00000    2960       1
    2961   4.577   -70.67764    0.00000    0.00000    2961       4
    2962   4.577   -70.67764    0.00000    0.00000    2962       8
    2963   4.577   -70.67764    0.00000    0.00000    2963       1
    2964   4.584   -70.67763    0.00000    0.00000    2964       2
    2965   4.578   -70.67764    0.00000    0.00001    2965      21
    2966   4.585   -70.67763    0.00000    0.00000    2966       3
    2967   4.579   -70.67764    0.00000    0.00000    2967       9
    2968   4.577   -70.67764    0.00000    0.00000    2968       2
    2969   4.579   -70.67764    0.00000    0.00000    2969       6
    2970   4.578   -70.67764    0.00000    0.00000    2970       2
    2971   4.586   -70.67763    0.00000    0.00001    2971      25
    2972   4.586   -70.67763    0.00000    0.00000    2972       3
    2973   4.589   -70.67762    0.00000    0.00001    2973      26
    2974   4.591   -70.67762    0.00000    0.00000    2974       2
    2975   4.591   -70.67762    0.00000    0.00000    2975       1
    2976   4.577   -70.67764    0.00000    0.00000    2976       3
    2977   4.577   -70.67764    0.00000    0.00000    2977      16
    2978   4.594   -70.67761    0.00000    0.00000    2978       2
    2979   4.594   -70.67761    0.00000    0.00000    2979       9
    2980   4.595   -70.67761    0.00000    0.00000    2980       9
    2981   4.595   -70.67761    0.00000    0.00000    2981       1
    2982   4.595   -70.67761    0.00000    0.00000    2982       1
    2983   4.598   -70.67761    0.00000    0.00000    2983       2
    2984   4.595   -70.67761    0.00000    0.00000    2984       1
    2985   4.595   -70.67761    0.00000    0.00000    2985       6
    2986   4.598   -70.67761    0.00000    0.00000    2986       2
    2987   4.597   -70.67761    0.00000    0.00000    2987       4
    2988   4.598   -70.67761    0.00000    0.00000    2988       2
    2989   4.597   -70.67761    0.00000    0.00000    2989       8
    2990   4.599   -70.67761    0.00000    0.00000    2990       5
    2991   4.599   -70.67761    0.00000    0.00000    2991       4
    2992   4.599   -70.67761    0.00000    0.00000    2992       1
    2993   4.599   -70.67761    0.00000    0.00000    2993       1
    2994   4.599   -70.67761    0.00000    0.00000    2994       2
    2995   4.599   -70.67761    0.00000    0.00000    2995      13
    2996   4.577   -70.67764    0.00000    0.00000    2996       1
    2997   4.559   -70.67767    0.00000    0.00000    2997       2
    2998   4.577   -70.67764    0.00000    0.00000    2998       2
    2999   4.559   -70.67767    0.00000    0.00000    2999       1
    3000   4.599   -70.67761    0.00000    0.00000    3000       5
    3001   4.560   -70.67767    0.00000    0.00000    3001       3
    3002   4.599   -70.67761    0.00000    0.00000    3002       1
    3003   4.599   -70.67761    0.00000    0.00000    3003       4
    3004   4.599   -70.67761    0.00000    0.00000    3004       4
    3005   4.599   -70.67761    0.00000    0.00000    3005       9
    3006   4.599   -70.67761    0.00000    0.00000    3006       4
    3007   4.599   -70.67761    0.00000    0.00000    3007       1
    3008   4.599   -70.67761    0.00000    0.00000    3008       1
    3009   4.600   -70.67761    0.00000    0.00001    3009      51
    3010   4.603   -70.67760    0.00000    0.00000    3010       8
    3011   4.602   -70.67760    0.00000    0.00000    3011       2
    3012   4.603   -70.67760    0.00000    0.00000    3012      11
    3013   4.605   -70.67760    0.00000    0.00000    3013      12
    3014   4.601   -70.67760    0.00000    0.00000    3014       1
    3015   4.605   -70.67760    0.00000    0.00000    3015       1
    3016   4.603   -70.67760    0.00000    0.00000    3016      11
    3017   4.565   -70.67766    0.00000    0.00000    3017       2
    3018   4.606   -70.67759    0.00000    0.00000    3018       8
    3019   4.602   -70.67760    0.00000    0.00001    3019      30
    3020   4.609   -70.67759    0.00000    0.00000    3020       1
    3021   4.607   -70.67759    0.00000    0.00000    3021       7
    3022   4.610   -70.67759    0.00000    0.00000    3022       5
    3023   4.610   -70.67759    0.00000    0.00001    3023      21
    3024   4.614   -70.67758    0.00000    0.00000    3024       5
    3025   4.609   -70.67759    0.00000    0.00000    3025       2
    3026   4.608   -70.67759    0.00000    0.00000    3026       2
    3027   4.603   -70.67760    0.00000    0.00000    3027       2
    3028   4.615   -70.67758    0.00000    0.00000    3028       3
    3029   4.615   -70.67758    0.00000    0.00000    3029       4
    3030   4.616   -70.67758    0.00000    0.00000    3030       7
    3031   4.604   -70.67760    0.00000    0.00000    3031      10
    3032   4.616   -70.67758    0.00000    0.00000    3032       8
    3033   4.616   -70.67758    0.00000    0.00000    3033       4
    3034   4.616   -70.67758    0.00000    0.00000    3034       1
    3035   4.609   -70.67759    0.00000    0.00000    3035       8
    3036   4.617   -70.67758    0.00000    0.00000    3036       2
    3037   4.618   -70.67758    0.00000    0.00000    3037       1
    3038   4.618   -70.67758    0.00000    0.00000    3038       2
    3039   4.618   -70.67758    0.00000    0.00000    3039       4
    3040   4.618   -70.67758    0.00000    0.00000    3040      10
    3041   4.619   -70.67757    0.00000    0.00001    3041      22
    3042   4.619   -70.67757    0.00000    0.00000    3042       2
    3043   4.620   -70.67757    0.00000    0.00000    3043      12
    3044   4.620   -70.67757    0.00000    0.00000    3044       2
    3045   4.621   -70.67757    0.00000    0.00000    3045       9
    3046   4.622   -70.67757    0.00000    0.00000    3046       3
    3047   4.622   -70.67757    0.00000    0.00000    3047       6
    3048   4.623   -70.67757    0.00000    0.00000    3048       1
    3049   4.623   -70.67757    0.00000    0.00000    3049      19
    3050   4.627   -70.67756    0.00000    0.00000    3050       2
    3051   4.627   -70.67756    0.00000    0.00000    3051      11
    3052   4.629   -70.67756    0.00000    0.00000    3052       3
    3053   4.626   -70.67756    0.00000    0.00000    3053       2
    3054   4.627   -70.67756    0.00000    0.00000    3054       3
    3055   4.627   -70.67756    0.00000    0.00000    3055       9
    3056   4.631   -70.67756    0.00000    0.00000    3056       9
    3057   4.632   -70.67755    0.00000    0.00000    3057       1
    3058   4.632   -70.67755    0.00000    0.00000    3058       5
    3059   4.627   -70.67756    0.00000    0.00000    3059       2
    3060   4.632   -70.67755    0.00000    0.00000    3060       9
    3061   4.632   -70.67755    0.00000    0.00000    3061       3
    3062   4.632   -70.67755    0.00000    0.00000    3062       6
    3063   4.634   -70.67755    0.00000    0.00000    3063       8
    3064   4.635   -70.67755    0.00000    0.00000    3064       2
    3065   4.636   -70.67755    0.00000    0.00000    3065       1
    3066   4.636   -70.67755    0.00000    0.00000    3066       3
    3067   4.633   -70.67755    0.00000    0.00000    3067      17
    3068   4.643   -70.67754    0.00000    0.00000    3068       3
    3069   4.627   -70.67756    0.00000    0.00000    3069       1
    3070   4.638   -70.67754    0.00000    0.00000    3070       5
    3071   4.642   -70.67754    0.00000    0.00000    3071       6
    3072   4.645   -70.67753    0.00000    0.00000    3072       1
    3073   4.603   -70.67760    0.00000    0.00000    3073       4
    3074   4.642   -70.67754    0.00000    0.00000    3074      10
    3075   4.647   -70.67753    0.00000    0.00000    3075       1
    3076   4.614   -70.67758    0.00000    0.00000    3076       4
    3077   4.614   -70.67758    0.00000    0.00000    3077       1
    3078   4.614   -70.67758    0.00000    0.00000    3078       1
    3079   4.649   -70.67753    0.00000    0.00000    3079       1
    3080   4.649   -70.67753    0.00000    0.00000    3080       7
    3081   4.649   -70.67753    0.00000    0.00000    3081       2
    3082   4.649   -70.67753    0.00000    0.00000    3082       1
    3083   4.656   -70.67752    0.00000    0.00000    3083       1
    3084   4.656   -70.67752    0.00000    0.00001    3084      28
    3085   4.655   -70.67752    0.00000    0.00000    3085       2
    3086   4.660   -70.67751    0.00000    0.00000    3086       2
    3087   4.660   -70.67751    0.00000    0.00000    3087       1
    3088   4.660   -70.67751    0.00000    0.00000    3088       8
    3089   4.662   -70.67751    0.00000    0.00000    3089       3
    3090   4.662   -70.67751    0.00000    0.00000    3090       2
    3091   4.662   -70.67751    0.00000    0.00000    3091       5
    3092   4.662   -70.67751    0.00000    0.00000    3092       4
    3093   4.663   -70.67750    0.00000    0.00000    3093       1
    3094   4.635   -70.67755    0.00000    0.00000    3094       2
    3095   4.663   -70.67750    0.00000    0.00000    3095       1
    3096   4.663   -70.67750    0.00000    0.00000    3096       1
    3097   4.663   -70.67750    0.00000    0.00000    3097      10
    3098   4.668   -70.67750    0.00000    0.00000    3098       5
    3099   4.668   -70.67750    0.00000    0.00000    3099       2
    3100   4.635   -70.67755    0.00000    0.00000    3100       1
    3101   4.668   -70.67750    0.00000    0.00000    3101      13
    3102   4.668   -70.67750    0.00000    0.00000    3102       1
    3103   4.668   -70.67750    0.00000    0.00000    3103       1
    3104   4.668   -70.67750    0.00000    0.00000    3104       1
    3105   4.668   -70.67750    0.00000    0.00000    3105       6
    3106   4.668   -70.67750    0.00000    0.00000    3106       1
    3107   4.668   -70.67750    0.00000    0.00000    3107       1
    3108   4.668   -70.67750    0.00000    0.00001    3108      33
    3109   4.673   -70.67749    0.00000    0.00000    3109      17
    3110   4.674   -70.67749    0.00000    0.00000    3110       1
    3111   4.675   -70.67749    0.00000    0.00000    3111       1
    3112   4.675   -70.67749    0.00000    0.00000    3112       2
    3113   4.676   -70.67748    0.00000    0.00000    3113       1
    3114   4.676   -70.67748    0.00000    0.00000    3114       1
    3115   4.676   -70.67748    0.00000    0.00000    3115       5
    3116   4.677   -70.67748    0.00000    0.00000    3116      21
    3117   4.680   -70.67748    0.00000    0.00000    3117       1
    3118   4.679   -70.67748    0.00000    0.00000    3118       1
    3119   4.681   -70.67748    0.00000    0.00000    3119       1
    3120   4.683   -70.67747    0.00000    0.00000    3120       6
    3121   4.685   -70.67747    0.00000    0.00000    3121       3
    3122   4.682   -70.67747    0.00000    0.00000    3122       7
    3123   4.685   -70.67747    0.00000    0.00000    3123       8
    3124   4.685   -70.67747    0.00000    0.00000    3124       1
    3125   4.643   -70.67754    0.00000    0.00000    3125       3
    3126   4.643   -70.67754    0.00000    0.00000    3126       1
    3127   4.643   -70.67754    0.00000    0.00000    3127       1
    3128   4.643   -70.67754    0.00000    0.00000    3128       2
    3129   4.643   -70.67754    0.00000    0.00000    3129       3
    3130   4.643   -70.67754    0.00000    0.00000    3130       7
    3131   4.687   -70.67747    0.00000    0.00000    3131       1
    3132   4.687   -70.67747    0.00000    0.00000    3132       1
    3133   4.688   -70.67746    0.00000    0.00001    3133      29
    3134   4.689   -70.67746    0.00000    0.00000    3134       2
    3135   4.689   -70.67746    0.00000    0.00000    3135       3
    3136   4.689   -70.67746    0.00000    0.00000    3136       1
    3137   4.689   -70.67746    0.00000    0.00000    3137      19
    3138   4.695   -70.67745    0.00000    0.00000    3138       1
    3139   4.695   -70.67745    0.00000    0.00000    3139       1
    3140   4.695   -70.67745    0.00000    0.00000    3140       1
    3141   4.695   -70.67745    0.00000    0.00000    3141       5
    3142   4.695   -70.67745    0.00000    0.00000    3142       3
    3143   4.697   -70.67745    0.00000    0.00000    3143       5
    3144   4.697   -70.67745    0.00000    0.00001    3144      25
    3145   4.698   -70.67745    0.00000    0.00000    3145       6
    3146   4.698   -70.67745    0.00000    0.00000    3146       1
    3147   4.699   -70.67745    0.00000    0.00000    3147       3
    3148   4.699   -70.67745    0.00000    0.00000    3148       1
    3149   4.699   -70.67745    0.00000    0.00000    3149       4
    3150   4.699   -70.67745    0.00000    0.00000    3150       1
    3151   4.699   -70.67745    0.00000    0.00000    3151       1
    3152   4.699   -70.67745    0.00000    0.00000    3152       4
    3153   4.699   -70.67745    0.00000    0.00000    3153      15
    3154   4.700   -70.67745    0.00000    0.00000    3154       5
    3155   4.700   -70.67745    0.00000    0.00000    3155      14
    3156   4.693   -70.67746    0.00000    0.00000    3156       2
    3157   4.700   -70.67744    0.00000    0.00000    3157       5
    3158   4.699   -70.67745    0.00000    0.00001    3158      28
    3159   4.702   -70.67744    0.00000    0.00000    3159       2
    3160   4.701   -70.67744    0.00000    0.00000    3160      15
    3161   4.704   -70.67744    0.00000    0.00000    3161       3
    3162   4.701   -70.67744    0.00000    0.00000    3162       1
    3163   4.705   -70.67744    0.00000    0.00000    3163       1
    3164   4.705   -70.67744    0.00000    0.00000    3164       1
    3165   4.705   -70.67744    0.00000    0.00001    3165      27
    3166   4.710   -70.67743    0.00000    0.00000    3166       2
    3167   4.710   -70.67743    0.00000    0.00001    3167      26
    3168   4.709   -70.67743    0.00000    0.00000    3168       1
    3169   4.707   -70.67743    0.00000    0.00000    3169       2
    3170   4.720   -70.67741    0.00000    0.00000    3170       1
    3171   4.720   -70.67741    0.00000    0.00000    3171      11
    3172   4.722   -70.67741    0.00000    0.00000    3172       1
    3173   4.722   -70.67741    0.00000    0.00000    3173      13
    3174   4.723   -70.67741    0.00000    0.00000    3174       1
    3175   4.699   -70.67745    0.00000    0.00000    3175       2
    3176   4.724   -70.67741    0.00000    0.00000    3176       4
    3177   4.719   -70.67741    0.00000    0.00000    3177       7
    3178   4.726   -70.67740    0.00000    0.00000    3178       1
    3179   4.726   -70.67740    0.00000    0.00000    3179       8
    3180   4.726   -70.67740    0.00000    0.00000    3180       3
    3181   4.727   -70.67740    0.00000    0.00000    3181       3
    3182   4.725   -70.67741    0.00000    0.00000    3182       2
    3183   4.725   -70.67741    0.00000    0.00000    3183       1
    3184   4.728   -70.67740    0.00000    0.00000    3184       3
    3185   4.729   -70.67740    0.00000    0.00000    3185       2
    3186   4.729   -70.67740    0.00000    0.00000    3186       1
    3187   4.730   -70.67740    0.00000    0.00000    3187       1
    3188   4.730   -70.67740    0.00000    0.00000    3188      17
    3189   4.728   -70.67740    0.00000    0.00000    3189       2
    3190   4.733   -70.67739    0.00000    0.00000    3190       2
    3191   4.732   -70.67739    0.00000    0.00000    3191       6
    3192   4.733   -70.67739    0.00000    0.00000    3192      11
    3193   4.734   -70.67739    0.00000    0.00000    3193       8
    3194   4.733   -70.67739    0.00000    0.00000    3194       7
    3195   4.734   -70.67739    0.00000    0.00000    3195       1
    3196   4.725   -70.67740    0.00000    0.00000    3196      24
    3197   4.734   -70.67739    0.00000    0.00000    3197       4
    3198   4.735   -70.67739    0.00000    0.00000    3198       1
    3199   4.735   -70.67739    0.00000    0.00000    3199       1
    3200   4.735   -70.67739    0.00000    0.00000    3200       2
    3201   4.735   -70.67739    0.00000    0.00000    3201       1
    3202   4.735   -70.67739    0.00000    0.00000    3202       3
    3203   4.735   -70.67739    0.00000    0.00000    3203       1
    3204   4.735   -70.67739    0.00000    0.00000    3204       3
    3205   4.735   -70.67739    0.00000    0.00000    3205       6
    3206   4.736   -70.67739    0.00000    0.00000    3206       6
    3207   4.734   -70.67739    0.00000    0.00000    3207       1
    3208   4.736   -70.67739    0.00000    0.00000    3208       6
    3209   4.694   -70.67745    0.00000    0.00000    3209       1
    3210   4.736   -70.67739    0.00000    0.00001    3210      40
    3211   4.699   -70.67745    0.00000    0.00001    3211      31
    3212   4.745   -70.67737    0.00000    0.00000    3212       3
    3213   4.734   -70.67739    0.00000    0.00000    3213       1
    3214   4.736   -70.67739    0.00000    0.00000    3214       3
    3215   4.743   -70.67738    0.00000    0.00000    3215       2
    3216   4.742   -70.67738    0.00000    0.00000    3216       2
    3217   4.746   -70.67737    0.00000    0.00000    3217       2
    3218   4.734   -70.67739    0.00000    0.00000    3218       4
    3219   4.699   -70.67745    0.00000    0.00000    3219       3
    3220   4.747   -70.67737    0.00000    0.00000    3220      16
    3221   4.750   -70.67737    0.00000    0.00000    3221       9
    3222   4.752   -70.67736    0.00000    0.00000    3222       1
    3223   4.751   -70.67736    0.00000    0.00000    3223       1
    3224   4.743   -70.67738    0.00000    0.00000    3224       2
    3225   4.751   -70.67736    0.00000    0.00000    3225       3
    3226   4.753   -70.67736    0.00000    0.00000    3226       9
    3227   4.753   -70.67736    0.00000    0.00000    3227      12
    3228   4.755   -70.67736    0.00000    0.00000    3228       1
    3229   4.755   -70.67736    0.00000    0.00000    3229      10
    3230   4.756   -70.67736    0.00000    0.00000    3230       1
    3231   4.756   -70.67736    0.00000    0.00000    3231       1
    3232   4.756   -70.67736    0.00000    0.00000    3232       2
    3233   4.756   -70.67736    0.00000    0.00000    3233       2
    3234   4.757   -70.67735    0.00000    0.00000    3234       1
    3235   4.757   -70.67735    0.00000    0.00000    3235       8
    3236   4.759   -70.67735    0.00000    0.00000    3236       3
    3237   4.759   -70.67735    0.00000    0.00000    3237       4
    3238   4.763   -70.67734    0.00000    0.00000    3238       5
    3239   4.764   -70.67734    0.00000    0.00000    3239       2
    3240   4.765   -70.67734    0.00000    0.00000    3240      15
    3241   4.753   -70.67736    0.00000    0.00000    3241       1
    3242   4.766   -70.67734    0.00000    0.00000    3242       1
    3243   4.725   -70.67740    0.00000    0.00000    3243       1
    3244   4.725   -70.67740    0.00000    0.00000    3244       1
    3245   4.725   -70.67740    0.00000    0.00000    3245       7
    3246   4.725   -70.67740    0.00000    0.00000    3246       1
    3247   4.767   -70.67734    0.00000    0.00000    3247       1
    3248   4.767   -70.67734    0.00000    0.00000    3248       1
    3249   4.767   -70.67734    0.00000    0.00000    3249       5
    3250   4.768   -70.67734    0.00000    0.00000    3250       1
    3251   4.768   -70.67734    0.00000    0.00000    3251       1
    3252   4.768   -70.67734    0.00000    0.00000    3252       1
    3253   4.769   -70.67733    0.00000    0.00000    3253      12
    3254   4.770   -70.67733    0.00000    0.00000    3254       6
    3255   4.768   -70.67734    0.00000    0.00000    3255       2
    3256   4.753   -70.67736    0.00000    0.00000    3256       9
    3257   4.771   -70.67733    0.00000    0.00000    3257       1
    3258   4.772   -70.67733    0.00000    0.00000    3258       9
    3259   4.753   -70.67736    0.00000    0.00000    3259      10
    3260   4.777   -70.67732    0.00000    0.00000    3260       5
    3261   4.777   -70.67732    0.00000    0.00000    3261       9
    3262   4.777   -70.67732    0.00000    0.00000    3262       1
    3263   4.770   -70.67733    0.00000    0.00000    3263       6
    3264   4.778   -70.67732    0.00000    0.00000    3264       1
    3265   4.778   -70.67732    0.00000    0.00000    3265       2
    3266   4.778   -70.67732    0.00000    0.00000    3266       2
    3267   4.775   -70.67733    0.00000    0.00000    3267      17
    3268   4.779   -70.67732    0.00000    0.00000    3268       1
    3269   4.780   -70.67732    0.00000    0.00000    3269       1
    3270   4.780   -70.67732    0.00000    0.00000    3270       5
    3271   4.781   -70.67732    0.00000    0.00000    3271      18
    3272   4.783   -70.67731    0.00000    0.00001    3272      28
    3273   4.784   -70.67731    0.00000    0.00000    3273      10
    3274   4.785   -70.67731    0.00000    0.00000    3274       1
    3275   4.785   -70.67731    0.00000    0.00000    3275       1
    3276   4.785   -70.67731    0.00000    0.00000    3276       3
    3277   4.783   -70.67731    0.00000    0.00000    3277       6
    3278   4.787   -70.67731    0.00000    0.00000    3278       1
    3279   4.787   -70.67731    0.00000    0.00000    3279       6
    3280   4.790   -70.67730    0.00000    0.00000    3280       1
    3281   4.788   -70.67731    0.00000    0.00000    3281       9
    3282   4.792   -70.67730    0.00000    0.00000    3282       2
    3283   4.791   -70.67730    0.00000    0.00000    3283       3
    3284   4.793   -70.67730    0.00000    0.00000    3284       1
    3285   4.794   -70.67730    0.00000    0.00000    3285       2
    3286   4.795   -70.67729    0.00000    0.00000    3286       1
    3287   4.795   -70.67729    0.00000    0.00000    3287       2
    3288   4.795   -70.67729    0.00000    0.00000    3288       1
    3289   4.796   -70.67729    0.00000    0.00000    3289       2
    3290   4.797   -70.67729    0.00000    0.00000    3290       7
    3291   4.797   -70.67729    0.00000    0.00000    3291       1
    3292   4.797   -70.67729    0.00000    0.00000    3292       8
    3293   4.797   -70.67729    0.00000    0.00000    3293       1
    3294   4.800   -70.67729    0.00000    0.00000    3294       3
    3295   4.801   -70.67728    0.00000    0.00000    3295       7
    3296   4.802   -70.67728    0.00000    0.00000    3296       6
    3297   4.799   -70.67729    0.00000    0.00000    3297       2
    3298   4.802   -70.67728    0.00000    0.00000    3298       1
    3299   4.804   -70.67728    0.00000    0.00000    3299       4
    3300   4.804   -70.67728    0.00000    0.00000    3300       1
    3301   4.804   -70.67728    0.00000    0.00000    3301       1
    3302   4.804   -70.67728    0.00000    0.00000    3302       8
    3303   4.805   -70.67728    0.00000    0.00000    3303       8
    3304   4.805   -70.67728    0.00000    0.00000    3304       2
    3305   4.806   -70.67728    0.00000    0.00000    3305       1
    3306   4.805   -70.67728    0.00000    0.00000    3306      10
    3307   4.806   -70.67728    0.00000    0.00000    3307       1
    3308   4.807   -70.67728    0.00000    0.00000    3308       7
    3309   4.807   -70.67727    0.00000    0.00000    3309       1
    3310   4.807   -70.67727    0.00000    0.00000    3310       5
    3311   4.803   -70.67728    0.00000    0.00000    3311       1
    3312   4.807   -70.67727    0.00000    0.00000    3312      23
    3313   4.811   -70.67727    0.00000    0.00000    3313       3
    3314   4.811   -70.67727    0.00000    0.00000    3314       1
    3315   4.811   -70.67727    0.00000    0.00000    3315       2
    3316   4.809   -70.67727    0.00000    0.00000    3316       3
    3317   4.803   -70.67728    0.00000    0.00000    3317       4
    3318   4.812   -70.67727    0.00000    0.00000    3318       3
    3319   4.809   -70.67727    0.00000    0.00000    3319      18
    3320   4.814   -70.67726    0.00000    0.00000    3320      14
    3321   4.818   -70.67726    0.00000    0.00000    3321       5
    3322   4.820   -70.67725    0.00000    0.00000    3322       2
    3323   4.820   -70.67725    0.00000    0.00000    3323      13
    3324   4.820   -70.67725    0.00000    0.00000    3324       3
    3325   4.803   -70.67728    0.00000    0.00000    3325       4
    3326   4.776   -70.67732    0.00000    0.00000    3326       7
    3327   4.776   -70.67732    0.00000    0.00000    3327       4
    3328   4.776   -70.67732    0.00000    0.00000    3328       9
    3329   4.821   -70.67725    0.00000    0.00000    3329       3
    3330   4.821   -70.67725    0.00000    0.00000    3330       1
    3331   4.822   -70.67725    0.00000    0.00000    3331       3
    3332   4.822   -70.67725    0.00000    0.00000    3332       1
    3333   4.821   -70.67725    0.00000    0.00000    3333       1
    3334   4.822   -70.67725    0.00000    0.00000    3334       1
    3335   4.821   -70.67725    0.00000    0.00000    3335       2
    3336   4.821   -70.67725    0.00000    0.00000    3336       1
    3337   4.822   -70.67725    0.00000    0.00000    3337       1
    3338   4.821   -70.67725    0.00000    0.00000    3338       1
    3339   4.823   -70.67725    0.00000    0.00000    3339       2
    3340   4.824   -70.67725    0.00000    0.00000    3340      24
    3341   4.826   -70.67724    0.00000    0.00000    3341       8
    3342   4.812   -70.67727    0.00000    0.00000    3342       6
    3343   4.813   -70.67726    0.00000    0.00000    3343       9
    3344   4.810   -70.67727    0.00000    0.00000    3344       4
    3345   4.828   -70.67724    0.00000    0.00000    3345       4
    3346   4.829   -70.67724    0.00000    0.00000    3346       3
    3347   4.830   -70.67724    0.00000    0.00000    3347       2
    3348   4.830   -70.67724    0.00000    0.00000    3348       3
    3349   4.830   -70.67724    0.00000    0.00000    3349       1
    3350   4.828   -70.67724    0.00000    0.00000    3350      22
    3351   4.833   -70.67723    0.00000    0.00000    3351       1
    3352   4.833   -70.67723    0.00000    0.00000    3352       5
    3353   4.834   -70.67723    0.00000    0.00000    3353       4
    3354   4.821   -70.67725    0.00000    0.00000    3354       2
    3355   4.836   -70.67723    0.00000    0.00000    3355       2
    3356   4.832   -70.67723    0.00000    0.00000    3356       1
    3357   4.792   -70.67730    0.00000    0.00000    3357      13
    3358   4.836   -70.67723    0.00000    0.00000    3358       1
    3359   4.836   -70.67723    0.00000    0.00000    3359       3
    3360   4.836   -70.67723    0.00000    0.00000    3360       1
    3361   4.836   -70.67723    0.00000    0.00000    3361       1
    3362   4.836   -70.67723    0.00000    0.00000    3362       3
    3363   4.836   -70.67723    0.00000    0.00001    3363      32
    3364   4.845   -70.67721    0.00000    0.00000    3364       3
    3365   4.839   -70.67722    0.00000    0.00000    3365       4
    3366   4.845   -70.67721    0.00000    0.00000    3366       1
    3367   4.839   -70.67722    0.00000    0.00000    3367       1
    3368   4.839   -70.67722    0.00000    0.00000    3368       1
    3369   4.839   -70.67722    0.00000    0.00000    3369       8
    3370   4.846   -70.67721    0.00000    0.00000    3370      14
    3371   4.849   -70.67721    0.00000    0.00000    3371      12
    3372   4.850   -70.67721    0.00000    0.00000    3372       1
    3373   4.851   -70.67720    0.00000    0.00000    3373       1
    3374   4.851   -70.67720    0.00000    0.00000    3374      21
    3375   4.852   -70.67720    0.00000    0.00000    3375       1
    3376   4.854   -70.67720    0.00000    0.00000    3376      11
    3377   4.856   -70.67720    0.00000    0.00000    3377       7
    3378   4.856   -70.67720    0.00000    0.00000    3378       4
    3379   4.852   -70.67720    0.00000    0.00000    3379       2
    3380   4.857   -70.67720    0.00000    0.00000    3380       2
    3381   4.852   -70.67720    0.00000    0.00000    3381       4
    3382   4.857   -70.67719    0.00000    0.00000    3382       3
    3383   4.854   -70.67720    0.00000    0.00000    3383       1
    3384   4.857   -70.67719    0.00000    0.00000    3384       7
    3385   4.858   -70.67719    0.00000    0.00000    3385      14
    3386   4.858   -70.67719    0.00000    0.00000    3386       6
    3387   4.859   -70.67719    0.00000    0.00000    3387       1
    3388   4.859   -70.67719    0.00000    0.00000    3388      12
    3389   4.861   -70.67719    0.00000    0.00000    3389       2
    3390   4.860   -70.67719    0.00000    0.00000    3390       4
    3391   4.859   -70.67719    0.00000    0.00000    3391       2
    3392   4.861   -70.67719    0.00000    0.00000    3392       7
    3393   4.863   -70.67719    0.00000    0.00000    3393       1
    3394   4.861   -70.67719    0.00000    0.00000    3394       4
    3395   4.856   -70.67720    0.00000    0.00000    3395       4
    3396   4.863   -70.67719    0.00000    0.00000    3396       1
    3397   4.863   -70.67719    0.00000    0.00000    3397       2
    3398   4.863   -70.67719    0.00000    0.00001    3398      34
    3399   4.867   -70.67718    0.00000    0.00000    3399       7
    3400   4.868   -70.67718    0.00000    0.00000    3400       1
    3401   4.872   -70.67717    0.00000    0.00000    3401       4
    3402   4.872   -70.67717    0.00000    0.00000    3402       1
    3403   4.872   -70.67717    0.00000    0.00000    3403       1
    3404   4.873   -70.67717    0.00000    0.00000    3404       1
    3405   4.873   -70.67717    0.00000    0.00000    3405       2
    3406   4.874   -70.67717    0.00000    0.00000    3406       8
    3407   4.874   -70.67717    0.00000    0.00000    3407      10
    3408   4.877   -70.67716    0.00000    0.00000    3408       4
    3409   4.877   -70.67716    0.00000    0.00000    3409       5
    3410   4.877   -70.67716    0.00000    0.00000    3410       1
    3411   4.877   -70.67716    0.00000    0.00000    3411       2
    3412   4.877   -70.67716    0.00000    0.00000    3412       3
    3413   4.877   -70.67716    0.00000    0.00000    3413      20
    3414   4.882   -70.67715    0.00000    0.00000    3414       1
    3415   4.882   -70.67715    0.00000    0.00000    3415       1
    3416   4.882   -70.67715    0.00000    0.00000    3416       2
    3417   4.856   -70.67720    0.00000    0.00000    3417       1
    3418   4.882   -70.67715    0.00000    0.00000    3418       9
    3419   4.882   -70.67715    0.00000    0.00001    3419      32
    3420   4.884   -70.67715    0.00000    0.00000    3420       1
    3421   4.886   -70.67715    0.00000    0.00000    3421       1
    3422   4.886   -70.67715    0.00000    0.00000    3422       4
    3423   4.885   -70.67715    0.00000    0.00000    3423       9
    3424   4.887   -70.67715    0.00000    0.00000    3424       7
    3425   4.888   -70.67715    0.00000    0.00000    3425       1
    3426   4.877   -70.67716    0.00000    0.00000    3426       1
    3427   4.888   -70.67715    0.00000    0.00000    3427      12
    3428   4.888   -70.67715    0.00000    0.00000    3428       7
    3429   4.882   -70.67715    0.00000    0.00000    3429       1
    3430   4.889   -70.67714    0.00000    0.00000    3430       1
    3431   4.889   -70.67714    0.00000    0.00000    3431       9
    3432   4.890   -70.67714    0.00000    0.00000    3432       7
    3433   4.890   -70.67714    0.00000    0.00000    3433      12
    3434   4.891   -70.67714    0.00000    0.00000    3434      17
    3435   4.891   -70.67714    0.00000    0.00000    3435       1
    3436   4.890   -70.67714    0.00000    0.00000    3436       1
    3437   4.892   -70.67714    0.00000    0.00000    3437       2
    3438   4.892   -70.67714    0.00000    0.00000    3438       1
    3439   4.892   -70.67714    0.00000    0.00000    3439       4
    3440   4.893   -70.67714    0.00000    0.00000    3440       6
    3441   4.893   -70.67714    0.00000    0.00000    3441       6
    3442   4.894   -70.67714    0.00000    0.00000    3442       2
    3443   4.894   -70.67714    0.00000    0.00000    3443       6
    3444   4.886   -70.67715    0.00000    0.00000    3444       1
    3445   4.892   -70.67714    0.00000    0.00000    3445       2
    3446   4.896   -70.67713    0.00000    0.00000    3446       5
    3447   4.900   -70.67713    0.00000    0.00000    3447       1
    3448   4.901   -70.67713    0.00000    0.00000    3448       2
    3449   4.902   -70.67712    0.00000    0.00000    3449       5
    3450   4.902   -70.67712    0.00000    0.00000    3450       8
    3451   4.875   -70.67717    0.00000    0.00000    3451       3
    3452   4.904   -70.67712    0.00000    0.00000    3452       1
    3453   4.903   -70.67712    0.00000    0.00000    3453       4
    3454   4.905   -70.67712    0.00000    0.00000    3454       5
    3455   4.905   -70.67712    0.00000    0.00000    3455      20
    3456   4.906   -70.67712    0.00000    0.00000    3456      10
    3457   4.908   -70.67711    0.00000    0.00000    3457       1
    3458   4.906   -70.67712    0.00000    0.00000    3458       3
    3459   4.908   -70.67711    0.00000    0.00000    3459       1
    3460   4.908   -70.67711    0.00000    0.00000    3460       3
    3461   4.908   -70.67711    0.00000    0.00000    3461       4
    3462   4.909   -70.67711    0.00000    0.00000    3462      11
    3463   4.911   -70.67711    0.00000    0.00000    3463       1
    3464   4.912   -70.67711    0.00000    0.00000    3464       1
    3465   4.912   -70.67711    0.00000    0.00000    3465       1
    3466   4.914   -70.67710    0.00000    0.00000    3466       2
    3467   4.908   -70.67711    0.00000    0.00000    3467       3
    3468   4.916   -70.67710    0.00000    0.00000    3468       1
    3469   4.916   -70.67710    0.00000    0.00000    3469       1
    3470   4.916   -70.67710    0.00000    0.00000    3470       1
    3471   4.916   -70.67710    0.00000    0.00000    3471       1
    3472   4.917   -70.67710    0.00000    0.00000    3472      22
    3473   4.917   -70.67710    0.00000    0.00000    3473       8
    3474   4.918   -70.67710    0.00000    0.00000    3474       1
    3475   4.921   -70.67709    0.00000    0.00000    3475       1
    3476   4.922   -70.67709    0.00000    0.00000    3476       5
    3477   4.918   -70.67710    0.00000    0.00000    3477       3
    3478   4.925   -70.67709    0.00000    0.00000    3478       7
    3479   4.926   -70.67709    0.00000    0.00000    3479       1
    3480   4.925   -70.67709    0.00000    0.00000    3480       9
    3481   4.927   -70.67708    0.00000    0.00000    3481       4
    3482   4.929   -70.67708    0.00000    0.00000    3482      10
    3483   4.930   -70.67708    0.00000    0.00000    3483       4
    3484   4.930   -70.67708    0.00000    0.00000    3484       7
    3485   4.931   -70.67708    0.00000    0.00000    3485       5
    3486   4.931   -70.67708    0.00000    0.00000    3486       2
    3487   4.932   -70.67708    0.00000    0.00000    3487       1
    3488   4.932   -70.67708    0.00000    0.00000    3488       4
    3489   4.926   -70.67709    0.00000    0.00000    3489       8
    3490   4.934   -70.67707    0.00000    0.00000    3490      12
    3491   4.934   -70.67707    0.00000    0.00000    3491       7
    3492   4.937   -70.67707    0.00000    0.00000    3492       1
    3493   4.937   -70.67707    0.00000    0.00000    3493       1
    3494   4.937   -70.67707    0.00000    0.00000    3494       2
    3495   4.937   -70.67707    0.00000    0.00000    3495      14
    3496   4.939   -70.67706    0.00000    0.00000    3496       3
    3497   4.944   -70.67706    0.00000    0.00000    3497       1
    3498   4.943   -70.67706    0.00000    0.00000    3498      10
    3499   4.945   -70.67705    0.00000    0.00000    3499       2
    3500   4.940   -70.67706    0.00000    0.00000    3500       1
    3501   4.946   -70.67705    0.00000    0.00000    3501       5
    3502   4.930   -70.67708    0.00000    0.00000    3502       3
    3503   4.946   -70.67705    0.00000    0.00000    3503       1
    3504   4.947   -70.67705    0.00000    0.00000    3504       1
    3505   4.947   -70.67705    0.00000    0.00000    3505       1
    3506   4.947   -70.67705    0.00000    0.00000    3506       1
    3507   4.947   -70.67705    0.00000    0.00000    3507       2
    3508   4.947   -70.67705    0.00000    0.00000    3508       1
    3509   4.947   -70.67705    0.00000    0.00000    3509       1
    3510   4.947   -70.67705    0.00000    0.00000    3510       6
    3511   4.948   -70.67705    0.00000    0.00000    3511       8
    3512   4.948   -70.67705    0.00000    0.00000    3512       1
    3513   4.948   -70.67705    0.00000    0.00000    3513      16
    3514   4.949   -70.67705    0.00000    0.00000    3514      33
    3515   4.952   -70.67704    0.00000    0.00000    3515       3
    3516   4.956   -70.67704    0.00000    0.00000    3516       2
    3517   4.956   -70.67704    0.00000    0.00000    3517       1
    3518   4.951   -70.67705    0.00000    0.00000    3518       3
    3519   4.947   -70.67705    0.00000    0.00000    3519       2
    3520   4.958   -70.67703    0.00000    0.00000    3520       4
    3521   4.954   -70.67704    0.00000    0.00000    3521       1
    3522   4.958   -70.67703    0.00000    0.00000    3522       7
    3523   4.960   -70.67703    0.00000    0.00000    3523       3
    3524   4.960   -70.67703    0.00000    0.00000    3524       1
    3525   4.960   -70.67703    0.00000    0.00000    3525       2
    3526   4.961   -70.67703    0.00000    0.00000    3526       2
    3527   4.961   -70.67703    0.00000    0.00000    3527       6
    3528   4.961   -70.67703    0.00000    0.00000    3528       1
    3529   4.956   -70.67704    0.00000    0.00000    3529       2
    3530   4.961   -70.67703    0.00000    0.00000    3530       9
    3531   4.963   -70.67703    0.00000    0.00000    3531       1
    3532   4.963   -70.67703    0.00000    0.00000    3532       1
    3533   4.961   -70.67703    0.00000    0.00000    3533       3
    3534   4.925   -70.67709    0.00000    0.00000    3534       2
    3535   4.963   -70.67703    0.00000    0.00000    3535       4
    3536   4.963   -70.67703    0.00000    0.00000    3536       6
    3537   4.964   -70.67702    0.00000    0.00000    3537       1
    3538   4.964   -70.67702    0.00000    0.00000    3538       2
    3539   4.965   -70.67702    0.00000    0.00000    3539       6
    3540   4.966   -70.67702    0.00000    0.00000    3540       1
    3541   4.966   -70.67702    0.00000    0.00000    3541       1
    3542   4.961   -70.67703    0.00000    0.00000    3542       6
    3543   4.967   -70.67702    0.00000    0.00000    3543       3
    3544   4.967   -70.67702    0.00000    0.00000    3544       4
    3545   4.967   -70.67702    0.00000    0.00000    3545       1
    3546   4.968   -70.67702    0.00000    0.00000    3546      11
    3547   4.968   -70.67702    0.00000    0.00000    3547       1
    3548   4.968   -70.67702    0.00000    0.00000    3548      10
    3549   4.970   -70.67702    0.00000    0.00000    3549       4
    3550   4.969   -70.67702    0.00000    0.00000    3550      25
    3551   4.973   -70.67701    0.00000    0.00000    3551       2
    3552   4.973   -70.67701    0.00000    0.00000    3552       1
    3553   4.967   -70.67702    0.00000    0.00000    3553       2
    3554   4.971   -70.67701    0.00000    0.00000    3554      16
    3555   4.975   -70.67701    0.00000    0.00000    3555       1
    3556   4.968   -70.67702    0.00000    0.00000    3556       7
    3557   4.975   -70.67701    0.00000    0.00000    3557       1
    3558   4.967   -70.67702    0.00000    0.00000    3558       1
    3559   4.975   -70.67701    0.00000    0.00000    3559       2
    3560   4.975   -70.67701    0.00000    0.00000    3560       2
    3561   4.975   -70.67701    0.00000    0.00000    3561       6
    3562   4.976   -70.67701    0.00000    0.00000    3562       1
    3563   4.976   -70.67700    0.00000    0.00000    3563       5
    3564   4.975   -70.67701    0.00000    0.00000    3564      24
    3565   4.981   -70.67700    0.00000    0.00000    3565       2
    3566   4.981   -70.67700    0.00000    0.00000    3566       3
    3567   4.981   -70.67700    0.00000    0.00000    3567       2
    3568   4.981   -70.67700    0.00000    0.00000    3568       2
    3569   4.981   -70.67700    0.00000    0.00000    3569       2
    3570   4.982   -70.67700    0.00000    0.00000    3570       2
    3571   4.982   -70.67700    0.00000    0.00000    3571       9
    3572   4.983   -70.67699    0.00000    0.00000    3572       7
    3573   4.983   -70.67699    0.00000    0.00000    3573      10
    3574   4.987   -70.67699    0.00000    0.00000    3574       7
    3575   4.986   -70.67699    0.00000    0.00000    3575       8
    3576   4.991   -70.67698    0.00000    0.00000    3576       2
    3577   4.991   -70.67698    0.00000    0.00000    3577       2
    3578   4.991   -70.67698    0.00000    0.00000    3578       2
    3579   4.992   -70.67698    0.00000    0.00000    3579       1
    3580   4.992   -70.67698    0.00000    0.00000    3580       8
    3581   4.990   -70.67698    0.00000    0.00000    3581       2
    3582   4.992   -70.67698    0.00000    0.00000    3582       3
    3583   4.993   -70.67698    0.00000    0.00000    3583       3
    3584   4.994   -70.67698    0.00000    0.00000    3584      17
    3585   4.997   -70.67697    0.00000    0.00000    3585       2
    3586   4.993   -70.67698    0.00000    0.00000    3586       4
    3587   4.996   -70.67697    0.00000    0.00000    3587       3
    3588   4.996   -70.67697    0.00000    0.00000    3588       6
    3589   4.967   -70.67702    0.00000    0.00000    3589       6
    3590   4.997   -70.67697    0.00000    0.00000    3590       2
    3591   4.998   -70.67697    0.00000    0.00000    3591       3
    3592   4.998   -70.67697    0.00000    0.00000    3592       1
    3593   4.998   -70.67697    0.00000    0.00000    3593       2
    3594   5.000   -70.67697    0.00000    0.00000    3594       1
    3595   5.000   -70.67697    0.00000    0.00000    3595       2
    3596   5.000   -70.67697    0.00000    0.00000    3596      19
    3597   5.003   -70.67696    0.00000    0.00000    3597       1
    3598   5.004   -70.67696    0.00000    0.00000    3598       1
    3599   5.003   -70.67696    0.00000    0.00000    3599       1
    3600   5.004   -70.67696    0.00000    0.00000    3600       2
    3601   5.004   -70.67696    0.00000    0.00000    3601       1
    3602   5.004   -70.67696    0.00000    0.00000    3602       3
    3603   5.004   -70.67696    0.00000    0.00000    3603       1
    3604   5.001   -70.67697    0.00000    0.00000    3604       2
    3605   5.003   -70.67696    0.00000    0.00000    3605      10
    3606   5.008   -70.67695    0.00000    0.00000    3606       1
    3607   4.962   -70.67703    0.00000    0.00000    3607       2
    3608   4.963   -70.67703    0.00000    0.00000    3608       1
    3609   4.996   -70.67697    0.00000    0.00000    3609       8
    3610   5.009   -70.67695    0.00000    0.00000    3610       1
    3611   5.009   -70.67695    0.00000    0.00000    3611       7
    3612   5.010   -70.67695    0.00000    0.00000    3612       1
    3613   5.010   -70.67695    0.00000    0.00000    3613      10
    3614   5.011   -70.67695    0.00000    0.00000    3614      11
    3615   5.013   -70.67695    0.00000    0.00000    3615       4
    3616   5.015   -70.67694    0.00000    0.00000    3616       1
    3617   4.993   -70.67698    0.00000    0.00000    3617       5
    3618   5.016   -70.67694    0.00000    0.00000    3618       1
    3619   5.016   -70.67694    0.00000    0.00000    3619       1
    3620   5.017   -70.67694    0.00000    0.00000    3620       1
    3621   5.017   -70.67694    0.00000    0.00000    3621       4
    3622   5.018   -70.67694    0.00000    0.00000    3622       3
    3623   5.018   -70.67694    0.00000    0.00000    3623       4
    3624   5.018   -70.67694    0.00000    0.00000    3624      11
    3625   5.020   -70.67694    0.00000    0.00000    3625      18
    3626   5.023   -70.67693    0.00000    0.00000    3626       4
    3627   5.022   -70.67693    0.00000    0.00000    3627       6
    3628   5.023   -70.67693    0.00000    0.00000    3628       1
    3629   5.023   -70.67693    0.00000    0.00000    3629       1
    3630   5.023   -70.67693    0.00000    0.00000    3630       2
    3631   5.023   -70.67693    0.00000    0.00000    3631       2
    3632   5.024   -70.67693    0.00000    0.00000    3632       1
    3633   5.024   -70.67693    0.00000    0.00000    3633       8
    3634   5.025   -70.67693    0.00000    0.00000    3634       2
    3635   5.025   -70.67693    0.00000    0.00000    3635       2
    3636   5.025   -70.67693    0.00000    0.00000    3636       6
    3637   5.027   -70.67692    0.00000    0.00000    3637       6
    3638   5.023   -70.67693    0.00000    0.00000    3638       5
    3639   5.026   -70.67693    0.00000    0.00000    3639       1
    3640   5.028   -70.67692    0.00000    0.00000    3640       1
    3641   5.028   -70.67692    0.00000    0.00000    3641       4
    3642   5.029   -70.67692    0.00000    0.00000    3642       3
    3643   5.030   -70.67692    0.00000    0.00000    3643       1
    3644   5.031   -70.67692    0.00000    0.00000    3644       7
    3645   5.032   -70.67692    0.00000    0.00000    3645       4
    3646   5.033   -70.67691    0.00000    0.00000    3646       2
    3647   5.034   -70.67691    0.00000    0.00000    3647       1
    3648   5.034   -70.67691    0.00000    0.00000    3648       1
    3649   5.034   -70.67691    0.00000    0.00000    3649       2
    3650   5.036   -70.67691    0.00000    0.00000    3650       1
    3651   5.036   -70.67691    0.00000    0.00000    3651       1
    3652   5.036   -70.67691    0.00000    0.00000    3652      10
    3653   5.038   -70.67691    0.00000    0.00000    3653       1
    3654   5.038   -70.67691    0.00000    0.00000    3654       5
    3655   5.038   -70.67691    0.00000    0.00000    3655       6
    3656   5.020   -70.67693    0.00000    0.00000    3656       2
    3657   5.040   -70.67690    0.00000    0.00000    3657       1
    3658   5.040   -70.67690    0.00000    0.00000    3658       1
    3659   5.039   -70.67690    0.00000    0.00000    3659       7
    3660   5.041   -70.67690    0.00000    0.00000    3660       6
    3661   5.020   -70.67693    0.00000    0.00000    3661       2
    3662   5.045   -70.67690    0.00000    0.00000    3662      15
    3663   5.040   -70.67690    0.00000    0.00000    3663       2
    3664   5.037   -70.67691    0.00000    0.00000    3664       1
    3665   5.047   -70.67689    0.00000    0.00000    3665       7
    3666   5.048   -70.67689    0.00000    0.00000    3666       3
    3667   5.048   -70.67689    0.00000    0.00000    3667       5
    3668   5.048   -70.67689    0.00000    0.00000    3668       2
    3669   5.048   -70.67689    0.00000    0.00000    3669       2
    3670   5.048   -70.67689    0.00000    0.00000    3670       4
    3671   5.048   -70.67689    0.00000    0.00000    3671       1
    3672   5.048   -70.67689    0.00000    0.00000    3672      20
    3673   5.052   -70.67688    0.00000    0.00000    3673       1
    3674   5.051   -70.67689    0.00000    0.00000    3674       1
    3675   5.053   -70.67688    0.00000    0.00000    3675       1
    3676   5.052   -70.67688    0.00000    0.00000    3676       1
    3677   5.053   -70.67688    0.00000    0.00000    3677       1
    3678   5.053   -70.67688    0.00000    0.00000    3678       4
    3679   5.050   -70.67689    0.00000    0.00000    3679       4
    3680   5.054   -70.67688    0.00000    0.00000    3680       1
    3681   5.054   -70.67688    0.00000    0.00000    3681       1
    3682   5.054   -70.67688    0.00000    0.00000    3682       3
    3683   5.056   -70.67688    0.00000    0.00000    3683       4
    3684   5.057   -70.67688    0.00000    0.00000    3684       1
    3685   5.057   -70.67688    0.00000    0.00000    3685       2
    3686   5.037   -70.67691    0.00000    0.00000    3686      12
    3687   5.057   -70.67688    0.00000    0.00000    3687       5
    3688   5.057   -70.67688    0.00000    0.00000    3688      21
    3689   5.058   -70.67687    0.00000    0.00000    3689      26
    3690   5.062   -70.67687    0.00000    0.00000    3690       1
    3691   5.062   -70.67687    0.00000    0.00000    3691       4
    3692   5.062   -70.67687    0.00000    0.00000    3692       4
    3693   5.059   -70.67687    0.00000    0.00000    3693       6
    3694   5.062   -70.67687    0.00000    0.00000    3694       3
    3695   5.062   -70.67687    0.00000    0.00000    3695       1
    3696   5.057   -70.67688    0.00000    0.00000    3696       1
    3697   5.062   -70.67687    0.00000    0.00000    3697       4
    3698   5.063   -70.67687    0.00000    0.00000    3698       1
    3699   5.063   -70.67687    0.00000    0.00000    3699       2
    3700   5.063   -70.67687    0.00000    0.00000    3700      20
    3701   5.068   -70.67686    0.00000    0.00000    3701       5
    3702   5.042   -70.67690    0.00000    0.00000    3702       5
    3703   5.042   -70.67690    0.00000    0.00000    3703       6
    3704   5.058   -70.67688    0.00000    0.00000    3704       5
    3705   5.069   -70.67686    0.00000    0.00000    3705       4
    3706   5.071   -70.67685    0.00000    0.00000    3706       5
    3707   5.072   -70.67685    0.00000    0.00000    3707       1
    3708   5.072   -70.67685    0.00000    0.00000    3708       4
    3709   5.072   -70.67685    0.00000    0.00000    3709       1
    3710   5.072   -70.67685    0.00000    0.00000    3710       1
    3711   5.072   -70.67685    0.00000    0.00000    3711       4
    3712   5.072   -70.67685    0.00000    0.00000    3712       2
    3713   5.072   -70.67685    0.00000    0.00000    3713      14
    3714   5.074   -70.67685    0.00000    0.00000    3714       1
    3715   5.074   -70.67685    0.00000    0.00000    3715       3
    3716   5.074   -70.67685    0.00000    0.00000    3716       1
    3717   5.075   -70.67685    0.00000    0.00000    3717       1
    3718   5.075   -70.67685    0.00000    0.00000    3718      14
    3719   5.077   -70.67685    0.00000    0.00000    3719       1
    3720   5.077   -70.67684    0.00000    0.00000    3720       3
    3721   5.077   -70.67684    0.00000    0.00000    3721       3
    3722   5.075   -70.67685    0.00000    0.00000    3722       1
    3723   5.078   -70.67684    0.00000    0.00000    3723       7
    3724   5.075   -70.67685    0.00000    0.00000    3724       1
    3725   5.078   -70.67684    0.00000    0.00000    3725       2
    3726   5.081   -70.67684    0.00000    0.00000    3726       1
    3727   5.081   -70.67684    0.00000    0.00000    3727       2
    3728   5.081   -70.67684    0.00000    0.00000    3728      13
    3729   5.082   -70.67684    0.00000    0.00000    3729       8
    3730   5.085   -70.67683    0.00000    0.00000    3730       3
    3731   5.083   -70.67683    0.00000    0.00000    3731       1
    3732   5.084   -70.67683    0.00000    0.00000    3732       4
    3733   5.085   -70.67683    0.00000    0.00000    3733       5
    3734   5.084   -70.67683    0.00000    0.00000    3734       2
    3735   5.084   -70.67683    0.00000    0.00000    3735      16
    3736   5.088   -70.67683    0.00000    0.00000    3736       2
    3737   5.088   -70.67683    0.00000    0.00000    3737       2
    3738   5.088   -70.67683    0.00000    0.00000    3738       1
    3739   5.089   -70.67683    0.00000    0.00000    3739       9
    3740   5.090   -70.67682    0.00000    0.00000    3740       5
    3741   5.076   -70.67685    0.00000    0.00000    3741       1
    3742   5.090   -70.67682    0.00000    0.00000    3742       5
    3743   5.091   -70.67682    0.00000    0.00000    3743       1
    3744   5.082   -70.67684    0.00000    0.00000    3744       2
    3745   5.091   -70.67682    0.00000    0.00000    3745       9
    3746   5.092   -70.67682    0.00000    0.00000    3746       8
    3747   5.078   -70.67684    0.00000    0.00000    3747       1
    3748   5.079   -70.67684    0.00000    0.00000    3748       5
    3749   5.079   -70.67684    0.00000    0.00000    3749       2
    3750   5.080   -70.67684    0.00000    0.00000    3750       1
    3751   5.093   -70.67682    0.00000    0.00000    3751       9
    3752   5.096   -70.67681    0.00000    0.00000    3752      14
    3753   5.098   -70.67681    0.00000    0.00000    3753       1
    3754   5.098   -70.67681    0.00000    0.00000    3754       1
    3755   5.098   -70.67681    0.00000    0.00000    3755       6
    3756   5.095   -70.67682    0.00000    0.00000    3756       4
    3757   5.099   -70.67681    0.00000    0.00000    3757       4
    3758   5.084   -70.67683    0.00000    0.00000    3758       4
    3759   5.085   -70.67683    0.00000    0.00000    3759      10
    3760   5.101   -70.67681    0.00000    0.00000    3760       3
    3761   5.099   -70.67681    0.00000    0.00000    3761       2
    3762   5.100   -70.67681    0.00000    0.00000    3762       1
    3763   5.100   -70.67681    0.00000    0.00000    3763      10
    3764   5.100   -70.67681    0.00000    0.00000    3764       4
    3765   5.103   -70.67680    0.00000    0.00000    3765       2
    3766   5.103   -70.67680    0.00000    0.00000    3766       4
    3767   5.103   -70.67680    0.00000    0.00000    3767       2
    3768   5.105   -70.67680    0.00000    0.00000    3768       4
    3769   5.106   -70.67680    0.00000    0.00000    3769       3
    3770   5.101   -70.67681    0.00000    0.00000    3770       3
    3771   5.107   -70.67680    0.00000    0.00000    3771       8
    3772   5.108   -70.67680    0.00000    0.00000    3772       2
    3773   5.108   -70.67679    0.00000    0.00000    3773       1
    3774   5.097   -70.67681    0.00000    0.00000    3774       1
    3775   5.108   -70.67679    0.00000    0.00000    3775       1
    3776   5.102   -70.67680    0.00000    0.00000    3776       1
    3777   5.064   -70.67687    0.00000    0.00000    3777      10
    3778   5.110   -70.67679    0.00000    0.00000    3778       1
    3779   5.109   -70.67679    0.00000    0.00000    3779       1
    3780   5.110   -70.67679    0.00000    0.00000    3780       1
    3781   5.108   -70.67680    0.00000    0.00000    3781       3
    3782   5.110   -70.67679    0.00000    0.00000    3782       1
    3783   5.110   -70.67679    0.00000    0.00000    3783       3
    3784   5.110   -70.67679    0.00000    0.00000    3784       8
    3785   5.111   -70.67679    0.00000    0.00000    3785       4
    3786   5.113   -70.67679    0.00000    0.00000    3786      15
    3787   5.120   -70.67678    0.00000    0.00000    3787       1
    3788   5.120   -70.67678    0.00000    0.00000    3788       4
    3789   5.121   -70.67677    0.00000    0.00000    3789      10
    3790   5.124   -70.67677    0.00000    0.00000    3790       8
    3791   5.124   -70.67677    0.00000    0.00000    3791       1
    3792   5.124   -70.67677    0.00000    0.00000    3792       1
    3793   5.124   -70.67677    0.00000    0.00000    3793       1
    3794   5.086   -70.67683    0.00000    0.00000    3794      13
    3795   5.129   -70.67676    0.00000    0.00000    3795       1
    3796   5.129   -70.67676    0.00000    0.00000    3796       2
    3797   5.130   -70.67676    0.00000    0.00000    3797       4
    3798   5.130   -70.67676    0.00000    0.00000    3798       4
    3799   5.132   -70.67676    0.00000    0.00000    3799       7
    3800   5.128   -70.67676    0.00000    0.00000    3800       2
    3801   5.132   -70.67676    0.00000    0.00000    3801       1
    3802   5.131   -70.67676    0.00000    0.00000    3802       1
    3803   5.132   -70.67676    0.00000    0.00000    3803       1
    3804   5.132   -70.67676    0.00000    0.00000    3804       4
    3805   5.132   -70.67676    0.00000    0.00000    3805       5
    3806   5.134   -70.67675    0.00000    0.00000    3806       3
    3807   5.134   -70.67675    0.00000    0.00000    3807       1
    3808   5.135   -70.67675    0.00000    0.00000    3808       1
    3809   5.132   -70.67676    0.00000    0.00000    3809       5
    3810   5.135   -70.67675    0.00000    0.00000    3810       3
    3811   5.135   -70.67675    0.00000    0.00000    3811       8
    3812   5.136   -70.67675    0.00000    0.00000    3812       5
    3813   5.138   -70.67675    0.00000    0.00000    3813       4
    3814   5.139   -70.67675    0.00000    0.00000    3814       1
    3815   5.140   -70.67674    0.00000    0.00000    3815       5
    3816   5.140   -70.67674    0.00000    0.00000    3816       3
    3817   5.140   -70.67674    0.00000    0.00000    3817       7
    3818   5.136   -70.67675    0.00000    0.00000    3818       2
    3819   5.142   -70.67674    0.00000    0.00000    3819      25
    3820   5.138   -70.67675    0.00000    0.00000    3820       4
    3821   5.142   -70.67674    0.00000    0.00000    3821       2
    3822   5.143   -70.67674    0.00000    0.00000    3822      10
    3823   5.141   -70.67674    0.00000    0.00000    3823       2
    3824   5.145   -70.67674    0.00000    0.00000    3824       4
    3825   5.145   -70.67674    0.00000    0.00000    3825       7
    3826   5.145   -70.67674    0.00000    0.00000    3826       2
    3827   5.145   -70.67674    0.00000    0.00000    3827       8
    3828   5.145   -70.67674    0.00000    0.00000    3828       3
    3829   5.145   -70.67674    0.00000    0.00000    3829       3
    3830   5.146   -70.67674    0.00000    0.00000    3830      34
    3831   5.150   -70.67673    0.00000    0.00000    3831       1
    3832   5.147   -70.67673    0.00000    0.00000    3832       9
    3833   5.150   -70.67673    0.00000    0.00000    3833      34
    3834   5.150   -70.67673    0.00000    0.00000    3834       1
    3835   5.150   -70.67673    0.00000    0.00000    3835       1
    3836   5.151   -70.67673    0.00000    0.00000    3836      10
    3837   5.151   -70.67673    0.00000    0.00000    3837       3
    3838   5.151   -70.67673    0.00000    0.00000    3838       5
    3839   5.151   -70.67673    0.00000    0.00000    3839      13
    3840   5.151   -70.67673    0.00000    0.00000    3840      24
    3841   5.154   -70.67672    0.00000    0.00000    3841       3
    3842   5.149   -70.67673    0.00000    0.00000    3842       3
    3843   5.157   -70.67672    0.00000    0.00000    3843       1
    3844   5.156   -70.67672    0.00000    0.00000    3844       1
    3845   5.150   -70.67673    0.00000    0.00000    3845       1
    3846   5.155   -70.67672    0.00000    0.00000    3846       2
    3847   5.157   -70.67672    0.00000    0.00000    3847      10
    3848   5.153   -70.67672    0.00000    0.00000    3848       2
    3849   5.158   -70.67672    0.00000    0.00000    3849       2
    3850   5.159   -70.67671    0.00000    0.00000    3850       1
    3851   5.159   -70.67671    0.00000    0.00000    3851       3
    3852   5.159   -70.67671    0.00000    0.00000    3852       1
    3853   5.157   -70.67672    0.00000    0.00000    3853       1
    3854   5.159   -70.67671    0.00000    0.00000    3854       2
    3855   5.160   -70.67671    0.00000    0.00000    3855       1
    3856   5.142   -70.67674    0.00000    0.00000    3856       5
    3857   5.160   -70.67671    0.00000    0.00000    3857       1
    3858   5.157   -70.67672    0.00000    0.00000    3858       1
    3859   5.161   -70.67671    0.00000    0.00000    3859       2
    3860   5.162   -70.67671    0.00000    0.00000    3860       2
    3861   5.163   -70.67671    0.00000    0.00000    3861       1
    3862   5.163   -70.67671    0.00000    0.00000    3862       1
    3863   5.163   -70.67671    0.00000    0.00000    3863       2
    3864   5.163   -70.67671    0.00000    0.00000    3864       5
    3865   5.164   -70.67671    0.00000    0.00000    3865       5
    3866   5.163   -70.67671    0.00000    0.00000    3866       1
    3867   5.168   -70.67670    0.00000    0.00000    3867       1
    3868   5.169   -70.67670    0.00000    0.00000    3868       4
    3869   5.169   -70.67670    0.00000    0.00000    3869       2
    3870   5.169   -70.67670    0.00000    0.00000    3870       2
    3871   5.169   -70.67670    0.00000    0.00000    3871       2
    3872   5.169   -70.67670    0.00000    0.00000    3872       1
    3873   5.169   -70.67670    0.00000    0.00000    3873       1
    3874   5.170   -70.67670    0.00000    0.00000    3874       9
    3875   5.170   -70.67670    0.00000    0.00000    3875       7
    3876   5.172   -70.67669    0.00000    0.00000    3876       2
    3877   5.170   -70.67670    0.00000    0.00000    3877       4
    3878   5.143   -70.67674    0.00000    0.00000    3878       6
    3879   5.172   -70.67669    0.00000    0.00000    3879       5
    3880   5.172   -70.67669    0.00000    0.00000    3880       1
    3881   5.173   -70.67669    0.00000    0.00000    3881       1
    3882   5.173   -70.67669    0.00000    0.00000    3882       8
    3883   5.175   -70.67669    0.00000    0.00000    3883       1
    3884   5.147   -70.67673    0.00000    0.00000    3884       6
    3885   5.177   -70.67669    0.00000    0.00000    3885       7
    3886   5.178   -70.67668    0.00000    0.00000    3886       2
    3887   5.179   -70.67668    0.00000    0.00000    3887       1
    3888   5.179   -70.67668    0.00000    0.00000    3888       1
    3889   5.179   -70.67668    0.00000    0.00000    3889       1
    3890   5.179   -70.67668    0.00000    0.00000    3890       2
    3891   5.169   -70.67670    0.00000    0.00000    3891       3
    3892   5.181   -70.67668    0.00000    0.00000    3892       3
    3893   5.179   -70.67668    0.00000    0.00000    3893       1
    3894   5.170   -70.67670    0.00000    0.00000    3894       1
    3895   5.181   -70.67668    0.00000    0.00000    3895       1
    3896   5.181   -70.67668    0.00000    0.00000    3896       3
    3897   5.181   -70.67668    0.00000    0.00000    3897      10
    3898   5.184   -70.67667    0.00000    0.00000    3898       1
    3899   5.185   -70.67667    0.00000    0.00000    3899       2
    3900   5.184   -70.67667    0.00000    0.00000    3900       7
    3901   5.186   -70.67667    0.00000    0.00000    3901       8
    3902   5.186   -70.67667    0.00000    0.00000    3902       1
    3903   5.186   -70.67667    0.00000    0.00000    3903      12
    3904   5.187   -70.67667    0.00000    0.00000    3904      16
    3905   5.189   -70.67667    0.00000    0.00000    3905       3
    3906   5.186   -70.67667    0.00000    0.00000    3906      11
    3907   5.191   -70.67666    0.00000    0.00000    3907       3
    3908   5.183   -70.67668    0.00000    0.00000    3908       1
    3909   5.186   -70.67667    0.00000    0.00000    3909       1
    3910   5.163   -70.67671    0.00000    0.00000    3910       3
    3911   5.192   -70.67666    0.00000    0.00000    3911       1
    3912   5.192   -70.67666    0.00000    0.00000    3912       3
    3913   5.192   -70.67666    0.00000    0.00000    3913       1
    3914   5.192   -70.67666    0.00000    0.00000    3914       5
    3915   5.193   -70.67666    0.00000    0.00000    3915       3
    3916   5.193   -70.67666    0.00000    0.00000    3916       8
    3917   5.194   -70.67666    0.00000    0.00000    3917       1
    3918   5.195   -70.67666    0.00000    0.00000    3918       1
    3919   5.193   -70.67666    0.00000    0.00000    3919       9
    3920   5.196   -70.67666    0.00000    0.00000    3920       1
    3921   5.196   -70.67666    0.00000    0.00000    3921       1
    3922   5.196   -70.67666    0.00000    0.00000    3922       2
    3923   5.196   -70.67665    0.00000    0.00000    3923       4
    3924   5.187   -70.67667    0.00000    0.00000    3924       8
    3925   5.190   -70.67666    0.00000    0.00000    3925       4
    3926   5.201   -70.67665    0.00000    0.00000    3926       1
    3927   5.200   -70.67665    0.00000    0.00000    3927       1
    3928   5.200   -70.67665    0.00000    0.00000    3928       1
    3929   5.186   -70.67667    0.00000    0.00000    3929       9
    3930   5.202   -70.67664    0.00000    0.00000    3930       7
    3931   5.201   -70.67665    0.00000    0.00000    3931       1
    3932   5.203   -70.67664    0.00000    0.00000    3932       7
    3933   5.205   -70.67664    0.00000    0.00000    3933       5
    3934   5.209   -70.67663    0.00000    0.00000    3934       1
    3935   5.209   -70.67663    0.00000    0.00000    3935      12
    3936   5.211   -70.67663    0.00000    0.00000    3936       2
    3937   5.212   -70.67663    0.00000    0.00000    3937       1
    3938   5.212   -70.67663    0.00000    0.00000    3938       2
    3939   5.204   -70.67664    0.00000    0.00000    3939       1
    3940   5.204   -70.67664    0.00000    0.00000    3940       6
    3941   5.214   -70.67663    0.00000    0.00000    3941       4
    3942   5.216   -70.67662    0.00000    0.00000    3942       1
    3943   5.215   -70.67662    0.00000    0.00000    3943       2
    3944   5.215   -70.67662    0.00000    0.00000    3944       3
    3945   5.178   -70.67668    0.00000    0.00000    3945       3
    3946   5.217   -70.67662    0.00000    0.00000    3946       2
    3947   5.217   -70.67662    0.00000    0.00000    3947       1
    3948   5.217   -70.67662    0.00000    0.00000    3948       6
    3949   5.216   -70.67662    0.00000    0.00000    3949       1
    3950   5.222   -70.67661    0.00000    0.00000    3950       1
    3951   5.222   -70.67661    0.00000    0.00000    3951       1
    3952   5.223   -70.67661    0.00000    0.00000    3952       1
    3953   5.223   -70.67661    0.00000    0.00000    3953       1
    3954   5.223   -70.67661    0.00000    0.00000    3954       4
    3955   5.223   -70.67661    0.00000    0.00000    3955      30
    3956   5.224   -70.67661    0.00000    0.00000    3956      12
    3957   5.229   -70.67660    0.00000    0.00000    3957       1
    3958   5.229   -70.67660    0.00000    0.00000    3958       4
    3959   5.230   -70.67660    0.00000    0.00000    3959       2
    3960   5.226   -70.67661    0.00000    0.00000    3960       1
    3961   5.226   -70.67661    0.00000    0.00000    3961       2
    3962   5.231   -70.67660    0.00000    0.00000    3962       1
    3963   5.230   -70.67660    0.00000    0.00000    3963       5
    3964   5.231   -70.67660    0.00000    0.00000    3964       3
    3965   5.232   -70.67660    0.00000    0.00000    3965       2
    3966   5.232   -70.67660    0.00000    0.00000    3966       1
    3967   5.232   -70.67660    0.00000    0.00000    3967       1
    3968   5.233   -70.67660    0.00000    0.00000    3968      15
    3969   5.235   -70.67659    0.00000    0.00000    3969       1
    3970   5.235   -70.67659    0.00000    0.00000    3970       1
    3971   5.239   -70.67659    0.00000    0.00000    3971       1
    3972   5.231   -70.67660    0.00000    0.00000    3972       1
    3973   5.239   -70.67659    0.00000    0.00000    3973       5
    3974   5.231   -70.67660    0.00000    0.00000    3974       2
    3975   5.240   -70.67659    0.00000    0.00000    3975       1
    3976   5.240   -70.67659    0.00000    0.00000    3976       3
    3977   5.240   -70.67658    0.00000    0.00000    3977       1
    3978   5.241   -70.67658    0.00000    0.00000    3978       4
    3979   5.241   -70.67658    0.00000    0.00000    3979      10
    3980   5.242   -70.67658    0.00000    0.00000    3980       9
    3981   5.243   -70.67658    0.00000    0.00000    3981       9
    3982   5.244   -70.67658    0.00000    0.00000    3982       1
    3983   5.243   -70.67658    0.00000    0.00000    3983       2
    3984   5.244   -70.67658    0.00000    0.00000    3984       9
    3985   5.245   -70.67658    0.00000    0.00000    3985       4
    3986   5.246   -70.67658    0.00000    0.00000    3986       1
    3987   5.246   -70.67658    0.00000    0.00000    3987      14
    3988   5.248   -70.67657    0.00000    0.00000    3988       2
    3989   5.248   -70.67657    0.00000    0.00000    3989       1
    3990   5.248   -70.67657    0.00000    0.00000    3990       7
    3991   5.251   -70.67657    0.00000    0.00000    3991       5
    3992   5.248   -70.67657    0.00000    0.00000    3992       9
    3993   5.252   -70.67657    0.00000    0.00000    3993       2
    3994   5.253   -70.67656    0.00000    0.00000    3994       2
    3995   5.252   -70.67657    0.00000    0.00000    3995      15
    3996   5.252   -70.67656    0.00000    0.00000    3996       7
    3997   5.253   -70.67656    0.00000    0.00000    3997       1
    3998   5.253   -70.67656    0.00000    0.00000    3998       1
    3999   5.253   -70.67656    0.00000    0.00000    3999       2
    4000   5.252   -70.67656    0.00000    0.00000    4000       9
    4001   5.253   -70.67656    0.00000    0.00000    4001      10
    4002   5.256   -70.67656    0.00000    0.00000    4002       1
    4003   5.253   -70.67656    0.00000    0.00000    4003      11
    4004   5.254   -70.67656    0.00000    0.00000    4004       5
    4005   5.258   -70.67656    0.00000    0.00000    4005       3
    4006   5.243   -70.67658    0.00000    0.00000    4006       5
    4007   5.259   -70.67656    0.00000    0.00000    4007       1
    4008   5.259   -70.67656    0.00000    0.00000    4008       1
    4009   5.260   -70.67655    0.00000    0.00000    4009       1
    4010   5.259   -70.67655    0.00000    0.00000    4010       6
    4011   5.261   -70.67655    0.00000    0.00000    4011       5
    4012   5.260   -70.67655    0.00000    0.00000    4012      10
    4013   5.262   -70.67655    0.00000    0.00000    4013       3
    4014   5.262   -70.67655    0.00000    0.00000    4014       1
    4015   5.262   -70.67655    0.00000    0.00000    4015       1
    4016   5.268   -70.67654    0.00000    0.00000    4016       3
    4017   5.262   -70.67655    0.00000    0.00000    4017      22
    4018   5.269   -70.67654    0.00000    0.00000    4018       6
    4019   5.262   -70.67655    0.00000    0.00000    4019       1
    4020   5.252   -70.67657    0.00000    0.00000    4020       2
    4021   5.269   -70.67654    0.00000    0.00000    4021       1
    4022   5.270   -70.67654    0.00000    0.00000    4022       5
    4023   5.271   -70.67654    0.00000    0.00000    4023       1
    4024   5.268   -70.67654    0.00000    0.00000    4024       1
    4025   5.271   -70.67654    0.00000    0.00000    4025       7
    4026   5.271   -70.67653    0.00000    0.00000    4026       1
    4027   5.271   -70.67653    0.00000    0.00000    4027       2
    4028   5.272   -70.67653    0.00000    0.00000    4028       1
    4029   5.262   -70.67655    0.00000    0.00000    4029      17
    4030   5.274   -70.67653    0.00000    0.00000    4030       2
    4031   5.277   -70.67653    0.00000    0.00000    4031       1
    4032   5.277   -70.67652    0.00000    0.00000    4032       1
    4033   5.278   -70.67652    0.00000    0.00000    4033       1
    4034   5.279   -70.67652    0.00000    0.00000    4034       5
    4035   5.277   -70.67653    0.00000    0.00000    4035       4
    4036   5.280   -70.67652    0.00000    0.00000    4036       4
    4037   5.274   -70.67653    0.00000    0.00000    4037       2
    4038   5.282   -70.67652    0.00000    0.00000    4038       6
    4039   5.284   -70.67651    0.00000    0.00000    4039       1
    4040   5.285   -70.67651    0.00000    0.00000    4040       1
    4041   5.282   -70.67652    0.00000    0.00000    4041       6
    4042   5.288   -70.67651    0.00000    0.00000    4042       8
    4043   5.266   -70.67654    0.00000    0.00000    4043       2
    4044   5.289   -70.67651    0.00000    0.00000    4044       1
    4045   5.289   -70.67651    0.00000    0.00000    4045       2
    4046   5.292   -70.67650    0.00000    0.00000    4046       3
    4047   5.291   -70.67650    0.00000    0.00000    4047       1
    4048   5.292   -70.67650    0.00000    0.00000    4048       1
    4049   5.293   -70.67650    0.00000    0.00000    4049       1
    4050   5.292   -70.67650    0.00000    0.00000    4050       1
    4051   5.293   -70.67650    0.00000    0.00000    4051       1
    4052   5.282   -70.67652    0.00000    0.00000    4052       6
    4053   5.294   -70.67650    0.00000    0.00000    4053       2
    4054   5.294   -70.67650    0.00000    0.00000    4054       1
    4055   5.294   -70.67650    0.00000    0.00000    4055       3
    4056   5.294   -70.67650    0.00000    0.00000    4056       4
    4057   5.294   -70.67650    0.00000    0.00000    4057       1
    4058   5.297   -70.67649    0.00000    0.00000    4058       4
    4059   5.299   -70.67649    0.00000    0.00000    4059       3
    4060   5.299   -70.67649    0.00000    0.00000    4060       4
    4061   5.286   -70.67651    0.00000    0.00000    4061       5
    4062   5.298   -70.67649    0.00000    0.00000    4062       2
    4063   5.286   -70.67651    0.00000    0.00000    4063       7
    4064   5.302   -70.67649    0.00000    0.00000    4064       1
    4065   5.302   -70.67649    0.00000    0.00000    4065       2
    4066   5.302   -70.67649    0.00000    0.00000    4066       1
    4067   5.303   -70.67649    0.00000    0.00000    4067       4
    4068   5.303   -70.67648    0.00000    0.00000    4068       2
    4069   5.303   -70.67648    0.00000    0.00000    4069       2
    4070   5.304   -70.67648    0.00000    0.00000    4070       7
    4071   5.305   -70.67648    0.00000    0.00000    4071       4
    4072   5.301   -70.67649    0.00000    0.00000    4072       1
    4073   5.306   -70.67648    0.00000    0.00000    4073       7
    4074   5.307   -70.67648    0.00000    0.00000    4074       7
    4075   5.310   -70.67647    0.00000    0.00000    4075       1
    4076   5.307   -70.67648    0.00000    0.00000    4076      10
    4077   5.304   -70.67648    0.00000    0.00000    4077       2
    4078   5.312   -70.67647    0.00000    0.00000    4078       1
    4079   5.312   -70.67647    0.00000    0.00000    4079       5
    4080   5.308   -70.67648    0.00000    0.00000    4080       1
    4081   5.313   -70.67647    0.00000    0.00000    4081       1
    4082   5.307   -70.67648    0.00000    0.00000    4082      10
    4083   5.316   -70.67646    0.00000    0.00000    4083       4
    4084   5.316   -70.67646    0.00000    0.00000    4084       1
    4085   5.316   -70.67646    0.00000    0.00000    4085       2
    4086   5.313   -70.67647    0.00000    0.00000    4086       4
    4087   5.296   -70.67650    0.00000    0.00000    4087       9
    4088   5.317   -70.67646    0.00000    0.00000    4088       9
    4089   5.317   -70.67646    0.00000    0.00000    4089       1
    4090   5.317   -70.67646    0.00000    0.00000    4090       7
    4091   5.320   -70.67646    0.00000    0.00000    4091       3
    4092   5.317   -70.67646    0.00000    0.00000    4092       3
    4093   5.321   -70.67646    0.00000    0.00000    4093       1
    4094   5.321   -70.67646    0.00000    0.00000    4094       1
    4095   5.297   -70.67649    0.00000    0.00000    4095       1
    4096   5.321   -70.67646    0.00000    0.00000    4096       3
    4097   5.321   -70.67646    0.00000    0.00000    4097       6
    4098   5.322   -70.67645    0.00000    0.00000    4098       1
    4099   5.322   -70.67645    0.00000    0.00000    4099       1
    4100   5.307   -70.67648    0.00000    0.00000    4100       1
    4101   5.324   -70.67645    0.00000    0.00000    4101       2
    4102   5.324   -70.67645    0.00000    0.00000    4102       5
    4103   5.322   -70.67645    0.00000    0.00000    4103      17
    4104   5.319   -70.67646    0.00000    0.00000    4104       2
    4105   5.330   -70.67644    0.00000    0.00000    4105       3
    4106   5.309   -70.67648    0.00000    0.00000    4106       3
    4107   5.330   -70.67644    0.00000    0.00000    4107       1
    4108   5.328   -70.67644    0.00000    0.00000    4108       1
    4109   5.331   -70.67644    0.00000    0.00000    4109       1
    4110   5.323   -70.67645    0.00000    0.00000    4110       7
    4111   5.332   -70.67644    0.00000    0.00000    4111       1
    4112   5.334   -70.67644    0.00000    0.00000    4112       1
    4113   5.322   -70.67645    0.00000    0.00000    4113       1
    4114   5.309   -70.67647    0.00000    0.00000    4114       1
    4115   5.319   -70.67646    0.00000    0.00000    4115       1
    4116   5.334   -70.67644    0.00000    0.00000    4116       2
    4117   5.334   -70.67643    0.00000    0.00000    4117       1
    4118   5.334   -70.67643    0.00000    0.00000    4118       4
    4119   5.334   -70.67643    0.00000    0.00000    4119       1
    4120   5.334   -70.67643    0.00000    0.00000    4120       1
    4121   5.334   -70.67643    0.00000    0.00000    4121       2
    4122   5.334   -70.67643    0.00000    0.00000    4122       1
    4123   5.334   -70.67643    0.00000    0.00000    4123       1
    4124   5.335   -70.67643    0.00000    0.00000    4124       1
    4125   5.335   -70.67643    0.00000    0.00000    4125       1
    4126   5.335   -70.67643    0.00000    0.00000    4126       1
    4127   5.335   -70.67643    0.00000    0.00000    4127       1
    4128   5.335   -70.67643    0.00000    0.00000    4128      27
    4129   5.335   -70.67643    0.00000    0.00000    4129      26
    4130   5.343   -70.67642    0.00000    0.00000    4130       3
    4131   5.338   -70.67643    0.00000    0.00000    4131       1
    4132   5.343   -70.67642    0.00000    0.00000    4132      20
    4133   5.346   -70.67642    0.00000    0.00000    4133       1
    4134   5.346   -70.67642    0.00000    0.00000    4134      13
    4135   5.349   -70.67641    0.00000    0.00000    4135       2
    4136   5.350   -70.67641    0.00000    0.00000    4136      20
    4137   5.352   -70.67641    0.00000    0.00000    4137       4
    4138   5.352   -70.67641    0.00000    0.00000    4138       1
    4139   5.354   -70.67640    0.00000    0.00000    4139       2
    4140   5.348   -70.67641    0.00000    0.00000    4140      15
    4141   5.338   -70.67643    0.00000    0.00000    4141       3
    4142   5.338   -70.67643    0.00000    0.00000    4142       3
    4143   5.338   -70.67643    0.00000    0.00000    4143       4
    4144   5.357   -70.67640    0.00000    0.00000    4144       1
    4145   5.357   -70.67640    0.00000    0.00000    4145       1
    4146   5.356   -70.67640    0.00000    0.00000    4146       1
    4147   5.356   -70.67640    0.00000    0.00000    4147       1
    4148   5.357   -70.67640    0.00000    0.00000    4148       3
    4149   5.357   -70.67640    0.00000    0.00000    4149       1
    4150   5.358   -70.67640    0.00000    0.00000    4150       4
    4151   5.358   -70.67640    0.00000    0.00000    4151       5
    4152   5.359   -70.67640    0.00000    0.00000    4152       1
    4153   5.358   -70.67640    0.00000    0.00000    4153       1
    4154   5.341   -70.67642    0.00000    0.00000    4154      10
    4155   5.359   -70.67640    0.00000    0.00000    4155       1
    4156   5.359   -70.67640    0.00000    0.00000    4156       1
    4157   5.357   -70.67640    0.00000    0.00000    4157       6
    4158   5.360   -70.67639    0.00000    0.00000    4158      17
    4159   5.365   -70.67639    0.00000    0.00000    4159       2
    4160   5.363   -70.67639    0.00000    0.00000    4160       8
    4161   5.356   -70.67640    0.00000    0.00000    4161       4
    4162   5.365   -70.67639    0.00000    0.00000    4162       2
    4163   5.361   -70.67639    0.00000    0.00000    4163       1
    4164   5.365   -70.67639    0.00000    0.00000    4164      12
    4165   5.324   -70.67645    0.00000    0.00000    4165       2
    4166   5.367   -70.67638    0.00000    0.00000    4166       3
    4167   5.368   -70.67638    0.00000    0.00000    4167       1
    4168   5.368   -70.67638    0.00000    0.00000    4168       1
    4169   5.367   -70.67638    0.00000    0.00000    4169       5
    4170   5.369   -70.67638    0.00000    0.00000    4170       2
    4171   5.369   -70.67638    0.00000    0.00000    4171       1
    4172   5.369   -70.67638    0.00000    0.00000    4172       2
    4173   5.369   -70.67638    0.00000    0.00000    4173       3
    4174   5.373   -70.67637    0.00000    0.00000    4174       4
    4175   5.372   -70.67637    0.00000    0.00000    4175       3
    4176   5.373   -70.67637    0.00000    0.00000    4176       3
    4177   5.374   -70.67637    0.00000    0.00000    4177      13
    4178   5.374   -70.67637    0.00000    0.00000    4178       5
    4179   5.374   -70.67637    0.00000    0.00000    4179       3
    4180   5.374   -70.67637    0.00000    0.00000    4180       4
    4181   5.375   -70.67637    0.00000    0.00000    4181       1
    4182   5.376   -70.67637    0.00000    0.00000    4182       1
    4183   5.376   -70.67637    0.00000    0.00000    4183       9
    4184   5.377   -70.67637    0.00000    0.00000    4184      12
    4185   5.378   -70.67636    0.00000    0.00000    4185       1
    4186   5.378   -70.67636    0.00000    0.00000    4186      19
    4187   5.379   -70.67636    0.00000    0.00000    4187       4
    4188   5.379   -70.67636    0.00000    0.00000    4188       1
    4189   5.379   -70.67636    0.00000    0.00000    4189       2
    4190   5.379   -70.67636    0.00000    0.00000    4190       1
    4191   5.379   -70.67636    0.00000    0.00000    4191      14
    4192   5.380   -70.67636    0.00000    0.00000    4192       1
    4193   5.378   -70.67636    0.00000    0.00000    4193      26
    4194   5.387   -70.67635    0.00000    0.00000    4194       2
    4195   5.387   -70.67635    0.00000    0.00000    4195       3
    4196   5.387   -70.67635    0.00000    0.00000    4196      12
    4197   5.379   -70.67636    0.00000    0.00000    4197       7
    4198   5.389   -70.67635    0.00000    0.00000    4198       3
    4199   5.390   -70.67635    0.00000    0.00000    4199       2
    4200   5.390   -70.67635    0.00000    0.00000    4200       1
    4201   5.390   -70.67634    0.00000    0.00000    4201       1
    4202   5.390   -70.67634    0.00000    0.00000    4202       2
    4203   5.391   -70.67634    0.00000    0.00000    4203       2
    4204   5.392   -70.67634    0.00000    0.00000    4204       2
    4205   5.388   -70.67635    0.00000    0.00000    4205      17
    4206   5.361   -70.67639    0.00000    0.00000    4206       1
    4207   5.394   -70.67634    0.00000    0.00000    4207       2
    4208   5.361   -70.67639    0.00000    0.00000    4208       2
    4209   5.394   -70.67634    0.00000    0.00000    4209       1
    4210   5.395   -70.67634    0.00000    0.00000    4210       2
    4211   5.361   -70.67639    0.00000    0.00000    4211       1
    4212   5.394   -70.67634    0.00000    0.00000    4212       6
    4213   5.395   -70.67634    0.00000    0.00000    4213       1
    4214   5.395   -70.67634    0.00000    0.00000    4214       1
    4215   5.395   -70.67634    0.00000    0.00000    4215       1
    4216   5.395   -70.67634    0.00000    0.00000    4216       1
    4217   5.397   -70.67633    0.00000    0.00000    4217       1
    4218   5.396   -70.67634    0.00000    0.00000    4218       8
    4219   5.398   -70.67633    0.00000    0.00000    4219       8
    4220   5.393   -70.67634    0.00000    0.00000    4220       1
    4221   5.402   -70.67633    0.00000    0.00000    4221       2
    4222   5.403   -70.67633    0.00000    0.00000    4222       2
    4223   5.402   -70.67633    0.00000    0.00000    4223       7
    4224   5.401   -70.67633    0.00000    0.00000    4224       1
    4225   5.404   -70.67632    0.00000    0.00000    4225       2
    4226   5.403   -70.67632    0.00000    0.00000    4226       5
    4227   5.406   -70.67632    0.00000    0.00000    4227       1
    4228   5.399   -70.67633    0.00000    0.00000    4228       1
    4229   5.410   -70.67631    0.00000    0.00000    4229       2
    4230   5.408   -70.67632    0.00000    0.00000    4230       2
    4231   5.366   -70.67638    0.00000    0.00000    4231       1
    4232   5.367   -70.67638    0.00000    0.00000    4232       2
    4233   5.396   -70.67634    0.00000    0.00000    4233       7
    4234   5.374   -70.67637    0.00000    0.00000    4234       2
    4235   5.410   -70.67631    0.00000    0.00000    4235       1
    4236   5.411   -70.67631    0.00000    0.00000    4236       3
    4237   5.411   -70.67631    0.00000    0.00000    4237       6
    4238   5.399   -70.67633    0.00000    0.00000    4238       2
    4239   5.413   -70.67631    0.00000    0.00000    4239       6
    4240   5.396   -70.67634    0.00000    0.00000    4240       1
    4241   5.415   -70.67631    0.00000    0.00000    4241       1
    4242   5.413   -70.67631    0.00000    0.00000    4242       2
    4243   5.415   -70.67631    0.00000    0.00000    4243       1
    4244   5.416   -70.67630    0.00000    0.00000    4244       7
    4245   5.417   -70.67630    0.00000    0.00000    4245       4
    4246   5.417   -70.67630    0.00000    0.00000    4246       2
    4247   5.418   -70.67630    0.00000    0.00000    4247       9
    4248   5.419   -70.67630    0.00000    0.00000    4248       1
    4249   5.417   -70.67630    0.00000    0.00000    4249       1
    4250   5.417   -70.67630    0.00000    0.00000    4250       5
    4251   5.416   -70.67630    0.00000    0.00000    4251       1
    4252   5.420   -70.67630    0.00000    0.00000    4252       3
    4253   5.421   -70.67630    0.00000    0.00000    4253       2
    4254   5.414   -70.67631    0.00000    0.00000    4254       2
    4255   5.421   -70.67630    0.00000    0.00000    4255       1
    4256   5.421   -70.67630    0.00000    0.00000    4256       7
    4257   5.423   -70.67629    0.00000    0.00000    4257       2
    4258   5.424   -70.67629    0.00000    0.00000    4258       1
    4259   5.425   -70.67629    0.00000    0.00000    4259       2
    4260   5.400   -70.67633    0.00000    0.00000    4260       1
    4261   5.427   -70.67629    0.00000    0.00000    4261       2
    4262   5.397   -70.67633    0.00000    0.00000    4262       1
    4263   5.429   -70.67628    0.00000    0.00000    4263       2
    4264   5.427   -70.67629    0.00000    0.00000    4264      18
    4265   5.432   -70.67628    0.00000    0.00000    4265       1
    4266   5.432   -70.67628    0.00000    0.00000    4266       1
    4267   5.432   -70.67628    0.00000    0.00000    4267       7
    4268   5.433   -70.67628    0.00000    0.00000    4268       5
    4269   5.435   -70.67627    0.00000    0.00000    4269       3
    4270   5.435   -70.67627    0.00000    0.00000    4270       1
    4271   5.435   -70.67627    0.00000    0.00000    4271       8
    4272   5.431   -70.67628    0.00000    0.00000    4272       1
    4273   5.435   -70.67627    0.00000    0.00000    4273      10
    4274   5.437   -70.67627    0.00000    0.00000    4274       1
    4275   5.437   -70.67627    0.00000    0.00000    4275       1
    4276   5.437   -70.67627    0.00000    0.00000    4276      11
    4277   5.444   -70.67626    0.00000    0.00000    4277      28
    4278   5.447   -70.67626    0.00000    0.00000    4278       1
    4279   5.447   -70.67626    0.00000    0.00000    4279       1
    4280   5.448   -70.67625    0.00000    0.00000    4280       3
    4281   5.446   -70.67626    0.00000    0.00000    4281       1
    4282   5.448   -70.67625    0.00000    0.00000    4282       1
    4283   5.448   -70.67625    0.00000    0.00000    4283       5
    4284   5.448   -70.67625    0.00000    0.00000    4284       1
    4285   5.448   -70.67625    0.00000    0.00000    4285       1
    4286   5.448   -70.67625    0.00000    0.00000    4286       4
    4287   5.448   -70.67625    0.00000    0.00000    4287       3
    4288   5.448   -70.67625    0.00000    0.00000    4288       1
    4289   5.448   -70.67625    0.00000    0.00000    4289       3
    4290   5.448   -70.67625    0.00000    0.00000    4290       3
    4291   5.449   -70.67625    0.00000    0.00000    4291       1
    4292   5.448   -70.67625    0.00000    0.00000    4292       3
    4293   5.449   -70.67625    0.00000    0.00000    4293       3
    4294   5.444   -70.67626    0.00000    0.00000    4294       3
    4295   5.449   -70.67625    0.00000    0.00000    4295       2
    4296   5.448   -70.67625    0.00000    0.00000    4296       9
    4297   5.450   -70.67625    0.00000    0.00000    4297       1
    4298   5.450   -70.67625    0.00000    0.00000    4298       1
    4299   5.452   -70.67625    0.00000    0.00000    4299       5
    4300   5.451   -70.67625    0.00000    0.00000    4300      23
    4301   5.454   -70.67624    0.00000    0.00000    4301       3
    4302   5.455   -70.67624    0.00000    0.00000    4302       4
    4303   5.455   -70.67624    0.00000    0.00000    4303       1
    4304   5.455   -70.67624    0.00000    0.00000    4304      10
    4305   5.455   -70.67624    0.00000    0.00000    4305       4
    4306   5.456   -70.67624    0.00000    0.00000    4306       1
    4307   5.456   -70.67624    0.00000    0.00000    4307       1
    4308   5.456   -70.67624    0.00000    0.00000    4308       1
    4309   5.456   -70.67624    0.00000    0.00000    4309       8
    4310   5.456   -70.67624    0.00000    0.00000    4310       2
    4311   5.427   -70.67629    0.00000    0.00000    4311      13
    4312   5.458   -70.67624    0.00000    0.00000    4312       4
    4313   5.428   -70.67628    0.00000    0.00000    4313       8
    4314   5.457   -70.67624    0.00000    0.00000    4314       7
    4315   5.461   -70.67623    0.00000    0.00000    4315       4
    4316   5.458   -70.67624    0.00000    0.00000    4316       1
    4317   5.463   -70.67623    0.00000    0.00000    4317       1
    4318   5.462   -70.67623    0.00000    0.00000    4318       3
    4319   5.463   -70.67623    0.00000    0.00000    4319       3
    4320   5.464   -70.67623    0.00000    0.00000    4320       1
    4321   5.464   -70.67623    0.00000    0.00000    4321       4
    4322   5.460   -70.67623    0.00000    0.00000    4322       2
    4323   5.464   -70.67623    0.00000    0.00000    4323       5
    4324   5.429   -70.67628    0.00000    0.00000    4324       6
    4325   5.466   -70.67622    0.00000    0.00000    4325       2
    4326   5.467   -70.67622    0.00000    0.00000    4326       1
    4327   5.467   -70.67622    0.00000    0.00000    4327       1
    4328   5.467   -70.67622    0.00000    0.00000    4328       1
    4329   5.467   -70.67622    0.00000    0.00000    4329       2
    4330   5.469   -70.67622    0.00000    0.00000    4330       4
    4331   5.470   -70.67622    0.00000    0.00000    4331       4
    4332   5.471   -70.67622    0.00000    0.00000    4332       2
    4333   5.470   -70.67622    0.00000    0.00000    4333      12
    4334   5.471   -70.67622    0.00000    0.00000    4334       2
    4335   5.472   -70.67622    0.00000    0.00000    4335       2
    4336   5.472   -70.67621    0.00000    0.00000    4336       1
    4337   5.429   -70.67628    0.00000    0.00000    4337       1
    4338   5.473   -70.67621    0.00000    0.00000    4338       4
    4339   5.451   -70.67625    0.00000    0.00000    4339       2
    4340   5.474   -70.67621    0.00000    0.00000    4340       2
    4341   5.474   -70.67621    0.00000    0.00000    4341       1
    4342   5.474   -70.67621    0.00000    0.00000    4342       1
    4343   5.465   -70.67623    0.00000    0.00000    4343       7
    4344   5.475   -70.67621    0.00000    0.00000    4344       2
    4345   5.476   -70.67621    0.00000    0.00000    4345       1
    4346   5.476   -70.67621    0.00000    0.00000    4346       1
    4347   5.456   -70.67624    0.00000    0.00000    4347       5
    4348   5.477   -70.67621    0.00000    0.00000    4348       1
    4349   5.477   -70.67621    0.00000    0.00000    4349       3
    4350   5.474   -70.67621    0.00000    0.00000    4350       1
    4351   5.478   -70.67621    0.00000    0.00000    4351       6
    4352   5.480   -70.67620    0.00000    0.00000    4352       2
    4353   5.480   -70.67620    0.00000    0.00000    4353       4
    4354   5.480   -70.67620    0.00000    0.00000    4354       1
    4355   5.480   -70.67620    0.00000    0.00000    4355       3
    4356   5.481   -70.67620    0.00000    0.00000    4356       9
    4357   5.482   -70.67620    0.00000    0.00000    4357       4
    4358   5.483   -70.67620    0.00000    0.00000    4358       5
    4359   5.483   -70.67620    0.00000    0.00000    4359       3
    4360   5.483   -70.67620    0.00000    0.00000    4360       5
    4361   5.486   -70.67619    0.00000    0.00000    4361       1
    4362   5.480   -70.67620    0.00000    0.00000    4362       1
    4363   5.486   -70.67619    0.00000    0.00000    4363       4
    4364   5.480   -70.67620    0.00000    0.00000    4364       2
    4365   5.486   -70.67619    0.00000    0.00000    4365       2
    4366   5.486   -70.67619    0.00000    0.00000    4366       2
    4367   5.487   -70.67619    0.00000    0.00000    4367       1
    4368   5.479   -70.67620    0.00000    0.00000    4368       1
    4369   5.487   -70.67619    0.00000    0.00000    4369       1
    4370   5.487   -70.67619    0.00000    0.00000    4370       8
    4371   5.487   -70.67619    0.00000    0.00000    4371       3
    4372   5.486   -70.67619    0.00000    0.00000    4372       9
    4373   5.491   -70.67619    0.00000    0.00000    4373       1
    4374   5.491   -70.67618    0.00000    0.00000    4374       2
    4375   5.489   -70.67619    0.00000    0.00000    4375       5
    4376   5.485   -70.67619    0.00000    0.00000    4376       2
    4377   5.493   -70.67618    0.00000    0.00000    4377       2
    4378   5.494   -70.67618    0.00000    0.00000    4378       1
    4379   5.495   -70.67618    0.00000    0.00000    4379       7
    4380   5.496   -70.67618    0.00000    0.00000    4380       1
    4381   5.496   -70.67618    0.00000    0.00000    4381       1
    4382   5.464   -70.67623    0.00000    0.00000    4382       2
    4383   5.497   -70.67618    0.00000    0.00000    4383       4
    4384   5.496   -70.67618    0.00000    0.00000    4384       4
    4385   5.499   -70.67617    0.00000    0.00000    4385       1
    4386   5.500   -70.67617    0.00000    0.00000    4386       3
    4387   5.499   -70.67617    0.00000    0.00000    4387       3
    4388   5.500   -70.67617    0.00000    0.00000    4388       1
    4389   5.501   -70.67617    0.00000    0.00000    4389       3
    4390   5.502   -70.67617    0.00000    0.00000    4390       4
    4391   5.502   -70.67617    0.00000    0.00000    4391       8
    4392   5.502   -70.67617    0.00000    0.00000    4392       3
    4393   5.503   -70.67617    0.00000    0.00000    4393       9
    4394   5.504   -70.67616    0.00000    0.00000    4394       1
    4395   5.504   -70.67616    0.00000    0.00000    4395       3
    4396   5.504   -70.67616    0.00000    0.00000    4396       1
    4397   5.505   -70.67616    0.00000    0.00000    4397      13
    4398   5.506   -70.67616    0.00000    0.00000    4398       5
    4399   5.506   -70.67616    0.00000    0.00000    4399       1
    4400   5.507   -70.67616    0.00000    0.00000    4400       1
    4401   5.507   -70.67616    0.00000    0.00000    4401       3
    4402   5.507   -70.67616    0.00000    0.00000    4402       7
    4403   5.507   -70.67616    0.00000    0.00000    4403       1
    4404   5.505   -70.67616    0.00000    0.00000    4404       6
    4405   5.510   -70.67615    0.00000    0.00000    4405       1
    4406   5.505   -70.67616    0.00000    0.00000    4406       2
    4407   5.510   -70.67615    0.00000    0.00000    4407       2
    4408   5.511   -70.67615    0.00000    0.00000    4408       1
    4409   5.511   -70.67615    0.00000    0.00000    4409       2
    4410   5.512   -70.67615    0.00000    0.00000    4410       3
    4411   5.511   -70.67615    0.00000    0.00000    4411       1
    4412   5.512   -70.67615    0.00000    0.00000    4412       7
    4413   5.515   -70.67615    0.00000    0.00000    4413       1
    4414   5.515   -70.67615    0.00000    0.00000    4414       1
    4415   5.512   -70.67615    0.00000    0.00000    4415       5
    4416   5.515   -70.67615    0.00000    0.00000    4416       1
    4417   5.515   -70.67615    0.00000    0.00000    4417       2
    4418   5.515   -70.67615    0.00000    0.00000    4418       1
    4419   5.515   -70.67615    0.00000    0.00000    4419       1
    4420   5.515   -70.67615    0.00000    0.00000    4420       3
    4421   5.517   -70.67614    0.00000    0.00000    4421       2
    4422   5.517   -70.67614    0.00000    0.00000    4422      14
    4423   5.518   -70.67614    0.00000    0.00000    4423       4
    4424   5.518   -70.67614    0.00000    0.00000    4424       1
    4425   5.518   -70.67614    0.00000    0.00000    4425       1
    4426   5.515   -70.67615    0.00000    0.00000    4426       4
    4427   5.518   -70.67614    0.00000    0.00000    4427       3
    4428   5.519   -70.67614    0.00000    0.00000    4428       1
    4429   5.519   -70.67614    0.00000    0.00000    4429      15
    4430   5.521   -70.67614    0.00000    0.00000    4430       2
    4431   5.522   -70.67613    0.00000    0.00000    4431       2
    4432   5.524   -70.67613    0.00000    0.00000    4432       4
    4433   5.524   -70.67613    0.00000    0.00000    4433       1
    4434   5.510   -70.67615    0.00000    0.00000    4434       1
    4435   5.524   -70.67613    0.00000    0.00000    4435       3
    4436   5.525   -70.67613    0.00000    0.00000    4436       2
    4437   5.525   -70.67613    0.00000    0.00000    4437       1
    4438   5.526   -70.67613    0.00000    0.00000    4438       1
    4439   5.526   -70.67613    0.00000    0.00000    4439       1
    4440   5.524   -70.67613    0.00000    0.00000    4440       8
    4441   5.528   -70.67613    0.00000    0.00000    4441       1
    4442   5.528   -70.67613    0.00000    0.00000    4442       6
    4443   5.521   -70.67614    0.00000    0.00000    4443       2
    4444   5.532   -70.67612    0.00000    0.00000    4444       7
    4445   5.534   -70.67612    0.00000    0.00000    4445       1
    4446   5.534   -70.67612    0.00000    0.00000    4446       1
    4447   5.534   -70.67612    0.00000    0.00000    4447       3
    4448   5.534   -70.67612    0.00000    0.00000    4448       1
    4449   5.534   -70.67612    0.00000    0.00000    4449       3
    4450   5.512   -70.67615    0.00000    0.00000    4450       1
    4451   5.536   -70.67611    0.00000    0.00000    4451       1
    4452   5.537   -70.67611    0.00000    0.00000    4452       2
    4453   5.530   -70.67612    0.00000    0.00000    4453       6
    4454   5.538   -70.67611    0.00000    0.00000    4454       1
    4455   5.539   -70.67611    0.00000    0.00000    4455       1
    4456   5.539   -70.67611    0.00000    0.00000    4456       9
    4457   5.548   -70.67609    0.00000    0.00000    4457       1
    4458   5.548   -70.67609    0.00000    0.00000    4458       1
    4459   5.543   -70.67610    0.00000    0.00000    4459       2
    4460   5.544   -70.67610    0.00000    0.00000    4460      25
    4461   5.553   -70.67609    0.00000    0.00000    4461       2
    4462   5.542   -70.67610    0.00000    0.00000    4462       1
    4463   5.553   -70.67609    0.00000    0.00000    4463       1
    4464   5.546   -70.67610    0.00000    0.00000    4464       2
    4465   5.553   -70.67609    0.00000    0.00000    4465       2
    4466   5.553   -70.67609    0.00000    0.00000    4466      10
    4467   5.555   -70.67608    0.00000    0.00000    4467       1
    4468   5.555   -70.67608    0.00000    0.00000    4468       7
    4469   5.556   -70.67608    0.00000    0.00000    4469       2
    4470   5.557   -70.67608    0.00000    0.00000    4470       2
    4471   5.556   -70.67608    0.00000    0.00000    4471       2
    4472   5.556   -70.67608    0.00000    0.00000    4472       8
    4473   5.557   -70.67608    0.00000    0.00000    4473       1
    4474   5.558   -70.67608    0.00000    0.00000    4474       4
    4475   5.559   -70.67608    0.00000    0.00000    4475       1
    4476   5.558   -70.67608    0.00000    0.00000    4476       2
    4477   5.547   -70.67609    0.00000    0.00000    4477       6
    4478   5.561   -70.67607    0.00000    0.00000    4478       6
    4479   5.562   -70.67607    0.00000    0.00000    4479       7
    4480   5.563   -70.67607    0.00000    0.00000    4480       4
    4481   5.563   -70.67607    0.00000    0.00000    4481       2
    4482   5.562   -70.67607    0.00000    0.00000    4482       2
    4483   5.564   -70.67607    0.00000    0.00000    4483       3
    4484   5.564   -70.67607    0.00000    0.00000    4484       2
    4485   5.564   -70.67607    0.00000    0.00000    4485       1
    4486   5.565   -70.67607    0.00000    0.00000    4486       2
    4487   5.565   -70.67607    0.00000    0.00000    4487       3
    4488   5.547   -70.67609    0.00000    0.00000    4488       1
    4489   5.565   -70.67607    0.00000    0.00000    4489       9
    4490   5.566   -70.67607    0.00000    0.00000    4490       5
    4491   5.567   -70.67606    0.00000    0.00000    4491       1
    4492   5.568   -70.67606    0.00000    0.00000    4492       4
    4493   5.568   -70.67606    0.00000    0.00000    4493       1
    4494   5.560   -70.67607    0.00000    0.00000    4494      10
    4495   5.568   -70.67606    0.00000    0.00000    4495       1
    4496   5.569   -70.67606    0.00000    0.00000    4496       9
    4497   5.570   -70.67606    0.00000    0.00000    4497       1
    4498   5.573   -70.67605    0.00000    0.00000    4498       1
    4499   5.570   -70.67606    0.00000    0.00000    4499       1
    4500   5.567   -70.67606    0.00000    0.00000    4500      20
    4501   5.575   -70.67605    0.00000    0.00000    4501       8
    4502   5.575   -70.67605    0.00000    0.00000    4502       1
    4503   5.568   -70.67606    0.00000    0.00000    4503       3
    4504   5.579   -70.67604    0.00000    0.00000    4504       2
    4505   5.548   -70.67609    0.00000    0.00000    4505       2
    4506   5.578   -70.67605    0.00000    0.00000    4506       4
    4507   5.580   -70.67604    0.00000    0.00000    4507       1
    4508   5.580   -70.67604    0.00000    0.00000    4508       1
    4509   5.580   -70.67604    0.00000    0.00000    4509       5
    4510   5.576   -70.67605    0.00000    0.00000    4510       4
    4511   5.581   -70.67604    0.00000    0.00000    4511       1
    4512   5.581   -70.67604    0.00000    0.00000    4512       2
    4513   5.582   -70.67604    0.00000    0.00000    4513       2
    4514   5.582   -70.67604    0.00000    0.00000    4514       1
    4515   5.567   -70.67606    0.00000    0.00000    4515       2
    4516   5.574   -70.67605    0.00000    0.00000    4516       2
    4517   5.585   -70.67604    0.00000    0.00000    4517       1
    4518   5.583   -70.67604    0.00000    0.00000    4518       3
    4519   5.586   -70.67603    0.00000    0.00000    4519       4
    4520   5.581   -70.67604    0.00000    0.00000    4520       2
    4521   5.586   -70.67603    0.00000    0.00000    4521       1
    4522   5.587   -70.67603    0.00000    0.00000    4522       4
    4523   5.565   -70.67607    0.00000    0.00000    4523       1
    4524   5.591   -70.67603    0.00000    0.00000    4524       5
    4525   5.592   -70.67602    0.00000    0.00000    4525       1
    4526   5.586   -70.67603    0.00000    0.00000    4526       1
    4527   5.591   -70.67602    0.00000    0.00000    4527       5
    4528   5.592   -70.67602    0.00000    0.00000    4528       5
    4529   5.595   -70.67602    0.00000    0.00000    4529       3
    4530   5.594   -70.67602    0.00000    0.00000    4530       2
    4531   5.579   -70.67604    0.00000    0.00000    4531       6
    4532   5.597   -70.67602    0.00000    0.00000    4532       3
    4533   5.598   -70.67601    0.00000    0.00000    4533       1
    4534   5.586   -70.67603    0.00000    0.00000    4534       1
    4535   5.598   -70.67601    0.00000    0.00000    4535       2
    4536   5.586   -70.67603    0.00000    0.00000    4536       2
    4537   5.599   -70.67601    0.00000    0.00000    4537       2
    4538   5.600   -70.67601    0.00000    0.00000    4538       2
    4539   5.601   -70.67601    0.00000    0.00000    4539       2
    4540   5.596   -70.67602    0.00000    0.00000    4540       1
    4541   5.601   -70.67601    0.00000    0.00000    4541       1
    4542   5.601   -70.67601    0.00000    0.00000    4542       1
    4543   5.601   -70.67601    0.00000    0.00000    4543       1
    4544   5.601   -70.67601    0.00000    0.00000    4544       2
    4545   5.558   -70.67608    0.00000    0.00000    4545       2
    4546   5.586   -70.67603    0.00000    0.00000    4546       1
    4547   5.601   -70.67601    0.00000    0.00000    4547       3
    4548   5.602   -70.67601    0.00000    0.00000    4548       2
    4549   5.602   -70.67601    0.00000    0.00000    4549       1
    4550   5.600   -70.67601    0.00000    0.00000    4550       1
    4551   5.559   -70.67608    0.00000    0.00000    4551       3
    4552   5.604   -70.67601    0.00000    0.00000    4552       1
    4553   5.604   -70.67600    0.00000    0.00000    4553       2
    4554   5.599   -70.67601    0.00000    0.00000    4554       4
    4555   5.606   -70.67600    0.00000    0.00000    4555       1
    4556   5.606   -70.67600    0.00000    0.00000    4556       2
    4557   5.609   -70.67600    0.00000    0.00000    4557       2
    4558   5.609   -70.67600    0.00000    0.00000    4558       2
    4559   5.610   -70.67599    0.00000    0.00000    4559       1
    4560   5.611   -70.67599    0.00000    0.00000    4560       1
    4561   5.610   -70.67599    0.00000    0.00000    4561       4
    4562   5.609   -70.67600    0.00000    0.00000    4562       1
    4563   5.611   -70.67599    0.00000    0.00000    4563       3
    4564   5.612   -70.67599    0.00000    0.00000    4564       1
    4565   5.612   -70.67599    0.00000    0.00000    4565       3
    4566   5.609   -70.67600    0.00000    0.00000    4566       4
    4567   5.612   -70.67599    0.00000    0.00000    4567       1
    4568   5.614   -70.67599    0.00000    0.00000    4568       2
    4569   5.614   -70.67599    0.00000    0.00000    4569       4
    4570   5.616   -70.67599    0.00000    0.00000    4570       1
    4571   5.616   -70.67599    0.00000    0.00000    4571       4
    4572   5.614   -70.67599    0.00000    0.00000    4572       1
    4573   5.617   -70.67598    0.00000    0.00000    4573       1
    4574   5.617   -70.67598    0.00000    0.00000    4574       2
    4575   5.618   -70.67598    0.00000    0.00000    4575       4
    4576   5.621   -70.67598    0.00000    0.00000    4576       1
    4577   5.621   -70.67598    0.00000    0.00000    4577       3
    4578   5.622   -70.67598    0.00000    0.00000    4578       1
    4579   5.623   -70.67597    0.00000    0.00000    4579       1
    4580   5.624   -70.67597    0.00000    0.00000    4580       3
    4581   5.627   -70.67597    0.00000    0.00000    4581       5
    4582   5.601   -70.67601    0.00000    0.00000    4582       1
    4583   5.630   -70.67596    0.00000    0.00000    4583       1
    4584   5.624   -70.67597    0.00000    0.00000    4584       2
    4585   5.624   -70.67597    0.00000    0.00000    4585       2
    4586   5.630   -70.67596    0.00000    0.00000    4586       1
    4587   5.630   -70.67596    0.00000    0.00000    4587       1
    4588   5.631   -70.67596    0.00000    0.00000    4588       6
    4589   5.633   -70.67596    0.00000    0.00000    4589       3
    4590   5.631   -70.67596    0.00000    0.00000    4590       1
    4591   5.621   -70.67598    0.00000    0.00000    4591       3
    4592   5.635   -70.67596    0.00000    0.00000    4592       5
    4593   5.637   -70.67595    0.00000    0.00000    4593       4
    4594   5.638   -70.67595    0.00000    0.00000    4594       1
    4595   5.638   -70.67595    0.00000    0.00000    4595       3
    4596   5.636   -70.67595    0.00000    0.00000    4596       8
    4597   5.639   -70.67595    0.00000    0.00000    4597       2
    4598   5.639   -70.67595    0.00000    0.00000    4598       2
    4599   5.636   -70.67595    0.00000    0.00000    4599       5
    4600   5.641   -70.67595    0.00000    0.00000    4600       1
    4601   5.641   -70.67595    0.00000    0.00000    4601       1
    4602   5.641   -70.67595    0.00000    0.00000    4602       1
    4603   5.642   -70.67594    0.00000    0.00000    4603       1
    4604   5.637   -70.67595    0.00000    0.00000    4604       2
    4605   5.636   -70.67595    0.00000    0.00000    4605       1
    4606   5.644   -70.67594    0.00000    0.00000    4606       1
    4607   5.643   -70.67594    0.00000    0.00000    4607       2
    4608   5.642   -70.67594    0.00000    0.00000    4608       3
    4609   5.646   -70.67594    0.00000    0.00000    4609       1
    4610   5.646   -70.67594    0.00000    0.00000    4610       1
    4611   5.646   -70.67594    0.00000    0.00000    4611       1
    4612   5.647   -70.67594    0.00000    0.00000    4612       9
    4613   5.648   -70.67593    0.00000    0.00000    4613       1
    4614   5.649   -70.67593    0.00000    0.00000    4614       1
    4615   5.650   -70.67593    0.00000    0.00000    4615       1
    4616   5.650   -70.67593    0.00000    0.00000    4616       1
    4617   5.651   -70.67593    0.00000    0.00000    4617       1
    4618   5.652   -70.67593    0.00000    0.00000    4618       8
    4619   5.653   -70.67593    0.00000    0.00000    4619       1
    4620   5.653   -70.67593    0.00000    0.00000    4620       5
    4621   5.655   -70.67592    0.00000    0.00000    4621       1
    4622   5.656   -70.67592    0.00000    0.00000    4622       1
    4623   5.656   -70.67592    0.00000    0.00000    4623       4
    4624   5.657   -70.67592    0.00000    0.00000    4624       5
    4625   5.647   -70.67594    0.00000    0.00000    4625       4
    4626   5.658   -70.67592    0.00000    0.00000    4626       1
    4627   5.655   -70.67592    0.00000    0.00000    4627       4
    4628   5.660   -70.67592    0.00000    0.00000    4628       5
    4629   5.661   -70.67591    0.00000    0.00000    4629       5
    4630   5.664   -70.67591    0.00000    0.00000    4630       1
    4631   5.659   -70.67592    0.00000    0.00000    4631       2
    4632   5.664   -70.67591    0.00000    0.00000    4632       4
    4633   5.661   -70.67591    0.00000    0.00000    4633       2
    4634   5.664   -70.67591    0.00000    0.00000    4634       4
    4635   5.667   -70.67591    0.00000    0.00000    4635       5
    4636   5.669   -70.67590    0.00000    0.00000    4636       2
    4637   5.670   -70.67590    0.00000    0.00000    4637       6
    4638   5.667   -70.67590    0.00000    0.00000    4638       5
    4639   5.659   -70.67592    0.00000    0.00000    4639       1
    4640   5.672   -70.67590    0.00000    0.00000    4640       1
    4641   5.672   -70.67590    0.00000    0.00000    4641       1
    4642   5.673   -70.67590    0.00000    0.00000    4642       1
    4643   5.673   -70.67589    0.00000    0.00000    4643       1
    4644   5.674   -70.67589    0.00000    0.00000    4644       2
    4645   5.672   -70.67590    0.00000    0.00000    4645       2
    4646   5.675   -70.67589    0.00000    0.00000    4646       1
    4647   5.675   -70.67589    0.00000    0.00000    4647       3
    4648   5.667   -70.67590    0.00000    0.00000    4648       1
    4649   5.662   -70.67591    0.00000    0.00000    4649       1
    4650   5.681   -70.67588    0.00000    0.00000    4650       1
    4651   5.674   -70.67589    0.00000    0.00000    4651       1
    4652   5.681   -70.67588    0.00000    0.00000    4652       1
    4653   5.683   -70.67588    0.00000    0.00000    4653       1
    4654   5.682   -70.67588    0.00000    0.00000    4654       4
    4655   5.684   -70.67588    0.00000    0.00000    4655       2
    4656   5.685   -70.67588    0.00000    0.00000    4656       2
    4657   5.685   -70.67588    0.00000    0.00000    4657       2
    4658   5.685   -70.67588    0.00000    0.00000    4658       1
    4659   5.685   -70.67588    0.00000    0.00000    4659       3
    4660   5.685   -70.67588    0.00000    0.00000    4660       4
    4661   5.686   -70.67587    0.00000    0.00000    4661      11
    4662   5.687   -70.67587    0.00000    0.00000    4662       1
    4663   5.686   -70.67587    0.00000    0.00000    4663      11
    4664   5.688   -70.67587    0.00000    0.00000    4664       2
    4665   5.688   -70.67587    0.00000    0.00000    4665       3
    4666   5.686   -70.67587    0.00000    0.00000    4666       1
    4667   5.688   -70.67587    0.00000    0.00000    4667       1
    4668   5.688   -70.67587    0.00000    0.00000    4668       7
    4669   5.690   -70.67587    0.00000    0.00000    4669       1
    4670   5.692   -70.67586    0.00000    0.00000    4670       1
    4671   5.688   -70.67587    0.00000    0.00000    4671       3
    4672   5.692   -70.67586    0.00000    0.00000    4672       1
    4673   5.692   -70.67586    0.00000    0.00000    4673       1
    4674   5.692   -70.67586    0.00000    0.00000    4674       1
    4675   5.692   -70.67586    0.00000    0.00000    4675       2
    4676   5.694   -70.67586    0.00000    0.00000    4676       6
    4677   5.695   -70.67586    0.00000    0.00000    4677       8
    4678   5.697   -70.67586    0.00000    0.00000    4678       1
    4679   5.697   -70.67586    0.00000    0.00000    4679       3
    4680   5.690   -70.67587    0.00000    0.00000    4680       1
    4681   5.695   -70.67586    0.00000    0.00000    4681       7
    4682   5.700   -70.67585    0.00000    0.00000    4682       6
    4683   5.695   -70.67586    0.00000    0.00000    4683       1
    4684   5.702   -70.67585    0.00000    0.00000    4684       3
    4685   5.702   -70.67585    0.00000    0.00000    4685       1
    4686   5.695   -70.67586    0.00000    0.00000    4686       1
    4687   5.702   -70.67585    0.00000    0.00000    4687       3
    4688   5.703   -70.67585    0.00000    0.00000    4688       1
    4689   5.703   -70.67585    0.00000    0.00000    4689       1
    4690   5.695   -70.67586    0.00000    0.00000    4690       1
    4691   5.703   -70.67585    0.00000    0.00000    4691       4
    4692   5.703   -70.67585    0.00000    0.00000    4692       6
    4693   5.707   -70.67584    0.00000    0.00000    4693       2
    4694   5.707   -70.67584    0.00000    0.00000    4694       1
    4695   5.708   -70.67584    0.00000    0.00000    4695       5
    4696   5.709   -70.67584    0.00000    0.00000    4696       1
    4697   5.710   -70.67584    0.00000    0.00000    4697       3
    4698   5.711   -70.67583    0.00000    0.00000    4698       2
    4699   5.711   -70.67583    0.00000    0.00000    4699       7
    4700   5.708   -70.67584    0.00000    0.00000    4700       1
    4701   5.710   -70.67584    0.00000    0.00000    4701       1
    4702   5.709   -70.67584    0.00000    0.00000    4702       4
    4703   5.716   -70.67583    0.00000    0.00000    4703       1
    4704   5.717   -70.67583    0.00000    0.00000    4704       3
    4705   5.707   -70.67584    0.00000    0.00000    4705       1
    4706   5.717   -70.67582    0.00000    0.00000    4706       1
    4707   5.718   -70.67582    0.00000    0.00000    4707       1
    4708   5.719   -70.67582    0.00000    0.00000    4708       2
    4709   5.715   -70.67583    0.00000    0.00000    4709       9
    4710   5.721   -70.67582    0.00000    0.00000    4710       1
    4711   5.718   -70.67582    0.00000    0.00000    4711       9
    4712   5.721   -70.67582    0.00000    0.00000    4712       1
    4713   5.722   -70.67582    0.00000    0.00000    4713       1
    4714   5.722   -70.67582    0.00000    0.00000    4714       1
    4715   5.722   -70.67582    0.00000    0.00000    4715       2
    4716   5.719   -70.67582    0.00000    0.00000    4716       2
    4717   5.722   -70.67582    0.00000    0.00000    4717       7
    4718   5.723   -70.67582    0.00000    0.00000    4718       1
    4719   5.728   -70.67581    0.00000    0.00000    4719       1
    4720   5.728   -70.67581    0.00000    0.00000    4720       3
    4721   5.728   -70.67581    0.00000    0.00000    4721       1
    4722   5.729   -70.67580    0.00000    0.00000    4722       3
    4723   5.728   -70.67581    0.00000    0.00000    4723      10
    4724   5.732   -70.67580    0.00000    0.00000    4724       1
    4725   5.726   -70.67581    0.00000    0.00000    4725       1
    4726   5.728   -70.67581    0.00000    0.00000    4726       1
    4727   5.732   -70.67580    0.00000    0.00000    4727       1
    4728   5.732   -70.67580    0.00000    0.00000    4728       2
    4729   5.732   -70.67580    0.00000    0.00000    4729       1
    4730   5.732   -70.67580    0.00000    0.00000    4730       3
    4731   5.733   -70.67580    0.00000    0.00000    4731       9
    4732   5.736   -70.67579    0.00000    0.00000    4732       1
    4733   5.736   -70.67579    0.00000    0.00000    4733       1
    4734   5.736   -70.67579    0.00000    0.00000    4734       1
    4735   5.736   -70.67579    0.00000    0.00000    4735       1
    4736   5.736   -70.67579    0.00000    0.00000    4736      12
    4737   5.737   -70.67579    0.00000    0.00000    4737       6
    4738   5.738   -70.67579    0.00000    0.00000    4738       1
    4739   5.741   -70.67579    0.00000    0.00000    4739       2
    4740   5.741   -70.67579    0.00000    0.00000    4740       2
    4741   5.741   -70.67579    0.00000    0.00000    4741       1
    4742   5.741   -70.67579    0.00000    0.00000    4742       1
    4743   5.742   -70.67579    0.00000    0.00000    4743       7
    4744   5.744   -70.67578    0.00000    0.00000    4744       1
    4745   5.744   -70.67578    0.00000    0.00000    4745       2
    4746   5.744   -70.67578    0.00000    0.00000    4746       4
    4747   5.742   -70.67578    0.00000    0.00000    4747       4
    4748   5.745   -70.67578    0.00000    0.00000    4748       6
    4749   5.746   -70.67578    0.00000    0.00000    4749       1
    4750   5.748   -70.67577    0.00000    0.00000    4750       4
    4751   5.749   -70.67577    0.00000    0.00000    4751       1
    4752   5.749   -70.67577    0.00000    0.00000    4752       1
    4753   5.750   -70.67577    0.00000    0.00000    4753       6
    4754   5.755   -70.67576    0.00000    0.00000    4754       4
    4755   5.756   -70.67576    0.00000    0.00000    4755       1
    4756   5.756   -70.67576    0.00000    0.00000    4756       3
    4757   5.757   -70.67576    0.00000    0.00000    4757       2
    4758   5.758   -70.67576    0.00000    0.00000    4758       1
    4759   5.758   -70.67576    0.00000    0.00000    4759       1
    4760   5.761   -70.67575    0.00000    0.00000    4760       1
    4761   5.763   -70.67575    0.00000    0.00000    4761       3
    4762   5.764   -70.67575    0.00000    0.00000    4762       1
    4763   5.743   -70.67578    0.00000    0.00000    4763       2
    4764   5.765   -70.67575    0.00000    0.00000    4764       2
    4765   5.768   -70.67574    0.00000    0.00000    4765       1
    4766   5.768   -70.67574    0.00000    0.00000    4766       1
    4767   5.769   -70.67574    0.00000    0.00000    4767       3
    4768   5.769   -70.67574    0.00000    0.00000    4768       2
    4769   5.767   -70.67575    0.00000    0.00000    4769       1
    4770   5.770   -70.67574    0.00000    0.00000    4770       1
    4771   5.770   -70.67574    0.00000    0.00000    4771       4
    4772   5.771   -70.67574    0.00000    0.00000    4772       3
    4773   5.744   -70.67578    0.00000    0.00000    4773       2
    4774   5.773   -70.67574    0.00000    0.00000    4774       1
    4775   5.774   -70.67573    0.00000    0.00000    4775       1
    4776   5.774   -70.67573    0.00000    0.00000    4776       1
    4777   5.775   -70.67573    0.00000    0.00000    4777       2
    4778   5.775   -70.67573    0.00000    0.00000    4778       1
    4779   5.775   -70.67573    0.00000    0.00000    4779       1
    4780   5.775   -70.67573    0.00000    0.00000    4780       1
    4781   5.776   -70.67573    0.00000    0.00000    4781       1
    4782   5.776   -70.67573    0.00000    0.00000    4782       1
    4783   5.777   -70.67573    0.00000    0.00000    4783       2
    4784   5.778   -70.67573    0.00000    0.00000    4784       2
    4785   5.778   -70.67573    0.00000    0.00000    4785       1
    4786   5.779   -70.67573    0.00000    0.00000    4786       1
    4787   5.779   -70.67573    0.00000    0.00000    4787       1
    4788   5.779   -70.67573    0.00000    0.00000    4788       1
    4789   5.779   -70.67573    0.00000    0.00000    4789       1
    4790   5.780   -70.67572    0.00000    0.00000    4790       6
    4791   5.780   -70.67572    0.00000    0.00000    4791       5
    4792   5.780   -70.67572    0.00000    0.00000    4792       3
    4793   5.781   -70.67572    0.00000    0.00000    4793       1
    4794   5.781   -70.67572    0.00000    0.00000    4794       1
    4795   5.782   -70.67572    0.00000    0.00000    4795       1
    4796   5.784   -70.67572    0.00000    0.00000    4796       1
    4797   5.784   -70.67572    0.00000    0.00000    4797       1
    4798   5.784   -70.67572    0.00000    0.00000    4798       4
    4799   5.780   -70.67572    0.00000    0.00000    4799       1
    4800   5.784   -70.67572    0.00000    0.00000    4800       2
    4801   5.785   -70.67572    0.00000    0.00000    4801       3
    4802   5.786   -70.67572    0.00000    0.00000    4802      10
    4803   5.790   -70.67571    0.00000    0.00000    4803       2
    4804   5.791   -70.67571    0.00000    0.00000    4804       1
    4805   5.791   -70.67571    0.00000    0.00000    4805       3
    4806   5.792   -70.67571    0.00000    0.00000    4806       1
    4807   5.792   -70.67571    0.00000    0.00000    4807       1
    4808   5.793   -70.67570    0.00000    0.00000    4808       1
    4809   5.793   -70.67570    0.00000    0.00000    4809       1
    4810   5.793   -70.67570    0.00000    0.00000    4810      10
    4811   5.794   -70.67570    0.00000    0.00000    4811       6
    4812   5.795   -70.67570    0.00000    0.00000    4812       2
    4813   5.795   -70.67570    0.00000    0.00000    4813       2
    4814   5.796   -70.67570    0.00000    0.00000    4814       1
    4815   5.793   -70.67570    0.00000    0.00000    4815       1
    4816   5.796   -70.67570    0.00000    0.00000    4816       3
    4817   5.794   -70.67570    0.00000    0.00000    4817       2
    4818   5.796   -70.67570    0.00000    0.00000    4818      10
    4819   5.799   -70.67569    0.00000    0.00000    4819       4
    4820   5.797   -70.67570    0.00000    0.00000    4820       6
    4821   5.800   -70.67569    0.00000    0.00000    4821       7
    4822   5.801   -70.67569    0.00000    0.00000    4822       1
    4823   5.801   -70.67569    0.00000    0.00000    4823       1
    4824   5.802   -70.67569    0.00000    0.00000    4824       6
    4825   5.802   -70.67569    0.00000    0.00000    4825       1
    4826   5.803   -70.67569    0.00000    0.00000    4826       3
    4827   5.804   -70.67569    0.00000    0.00000    4827       6
    4828   5.805   -70.67568    0.00000    0.00000    4828       5
    4829   5.807   -70.67568    0.00000    0.00000    4829       6
    4830   5.809   -70.67568    0.00000    0.00000    4830       3
    4831   5.812   -70.67567    0.00000    0.00000    4831       2
    4832   5.804   -70.67569    0.00000    0.00000    4832       9
    4833   5.814   -70.67567    0.00000    0.00000    4833       3
    4834   5.815   -70.67567    0.00000    0.00000    4834       1
    4835   5.815   -70.67567    0.00000    0.00000    4835       1
    4836   5.815   -70.67567    0.00000    0.00000    4836       1
    4837   5.815   -70.67567    0.00000    0.00000    4837       3
    4838   5.816   -70.67567    0.00000    0.00000    4838       2
    4839   5.815   -70.67567    0.00000    0.00000    4839       1
    4840   5.815   -70.67567    0.00000    0.00000    4840       1
    4841   5.812   -70.67567    0.00000    0.00000    4841       2
    4842   5.815   -70.67567    0.00000    0.00000    4842       2
    4843   5.816   -70.67567    0.00000    0.00000    4843      11
    4844   5.817   -70.67567    0.00000    0.00000    4844       1
    4845   5.818   -70.67566    0.00000    0.00000    4845       1
    4846   5.818   -70.67566    0.00000    0.00000    4846       7
    4847   5.819   -70.67566    0.00000    0.00000    4847       2
    4848   5.818   -70.67566    0.00000    0.00000    4848       3
    4849   5.818   -70.67566    0.00000    0.00000    4849       2
    4850   5.819   -70.67566    0.00000    0.00000    4850       1
    4851   5.820   -70.67566    0.00000    0.00000    4851       4
    4852   5.819   -70.67566    0.00000    0.00000    4852       1
    4853   5.821   -70.67566    0.00000    0.00000    4853       7
    4854   5.822   -70.67566    0.00000    0.00000    4854       8
    4855   5.819   -70.67566    0.00000    0.00000    4855       3
    4856   5.818   -70.67566    0.00000    0.00000    4856       1
    4857   5.822   -70.67566    0.00000    0.00000    4857       4
    4858   5.823   -70.67566    0.00000    0.00000    4858       1
    4859   5.788   -70.67571    0.00000    0.00000    4859      12
    4860   5.826   -70.67565    0.00000    0.00000    4860       1
    4861   5.828   -70.67565    0.00000    0.00000    4861       9
    4862   5.827   -70.67565    0.00000    0.00000    4862       2
    4863   5.823   -70.67566    0.00000    0.00000    4863       5
    4864   5.831   -70.67564    0.00000    0.00000    4864       4
    4865   5.831   -70.67564    0.00000    0.00000    4865       1
    4866   5.834   -70.67564    0.00000    0.00000    4866       1
    4867   5.834   -70.67564    0.00000    0.00000    4867       2
    4868   5.825   -70.67565    0.00000    0.00000    4868       4
    4869   5.834   -70.67564    0.00000    0.00000    4869      11
    4870   5.836   -70.67563    0.00000    0.00000    4870       4
    4871   5.838   -70.67563    0.00000    0.00000    4871       3
    4872   5.838   -70.67563    0.00000    0.00000    4872      12
    4873   5.840   -70.67563    0.00000    0.00000    4873       1
    4874   5.841   -70.67563    0.00000    0.00000    4874       7
    4875   5.805   -70.67568    0.00000    0.00000    4875       2
    4876   5.842   -70.67563    0.00000    0.00000    4876       3
    4877   5.832   -70.67564    0.00000    0.00000    4877       4
    4878   5.843   -70.67562    0.00000    0.00000    4878       1
    4879   5.843   -70.67562    0.00000    0.00000    4879       1
    4880   5.843   -70.67562    0.00000    0.00000    4880       1
    4881   5.843   -70.67562    0.00000    0.00000    4881       1
    4882   5.843   -70.67562    0.00000    0.00000    4882       3
    4883   5.848   -70.67562    0.00000    0.00000    4883       4
    4884   5.843   -70.67562    0.00000    0.00000    4884       1
    4885   5.848   -70.67562    0.00000    0.00000    4885       1
    4886   5.832   -70.67564    0.00000    0.00000    4886       2
    4887   5.843   -70.67562    0.00000    0.00000    4887      28
    4888   5.851   -70.67561    0.00000    0.00000    4888       3
    4889   5.851   -70.67561    0.00000    0.00000    4889       1
    4890   5.852   -70.67561    0.00000    0.00000    4890       1
    4891   5.833   -70.67564    0.00000    0.00000    4891       1
    4892   5.852   -70.67561    0.00000    0.00000    4892       6
    4893   5.852   -70.67561    0.00000    0.00000    4893       3
    4894   5.853   -70.67561    0.00000    0.00000    4894       1
    4895   5.854   -70.67561    0.00000    0.00000    4895       4
    4896   5.854   -70.67561    0.00000    0.00000    4896       2
    4897   5.854   -70.67561    0.00000    0.00000    4897       2
    4898   5.855   -70.67560    0.00000    0.00000    4898       1
    4899   5.855   -70.67560    0.00000    0.00000    4899       2
    4900   5.846   -70.67562    0.00000    0.00000    4900       6
    4901   5.856   -70.67560    0.00000    0.00000    4901       7
    4902   5.858   -70.67560    0.00000    0.00000    4902       2
    4903   5.858   -70.67560    0.00000    0.00000    4903       6
    4904   5.858   -70.67560    0.00000    0.00000    4904       7
    4905   5.859   -70.67560    0.00000    0.00000    4905       6
    4906   5.860   -70.67560    0.00000    0.00000    4906       1
    4907   5.862   -70.67559    0.00000    0.00000    4907       1
    4908   5.860   -70.67560    0.00000    0.00000    4908       2
    4909   5.862   -70.67559    0.00000    0.00000    4909      15
    4910   5.865   -70.67559    0.00000    0.00000    4910       1
    4911   5.865   -70.67559    0.00000    0.00000    4911       1
    4912   5.865   -70.67559    0.00000    0.00000    4912       2
    4913   5.866   -70.67559    0.00000    0.00000    4913       4
    4914   5.857   -70.67560    0.00000    0.00000    4914       1
    4915   5.866   -70.67559    0.00000    0.00000    4915       1
    4916   5.866   -70.67559    0.00000    0.00000    4916       5
    4917   5.864   -70.67559    0.00000    0.00000    4917       1
    4918   5.867   -70.67559    0.00000    0.00000    4918       2
    4919   5.858   -70.67560    0.00000    0.00000    4919      13
    4920   5.870   -70.67558    0.00000    0.00000    4920       2
    4921   5.871   -70.67558    0.00000    0.00000    4921       1
    4922   5.871   -70.67558    0.00000    0.00000    4922       1
    4923   5.872   -70.67558    0.00000    0.00000    4923       3
    4924   5.873   -70.67558    0.00000    0.00000    4924       1
    4925   5.873   -70.67558    0.00000    0.00000    4925       3
    4926   5.873   -70.67558    0.00000    0.00000    4926       1
    4927   5.873   -70.67558    0.00000    0.00000    4927       1
    4928   5.873   -70.67558    0.00000    0.00000    4928       6
    4929   5.866   -70.67559    0.00000    0.00000    4929       2
    4930   5.873   -70.67558    0.00000    0.00000    4930       1
    4931   5.873   -70.67558    0.00000    0.00000    4931       1
    4932   5.873   -70.67558    0.00000    0.00000    4932       3
    4933   5.846   -70.67562    0.00000    0.00000    4933       6
    4934   5.873   -70.67558    0.00000    0.00000    4934       6
    4935   5.875   -70.67557    0.00000    0.00000    4935       2
    4936   5.847   -70.67562    0.00000    0.00000    4936       2
    4937   5.876   -70.67557    0.00000    0.00000    4937       1
    4938   5.876   -70.67557    0.00000    0.00000    4938       5
    4939   5.880   -70.67556    0.00000    0.00000    4939       4
    4940   5.881   -70.67556    0.00000    0.00000    4940       1
    4941   5.882   -70.67556    0.00000    0.00000    4941       1
    4942   5.879   -70.67557    0.00000    0.00000    4942       4
    4943   5.874   -70.67557    0.00000    0.00000    4943       3
    4944   5.883   -70.67556    0.00000    0.00000    4944       2
    4945   5.884   -70.67556    0.00000    0.00000    4945       2
    4946   5.873   -70.67558    0.00000    0.00000    4946       1
    4947   5.884   -70.67556    0.00000    0.00000    4947       2
    4948   5.885   -70.67556    0.00000    0.00000    4948       4
    4949   5.885   -70.67556    0.00000    0.00000    4949       1
    4950   5.886   -70.67556    0.00000    0.00000    4950       1
    4951   5.886   -70.67556    0.00000    0.00000    4951       6
    4952   5.887   -70.67555    0.00000    0.00000    4952       5
    4953   5.889   -70.67555    0.00000    0.00000    4953       2
    4954   5.889   -70.67555    0.00000    0.00000    4954       2
    4955   5.885   -70.67556    0.00000    0.00000    4955       2
    4956   5.890   -70.67555    0.00000    0.00000    4956       1
    4957   5.891   -70.67555    0.00000    0.00000    4957       2
    4958   5.861   -70.67559    0.00000    0.00000    4958       7
    4959   5.893   -70.67554    0.00000    0.00000    4959       1
    4960   5.892   -70.67555    0.00000    0.00000    4960       1
    4961   5.892   -70.67555    0.00000    0.00000    4961       2
    4962   5.890   -70.67555    0.00000    0.00000    4962       4
    4963   5.895   -70.67554    0.00000    0.00000    4963       4
    4964   5.895   -70.67554    0.00000    0.00000    4964       1
    4965   5.897   -70.67554    0.00000    0.00000    4965       1
    4966   5.895   -70.67554    0.00000    0.00000    4966       1
    4967   5.897   -70.67554    0.00000    0.00000    4967       5
    4968   5.892   -70.67555    0.00000    0.00000    4968       2
    4969   5.898   -70.67554    0.00000    0.00000    4969       2
    4970   5.899   -70.67554    0.00000    0.00000    4970       4
    4971   5.899   -70.67553    0.00000    0.00000    4971       3
    4972   5.899   -70.67553    0.00000    0.00000    4972       1
    4973   5.900   -70.67553    0.00000    0.00000    4973       1
    4974   5.900   -70.67553    0.00000    0.00000    4974       3
    4975   5.900   -70.67553    0.00000    0.00000    4975       6
    4976   5.902   -70.67553    0.00000    0.00000    4976       1
    4977   5.902   -70.67553    0.00000    0.00000    4977       2
    4978   5.901   -70.67553    0.00000    0.00000    4978       4
    4979   5.899   -70.67553    0.00000    0.00000    4979       2
    4980   5.899   -70.67553    0.00000    0.00000    4980       3
    4981   5.903   -70.67553    0.00000    0.00000    4981       2
    4982   5.897   -70.67554    0.00000    0.00000    4982       2
    4983   5.903   -70.67553    0.00000    0.00000    4983       1
    4984   5.903   -70.67553    0.00000    0.00000    4984       4
    4985   5.904   -70.67553    0.00000    0.00000    4985       5
    4986   5.907   -70.67552    0.00000    0.00000    4986       1
    4987   5.907   -70.67552    0.00000    0.00000    4987       1
    4988   5.901   -70.67553    0.00000    0.00000    4988       6
    4989   5.900   -70.67553    0.00000    0.00000    4989       1
    4990   5.911   -70.67552    0.00000    0.00000    4990       1
    4991   5.911   -70.67552    0.00000    0.00000    4991       3
    4992   5.889   -70.67555    0.00000    0.00000    4992       1
    4993   5.892   -70.67555    0.00000    0.00000    4993       1
    4994   5.915   -70.67551    0.00000    0.00000    4994       1
    4995   5.915   -70.67551    0.00000    0.00000    4995       3
    4996   5.917   -70.67551    0.00000    0.00000    4996       2
    4997   5.918   -70.67550    0.00000    0.00000    4997       1
    4998   5.918   -70.67550    0.00000    0.00000    4998       1
    4999   5.919   -70.67550    0.00000    0.00000    4999       1
    5000   5.919   -70.67550    0.00000    0.00000    5000       6
    5001   5.919   -70.67550    0.00000    0.00000    5001       1
    5002   5.920   -70.67550    0.00000    0.00000    5002       9
    5003   5.923   -70.67550    0.00000    0.00000    5003       3
    5004   5.881   -70.67556    0.00000    0.00000    5004       4
    5005   5.927   -70.67549    0.00000    0.00000    5005       1
    5006   5.927   -70.67549    0.00000    0.00000    5006       3
    5007   5.928   -70.67549    0.00000    0.00000    5007       4
    5008   5.928   -70.67549    0.00000    0.00000    5008       1
    5009   5.929   -70.67549    0.00000    0.00000    5009       4
    5010   5.920   -70.67550    0.00000    0.00000    5010       1
    5011   5.930   -70.67549    0.00000    0.00000    5011       4
    5012   5.930   -70.67549    0.00000    0.00000    5012       1
    5013   5.929   -70.67549    0.00000    0.00000    5013       5
    5014   5.930   -70.67549    0.00000    0.00000    5014       1
    5015   5.930   -70.67549    0.00000    0.00000    5015       1
    5016   5.930   -70.67549    0.00000    0.00000    5016       1
    5017   5.931   -70.67548    0.00000    0.00000    5017       2
    5018   5.930   -70.67549    0.00000    0.00000    5018       6
    5019   5.928   -70.67549    0.00000    0.00000    5019       4
    5020   5.931   -70.67548    0.00000    0.00000    5020       1
    5021   5.935   -70.67548    0.00000    0.00000    5021       2
    5022   5.935   -70.67548    0.00000    0.00000    5022       2
    5023   5.936   -70.67548    0.00000    0.00000    5023       1
    5024   5.936   -70.67548    0.00000    0.00000    5024       7
    5025   5.937   -70.67547    0.00000    0.00000    5025       6
    5026   5.940   -70.67547    0.00000    0.00000    5026       5
    5027   5.942   -70.67547    0.00000    0.00000    5027       1
    5028   5.941   -70.67547    0.00000    0.00000    5028       2
    5029   5.941   -70.67547    0.00000    0.00000    5029       9
    5030   5.942   -70.67547    0.00000    0.00000    5030       1
    5031   5.945   -70.67546    0.00000    0.00000    5031      10
    5032   5.943   -70.67547    0.00000    0.00000    5032       2
    5033   5.943   -70.67546    0.00000    0.00000    5033       6
    5034   5.942   -70.67547    0.00000    0.00000    5034       1
    5035   5.949   -70.67545    0.00000    0.00000    5035       5
    5036   5.950   -70.67545    0.00000    0.00000    5036       1
    5037   5.950   -70.67545    0.00000    0.00000    5037       2
    5038   5.951   -70.67545    0.00000    0.00000    5038       4
    5039   5.952   -70.67545    0.00000    0.00000    5039      11
    5040   5.954   -70.67545    0.00000    0.00000    5040       5
    5041   5.954   -70.67545    0.00000    0.00000    5041       1
    5042   5.956   -70.67544    0.00000    0.00000    5042       1
    5043   5.951   -70.67545    0.00000    0.00000    5043       9
    5044   5.951   -70.67545    0.00000    0.00000    5044       2
    5045   5.943   -70.67546    0.00000    0.00000    5045       4
    5046   5.958   -70.67544    0.00000    0.00000    5046       1
    5047   5.943   -70.67546    0.00000    0.00000    5047       2
    5048   5.959   -70.67544    0.00000    0.00000    5048       2
    5049   5.922   -70.67550    0.00000    0.00000    5049       4
    5050   5.959   -70.67544    0.00000    0.00000    5050       1
    5051   5.959   -70.67544    0.00000    0.00000    5051       2
    5052   5.959   -70.67544    0.00000    0.00000    5052       1
    5053   5.960   -70.67544    0.00000    0.00000    5053       1
    5054   5.961   -70.67544    0.00000    0.00000    5054       7
    5055   5.961   -70.67544    0.00000    0.00000    5055       1
    5056   5.962   -70.67543    0.00000    0.00000    5056       2
    5057   5.963   -70.67543    0.00000    0.00000    5057       3
    5058   5.965   -70.67543    0.00000    0.00000    5058       1
    5059   5.964   -70.67543    0.00000    0.00000    5059       4
    5060   5.957   -70.67544    0.00000    0.00000    5060       1
    5061   5.965   -70.67543    0.00000    0.00000    5061       3
    5062   5.953   -70.67545    0.00000    0.00000    5062       2
    5063   5.954   -70.67545    0.00000    0.00000    5063       2
    5064   5.970   -70.67542    0.00000    0.00000    5064       1
    5065   5.970   -70.67542    0.00000    0.00000    5065       2
    5066   5.970   -70.67542    0.00000    0.00000    5066       2
    5067   5.975   -70.67541    0.00000    0.00000    5067       3
    5068   5.977   -70.67541    0.00000    0.00000    5068       1
    5069   5.977   -70.67541    0.00000    0.00000    5069       1
    5070   5.975   -70.67541    0.00000    0.00000    5070       3
    5071   5.971   -70.67542    0.00000    0.00000    5071       5
    5072   5.979   -70.67541    0.00000    0.00000    5072       3
    5073   5.979   -70.67541    0.00000    0.00000    5073       3
    5074   5.979   -70.67541    0.00000    0.00000    5074       2
    5075   5.979   -70.67541    0.00000    0.00000    5075       1
    5076   5.980   -70.67541    0.00000    0.00000    5076       2
    5077   5.981   -70.67540    0.00000    0.00000    5077       1
    5078   5.981   -70.67540    0.00000    0.00000    5078       3
    5079   5.982   -70.67540    0.00000    0.00000    5079       4
    5080   5.983   -70.67540    0.00000    0.00000    5080       1
    5081   5.984   -70.67540    0.00000    0.00000    5081       1
    5082   5.984   -70.67540    0.00000    0.00000    5082       2
    5083   5.984   -70.67540    0.00000    0.00000    5083       5
    5084   5.982   -70.67540    0.00000    0.00000    5084       5
    5085   5.985   -70.67540    0.00000    0.00000    5085       1
    5086   5.985   -70.67540    0.00000    0.00000    5086       2
    5087   5.937   -70.67547    0.00000    0.00000    5087       1
    5088   5.985   -70.67540    0.00000    0.00000    5088       6
    5089   5.986   -70.67540    0.00000    0.00000    5089       1
    5090   5.940   -70.67547    0.00000    0.00000    5090       1
    5091   5.969   -70.67542    0.00000    0.00000    5091       3
    5092   5.986   -70.67540    0.00000    0.00000    5092       7
    5093   5.989   -70.67539    0.00000    0.00000    5093       5
    5094   5.990   -70.67539    0.00000    0.00000    5094       7
    5095   5.990   -70.67539    0.00000    0.00000    5095       8
    5096   5.991   -70.67539    0.00000    0.00000    5096       1
    5097   5.990   -70.67539    0.00000    0.00000    5097       1
    5098   5.992   -70.67539    0.00000    0.00000    5098       4
    5099   5.994   -70.67538    0.00000    0.00000    5099       4
    5100   5.995   -70.67538    0.00000    0.00000    5100       7
    5101   5.996   -70.67538    0.00000    0.00000    5101       1
    5102   5.997   -70.67538    0.00000    0.00000    5102       2
    5103   5.997   -70.67538    0.00000    0.00000    5103       3
    5104   5.995   -70.67538    0.00000    0.00000    5104       1
    5105   5.997   -70.67538    0.00000    0.00000    5105       3
    5106   5.998   -70.67538    0.00000    0.00000    5106       1
    5107   5.998   -70.67538    0.00000    0.00000    5107       2
    5108   5.998   -70.67538    0.00000    0.00000    5108       7
T /K                                  :   298.15
E lowest                              :   -70.68494
ensemble average energy (kcal)        :    1.228
ensemble entropy (J/mol K, cal/mol K) :   78.875   18.851
ensemble free energy (kcal/mol)       :   -5.621
population of lowest in %             :    2.465
 number of unique conformers for further calc         5108
 list of relative energies saved as "crest.energies"
 compare nuclear equivalencies ...
::::::::::: conformer group all :::::::::::
 chemical equivalencies (mag.active nuclei):
reference atom   5 # : 3
reference atom  12 # : 3
reference atom  26 # : 3
reference atom  36 # : 2
reference atom  44 # : 3
 magnetic equivalencies:
reference atom   5 # : 3
reference atom  12 # : 3
reference atom  26 # : 3
reference atom  44 # : 3

******************************************************************************************
**                           ENSEMBLE ENTROPY CALCULATION                               **
******************************************************************************************
======================================================
 Containing 3066 conformers :
     H(298.15K)-H(0) (conf)      1.784889
                   Cp(conf)      5.209873
                    S(conf)     11.989196
======================================================
 Containing 3425 conformers :
     H(298.15K)-H(0) (conf)      1.820653
                   Cp(conf)      5.338326
                    S(conf)     12.170077
======================================================
 Containing 3661 conformers :
     H(298.15K)-H(0) (conf)      1.837370
                   Cp(conf)      5.330378
                    S(conf)     12.298532
======================================================
 Containing 3881 conformers :
     H(298.15K)-H(0) (conf)      1.849355
                   Cp(conf)      5.454910
                    S(conf)     12.391603
======================================================
 Containing 4079 conformers :
     H(298.15K)-H(0) (conf)      1.852865
                   Cp(conf)      5.434504
                    S(conf)     12.473333
======================================================
 Containing 4221 conformers :
     H(298.15K)-H(0) (conf)      1.868008
                   Cp(conf)      5.435477
                    S(conf)     12.551499
======================================================
 Containing 4405 conformers :
     H(298.15K)-H(0) (conf)      1.890152
                   Cp(conf)      5.494620
                    S(conf)     12.610585
======================================================
 Containing 4565 conformers :
     H(298.15K)-H(0) (conf)      1.893000
                   Cp(conf)      5.547562
                    S(conf)     12.658526
======================================================
 Containing 4691 conformers :
     H(298.15K)-H(0) (conf)      1.899923
                   Cp(conf)      5.544961
                    S(conf)     12.698109
======================================================
 Containing 4801 conformers :
     H(298.15K)-H(0) (conf)      1.913138
                   Cp(conf)      5.599543
                    S(conf)     12.717682
======================================================
 Containing 4919 conformers :
     H(298.15K)-H(0) (conf)      1.916032
                   Cp(conf)      5.645986
                    S(conf)     12.733639
======================================================
 Containing 5022 conformers :
     H(298.15K)-H(0) (conf)      1.925116
                   Cp(conf)      5.699611
                    S(conf)     12.752080
======================================================
 Containing 5108 conformers :
     H(298.15K)-H(0) (conf)      1.928643
                   Cp(conf)      5.728505
                    S(conf)     12.769415
======================================================

 --------------------------------------
 FINAL CALCULATION OF MOLECULAR ENTROPY
 --------------------------------------

   block      Siter   Siter (fit) 
        1    0.181    0.172
        2    0.309    0.305
        3    0.402    0.411
        4    0.484    0.496
        5    0.562    0.564
        6    0.621    0.618
        7    0.669    0.662
        8    0.709    0.698
        9    0.728    0.726
       10    0.744    0.749
       11    0.763    0.768
       12    0.780    0.783
R²       :    0.999800
FINAL ENTROPY (extrapol.)  :     12.83521

 ----------------------------------
 Frequency Calculation and Averages
 ----------------------------------
 Nconf on file      : 5108
 Taken for Hessians : 933 (= 90.01% total population)
 T range  /K    :   278.15   378.15
 scaling factor :          1.000000     
 rotor cutoff   :         25.000000 cm⁻¹
 imag. cutoff   :        -50.000000 cm⁻¹

 Running 933 calculations ...
 |>0.1% |>10.1% |>20.0% |>30.0% |>40.1% |>50.1% |>60.0% |>70.1% |>80.1% |>90.0% |>100.0%
 done.
 calculating averages for G and S ...    done.
 calculating Boltzmann weights ...       done.
 calculating reference S (bhess) ... > bhess not implemented for calculator routines
    done.
 calculating δSrrho ...                  done.

 Coordinates for the bhess reference structure (Ångström):
 -----------------------------------------------------------
  50

 O         -1.4325235564       -1.3987396303       -0.8616815631
 C         -1.4625871547       -2.0433271557        0.4131854991
 C         -1.4921200300       -3.5584014617        0.1728436521
 C         -0.1950584324       -4.0895052237       -0.4242266266
 H          0.6500912220       -3.8710223938        0.2257471054
 H         -0.2568472178       -5.1674799252       -0.5549278372
 H         -0.0173585554       -3.6380696466       -1.3971653154
 H         -2.3134917805       -3.7783732888       -0.5089122261
 H         -1.6882490331       -4.0540895492        1.1249161928
 C         -2.6802563999       -1.5886124863        1.2386746303
 C         -4.0027606801       -1.8186773049        0.5154669452
 H         -3.9306545831       -1.4489223468       -0.5046119203
 H         -4.8041959992       -1.2905851731        1.0267682944
 H         -4.2549841132       -2.8752069868        0.4826586122
 H         -2.5869563525       -0.5273081251        1.4692128231
 H         -2.6720797376       -2.1289494993        2.1869837765
 H         -0.5473120301       -1.7882413822        0.9669326327
 C         -0.5366265089       -0.3267823529       -1.0320065891
 C          0.8845327159       -0.6608830963       -0.6890263957
 C          1.7578425300        0.2211550489       -0.2022905117
 C          3.1318267794       -0.2563271217        0.1003468716
 O          3.5078151091       -1.3917326334       -0.0685958892
 O          3.8998950007        0.7159914455        0.6035928957
 C          5.2481660654        0.3754261542        0.9250931885
 C          6.1453646261        0.4399987230       -0.3026955053
 H          6.0922644914        1.4268525517       -0.7562646101
 H          5.8288786859       -0.3024821544       -1.0310988696
 H          7.1724117867        0.2354266296       -0.0146277410
 H          5.5533438261        1.1073209121        1.6757762827
 H          5.2671749724       -0.6321071515        1.3535564394
 C          1.4221646449        1.6541398742        0.0720856268
 H          1.3526079175        1.8045935900        1.1535510344
 H          2.2232752422        2.3028177293       -0.2829748608
 C          0.0989158732        2.0685031972       -0.5766347886
 N         -0.2820391201        3.3750044306       -0.0832788571
 H         -0.5009432651        3.3223354329        0.9070462253
 H         -1.1168190187        3.7056588961       -0.5545011117
 H          0.2387631162        2.1576365206       -1.6616117201
 C         -0.9514092148        0.9621479077       -0.3027825871
 N         -2.2779168599        1.3640873292       -0.7131290099
 C         -3.1998788884        1.8265452040        0.1643535873
 O         -2.9423679636        2.0308473293        1.3327502536
 C         -4.5584357044        2.0746210225       -0.4536695068
 H         -4.9915223114        1.1295952509       -0.7746973216
 H         -5.2100408922        2.5316809259        0.2850740486
 H         -4.4713329199        2.7317179578       -1.3161744411
 H         -2.5530563276        1.1464105173       -1.6576534944
 H         -0.9911813912        0.7937562474        0.7794397441
 H          1.2002552646       -1.6789668961       -0.8645431415
 H         -0.5879043490       -0.1336894340       -2.1169676301
 -----------------------------------------------------------
 as read from <coord>
 Heavy-atom RMSD between lowest conformer and this reference :
 RMSD(heavy) =        0.002684 Å

 msRRHO(bhess) reference entropies:
      278.15        169.253363
      288.15        172.460526
      298.15        175.649028
      308.15        178.820498
      318.15        181.976245
      328.15        185.117300
      338.15        188.244452
      348.15        191.358281
      358.15        194.459192
      368.15        197.547442
      378.15        200.623165

       T/K  |S(T)|/cal/molK       |G(T)|/Eh     G_lowest/Eh    (conf)
   -----------------------------------------------------------------
    278.15    0.171430E+03    0.372510E+00      -70.312033         3
    288.15    0.174617E+03    0.369795E+00      -70.314759         3
    298.15    0.177783E+03    0.367030E+00      -70.317536         3
    308.15    0.180931E+03    0.364215E+00      -70.320363         3
    318.15    0.184062E+03    0.361350E+00      -70.323241         3
    328.15    0.187177E+03    0.358436E+00      -70.326169         3
    338.15    0.190278E+03    0.355472E+00      -70.329147         3
    348.15    0.193365E+03    0.352459E+00      -70.332174         3
    358.15    0.196439E+03    0.349396E+00      -70.335251         3
    368.15    0.199500E+03    0.346285E+00      -70.338377         3
    378.15    0.202548E+03    0.343125E+00      -70.341552         3
   -----------------------------------------------------------------
   NOTE: if |G(T)| is the averaged contributrion to the free energy.
   |G(T)| used only for the higher-energetic structures (n > 933).
   All other structures use G(T) from the respective Hessian calculations.

 Quantities calculated on free energies:
       T/K          δSrrho           Cp(T)     [H(T)-H(0)]
   -------------------------------------------------------
    278.15    0.217644E+01    0.501844E+01        1.636629
    288.15    0.215617E+01    0.482932E+01        1.685112
    298.15    0.213409E+01    0.465406E+01        1.731782
    308.15    0.211053E+01    0.449143E+01        1.776805
    318.15    0.208580E+01    0.434019E+01        1.820331
    328.15    0.206014E+01    0.419920E+01        1.862495
    338.15    0.203377E+01    0.406740E+01        1.903415
    348.15    0.200688E+01    0.394384E+01        1.943196
    358.15    0.197961E+01    0.382767E+01        1.981933
    368.15    0.195210E+01    0.371814E+01        2.019709
    378.15    0.192445E+01    0.361459E+01        2.056597
   -------------------------------------------------------
   NOTE: δSrrho(T) = |S(T)| - Sref(T)

 ----------------------
 TEMPERATURE DEPENDENCE
 ----------------------

 Final CONFORMATIONAL quantities at given T:
       T/K        S(total)           Cp(T)     [H(T)-H(0)]        G(total)
   -----------------------------------------------------------------------
    278.15       14.562230        5.018437        1.636629       -2.413855
    288.15       14.774675        4.829315        1.685112       -2.572211
    298.15       14.969299        4.654064        1.731782       -2.731315
    308.15       15.155573        4.491432        1.776805       -2.893385
    318.15       15.330062        4.340195        1.820331       -3.056928
    328.15       15.487963        4.199203        1.862495       -3.219880
    338.15       15.640910        4.067401        1.903415       -3.385559
    348.15       15.784297        3.943837        1.943196       -3.552107
    358.15       15.911922        3.827665        1.981933       -3.716922
    368.15       16.037936        3.718136        2.019709       -3.884657
    378.15       16.148410        3.614591        2.056597       -4.049924
   -----------------------------------------------------------------------
   S and Cp in cal/mol*K; H and G in kcal/mol
   G(total) is the ensemble free energy (H-T*S) and S(total) = S(conf,extrapol.) + δSrrho

 ----------------------------------------------------
 |      FINAL MOLECULAR ENTROPY AT T= 298.15 K      |
 ----------------------------------------------------
     Sconf   =         12.835213
   + δSrrho  =          2.134086
 -----------------------------------------------------
 = S(total)  =         14.969299  (cal mol⁻¹ K⁻¹)

   H(T)-H(0) =          1.731782
   G         =         -4.463097   (-T*S)
 -----------------------------------------------------
 = G(total)  =         -2.731315  (H-T*S) (kcal mol⁻¹)

   Cp(total) =          4.654064  (cal mol⁻¹ K⁻¹)


 -----------------
 Wall Time Summary
 -----------------
 CREST runtime (total)               0 d, 14 h,  3 min, 41.411 sec
 ------------------------------------------------------------------
 Trial metadynamics (MTD)   ...        0 min,  6.011 sec (  0.012%)
 Metadynamics (MTD)         ...       17 min, 47.409 sec (  2.109%)
 Geometry optimization      ...      629 min, 34.091 sec ( 74.621%)
 Static metadynamics (sMTD) ...      173 min, 20.179 sec ( 20.545%)
 Conf. entropy evaluation   ...        9 min, 16.218 sec (  1.099%)
 I/O and setup              ...       13 min, 37.502 sec (  1.615%)
 ------------------------------------------------------------------
 * wall-time:     0 d, 14 h,  3 min, 41.411 sec
 *  cpu-time:     8 d, 14 h, 41 min, 44.221 sec
 * ratio c/w:    14.699 speedup
 ------------------------------------------------------------------
 * Total number of energy+grad calls: 20256346

 CREST terminated normally.
