
       ╔════════════════════════════════════════════════╗
       ║                                                ║
       ║     ██████╗██████╗ ███████╗███████╗████████╗   ║
       ║    ██╔════╝██╔══██╗██╔════╝██╔════╝╚══██╔══╝   ║
       ║    ██║     ██████╔╝█████╗  ███████╗   ██║      ║
       ║    ██║     ██╔══██╗██╔══╝  ╚════██║   ██║      ║
       ║    ╚██████╗██║  ██║███████╗███████║   ██║      ║
       ║     ╚═════╝╚═╝  ╚═╝╚══════╝╚══════╝   ╚═╝      ║
       ║                                                ║
       ║    Conformer-Rotamer Ensemble Sampling Tool    ║
       ║            based on the xTB methods            ║
       ║                                                ║
       ╚════════════════════════════════════════════════╝
        Version 3.0.2, Mon, 29 September 16:25:59, 09/29/2025
        commit (c39758d) compiled by 'andrey@PC1'

   Cite work conducted with this code as

   • P.Pracht, F.Bohle, S.Grimme, PCCP, 2020, 22, 7169-7192.
   • S.Grimme, JCTC, 2019, 15, 2847-2862.
   • P.Pracht, S.Grimme, C.Bannwarth, F.Bohle, S.Ehlert,
     G.Feldmann, J.Gorges, M.Müller, T.Neudecker, C.Plett,
     S.Spicher, P.Steinbach, P.Wesołowski, F.Zeller,
     J. Chem. Phys., 2024, 160, 114110.

   for works involving QCG cite

   • S.Spicher, C.Plett, P.Pracht, A.Hansen, S.Grimme,
     JCTC, 2022, 18 (5), 3174-3189.
   • C.Plett, S. Grimme,
     Angew. Chem. Int. Ed. 2023, 62, e202214477.

   for works involving MECP screening cite

   • P.Pracht, C.Bannwarth, JCTC, 2022, 18 (10), 6370-6385.

   Original code
     P.Pracht, S.Grimme, Universität Bonn, MCTC
   with help from (alphabetical order):
     C.Bannwarth, F.Bohle, S.Ehlert, G.Feldmann, J.Gorges,
     S.Grimme, C.Plett, P.Pracht, S.Spicher, P.Steinbach,
     P.Wesolowski, F.Zeller

   Online documentation is available at
   https://crest-lab.github.io/crest-docs/

   This program is distributed in the hope that it will be useful,
   but WITHOUT ANY WARRANTY; without even the implied warranty of
   MERCHANTABILITY or FITNESS FOR A PARTICULAR PURPOSE. See the
   GNU Lesser General Public License (LGPL) for more details.

 Command line input:
 $ ./crest m1_00_Lisdexamfetamin-uni_best.xyz --T 16 --entropy --gfn2 --chrg 0

  --T 16 (CPUs/Threads selected)
  --entropy : enhanced ensemble entropy calculation
  --gfn2               : Use of GFN2-xTB requested.
  --chrg 0

> Setting up backup calculator ... done.
 ----------------
 Calculation info
 ----------------
> User-defined calculation level:
 : xTB calculation via tblite lib
 : GFN2-xTB level
 :   Molecular charge    : 0
 :   Fermi temperature   : 300.00000
 :   Accuracy            : 1.00000
 :   max SCC cycles      : 500


 -----------------------------
 Initial Geometry Optimization
 -----------------------------
 Geometry successfully optimized.

          ┍━━━━━━━━━━━━━━━━━━━━━━━━━━━━━━━━━━━━━━━━━━━━━━━━━┑
          │              CREST ENTROPY SAMPLING             │
          ┕━━━━━━━━━━━━━━━━━━━━━━━━━━━━━━━━━━━━━━━━━━━━━━━━━┙

 please cite:
 • P.Pracht, S.Grimme, Chem. Sci., 2021, 12, 6551-6568.
 • J.Gorges, S.Grimme, A.Hansen, P.Pracht, PCCP, 2022,24, 12249-12259.

 Input structure:
  44

 O          2.1167311274        2.5019366621        0.6334816128
 C          1.7369542528        1.4594120428        0.1319704718
 N          0.5315596068        1.2855459586       -0.4368352857
 H          0.2776715118        0.3596647626       -0.7861413666
 C         -0.4623691807        2.3307874409       -0.5237758233
 C         -1.0619563313        2.3367897559       -1.9260700623
 H         -1.5497466412        1.3868921034       -2.1322096194
 H         -1.7899858692        3.1375889187       -2.0252324914
 H         -0.2775781116        2.4902078626       -2.6634685352
 H          0.0651430834        3.2748114122       -0.3432587160
 C         -1.5411286757        2.1803636733        0.5762789954
 C         -2.1421752201        0.8071512977        0.6087846010
 C         -1.6193319703       -0.1615697592        1.4577791619
 C         -2.1328275088       -1.4460705418        1.4712615872
 C         -3.1806578572       -1.7834535345        0.6309284939
 C         -3.7220224104       -0.8219726863       -0.2062621809
 C         -3.2094898152        0.4641570829       -0.2132392492
 H         -3.6531448196        1.2116998072       -0.8550530321
 H         -4.5513063273       -1.0737313619       -0.8521427415
 H         -3.5820139589       -2.7863906663        0.6367055050
 H         -1.7193959499       -2.1845063492        2.1432173249
 H         -0.8097997553        0.1013358088        2.1231294222
 H         -1.0675461060        2.3905927236        1.5365738287
 H         -2.3139487924        2.9304157227        0.4005043951
 C          2.6312521422        0.2104301181        0.0512469405
 N          3.9920947291        0.4700617296        0.4894760016
 H          4.4089244130        1.1822044948       -0.1025735275
 H          3.9641010270        0.8644042545        1.4263596989
 C          2.0281666158       -0.9355427463        0.8749143757
 H          0.9419528198       -0.8733802408        0.8575282388
 H          2.3597015444       -0.8152452464        1.9084030902
 C          2.4569472959       -2.3132681712        0.3760808656
 H          3.5441845557       -2.3319753473        0.2890749564
 C          1.8441824995       -2.7107263049       -0.9690802767
 H          2.1754707562       -3.7247947910       -1.2014928337
 H          2.2209702336       -2.0588692286       -1.7587033345
 C          0.3113900552       -2.6738805033       -0.9948370680
 N         -0.1846353461       -1.3738147751       -1.4484859861
 H         -1.1957197595       -1.3443041097       -1.3560656265
 H          0.0389040106       -1.2518590065       -2.4323592610
 H         -0.0833341745       -2.8437402560        0.0093961759
 H         -0.0587328476       -3.4883513795       -1.6372088543
 H          2.1657865832       -3.0578083562        1.1210026527
 H          2.6741988380       -0.0821886825       -1.0033325544

 ------------------------------------------------
 Generating MTD length from a flexibility measure
 ------------------------------------------------
 Calculating GFN0-xTB WBOs   ... done.
 Calculating NCI flexibility ... done.
     covalent flexibility measure :   0.538
 non-covalent flexibility measure :   0.493
 flexibility measure :   0.450
 t(MTD) / ps    :    35.0
 Σ(t(MTD)) / ps :   840.0 (24 MTDs)

 -----------------------------------
 Starting trial MTD to test settings
 -----------------------------------
 Trial MTD 1 runtime (1.0 ps) ...        0 min,  4.596 sec
 Estimated runtime for one MTD (35.0 ps) on a single thread: 2 min 41 sec
 Estimated runtime for a batch of 24 MTDs on 16 threads: 5 min 22 sec

********************************************************************************
**                    N E W   I T E R A T I O N  C Y C L E                    **
********************************************************************************

 ------------------------------
 Meta-Dynamics Iteration 1
 ------------------------------
 list of applied metadynamics Vbias parameters:
$metadyn    0.33000   1.618
$metadyn    0.16500   1.618
$metadyn    0.08250   1.618
$metadyn    0.04125   1.618
$metadyn    0.33000   1.000
$metadyn    0.16500   1.000
$metadyn    0.08250   1.000
$metadyn    0.04125   1.000
$metadyn    0.33000   0.618
$metadyn    0.16500   0.618
$metadyn    0.08250   0.618
$metadyn    0.04125   0.618
$metadyn    0.33000   0.382
$metadyn    0.16500   0.382
$metadyn    0.08250   0.382
$metadyn    0.04125   0.382
$metadyn    0.33000   0.236
$metadyn    0.16500   0.236
$metadyn    0.08250   0.236
$metadyn    0.04125   0.236
$metadyn    0.33000   0.146
$metadyn    0.16500   0.146
$metadyn    0.08250   0.146
$metadyn    0.04125   0.146

  ::::::::::::: starting MTD   20 :::::::::::::
  |   MD simulation time   :    35.0 ps       |
  |   target T             :   300.0 K        |
  |   timestep dt          :     5.0 fs       |
  |   dump interval(trj)   :   100.0 fs       |
  |   SHAKE algorithm      : true (all bonds) |
  |   dump interval(Vbias) :    1.00 ps       |
  |   Vbias prefactor (k)  :  0.0412 Eh       |
  |   Vbias exponent (α)   :  0.2361 bohr⁻²   |
  ::::::::::::: starting MTD   22 :::::::::::::
  |   MD simulation time   :    35.0 ps       |
  |   target T             :   300.0 K        |
  |   timestep dt          :     5.0 fs       |
  |   dump interval(trj)   :   100.0 fs       |
  |   SHAKE algorithm      : true (all bonds) |
  |   dump interval(Vbias) :    1.00 ps       |
  |   Vbias prefactor (k)  :  0.1650 Eh       |
  |   Vbias exponent (α)   :  0.1459 bohr⁻²   |
  ::::::::::::: starting MTD   18 :::::::::::::
  |   MD simulation time   :    35.0 ps       |
  |   target T             :   300.0 K        |
  |   timestep dt          :     5.0 fs       |
  |   dump interval(trj)   :   100.0 fs       |
  |   SHAKE algorithm      : true (all bonds) |
  |   dump interval(Vbias) :    1.00 ps       |
  |   Vbias prefactor (k)  :  0.1650 Eh       |
  |   Vbias exponent (α)   :  0.2361 bohr⁻²   |
  ::::::::::::: starting MTD   13 :::::::::::::
  |   MD simulation time   :    35.0 ps       |
  |   target T             :   300.0 K        |
  |   timestep dt          :     5.0 fs       |
  |   dump interval(trj)   :   100.0 fs       |
  |   SHAKE algorithm      : true (all bonds) |
  |   dump interval(Vbias) :    1.00 ps       |
  |   Vbias prefactor (k)  :  0.3300 Eh       |
  |   Vbias exponent (α)   :  0.3820 bohr⁻²   |
  ::::::::::::: starting MTD    1 :::::::::::::
  |   MD simulation time   :    35.0 ps       |
  |   target T             :   300.0 K        |
  |   timestep dt          :     5.0 fs       |
  |   dump interval(trj)   :   100.0 fs       |
  |   SHAKE algorithm      : true (all bonds) |
  |   dump interval(Vbias) :    1.00 ps       |
  |   Vbias prefactor (k)  :  0.3300 Eh       |
  |   Vbias exponent (α)   :  1.6180 bohr⁻²   |
  ::::::::::::: starting MTD    3 :::::::::::::
  |   MD simulation time   :    35.0 ps       |
  |   target T             :   300.0 K        |
  |   timestep dt          :     5.0 fs       |
  |   dump interval(trj)   :   100.0 fs       |
  |   SHAKE algorithm      : true (all bonds) |
  |   dump interval(Vbias) :    1.00 ps       |
  |   Vbias prefactor (k)  :  0.0825 Eh       |
  |   Vbias exponent (α)   :  1.6180 bohr⁻²   |
  ::::::::::::: starting MTD   21 :::::::::::::
  |   MD simulation time   :    35.0 ps       |
  |   target T             :   300.0 K        |
  |   timestep dt          :     5.0 fs       |
  |   dump interval(trj)   :   100.0 fs       |
  |   SHAKE algorithm      : true (all bonds) |
  |   dump interval(Vbias) :    1.00 ps       |
  |   Vbias prefactor (k)  :  0.3300 Eh       |
  |   Vbias exponent (α)   :  0.1459 bohr⁻²   |
  ::::::::::::: starting MTD   15 :::::::::::::
  |   MD simulation time   :    35.0 ps       |
  |   target T             :   300.0 K        |
  |   timestep dt          :     5.0 fs       |
  |   dump interval(trj)   :   100.0 fs       |
  |   SHAKE algorithm      : true (all bonds) |
  |   dump interval(Vbias) :    1.00 ps       |
  |   Vbias prefactor (k)  :  0.0825 Eh       |
  |   Vbias exponent (α)   :  0.3820 bohr⁻²   |
  ::::::::::::: starting MTD    5 :::::::::::::
  |   MD simulation time   :    35.0 ps       |
  |   target T             :   300.0 K        |
  |   timestep dt          :     5.0 fs       |
  |   dump interval(trj)   :   100.0 fs       |
  |   SHAKE algorithm      : true (all bonds) |
  |   dump interval(Vbias) :    1.00 ps       |
  |   Vbias prefactor (k)  :  0.3300 Eh       |
  |   Vbias exponent (α)   :  1.0000 bohr⁻²   |
  ::::::::::::: starting MTD   11 :::::::::::::
  |   MD simulation time   :    35.0 ps       |
  |   target T             :   300.0 K        |
  |   timestep dt          :     5.0 fs       |
  |   dump interval(trj)   :   100.0 fs       |
  |   SHAKE algorithm      : true (all bonds) |
  |   dump interval(Vbias) :    1.00 ps       |
  |   Vbias prefactor (k)  :  0.0825 Eh       |
  |   Vbias exponent (α)   :  0.6180 bohr⁻²   |
  ::::::::::::: starting MTD   19 :::::::::::::
  |   MD simulation time   :    35.0 ps       |
  |   target T             :   300.0 K        |
  |   timestep dt          :     5.0 fs       |
  |   dump interval(trj)   :   100.0 fs       |
  |   SHAKE algorithm      : true (all bonds) |
  |   dump interval(Vbias) :    1.00 ps       |
  |   Vbias prefactor (k)  :  0.0825 Eh       |
  |   Vbias exponent (α)   :  0.2361 bohr⁻²   |
  ::::::::::::: starting MTD   17 :::::::::::::
  |   MD simulation time   :    35.0 ps       |
  |   target T             :   300.0 K        |
  |   timestep dt          :     5.0 fs       |
  |   dump interval(trj)   :   100.0 fs       |
  |   SHAKE algorithm      : true (all bonds) |
  |   dump interval(Vbias) :    1.00 ps       |
  |   Vbias prefactor (k)  :  0.3300 Eh       |
  |   Vbias exponent (α)   :  0.2361 bohr⁻²   |
  ::::::::::::: starting MTD    9 :::::::::::::
  |   MD simulation time   :    35.0 ps       |
  |   target T             :   300.0 K        |
  |   timestep dt          :     5.0 fs       |
  |   dump interval(trj)   :   100.0 fs       |
  |   SHAKE algorithm      : true (all bonds) |
  |   dump interval(Vbias) :    1.00 ps       |
  |   Vbias prefactor (k)  :  0.3300 Eh       |
  |   Vbias exponent (α)   :  0.6180 bohr⁻²   |
  ::::::::::::: starting MTD   23 :::::::::::::
  |   MD simulation time   :    35.0 ps       |
  |   target T             :   300.0 K        |
  |   timestep dt          :     5.0 fs       |
  |   dump interval(trj)   :   100.0 fs       |
  |   SHAKE algorithm      : true (all bonds) |
  |   dump interval(Vbias) :    1.00 ps       |
  |   Vbias prefactor (k)  :  0.0825 Eh       |
  |   Vbias exponent (α)   :  0.1459 bohr⁻²   |
  ::::::::::::: starting MTD    7 :::::::::::::
  |   MD simulation time   :    35.0 ps       |
  |   target T             :   300.0 K        |
  |   timestep dt          :     5.0 fs       |
  |   dump interval(trj)   :   100.0 fs       |
  |   SHAKE algorithm      : true (all bonds) |
  |   dump interval(Vbias) :    1.00 ps       |
  |   Vbias prefactor (k)  :  0.0825 Eh       |
  |   Vbias exponent (α)   :  1.0000 bohr⁻²   |
  ::::::::::::: starting MTD   24 :::::::::::::
  |   MD simulation time   :    35.0 ps       |
  |   target T             :   300.0 K        |
  |   timestep dt          :     5.0 fs       |
  |   dump interval(trj)   :   100.0 fs       |
  |   SHAKE algorithm      : true (all bonds) |
  |   dump interval(Vbias) :    1.00 ps       |
  |   Vbias prefactor (k)  :  0.0412 Eh       |
  |   Vbias exponent (α)   :  0.1459 bohr⁻²   |
*MTD   7 completed successfully ...        4 min, 16.856 sec
  ::::::::::::: starting MTD    8 :::::::::::::
  |   MD simulation time   :    35.0 ps       |
  |   target T             :   300.0 K        |
  |   timestep dt          :     5.0 fs       |
  |   dump interval(trj)   :   100.0 fs       |
  |   SHAKE algorithm      : true (all bonds) |
  |   dump interval(Vbias) :    1.00 ps       |
  |   Vbias prefactor (k)  :  0.0412 Eh       |
  |   Vbias exponent (α)   :  1.0000 bohr⁻²   |
*MTD  11 completed successfully ...        4 min, 17.303 sec
  ::::::::::::: starting MTD   12 :::::::::::::
  |   MD simulation time   :    35.0 ps       |
  |   target T             :   300.0 K        |
  |   timestep dt          :     5.0 fs       |
  |   dump interval(trj)   :   100.0 fs       |
  |   SHAKE algorithm      : true (all bonds) |
  |   dump interval(Vbias) :    1.00 ps       |
  |   Vbias prefactor (k)  :  0.0412 Eh       |
  |   Vbias exponent (α)   :  0.6180 bohr⁻²   |
*MTD  20 completed successfully ...        4 min, 18.261 sec
*MTD   5 completed successfully ...        4 min, 18.589 sec
  ::::::::::::: starting MTD    6 :::::::::::::
  |   MD simulation time   :    35.0 ps       |
  |   target T             :   300.0 K        |
  |   timestep dt          :     5.0 fs       |
  |   dump interval(trj)   :   100.0 fs       |
  |   SHAKE algorithm      : true (all bonds) |
  |   dump interval(Vbias) :    1.00 ps       |
  |   Vbias prefactor (k)  :  0.1650 Eh       |
  |   Vbias exponent (α)   :  1.0000 bohr⁻²   |
*MTD  24 completed successfully ...        4 min, 18.612 sec
*MTD   9 completed successfully ...        4 min, 19.016 sec
  ::::::::::::: starting MTD   10 :::::::::::::
  |   MD simulation time   :    35.0 ps       |
  |   target T             :   300.0 K        |
  |   timestep dt          :     5.0 fs       |
  |   dump interval(trj)   :   100.0 fs       |
  |   SHAKE algorithm      : true (all bonds) |
  |   dump interval(Vbias) :    1.00 ps       |
  |   Vbias prefactor (k)  :  0.1650 Eh       |
  |   Vbias exponent (α)   :  0.6180 bohr⁻²   |
*MTD  15 completed successfully ...        4 min, 19.384 sec
  ::::::::::::: starting MTD   16 :::::::::::::
  |   MD simulation time   :    35.0 ps       |
  |   target T             :   300.0 K        |
  |   timestep dt          :     5.0 fs       |
  |   dump interval(trj)   :   100.0 fs       |
  |   SHAKE algorithm      : true (all bonds) |
  |   dump interval(Vbias) :    1.00 ps       |
  |   Vbias prefactor (k)  :  0.0412 Eh       |
  |   Vbias exponent (α)   :  0.3820 bohr⁻²   |
*MTD   1 completed successfully ...        4 min, 19.416 sec
  ::::::::::::: starting MTD    2 :::::::::::::
  |   MD simulation time   :    35.0 ps       |
  |   target T             :   300.0 K        |
  |   timestep dt          :     5.0 fs       |
  |   dump interval(trj)   :   100.0 fs       |
  |   SHAKE algorithm      : true (all bonds) |
  |   dump interval(Vbias) :    1.00 ps       |
  |   Vbias prefactor (k)  :  0.1650 Eh       |
  |   Vbias exponent (α)   :  1.6180 bohr⁻²   |
*MTD  19 completed successfully ...        4 min, 19.419 sec
*MTD  18 completed successfully ...        4 min, 19.896 sec
*MTD   3 completed successfully ...        4 min, 20.027 sec
  ::::::::::::: starting MTD    4 :::::::::::::
  |   MD simulation time   :    35.0 ps       |
  |   target T             :   300.0 K        |
  |   timestep dt          :     5.0 fs       |
  |   dump interval(trj)   :   100.0 fs       |
  |   SHAKE algorithm      : true (all bonds) |
  |   dump interval(Vbias) :    1.00 ps       |
  |   Vbias prefactor (k)  :  0.0412 Eh       |
  |   Vbias exponent (α)   :  1.6180 bohr⁻²   |
*MTD  23 completed successfully ...        4 min, 20.933 sec
*MTD  13 completed successfully ...        4 min, 21.876 sec
  ::::::::::::: starting MTD   14 :::::::::::::
  |   MD simulation time   :    35.0 ps       |
  |   target T             :   300.0 K        |
  |   timestep dt          :     5.0 fs       |
  |   dump interval(trj)   :   100.0 fs       |
  |   SHAKE algorithm      : true (all bonds) |
  |   dump interval(Vbias) :    1.00 ps       |
  |   Vbias prefactor (k)  :  0.1650 Eh       |
  |   Vbias exponent (α)   :  0.3820 bohr⁻²   |
*MTD  22 completed successfully ...        4 min, 23.398 sec
*MTD  17 completed successfully ...        4 min, 24.489 sec
*MTD  21 completed successfully ...        4 min, 30.900 sec
*MTD   8 completed successfully ...        2 min, 50.968 sec
*MTD   6 completed successfully ...        2 min, 50.499 sec
*MTD  12 completed successfully ...        2 min, 51.858 sec
*MTD   2 completed successfully ...        2 min, 50.539 sec
*MTD  16 completed successfully ...        2 min, 51.314 sec
*MTD  10 completed successfully ...        2 min, 51.855 sec
*MTD   4 completed successfully ...        2 min, 52.348 sec
*MTD  14 completed successfully ...        2 min, 52.390 sec

 ======================================
 |  Multilevel Ensemble Optimization  |
 ======================================
 Optimizing all 8376 structures from file "crest_dynamics.trj" ...
 ----------------------
 crude pre-optimization
 ----------------------
 Optimization engine: ANCOPT
 Hessian update type: BFGS
 E/G convergence criteria:  0.500E-03 Eh, 0.100E-01 Eh/a0
 maximum optimization steps: 200
 |>0.0% |>5.0% |>10.0% |>15.0% |>20.0% |>25.0% |>30.0% |>35.0% |>40.0% |>45.0% |>50.0% |>55.0% |>60.0% |>65.0% |>70.0% |>75.0% |>80.0% |>85.0% |>90.0% |>95.0% |>100.0%
 done.
> 8376 of 8376 structures successfully optimized (100.0% success)
> Total runtime for 8376 optimizations:
 * wall-time:     0 d,  0 h,  5 min,  9.797 sec
 *  cpu-time:     0 d,  1 h, 19 min, 57.788 sec
 * ratio c/w:    15.487 speedup
> Corresponding to approximately 0.037 sec per processed structure

CREGEN> running RMSDs ... done.
CREGEN> E lowest :   -57.70648
 7295 structures remain within    12.00 kcal/mol window
 ----------------------------------
 optimization with tight thresholds
 ----------------------------------
 Optimization engine: ANCOPT
 Hessian update type: BFGS
 E/G convergence criteria:  0.100E-05 Eh, 0.800E-03 Eh/a0
 maximum optimization steps: 200
 |>0.0% |>5.0% |>10.0% |>15.0% |>20.0% |>25.0% |>30.0% |>35.0% |>40.0% |>45.0% |>50.0% |>55.0% |>60.0% |>65.0% |>70.0% |>75.0% |>80.0% |>85.0% |>90.0% |>95.0% |>100.0%
 done.
> 7024 of 7295 structures successfully optimized (96.3% success)
> Total runtime for 7295 optimizations:
 * wall-time:     0 d,  0 h, 17 min, 57.775 sec
 *  cpu-time:     0 d,  4 h, 41 min, 19.075 sec
 * ratio c/w:    15.661 speedup
> Corresponding to approximately 0.148 sec per processed structure

CREGEN> running RMSDs ... done.
CREGEN> E lowest :   -57.70690
 3464 structures remain within     6.00 kcal/mol window

========================================
           MTD Simulations done         
========================================
 Collecting ensmbles.
CREGEN> running RMSDs ... done.
CREGEN> E lowest :   -57.70690
 3464 structures remain within     6.00 kcal/mol window
     H(298.15K)-H(0) (conf)      1.668789
                   Cp(conf)      7.684097
                    S(conf)     11.451513

********************************************************************************
**                     I T E R A T I O N    C Y C L E      1                  **
********************************************************************************
 -------------------------------------------
 determining bias structures via PCA/k-Means
 -------------------------------------------

 11 structures were selected
 done.

 -----------------------------------------------
 determining MTD seed structures via PCA/k-Means
 -----------------------------------------------

 36 structures were selected
 done.


 ===========================================================
 Static MTDs (umbrella sampling) on 36 selected conformer(s)
 ===========================================================
> Using 11 constant RMSD bias potentials per MTD
  :::::::::: starting static MTD   1 ::::::::::
  |   MD simulation time   :    17.5 ps       |
  |   target T             :   400.0 K        |
  |   timestep dt          :     5.0 fs       |
  |   dump interval(trj)   :   100.0 fs       |
  |   SHAKE algorithm      : true (all bonds) |
  |   Vbias prefactor (k)  :  0.0026 Eh       |
  |   Vbias exponent (α)   :  1.0000 bohr⁻²   |
  :::::::::: starting static MTD  11 ::::::::::
  |   MD simulation time   :    17.5 ps       |
  |   target T             :   400.0 K        |
  |   timestep dt          :     5.0 fs       |
  |   dump interval(trj)   :   100.0 fs       |
  |   SHAKE algorithm      : true (all bonds) |
  |   Vbias prefactor (k)  :  0.0026 Eh       |
  |   Vbias exponent (α)   :  1.0000 bohr⁻²   |
  :::::::::: starting static MTD   2 ::::::::::
  |   MD simulation time   :    17.5 ps       |
  |   target T             :   400.0 K        |
  |   timestep dt          :     5.0 fs       |
  |   dump interval(trj)   :   100.0 fs       |
  |   SHAKE algorithm      : true (all bonds) |
  |   Vbias prefactor (k)  :  0.0026 Eh       |
  |   Vbias exponent (α)   :  1.0000 bohr⁻²   |
  :::::::::: starting static MTD  10 ::::::::::
  |   MD simulation time   :    17.5 ps       |
  |   target T             :   400.0 K        |
  |   timestep dt          :     5.0 fs       |
  |   dump interval(trj)   :   100.0 fs       |
  |   SHAKE algorithm      : true (all bonds) |
  |   Vbias prefactor (k)  :  0.0026 Eh       |
  |   Vbias exponent (α)   :  1.0000 bohr⁻²   |
  :::::::::: starting static MTD   3 ::::::::::
  |   MD simulation time   :    17.5 ps       |
  |   target T             :   400.0 K        |
  |   timestep dt          :     5.0 fs       |
  |   dump interval(trj)   :   100.0 fs       |
  |   SHAKE algorithm      : true (all bonds) |
  |   Vbias prefactor (k)  :  0.0026 Eh       |
  |   Vbias exponent (α)   :  1.0000 bohr⁻²   |
  :::::::::: starting static MTD   9 ::::::::::
  |   MD simulation time   :    17.5 ps       |
  |   target T             :   400.0 K        |
  |   timestep dt          :     5.0 fs       |
  |   dump interval(trj)   :   100.0 fs       |
  |   SHAKE algorithm      : true (all bonds) |
  |   Vbias prefactor (k)  :  0.0026 Eh       |
  |   Vbias exponent (α)   :  1.0000 bohr⁻²   |
  :::::::::: starting static MTD  13 ::::::::::
  |   MD simulation time   :    17.5 ps       |
  |   target T             :   400.0 K        |
  |   timestep dt          :     5.0 fs       |
  |   dump interval(trj)   :   100.0 fs       |
  |   SHAKE algorithm      : true (all bonds) |
  |   Vbias prefactor (k)  :  0.0026 Eh       |
  |   Vbias exponent (α)   :  1.0000 bohr⁻²   |
  :::::::::: starting static MTD  15 ::::::::::
  |   MD simulation time   :    17.5 ps       |
  |   target T             :   400.0 K        |
  |   timestep dt          :     5.0 fs       |
  |   dump interval(trj)   :   100.0 fs       |
  |   SHAKE algorithm      : true (all bonds) |
  |   Vbias prefactor (k)  :  0.0026 Eh       |
  |   Vbias exponent (α)   :  1.0000 bohr⁻²   |
  :::::::::: starting static MTD  12 ::::::::::
  |   MD simulation time   :    17.5 ps       |
  |   target T             :   400.0 K        |
  |   timestep dt          :     5.0 fs       |
  |   dump interval(trj)   :   100.0 fs       |
  |   SHAKE algorithm      : true (all bonds) |
  |   Vbias prefactor (k)  :  0.0026 Eh       |
  |   Vbias exponent (α)   :  1.0000 bohr⁻²   |
  :::::::::: starting static MTD   8 ::::::::::
  |   MD simulation time   :    17.5 ps       |
  |   target T             :   400.0 K        |
  |   timestep dt          :     5.0 fs       |
  |   dump interval(trj)   :   100.0 fs       |
  |   SHAKE algorithm      : true (all bonds) |
  |   Vbias prefactor (k)  :  0.0026 Eh       |
  |   Vbias exponent (α)   :  1.0000 bohr⁻²   |
  :::::::::: starting static MTD  36 ::::::::::
  |   MD simulation time   :    17.5 ps       |
  |   target T             :   400.0 K        |
  |   timestep dt          :     5.0 fs       |
  |   dump interval(trj)   :   100.0 fs       |
  |   SHAKE algorithm      : true (all bonds) |
  |   Vbias prefactor (k)  :  0.0026 Eh       |
  |   Vbias exponent (α)   :  1.0000 bohr⁻²   |
  :::::::::: starting static MTD   4 ::::::::::
  |   MD simulation time   :    17.5 ps       |
  |   target T             :   400.0 K        |
  |   timestep dt          :     5.0 fs       |
  |   dump interval(trj)   :   100.0 fs       |
  |   SHAKE algorithm      : true (all bonds) |
  |   Vbias prefactor (k)  :  0.0026 Eh       |
  |   Vbias exponent (α)   :  1.0000 bohr⁻²   |
  :::::::::: starting static MTD   6 ::::::::::
  |   MD simulation time   :    17.5 ps       |
  |   target T             :   400.0 K        |
  |   timestep dt          :     5.0 fs       |
  |   dump interval(trj)   :   100.0 fs       |
  |   SHAKE algorithm      : true (all bonds) |
  |   Vbias prefactor (k)  :  0.0026 Eh       |
  |   Vbias exponent (α)   :  1.0000 bohr⁻²   |
  :::::::::: starting static MTD  14 ::::::::::
  |   MD simulation time   :    17.5 ps       |
  |   target T             :   400.0 K        |
  |   timestep dt          :     5.0 fs       |
  |   dump interval(trj)   :   100.0 fs       |
  |   SHAKE algorithm      : true (all bonds) |
  |   Vbias prefactor (k)  :  0.0026 Eh       |
  |   Vbias exponent (α)   :  1.0000 bohr⁻²   |
  :::::::::: starting static MTD   7 ::::::::::
  |   MD simulation time   :    17.5 ps       |
  |   target T             :   400.0 K        |
  |   timestep dt          :     5.0 fs       |
  |   dump interval(trj)   :   100.0 fs       |
  |   SHAKE algorithm      : true (all bonds) |
  |   Vbias prefactor (k)  :  0.0026 Eh       |
  |   Vbias exponent (α)   :  1.0000 bohr⁻²   |
  :::::::::: starting static MTD   5 ::::::::::
  |   MD simulation time   :    17.5 ps       |
  |   target T             :   400.0 K        |
  |   timestep dt          :     5.0 fs       |
  |   dump interval(trj)   :   100.0 fs       |
  |   SHAKE algorithm      : true (all bonds) |
  |   Vbias prefactor (k)  :  0.0026 Eh       |
  |   Vbias exponent (α)   :  1.0000 bohr⁻²   |
*sMTD  12 completed successfully ...        2 min, 17.406 sec
  :::::::::: starting static MTD  16 ::::::::::
  |   MD simulation time   :    17.5 ps       |
  |   target T             :   400.0 K        |
  |   timestep dt          :     5.0 fs       |
  |   dump interval(trj)   :   100.0 fs       |
  |   SHAKE algorithm      : true (all bonds) |
  |   Vbias prefactor (k)  :  0.0026 Eh       |
  |   Vbias exponent (α)   :  1.0000 bohr⁻²   |
*sMTD  11 completed successfully ...        2 min, 17.985 sec
  :::::::::: starting static MTD  17 ::::::::::
  |   MD simulation time   :    17.5 ps       |
  |   target T             :   400.0 K        |
  |   timestep dt          :     5.0 fs       |
  |   dump interval(trj)   :   100.0 fs       |
  |   SHAKE algorithm      : true (all bonds) |
  |   Vbias prefactor (k)  :  0.0026 Eh       |
  |   Vbias exponent (α)   :  1.0000 bohr⁻²   |
*sMTD   9 completed successfully ...        2 min, 19.016 sec
  :::::::::: starting static MTD  18 ::::::::::
  |   MD simulation time   :    17.5 ps       |
  |   target T             :   400.0 K        |
  |   timestep dt          :     5.0 fs       |
  |   dump interval(trj)   :   100.0 fs       |
  |   SHAKE algorithm      : true (all bonds) |
  |   Vbias prefactor (k)  :  0.0026 Eh       |
  |   Vbias exponent (α)   :  1.0000 bohr⁻²   |
*sMTD  13 completed successfully ...        2 min, 19.273 sec
  :::::::::: starting static MTD  19 ::::::::::
  |   MD simulation time   :    17.5 ps       |
  |   target T             :   400.0 K        |
  |   timestep dt          :     5.0 fs       |
  |   dump interval(trj)   :   100.0 fs       |
  |   SHAKE algorithm      : true (all bonds) |
  |   Vbias prefactor (k)  :  0.0026 Eh       |
  |   Vbias exponent (α)   :  1.0000 bohr⁻²   |
*sMTD  10 completed successfully ...        2 min, 19.383 sec
  :::::::::: starting static MTD  20 ::::::::::
  |   MD simulation time   :    17.5 ps       |
  |   target T             :   400.0 K        |
  |   timestep dt          :     5.0 fs       |
  |   dump interval(trj)   :   100.0 fs       |
  |   SHAKE algorithm      : true (all bonds) |
  |   Vbias prefactor (k)  :  0.0026 Eh       |
  |   Vbias exponent (α)   :  1.0000 bohr⁻²   |
*sMTD   1 completed successfully ...        2 min, 19.576 sec
  :::::::::: starting static MTD  21 ::::::::::
  |   MD simulation time   :    17.5 ps       |
  |   target T             :   400.0 K        |
  |   timestep dt          :     5.0 fs       |
  |   dump interval(trj)   :   100.0 fs       |
  |   SHAKE algorithm      : true (all bonds) |
  |   Vbias prefactor (k)  :  0.0026 Eh       |
  |   Vbias exponent (α)   :  1.0000 bohr⁻²   |
*sMTD   4 completed successfully ...        2 min, 19.670 sec
  :::::::::: starting static MTD  22 ::::::::::
  |   MD simulation time   :    17.5 ps       |
  |   target T             :   400.0 K        |
  |   timestep dt          :     5.0 fs       |
  |   dump interval(trj)   :   100.0 fs       |
  |   SHAKE algorithm      : true (all bonds) |
  |   Vbias prefactor (k)  :  0.0026 Eh       |
  |   Vbias exponent (α)   :  1.0000 bohr⁻²   |
*sMTD  15 completed successfully ...        2 min, 19.929 sec
  :::::::::: starting static MTD  23 ::::::::::
  |   MD simulation time   :    17.5 ps       |
  |   target T             :   400.0 K        |
  |   timestep dt          :     5.0 fs       |
  |   dump interval(trj)   :   100.0 fs       |
  |   SHAKE algorithm      : true (all bonds) |
  |   Vbias prefactor (k)  :  0.0026 Eh       |
  |   Vbias exponent (α)   :  1.0000 bohr⁻²   |
*sMTD   2 completed successfully ...        2 min, 19.939 sec
  :::::::::: starting static MTD  24 ::::::::::
  |   MD simulation time   :    17.5 ps       |
  |   target T             :   400.0 K        |
  |   timestep dt          :     5.0 fs       |
  |   dump interval(trj)   :   100.0 fs       |
  |   SHAKE algorithm      : true (all bonds) |
  |   Vbias prefactor (k)  :  0.0026 Eh       |
  |   Vbias exponent (α)   :  1.0000 bohr⁻²   |
*sMTD   8 completed successfully ...        2 min, 20.573 sec
  :::::::::: starting static MTD  25 ::::::::::
  |   MD simulation time   :    17.5 ps       |
  |   target T             :   400.0 K        |
  |   timestep dt          :     5.0 fs       |
  |   dump interval(trj)   :   100.0 fs       |
  |   SHAKE algorithm      : true (all bonds) |
  |   Vbias prefactor (k)  :  0.0026 Eh       |
  |   Vbias exponent (α)   :  1.0000 bohr⁻²   |
*sMTD   6 completed successfully ...        2 min, 20.585 sec
  :::::::::: starting static MTD  26 ::::::::::
  |   MD simulation time   :    17.5 ps       |
  |   target T             :   400.0 K        |
  |   timestep dt          :     5.0 fs       |
  |   dump interval(trj)   :   100.0 fs       |
  |   SHAKE algorithm      : true (all bonds) |
  |   Vbias prefactor (k)  :  0.0026 Eh       |
  |   Vbias exponent (α)   :  1.0000 bohr⁻²   |
*sMTD   7 completed successfully ...        2 min, 20.734 sec
  :::::::::: starting static MTD  27 ::::::::::
  |   MD simulation time   :    17.5 ps       |
  |   target T             :   400.0 K        |
  |   timestep dt          :     5.0 fs       |
  |   dump interval(trj)   :   100.0 fs       |
  |   SHAKE algorithm      : true (all bonds) |
  |   Vbias prefactor (k)  :  0.0026 Eh       |
  |   Vbias exponent (α)   :  1.0000 bohr⁻²   |
*sMTD  14 completed successfully ...        2 min, 21.068 sec
  :::::::::: starting static MTD  28 ::::::::::
  |   MD simulation time   :    17.5 ps       |
  |   target T             :   400.0 K        |
  |   timestep dt          :     5.0 fs       |
  |   dump interval(trj)   :   100.0 fs       |
  |   SHAKE algorithm      : true (all bonds) |
  |   Vbias prefactor (k)  :  0.0026 Eh       |
  |   Vbias exponent (α)   :  1.0000 bohr⁻²   |
*sMTD   5 completed successfully ...        2 min, 21.561 sec
  :::::::::: starting static MTD  29 ::::::::::
  |   MD simulation time   :    17.5 ps       |
  |   target T             :   400.0 K        |
  |   timestep dt          :     5.0 fs       |
  |   dump interval(trj)   :   100.0 fs       |
  |   SHAKE algorithm      : true (all bonds) |
  |   Vbias prefactor (k)  :  0.0026 Eh       |
  |   Vbias exponent (α)   :  1.0000 bohr⁻²   |
*sMTD   3 completed successfully ...        2 min, 22.008 sec
  :::::::::: starting static MTD  30 ::::::::::
  |   MD simulation time   :    17.5 ps       |
  |   target T             :   400.0 K        |
  |   timestep dt          :     5.0 fs       |
  |   dump interval(trj)   :   100.0 fs       |
  |   SHAKE algorithm      : true (all bonds) |
  |   Vbias prefactor (k)  :  0.0026 Eh       |
  |   Vbias exponent (α)   :  1.0000 bohr⁻²   |
*sMTD  36 completed successfully ...        2 min, 22.455 sec
  :::::::::: starting static MTD  35 ::::::::::
  |   MD simulation time   :    17.5 ps       |
  |   target T             :   400.0 K        |
  |   timestep dt          :     5.0 fs       |
  |   dump interval(trj)   :   100.0 fs       |
  |   SHAKE algorithm      : true (all bonds) |
  |   Vbias prefactor (k)  :  0.0026 Eh       |
  |   Vbias exponent (α)   :  1.0000 bohr⁻²   |
*sMTD  20 completed successfully ...        2 min, 17.756 sec
  :::::::::: starting static MTD  31 ::::::::::
  |   MD simulation time   :    17.5 ps       |
  |   target T             :   400.0 K        |
  |   timestep dt          :     5.0 fs       |
  |   dump interval(trj)   :   100.0 fs       |
  |   SHAKE algorithm      : true (all bonds) |
  |   Vbias prefactor (k)  :  0.0026 Eh       |
  |   Vbias exponent (α)   :  1.0000 bohr⁻²   |
*sMTD  16 completed successfully ...        2 min, 19.763 sec
  :::::::::: starting static MTD  32 ::::::::::
  |   MD simulation time   :    17.5 ps       |
  |   target T             :   400.0 K        |
  |   timestep dt          :     5.0 fs       |
  |   dump interval(trj)   :   100.0 fs       |
  |   SHAKE algorithm      : true (all bonds) |
  |   Vbias prefactor (k)  :  0.0026 Eh       |
  |   Vbias exponent (α)   :  1.0000 bohr⁻²   |
*sMTD  19 completed successfully ...        2 min, 19.175 sec
  :::::::::: starting static MTD  33 ::::::::::
  |   MD simulation time   :    17.5 ps       |
  |   target T             :   400.0 K        |
  |   timestep dt          :     5.0 fs       |
  |   dump interval(trj)   :   100.0 fs       |
  |   SHAKE algorithm      : true (all bonds) |
  |   Vbias prefactor (k)  :  0.0026 Eh       |
  |   Vbias exponent (α)   :  1.0000 bohr⁻²   |
*sMTD  18 completed successfully ...        2 min, 20.831 sec
  :::::::::: starting static MTD  34 ::::::::::
  |   MD simulation time   :    17.5 ps       |
  |   target T             :   400.0 K        |
  |   timestep dt          :     5.0 fs       |
  |   dump interval(trj)   :   100.0 fs       |
  |   SHAKE algorithm      : true (all bonds) |
  |   Vbias prefactor (k)  :  0.0026 Eh       |
  |   Vbias exponent (α)   :  1.0000 bohr⁻²   |
*sMTD  25 completed successfully ...        2 min, 19.463 sec
*sMTD  29 completed successfully ...        2 min, 18.603 sec
*sMTD  24 completed successfully ...        2 min, 20.288 sec
*sMTD  23 completed successfully ...        2 min, 20.342 sec
*sMTD  27 completed successfully ...        2 min, 19.796 sec
*sMTD  35 completed successfully ...        2 min, 18.259 sec
*sMTD  21 completed successfully ...        2 min, 21.410 sec
*sMTD  22 completed successfully ...        2 min, 21.449 sec
*sMTD  17 completed successfully ...        2 min, 23.140 sec
*sMTD  30 completed successfully ...        2 min, 19.619 sec
*sMTD  28 completed successfully ...        2 min, 21.251 sec
*sMTD  26 completed successfully ...        2 min, 22.027 sec
*sMTD  32 completed successfully ...        1 min, 23.796 sec
*sMTD  31 completed successfully ...        1 min, 24.392 sec
*sMTD  34 completed successfully ...        1 min, 22.761 sec
*sMTD  33 completed successfully ...        1 min, 24.973 sec

 ======================================
 |  Multilevel Ensemble Optimization  |
 ======================================
 Optimizing all 6264 structures from file "crest_rotamers_0.xyz" ...
 ----------------------
 crude pre-optimization
 ----------------------
 Optimization engine: ANCOPT
 Hessian update type: BFGS
 E/G convergence criteria:  0.500E-03 Eh, 0.100E-01 Eh/a0
 maximum optimization steps: 200
 |>0.0% |>5.0% |>10.0% |>15.0% |>20.0% |>25.0% |>30.0% |>35.0% |>40.0% |>45.0% |>50.0% |>55.0% |>60.0% |>65.0% |>70.0% |>75.0% |>80.0% |>85.0% |>90.0% |>95.0% |>100.0%
 done.
> 6264 of 6264 structures successfully optimized (100.0% success)
> Total runtime for 6264 optimizations:
 * wall-time:     0 d,  0 h,  2 min, 35.197 sec
 *  cpu-time:     0 d,  0 h, 40 min,  6.067 sec
 * ratio c/w:    15.503 speedup
> Corresponding to approximately 0.025 sec per processed structure

CREGEN> running RMSDs ... done.
CREGEN> E lowest :   -57.70615
 5914 structures remain within    12.00 kcal/mol window
 ---------------------------------------
 optimization with very tight thresholds
 ---------------------------------------
 Optimization engine: ANCOPT
 Hessian update type: BFGS
 E/G convergence criteria:  0.100E-06 Eh, 0.200E-03 Eh/a0
 maximum optimization steps: 200
 |>0.0% |>5.0% |>10.0% |>15.0% |>20.0% |>25.0% |>30.0% |>35.0% |>40.0% |>45.0% |>50.0% |>55.0% |>60.0% |>65.0% |>70.0% |>75.0% |>80.0% |>85.0% |>90.0% |>95.0% |>100.0%
 done.
> 5508 of 5914 structures successfully optimized (93.1% success)
> Total runtime for 5914 optimizations:
 * wall-time:     0 d,  0 h, 17 min,  8.208 sec
 *  cpu-time:     0 d,  4 h, 29 min, 47.416 sec
 * ratio c/w:    15.743 speedup
> Corresponding to approximately 0.174 sec per processed structure

CREGEN> running RMSDs ... done.
CREGEN> E lowest :   -57.70691
 801 structures remain within     6.00 kcal/mol window
CREGEN> running RMSDs ... done.
CREGEN> E lowest :   -57.70691

 Static MTD simulation iteration 1 finished
 A total of 3100 conformers (+12.06%) in crest_conformers.xyz
 S(approx.) =   11.926846 cal/molK (dS = 3.93%)
 Convergence w.r.t. conformers: F
 Convergence w.r.t. entropy   : F

     H(298.15K)-H(0) (conf)      1.762217
                   Cp(conf)      7.095592
                    S(conf)     11.920121

********************************************************************************
**                     I T E R A T I O N    C Y C L E      2                  **
********************************************************************************
 -------------------------------------------
 determining bias structures via PCA/k-Means
 -------------------------------------------

 14 structures were selected
 done.

 -----------------------------------------------
 determining MTD seed structures via PCA/k-Means
 -----------------------------------------------

 36 structures were selected
 done.


 ===========================================================
 Static MTDs (umbrella sampling) on 36 selected conformer(s)
 ===========================================================
> Using 14 constant RMSD bias potentials per MTD
  :::::::::: starting static MTD   1 ::::::::::
  |   MD simulation time   :    17.5 ps       |
  |   target T             :   400.0 K        |
  |   timestep dt          :     5.0 fs       |
  |   dump interval(trj)   :   100.0 fs       |
  |   SHAKE algorithm      : true (all bonds) |
  |   Vbias prefactor (k)  :  0.0026 Eh       |
  |   Vbias exponent (α)   :  1.0000 bohr⁻²   |
  :::::::::: starting static MTD  10 ::::::::::
  |   MD simulation time   :    17.5 ps       |
  |   target T             :   400.0 K        |
  |   timestep dt          :     5.0 fs       |
  |   dump interval(trj)   :   100.0 fs       |
  |   SHAKE algorithm      : true (all bonds) |
  |   Vbias prefactor (k)  :  0.0026 Eh       |
  |   Vbias exponent (α)   :  1.0000 bohr⁻²   |
  :::::::::: starting static MTD   5 ::::::::::
  |   MD simulation time   :    17.5 ps       |
  |   target T             :   400.0 K        |
  |   timestep dt          :     5.0 fs       |
  |   dump interval(trj)   :   100.0 fs       |
  |   SHAKE algorithm      : true (all bonds) |
  |   Vbias prefactor (k)  :  0.0026 Eh       |
  |   Vbias exponent (α)   :  1.0000 bohr⁻²   |
  :::::::::: starting static MTD   7 ::::::::::
  |   MD simulation time   :    17.5 ps       |
  |   target T             :   400.0 K        |
  |   timestep dt          :     5.0 fs       |
  |   dump interval(trj)   :   100.0 fs       |
  |   SHAKE algorithm      : true (all bonds) |
  |   Vbias prefactor (k)  :  0.0026 Eh       |
  |   Vbias exponent (α)   :  1.0000 bohr⁻²   |
  :::::::::: starting static MTD  15 ::::::::::
  |   MD simulation time   :    17.5 ps       |
  |   target T             :   400.0 K        |
  |   timestep dt          :     5.0 fs       |
  |   dump interval(trj)   :   100.0 fs       |
  |   SHAKE algorithm      : true (all bonds) |
  |   Vbias prefactor (k)  :  0.0026 Eh       |
  |   Vbias exponent (α)   :  1.0000 bohr⁻²   |
  :::::::::: starting static MTD  14 ::::::::::
  |   MD simulation time   :    17.5 ps       |
  |   target T             :   400.0 K        |
  |   timestep dt          :     5.0 fs       |
  |   dump interval(trj)   :   100.0 fs       |
  |   SHAKE algorithm      : true (all bonds) |
  |   Vbias prefactor (k)  :  0.0026 Eh       |
  |   Vbias exponent (α)   :  1.0000 bohr⁻²   |
  :::::::::: starting static MTD  11 ::::::::::
  |   MD simulation time   :    17.5 ps       |
  |   target T             :   400.0 K        |
  |   timestep dt          :     5.0 fs       |
  |   dump interval(trj)   :   100.0 fs       |
  |   SHAKE algorithm      : true (all bonds) |
  |   Vbias prefactor (k)  :  0.0026 Eh       |
  |   Vbias exponent (α)   :  1.0000 bohr⁻²   |
  :::::::::: starting static MTD  12 ::::::::::
  |   MD simulation time   :    17.5 ps       |
  |   target T             :   400.0 K        |
  |   timestep dt          :     5.0 fs       |
  |   dump interval(trj)   :   100.0 fs       |
  |   SHAKE algorithm      : true (all bonds) |
  |   Vbias prefactor (k)  :  0.0026 Eh       |
  |   Vbias exponent (α)   :  1.0000 bohr⁻²   |
  :::::::::: starting static MTD  36 ::::::::::
  |   MD simulation time   :    17.5 ps       |
  |   target T             :   400.0 K        |
  |   timestep dt          :     5.0 fs       |
  |   dump interval(trj)   :   100.0 fs       |
  |   SHAKE algorithm      : true (all bonds) |
  |   Vbias prefactor (k)  :  0.0026 Eh       |
  |   Vbias exponent (α)   :  1.0000 bohr⁻²   |
  :::::::::: starting static MTD   6 ::::::::::
  |   MD simulation time   :    17.5 ps       |
  |   target T             :   400.0 K        |
  |   timestep dt          :     5.0 fs       |
  |   dump interval(trj)   :   100.0 fs       |
  |   SHAKE algorithm      : true (all bonds) |
  |   Vbias prefactor (k)  :  0.0026 Eh       |
  |   Vbias exponent (α)   :  1.0000 bohr⁻²   |
  :::::::::: starting static MTD   4 ::::::::::
  |   MD simulation time   :    17.5 ps       |
  |   target T             :   400.0 K        |
  |   timestep dt          :     5.0 fs       |
  |   dump interval(trj)   :   100.0 fs       |
  |   SHAKE algorithm      : true (all bonds) |
  |   Vbias prefactor (k)  :  0.0026 Eh       |
  |   Vbias exponent (α)   :  1.0000 bohr⁻²   |
  :::::::::: starting static MTD   8 ::::::::::
  |   MD simulation time   :    17.5 ps       |
  |   target T             :   400.0 K        |
  |   timestep dt          :     5.0 fs       |
  |   dump interval(trj)   :   100.0 fs       |
  |   SHAKE algorithm      : true (all bonds) |
  |   Vbias prefactor (k)  :  0.0026 Eh       |
  |   Vbias exponent (α)   :  1.0000 bohr⁻²   |
  :::::::::: starting static MTD   2 ::::::::::
  |   MD simulation time   :    17.5 ps       |
  |   target T             :   400.0 K        |
  |   timestep dt          :     5.0 fs       |
  |   dump interval(trj)   :   100.0 fs       |
  |   SHAKE algorithm      : true (all bonds) |
  |   Vbias prefactor (k)  :  0.0026 Eh       |
  |   Vbias exponent (α)   :  1.0000 bohr⁻²   |
  :::::::::: starting static MTD   3 ::::::::::
  |   MD simulation time   :    17.5 ps       |
  |   target T             :   400.0 K        |
  |   timestep dt          :     5.0 fs       |
  |   dump interval(trj)   :   100.0 fs       |
  |   SHAKE algorithm      : true (all bonds) |
  |   Vbias prefactor (k)  :  0.0026 Eh       |
  |   Vbias exponent (α)   :  1.0000 bohr⁻²   |
  :::::::::: starting static MTD   9 ::::::::::
  |   MD simulation time   :    17.5 ps       |
  |   target T             :   400.0 K        |
  |   timestep dt          :     5.0 fs       |
  |   dump interval(trj)   :   100.0 fs       |
  |   SHAKE algorithm      : true (all bonds) |
  |   Vbias prefactor (k)  :  0.0026 Eh       |
  |   Vbias exponent (α)   :  1.0000 bohr⁻²   |
  :::::::::: starting static MTD  13 ::::::::::
  |   MD simulation time   :    17.5 ps       |
  |   target T             :   400.0 K        |
  |   timestep dt          :     5.0 fs       |
  |   dump interval(trj)   :   100.0 fs       |
  |   SHAKE algorithm      : true (all bonds) |
  |   Vbias prefactor (k)  :  0.0026 Eh       |
  |   Vbias exponent (α)   :  1.0000 bohr⁻²   |
*sMTD   4 completed successfully ...        2 min, 15.917 sec
  :::::::::: starting static MTD  16 ::::::::::
  |   MD simulation time   :    17.5 ps       |
  |   target T             :   400.0 K        |
  |   timestep dt          :     5.0 fs       |
  |   dump interval(trj)   :   100.0 fs       |
  |   SHAKE algorithm      : true (all bonds) |
  |   Vbias prefactor (k)  :  0.0026 Eh       |
  |   Vbias exponent (α)   :  1.0000 bohr⁻²   |
*sMTD  11 completed successfully ...        2 min, 17.379 sec
  :::::::::: starting static MTD  17 ::::::::::
  |   MD simulation time   :    17.5 ps       |
  |   target T             :   400.0 K        |
  |   timestep dt          :     5.0 fs       |
  |   dump interval(trj)   :   100.0 fs       |
  |   SHAKE algorithm      : true (all bonds) |
  |   Vbias prefactor (k)  :  0.0026 Eh       |
  |   Vbias exponent (α)   :  1.0000 bohr⁻²   |
*sMTD  36 completed successfully ...        2 min, 17.725 sec
  :::::::::: starting static MTD  35 ::::::::::
  |   MD simulation time   :    17.5 ps       |
  |   target T             :   400.0 K        |
  |   timestep dt          :     5.0 fs       |
  |   dump interval(trj)   :   100.0 fs       |
  |   SHAKE algorithm      : true (all bonds) |
  |   Vbias prefactor (k)  :  0.0026 Eh       |
  |   Vbias exponent (α)   :  1.0000 bohr⁻²   |
*sMTD  10 completed successfully ...        2 min, 18.173 sec
  :::::::::: starting static MTD  18 ::::::::::
  |   MD simulation time   :    17.5 ps       |
  |   target T             :   400.0 K        |
  |   timestep dt          :     5.0 fs       |
  |   dump interval(trj)   :   100.0 fs       |
  |   SHAKE algorithm      : true (all bonds) |
  |   Vbias prefactor (k)  :  0.0026 Eh       |
  |   Vbias exponent (α)   :  1.0000 bohr⁻²   |
*sMTD   5 completed successfully ...        2 min, 18.992 sec
  :::::::::: starting static MTD  19 ::::::::::
  |   MD simulation time   :    17.5 ps       |
  |   target T             :   400.0 K        |
  |   timestep dt          :     5.0 fs       |
  |   dump interval(trj)   :   100.0 fs       |
  |   SHAKE algorithm      : true (all bonds) |
  |   Vbias prefactor (k)  :  0.0026 Eh       |
  |   Vbias exponent (α)   :  1.0000 bohr⁻²   |
*sMTD  14 completed successfully ...        2 min, 19.587 sec
  :::::::::: starting static MTD  20 ::::::::::
  |   MD simulation time   :    17.5 ps       |
  |   target T             :   400.0 K        |
  |   timestep dt          :     5.0 fs       |
  |   dump interval(trj)   :   100.0 fs       |
  |   SHAKE algorithm      : true (all bonds) |
  |   Vbias prefactor (k)  :  0.0026 Eh       |
  |   Vbias exponent (α)   :  1.0000 bohr⁻²   |
*sMTD   7 completed successfully ...        2 min, 19.671 sec
  :::::::::: starting static MTD  21 ::::::::::
  |   MD simulation time   :    17.5 ps       |
  |   target T             :   400.0 K        |
  |   timestep dt          :     5.0 fs       |
  |   dump interval(trj)   :   100.0 fs       |
  |   SHAKE algorithm      : true (all bonds) |
  |   Vbias prefactor (k)  :  0.0026 Eh       |
  |   Vbias exponent (α)   :  1.0000 bohr⁻²   |
*sMTD   6 completed successfully ...        2 min, 19.784 sec
  :::::::::: starting static MTD  22 ::::::::::
  |   MD simulation time   :    17.5 ps       |
  |   target T             :   400.0 K        |
  |   timestep dt          :     5.0 fs       |
  |   dump interval(trj)   :   100.0 fs       |
  |   SHAKE algorithm      : true (all bonds) |
  |   Vbias prefactor (k)  :  0.0026 Eh       |
  |   Vbias exponent (α)   :  1.0000 bohr⁻²   |
*sMTD   3 completed successfully ...        2 min, 19.962 sec
  :::::::::: starting static MTD  23 ::::::::::
  |   MD simulation time   :    17.5 ps       |
  |   target T             :   400.0 K        |
  |   timestep dt          :     5.0 fs       |
  |   dump interval(trj)   :   100.0 fs       |
  |   SHAKE algorithm      : true (all bonds) |
  |   Vbias prefactor (k)  :  0.0026 Eh       |
  |   Vbias exponent (α)   :  1.0000 bohr⁻²   |
*sMTD  15 completed successfully ...        2 min, 20.502 sec
  :::::::::: starting static MTD  24 ::::::::::
  |   MD simulation time   :    17.5 ps       |
  |   target T             :   400.0 K        |
  |   timestep dt          :     5.0 fs       |
  |   dump interval(trj)   :   100.0 fs       |
  |   SHAKE algorithm      : true (all bonds) |
  |   Vbias prefactor (k)  :  0.0026 Eh       |
  |   Vbias exponent (α)   :  1.0000 bohr⁻²   |
*sMTD   2 completed successfully ...        2 min, 20.712 sec
  :::::::::: starting static MTD  25 ::::::::::
  |   MD simulation time   :    17.5 ps       |
  |   target T             :   400.0 K        |
  |   timestep dt          :     5.0 fs       |
  |   dump interval(trj)   :   100.0 fs       |
  |   SHAKE algorithm      : true (all bonds) |
  |   Vbias prefactor (k)  :  0.0026 Eh       |
  |   Vbias exponent (α)   :  1.0000 bohr⁻²   |
*sMTD  13 completed successfully ...        2 min, 20.839 sec
  :::::::::: starting static MTD  26 ::::::::::
  |   MD simulation time   :    17.5 ps       |
  |   target T             :   400.0 K        |
  |   timestep dt          :     5.0 fs       |
  |   dump interval(trj)   :   100.0 fs       |
  |   SHAKE algorithm      : true (all bonds) |
  |   Vbias prefactor (k)  :  0.0026 Eh       |
  |   Vbias exponent (α)   :  1.0000 bohr⁻²   |
*sMTD   8 completed successfully ...        2 min, 21.028 sec
  :::::::::: starting static MTD  27 ::::::::::
  |   MD simulation time   :    17.5 ps       |
  |   target T             :   400.0 K        |
  |   timestep dt          :     5.0 fs       |
  |   dump interval(trj)   :   100.0 fs       |
  |   SHAKE algorithm      : true (all bonds) |
  |   Vbias prefactor (k)  :  0.0026 Eh       |
  |   Vbias exponent (α)   :  1.0000 bohr⁻²   |
*sMTD   9 completed successfully ...        2 min, 21.197 sec
  :::::::::: starting static MTD  28 ::::::::::
  |   MD simulation time   :    17.5 ps       |
  |   target T             :   400.0 K        |
  |   timestep dt          :     5.0 fs       |
  |   dump interval(trj)   :   100.0 fs       |
  |   SHAKE algorithm      : true (all bonds) |
  |   Vbias prefactor (k)  :  0.0026 Eh       |
  |   Vbias exponent (α)   :  1.0000 bohr⁻²   |
*sMTD   1 completed successfully ...        2 min, 21.417 sec
  :::::::::: starting static MTD  29 ::::::::::
  |   MD simulation time   :    17.5 ps       |
  |   target T             :   400.0 K        |
  |   timestep dt          :     5.0 fs       |
  |   dump interval(trj)   :   100.0 fs       |
  |   SHAKE algorithm      : true (all bonds) |
  |   Vbias prefactor (k)  :  0.0026 Eh       |
  |   Vbias exponent (α)   :  1.0000 bohr⁻²   |
*sMTD  12 completed successfully ...        2 min, 21.454 sec
  :::::::::: starting static MTD  30 ::::::::::
  |   MD simulation time   :    17.5 ps       |
  |   target T             :   400.0 K        |
  |   timestep dt          :     5.0 fs       |
  |   dump interval(trj)   :   100.0 fs       |
  |   SHAKE algorithm      : true (all bonds) |
  |   Vbias prefactor (k)  :  0.0026 Eh       |
  |   Vbias exponent (α)   :  1.0000 bohr⁻²   |
*sMTD  16 completed successfully ...        2 min, 17.668 sec
  :::::::::: starting static MTD  31 ::::::::::
  |   MD simulation time   :    17.5 ps       |
  |   target T             :   400.0 K        |
  |   timestep dt          :     5.0 fs       |
  |   dump interval(trj)   :   100.0 fs       |
  |   SHAKE algorithm      : true (all bonds) |
  |   Vbias prefactor (k)  :  0.0026 Eh       |
  |   Vbias exponent (α)   :  1.0000 bohr⁻²   |
*sMTD  17 completed successfully ...        2 min, 18.571 sec
  :::::::::: starting static MTD  32 ::::::::::
  |   MD simulation time   :    17.5 ps       |
  |   target T             :   400.0 K        |
  |   timestep dt          :     5.0 fs       |
  |   dump interval(trj)   :   100.0 fs       |
  |   SHAKE algorithm      : true (all bonds) |
  |   Vbias prefactor (k)  :  0.0026 Eh       |
  |   Vbias exponent (α)   :  1.0000 bohr⁻²   |
*sMTD  20 completed successfully ...        2 min, 16.591 sec
  :::::::::: starting static MTD  33 ::::::::::
  |   MD simulation time   :    17.5 ps       |
  |   target T             :   400.0 K        |
  |   timestep dt          :     5.0 fs       |
  |   dump interval(trj)   :   100.0 fs       |
  |   SHAKE algorithm      : true (all bonds) |
  |   Vbias prefactor (k)  :  0.0026 Eh       |
  |   Vbias exponent (α)   :  1.0000 bohr⁻²   |
*sMTD  35 completed successfully ...        2 min, 18.453 sec
  :::::::::: starting static MTD  34 ::::::::::
  |   MD simulation time   :    17.5 ps       |
  |   target T             :   400.0 K        |
  |   timestep dt          :     5.0 fs       |
  |   dump interval(trj)   :   100.0 fs       |
  |   SHAKE algorithm      : true (all bonds) |
  |   Vbias prefactor (k)  :  0.0026 Eh       |
  |   Vbias exponent (α)   :  1.0000 bohr⁻²   |
*sMTD  23 completed successfully ...        2 min, 17.336 sec
*sMTD  27 completed successfully ...        2 min, 17.327 sec
*sMTD  24 completed successfully ...        2 min, 18.230 sec
*sMTD  29 completed successfully ...        2 min, 17.334 sec
*sMTD  22 completed successfully ...        2 min, 19.164 sec
*sMTD  19 completed successfully ...        2 min, 20.279 sec
*sMTD  26 completed successfully ...        2 min, 18.518 sec
*sMTD  21 completed successfully ...        2 min, 19.712 sec
*sMTD  18 completed successfully ...        2 min, 21.260 sec
*sMTD  30 completed successfully ...        2 min, 18.796 sec
*sMTD  25 completed successfully ...        2 min, 19.662 sec
*sMTD  28 completed successfully ...        2 min, 21.276 sec
*sMTD  31 completed successfully ...        1 min, 23.873 sec
*sMTD  33 completed successfully ...        1 min, 22.954 sec
*sMTD  34 completed successfully ...        1 min, 23.826 sec
*sMTD  32 completed successfully ...        1 min, 24.501 sec

 ======================================
 |  Multilevel Ensemble Optimization  |
 ======================================
 Optimizing all 6264 structures from file "crest_rotamers_0.xyz" ...
 ----------------------
 crude pre-optimization
 ----------------------
 Optimization engine: ANCOPT
 Hessian update type: BFGS
 E/G convergence criteria:  0.500E-03 Eh, 0.100E-01 Eh/a0
 maximum optimization steps: 200
 |>0.0% |>5.0% |>10.0% |>15.0% |>20.0% |>25.0% |>30.0% |>35.0% |>40.0% |>45.0% |>50.0% |>55.0% |>60.0% |>65.0% |>70.0% |>75.0% |>80.0% |>85.0% |>90.0% |>95.0% |>100.0%
 done.
> 6264 of 6264 structures successfully optimized (100.0% success)
> Total runtime for 6264 optimizations:
 * wall-time:     0 d,  0 h,  2 min, 42.760 sec
 *  cpu-time:     0 d,  0 h, 42 min,  3.198 sec
 * ratio c/w:    15.503 speedup
> Corresponding to approximately 0.026 sec per processed structure

CREGEN> running RMSDs ... done.
CREGEN> E lowest :   -57.70640
 5902 structures remain within    12.00 kcal/mol window
 ---------------------------------------
 optimization with very tight thresholds
 ---------------------------------------
 Optimization engine: ANCOPT
 Hessian update type: BFGS
 E/G convergence criteria:  0.100E-06 Eh, 0.200E-03 Eh/a0
 maximum optimization steps: 200
 |>0.0% |>5.0% |>10.0% |>15.0% |>20.0% |>25.0% |>30.0% |>35.0% |>40.0% |>45.0% |>50.0% |>55.0% |>60.0% |>65.0% |>70.0% |>75.0% |>80.0% |>85.0% |>90.0% |>95.0% |>100.0%
 done.
> 5464 of 5902 structures successfully optimized (92.6% success)
> Total runtime for 5902 optimizations:
 * wall-time:     0 d,  0 h, 16 min, 55.100 sec
 *  cpu-time:     0 d,  4 h, 26 min, 13.432 sec
 * ratio c/w:    15.736 speedup
> Corresponding to approximately 0.172 sec per processed structure

CREGEN> running RMSDs ... done.
CREGEN> E lowest :   -57.70691
 852 structures remain within     6.00 kcal/mol window
CREGEN> running RMSDs ... done.
CREGEN> E lowest :   -57.70691

 Static MTD simulation iteration 2 finished
 A total of 3381 conformers (+ 8.31%) in crest_conformers.xyz
 S(approx.) =   12.320366 cal/molK (dS = 3.19%)
 Convergence w.r.t. conformers: F
 Convergence w.r.t. entropy   : F

     H(298.15K)-H(0) (conf)      1.850232
                   Cp(conf)      6.507528
                    S(conf)     12.313967

********************************************************************************
**                     I T E R A T I O N    C Y C L E      3                  **
********************************************************************************
 -------------------------------------------
 determining bias structures via PCA/k-Means
 -------------------------------------------

 17 structures were selected
 done.

 -----------------------------------------------
 determining MTD seed structures via PCA/k-Means
 -----------------------------------------------

 36 structures were selected
 done.


 ===========================================================
 Static MTDs (umbrella sampling) on 36 selected conformer(s)
 ===========================================================
> Using 17 constant RMSD bias potentials per MTD
  :::::::::: starting static MTD   1 ::::::::::
  |   MD simulation time   :    17.5 ps       |
  |   target T             :   400.0 K        |
  |   timestep dt          :     5.0 fs       |
  |   dump interval(trj)   :   100.0 fs       |
  |   SHAKE algorithm      : true (all bonds) |
  |   Vbias prefactor (k)  :  0.0026 Eh       |
  |   Vbias exponent (α)   :  1.0000 bohr⁻²   |
  :::::::::: starting static MTD  12 ::::::::::
  |   MD simulation time   :    17.5 ps       |
  |   target T             :   400.0 K        |
  |   timestep dt          :     5.0 fs       |
  |   dump interval(trj)   :   100.0 fs       |
  |   SHAKE algorithm      : true (all bonds) |
  |   Vbias prefactor (k)  :  0.0026 Eh       |
  |   Vbias exponent (α)   :  1.0000 bohr⁻²   |
  :::::::::: starting static MTD   9 ::::::::::
  |   MD simulation time   :    17.5 ps       |
  |   target T             :   400.0 K        |
  |   timestep dt          :     5.0 fs       |
  |   dump interval(trj)   :   100.0 fs       |
  |   SHAKE algorithm      : true (all bonds) |
  |   Vbias prefactor (k)  :  0.0026 Eh       |
  |   Vbias exponent (α)   :  1.0000 bohr⁻²   |
  :::::::::: starting static MTD   4 ::::::::::
  |   MD simulation time   :    17.5 ps       |
  |   target T             :   400.0 K        |
  |   timestep dt          :     5.0 fs       |
  |   dump interval(trj)   :   100.0 fs       |
  |   SHAKE algorithm      : true (all bonds) |
  |   Vbias prefactor (k)  :  0.0026 Eh       |
  |   Vbias exponent (α)   :  1.0000 bohr⁻²   |
  :::::::::: starting static MTD  36 ::::::::::
  |   MD simulation time   :    17.5 ps       |
  |   target T             :   400.0 K        |
  |   timestep dt          :     5.0 fs       |
  |   dump interval(trj)   :   100.0 fs       |
  |   SHAKE algorithm      : true (all bonds) |
  |   Vbias prefactor (k)  :  0.0026 Eh       |
  |   Vbias exponent (α)   :  1.0000 bohr⁻²   |
  :::::::::: starting static MTD   8 ::::::::::
  |   MD simulation time   :    17.5 ps       |
  |   target T             :   400.0 K        |
  |   timestep dt          :     5.0 fs       |
  |   dump interval(trj)   :   100.0 fs       |
  |   SHAKE algorithm      : true (all bonds) |
  |   Vbias prefactor (k)  :  0.0026 Eh       |
  |   Vbias exponent (α)   :  1.0000 bohr⁻²   |
  :::::::::: starting static MTD  13 ::::::::::
  |   MD simulation time   :    17.5 ps       |
  |   target T             :   400.0 K        |
  |   timestep dt          :     5.0 fs       |
  |   dump interval(trj)   :   100.0 fs       |
  |   SHAKE algorithm      : true (all bonds) |
  |   Vbias prefactor (k)  :  0.0026 Eh       |
  |   Vbias exponent (α)   :  1.0000 bohr⁻²   |
  :::::::::: starting static MTD  10 ::::::::::
  |   MD simulation time   :    17.5 ps       |
  |   target T             :   400.0 K        |
  |   timestep dt          :     5.0 fs       |
  |   dump interval(trj)   :   100.0 fs       |
  |   SHAKE algorithm      : true (all bonds) |
  |   Vbias prefactor (k)  :  0.0026 Eh       |
  |   Vbias exponent (α)   :  1.0000 bohr⁻²   |
  :::::::::: starting static MTD   6 ::::::::::
  |   MD simulation time   :    17.5 ps       |
  |   target T             :   400.0 K        |
  |   timestep dt          :     5.0 fs       |
  |   dump interval(trj)   :   100.0 fs       |
  |   SHAKE algorithm      : true (all bonds) |
  |   Vbias prefactor (k)  :  0.0026 Eh       |
  |   Vbias exponent (α)   :  1.0000 bohr⁻²   |
  :::::::::: starting static MTD  15 ::::::::::
  |   MD simulation time   :    17.5 ps       |
  |   target T             :   400.0 K        |
  |   timestep dt          :     5.0 fs       |
  |   dump interval(trj)   :   100.0 fs       |
  |   SHAKE algorithm      : true (all bonds) |
  |   Vbias prefactor (k)  :  0.0026 Eh       |
  |   Vbias exponent (α)   :  1.0000 bohr⁻²   |
  :::::::::: starting static MTD   7 ::::::::::
  |   MD simulation time   :    17.5 ps       |
  |   target T             :   400.0 K        |
  |   timestep dt          :     5.0 fs       |
  |   dump interval(trj)   :   100.0 fs       |
  |   SHAKE algorithm      : true (all bonds) |
  |   Vbias prefactor (k)  :  0.0026 Eh       |
  |   Vbias exponent (α)   :  1.0000 bohr⁻²   |
  :::::::::: starting static MTD   5 ::::::::::
  |   MD simulation time   :    17.5 ps       |
  |   target T             :   400.0 K        |
  |   timestep dt          :     5.0 fs       |
  |   dump interval(trj)   :   100.0 fs       |
  |   SHAKE algorithm      : true (all bonds) |
  |   Vbias prefactor (k)  :  0.0026 Eh       |
  |   Vbias exponent (α)   :  1.0000 bohr⁻²   |
  :::::::::: starting static MTD   3 ::::::::::
  |   MD simulation time   :    17.5 ps       |
  |   target T             :   400.0 K        |
  |   timestep dt          :     5.0 fs       |
  |   dump interval(trj)   :   100.0 fs       |
  |   SHAKE algorithm      : true (all bonds) |
  |   Vbias prefactor (k)  :  0.0026 Eh       |
  |   Vbias exponent (α)   :  1.0000 bohr⁻²   |
  :::::::::: starting static MTD   2 ::::::::::
  |   MD simulation time   :    17.5 ps       |
  |   target T             :   400.0 K        |
  |   timestep dt          :     5.0 fs       |
  |   dump interval(trj)   :   100.0 fs       |
  |   SHAKE algorithm      : true (all bonds) |
  |   Vbias prefactor (k)  :  0.0026 Eh       |
  |   Vbias exponent (α)   :  1.0000 bohr⁻²   |
  :::::::::: starting static MTD  14 ::::::::::
  |   MD simulation time   :    17.5 ps       |
  |   target T             :   400.0 K        |
  |   timestep dt          :     5.0 fs       |
  |   dump interval(trj)   :   100.0 fs       |
  |   SHAKE algorithm      : true (all bonds) |
  |   Vbias prefactor (k)  :  0.0026 Eh       |
  |   Vbias exponent (α)   :  1.0000 bohr⁻²   |
  :::::::::: starting static MTD  11 ::::::::::
  |   MD simulation time   :    17.5 ps       |
  |   target T             :   400.0 K        |
  |   timestep dt          :     5.0 fs       |
  |   dump interval(trj)   :   100.0 fs       |
  |   SHAKE algorithm      : true (all bonds) |
  |   Vbias prefactor (k)  :  0.0026 Eh       |
  |   Vbias exponent (α)   :  1.0000 bohr⁻²   |
*sMTD   9 completed successfully ...        2 min, 17.434 sec
  :::::::::: starting static MTD  16 ::::::::::
  |   MD simulation time   :    17.5 ps       |
  |   target T             :   400.0 K        |
  |   timestep dt          :     5.0 fs       |
  |   dump interval(trj)   :   100.0 fs       |
  |   SHAKE algorithm      : true (all bonds) |
  |   Vbias prefactor (k)  :  0.0026 Eh       |
  |   Vbias exponent (α)   :  1.0000 bohr⁻²   |
*sMTD  14 completed successfully ...        2 min, 17.611 sec
  :::::::::: starting static MTD  17 ::::::::::
  |   MD simulation time   :    17.5 ps       |
  |   target T             :   400.0 K        |
  |   timestep dt          :     5.0 fs       |
  |   dump interval(trj)   :   100.0 fs       |
  |   SHAKE algorithm      : true (all bonds) |
  |   Vbias prefactor (k)  :  0.0026 Eh       |
  |   Vbias exponent (α)   :  1.0000 bohr⁻²   |
*sMTD   1 completed successfully ...        2 min, 17.818 sec
  :::::::::: starting static MTD  18 ::::::::::
  |   MD simulation time   :    17.5 ps       |
  |   target T             :   400.0 K        |
  |   timestep dt          :     5.0 fs       |
  |   dump interval(trj)   :   100.0 fs       |
  |   SHAKE algorithm      : true (all bonds) |
  |   Vbias prefactor (k)  :  0.0026 Eh       |
  |   Vbias exponent (α)   :  1.0000 bohr⁻²   |
*sMTD   7 completed successfully ...        2 min, 18.083 sec
  :::::::::: starting static MTD  19 ::::::::::
  |   MD simulation time   :    17.5 ps       |
  |   target T             :   400.0 K        |
  |   timestep dt          :     5.0 fs       |
  |   dump interval(trj)   :   100.0 fs       |
  |   SHAKE algorithm      : true (all bonds) |
  |   Vbias prefactor (k)  :  0.0026 Eh       |
  |   Vbias exponent (α)   :  1.0000 bohr⁻²   |
*sMTD  36 completed successfully ...        2 min, 18.532 sec
  :::::::::: starting static MTD  35 ::::::::::
  |   MD simulation time   :    17.5 ps       |
  |   target T             :   400.0 K        |
  |   timestep dt          :     5.0 fs       |
  |   dump interval(trj)   :   100.0 fs       |
  |   SHAKE algorithm      : true (all bonds) |
  |   Vbias prefactor (k)  :  0.0026 Eh       |
  |   Vbias exponent (α)   :  1.0000 bohr⁻²   |
*sMTD  11 completed successfully ...        2 min, 18.671 sec
  :::::::::: starting static MTD  20 ::::::::::
  |   MD simulation time   :    17.5 ps       |
  |   target T             :   400.0 K        |
  |   timestep dt          :     5.0 fs       |
  |   dump interval(trj)   :   100.0 fs       |
  |   SHAKE algorithm      : true (all bonds) |
  |   Vbias prefactor (k)  :  0.0026 Eh       |
  |   Vbias exponent (α)   :  1.0000 bohr⁻²   |
*sMTD  13 completed successfully ...        2 min, 18.769 sec
  :::::::::: starting static MTD  21 ::::::::::
  |   MD simulation time   :    17.5 ps       |
  |   target T             :   400.0 K        |
  |   timestep dt          :     5.0 fs       |
  |   dump interval(trj)   :   100.0 fs       |
  |   SHAKE algorithm      : true (all bonds) |
  |   Vbias prefactor (k)  :  0.0026 Eh       |
  |   Vbias exponent (α)   :  1.0000 bohr⁻²   |
*sMTD  12 completed successfully ...        2 min, 19.247 sec
  :::::::::: starting static MTD  22 ::::::::::
  |   MD simulation time   :    17.5 ps       |
  |   target T             :   400.0 K        |
  |   timestep dt          :     5.0 fs       |
  |   dump interval(trj)   :   100.0 fs       |
  |   SHAKE algorithm      : true (all bonds) |
  |   Vbias prefactor (k)  :  0.0026 Eh       |
  |   Vbias exponent (α)   :  1.0000 bohr⁻²   |
*sMTD   6 completed successfully ...        2 min, 19.801 sec
  :::::::::: starting static MTD  23 ::::::::::
  |   MD simulation time   :    17.5 ps       |
  |   target T             :   400.0 K        |
  |   timestep dt          :     5.0 fs       |
  |   dump interval(trj)   :   100.0 fs       |
  |   SHAKE algorithm      : true (all bonds) |
  |   Vbias prefactor (k)  :  0.0026 Eh       |
  |   Vbias exponent (α)   :  1.0000 bohr⁻²   |
*sMTD  15 completed successfully ...        2 min, 20.659 sec
  :::::::::: starting static MTD  24 ::::::::::
  |   MD simulation time   :    17.5 ps       |
  |   target T             :   400.0 K        |
  |   timestep dt          :     5.0 fs       |
  |   dump interval(trj)   :   100.0 fs       |
  |   SHAKE algorithm      : true (all bonds) |
  |   Vbias prefactor (k)  :  0.0026 Eh       |
  |   Vbias exponent (α)   :  1.0000 bohr⁻²   |
*sMTD   2 completed successfully ...        2 min, 20.812 sec
  :::::::::: starting static MTD  25 ::::::::::
  |   MD simulation time   :    17.5 ps       |
  |   target T             :   400.0 K        |
  |   timestep dt          :     5.0 fs       |
  |   dump interval(trj)   :   100.0 fs       |
  |   SHAKE algorithm      : true (all bonds) |
  |   Vbias prefactor (k)  :  0.0026 Eh       |
  |   Vbias exponent (α)   :  1.0000 bohr⁻²   |
*sMTD   8 completed successfully ...        2 min, 20.953 sec
  :::::::::: starting static MTD  26 ::::::::::
  |   MD simulation time   :    17.5 ps       |
  |   target T             :   400.0 K        |
  |   timestep dt          :     5.0 fs       |
  |   dump interval(trj)   :   100.0 fs       |
  |   SHAKE algorithm      : true (all bonds) |
  |   Vbias prefactor (k)  :  0.0026 Eh       |
  |   Vbias exponent (α)   :  1.0000 bohr⁻²   |
*sMTD   3 completed successfully ...        2 min, 21.072 sec
  :::::::::: starting static MTD  27 ::::::::::
  |   MD simulation time   :    17.5 ps       |
  |   target T             :   400.0 K        |
  |   timestep dt          :     5.0 fs       |
  |   dump interval(trj)   :   100.0 fs       |
  |   SHAKE algorithm      : true (all bonds) |
  |   Vbias prefactor (k)  :  0.0026 Eh       |
  |   Vbias exponent (α)   :  1.0000 bohr⁻²   |
*sMTD   4 completed successfully ...        2 min, 21.530 sec
  :::::::::: starting static MTD  28 ::::::::::
  |   MD simulation time   :    17.5 ps       |
  |   target T             :   400.0 K        |
  |   timestep dt          :     5.0 fs       |
  |   dump interval(trj)   :   100.0 fs       |
  |   SHAKE algorithm      : true (all bonds) |
  |   Vbias prefactor (k)  :  0.0026 Eh       |
  |   Vbias exponent (α)   :  1.0000 bohr⁻²   |
*sMTD  10 completed successfully ...        2 min, 21.819 sec
  :::::::::: starting static MTD  29 ::::::::::
  |   MD simulation time   :    17.5 ps       |
  |   target T             :   400.0 K        |
  |   timestep dt          :     5.0 fs       |
  |   dump interval(trj)   :   100.0 fs       |
  |   SHAKE algorithm      : true (all bonds) |
  |   Vbias prefactor (k)  :  0.0026 Eh       |
  |   Vbias exponent (α)   :  1.0000 bohr⁻²   |
*sMTD   5 completed successfully ...        2 min, 22.762 sec
  :::::::::: starting static MTD  30 ::::::::::
  |   MD simulation time   :    17.5 ps       |
  |   target T             :   400.0 K        |
  |   timestep dt          :     5.0 fs       |
  |   dump interval(trj)   :   100.0 fs       |
  |   SHAKE algorithm      : true (all bonds) |
  |   Vbias prefactor (k)  :  0.0026 Eh       |
  |   Vbias exponent (α)   :  1.0000 bohr⁻²   |
*sMTD  17 completed successfully ...        2 min, 17.376 sec
  :::::::::: starting static MTD  31 ::::::::::
  |   MD simulation time   :    17.5 ps       |
  |   target T             :   400.0 K        |
  |   timestep dt          :     5.0 fs       |
  |   dump interval(trj)   :   100.0 fs       |
  |   SHAKE algorithm      : true (all bonds) |
  |   Vbias prefactor (k)  :  0.0026 Eh       |
  |   Vbias exponent (α)   :  1.0000 bohr⁻²   |
*sMTD  18 completed successfully ...        2 min, 18.412 sec
  :::::::::: starting static MTD  32 ::::::::::
  |   MD simulation time   :    17.5 ps       |
  |   target T             :   400.0 K        |
  |   timestep dt          :     5.0 fs       |
  |   dump interval(trj)   :   100.0 fs       |
  |   SHAKE algorithm      : true (all bonds) |
  |   Vbias prefactor (k)  :  0.0026 Eh       |
  |   Vbias exponent (α)   :  1.0000 bohr⁻²   |
*sMTD  35 completed successfully ...        2 min, 18.053 sec
  :::::::::: starting static MTD  34 ::::::::::
  |   MD simulation time   :    17.5 ps       |
  |   target T             :   400.0 K        |
  |   timestep dt          :     5.0 fs       |
  |   dump interval(trj)   :   100.0 fs       |
  |   SHAKE algorithm      : true (all bonds) |
  |   Vbias prefactor (k)  :  0.0026 Eh       |
  |   Vbias exponent (α)   :  1.0000 bohr⁻²   |
*sMTD  16 completed successfully ...        2 min, 19.508 sec
  :::::::::: starting static MTD  33 ::::::::::
  |   MD simulation time   :    17.5 ps       |
  |   target T             :   400.0 K        |
  |   timestep dt          :     5.0 fs       |
  |   dump interval(trj)   :   100.0 fs       |
  |   SHAKE algorithm      : true (all bonds) |
  |   Vbias prefactor (k)  :  0.0026 Eh       |
  |   Vbias exponent (α)   :  1.0000 bohr⁻²   |
*sMTD  19 completed successfully ...        2 min, 19.356 sec
*sMTD  24 completed successfully ...        2 min, 16.899 sec
*sMTD  28 completed successfully ...        2 min, 16.856 sec
*sMTD  20 completed successfully ...        2 min, 19.743 sec
*sMTD  29 completed successfully ...        2 min, 17.181 sec
*sMTD  27 completed successfully ...        2 min, 18.035 sec
*sMTD  21 completed successfully ...        2 min, 20.367 sec
*sMTD  23 completed successfully ...        2 min, 19.645 sec
*sMTD  22 completed successfully ...        2 min, 20.227 sec
*sMTD  25 completed successfully ...        2 min, 18.710 sec
*sMTD  26 completed successfully ...        2 min, 19.653 sec
*sMTD  30 completed successfully ...        2 min, 17.948 sec
*sMTD  32 completed successfully ...        1 min, 21.645 sec
*sMTD  31 completed successfully ...        1 min, 25.163 sec
*sMTD  34 completed successfully ...        1 min, 23.596 sec
*sMTD  33 completed successfully ...        1 min, 24.319 sec

 ======================================
 |  Multilevel Ensemble Optimization  |
 ======================================
 Optimizing all 6264 structures from file "crest_rotamers_0.xyz" ...
 ----------------------
 crude pre-optimization
 ----------------------
 Optimization engine: ANCOPT
 Hessian update type: BFGS
 E/G convergence criteria:  0.500E-03 Eh, 0.100E-01 Eh/a0
 maximum optimization steps: 200
 |>0.0% |>5.0% |>10.0% |>15.0% |>20.0% |>25.0% |>30.0% |>35.0% |>40.0% |>45.0% |>50.0% |>55.0% |>60.0% |>65.0% |>70.0% |>75.0% |>80.0% |>85.0% |>90.0% |>95.0% |>100.0%
 done.
> 6264 of 6264 structures successfully optimized (100.0% success)
> Total runtime for 6264 optimizations:
 * wall-time:     0 d,  0 h,  2 min, 41.116 sec
 *  cpu-time:     0 d,  0 h, 41 min, 38.135 sec
 * ratio c/w:    15.505 speedup
> Corresponding to approximately 0.026 sec per processed structure

CREGEN> running RMSDs ... done.
CREGEN> E lowest :   -57.70616
 6017 structures remain within    12.00 kcal/mol window
 ---------------------------------------
 optimization with very tight thresholds
 ---------------------------------------
 Optimization engine: ANCOPT
 Hessian update type: BFGS
 E/G convergence criteria:  0.100E-06 Eh, 0.200E-03 Eh/a0
 maximum optimization steps: 200
 |>0.0% |>5.0% |>10.0% |>15.0% |>20.0% |>25.0% |>30.0% |>35.0% |>40.0% |>45.0% |>50.0% |>55.0% |>60.0% |>65.0% |>70.0% |>75.0% |>80.0% |>85.0% |>90.0% |>95.0% |>100.0%
 done.
> 5583 of 6017 structures successfully optimized (92.8% success)
> Total runtime for 6017 optimizations:
 * wall-time:     0 d,  0 h, 17 min, 41.213 sec
 *  cpu-time:     0 d,  4 h, 38 min, 15.402 sec
 * ratio c/w:    15.732 speedup
> Corresponding to approximately 0.176 sec per processed structure

CREGEN> running RMSDs ... done.
CREGEN> E lowest :   -57.70691
 916 structures remain within     6.00 kcal/mol window
CREGEN> running RMSDs ... done.
CREGEN> E lowest :   -57.70691

 Static MTD simulation iteration 3 finished
 A total of 3626 conformers (+ 6.76%) in crest_conformers.xyz
 S(approx.) =   12.504626 cal/molK (dS = 1.47%)
 Convergence w.r.t. conformers: F
 Convergence w.r.t. entropy   : F

     H(298.15K)-H(0) (conf)      1.909059
                   Cp(conf)      6.425806
                    S(conf)     12.498201

********************************************************************************
**                     I T E R A T I O N    C Y C L E      4                  **
********************************************************************************
 -------------------------------------------
 determining bias structures via PCA/k-Means
 -------------------------------------------

 21 structures were selected
 done.

 -----------------------------------------------
 determining MTD seed structures via PCA/k-Means
 -----------------------------------------------

 36 structures were selected
 done.


 ===========================================================
 Static MTDs (umbrella sampling) on 36 selected conformer(s)
 ===========================================================
> Using 21 constant RMSD bias potentials per MTD
  :::::::::: starting static MTD   1 ::::::::::
  |   MD simulation time   :    17.5 ps       |
  |   target T             :   400.0 K        |
  |   timestep dt          :     5.0 fs       |
  |   dump interval(trj)   :   100.0 fs       |
  |   SHAKE algorithm      : true (all bonds) |
  |   Vbias prefactor (k)  :  0.0026 Eh       |
  |   Vbias exponent (α)   :  1.0000 bohr⁻²   |
  :::::::::: starting static MTD   4 ::::::::::
  |   MD simulation time   :    17.5 ps       |
  |   target T             :   400.0 K        |
  |   timestep dt          :     5.0 fs       |
  |   dump interval(trj)   :   100.0 fs       |
  |   SHAKE algorithm      : true (all bonds) |
  |   Vbias prefactor (k)  :  0.0026 Eh       |
  |   Vbias exponent (α)   :  1.0000 bohr⁻²   |
  :::::::::: starting static MTD   6 ::::::::::
  |   MD simulation time   :    17.5 ps       |
  |   target T             :   400.0 K        |
  |   timestep dt          :     5.0 fs       |
  |   dump interval(trj)   :   100.0 fs       |
  |   SHAKE algorithm      : true (all bonds) |
  |   Vbias prefactor (k)  :  0.0026 Eh       |
  |   Vbias exponent (α)   :  1.0000 bohr⁻²   |
  :::::::::: starting static MTD  36 ::::::::::
  |   MD simulation time   :    17.5 ps       |
  |   target T             :   400.0 K        |
  |   timestep dt          :     5.0 fs       |
  |   dump interval(trj)   :   100.0 fs       |
  |   SHAKE algorithm      : true (all bonds) |
  |   Vbias prefactor (k)  :  0.0026 Eh       |
  |   Vbias exponent (α)   :  1.0000 bohr⁻²   |
  :::::::::: starting static MTD   5 ::::::::::
  |   MD simulation time   :    17.5 ps       |
  |   target T             :   400.0 K        |
  |   timestep dt          :     5.0 fs       |
  |   dump interval(trj)   :   100.0 fs       |
  |   SHAKE algorithm      : true (all bonds) |
  |   Vbias prefactor (k)  :  0.0026 Eh       |
  |   Vbias exponent (α)   :  1.0000 bohr⁻²   |
  :::::::::: starting static MTD   7 ::::::::::
  |   MD simulation time   :    17.5 ps       |
  |   target T             :   400.0 K        |
  |   timestep dt          :     5.0 fs       |
  |   dump interval(trj)   :   100.0 fs       |
  |   SHAKE algorithm      : true (all bonds) |
  |   Vbias prefactor (k)  :  0.0026 Eh       |
  |   Vbias exponent (α)   :  1.0000 bohr⁻²   |
  :::::::::: starting static MTD   9 ::::::::::
  |   MD simulation time   :    17.5 ps       |
  |   target T             :   400.0 K        |
  |   timestep dt          :     5.0 fs       |
  |   dump interval(trj)   :   100.0 fs       |
  |   SHAKE algorithm      : true (all bonds) |
  |   Vbias prefactor (k)  :  0.0026 Eh       |
  |   Vbias exponent (α)   :  1.0000 bohr⁻²   |
  :::::::::: starting static MTD  14 ::::::::::
  |   MD simulation time   :    17.5 ps       |
  |   target T             :   400.0 K        |
  |   timestep dt          :     5.0 fs       |
  |   dump interval(trj)   :   100.0 fs       |
  |   SHAKE algorithm      : true (all bonds) |
  |   Vbias prefactor (k)  :  0.0026 Eh       |
  |   Vbias exponent (α)   :  1.0000 bohr⁻²   |
  :::::::::: starting static MTD  12 ::::::::::
  |   MD simulation time   :    17.5 ps       |
  |   target T             :   400.0 K        |
  |   timestep dt          :     5.0 fs       |
  |   dump interval(trj)   :   100.0 fs       |
  |   SHAKE algorithm      : true (all bonds) |
  |   Vbias prefactor (k)  :  0.0026 Eh       |
  |   Vbias exponent (α)   :  1.0000 bohr⁻²   |
  :::::::::: starting static MTD  11 ::::::::::
  |   MD simulation time   :    17.5 ps       |
  |   target T             :   400.0 K        |
  |   timestep dt          :     5.0 fs       |
  |   dump interval(trj)   :   100.0 fs       |
  |   SHAKE algorithm      : true (all bonds) |
  |   Vbias prefactor (k)  :  0.0026 Eh       |
  |   Vbias exponent (α)   :  1.0000 bohr⁻²   |
  :::::::::: starting static MTD   8 ::::::::::
  |   MD simulation time   :    17.5 ps       |
  |   target T             :   400.0 K        |
  |   timestep dt          :     5.0 fs       |
  |   dump interval(trj)   :   100.0 fs       |
  |   SHAKE algorithm      : true (all bonds) |
  |   Vbias prefactor (k)  :  0.0026 Eh       |
  |   Vbias exponent (α)   :  1.0000 bohr⁻²   |
  :::::::::: starting static MTD  15 ::::::::::
  |   MD simulation time   :    17.5 ps       |
  |   target T             :   400.0 K        |
  |   timestep dt          :     5.0 fs       |
  |   dump interval(trj)   :   100.0 fs       |
  |   SHAKE algorithm      : true (all bonds) |
  |   Vbias prefactor (k)  :  0.0026 Eh       |
  |   Vbias exponent (α)   :  1.0000 bohr⁻²   |
  :::::::::: starting static MTD   3 ::::::::::
  |   MD simulation time   :    17.5 ps       |
  |   target T             :   400.0 K        |
  |   timestep dt          :     5.0 fs       |
  |   dump interval(trj)   :   100.0 fs       |
  |   SHAKE algorithm      : true (all bonds) |
  |   Vbias prefactor (k)  :  0.0026 Eh       |
  |   Vbias exponent (α)   :  1.0000 bohr⁻²   |
  :::::::::: starting static MTD  13 ::::::::::
  |   MD simulation time   :    17.5 ps       |
  |   target T             :   400.0 K        |
  |   timestep dt          :     5.0 fs       |
  |   dump interval(trj)   :   100.0 fs       |
  |   SHAKE algorithm      : true (all bonds) |
  |   Vbias prefactor (k)  :  0.0026 Eh       |
  |   Vbias exponent (α)   :  1.0000 bohr⁻²   |
  :::::::::: starting static MTD  10 ::::::::::
  |   MD simulation time   :    17.5 ps       |
  |   target T             :   400.0 K        |
  |   timestep dt          :     5.0 fs       |
  |   dump interval(trj)   :   100.0 fs       |
  |   SHAKE algorithm      : true (all bonds) |
  |   Vbias prefactor (k)  :  0.0026 Eh       |
  |   Vbias exponent (α)   :  1.0000 bohr⁻²   |
  :::::::::: starting static MTD   2 ::::::::::
  |   MD simulation time   :    17.5 ps       |
  |   target T             :   400.0 K        |
  |   timestep dt          :     5.0 fs       |
  |   dump interval(trj)   :   100.0 fs       |
  |   SHAKE algorithm      : true (all bonds) |
  |   Vbias prefactor (k)  :  0.0026 Eh       |
  |   Vbias exponent (α)   :  1.0000 bohr⁻²   |
*sMTD  13 completed successfully ...        2 min, 16.939 sec
  :::::::::: starting static MTD  16 ::::::::::
  |   MD simulation time   :    17.5 ps       |
  |   target T             :   400.0 K        |
  |   timestep dt          :     5.0 fs       |
  |   dump interval(trj)   :   100.0 fs       |
  |   SHAKE algorithm      : true (all bonds) |
  |   Vbias prefactor (k)  :  0.0026 Eh       |
  |   Vbias exponent (α)   :  1.0000 bohr⁻²   |
*sMTD  15 completed successfully ...        2 min, 17.053 sec
  :::::::::: starting static MTD  17 ::::::::::
  |   MD simulation time   :    17.5 ps       |
  |   target T             :   400.0 K        |
  |   timestep dt          :     5.0 fs       |
  |   dump interval(trj)   :   100.0 fs       |
  |   SHAKE algorithm      : true (all bonds) |
  |   Vbias prefactor (k)  :  0.0026 Eh       |
  |   Vbias exponent (α)   :  1.0000 bohr⁻²   |
*sMTD  36 completed successfully ...        2 min, 18.002 sec
  :::::::::: starting static MTD  35 ::::::::::
  |   MD simulation time   :    17.5 ps       |
  |   target T             :   400.0 K        |
  |   timestep dt          :     5.0 fs       |
  |   dump interval(trj)   :   100.0 fs       |
  |   SHAKE algorithm      : true (all bonds) |
  |   Vbias prefactor (k)  :  0.0026 Eh       |
  |   Vbias exponent (α)   :  1.0000 bohr⁻²   |
*sMTD  10 completed successfully ...        2 min, 18.382 sec
  :::::::::: starting static MTD  18 ::::::::::
  |   MD simulation time   :    17.5 ps       |
  |   target T             :   400.0 K        |
  |   timestep dt          :     5.0 fs       |
  |   dump interval(trj)   :   100.0 fs       |
  |   SHAKE algorithm      : true (all bonds) |
  |   Vbias prefactor (k)  :  0.0026 Eh       |
  |   Vbias exponent (α)   :  1.0000 bohr⁻²   |
*sMTD  14 completed successfully ...        2 min, 18.409 sec
  :::::::::: starting static MTD  19 ::::::::::
  |   MD simulation time   :    17.5 ps       |
  |   target T             :   400.0 K        |
  |   timestep dt          :     5.0 fs       |
  |   dump interval(trj)   :   100.0 fs       |
  |   SHAKE algorithm      : true (all bonds) |
  |   Vbias prefactor (k)  :  0.0026 Eh       |
  |   Vbias exponent (α)   :  1.0000 bohr⁻²   |
*sMTD   6 completed successfully ...        2 min, 18.558 sec
  :::::::::: starting static MTD  20 ::::::::::
  |   MD simulation time   :    17.5 ps       |
  |   target T             :   400.0 K        |
  |   timestep dt          :     5.0 fs       |
  |   dump interval(trj)   :   100.0 fs       |
  |   SHAKE algorithm      : true (all bonds) |
  |   Vbias prefactor (k)  :  0.0026 Eh       |
  |   Vbias exponent (α)   :  1.0000 bohr⁻²   |
*sMTD   4 completed successfully ...        2 min, 18.635 sec
  :::::::::: starting static MTD  21 ::::::::::
  |   MD simulation time   :    17.5 ps       |
  |   target T             :   400.0 K        |
  |   timestep dt          :     5.0 fs       |
  |   dump interval(trj)   :   100.0 fs       |
  |   SHAKE algorithm      : true (all bonds) |
  |   Vbias prefactor (k)  :  0.0026 Eh       |
  |   Vbias exponent (α)   :  1.0000 bohr⁻²   |
*sMTD   5 completed successfully ...        2 min, 18.702 sec
  :::::::::: starting static MTD  22 ::::::::::
  |   MD simulation time   :    17.5 ps       |
  |   target T             :   400.0 K        |
  |   timestep dt          :     5.0 fs       |
  |   dump interval(trj)   :   100.0 fs       |
  |   SHAKE algorithm      : true (all bonds) |
  |   Vbias prefactor (k)  :  0.0026 Eh       |
  |   Vbias exponent (α)   :  1.0000 bohr⁻²   |
*sMTD   2 completed successfully ...        2 min, 19.063 sec
  :::::::::: starting static MTD  23 ::::::::::
  |   MD simulation time   :    17.5 ps       |
  |   target T             :   400.0 K        |
  |   timestep dt          :     5.0 fs       |
  |   dump interval(trj)   :   100.0 fs       |
  |   SHAKE algorithm      : true (all bonds) |
  |   Vbias prefactor (k)  :  0.0026 Eh       |
  |   Vbias exponent (α)   :  1.0000 bohr⁻²   |
*sMTD   7 completed successfully ...        2 min, 19.393 sec
  :::::::::: starting static MTD  24 ::::::::::
  |   MD simulation time   :    17.5 ps       |
  |   target T             :   400.0 K        |
  |   timestep dt          :     5.0 fs       |
  |   dump interval(trj)   :   100.0 fs       |
  |   SHAKE algorithm      : true (all bonds) |
  |   Vbias prefactor (k)  :  0.0026 Eh       |
  |   Vbias exponent (α)   :  1.0000 bohr⁻²   |
*sMTD   9 completed successfully ...        2 min, 19.605 sec
  :::::::::: starting static MTD  25 ::::::::::
  |   MD simulation time   :    17.5 ps       |
  |   target T             :   400.0 K        |
  |   timestep dt          :     5.0 fs       |
  |   dump interval(trj)   :   100.0 fs       |
  |   SHAKE algorithm      : true (all bonds) |
  |   Vbias prefactor (k)  :  0.0026 Eh       |
  |   Vbias exponent (α)   :  1.0000 bohr⁻²   |
*sMTD  11 completed successfully ...        2 min, 19.645 sec
  :::::::::: starting static MTD  26 ::::::::::
  |   MD simulation time   :    17.5 ps       |
  |   target T             :   400.0 K        |
  |   timestep dt          :     5.0 fs       |
  |   dump interval(trj)   :   100.0 fs       |
  |   SHAKE algorithm      : true (all bonds) |
  |   Vbias prefactor (k)  :  0.0026 Eh       |
  |   Vbias exponent (α)   :  1.0000 bohr⁻²   |
*sMTD   8 completed successfully ...        2 min, 19.895 sec
  :::::::::: starting static MTD  27 ::::::::::
  |   MD simulation time   :    17.5 ps       |
  |   target T             :   400.0 K        |
  |   timestep dt          :     5.0 fs       |
  |   dump interval(trj)   :   100.0 fs       |
  |   SHAKE algorithm      : true (all bonds) |
  |   Vbias prefactor (k)  :  0.0026 Eh       |
  |   Vbias exponent (α)   :  1.0000 bohr⁻²   |
*sMTD   3 completed successfully ...        2 min, 20.419 sec
  :::::::::: starting static MTD  28 ::::::::::
  |   MD simulation time   :    17.5 ps       |
  |   target T             :   400.0 K        |
  |   timestep dt          :     5.0 fs       |
  |   dump interval(trj)   :   100.0 fs       |
  |   SHAKE algorithm      : true (all bonds) |
  |   Vbias prefactor (k)  :  0.0026 Eh       |
  |   Vbias exponent (α)   :  1.0000 bohr⁻²   |
*sMTD   1 completed successfully ...        2 min, 21.441 sec
  :::::::::: starting static MTD  29 ::::::::::
  |   MD simulation time   :    17.5 ps       |
  |   target T             :   400.0 K        |
  |   timestep dt          :     5.0 fs       |
  |   dump interval(trj)   :   100.0 fs       |
  |   SHAKE algorithm      : true (all bonds) |
  |   Vbias prefactor (k)  :  0.0026 Eh       |
  |   Vbias exponent (α)   :  1.0000 bohr⁻²   |
*sMTD  12 completed successfully ...        2 min, 22.433 sec
  :::::::::: starting static MTD  30 ::::::::::
  |   MD simulation time   :    17.5 ps       |
  |   target T             :   400.0 K        |
  |   timestep dt          :     5.0 fs       |
  |   dump interval(trj)   :   100.0 fs       |
  |   SHAKE algorithm      : true (all bonds) |
  |   Vbias prefactor (k)  :  0.0026 Eh       |
  |   Vbias exponent (α)   :  1.0000 bohr⁻²   |
*sMTD  20 completed successfully ...        2 min, 16.048 sec
  :::::::::: starting static MTD  31 ::::::::::
  |   MD simulation time   :    17.5 ps       |
  |   target T             :   400.0 K        |
  |   timestep dt          :     5.0 fs       |
  |   dump interval(trj)   :   100.0 fs       |
  |   SHAKE algorithm      : true (all bonds) |
  |   Vbias prefactor (k)  :  0.0026 Eh       |
  |   Vbias exponent (α)   :  1.0000 bohr⁻²   |
*sMTD  17 completed successfully ...        2 min, 18.582 sec
  :::::::::: starting static MTD  32 ::::::::::
  |   MD simulation time   :    17.5 ps       |
  |   target T             :   400.0 K        |
  |   timestep dt          :     5.0 fs       |
  |   dump interval(trj)   :   100.0 fs       |
  |   SHAKE algorithm      : true (all bonds) |
  |   Vbias prefactor (k)  :  0.0026 Eh       |
  |   Vbias exponent (α)   :  1.0000 bohr⁻²   |
*sMTD  35 completed successfully ...        2 min, 18.196 sec
  :::::::::: starting static MTD  34 ::::::::::
  |   MD simulation time   :    17.5 ps       |
  |   target T             :   400.0 K        |
  |   timestep dt          :     5.0 fs       |
  |   dump interval(trj)   :   100.0 fs       |
  |   SHAKE algorithm      : true (all bonds) |
  |   Vbias prefactor (k)  :  0.0026 Eh       |
  |   Vbias exponent (α)   :  1.0000 bohr⁻²   |
*sMTD  16 completed successfully ...        2 min, 19.798 sec
  :::::::::: starting static MTD  33 ::::::::::
  |   MD simulation time   :    17.5 ps       |
  |   target T             :   400.0 K        |
  |   timestep dt          :     5.0 fs       |
  |   dump interval(trj)   :   100.0 fs       |
  |   SHAKE algorithm      : true (all bonds) |
  |   Vbias prefactor (k)  :  0.0026 Eh       |
  |   Vbias exponent (α)   :  1.0000 bohr⁻²   |
*sMTD  24 completed successfully ...        2 min, 17.934 sec
*sMTD  25 completed successfully ...        2 min, 17.842 sec
*sMTD  26 completed successfully ...        2 min, 17.850 sec
*sMTD  18 completed successfully ...        2 min, 19.115 sec
*sMTD  19 completed successfully ...        2 min, 19.132 sec
*sMTD  27 completed successfully ...        2 min, 17.800 sec
*sMTD  22 completed successfully ...        2 min, 19.241 sec
*sMTD  23 completed successfully ...        2 min, 19.430 sec
*sMTD  21 completed successfully ...        2 min, 19.996 sec
*sMTD  28 completed successfully ...        2 min, 19.819 sec
*sMTD  29 completed successfully ...        2 min, 18.875 sec
*sMTD  30 completed successfully ...        2 min, 18.434 sec
*sMTD  33 completed successfully ...        1 min, 19.972 sec
*sMTD  34 completed successfully ...        1 min, 22.776 sec
*sMTD  31 completed successfully ...        1 min, 25.326 sec
*sMTD  32 completed successfully ...        1 min, 24.303 sec

 ======================================
 |  Multilevel Ensemble Optimization  |
 ======================================
 Optimizing all 6264 structures from file "crest_rotamers_0.xyz" ...
 ----------------------
 crude pre-optimization
 ----------------------
 Optimization engine: ANCOPT
 Hessian update type: BFGS
 E/G convergence criteria:  0.500E-03 Eh, 0.100E-01 Eh/a0
 maximum optimization steps: 200
 |>0.0% |>5.0% |>10.0% |>15.0% |>20.0% |>25.0% |>30.0% |>35.0% |>40.0% |>45.0% |>50.0% |>55.0% |>60.0% |>65.0% |>70.0% |>75.0% |>80.0% |>85.0% |>90.0% |>95.0% |>100.0%
 done.
> 6264 of 6264 structures successfully optimized (100.0% success)
> Total runtime for 6264 optimizations:
 * wall-time:     0 d,  0 h,  2 min, 43.791 sec
 *  cpu-time:     0 d,  0 h, 42 min, 16.139 sec
 * ratio c/w:    15.484 speedup
> Corresponding to approximately 0.026 sec per processed structure

CREGEN> running RMSDs ... done.
CREGEN> E lowest :   -57.70619
 5913 structures remain within    12.00 kcal/mol window
 ---------------------------------------
 optimization with very tight thresholds
 ---------------------------------------
 Optimization engine: ANCOPT
 Hessian update type: BFGS
 E/G convergence criteria:  0.100E-06 Eh, 0.200E-03 Eh/a0
 maximum optimization steps: 200
 |>0.0% |>5.0% |>10.0% |>15.0% |>20.0% |>25.0% |>30.0% |>35.0% |>40.0% |>45.0% |>50.0% |>55.0% |>60.0% |>65.0% |>70.0% |>75.0% |>80.0% |>85.0% |>90.0% |>95.0% |>100.0%
 done.
> 5403 of 5913 structures successfully optimized (91.4% success)
> Total runtime for 5913 optimizations:
 * wall-time:     0 d,  0 h, 17 min, 13.267 sec
 *  cpu-time:     0 d,  4 h, 30 min, 52.268 sec
 * ratio c/w:    15.729 speedup
> Corresponding to approximately 0.175 sec per processed structure

CREGEN> running RMSDs ... done.
CREGEN> E lowest :   -57.70691
 988 structures remain within     6.00 kcal/mol window
CREGEN> running RMSDs ... done.
CREGEN> E lowest :   -57.70691

 Static MTD simulation iteration 4 finished
 A total of 3922 conformers (+ 7.55%) in crest_conformers.xyz
 S(approx.) =   12.569941 cal/molK (dS = 0.52%)
 Convergence w.r.t. conformers: F
 Convergence w.r.t. entropy   : F

     H(298.15K)-H(0) (conf)      1.906537
                   Cp(conf)      6.587900
                    S(conf)     12.563318

********************************************************************************
**                     I T E R A T I O N    C Y C L E      5                  **
********************************************************************************
 -------------------------------------------
 determining bias structures via PCA/k-Means
 -------------------------------------------

 26 structures were selected
 done.

 -----------------------------------------------
 determining MTD seed structures via PCA/k-Means
 -----------------------------------------------

 36 structures were selected
 done.


 ===========================================================
 Static MTDs (umbrella sampling) on 36 selected conformer(s)
 ===========================================================
> Using 26 constant RMSD bias potentials per MTD
  :::::::::: starting static MTD   1 ::::::::::
  |   MD simulation time   :    17.5 ps       |
  |   target T             :   400.0 K        |
  |   timestep dt          :     5.0 fs       |
  |   dump interval(trj)   :   100.0 fs       |
  |   SHAKE algorithm      : true (all bonds) |
  |   Vbias prefactor (k)  :  0.0026 Eh       |
  |   Vbias exponent (α)   :  1.0000 bohr⁻²   |
  :::::::::: starting static MTD   7 ::::::::::
  |   MD simulation time   :    17.5 ps       |
  |   target T             :   400.0 K        |
  |   timestep dt          :     5.0 fs       |
  |   dump interval(trj)   :   100.0 fs       |
  |   SHAKE algorithm      : true (all bonds) |
  |   Vbias prefactor (k)  :  0.0026 Eh       |
  |   Vbias exponent (α)   :  1.0000 bohr⁻²   |
  :::::::::: starting static MTD  14 ::::::::::
  |   MD simulation time   :    17.5 ps       |
  |   target T             :   400.0 K        |
  |   timestep dt          :     5.0 fs       |
  |   dump interval(trj)   :   100.0 fs       |
  |   SHAKE algorithm      : true (all bonds) |
  |   Vbias prefactor (k)  :  0.0026 Eh       |
  |   Vbias exponent (α)   :  1.0000 bohr⁻²   |
  :::::::::: starting static MTD  12 ::::::::::
  |   MD simulation time   :    17.5 ps       |
  |   target T             :   400.0 K        |
  |   timestep dt          :     5.0 fs       |
  |   dump interval(trj)   :   100.0 fs       |
  |   SHAKE algorithm      : true (all bonds) |
  |   Vbias prefactor (k)  :  0.0026 Eh       |
  |   Vbias exponent (α)   :  1.0000 bohr⁻²   |
  :::::::::: starting static MTD   9 ::::::::::
  |   MD simulation time   :    17.5 ps       |
  |   target T             :   400.0 K        |
  |   timestep dt          :     5.0 fs       |
  |   dump interval(trj)   :   100.0 fs       |
  |   SHAKE algorithm      : true (all bonds) |
  |   Vbias prefactor (k)  :  0.0026 Eh       |
  |   Vbias exponent (α)   :  1.0000 bohr⁻²   |
  :::::::::: starting static MTD   3 ::::::::::
  |   MD simulation time   :    17.5 ps       |
  |   target T             :   400.0 K        |
  |   timestep dt          :     5.0 fs       |
  |   dump interval(trj)   :   100.0 fs       |
  |   SHAKE algorithm      : true (all bonds) |
  |   Vbias prefactor (k)  :  0.0026 Eh       |
  |   Vbias exponent (α)   :  1.0000 bohr⁻²   |
  :::::::::: starting static MTD  36 ::::::::::
  |   MD simulation time   :    17.5 ps       |
  |   target T             :   400.0 K        |
  |   timestep dt          :     5.0 fs       |
  |   dump interval(trj)   :   100.0 fs       |
  |   SHAKE algorithm      : true (all bonds) |
  |   Vbias prefactor (k)  :  0.0026 Eh       |
  |   Vbias exponent (α)   :  1.0000 bohr⁻²   |
  :::::::::: starting static MTD  10 ::::::::::
  |   MD simulation time   :    17.5 ps       |
  |   target T             :   400.0 K        |
  |   timestep dt          :     5.0 fs       |
  |   dump interval(trj)   :   100.0 fs       |
  |   SHAKE algorithm      : true (all bonds) |
  |   Vbias prefactor (k)  :  0.0026 Eh       |
  |   Vbias exponent (α)   :  1.0000 bohr⁻²   |
  :::::::::: starting static MTD  11 ::::::::::
  |   MD simulation time   :    17.5 ps       |
  |   target T             :   400.0 K        |
  |   timestep dt          :     5.0 fs       |
  |   dump interval(trj)   :   100.0 fs       |
  |   SHAKE algorithm      : true (all bonds) |
  |   Vbias prefactor (k)  :  0.0026 Eh       |
  |   Vbias exponent (α)   :  1.0000 bohr⁻²   |
  :::::::::: starting static MTD   8 ::::::::::
  |   MD simulation time   :    17.5 ps       |
  |   target T             :   400.0 K        |
  |   timestep dt          :     5.0 fs       |
  |   dump interval(trj)   :   100.0 fs       |
  |   SHAKE algorithm      : true (all bonds) |
  |   Vbias prefactor (k)  :  0.0026 Eh       |
  |   Vbias exponent (α)   :  1.0000 bohr⁻²   |
  :::::::::: starting static MTD  15 ::::::::::
  |   MD simulation time   :    17.5 ps       |
  |   target T             :   400.0 K        |
  |   timestep dt          :     5.0 fs       |
  |   dump interval(trj)   :   100.0 fs       |
  |   SHAKE algorithm      : true (all bonds) |
  |   Vbias prefactor (k)  :  0.0026 Eh       |
  |   Vbias exponent (α)   :  1.0000 bohr⁻²   |
  :::::::::: starting static MTD  13 ::::::::::
  |   MD simulation time   :    17.5 ps       |
  |   target T             :   400.0 K        |
  |   timestep dt          :     5.0 fs       |
  |   dump interval(trj)   :   100.0 fs       |
  |   SHAKE algorithm      : true (all bonds) |
  |   Vbias prefactor (k)  :  0.0026 Eh       |
  |   Vbias exponent (α)   :  1.0000 bohr⁻²   |
  :::::::::: starting static MTD   4 ::::::::::
  |   MD simulation time   :    17.5 ps       |
  |   target T             :   400.0 K        |
  |   timestep dt          :     5.0 fs       |
  |   dump interval(trj)   :   100.0 fs       |
  |   SHAKE algorithm      : true (all bonds) |
  |   Vbias prefactor (k)  :  0.0026 Eh       |
  |   Vbias exponent (α)   :  1.0000 bohr⁻²   |
  :::::::::: starting static MTD   5 ::::::::::
  |   MD simulation time   :    17.5 ps       |
  |   target T             :   400.0 K        |
  |   timestep dt          :     5.0 fs       |
  |   dump interval(trj)   :   100.0 fs       |
  |   SHAKE algorithm      : true (all bonds) |
  |   Vbias prefactor (k)  :  0.0026 Eh       |
  |   Vbias exponent (α)   :  1.0000 bohr⁻²   |
  :::::::::: starting static MTD   2 ::::::::::
  |   MD simulation time   :    17.5 ps       |
  |   target T             :   400.0 K        |
  |   timestep dt          :     5.0 fs       |
  |   dump interval(trj)   :   100.0 fs       |
  |   SHAKE algorithm      : true (all bonds) |
  |   Vbias prefactor (k)  :  0.0026 Eh       |
  |   Vbias exponent (α)   :  1.0000 bohr⁻²   |
  :::::::::: starting static MTD   6 ::::::::::
  |   MD simulation time   :    17.5 ps       |
  |   target T             :   400.0 K        |
  |   timestep dt          :     5.0 fs       |
  |   dump interval(trj)   :   100.0 fs       |
  |   SHAKE algorithm      : true (all bonds) |
  |   Vbias prefactor (k)  :  0.0026 Eh       |
  |   Vbias exponent (α)   :  1.0000 bohr⁻²   |
*sMTD   7 completed successfully ...        2 min, 16.770 sec
  :::::::::: starting static MTD  16 ::::::::::
  |   MD simulation time   :    17.5 ps       |
  |   target T             :   400.0 K        |
  |   timestep dt          :     5.0 fs       |
  |   dump interval(trj)   :   100.0 fs       |
  |   SHAKE algorithm      : true (all bonds) |
  |   Vbias prefactor (k)  :  0.0026 Eh       |
  |   Vbias exponent (α)   :  1.0000 bohr⁻²   |
*sMTD  36 completed successfully ...        2 min, 17.252 sec
  :::::::::: starting static MTD  35 ::::::::::
  |   MD simulation time   :    17.5 ps       |
  |   target T             :   400.0 K        |
  |   timestep dt          :     5.0 fs       |
  |   dump interval(trj)   :   100.0 fs       |
  |   SHAKE algorithm      : true (all bonds) |
  |   Vbias prefactor (k)  :  0.0026 Eh       |
  |   Vbias exponent (α)   :  1.0000 bohr⁻²   |
*sMTD   2 completed successfully ...        2 min, 17.400 sec
  :::::::::: starting static MTD  17 ::::::::::
  |   MD simulation time   :    17.5 ps       |
  |   target T             :   400.0 K        |
  |   timestep dt          :     5.0 fs       |
  |   dump interval(trj)   :   100.0 fs       |
  |   SHAKE algorithm      : true (all bonds) |
  |   Vbias prefactor (k)  :  0.0026 Eh       |
  |   Vbias exponent (α)   :  1.0000 bohr⁻²   |
*sMTD  11 completed successfully ...        2 min, 17.431 sec
  :::::::::: starting static MTD  18 ::::::::::
  |   MD simulation time   :    17.5 ps       |
  |   target T             :   400.0 K        |
  |   timestep dt          :     5.0 fs       |
  |   dump interval(trj)   :   100.0 fs       |
  |   SHAKE algorithm      : true (all bonds) |
  |   Vbias prefactor (k)  :  0.0026 Eh       |
  |   Vbias exponent (α)   :  1.0000 bohr⁻²   |
*sMTD   6 completed successfully ...        2 min, 17.764 sec
  :::::::::: starting static MTD  19 ::::::::::
  |   MD simulation time   :    17.5 ps       |
  |   target T             :   400.0 K        |
  |   timestep dt          :     5.0 fs       |
  |   dump interval(trj)   :   100.0 fs       |
  |   SHAKE algorithm      : true (all bonds) |
  |   Vbias prefactor (k)  :  0.0026 Eh       |
  |   Vbias exponent (α)   :  1.0000 bohr⁻²   |
*sMTD  14 completed successfully ...        2 min, 17.817 sec
  :::::::::: starting static MTD  20 ::::::::::
  |   MD simulation time   :    17.5 ps       |
  |   target T             :   400.0 K        |
  |   timestep dt          :     5.0 fs       |
  |   dump interval(trj)   :   100.0 fs       |
  |   SHAKE algorithm      : true (all bonds) |
  |   Vbias prefactor (k)  :  0.0026 Eh       |
  |   Vbias exponent (α)   :  1.0000 bohr⁻²   |
*sMTD   9 completed successfully ...        2 min, 17.921 sec
  :::::::::: starting static MTD  21 ::::::::::
  |   MD simulation time   :    17.5 ps       |
  |   target T             :   400.0 K        |
  |   timestep dt          :     5.0 fs       |
  |   dump interval(trj)   :   100.0 fs       |
  |   SHAKE algorithm      : true (all bonds) |
  |   Vbias prefactor (k)  :  0.0026 Eh       |
  |   Vbias exponent (α)   :  1.0000 bohr⁻²   |
*sMTD  15 completed successfully ...        2 min, 18.295 sec
  :::::::::: starting static MTD  22 ::::::::::
  |   MD simulation time   :    17.5 ps       |
  |   target T             :   400.0 K        |
  |   timestep dt          :     5.0 fs       |
  |   dump interval(trj)   :   100.0 fs       |
  |   SHAKE algorithm      : true (all bonds) |
  |   Vbias prefactor (k)  :  0.0026 Eh       |
  |   Vbias exponent (α)   :  1.0000 bohr⁻²   |
*sMTD   4 completed successfully ...        2 min, 18.352 sec
  :::::::::: starting static MTD  23 ::::::::::
  |   MD simulation time   :    17.5 ps       |
  |   target T             :   400.0 K        |
  |   timestep dt          :     5.0 fs       |
  |   dump interval(trj)   :   100.0 fs       |
  |   SHAKE algorithm      : true (all bonds) |
  |   Vbias prefactor (k)  :  0.0026 Eh       |
  |   Vbias exponent (α)   :  1.0000 bohr⁻²   |
*sMTD  10 completed successfully ...        2 min, 18.582 sec
  :::::::::: starting static MTD  24 ::::::::::
  |   MD simulation time   :    17.5 ps       |
  |   target T             :   400.0 K        |
  |   timestep dt          :     5.0 fs       |
  |   dump interval(trj)   :   100.0 fs       |
  |   SHAKE algorithm      : true (all bonds) |
  |   Vbias prefactor (k)  :  0.0026 Eh       |
  |   Vbias exponent (α)   :  1.0000 bohr⁻²   |
*sMTD  13 completed successfully ...        2 min, 18.598 sec
  :::::::::: starting static MTD  25 ::::::::::
  |   MD simulation time   :    17.5 ps       |
  |   target T             :   400.0 K        |
  |   timestep dt          :     5.0 fs       |
  |   dump interval(trj)   :   100.0 fs       |
  |   SHAKE algorithm      : true (all bonds) |
  |   Vbias prefactor (k)  :  0.0026 Eh       |
  |   Vbias exponent (α)   :  1.0000 bohr⁻²   |
*sMTD   5 completed successfully ...        2 min, 19.410 sec
  :::::::::: starting static MTD  26 ::::::::::
  |   MD simulation time   :    17.5 ps       |
  |   target T             :   400.0 K        |
  |   timestep dt          :     5.0 fs       |
  |   dump interval(trj)   :   100.0 fs       |
  |   SHAKE algorithm      : true (all bonds) |
  |   Vbias prefactor (k)  :  0.0026 Eh       |
  |   Vbias exponent (α)   :  1.0000 bohr⁻²   |
*sMTD   8 completed successfully ...        2 min, 19.506 sec
  :::::::::: starting static MTD  27 ::::::::::
  |   MD simulation time   :    17.5 ps       |
  |   target T             :   400.0 K        |
  |   timestep dt          :     5.0 fs       |
  |   dump interval(trj)   :   100.0 fs       |
  |   SHAKE algorithm      : true (all bonds) |
  |   Vbias prefactor (k)  :  0.0026 Eh       |
  |   Vbias exponent (α)   :  1.0000 bohr⁻²   |
*sMTD   3 completed successfully ...        2 min, 20.044 sec
  :::::::::: starting static MTD  28 ::::::::::
  |   MD simulation time   :    17.5 ps       |
  |   target T             :   400.0 K        |
  |   timestep dt          :     5.0 fs       |
  |   dump interval(trj)   :   100.0 fs       |
  |   SHAKE algorithm      : true (all bonds) |
  |   Vbias prefactor (k)  :  0.0026 Eh       |
  |   Vbias exponent (α)   :  1.0000 bohr⁻²   |
*sMTD  12 completed successfully ...        2 min, 20.354 sec
  :::::::::: starting static MTD  29 ::::::::::
  |   MD simulation time   :    17.5 ps       |
  |   target T             :   400.0 K        |
  |   timestep dt          :     5.0 fs       |
  |   dump interval(trj)   :   100.0 fs       |
  |   SHAKE algorithm      : true (all bonds) |
  |   Vbias prefactor (k)  :  0.0026 Eh       |
  |   Vbias exponent (α)   :  1.0000 bohr⁻²   |
*sMTD   1 completed successfully ...        2 min, 22.150 sec
  :::::::::: starting static MTD  30 ::::::::::
  |   MD simulation time   :    17.5 ps       |
  |   target T             :   400.0 K        |
  |   timestep dt          :     5.0 fs       |
  |   dump interval(trj)   :   100.0 fs       |
  |   SHAKE algorithm      : true (all bonds) |
  |   Vbias prefactor (k)  :  0.0026 Eh       |
  |   Vbias exponent (α)   :  1.0000 bohr⁻²   |
*sMTD  17 completed successfully ...        2 min, 17.738 sec
  :::::::::: starting static MTD  31 ::::::::::
  |   MD simulation time   :    17.5 ps       |
  |   target T             :   400.0 K        |
  |   timestep dt          :     5.0 fs       |
  |   dump interval(trj)   :   100.0 fs       |
  |   SHAKE algorithm      : true (all bonds) |
  |   Vbias prefactor (k)  :  0.0026 Eh       |
  |   Vbias exponent (α)   :  1.0000 bohr⁻²   |
*sMTD  35 completed successfully ...        2 min, 18.802 sec
  :::::::::: starting static MTD  34 ::::::::::
  |   MD simulation time   :    17.5 ps       |
  |   target T             :   400.0 K        |
  |   timestep dt          :     5.0 fs       |
  |   dump interval(trj)   :   100.0 fs       |
  |   SHAKE algorithm      : true (all bonds) |
  |   Vbias prefactor (k)  :  0.0026 Eh       |
  |   Vbias exponent (α)   :  1.0000 bohr⁻²   |
*sMTD  22 completed successfully ...        2 min, 17.858 sec
  :::::::::: starting static MTD  32 ::::::::::
  |   MD simulation time   :    17.5 ps       |
  |   target T             :   400.0 K        |
  |   timestep dt          :     5.0 fs       |
  |   dump interval(trj)   :   100.0 fs       |
  |   SHAKE algorithm      : true (all bonds) |
  |   Vbias prefactor (k)  :  0.0026 Eh       |
  |   Vbias exponent (α)   :  1.0000 bohr⁻²   |
*sMTD  25 completed successfully ...        2 min, 17.848 sec
  :::::::::: starting static MTD  33 ::::::::::
  |   MD simulation time   :    17.5 ps       |
  |   target T             :   400.0 K        |
  |   timestep dt          :     5.0 fs       |
  |   dump interval(trj)   :   100.0 fs       |
  |   SHAKE algorithm      : true (all bonds) |
  |   Vbias prefactor (k)  :  0.0026 Eh       |
  |   Vbias exponent (α)   :  1.0000 bohr⁻²   |
*sMTD  18 completed successfully ...        2 min, 19.897 sec
*sMTD  21 completed successfully ...        2 min, 19.851 sec
*sMTD  16 completed successfully ...        2 min, 21.617 sec
*sMTD  23 completed successfully ...        2 min, 20.369 sec
*sMTD  24 completed successfully ...        2 min, 20.242 sec
*sMTD  30 completed successfully ...        2 min, 16.707 sec
*sMTD  20 completed successfully ...        2 min, 21.072 sec
*sMTD  29 completed successfully ...        2 min, 18.688 sec
*sMTD  27 completed successfully ...        2 min, 19.708 sec
*sMTD  19 completed successfully ...        2 min, 21.582 sec
*sMTD  26 completed successfully ...        2 min, 20.167 sec
*sMTD  28 completed successfully ...        2 min, 19.873 sec
*sMTD  33 completed successfully ...        1 min, 21.995 sec
*sMTD  32 completed successfully ...        1 min, 22.413 sec
*sMTD  31 completed successfully ...        1 min, 24.635 sec
*sMTD  34 completed successfully ...        1 min, 24.502 sec

 ======================================
 |  Multilevel Ensemble Optimization  |
 ======================================
 Optimizing all 6264 structures from file "crest_rotamers_0.xyz" ...
 ----------------------
 crude pre-optimization
 ----------------------
 Optimization engine: ANCOPT
 Hessian update type: BFGS
 E/G convergence criteria:  0.500E-03 Eh, 0.100E-01 Eh/a0
 maximum optimization steps: 200
 |>0.0% |>5.0% |>10.0% |>15.0% |>20.0% |>25.0% |>30.0% |>35.0% |>40.0% |>45.0% |>50.0% |>55.0% |>60.0% |>65.0% |>70.0% |>75.0% |>80.0% |>85.0% |>90.0% |>95.0% |>100.0%
 done.
> 6264 of 6264 structures successfully optimized (100.0% success)
> Total runtime for 6264 optimizations:
 * wall-time:     0 d,  0 h,  2 min, 43.607 sec
 *  cpu-time:     0 d,  0 h, 42 min, 17.896 sec
 * ratio c/w:    15.512 speedup
> Corresponding to approximately 0.026 sec per processed structure

CREGEN> running RMSDs ... done.
CREGEN> E lowest :   -57.70639
 5991 structures remain within    12.00 kcal/mol window
 ---------------------------------------
 optimization with very tight thresholds
 ---------------------------------------
 Optimization engine: ANCOPT
 Hessian update type: BFGS
 E/G convergence criteria:  0.100E-06 Eh, 0.200E-03 Eh/a0
 maximum optimization steps: 200
 |>0.0% |>5.0% |>10.0% |>15.0% |>20.0% |>25.0% |>30.0% |>35.0% |>40.0% |>45.0% |>50.0% |>55.0% |>60.0% |>65.0% |>70.0% |>75.0% |>80.0% |>85.0% |>90.0% |>95.0% |>100.0%
 done.
> 5478 of 5991 structures successfully optimized (91.4% success)
> Total runtime for 5991 optimizations:
 * wall-time:     0 d,  0 h, 18 min, 19.704 sec
 *  cpu-time:     0 d,  4 h, 48 min, 27.701 sec
 * ratio c/w:    15.739 speedup
> Corresponding to approximately 0.184 sec per processed structure

CREGEN> running RMSDs ... done.
CREGEN> E lowest :   -57.70691
 927 structures remain within     6.00 kcal/mol window
CREGEN> running RMSDs ... done.
CREGEN> E lowest :   -57.70691

 Static MTD simulation iteration 5 finished
 A total of 4144 conformers (+ 5.36%) in crest_conformers.xyz
 S(approx.) =   12.761128 cal/molK (dS = 1.50%)
 Convergence w.r.t. conformers: F
 Convergence w.r.t. entropy   : F

     H(298.15K)-H(0) (conf)      1.968390
                   Cp(conf)      6.499012
                    S(conf)     12.754413

********************************************************************************
**                     I T E R A T I O N    C Y C L E      6                  **
********************************************************************************
 -------------------------------------------
 determining bias structures via PCA/k-Means
 -------------------------------------------

 32 structures were selected
 done.

 -----------------------------------------------
 determining MTD seed structures via PCA/k-Means
 -----------------------------------------------

 36 structures were selected
 done.


 ===========================================================
 Static MTDs (umbrella sampling) on 36 selected conformer(s)
 ===========================================================
> Using 32 constant RMSD bias potentials per MTD
  :::::::::: starting static MTD   1 ::::::::::
  |   MD simulation time   :    17.5 ps       |
  |   target T             :   400.0 K        |
  |   timestep dt          :     5.0 fs       |
  |   dump interval(trj)   :   100.0 fs       |
  |   SHAKE algorithm      : true (all bonds) |
  |   Vbias prefactor (k)  :  0.0026 Eh       |
  |   Vbias exponent (α)   :  1.0000 bohr⁻²   |
  :::::::::: starting static MTD   7 ::::::::::
  |   MD simulation time   :    17.5 ps       |
  |   target T             :   400.0 K        |
  |   timestep dt          :     5.0 fs       |
  |   dump interval(trj)   :   100.0 fs       |
  |   SHAKE algorithm      : true (all bonds) |
  |   Vbias prefactor (k)  :  0.0026 Eh       |
  |   Vbias exponent (α)   :  1.0000 bohr⁻²   |
  :::::::::: starting static MTD  11 ::::::::::
  |   MD simulation time   :    17.5 ps       |
  |   target T             :   400.0 K        |
  |   timestep dt          :     5.0 fs       |
  |   dump interval(trj)   :   100.0 fs       |
  |   SHAKE algorithm      : true (all bonds) |
  |   Vbias prefactor (k)  :  0.0026 Eh       |
  |   Vbias exponent (α)   :  1.0000 bohr⁻²   |
  :::::::::: starting static MTD  15 ::::::::::
  |   MD simulation time   :    17.5 ps       |
  |   target T             :   400.0 K        |
  |   timestep dt          :     5.0 fs       |
  |   dump interval(trj)   :   100.0 fs       |
  |   SHAKE algorithm      : true (all bonds) |
  |   Vbias prefactor (k)  :  0.0026 Eh       |
  |   Vbias exponent (α)   :  1.0000 bohr⁻²   |
  :::::::::: starting static MTD   9 ::::::::::
  |   MD simulation time   :    17.5 ps       |
  |   target T             :   400.0 K        |
  |   timestep dt          :     5.0 fs       |
  |   dump interval(trj)   :   100.0 fs       |
  |   SHAKE algorithm      : true (all bonds) |
  |   Vbias prefactor (k)  :  0.0026 Eh       |
  |   Vbias exponent (α)   :  1.0000 bohr⁻²   |
  :::::::::: starting static MTD  36 ::::::::::
  |   MD simulation time   :    17.5 ps       |
  |   target T             :   400.0 K        |
  |   timestep dt          :     5.0 fs       |
  |   dump interval(trj)   :   100.0 fs       |
  |   SHAKE algorithm      : true (all bonds) |
  |   Vbias prefactor (k)  :  0.0026 Eh       |
  |   Vbias exponent (α)   :  1.0000 bohr⁻²   |
  :::::::::: starting static MTD   5 ::::::::::
  |   MD simulation time   :    17.5 ps       |
  |   target T             :   400.0 K        |
  |   timestep dt          :     5.0 fs       |
  |   dump interval(trj)   :   100.0 fs       |
  |   SHAKE algorithm      : true (all bonds) |
  |   Vbias prefactor (k)  :  0.0026 Eh       |
  |   Vbias exponent (α)   :  1.0000 bohr⁻²   |
  :::::::::: starting static MTD   4 ::::::::::
  |   MD simulation time   :    17.5 ps       |
  |   target T             :   400.0 K        |
  |   timestep dt          :     5.0 fs       |
  |   dump interval(trj)   :   100.0 fs       |
  |   SHAKE algorithm      : true (all bonds) |
  |   Vbias prefactor (k)  :  0.0026 Eh       |
  |   Vbias exponent (α)   :  1.0000 bohr⁻²   |
  :::::::::: starting static MTD   6 ::::::::::
  |   MD simulation time   :    17.5 ps       |
  |   target T             :   400.0 K        |
  |   timestep dt          :     5.0 fs       |
  |   dump interval(trj)   :   100.0 fs       |
  |   SHAKE algorithm      : true (all bonds) |
  |   Vbias prefactor (k)  :  0.0026 Eh       |
  |   Vbias exponent (α)   :  1.0000 bohr⁻²   |
  :::::::::: starting static MTD  10 ::::::::::
  |   MD simulation time   :    17.5 ps       |
  |   target T             :   400.0 K        |
  |   timestep dt          :     5.0 fs       |
  |   dump interval(trj)   :   100.0 fs       |
  |   SHAKE algorithm      : true (all bonds) |
  |   Vbias prefactor (k)  :  0.0026 Eh       |
  |   Vbias exponent (α)   :  1.0000 bohr⁻²   |
  :::::::::: starting static MTD  12 ::::::::::
  |   MD simulation time   :    17.5 ps       |
  |   target T             :   400.0 K        |
  |   timestep dt          :     5.0 fs       |
  |   dump interval(trj)   :   100.0 fs       |
  |   SHAKE algorithm      : true (all bonds) |
  |   Vbias prefactor (k)  :  0.0026 Eh       |
  |   Vbias exponent (α)   :  1.0000 bohr⁻²   |
  :::::::::: starting static MTD   8 ::::::::::
  |   MD simulation time   :    17.5 ps       |
  |   target T             :   400.0 K        |
  |   timestep dt          :     5.0 fs       |
  |   dump interval(trj)   :   100.0 fs       |
  |   SHAKE algorithm      : true (all bonds) |
  |   Vbias prefactor (k)  :  0.0026 Eh       |
  |   Vbias exponent (α)   :  1.0000 bohr⁻²   |
  :::::::::: starting static MTD  14 ::::::::::
  |   MD simulation time   :    17.5 ps       |
  |   target T             :   400.0 K        |
  |   timestep dt          :     5.0 fs       |
  |   dump interval(trj)   :   100.0 fs       |
  |   SHAKE algorithm      : true (all bonds) |
  |   Vbias prefactor (k)  :  0.0026 Eh       |
  |   Vbias exponent (α)   :  1.0000 bohr⁻²   |
  :::::::::: starting static MTD  13 ::::::::::
  |   MD simulation time   :    17.5 ps       |
  |   target T             :   400.0 K        |
  |   timestep dt          :     5.0 fs       |
  |   dump interval(trj)   :   100.0 fs       |
  |   SHAKE algorithm      : true (all bonds) |
  |   Vbias prefactor (k)  :  0.0026 Eh       |
  |   Vbias exponent (α)   :  1.0000 bohr⁻²   |
  :::::::::: starting static MTD   2 ::::::::::
  |   MD simulation time   :    17.5 ps       |
  |   target T             :   400.0 K        |
  |   timestep dt          :     5.0 fs       |
  |   dump interval(trj)   :   100.0 fs       |
  |   SHAKE algorithm      : true (all bonds) |
  |   Vbias prefactor (k)  :  0.0026 Eh       |
  |   Vbias exponent (α)   :  1.0000 bohr⁻²   |
  :::::::::: starting static MTD   3 ::::::::::
  |   MD simulation time   :    17.5 ps       |
  |   target T             :   400.0 K        |
  |   timestep dt          :     5.0 fs       |
  |   dump interval(trj)   :   100.0 fs       |
  |   SHAKE algorithm      : true (all bonds) |
  |   Vbias prefactor (k)  :  0.0026 Eh       |
  |   Vbias exponent (α)   :  1.0000 bohr⁻²   |
*sMTD  14 completed successfully ...        2 min, 14.853 sec
  :::::::::: starting static MTD  16 ::::::::::
  |   MD simulation time   :    17.5 ps       |
  |   target T             :   400.0 K        |
  |   timestep dt          :     5.0 fs       |
  |   dump interval(trj)   :   100.0 fs       |
  |   SHAKE algorithm      : true (all bonds) |
  |   Vbias prefactor (k)  :  0.0026 Eh       |
  |   Vbias exponent (α)   :  1.0000 bohr⁻²   |
*sMTD  12 completed successfully ...        2 min, 15.499 sec
  :::::::::: starting static MTD  17 ::::::::::
  |   MD simulation time   :    17.5 ps       |
  |   target T             :   400.0 K        |
  |   timestep dt          :     5.0 fs       |
  |   dump interval(trj)   :   100.0 fs       |
  |   SHAKE algorithm      : true (all bonds) |
  |   Vbias prefactor (k)  :  0.0026 Eh       |
  |   Vbias exponent (α)   :  1.0000 bohr⁻²   |
*sMTD   6 completed successfully ...        2 min, 16.110 sec
  :::::::::: starting static MTD  18 ::::::::::
  |   MD simulation time   :    17.5 ps       |
  |   target T             :   400.0 K        |
  |   timestep dt          :     5.0 fs       |
  |   dump interval(trj)   :   100.0 fs       |
  |   SHAKE algorithm      : true (all bonds) |
  |   Vbias prefactor (k)  :  0.0026 Eh       |
  |   Vbias exponent (α)   :  1.0000 bohr⁻²   |
*sMTD  36 completed successfully ...        2 min, 17.002 sec
  :::::::::: starting static MTD  35 ::::::::::
  |   MD simulation time   :    17.5 ps       |
  |   target T             :   400.0 K        |
  |   timestep dt          :     5.0 fs       |
  |   dump interval(trj)   :   100.0 fs       |
  |   SHAKE algorithm      : true (all bonds) |
  |   Vbias prefactor (k)  :  0.0026 Eh       |
  |   Vbias exponent (α)   :  1.0000 bohr⁻²   |
*sMTD  15 completed successfully ...        2 min, 17.128 sec
  :::::::::: starting static MTD  19 ::::::::::
  |   MD simulation time   :    17.5 ps       |
  |   target T             :   400.0 K        |
  |   timestep dt          :     5.0 fs       |
  |   dump interval(trj)   :   100.0 fs       |
  |   SHAKE algorithm      : true (all bonds) |
  |   Vbias prefactor (k)  :  0.0026 Eh       |
  |   Vbias exponent (α)   :  1.0000 bohr⁻²   |
*sMTD  11 completed successfully ...        2 min, 18.217 sec
  :::::::::: starting static MTD  20 ::::::::::
  |   MD simulation time   :    17.5 ps       |
  |   target T             :   400.0 K        |
  |   timestep dt          :     5.0 fs       |
  |   dump interval(trj)   :   100.0 fs       |
  |   SHAKE algorithm      : true (all bonds) |
  |   Vbias prefactor (k)  :  0.0026 Eh       |
  |   Vbias exponent (α)   :  1.0000 bohr⁻²   |
*sMTD   1 completed successfully ...        2 min, 18.577 sec
  :::::::::: starting static MTD  21 ::::::::::
  |   MD simulation time   :    17.5 ps       |
  |   target T             :   400.0 K        |
  |   timestep dt          :     5.0 fs       |
  |   dump interval(trj)   :   100.0 fs       |
  |   SHAKE algorithm      : true (all bonds) |
  |   Vbias prefactor (k)  :  0.0026 Eh       |
  |   Vbias exponent (α)   :  1.0000 bohr⁻²   |
*sMTD  13 completed successfully ...        2 min, 18.962 sec
  :::::::::: starting static MTD  22 ::::::::::
  |   MD simulation time   :    17.5 ps       |
  |   target T             :   400.0 K        |
  |   timestep dt          :     5.0 fs       |
  |   dump interval(trj)   :   100.0 fs       |
  |   SHAKE algorithm      : true (all bonds) |
  |   Vbias prefactor (k)  :  0.0026 Eh       |
  |   Vbias exponent (α)   :  1.0000 bohr⁻²   |
*sMTD   3 completed successfully ...        2 min, 19.060 sec
  :::::::::: starting static MTD  23 ::::::::::
  |   MD simulation time   :    17.5 ps       |
  |   target T             :   400.0 K        |
  |   timestep dt          :     5.0 fs       |
  |   dump interval(trj)   :   100.0 fs       |
  |   SHAKE algorithm      : true (all bonds) |
  |   Vbias prefactor (k)  :  0.0026 Eh       |
  |   Vbias exponent (α)   :  1.0000 bohr⁻²   |
*sMTD   2 completed successfully ...        2 min, 19.257 sec
  :::::::::: starting static MTD  24 ::::::::::
  |   MD simulation time   :    17.5 ps       |
  |   target T             :   400.0 K        |
  |   timestep dt          :     5.0 fs       |
  |   dump interval(trj)   :   100.0 fs       |
  |   SHAKE algorithm      : true (all bonds) |
  |   Vbias prefactor (k)  :  0.0026 Eh       |
  |   Vbias exponent (α)   :  1.0000 bohr⁻²   |
*sMTD   5 completed successfully ...        2 min, 19.372 sec
  :::::::::: starting static MTD  25 ::::::::::
  |   MD simulation time   :    17.5 ps       |
  |   target T             :   400.0 K        |
  |   timestep dt          :     5.0 fs       |
  |   dump interval(trj)   :   100.0 fs       |
  |   SHAKE algorithm      : true (all bonds) |
  |   Vbias prefactor (k)  :  0.0026 Eh       |
  |   Vbias exponent (α)   :  1.0000 bohr⁻²   |
*sMTD   8 completed successfully ...        2 min, 19.697 sec
  :::::::::: starting static MTD  26 ::::::::::
  |   MD simulation time   :    17.5 ps       |
  |   target T             :   400.0 K        |
  |   timestep dt          :     5.0 fs       |
  |   dump interval(trj)   :   100.0 fs       |
  |   SHAKE algorithm      : true (all bonds) |
  |   Vbias prefactor (k)  :  0.0026 Eh       |
  |   Vbias exponent (α)   :  1.0000 bohr⁻²   |
*sMTD   7 completed successfully ...        2 min, 20.399 sec
  :::::::::: starting static MTD  27 ::::::::::
  |   MD simulation time   :    17.5 ps       |
  |   target T             :   400.0 K        |
  |   timestep dt          :     5.0 fs       |
  |   dump interval(trj)   :   100.0 fs       |
  |   SHAKE algorithm      : true (all bonds) |
  |   Vbias prefactor (k)  :  0.0026 Eh       |
  |   Vbias exponent (α)   :  1.0000 bohr⁻²   |
*sMTD   9 completed successfully ...        2 min, 20.985 sec
  :::::::::: starting static MTD  28 ::::::::::
  |   MD simulation time   :    17.5 ps       |
  |   target T             :   400.0 K        |
  |   timestep dt          :     5.0 fs       |
  |   dump interval(trj)   :   100.0 fs       |
  |   SHAKE algorithm      : true (all bonds) |
  |   Vbias prefactor (k)  :  0.0026 Eh       |
  |   Vbias exponent (α)   :  1.0000 bohr⁻²   |
*sMTD  10 completed successfully ...        2 min, 21.880 sec
  :::::::::: starting static MTD  29 ::::::::::
  |   MD simulation time   :    17.5 ps       |
  |   target T             :   400.0 K        |
  |   timestep dt          :     5.0 fs       |
  |   dump interval(trj)   :   100.0 fs       |
  |   SHAKE algorithm      : true (all bonds) |
  |   Vbias prefactor (k)  :  0.0026 Eh       |
  |   Vbias exponent (α)   :  1.0000 bohr⁻²   |
*sMTD   4 completed successfully ...        2 min, 22.046 sec
  :::::::::: starting static MTD  30 ::::::::::
  |   MD simulation time   :    17.5 ps       |
  |   target T             :   400.0 K        |
  |   timestep dt          :     5.0 fs       |
  |   dump interval(trj)   :   100.0 fs       |
  |   SHAKE algorithm      : true (all bonds) |
  |   Vbias prefactor (k)  :  0.0026 Eh       |
  |   Vbias exponent (α)   :  1.0000 bohr⁻²   |
*sMTD  17 completed successfully ...        2 min, 17.117 sec
  :::::::::: starting static MTD  31 ::::::::::
  |   MD simulation time   :    17.5 ps       |
  |   target T             :   400.0 K        |
  |   timestep dt          :     5.0 fs       |
  |   dump interval(trj)   :   100.0 fs       |
  |   SHAKE algorithm      : true (all bonds) |
  |   Vbias prefactor (k)  :  0.0026 Eh       |
  |   Vbias exponent (α)   :  1.0000 bohr⁻²   |
*sMTD  16 completed successfully ...        2 min, 20.415 sec
  :::::::::: starting static MTD  32 ::::::::::
  |   MD simulation time   :    17.5 ps       |
  |   target T             :   400.0 K        |
  |   timestep dt          :     5.0 fs       |
  |   dump interval(trj)   :   100.0 fs       |
  |   SHAKE algorithm      : true (all bonds) |
  |   Vbias prefactor (k)  :  0.0026 Eh       |
  |   Vbias exponent (α)   :  1.0000 bohr⁻²   |
*sMTD  35 completed successfully ...        2 min, 19.958 sec
  :::::::::: starting static MTD  34 ::::::::::
  |   MD simulation time   :    17.5 ps       |
  |   target T             :   400.0 K        |
  |   timestep dt          :     5.0 fs       |
  |   dump interval(trj)   :   100.0 fs       |
  |   SHAKE algorithm      : true (all bonds) |
  |   Vbias prefactor (k)  :  0.0026 Eh       |
  |   Vbias exponent (α)   :  1.0000 bohr⁻²   |
*sMTD  18 completed successfully ...        2 min, 21.998 sec
  :::::::::: starting static MTD  33 ::::::::::
  |   MD simulation time   :    17.5 ps       |
  |   target T             :   400.0 K        |
  |   timestep dt          :     5.0 fs       |
  |   dump interval(trj)   :   100.0 fs       |
  |   SHAKE algorithm      : true (all bonds) |
  |   Vbias prefactor (k)  :  0.0026 Eh       |
  |   Vbias exponent (α)   :  1.0000 bohr⁻²   |
*sMTD  19 completed successfully ...        2 min, 21.236 sec
*sMTD  22 completed successfully ...        2 min, 19.432 sec
*sMTD  25 completed successfully ...        2 min, 19.266 sec
*sMTD  26 completed successfully ...        2 min, 19.097 sec
*sMTD  23 completed successfully ...        2 min, 19.909 sec
*sMTD  24 completed successfully ...        2 min, 20.071 sec
*sMTD  27 completed successfully ...        2 min, 19.447 sec
*sMTD  29 completed successfully ...        2 min, 18.031 sec
*sMTD  20 completed successfully ...        2 min, 21.994 sec
*sMTD  21 completed successfully ...        2 min, 21.899 sec
*sMTD  28 completed successfully ...        2 min, 20.950 sec
*sMTD  30 completed successfully ...        2 min, 20.008 sec
*sMTD  31 completed successfully ...        1 min, 25.034 sec
*sMTD  34 completed successfully ...        1 min, 22.915 sec
*sMTD  32 completed successfully ...        1 min, 25.149 sec
*sMTD  33 completed successfully ...        1 min, 24.728 sec

 ======================================
 |  Multilevel Ensemble Optimization  |
 ======================================
 Optimizing all 6264 structures from file "crest_rotamers_0.xyz" ...
 ----------------------
 crude pre-optimization
 ----------------------
 Optimization engine: ANCOPT
 Hessian update type: BFGS
 E/G convergence criteria:  0.500E-03 Eh, 0.100E-01 Eh/a0
 maximum optimization steps: 200
 |>0.0% |>5.0% |>10.0% |>15.0% |>20.0% |>25.0% |>30.0% |>35.0% |>40.0% |>45.0% |>50.0% |>55.0% |>60.0% |>65.0% |>70.0% |>75.0% |>80.0% |>85.0% |>90.0% |>95.0% |>100.0%
 done.
> 6264 of 6264 structures successfully optimized (100.0% success)
> Total runtime for 6264 optimizations:
 * wall-time:     0 d,  0 h,  2 min, 42.122 sec
 *  cpu-time:     0 d,  0 h, 41 min, 49.662 sec
 * ratio c/w:    15.480 speedup
> Corresponding to approximately 0.026 sec per processed structure

CREGEN> running RMSDs ... done.
CREGEN> E lowest :   -57.70629
 5960 structures remain within    12.00 kcal/mol window
 ---------------------------------------
 optimization with very tight thresholds
 ---------------------------------------
 Optimization engine: ANCOPT
 Hessian update type: BFGS
 E/G convergence criteria:  0.100E-06 Eh, 0.200E-03 Eh/a0
 maximum optimization steps: 200
 |>0.0% |>5.0% |>10.0% |>15.0% |>20.0% |>25.0% |>30.0% |>35.0% |>40.0% |>45.0% |>50.0% |>55.0% |>60.0% |>65.0% |>70.0% |>75.0% |>80.0% |>85.0% |>90.0% |>95.0% |>100.0%
 done.
> 5497 of 5960 structures successfully optimized (92.2% success)
> Total runtime for 5960 optimizations:
 * wall-time:     0 d,  0 h, 17 min, 33.966 sec
 *  cpu-time:     0 d,  4 h, 36 min, 19.379 sec
 * ratio c/w:    15.730 speedup
> Corresponding to approximately 0.177 sec per processed structure

CREGEN> running RMSDs ... done.
CREGEN> E lowest :   -57.70691
 903 structures remain within     6.00 kcal/mol window
CREGEN> running RMSDs ... done.
CREGEN> E lowest :   -57.70691

 Static MTD simulation iteration 6 finished
 A total of 4382 conformers (+ 5.43%) in crest_conformers.xyz
 S(approx.) =   12.861569 cal/molK (dS = 0.78%)
 Convergence w.r.t. conformers: F
 Convergence w.r.t. entropy   : F

     H(298.15K)-H(0) (conf)      2.018678
                   Cp(conf)      6.545744
                    S(conf)     12.854768

********************************************************************************
**                     I T E R A T I O N    C Y C L E      7                  **
********************************************************************************
 -------------------------------------------
 determining bias structures via PCA/k-Means
 -------------------------------------------

 40 structures were selected
 done.

 -----------------------------------------------
 determining MTD seed structures via PCA/k-Means
 -----------------------------------------------

 36 structures were selected
 done.


 ===========================================================
 Static MTDs (umbrella sampling) on 36 selected conformer(s)
 ===========================================================
> Using 40 constant RMSD bias potentials per MTD
  :::::::::: starting static MTD   1 ::::::::::
  |   MD simulation time   :    17.5 ps       |
  |   target T             :   400.0 K        |
  |   timestep dt          :     5.0 fs       |
  |   dump interval(trj)   :   100.0 fs       |
  |   SHAKE algorithm      : true (all bonds) |
  |   Vbias prefactor (k)  :  0.0026 Eh       |
  |   Vbias exponent (α)   :  1.0000 bohr⁻²   |
  :::::::::: starting static MTD   6 ::::::::::
  |   MD simulation time   :    17.5 ps       |
  |   target T             :   400.0 K        |
  |   timestep dt          :     5.0 fs       |
  |   dump interval(trj)   :   100.0 fs       |
  |   SHAKE algorithm      : true (all bonds) |
  |   Vbias prefactor (k)  :  0.0026 Eh       |
  |   Vbias exponent (α)   :  1.0000 bohr⁻²   |
  :::::::::: starting static MTD   8 ::::::::::
  |   MD simulation time   :    17.5 ps       |
  |   target T             :   400.0 K        |
  |   timestep dt          :     5.0 fs       |
  |   dump interval(trj)   :   100.0 fs       |
  |   SHAKE algorithm      : true (all bonds) |
  |   Vbias prefactor (k)  :  0.0026 Eh       |
  |   Vbias exponent (α)   :  1.0000 bohr⁻²   |
  :::::::::: starting static MTD  36 ::::::::::
  |   MD simulation time   :    17.5 ps       |
  |   target T             :   400.0 K        |
  |   timestep dt          :     5.0 fs       |
  |   dump interval(trj)   :   100.0 fs       |
  |   SHAKE algorithm      : true (all bonds) |
  |   Vbias prefactor (k)  :  0.0026 Eh       |
  |   Vbias exponent (α)   :  1.0000 bohr⁻²   |
  :::::::::: starting static MTD  14 ::::::::::
  |   MD simulation time   :    17.5 ps       |
  |   target T             :   400.0 K        |
  |   timestep dt          :     5.0 fs       |
  |   dump interval(trj)   :   100.0 fs       |
  |   SHAKE algorithm      : true (all bonds) |
  |   Vbias prefactor (k)  :  0.0026 Eh       |
  |   Vbias exponent (α)   :  1.0000 bohr⁻²   |
  :::::::::: starting static MTD   5 ::::::::::
  |   MD simulation time   :    17.5 ps       |
  |   target T             :   400.0 K        |
  |   timestep dt          :     5.0 fs       |
  |   dump interval(trj)   :   100.0 fs       |
  |   SHAKE algorithm      : true (all bonds) |
  |   Vbias prefactor (k)  :  0.0026 Eh       |
  |   Vbias exponent (α)   :  1.0000 bohr⁻²   |
  :::::::::: starting static MTD   3 ::::::::::
  |   MD simulation time   :    17.5 ps       |
  |   target T             :   400.0 K        |
  |   timestep dt          :     5.0 fs       |
  |   dump interval(trj)   :   100.0 fs       |
  |   SHAKE algorithm      : true (all bonds) |
  |   Vbias prefactor (k)  :  0.0026 Eh       |
  |   Vbias exponent (α)   :  1.0000 bohr⁻²   |
  :::::::::: starting static MTD   7 ::::::::::
  |   MD simulation time   :    17.5 ps       |
  |   target T             :   400.0 K        |
  |   timestep dt          :     5.0 fs       |
  |   dump interval(trj)   :   100.0 fs       |
  |   SHAKE algorithm      : true (all bonds) |
  |   Vbias prefactor (k)  :  0.0026 Eh       |
  |   Vbias exponent (α)   :  1.0000 bohr⁻²   |
  :::::::::: starting static MTD   2 ::::::::::
  |   MD simulation time   :    17.5 ps       |
  |   target T             :   400.0 K        |
  |   timestep dt          :     5.0 fs       |
  |   dump interval(trj)   :   100.0 fs       |
  |   SHAKE algorithm      : true (all bonds) |
  |   Vbias prefactor (k)  :  0.0026 Eh       |
  |   Vbias exponent (α)   :  1.0000 bohr⁻²   |
  :::::::::: starting static MTD  11 ::::::::::
  |   MD simulation time   :    17.5 ps       |
  |   target T             :   400.0 K        |
  |   timestep dt          :     5.0 fs       |
  |   dump interval(trj)   :   100.0 fs       |
  |   SHAKE algorithm      : true (all bonds) |
  |   Vbias prefactor (k)  :  0.0026 Eh       |
  |   Vbias exponent (α)   :  1.0000 bohr⁻²   |
  :::::::::: starting static MTD  15 ::::::::::
  |   MD simulation time   :    17.5 ps       |
  |   target T             :   400.0 K        |
  |   timestep dt          :     5.0 fs       |
  |   dump interval(trj)   :   100.0 fs       |
  |   SHAKE algorithm      : true (all bonds) |
  |   Vbias prefactor (k)  :  0.0026 Eh       |
  |   Vbias exponent (α)   :  1.0000 bohr⁻²   |
  :::::::::: starting static MTD  13 ::::::::::
  |   MD simulation time   :    17.5 ps       |
  |   target T             :   400.0 K        |
  |   timestep dt          :     5.0 fs       |
  |   dump interval(trj)   :   100.0 fs       |
  |   SHAKE algorithm      : true (all bonds) |
  |   Vbias prefactor (k)  :  0.0026 Eh       |
  |   Vbias exponent (α)   :  1.0000 bohr⁻²   |
  :::::::::: starting static MTD   9 ::::::::::
  |   MD simulation time   :    17.5 ps       |
  |   target T             :   400.0 K        |
  |   timestep dt          :     5.0 fs       |
  |   dump interval(trj)   :   100.0 fs       |
  |   SHAKE algorithm      : true (all bonds) |
  |   Vbias prefactor (k)  :  0.0026 Eh       |
  |   Vbias exponent (α)   :  1.0000 bohr⁻²   |
  :::::::::: starting static MTD  12 ::::::::::
  |   MD simulation time   :    17.5 ps       |
  |   target T             :   400.0 K        |
  |   timestep dt          :     5.0 fs       |
  |   dump interval(trj)   :   100.0 fs       |
  |   SHAKE algorithm      : true (all bonds) |
  |   Vbias prefactor (k)  :  0.0026 Eh       |
  |   Vbias exponent (α)   :  1.0000 bohr⁻²   |
  :::::::::: starting static MTD  10 ::::::::::
  |   MD simulation time   :    17.5 ps       |
  |   target T             :   400.0 K        |
  |   timestep dt          :     5.0 fs       |
  |   dump interval(trj)   :   100.0 fs       |
  |   SHAKE algorithm      : true (all bonds) |
  |   Vbias prefactor (k)  :  0.0026 Eh       |
  |   Vbias exponent (α)   :  1.0000 bohr⁻²   |
  :::::::::: starting static MTD   4 ::::::::::
  |   MD simulation time   :    17.5 ps       |
  |   target T             :   400.0 K        |
  |   timestep dt          :     5.0 fs       |
  |   dump interval(trj)   :   100.0 fs       |
  |   SHAKE algorithm      : true (all bonds) |
  |   Vbias prefactor (k)  :  0.0026 Eh       |
  |   Vbias exponent (α)   :  1.0000 bohr⁻²   |
*sMTD  13 completed successfully ...        2 min, 16.545 sec
  :::::::::: starting static MTD  16 ::::::::::
  |   MD simulation time   :    17.5 ps       |
  |   target T             :   400.0 K        |
  |   timestep dt          :     5.0 fs       |
  |   dump interval(trj)   :   100.0 fs       |
  |   SHAKE algorithm      : true (all bonds) |
  |   Vbias prefactor (k)  :  0.0026 Eh       |
  |   Vbias exponent (α)   :  1.0000 bohr⁻²   |
*sMTD  36 completed successfully ...        2 min, 17.117 sec
  :::::::::: starting static MTD  35 ::::::::::
  |   MD simulation time   :    17.5 ps       |
  |   target T             :   400.0 K        |
  |   timestep dt          :     5.0 fs       |
  |   dump interval(trj)   :   100.0 fs       |
  |   SHAKE algorithm      : true (all bonds) |
  |   Vbias prefactor (k)  :  0.0026 Eh       |
  |   Vbias exponent (α)   :  1.0000 bohr⁻²   |
*sMTD  15 completed successfully ...        2 min, 17.725 sec
  :::::::::: starting static MTD  17 ::::::::::
  |   MD simulation time   :    17.5 ps       |
  |   target T             :   400.0 K        |
  |   timestep dt          :     5.0 fs       |
  |   dump interval(trj)   :   100.0 fs       |
  |   SHAKE algorithm      : true (all bonds) |
  |   Vbias prefactor (k)  :  0.0026 Eh       |
  |   Vbias exponent (α)   :  1.0000 bohr⁻²   |
*sMTD   4 completed successfully ...        2 min, 18.019 sec
  :::::::::: starting static MTD  18 ::::::::::
  |   MD simulation time   :    17.5 ps       |
  |   target T             :   400.0 K        |
  |   timestep dt          :     5.0 fs       |
  |   dump interval(trj)   :   100.0 fs       |
  |   SHAKE algorithm      : true (all bonds) |
  |   Vbias prefactor (k)  :  0.0026 Eh       |
  |   Vbias exponent (α)   :  1.0000 bohr⁻²   |
*sMTD   2 completed successfully ...        2 min, 18.041 sec
  :::::::::: starting static MTD  19 ::::::::::
  |   MD simulation time   :    17.5 ps       |
  |   target T             :   400.0 K        |
  |   timestep dt          :     5.0 fs       |
  |   dump interval(trj)   :   100.0 fs       |
  |   SHAKE algorithm      : true (all bonds) |
  |   Vbias prefactor (k)  :  0.0026 Eh       |
  |   Vbias exponent (α)   :  1.0000 bohr⁻²   |
*sMTD   8 completed successfully ...        2 min, 18.190 sec
  :::::::::: starting static MTD  20 ::::::::::
  |   MD simulation time   :    17.5 ps       |
  |   target T             :   400.0 K        |
  |   timestep dt          :     5.0 fs       |
  |   dump interval(trj)   :   100.0 fs       |
  |   SHAKE algorithm      : true (all bonds) |
  |   Vbias prefactor (k)  :  0.0026 Eh       |
  |   Vbias exponent (α)   :  1.0000 bohr⁻²   |
*sMTD   5 completed successfully ...        2 min, 18.469 sec
  :::::::::: starting static MTD  21 ::::::::::
  |   MD simulation time   :    17.5 ps       |
  |   target T             :   400.0 K        |
  |   timestep dt          :     5.0 fs       |
  |   dump interval(trj)   :   100.0 fs       |
  |   SHAKE algorithm      : true (all bonds) |
  |   Vbias prefactor (k)  :  0.0026 Eh       |
  |   Vbias exponent (α)   :  1.0000 bohr⁻²   |
*sMTD   7 completed successfully ...        2 min, 18.983 sec
  :::::::::: starting static MTD  22 ::::::::::
  |   MD simulation time   :    17.5 ps       |
  |   target T             :   400.0 K        |
  |   timestep dt          :     5.0 fs       |
  |   dump interval(trj)   :   100.0 fs       |
  |   SHAKE algorithm      : true (all bonds) |
  |   Vbias prefactor (k)  :  0.0026 Eh       |
  |   Vbias exponent (α)   :  1.0000 bohr⁻²   |
*sMTD   1 completed successfully ...        2 min, 19.028 sec
  :::::::::: starting static MTD  23 ::::::::::
  |   MD simulation time   :    17.5 ps       |
  |   target T             :   400.0 K        |
  |   timestep dt          :     5.0 fs       |
  |   dump interval(trj)   :   100.0 fs       |
  |   SHAKE algorithm      : true (all bonds) |
  |   Vbias prefactor (k)  :  0.0026 Eh       |
  |   Vbias exponent (α)   :  1.0000 bohr⁻²   |
*sMTD  10 completed successfully ...        2 min, 19.036 sec
  :::::::::: starting static MTD  24 ::::::::::
  |   MD simulation time   :    17.5 ps       |
  |   target T             :   400.0 K        |
  |   timestep dt          :     5.0 fs       |
  |   dump interval(trj)   :   100.0 fs       |
  |   SHAKE algorithm      : true (all bonds) |
  |   Vbias prefactor (k)  :  0.0026 Eh       |
  |   Vbias exponent (α)   :  1.0000 bohr⁻²   |
*sMTD   6 completed successfully ...        2 min, 19.086 sec
  :::::::::: starting static MTD  25 ::::::::::
  |   MD simulation time   :    17.5 ps       |
  |   target T             :   400.0 K        |
  |   timestep dt          :     5.0 fs       |
  |   dump interval(trj)   :   100.0 fs       |
  |   SHAKE algorithm      : true (all bonds) |
  |   Vbias prefactor (k)  :  0.0026 Eh       |
  |   Vbias exponent (α)   :  1.0000 bohr⁻²   |
*sMTD   9 completed successfully ...        2 min, 19.188 sec
  :::::::::: starting static MTD  26 ::::::::::
  |   MD simulation time   :    17.5 ps       |
  |   target T             :   400.0 K        |
  |   timestep dt          :     5.0 fs       |
  |   dump interval(trj)   :   100.0 fs       |
  |   SHAKE algorithm      : true (all bonds) |
  |   Vbias prefactor (k)  :  0.0026 Eh       |
  |   Vbias exponent (α)   :  1.0000 bohr⁻²   |
*sMTD  12 completed successfully ...        2 min, 19.434 sec
  :::::::::: starting static MTD  27 ::::::::::
  |   MD simulation time   :    17.5 ps       |
  |   target T             :   400.0 K        |
  |   timestep dt          :     5.0 fs       |
  |   dump interval(trj)   :   100.0 fs       |
  |   SHAKE algorithm      : true (all bonds) |
  |   Vbias prefactor (k)  :  0.0026 Eh       |
  |   Vbias exponent (α)   :  1.0000 bohr⁻²   |
*sMTD  14 completed successfully ...        2 min, 19.484 sec
  :::::::::: starting static MTD  28 ::::::::::
  |   MD simulation time   :    17.5 ps       |
  |   target T             :   400.0 K        |
  |   timestep dt          :     5.0 fs       |
  |   dump interval(trj)   :   100.0 fs       |
  |   SHAKE algorithm      : true (all bonds) |
  |   Vbias prefactor (k)  :  0.0026 Eh       |
  |   Vbias exponent (α)   :  1.0000 bohr⁻²   |
*sMTD  11 completed successfully ...        2 min, 19.593 sec
  :::::::::: starting static MTD  29 ::::::::::
  |   MD simulation time   :    17.5 ps       |
  |   target T             :   400.0 K        |
  |   timestep dt          :     5.0 fs       |
  |   dump interval(trj)   :   100.0 fs       |
  |   SHAKE algorithm      : true (all bonds) |
  |   Vbias prefactor (k)  :  0.0026 Eh       |
  |   Vbias exponent (α)   :  1.0000 bohr⁻²   |
*sMTD   3 completed successfully ...        2 min, 23.602 sec
  :::::::::: starting static MTD  30 ::::::::::
  |   MD simulation time   :    17.5 ps       |
  |   target T             :   400.0 K        |
  |   timestep dt          :     5.0 fs       |
  |   dump interval(trj)   :   100.0 fs       |
  |   SHAKE algorithm      : true (all bonds) |
  |   Vbias prefactor (k)  :  0.0026 Eh       |
  |   Vbias exponent (α)   :  1.0000 bohr⁻²   |
*sMTD  35 completed successfully ...        2 min, 17.211 sec
  :::::::::: starting static MTD  34 ::::::::::
  |   MD simulation time   :    17.5 ps       |
  |   target T             :   400.0 K        |
  |   timestep dt          :     5.0 fs       |
  |   dump interval(trj)   :   100.0 fs       |
  |   SHAKE algorithm      : true (all bonds) |
  |   Vbias prefactor (k)  :  0.0026 Eh       |
  |   Vbias exponent (α)   :  1.0000 bohr⁻²   |
*sMTD  16 completed successfully ...        2 min, 17.998 sec
  :::::::::: starting static MTD  31 ::::::::::
  |   MD simulation time   :    17.5 ps       |
  |   target T             :   400.0 K        |
  |   timestep dt          :     5.0 fs       |
  |   dump interval(trj)   :   100.0 fs       |
  |   SHAKE algorithm      : true (all bonds) |
  |   Vbias prefactor (k)  :  0.0026 Eh       |
  |   Vbias exponent (α)   :  1.0000 bohr⁻²   |
*sMTD  18 completed successfully ...        2 min, 18.218 sec
  :::::::::: starting static MTD  32 ::::::::::
  |   MD simulation time   :    17.5 ps       |
  |   target T             :   400.0 K        |
  |   timestep dt          :     5.0 fs       |
  |   dump interval(trj)   :   100.0 fs       |
  |   SHAKE algorithm      : true (all bonds) |
  |   Vbias prefactor (k)  :  0.0026 Eh       |
  |   Vbias exponent (α)   :  1.0000 bohr⁻²   |
*sMTD  19 completed successfully ...        2 min, 18.396 sec
  :::::::::: starting static MTD  33 ::::::::::
  |   MD simulation time   :    17.5 ps       |
  |   target T             :   400.0 K        |
  |   timestep dt          :     5.0 fs       |
  |   dump interval(trj)   :   100.0 fs       |
  |   SHAKE algorithm      : true (all bonds) |
  |   Vbias prefactor (k)  :  0.0026 Eh       |
  |   Vbias exponent (α)   :  1.0000 bohr⁻²   |
*sMTD  22 completed successfully ...        2 min, 17.755 sec
*sMTD  24 completed successfully ...        2 min, 18.108 sec
*sMTD  21 completed successfully ...        2 min, 18.774 sec
*sMTD  17 completed successfully ...        2 min, 19.553 sec
*sMTD  26 completed successfully ...        2 min, 18.280 sec
*sMTD  25 completed successfully ...        2 min, 18.730 sec
*sMTD  23 completed successfully ...        2 min, 18.816 sec
*sMTD  20 completed successfully ...        2 min, 19.834 sec
*sMTD  28 completed successfully ...        2 min, 18.739 sec
*sMTD  29 completed successfully ...        2 min, 19.224 sec
*sMTD  27 completed successfully ...        2 min, 20.017 sec
*sMTD  30 completed successfully ...        2 min, 17.588 sec
*sMTD  31 completed successfully ...        1 min, 22.851 sec
*sMTD  34 completed successfully ...        1 min, 23.932 sec
*sMTD  33 completed successfully ...        1 min, 22.151 sec
*sMTD  32 completed successfully ...        1 min, 22.460 sec

 ======================================
 |  Multilevel Ensemble Optimization  |
 ======================================
 Optimizing all 6264 structures from file "crest_rotamers_0.xyz" ...
 ----------------------
 crude pre-optimization
 ----------------------
 Optimization engine: ANCOPT
 Hessian update type: BFGS
 E/G convergence criteria:  0.500E-03 Eh, 0.100E-01 Eh/a0
 maximum optimization steps: 200
 |>0.0% |>5.0% |>10.0% |>15.0% |>20.0% |>25.0% |>30.0% |>35.0% |>40.0% |>45.0% |>50.0% |>55.0% |>60.0% |>65.0% |>70.0% |>75.0% |>80.0% |>85.0% |>90.0% |>95.0% |>100.0%
 done.
> 6264 of 6264 structures successfully optimized (100.0% success)
> Total runtime for 6264 optimizations:
 * wall-time:     0 d,  0 h,  2 min, 41.529 sec
 *  cpu-time:     0 d,  0 h, 41 min, 41.295 sec
 * ratio c/w:    15.485 speedup
> Corresponding to approximately 0.026 sec per processed structure

CREGEN> running RMSDs ... done.
CREGEN> E lowest :   -57.70636
 5996 structures remain within    12.00 kcal/mol window
 ---------------------------------------
 optimization with very tight thresholds
 ---------------------------------------
 Optimization engine: ANCOPT
 Hessian update type: BFGS
 E/G convergence criteria:  0.100E-06 Eh, 0.200E-03 Eh/a0
 maximum optimization steps: 200
 |>0.0% |>5.0% |>10.0% |>15.0% |>20.0% |>25.0% |>30.0% |>35.0% |>40.0% |>45.0% |>50.0% |>55.0% |>60.0% |>65.0% |>70.0% |>75.0% |>80.0% |>85.0% |>90.0% |>95.0% |>100.0%
 done.
> 5595 of 5996 structures successfully optimized (93.3% success)
> Total runtime for 5996 optimizations:
 * wall-time:     0 d,  0 h, 17 min,  9.398 sec
 *  cpu-time:     0 d,  4 h, 30 min,  1.665 sec
 * ratio c/w:    15.739 speedup
> Corresponding to approximately 0.172 sec per processed structure

CREGEN> running RMSDs ... done.
CREGEN> E lowest :   -57.70691
 1016 structures remain within     6.00 kcal/mol window
CREGEN> running RMSDs ... done.
CREGEN> E lowest :   -57.70691

 Static MTD simulation iteration 7 finished
 A total of 4597 conformers (+ 4.68%) in crest_conformers.xyz
 S(approx.) =   12.956211 cal/molK (dS = 0.73%)
 Convergence w.r.t. conformers: F
 Convergence w.r.t. entropy   : F

     H(298.15K)-H(0) (conf)      2.047622
                   Cp(conf)      6.537327
                    S(conf)     12.949396

********************************************************************************
**                     I T E R A T I O N    C Y C L E      8                  **
********************************************************************************
 -------------------------------------------
 determining bias structures via PCA/k-Means
 -------------------------------------------

 49 structures were selected
 done.

 -----------------------------------------------
 determining MTD seed structures via PCA/k-Means
 -----------------------------------------------

 36 structures were selected
 done.


 ===========================================================
 Static MTDs (umbrella sampling) on 36 selected conformer(s)
 ===========================================================
> Using 49 constant RMSD bias potentials per MTD
  :::::::::: starting static MTD   1 ::::::::::
  |   MD simulation time   :    17.5 ps       |
  |   target T             :   400.0 K        |
  |   timestep dt          :     5.0 fs       |
  |   dump interval(trj)   :   100.0 fs       |
  |   SHAKE algorithm      : true (all bonds) |
  |   Vbias prefactor (k)  :  0.0026 Eh       |
  |   Vbias exponent (α)   :  1.0000 bohr⁻²   |
  :::::::::: starting static MTD   8 ::::::::::
  |   MD simulation time   :    17.5 ps       |
  |   target T             :   400.0 K        |
  |   timestep dt          :     5.0 fs       |
  |   dump interval(trj)   :   100.0 fs       |
  |   SHAKE algorithm      : true (all bonds) |
  |   Vbias prefactor (k)  :  0.0026 Eh       |
  |   Vbias exponent (α)   :  1.0000 bohr⁻²   |
  :::::::::: starting static MTD  15 ::::::::::
  |   MD simulation time   :    17.5 ps       |
  |   target T             :   400.0 K        |
  |   timestep dt          :     5.0 fs       |
  |   dump interval(trj)   :   100.0 fs       |
  |   SHAKE algorithm      : true (all bonds) |
  |   Vbias prefactor (k)  :  0.0026 Eh       |
  |   Vbias exponent (α)   :  1.0000 bohr⁻²   |
  :::::::::: starting static MTD   7 ::::::::::
  |   MD simulation time   :    17.5 ps       |
  |   target T             :   400.0 K        |
  |   timestep dt          :     5.0 fs       |
  |   dump interval(trj)   :   100.0 fs       |
  |   SHAKE algorithm      : true (all bonds) |
  |   Vbias prefactor (k)  :  0.0026 Eh       |
  |   Vbias exponent (α)   :  1.0000 bohr⁻²   |
  :::::::::: starting static MTD   4 ::::::::::
  |   MD simulation time   :    17.5 ps       |
  |   target T             :   400.0 K        |
  |   timestep dt          :     5.0 fs       |
  |   dump interval(trj)   :   100.0 fs       |
  |   SHAKE algorithm      : true (all bonds) |
  |   Vbias prefactor (k)  :  0.0026 Eh       |
  |   Vbias exponent (α)   :  1.0000 bohr⁻²   |
  :::::::::: starting static MTD  14 ::::::::::
  |   MD simulation time   :    17.5 ps       |
  |   target T             :   400.0 K        |
  |   timestep dt          :     5.0 fs       |
  |   dump interval(trj)   :   100.0 fs       |
  |   SHAKE algorithm      : true (all bonds) |
  |   Vbias prefactor (k)  :  0.0026 Eh       |
  |   Vbias exponent (α)   :  1.0000 bohr⁻²   |
  :::::::::: starting static MTD  13 ::::::::::
  |   MD simulation time   :    17.5 ps       |
  |   target T             :   400.0 K        |
  |   timestep dt          :     5.0 fs       |
  |   dump interval(trj)   :   100.0 fs       |
  |   SHAKE algorithm      : true (all bonds) |
  |   Vbias prefactor (k)  :  0.0026 Eh       |
  |   Vbias exponent (α)   :  1.0000 bohr⁻²   |
  :::::::::: starting static MTD  36 ::::::::::
  |   MD simulation time   :    17.5 ps       |
  |   target T             :   400.0 K        |
  |   timestep dt          :     5.0 fs       |
  |   dump interval(trj)   :   100.0 fs       |
  |   SHAKE algorithm      : true (all bonds) |
  |   Vbias prefactor (k)  :  0.0026 Eh       |
  |   Vbias exponent (α)   :  1.0000 bohr⁻²   |
  :::::::::: starting static MTD   2 ::::::::::
  |   MD simulation time   :    17.5 ps       |
  |   target T             :   400.0 K        |
  |   timestep dt          :     5.0 fs       |
  |   dump interval(trj)   :   100.0 fs       |
  |   SHAKE algorithm      : true (all bonds) |
  |   Vbias prefactor (k)  :  0.0026 Eh       |
  |   Vbias exponent (α)   :  1.0000 bohr⁻²   |
  :::::::::: starting static MTD   9 ::::::::::
  |   MD simulation time   :    17.5 ps       |
  |   target T             :   400.0 K        |
  |   timestep dt          :     5.0 fs       |
  |   dump interval(trj)   :   100.0 fs       |
  |   SHAKE algorithm      : true (all bonds) |
  |   Vbias prefactor (k)  :  0.0026 Eh       |
  |   Vbias exponent (α)   :  1.0000 bohr⁻²   |
  :::::::::: starting static MTD   5 ::::::::::
  |   MD simulation time   :    17.5 ps       |
  |   target T             :   400.0 K        |
  |   timestep dt          :     5.0 fs       |
  |   dump interval(trj)   :   100.0 fs       |
  |   SHAKE algorithm      : true (all bonds) |
  |   Vbias prefactor (k)  :  0.0026 Eh       |
  |   Vbias exponent (α)   :  1.0000 bohr⁻²   |
  :::::::::: starting static MTD   6 ::::::::::
  |   MD simulation time   :    17.5 ps       |
  |   target T             :   400.0 K        |
  |   timestep dt          :     5.0 fs       |
  |   dump interval(trj)   :   100.0 fs       |
  |   SHAKE algorithm      : true (all bonds) |
  |   Vbias prefactor (k)  :  0.0026 Eh       |
  |   Vbias exponent (α)   :  1.0000 bohr⁻²   |
  :::::::::: starting static MTD  12 ::::::::::
  |   MD simulation time   :    17.5 ps       |
  |   target T             :   400.0 K        |
  |   timestep dt          :     5.0 fs       |
  |   dump interval(trj)   :   100.0 fs       |
  |   SHAKE algorithm      : true (all bonds) |
  |   Vbias prefactor (k)  :  0.0026 Eh       |
  |   Vbias exponent (α)   :  1.0000 bohr⁻²   |
  :::::::::: starting static MTD  11 ::::::::::
  |   MD simulation time   :    17.5 ps       |
  |   target T             :   400.0 K        |
  |   timestep dt          :     5.0 fs       |
  |   dump interval(trj)   :   100.0 fs       |
  |   SHAKE algorithm      : true (all bonds) |
  |   Vbias prefactor (k)  :  0.0026 Eh       |
  |   Vbias exponent (α)   :  1.0000 bohr⁻²   |
  :::::::::: starting static MTD   3 ::::::::::
  |   MD simulation time   :    17.5 ps       |
  |   target T             :   400.0 K        |
  |   timestep dt          :     5.0 fs       |
  |   dump interval(trj)   :   100.0 fs       |
  |   SHAKE algorithm      : true (all bonds) |
  |   Vbias prefactor (k)  :  0.0026 Eh       |
  |   Vbias exponent (α)   :  1.0000 bohr⁻²   |
  :::::::::: starting static MTD  10 ::::::::::
  |   MD simulation time   :    17.5 ps       |
  |   target T             :   400.0 K        |
  |   timestep dt          :     5.0 fs       |
  |   dump interval(trj)   :   100.0 fs       |
  |   SHAKE algorithm      : true (all bonds) |
  |   Vbias prefactor (k)  :  0.0026 Eh       |
  |   Vbias exponent (α)   :  1.0000 bohr⁻²   |
*sMTD   4 completed successfully ...        2 min, 17.159 sec
  :::::::::: starting static MTD  16 ::::::::::
  |   MD simulation time   :    17.5 ps       |
  |   target T             :   400.0 K        |
  |   timestep dt          :     5.0 fs       |
  |   dump interval(trj)   :   100.0 fs       |
  |   SHAKE algorithm      : true (all bonds) |
  |   Vbias prefactor (k)  :  0.0026 Eh       |
  |   Vbias exponent (α)   :  1.0000 bohr⁻²   |
*sMTD  11 completed successfully ...        2 min, 17.593 sec
  :::::::::: starting static MTD  17 ::::::::::
  |   MD simulation time   :    17.5 ps       |
  |   target T             :   400.0 K        |
  |   timestep dt          :     5.0 fs       |
  |   dump interval(trj)   :   100.0 fs       |
  |   SHAKE algorithm      : true (all bonds) |
  |   Vbias prefactor (k)  :  0.0026 Eh       |
  |   Vbias exponent (α)   :  1.0000 bohr⁻²   |
*sMTD  10 completed successfully ...        2 min, 17.791 sec
  :::::::::: starting static MTD  18 ::::::::::
  |   MD simulation time   :    17.5 ps       |
  |   target T             :   400.0 K        |
  |   timestep dt          :     5.0 fs       |
  |   dump interval(trj)   :   100.0 fs       |
  |   SHAKE algorithm      : true (all bonds) |
  |   Vbias prefactor (k)  :  0.0026 Eh       |
  |   Vbias exponent (α)   :  1.0000 bohr⁻²   |
*sMTD  15 completed successfully ...        2 min, 18.122 sec
  :::::::::: starting static MTD  19 ::::::::::
  |   MD simulation time   :    17.5 ps       |
  |   target T             :   400.0 K        |
  |   timestep dt          :     5.0 fs       |
  |   dump interval(trj)   :   100.0 fs       |
  |   SHAKE algorithm      : true (all bonds) |
  |   Vbias prefactor (k)  :  0.0026 Eh       |
  |   Vbias exponent (α)   :  1.0000 bohr⁻²   |
*sMTD   5 completed successfully ...        2 min, 18.351 sec
  :::::::::: starting static MTD  20 ::::::::::
  |   MD simulation time   :    17.5 ps       |
  |   target T             :   400.0 K        |
  |   timestep dt          :     5.0 fs       |
  |   dump interval(trj)   :   100.0 fs       |
  |   SHAKE algorithm      : true (all bonds) |
  |   Vbias prefactor (k)  :  0.0026 Eh       |
  |   Vbias exponent (α)   :  1.0000 bohr⁻²   |
*sMTD   6 completed successfully ...        2 min, 19.168 sec
  :::::::::: starting static MTD  21 ::::::::::
  |   MD simulation time   :    17.5 ps       |
  |   target T             :   400.0 K        |
  |   timestep dt          :     5.0 fs       |
  |   dump interval(trj)   :   100.0 fs       |
  |   SHAKE algorithm      : true (all bonds) |
  |   Vbias prefactor (k)  :  0.0026 Eh       |
  |   Vbias exponent (α)   :  1.0000 bohr⁻²   |
*sMTD   2 completed successfully ...        2 min, 19.382 sec
  :::::::::: starting static MTD  22 ::::::::::
  |   MD simulation time   :    17.5 ps       |
  |   target T             :   400.0 K        |
  |   timestep dt          :     5.0 fs       |
  |   dump interval(trj)   :   100.0 fs       |
  |   SHAKE algorithm      : true (all bonds) |
  |   Vbias prefactor (k)  :  0.0026 Eh       |
  |   Vbias exponent (α)   :  1.0000 bohr⁻²   |
*sMTD  14 completed successfully ...        2 min, 19.437 sec
  :::::::::: starting static MTD  23 ::::::::::
  |   MD simulation time   :    17.5 ps       |
  |   target T             :   400.0 K        |
  |   timestep dt          :     5.0 fs       |
  |   dump interval(trj)   :   100.0 fs       |
  |   SHAKE algorithm      : true (all bonds) |
  |   Vbias prefactor (k)  :  0.0026 Eh       |
  |   Vbias exponent (α)   :  1.0000 bohr⁻²   |
*sMTD  36 completed successfully ...        2 min, 19.637 sec
  :::::::::: starting static MTD  35 ::::::::::
  |   MD simulation time   :    17.5 ps       |
  |   target T             :   400.0 K        |
  |   timestep dt          :     5.0 fs       |
  |   dump interval(trj)   :   100.0 fs       |
  |   SHAKE algorithm      : true (all bonds) |
  |   Vbias prefactor (k)  :  0.0026 Eh       |
  |   Vbias exponent (α)   :  1.0000 bohr⁻²   |
*sMTD  13 completed successfully ...        2 min, 19.739 sec
  :::::::::: starting static MTD  24 ::::::::::
  |   MD simulation time   :    17.5 ps       |
  |   target T             :   400.0 K        |
  |   timestep dt          :     5.0 fs       |
  |   dump interval(trj)   :   100.0 fs       |
  |   SHAKE algorithm      : true (all bonds) |
  |   Vbias prefactor (k)  :  0.0026 Eh       |
  |   Vbias exponent (α)   :  1.0000 bohr⁻²   |
*sMTD   8 completed successfully ...        2 min, 19.983 sec
  :::::::::: starting static MTD  25 ::::::::::
  |   MD simulation time   :    17.5 ps       |
  |   target T             :   400.0 K        |
  |   timestep dt          :     5.0 fs       |
  |   dump interval(trj)   :   100.0 fs       |
  |   SHAKE algorithm      : true (all bonds) |
  |   Vbias prefactor (k)  :  0.0026 Eh       |
  |   Vbias exponent (α)   :  1.0000 bohr⁻²   |
*sMTD  12 completed successfully ...        2 min, 20.227 sec
  :::::::::: starting static MTD  26 ::::::::::
  |   MD simulation time   :    17.5 ps       |
  |   target T             :   400.0 K        |
  |   timestep dt          :     5.0 fs       |
  |   dump interval(trj)   :   100.0 fs       |
  |   SHAKE algorithm      : true (all bonds) |
  |   Vbias prefactor (k)  :  0.0026 Eh       |
  |   Vbias exponent (α)   :  1.0000 bohr⁻²   |
*sMTD   1 completed successfully ...        2 min, 20.600 sec
  :::::::::: starting static MTD  27 ::::::::::
  |   MD simulation time   :    17.5 ps       |
  |   target T             :   400.0 K        |
  |   timestep dt          :     5.0 fs       |
  |   dump interval(trj)   :   100.0 fs       |
  |   SHAKE algorithm      : true (all bonds) |
  |   Vbias prefactor (k)  :  0.0026 Eh       |
  |   Vbias exponent (α)   :  1.0000 bohr⁻²   |
*sMTD   9 completed successfully ...        2 min, 21.177 sec
  :::::::::: starting static MTD  28 ::::::::::
  |   MD simulation time   :    17.5 ps       |
  |   target T             :   400.0 K        |
  |   timestep dt          :     5.0 fs       |
  |   dump interval(trj)   :   100.0 fs       |
  |   SHAKE algorithm      : true (all bonds) |
  |   Vbias prefactor (k)  :  0.0026 Eh       |
  |   Vbias exponent (α)   :  1.0000 bohr⁻²   |
*sMTD   7 completed successfully ...        2 min, 21.285 sec
  :::::::::: starting static MTD  29 ::::::::::
  |   MD simulation time   :    17.5 ps       |
  |   target T             :   400.0 K        |
  |   timestep dt          :     5.0 fs       |
  |   dump interval(trj)   :   100.0 fs       |
  |   SHAKE algorithm      : true (all bonds) |
  |   Vbias prefactor (k)  :  0.0026 Eh       |
  |   Vbias exponent (α)   :  1.0000 bohr⁻²   |
*sMTD   3 completed successfully ...        2 min, 21.289 sec
  :::::::::: starting static MTD  30 ::::::::::
  |   MD simulation time   :    17.5 ps       |
  |   target T             :   400.0 K        |
  |   timestep dt          :     5.0 fs       |
  |   dump interval(trj)   :   100.0 fs       |
  |   SHAKE algorithm      : true (all bonds) |
  |   Vbias prefactor (k)  :  0.0026 Eh       |
  |   Vbias exponent (α)   :  1.0000 bohr⁻²   |
*sMTD  16 completed successfully ...        2 min, 15.445 sec
  :::::::::: starting static MTD  31 ::::::::::
  |   MD simulation time   :    17.5 ps       |
  |   target T             :   400.0 K        |
  |   timestep dt          :     5.0 fs       |
  |   dump interval(trj)   :   100.0 fs       |
  |   SHAKE algorithm      : true (all bonds) |
  |   Vbias prefactor (k)  :  0.0026 Eh       |
  |   Vbias exponent (α)   :  1.0000 bohr⁻²   |
*sMTD  19 completed successfully ...        2 min, 19.114 sec
  :::::::::: starting static MTD  32 ::::::::::
  |   MD simulation time   :    17.5 ps       |
  |   target T             :   400.0 K        |
  |   timestep dt          :     5.0 fs       |
  |   dump interval(trj)   :   100.0 fs       |
  |   SHAKE algorithm      : true (all bonds) |
  |   Vbias prefactor (k)  :  0.0026 Eh       |
  |   Vbias exponent (α)   :  1.0000 bohr⁻²   |
*sMTD  22 completed successfully ...        2 min, 17.872 sec
  :::::::::: starting static MTD  33 ::::::::::
  |   MD simulation time   :    17.5 ps       |
  |   target T             :   400.0 K        |
  |   timestep dt          :     5.0 fs       |
  |   dump interval(trj)   :   100.0 fs       |
  |   SHAKE algorithm      : true (all bonds) |
  |   Vbias prefactor (k)  :  0.0026 Eh       |
  |   Vbias exponent (α)   :  1.0000 bohr⁻²   |
*sMTD  18 completed successfully ...        2 min, 20.316 sec
  :::::::::: starting static MTD  34 ::::::::::
  |   MD simulation time   :    17.5 ps       |
  |   target T             :   400.0 K        |
  |   timestep dt          :     5.0 fs       |
  |   dump interval(trj)   :   100.0 fs       |
  |   SHAKE algorithm      : true (all bonds) |
  |   Vbias prefactor (k)  :  0.0026 Eh       |
  |   Vbias exponent (α)   :  1.0000 bohr⁻²   |
*sMTD  27 completed successfully ...        2 min, 18.106 sec
*sMTD  35 completed successfully ...        2 min, 19.070 sec
*sMTD  26 completed successfully ...        2 min, 19.042 sec
*sMTD  21 completed successfully ...        2 min, 20.129 sec
*sMTD  20 completed successfully ...        2 min, 21.122 sec
*sMTD  25 completed successfully ...        2 min, 19.552 sec
*sMTD  30 completed successfully ...        2 min, 18.625 sec
*sMTD  17 completed successfully ...        2 min, 22.539 sec
*sMTD  23 completed successfully ...        2 min, 20.751 sec
*sMTD  24 completed successfully ...        2 min, 20.603 sec
*sMTD  28 completed successfully ...        2 min, 19.504 sec
*sMTD  29 completed successfully ...        2 min, 19.750 sec
*sMTD  31 completed successfully ...        1 min, 27.454 sec
*sMTD  32 completed successfully ...        1 min, 23.523 sec
*sMTD  33 completed successfully ...        1 min, 23.803 sec
*sMTD  34 completed successfully ...        1 min, 23.512 sec

 ======================================
 |  Multilevel Ensemble Optimization  |
 ======================================
 Optimizing all 6264 structures from file "crest_rotamers_0.xyz" ...
 ----------------------
 crude pre-optimization
 ----------------------
 Optimization engine: ANCOPT
 Hessian update type: BFGS
 E/G convergence criteria:  0.500E-03 Eh, 0.100E-01 Eh/a0
 maximum optimization steps: 200
 |>0.0% |>5.0% |>10.0% |>15.0% |>20.0% |>25.0% |>30.0% |>35.0% |>40.0% |>45.0% |>50.0% |>55.0% |>60.0% |>65.0% |>70.0% |>75.0% |>80.0% |>85.0% |>90.0% |>95.0% |>100.0%
 done.
> 6264 of 6264 structures successfully optimized (100.0% success)
> Total runtime for 6264 optimizations:
 * wall-time:     0 d,  0 h,  2 min, 42.492 sec
 *  cpu-time:     0 d,  0 h, 41 min, 59.052 sec
 * ratio c/w:    15.503 speedup
> Corresponding to approximately 0.026 sec per processed structure

CREGEN> running RMSDs ... done.
CREGEN> E lowest :   -57.70575
 6015 structures remain within    12.00 kcal/mol window
 ---------------------------------------
 optimization with very tight thresholds
 ---------------------------------------
 Optimization engine: ANCOPT
 Hessian update type: BFGS
 E/G convergence criteria:  0.100E-06 Eh, 0.200E-03 Eh/a0
 maximum optimization steps: 200
 |>0.0% |>5.0% |>10.0% |>15.0% |>20.0% |>25.0% |>30.0% |>35.0% |>40.0% |>45.0% |>50.0% |>55.0% |>60.0% |>65.0% |>70.0% |>75.0% |>80.0% |>85.0% |>90.0% |>95.0% |>100.0%
 done.
> 5464 of 6015 structures successfully optimized (90.8% success)
> Total runtime for 6015 optimizations:
 * wall-time:     0 d,  0 h, 18 min, 21.521 sec
 *  cpu-time:     0 d,  4 h, 49 min,  0.606 sec
 * ratio c/w:    15.742 speedup
> Corresponding to approximately 0.183 sec per processed structure

CREGEN> running RMSDs ... done.
CREGEN> E lowest :   -57.70691
 961 structures remain within     6.00 kcal/mol window
CREGEN> running RMSDs ... done.
CREGEN> E lowest :   -57.70691

 Static MTD simulation iteration 8 finished
 A total of 4815 conformers (+ 4.53%) in crest_conformers.xyz
 S(approx.) =   13.030211 cal/molK (dS = 0.57%)
 Convergence w.r.t. conformers: F
 Convergence w.r.t. entropy   : F

     H(298.15K)-H(0) (conf)      2.051557
                   Cp(conf)      6.718115
                    S(conf)     13.023343

********************************************************************************
**                     I T E R A T I O N    C Y C L E      9                  **
********************************************************************************
 -------------------------------------------
 determining bias structures via PCA/k-Means
 -------------------------------------------

 61 structures were selected
 done.

 -----------------------------------------------
 determining MTD seed structures via PCA/k-Means
 -----------------------------------------------

 36 structures were selected
 done.


 ===========================================================
 Static MTDs (umbrella sampling) on 36 selected conformer(s)
 ===========================================================
> Using 61 constant RMSD bias potentials per MTD
  :::::::::: starting static MTD   1 ::::::::::
  |   MD simulation time   :    17.5 ps       |
  |   target T             :   400.0 K        |
  |   timestep dt          :     5.0 fs       |
  |   dump interval(trj)   :   100.0 fs       |
  |   SHAKE algorithm      : true (all bonds) |
  |   Vbias prefactor (k)  :  0.0026 Eh       |
  |   Vbias exponent (α)   :  1.0000 bohr⁻²   |
  :::::::::: starting static MTD   9 ::::::::::
  |   MD simulation time   :    17.5 ps       |
  |   target T             :   400.0 K        |
  |   timestep dt          :     5.0 fs       |
  |   dump interval(trj)   :   100.0 fs       |
  |   SHAKE algorithm      : true (all bonds) |
  |   Vbias prefactor (k)  :  0.0026 Eh       |
  |   Vbias exponent (α)   :  1.0000 bohr⁻²   |
  :::::::::: starting static MTD   7 ::::::::::
  |   MD simulation time   :    17.5 ps       |
  |   target T             :   400.0 K        |
  |   timestep dt          :     5.0 fs       |
  |   dump interval(trj)   :   100.0 fs       |
  |   SHAKE algorithm      : true (all bonds) |
  |   Vbias prefactor (k)  :  0.0026 Eh       |
  |   Vbias exponent (α)   :  1.0000 bohr⁻²   |
  :::::::::: starting static MTD   2 ::::::::::
  |   MD simulation time   :    17.5 ps       |
  |   target T             :   400.0 K        |
  |   timestep dt          :     5.0 fs       |
  |   dump interval(trj)   :   100.0 fs       |
  |   SHAKE algorithm      : true (all bonds) |
  |   Vbias prefactor (k)  :  0.0026 Eh       |
  |   Vbias exponent (α)   :  1.0000 bohr⁻²   |
  :::::::::: starting static MTD  36 ::::::::::
  |   MD simulation time   :    17.5 ps       |
  |   target T             :   400.0 K        |
  |   timestep dt          :     5.0 fs       |
  |   dump interval(trj)   :   100.0 fs       |
  |   SHAKE algorithm      : true (all bonds) |
  |   Vbias prefactor (k)  :  0.0026 Eh       |
  |   Vbias exponent (α)   :  1.0000 bohr⁻²   |
  :::::::::: starting static MTD   3 ::::::::::
  |   MD simulation time   :    17.5 ps       |
  |   target T             :   400.0 K        |
  |   timestep dt          :     5.0 fs       |
  |   dump interval(trj)   :   100.0 fs       |
  |   SHAKE algorithm      : true (all bonds) |
  |   Vbias prefactor (k)  :  0.0026 Eh       |
  |   Vbias exponent (α)   :  1.0000 bohr⁻²   |
  :::::::::: starting static MTD   5 ::::::::::
  |   MD simulation time   :    17.5 ps       |
  |   target T             :   400.0 K        |
  |   timestep dt          :     5.0 fs       |
  |   dump interval(trj)   :   100.0 fs       |
  |   SHAKE algorithm      : true (all bonds) |
  |   Vbias prefactor (k)  :  0.0026 Eh       |
  |   Vbias exponent (α)   :  1.0000 bohr⁻²   |
  :::::::::: starting static MTD  14 ::::::::::
  |   MD simulation time   :    17.5 ps       |
  |   target T             :   400.0 K        |
  |   timestep dt          :     5.0 fs       |
  |   dump interval(trj)   :   100.0 fs       |
  |   SHAKE algorithm      : true (all bonds) |
  |   Vbias prefactor (k)  :  0.0026 Eh       |
  |   Vbias exponent (α)   :  1.0000 bohr⁻²   |
  :::::::::: starting static MTD  13 ::::::::::
  |   MD simulation time   :    17.5 ps       |
  |   target T             :   400.0 K        |
  |   timestep dt          :     5.0 fs       |
  |   dump interval(trj)   :   100.0 fs       |
  |   SHAKE algorithm      : true (all bonds) |
  |   Vbias prefactor (k)  :  0.0026 Eh       |
  |   Vbias exponent (α)   :  1.0000 bohr⁻²   |
  :::::::::: starting static MTD   6 ::::::::::
  |   MD simulation time   :    17.5 ps       |
  |   target T             :   400.0 K        |
  |   timestep dt          :     5.0 fs       |
  |   dump interval(trj)   :   100.0 fs       |
  |   SHAKE algorithm      : true (all bonds) |
  |   Vbias prefactor (k)  :  0.0026 Eh       |
  |   Vbias exponent (α)   :  1.0000 bohr⁻²   |
  :::::::::: starting static MTD   8 ::::::::::
  |   MD simulation time   :    17.5 ps       |
  |   target T             :   400.0 K        |
  |   timestep dt          :     5.0 fs       |
  |   dump interval(trj)   :   100.0 fs       |
  |   SHAKE algorithm      : true (all bonds) |
  |   Vbias prefactor (k)  :  0.0026 Eh       |
  |   Vbias exponent (α)   :  1.0000 bohr⁻²   |
  :::::::::: starting static MTD  12 ::::::::::
  |   MD simulation time   :    17.5 ps       |
  |   target T             :   400.0 K        |
  |   timestep dt          :     5.0 fs       |
  |   dump interval(trj)   :   100.0 fs       |
  |   SHAKE algorithm      : true (all bonds) |
  |   Vbias prefactor (k)  :  0.0026 Eh       |
  |   Vbias exponent (α)   :  1.0000 bohr⁻²   |
  :::::::::: starting static MTD  15 ::::::::::
  |   MD simulation time   :    17.5 ps       |
  |   target T             :   400.0 K        |
  |   timestep dt          :     5.0 fs       |
  |   dump interval(trj)   :   100.0 fs       |
  |   SHAKE algorithm      : true (all bonds) |
  |   Vbias prefactor (k)  :  0.0026 Eh       |
  |   Vbias exponent (α)   :  1.0000 bohr⁻²   |
  :::::::::: starting static MTD   4 ::::::::::
  |   MD simulation time   :    17.5 ps       |
  |   target T             :   400.0 K        |
  |   timestep dt          :     5.0 fs       |
  |   dump interval(trj)   :   100.0 fs       |
  |   SHAKE algorithm      : true (all bonds) |
  |   Vbias prefactor (k)  :  0.0026 Eh       |
  |   Vbias exponent (α)   :  1.0000 bohr⁻²   |
  :::::::::: starting static MTD  11 ::::::::::
  |   MD simulation time   :    17.5 ps       |
  |   target T             :   400.0 K        |
  |   timestep dt          :     5.0 fs       |
  |   dump interval(trj)   :   100.0 fs       |
  |   SHAKE algorithm      : true (all bonds) |
  |   Vbias prefactor (k)  :  0.0026 Eh       |
  |   Vbias exponent (α)   :  1.0000 bohr⁻²   |
  :::::::::: starting static MTD  10 ::::::::::
  |   MD simulation time   :    17.5 ps       |
  |   target T             :   400.0 K        |
  |   timestep dt          :     5.0 fs       |
  |   dump interval(trj)   :   100.0 fs       |
  |   SHAKE algorithm      : true (all bonds) |
  |   Vbias prefactor (k)  :  0.0026 Eh       |
  |   Vbias exponent (α)   :  1.0000 bohr⁻²   |
*sMTD  14 completed successfully ...        2 min, 16.898 sec
  :::::::::: starting static MTD  16 ::::::::::
  |   MD simulation time   :    17.5 ps       |
  |   target T             :   400.0 K        |
  |   timestep dt          :     5.0 fs       |
  |   dump interval(trj)   :   100.0 fs       |
  |   SHAKE algorithm      : true (all bonds) |
  |   Vbias prefactor (k)  :  0.0026 Eh       |
  |   Vbias exponent (α)   :  1.0000 bohr⁻²   |
*sMTD  36 completed successfully ...        2 min, 17.126 sec
  :::::::::: starting static MTD  35 ::::::::::
  |   MD simulation time   :    17.5 ps       |
  |   target T             :   400.0 K        |
  |   timestep dt          :     5.0 fs       |
  |   dump interval(trj)   :   100.0 fs       |
  |   SHAKE algorithm      : true (all bonds) |
  |   Vbias prefactor (k)  :  0.0026 Eh       |
  |   Vbias exponent (α)   :  1.0000 bohr⁻²   |
*sMTD   8 completed successfully ...        2 min, 17.732 sec
  :::::::::: starting static MTD  17 ::::::::::
  |   MD simulation time   :    17.5 ps       |
  |   target T             :   400.0 K        |
  |   timestep dt          :     5.0 fs       |
  |   dump interval(trj)   :   100.0 fs       |
  |   SHAKE algorithm      : true (all bonds) |
  |   Vbias prefactor (k)  :  0.0026 Eh       |
  |   Vbias exponent (α)   :  1.0000 bohr⁻²   |
*sMTD   1 completed successfully ...        2 min, 18.537 sec
  :::::::::: starting static MTD  18 ::::::::::
  |   MD simulation time   :    17.5 ps       |
  |   target T             :   400.0 K        |
  |   timestep dt          :     5.0 fs       |
  |   dump interval(trj)   :   100.0 fs       |
  |   SHAKE algorithm      : true (all bonds) |
  |   Vbias prefactor (k)  :  0.0026 Eh       |
  |   Vbias exponent (α)   :  1.0000 bohr⁻²   |
*sMTD  12 completed successfully ...        2 min, 18.679 sec
  :::::::::: starting static MTD  19 ::::::::::
  |   MD simulation time   :    17.5 ps       |
  |   target T             :   400.0 K        |
  |   timestep dt          :     5.0 fs       |
  |   dump interval(trj)   :   100.0 fs       |
  |   SHAKE algorithm      : true (all bonds) |
  |   Vbias prefactor (k)  :  0.0026 Eh       |
  |   Vbias exponent (α)   :  1.0000 bohr⁻²   |
*sMTD  10 completed successfully ...        2 min, 19.039 sec
  :::::::::: starting static MTD  20 ::::::::::
  |   MD simulation time   :    17.5 ps       |
  |   target T             :   400.0 K        |
  |   timestep dt          :     5.0 fs       |
  |   dump interval(trj)   :   100.0 fs       |
  |   SHAKE algorithm      : true (all bonds) |
  |   Vbias prefactor (k)  :  0.0026 Eh       |
  |   Vbias exponent (α)   :  1.0000 bohr⁻²   |
*sMTD  11 completed successfully ...        2 min, 19.113 sec
  :::::::::: starting static MTD  21 ::::::::::
  |   MD simulation time   :    17.5 ps       |
  |   target T             :   400.0 K        |
  |   timestep dt          :     5.0 fs       |
  |   dump interval(trj)   :   100.0 fs       |
  |   SHAKE algorithm      : true (all bonds) |
  |   Vbias prefactor (k)  :  0.0026 Eh       |
  |   Vbias exponent (α)   :  1.0000 bohr⁻²   |
*sMTD   3 completed successfully ...        2 min, 19.337 sec
  :::::::::: starting static MTD  22 ::::::::::
  |   MD simulation time   :    17.5 ps       |
  |   target T             :   400.0 K        |
  |   timestep dt          :     5.0 fs       |
  |   dump interval(trj)   :   100.0 fs       |
  |   SHAKE algorithm      : true (all bonds) |
  |   Vbias prefactor (k)  :  0.0026 Eh       |
  |   Vbias exponent (α)   :  1.0000 bohr⁻²   |
*sMTD   2 completed successfully ...        2 min, 19.405 sec
  :::::::::: starting static MTD  23 ::::::::::
  |   MD simulation time   :    17.5 ps       |
  |   target T             :   400.0 K        |
  |   timestep dt          :     5.0 fs       |
  |   dump interval(trj)   :   100.0 fs       |
  |   SHAKE algorithm      : true (all bonds) |
  |   Vbias prefactor (k)  :  0.0026 Eh       |
  |   Vbias exponent (α)   :  1.0000 bohr⁻²   |
*sMTD   9 completed successfully ...        2 min, 19.654 sec
  :::::::::: starting static MTD  24 ::::::::::
  |   MD simulation time   :    17.5 ps       |
  |   target T             :   400.0 K        |
  |   timestep dt          :     5.0 fs       |
  |   dump interval(trj)   :   100.0 fs       |
  |   SHAKE algorithm      : true (all bonds) |
  |   Vbias prefactor (k)  :  0.0026 Eh       |
  |   Vbias exponent (α)   :  1.0000 bohr⁻²   |
*sMTD   7 completed successfully ...        2 min, 19.935 sec
  :::::::::: starting static MTD  25 ::::::::::
  |   MD simulation time   :    17.5 ps       |
  |   target T             :   400.0 K        |
  |   timestep dt          :     5.0 fs       |
  |   dump interval(trj)   :   100.0 fs       |
  |   SHAKE algorithm      : true (all bonds) |
  |   Vbias prefactor (k)  :  0.0026 Eh       |
  |   Vbias exponent (α)   :  1.0000 bohr⁻²   |
*sMTD   4 completed successfully ...        2 min, 20.183 sec
  :::::::::: starting static MTD  26 ::::::::::
  |   MD simulation time   :    17.5 ps       |
  |   target T             :   400.0 K        |
  |   timestep dt          :     5.0 fs       |
  |   dump interval(trj)   :   100.0 fs       |
  |   SHAKE algorithm      : true (all bonds) |
  |   Vbias prefactor (k)  :  0.0026 Eh       |
  |   Vbias exponent (α)   :  1.0000 bohr⁻²   |
*sMTD  15 completed successfully ...        2 min, 20.340 sec
  :::::::::: starting static MTD  27 ::::::::::
  |   MD simulation time   :    17.5 ps       |
  |   target T             :   400.0 K        |
  |   timestep dt          :     5.0 fs       |
  |   dump interval(trj)   :   100.0 fs       |
  |   SHAKE algorithm      : true (all bonds) |
  |   Vbias prefactor (k)  :  0.0026 Eh       |
  |   Vbias exponent (α)   :  1.0000 bohr⁻²   |
*sMTD  13 completed successfully ...        2 min, 20.472 sec
  :::::::::: starting static MTD  28 ::::::::::
  |   MD simulation time   :    17.5 ps       |
  |   target T             :   400.0 K        |
  |   timestep dt          :     5.0 fs       |
  |   dump interval(trj)   :   100.0 fs       |
  |   SHAKE algorithm      : true (all bonds) |
  |   Vbias prefactor (k)  :  0.0026 Eh       |
  |   Vbias exponent (α)   :  1.0000 bohr⁻²   |
*sMTD   5 completed successfully ...        2 min, 20.819 sec
  :::::::::: starting static MTD  29 ::::::::::
  |   MD simulation time   :    17.5 ps       |
  |   target T             :   400.0 K        |
  |   timestep dt          :     5.0 fs       |
  |   dump interval(trj)   :   100.0 fs       |
  |   SHAKE algorithm      : true (all bonds) |
  |   Vbias prefactor (k)  :  0.0026 Eh       |
  |   Vbias exponent (α)   :  1.0000 bohr⁻²   |
*sMTD   6 completed successfully ...        2 min, 22.205 sec
  :::::::::: starting static MTD  30 ::::::::::
  |   MD simulation time   :    17.5 ps       |
  |   target T             :   400.0 K        |
  |   timestep dt          :     5.0 fs       |
  |   dump interval(trj)   :   100.0 fs       |
  |   SHAKE algorithm      : true (all bonds) |
  |   Vbias prefactor (k)  :  0.0026 Eh       |
  |   Vbias exponent (α)   :  1.0000 bohr⁻²   |
*sMTD  16 completed successfully ...        2 min, 14.733 sec
  :::::::::: starting static MTD  31 ::::::::::
  |   MD simulation time   :    17.5 ps       |
  |   target T             :   400.0 K        |
  |   timestep dt          :     5.0 fs       |
  |   dump interval(trj)   :   100.0 fs       |
  |   SHAKE algorithm      : true (all bonds) |
  |   Vbias prefactor (k)  :  0.0026 Eh       |
  |   Vbias exponent (α)   :  1.0000 bohr⁻²   |
*sMTD  20 completed successfully ...        2 min, 15.586 sec
  :::::::::: starting static MTD  32 ::::::::::
  |   MD simulation time   :    17.5 ps       |
  |   target T             :   400.0 K        |
  |   timestep dt          :     5.0 fs       |
  |   dump interval(trj)   :   100.0 fs       |
  |   SHAKE algorithm      : true (all bonds) |
  |   Vbias prefactor (k)  :  0.0026 Eh       |
  |   Vbias exponent (α)   :  1.0000 bohr⁻²   |
*sMTD  35 completed successfully ...        2 min, 18.042 sec
  :::::::::: starting static MTD  34 ::::::::::
  |   MD simulation time   :    17.5 ps       |
  |   target T             :   400.0 K        |
  |   timestep dt          :     5.0 fs       |
  |   dump interval(trj)   :   100.0 fs       |
  |   SHAKE algorithm      : true (all bonds) |
  |   Vbias prefactor (k)  :  0.0026 Eh       |
  |   Vbias exponent (α)   :  1.0000 bohr⁻²   |
*sMTD  19 completed successfully ...        2 min, 17.925 sec
  :::::::::: starting static MTD  33 ::::::::::
  |   MD simulation time   :    17.5 ps       |
  |   target T             :   400.0 K        |
  |   timestep dt          :     5.0 fs       |
  |   dump interval(trj)   :   100.0 fs       |
  |   SHAKE algorithm      : true (all bonds) |
  |   Vbias prefactor (k)  :  0.0026 Eh       |
  |   Vbias exponent (α)   :  1.0000 bohr⁻²   |
*sMTD  24 completed successfully ...        2 min, 17.317 sec
*sMTD  18 completed successfully ...        2 min, 19.132 sec
*sMTD  22 completed successfully ...        2 min, 19.219 sec
*sMTD  26 completed successfully ...        2 min, 18.431 sec
*sMTD  23 completed successfully ...        2 min, 19.961 sec
*sMTD  25 completed successfully ...        2 min, 19.500 sec
*sMTD  27 completed successfully ...        2 min, 19.132 sec
*sMTD  28 completed successfully ...        2 min, 19.022 sec
*sMTD  17 completed successfully ...        2 min, 21.827 sec
*sMTD  29 completed successfully ...        2 min, 18.756 sec
*sMTD  21 completed successfully ...        2 min, 21.853 sec
*sMTD  30 completed successfully ...        2 min, 18.852 sec
*sMTD  31 completed successfully ...        1 min, 25.854 sec
*sMTD  34 completed successfully ...        1 min, 24.437 sec
*sMTD  32 completed successfully ...        1 min, 25.501 sec
*sMTD  33 completed successfully ...        1 min, 24.503 sec

 ======================================
 |  Multilevel Ensemble Optimization  |
 ======================================
 Optimizing all 6264 structures from file "crest_rotamers_0.xyz" ...
 ----------------------
 crude pre-optimization
 ----------------------
 Optimization engine: ANCOPT
 Hessian update type: BFGS
 E/G convergence criteria:  0.500E-03 Eh, 0.100E-01 Eh/a0
 maximum optimization steps: 200
 |>0.0% |>5.0% |>10.0% |>15.0% |>20.0% |>25.0% |>30.0% |>35.0% |>40.0% |>45.0% |>50.0% |>55.0% |>60.0% |>65.0% |>70.0% |>75.0% |>80.0% |>85.0% |>90.0% |>95.0% |>100.0%
 done.
> 6264 of 6264 structures successfully optimized (100.0% success)
> Total runtime for 6264 optimizations:
 * wall-time:     0 d,  0 h,  2 min, 43.087 sec
 *  cpu-time:     0 d,  0 h, 42 min,  5.633 sec
 * ratio c/w:    15.486 speedup
> Corresponding to approximately 0.026 sec per processed structure

CREGEN> running RMSDs ... done.
CREGEN> E lowest :   -57.70637
 5997 structures remain within    12.00 kcal/mol window
 ---------------------------------------
 optimization with very tight thresholds
 ---------------------------------------
 Optimization engine: ANCOPT
 Hessian update type: BFGS
 E/G convergence criteria:  0.100E-06 Eh, 0.200E-03 Eh/a0
 maximum optimization steps: 200
 |>0.0% |>5.0% |>10.0% |>15.0% |>20.0% |>25.0% |>30.0% |>35.0% |>40.0% |>45.0% |>50.0% |>55.0% |>60.0% |>65.0% |>70.0% |>75.0% |>80.0% |>85.0% |>90.0% |>95.0% |>100.0%
 done.
> 5326 of 5997 structures successfully optimized (88.8% success)
> Total runtime for 5997 optimizations:
 * wall-time:     0 d,  0 h, 18 min, 47.540 sec
 *  cpu-time:     0 d,  4 h, 56 min,  3.136 sec
 * ratio c/w:    15.754 speedup
> Corresponding to approximately 0.188 sec per processed structure

CREGEN> running RMSDs ... done.
CREGEN> E lowest :   -57.70690
 1024 structures remain within     6.00 kcal/mol window
CREGEN> running RMSDs ... done.
CREGEN> E lowest :   -57.70691

 Static MTD simulation iteration 9 finished
 A total of 5035 conformers (+ 4.37%) in crest_conformers.xyz
 S(approx.) =   13.101438 cal/molK (dS = 0.54%)
 Convergence w.r.t. conformers: F
 Convergence w.r.t. entropy   : F

     H(298.15K)-H(0) (conf)      2.087543
                   Cp(conf)      6.617218
                    S(conf)     13.094486

********************************************************************************
**                     I T E R A T I O N    C Y C L E     10                  **
********************************************************************************
 -------------------------------------------
 determining bias structures via PCA/k-Means
 -------------------------------------------

 75 structures were selected
 done.

 -----------------------------------------------
 determining MTD seed structures via PCA/k-Means
 -----------------------------------------------

 36 structures were selected
 done.


 ===========================================================
 Static MTDs (umbrella sampling) on 36 selected conformer(s)
 ===========================================================
> Using 75 constant RMSD bias potentials per MTD
  :::::::::: starting static MTD   1 ::::::::::
  |   MD simulation time   :    17.5 ps       |
  |   target T             :   400.0 K        |
  |   timestep dt          :     5.0 fs       |
  |   dump interval(trj)   :   100.0 fs       |
  |   SHAKE algorithm      : true (all bonds) |
  |   Vbias prefactor (k)  :  0.0026 Eh       |
  |   Vbias exponent (α)   :  1.0000 bohr⁻²   |
  :::::::::: starting static MTD   2 ::::::::::
  |   MD simulation time   :    17.5 ps       |
  |   target T             :   400.0 K        |
  |   timestep dt          :     5.0 fs       |
  |   dump interval(trj)   :   100.0 fs       |
  |   SHAKE algorithm      : true (all bonds) |
  |   Vbias prefactor (k)  :  0.0026 Eh       |
  |   Vbias exponent (α)   :  1.0000 bohr⁻²   |
  :::::::::: starting static MTD  10 ::::::::::
  |   MD simulation time   :    17.5 ps       |
  |   target T             :   400.0 K        |
  |   timestep dt          :     5.0 fs       |
  |   dump interval(trj)   :   100.0 fs       |
  |   SHAKE algorithm      : true (all bonds) |
  |   Vbias prefactor (k)  :  0.0026 Eh       |
  |   Vbias exponent (α)   :  1.0000 bohr⁻²   |
  :::::::::: starting static MTD   9 ::::::::::
  |   MD simulation time   :    17.5 ps       |
  |   target T             :   400.0 K        |
  |   timestep dt          :     5.0 fs       |
  |   dump interval(trj)   :   100.0 fs       |
  |   SHAKE algorithm      : true (all bonds) |
  |   Vbias prefactor (k)  :  0.0026 Eh       |
  |   Vbias exponent (α)   :  1.0000 bohr⁻²   |
  :::::::::: starting static MTD  36 ::::::::::
  |   MD simulation time   :    17.5 ps       |
  |   target T             :   400.0 K        |
  |   timestep dt          :     5.0 fs       |
  |   dump interval(trj)   :   100.0 fs       |
  |   SHAKE algorithm      : true (all bonds) |
  |   Vbias prefactor (k)  :  0.0026 Eh       |
  |   Vbias exponent (α)   :  1.0000 bohr⁻²   |
  :::::::::: starting static MTD   3 ::::::::::
  |   MD simulation time   :    17.5 ps       |
  |   target T             :   400.0 K        |
  |   timestep dt          :     5.0 fs       |
  |   dump interval(trj)   :   100.0 fs       |
  |   SHAKE algorithm      : true (all bonds) |
  |   Vbias prefactor (k)  :  0.0026 Eh       |
  |   Vbias exponent (α)   :  1.0000 bohr⁻²   |
  :::::::::: starting static MTD   6 ::::::::::
  |   MD simulation time   :    17.5 ps       |
  |   target T             :   400.0 K        |
  |   timestep dt          :     5.0 fs       |
  |   dump interval(trj)   :   100.0 fs       |
  |   SHAKE algorithm      : true (all bonds) |
  |   Vbias prefactor (k)  :  0.0026 Eh       |
  |   Vbias exponent (α)   :  1.0000 bohr⁻²   |
  :::::::::: starting static MTD   4 ::::::::::
  |   MD simulation time   :    17.5 ps       |
  |   target T             :   400.0 K        |
  |   timestep dt          :     5.0 fs       |
  |   dump interval(trj)   :   100.0 fs       |
  |   SHAKE algorithm      : true (all bonds) |
  |   Vbias prefactor (k)  :  0.0026 Eh       |
  |   Vbias exponent (α)   :  1.0000 bohr⁻²   |
  :::::::::: starting static MTD   8 ::::::::::
  |   MD simulation time   :    17.5 ps       |
  |   target T             :   400.0 K        |
  |   timestep dt          :     5.0 fs       |
  |   dump interval(trj)   :   100.0 fs       |
  |   SHAKE algorithm      : true (all bonds) |
  |   Vbias prefactor (k)  :  0.0026 Eh       |
  |   Vbias exponent (α)   :  1.0000 bohr⁻²   |
  :::::::::: starting static MTD  11 ::::::::::
  |   MD simulation time   :    17.5 ps       |
  |   target T             :   400.0 K        |
  |   timestep dt          :     5.0 fs       |
  |   dump interval(trj)   :   100.0 fs       |
  |   SHAKE algorithm      : true (all bonds) |
  |   Vbias prefactor (k)  :  0.0026 Eh       |
  |   Vbias exponent (α)   :  1.0000 bohr⁻²   |
  :::::::::: starting static MTD   7 ::::::::::
  |   MD simulation time   :    17.5 ps       |
  |   target T             :   400.0 K        |
  |   timestep dt          :     5.0 fs       |
  |   dump interval(trj)   :   100.0 fs       |
  |   SHAKE algorithm      : true (all bonds) |
  |   Vbias prefactor (k)  :  0.0026 Eh       |
  |   Vbias exponent (α)   :  1.0000 bohr⁻²   |
  :::::::::: starting static MTD  14 ::::::::::
  |   MD simulation time   :    17.5 ps       |
  |   target T             :   400.0 K        |
  |   timestep dt          :     5.0 fs       |
  |   dump interval(trj)   :   100.0 fs       |
  |   SHAKE algorithm      : true (all bonds) |
  |   Vbias prefactor (k)  :  0.0026 Eh       |
  |   Vbias exponent (α)   :  1.0000 bohr⁻²   |
  :::::::::: starting static MTD   5 ::::::::::
  |   MD simulation time   :    17.5 ps       |
  |   target T             :   400.0 K        |
  |   timestep dt          :     5.0 fs       |
  |   dump interval(trj)   :   100.0 fs       |
  |   SHAKE algorithm      : true (all bonds) |
  |   Vbias prefactor (k)  :  0.0026 Eh       |
  |   Vbias exponent (α)   :  1.0000 bohr⁻²   |
  :::::::::: starting static MTD  12 ::::::::::
  |   MD simulation time   :    17.5 ps       |
  |   target T             :   400.0 K        |
  |   timestep dt          :     5.0 fs       |
  |   dump interval(trj)   :   100.0 fs       |
  |   SHAKE algorithm      : true (all bonds) |
  |   Vbias prefactor (k)  :  0.0026 Eh       |
  |   Vbias exponent (α)   :  1.0000 bohr⁻²   |
  :::::::::: starting static MTD  13 ::::::::::
  |   MD simulation time   :    17.5 ps       |
  |   target T             :   400.0 K        |
  |   timestep dt          :     5.0 fs       |
  |   dump interval(trj)   :   100.0 fs       |
  |   SHAKE algorithm      : true (all bonds) |
  |   Vbias prefactor (k)  :  0.0026 Eh       |
  |   Vbias exponent (α)   :  1.0000 bohr⁻²   |
  :::::::::: starting static MTD  15 ::::::::::
  |   MD simulation time   :    17.5 ps       |
  |   target T             :   400.0 K        |
  |   timestep dt          :     5.0 fs       |
  |   dump interval(trj)   :   100.0 fs       |
  |   SHAKE algorithm      : true (all bonds) |
  |   Vbias prefactor (k)  :  0.0026 Eh       |
  |   Vbias exponent (α)   :  1.0000 bohr⁻²   |
*sMTD   7 completed successfully ...        2 min, 17.464 sec
  :::::::::: starting static MTD  16 ::::::::::
  |   MD simulation time   :    17.5 ps       |
  |   target T             :   400.0 K        |
  |   timestep dt          :     5.0 fs       |
  |   dump interval(trj)   :   100.0 fs       |
  |   SHAKE algorithm      : true (all bonds) |
  |   Vbias prefactor (k)  :  0.0026 Eh       |
  |   Vbias exponent (α)   :  1.0000 bohr⁻²   |
*sMTD  11 completed successfully ...        2 min, 17.737 sec
  :::::::::: starting static MTD  17 ::::::::::
  |   MD simulation time   :    17.5 ps       |
  |   target T             :   400.0 K        |
  |   timestep dt          :     5.0 fs       |
  |   dump interval(trj)   :   100.0 fs       |
  |   SHAKE algorithm      : true (all bonds) |
  |   Vbias prefactor (k)  :  0.0026 Eh       |
  |   Vbias exponent (α)   :  1.0000 bohr⁻²   |
*sMTD  15 completed successfully ...        2 min, 17.892 sec
  :::::::::: starting static MTD  18 ::::::::::
  |   MD simulation time   :    17.5 ps       |
  |   target T             :   400.0 K        |
  |   timestep dt          :     5.0 fs       |
  |   dump interval(trj)   :   100.0 fs       |
  |   SHAKE algorithm      : true (all bonds) |
  |   Vbias prefactor (k)  :  0.0026 Eh       |
  |   Vbias exponent (α)   :  1.0000 bohr⁻²   |
*sMTD   5 completed successfully ...        2 min, 17.937 sec
  :::::::::: starting static MTD  19 ::::::::::
  |   MD simulation time   :    17.5 ps       |
  |   target T             :   400.0 K        |
  |   timestep dt          :     5.0 fs       |
  |   dump interval(trj)   :   100.0 fs       |
  |   SHAKE algorithm      : true (all bonds) |
  |   Vbias prefactor (k)  :  0.0026 Eh       |
  |   Vbias exponent (α)   :  1.0000 bohr⁻²   |
*sMTD  36 completed successfully ...        2 min, 18.368 sec
  :::::::::: starting static MTD  35 ::::::::::
  |   MD simulation time   :    17.5 ps       |
  |   target T             :   400.0 K        |
  |   timestep dt          :     5.0 fs       |
  |   dump interval(trj)   :   100.0 fs       |
  |   SHAKE algorithm      : true (all bonds) |
  |   Vbias prefactor (k)  :  0.0026 Eh       |
  |   Vbias exponent (α)   :  1.0000 bohr⁻²   |
*sMTD   4 completed successfully ...        2 min, 18.435 sec
  :::::::::: starting static MTD  20 ::::::::::
  |   MD simulation time   :    17.5 ps       |
  |   target T             :   400.0 K        |
  |   timestep dt          :     5.0 fs       |
  |   dump interval(trj)   :   100.0 fs       |
  |   SHAKE algorithm      : true (all bonds) |
  |   Vbias prefactor (k)  :  0.0026 Eh       |
  |   Vbias exponent (α)   :  1.0000 bohr⁻²   |
*sMTD  14 completed successfully ...        2 min, 18.547 sec
  :::::::::: starting static MTD  21 ::::::::::
  |   MD simulation time   :    17.5 ps       |
  |   target T             :   400.0 K        |
  |   timestep dt          :     5.0 fs       |
  |   dump interval(trj)   :   100.0 fs       |
  |   SHAKE algorithm      : true (all bonds) |
  |   Vbias prefactor (k)  :  0.0026 Eh       |
  |   Vbias exponent (α)   :  1.0000 bohr⁻²   |
*sMTD  13 completed successfully ...        2 min, 18.777 sec
  :::::::::: starting static MTD  22 ::::::::::
  |   MD simulation time   :    17.5 ps       |
  |   target T             :   400.0 K        |
  |   timestep dt          :     5.0 fs       |
  |   dump interval(trj)   :   100.0 fs       |
  |   SHAKE algorithm      : true (all bonds) |
  |   Vbias prefactor (k)  :  0.0026 Eh       |
  |   Vbias exponent (α)   :  1.0000 bohr⁻²   |
*sMTD   9 completed successfully ...        2 min, 18.934 sec
  :::::::::: starting static MTD  23 ::::::::::
  |   MD simulation time   :    17.5 ps       |
  |   target T             :   400.0 K        |
  |   timestep dt          :     5.0 fs       |
  |   dump interval(trj)   :   100.0 fs       |
  |   SHAKE algorithm      : true (all bonds) |
  |   Vbias prefactor (k)  :  0.0026 Eh       |
  |   Vbias exponent (α)   :  1.0000 bohr⁻²   |
*sMTD   8 completed successfully ...        2 min, 19.171 sec
  :::::::::: starting static MTD  24 ::::::::::
  |   MD simulation time   :    17.5 ps       |
  |   target T             :   400.0 K        |
  |   timestep dt          :     5.0 fs       |
  |   dump interval(trj)   :   100.0 fs       |
  |   SHAKE algorithm      : true (all bonds) |
  |   Vbias prefactor (k)  :  0.0026 Eh       |
  |   Vbias exponent (α)   :  1.0000 bohr⁻²   |
*sMTD  10 completed successfully ...        2 min, 19.853 sec
  :::::::::: starting static MTD  25 ::::::::::
  |   MD simulation time   :    17.5 ps       |
  |   target T             :   400.0 K        |
  |   timestep dt          :     5.0 fs       |
  |   dump interval(trj)   :   100.0 fs       |
  |   SHAKE algorithm      : true (all bonds) |
  |   Vbias prefactor (k)  :  0.0026 Eh       |
  |   Vbias exponent (α)   :  1.0000 bohr⁻²   |
*sMTD  12 completed successfully ...        2 min, 19.945 sec
  :::::::::: starting static MTD  26 ::::::::::
  |   MD simulation time   :    17.5 ps       |
  |   target T             :   400.0 K        |
  |   timestep dt          :     5.0 fs       |
  |   dump interval(trj)   :   100.0 fs       |
  |   SHAKE algorithm      : true (all bonds) |
  |   Vbias prefactor (k)  :  0.0026 Eh       |
  |   Vbias exponent (α)   :  1.0000 bohr⁻²   |
*sMTD   2 completed successfully ...        2 min, 20.323 sec
  :::::::::: starting static MTD  27 ::::::::::
  |   MD simulation time   :    17.5 ps       |
  |   target T             :   400.0 K        |
  |   timestep dt          :     5.0 fs       |
  |   dump interval(trj)   :   100.0 fs       |
  |   SHAKE algorithm      : true (all bonds) |
  |   Vbias prefactor (k)  :  0.0026 Eh       |
  |   Vbias exponent (α)   :  1.0000 bohr⁻²   |
*sMTD   1 completed successfully ...        2 min, 20.490 sec
  :::::::::: starting static MTD  28 ::::::::::
  |   MD simulation time   :    17.5 ps       |
  |   target T             :   400.0 K        |
  |   timestep dt          :     5.0 fs       |
  |   dump interval(trj)   :   100.0 fs       |
  |   SHAKE algorithm      : true (all bonds) |
  |   Vbias prefactor (k)  :  0.0026 Eh       |
  |   Vbias exponent (α)   :  1.0000 bohr⁻²   |
*sMTD   3 completed successfully ...        2 min, 21.693 sec
  :::::::::: starting static MTD  29 ::::::::::
  |   MD simulation time   :    17.5 ps       |
  |   target T             :   400.0 K        |
  |   timestep dt          :     5.0 fs       |
  |   dump interval(trj)   :   100.0 fs       |
  |   SHAKE algorithm      : true (all bonds) |
  |   Vbias prefactor (k)  :  0.0026 Eh       |
  |   Vbias exponent (α)   :  1.0000 bohr⁻²   |
*sMTD   6 completed successfully ...        2 min, 21.913 sec
  :::::::::: starting static MTD  30 ::::::::::
  |   MD simulation time   :    17.5 ps       |
  |   target T             :   400.0 K        |
  |   timestep dt          :     5.0 fs       |
  |   dump interval(trj)   :   100.0 fs       |
  |   SHAKE algorithm      : true (all bonds) |
  |   Vbias prefactor (k)  :  0.0026 Eh       |
  |   Vbias exponent (α)   :  1.0000 bohr⁻²   |
*sMTD  24 completed successfully ...        2 min, 16.327 sec
  :::::::::: starting static MTD  31 ::::::::::
  |   MD simulation time   :    17.5 ps       |
  |   target T             :   400.0 K        |
  |   timestep dt          :     5.0 fs       |
  |   dump interval(trj)   :   100.0 fs       |
  |   SHAKE algorithm      : true (all bonds) |
  |   Vbias prefactor (k)  :  0.0026 Eh       |
  |   Vbias exponent (α)   :  1.0000 bohr⁻²   |
*sMTD  16 completed successfully ...        2 min, 18.818 sec
  :::::::::: starting static MTD  32 ::::::::::
  |   MD simulation time   :    17.5 ps       |
  |   target T             :   400.0 K        |
  |   timestep dt          :     5.0 fs       |
  |   dump interval(trj)   :   100.0 fs       |
  |   SHAKE algorithm      : true (all bonds) |
  |   Vbias prefactor (k)  :  0.0026 Eh       |
  |   Vbias exponent (α)   :  1.0000 bohr⁻²   |
*sMTD  20 completed successfully ...        2 min, 18.038 sec
  :::::::::: starting static MTD  33 ::::::::::
  |   MD simulation time   :    17.5 ps       |
  |   target T             :   400.0 K        |
  |   timestep dt          :     5.0 fs       |
  |   dump interval(trj)   :   100.0 fs       |
  |   SHAKE algorithm      : true (all bonds) |
  |   Vbias prefactor (k)  :  0.0026 Eh       |
  |   Vbias exponent (α)   :  1.0000 bohr⁻²   |
*sMTD  18 completed successfully ...        2 min, 19.301 sec
  :::::::::: starting static MTD  34 ::::::::::
  |   MD simulation time   :    17.5 ps       |
  |   target T             :   400.0 K        |
  |   timestep dt          :     5.0 fs       |
  |   dump interval(trj)   :   100.0 fs       |
  |   SHAKE algorithm      : true (all bonds) |
  |   Vbias prefactor (k)  :  0.0026 Eh       |
  |   Vbias exponent (α)   :  1.0000 bohr⁻²   |
*sMTD  17 completed successfully ...        2 min, 20.096 sec
*sMTD  23 completed successfully ...        2 min, 18.966 sec
*sMTD  21 completed successfully ...        2 min, 19.735 sec
*sMTD  19 completed successfully ...        2 min, 20.536 sec
*sMTD  25 completed successfully ...        2 min, 18.627 sec
*sMTD  27 completed successfully ...        2 min, 18.534 sec
*sMTD  22 completed successfully ...        2 min, 20.109 sec
*sMTD  28 completed successfully ...        2 min, 18.897 sec
*sMTD  26 completed successfully ...        2 min, 19.443 sec
*sMTD  35 completed successfully ...        2 min, 21.469 sec
*sMTD  30 completed successfully ...        2 min, 18.832 sec
*sMTD  29 completed successfully ...        2 min, 19.373 sec
*sMTD  32 completed successfully ...        1 min, 23.432 sec
*sMTD  31 completed successfully ...        1 min, 24.252 sec
*sMTD  33 completed successfully ...        1 min, 24.853 sec
*sMTD  34 completed successfully ...        1 min, 24.707 sec

 ======================================
 |  Multilevel Ensemble Optimization  |
 ======================================
 Optimizing all 6264 structures from file "crest_rotamers_0.xyz" ...
 ----------------------
 crude pre-optimization
 ----------------------
 Optimization engine: ANCOPT
 Hessian update type: BFGS
 E/G convergence criteria:  0.500E-03 Eh, 0.100E-01 Eh/a0
 maximum optimization steps: 200
 |>0.0% |>5.0% |>10.0% |>15.0% |>20.0% |>25.0% |>30.0% |>35.0% |>40.0% |>45.0% |>50.0% |>55.0% |>60.0% |>65.0% |>70.0% |>75.0% |>80.0% |>85.0% |>90.0% |>95.0% |>100.0%
 done.
> 6264 of 6264 structures successfully optimized (100.0% success)
> Total runtime for 6264 optimizations:
 * wall-time:     0 d,  0 h,  2 min, 42.508 sec
 *  cpu-time:     0 d,  0 h, 41 min, 57.562 sec
 * ratio c/w:    15.492 speedup
> Corresponding to approximately 0.026 sec per processed structure

CREGEN> running RMSDs ... done.
CREGEN> E lowest :   -57.70648
 6002 structures remain within    12.00 kcal/mol window
 ---------------------------------------
 optimization with very tight thresholds
 ---------------------------------------
 Optimization engine: ANCOPT
 Hessian update type: BFGS
 E/G convergence criteria:  0.100E-06 Eh, 0.200E-03 Eh/a0
 maximum optimization steps: 200
 |>0.0% |>5.0% |>10.0% |>15.0% |>20.0% |>25.0% |>30.0% |>35.0% |>40.0% |>45.0% |>50.0% |>55.0% |>60.0% |>65.0% |>70.0% |>75.0% |>80.0% |>85.0% |>90.0% |>95.0% |>100.0%
 done.
> 5444 of 6002 structures successfully optimized (90.7% success)
> Total runtime for 6002 optimizations:
 * wall-time:     0 d,  0 h, 18 min,  6.766 sec
 *  cpu-time:     0 d,  4 h, 45 min, 13.173 sec
 * ratio c/w:    15.747 speedup
> Corresponding to approximately 0.181 sec per processed structure

CREGEN> running RMSDs ... done.
CREGEN> E lowest :   -57.70691
 924 structures remain within     6.00 kcal/mol window
CREGEN> running RMSDs ... done.
CREGEN> E lowest :   -57.70691

 Static MTD simulation iteration 10 finished
 A total of 5165 conformers (+ 2.52%) in crest_conformers.xyz
 S(approx.) =   13.146113 cal/molK (dS = 0.34%)
 Convergence w.r.t. conformers: F
 Convergence w.r.t. entropy   : T

     H(298.15K)-H(0) (conf)      2.107437
                   Cp(conf)      6.626204
                    S(conf)     13.139142

********************************************************************************
**                     I T E R A T I O N    C Y C L E     11                  **
********************************************************************************
 -------------------------------------------
 determining bias structures via PCA/k-Means
 -------------------------------------------

 93 structures were selected
 done.

 -----------------------------------------------
 determining MTD seed structures via PCA/k-Means
 -----------------------------------------------

 36 structures were selected
 done.


 ===========================================================
 Static MTDs (umbrella sampling) on 36 selected conformer(s)
 ===========================================================
> Using 93 constant RMSD bias potentials per MTD
  :::::::::: starting static MTD   1 ::::::::::
  |   MD simulation time   :    17.5 ps       |
  |   target T             :   400.0 K        |
  |   timestep dt          :     5.0 fs       |
  |   dump interval(trj)   :   100.0 fs       |
  |   SHAKE algorithm      : true (all bonds) |
  |   Vbias prefactor (k)  :  0.0026 Eh       |
  |   Vbias exponent (α)   :  1.0000 bohr⁻²   |
  :::::::::: starting static MTD   2 ::::::::::
  |   MD simulation time   :    17.5 ps       |
  |   target T             :   400.0 K        |
  |   timestep dt          :     5.0 fs       |
  |   dump interval(trj)   :   100.0 fs       |
  |   SHAKE algorithm      : true (all bonds) |
  |   Vbias prefactor (k)  :  0.0026 Eh       |
  |   Vbias exponent (α)   :  1.0000 bohr⁻²   |
  :::::::::: starting static MTD   3 ::::::::::
  |   MD simulation time   :    17.5 ps       |
  |   target T             :   400.0 K        |
  |   timestep dt          :     5.0 fs       |
  |   dump interval(trj)   :   100.0 fs       |
  |   SHAKE algorithm      : true (all bonds) |
  |   Vbias prefactor (k)  :  0.0026 Eh       |
  |   Vbias exponent (α)   :  1.0000 bohr⁻²   |
  :::::::::: starting static MTD   4 ::::::::::
  |   MD simulation time   :    17.5 ps       |
  |   target T             :   400.0 K        |
  |   timestep dt          :     5.0 fs       |
  |   dump interval(trj)   :   100.0 fs       |
  |   SHAKE algorithm      : true (all bonds) |
  |   Vbias prefactor (k)  :  0.0026 Eh       |
  |   Vbias exponent (α)   :  1.0000 bohr⁻²   |
  :::::::::: starting static MTD  36 ::::::::::
  |   MD simulation time   :    17.5 ps       |
  |   target T             :   400.0 K        |
  |   timestep dt          :     5.0 fs       |
  |   dump interval(trj)   :   100.0 fs       |
  |   SHAKE algorithm      : true (all bonds) |
  |   Vbias prefactor (k)  :  0.0026 Eh       |
  |   Vbias exponent (α)   :  1.0000 bohr⁻²   |
  :::::::::: starting static MTD   6 ::::::::::
  |   MD simulation time   :    17.5 ps       |
  |   target T             :   400.0 K        |
  |   timestep dt          :     5.0 fs       |
  |   dump interval(trj)   :   100.0 fs       |
  |   SHAKE algorithm      : true (all bonds) |
  |   Vbias prefactor (k)  :  0.0026 Eh       |
  |   Vbias exponent (α)   :  1.0000 bohr⁻²   |
  :::::::::: starting static MTD   9 ::::::::::
  |   MD simulation time   :    17.5 ps       |
  |   target T             :   400.0 K        |
  |   timestep dt          :     5.0 fs       |
  |   dump interval(trj)   :   100.0 fs       |
  |   SHAKE algorithm      : true (all bonds) |
  |   Vbias prefactor (k)  :  0.0026 Eh       |
  |   Vbias exponent (α)   :  1.0000 bohr⁻²   |
  :::::::::: starting static MTD   5 ::::::::::
  |   MD simulation time   :    17.5 ps       |
  |   target T             :   400.0 K        |
  |   timestep dt          :     5.0 fs       |
  |   dump interval(trj)   :   100.0 fs       |
  |   SHAKE algorithm      : true (all bonds) |
  |   Vbias prefactor (k)  :  0.0026 Eh       |
  |   Vbias exponent (α)   :  1.0000 bohr⁻²   |
  :::::::::: starting static MTD   7 ::::::::::
  |   MD simulation time   :    17.5 ps       |
  |   target T             :   400.0 K        |
  |   timestep dt          :     5.0 fs       |
  |   dump interval(trj)   :   100.0 fs       |
  |   SHAKE algorithm      : true (all bonds) |
  |   Vbias prefactor (k)  :  0.0026 Eh       |
  |   Vbias exponent (α)   :  1.0000 bohr⁻²   |
  :::::::::: starting static MTD  10 ::::::::::
  |   MD simulation time   :    17.5 ps       |
  |   target T             :   400.0 K        |
  |   timestep dt          :     5.0 fs       |
  |   dump interval(trj)   :   100.0 fs       |
  |   SHAKE algorithm      : true (all bonds) |
  |   Vbias prefactor (k)  :  0.0026 Eh       |
  |   Vbias exponent (α)   :  1.0000 bohr⁻²   |
  :::::::::: starting static MTD  11 ::::::::::
  |   MD simulation time   :    17.5 ps       |
  |   target T             :   400.0 K        |
  |   timestep dt          :     5.0 fs       |
  |   dump interval(trj)   :   100.0 fs       |
  |   SHAKE algorithm      : true (all bonds) |
  |   Vbias prefactor (k)  :  0.0026 Eh       |
  |   Vbias exponent (α)   :  1.0000 bohr⁻²   |
  :::::::::: starting static MTD   8 ::::::::::
  |   MD simulation time   :    17.5 ps       |
  |   target T             :   400.0 K        |
  |   timestep dt          :     5.0 fs       |
  |   dump interval(trj)   :   100.0 fs       |
  |   SHAKE algorithm      : true (all bonds) |
  |   Vbias prefactor (k)  :  0.0026 Eh       |
  |   Vbias exponent (α)   :  1.0000 bohr⁻²   |
  :::::::::: starting static MTD  12 ::::::::::
  |   MD simulation time   :    17.5 ps       |
  |   target T             :   400.0 K        |
  |   timestep dt          :     5.0 fs       |
  |   dump interval(trj)   :   100.0 fs       |
  |   SHAKE algorithm      : true (all bonds) |
  |   Vbias prefactor (k)  :  0.0026 Eh       |
  |   Vbias exponent (α)   :  1.0000 bohr⁻²   |
  :::::::::: starting static MTD  13 ::::::::::
  |   MD simulation time   :    17.5 ps       |
  |   target T             :   400.0 K        |
  |   timestep dt          :     5.0 fs       |
  |   dump interval(trj)   :   100.0 fs       |
  |   SHAKE algorithm      : true (all bonds) |
  |   Vbias prefactor (k)  :  0.0026 Eh       |
  |   Vbias exponent (α)   :  1.0000 bohr⁻²   |
  :::::::::: starting static MTD  14 ::::::::::
  |   MD simulation time   :    17.5 ps       |
  |   target T             :   400.0 K        |
  |   timestep dt          :     5.0 fs       |
  |   dump interval(trj)   :   100.0 fs       |
  |   SHAKE algorithm      : true (all bonds) |
  |   Vbias prefactor (k)  :  0.0026 Eh       |
  |   Vbias exponent (α)   :  1.0000 bohr⁻²   |
  :::::::::: starting static MTD  15 ::::::::::
  |   MD simulation time   :    17.5 ps       |
  |   target T             :   400.0 K        |
  |   timestep dt          :     5.0 fs       |
  |   dump interval(trj)   :   100.0 fs       |
  |   SHAKE algorithm      : true (all bonds) |
  |   Vbias prefactor (k)  :  0.0026 Eh       |
  |   Vbias exponent (α)   :  1.0000 bohr⁻²   |
*sMTD   6 completed successfully ...        2 min, 14.430 sec
  :::::::::: starting static MTD  16 ::::::::::
  |   MD simulation time   :    17.5 ps       |
  |   target T             :   400.0 K        |
  |   timestep dt          :     5.0 fs       |
  |   dump interval(trj)   :   100.0 fs       |
  |   SHAKE algorithm      : true (all bonds) |
  |   Vbias prefactor (k)  :  0.0026 Eh       |
  |   Vbias exponent (α)   :  1.0000 bohr⁻²   |
*sMTD  10 completed successfully ...        2 min, 14.999 sec
  :::::::::: starting static MTD  17 ::::::::::
  |   MD simulation time   :    17.5 ps       |
  |   target T             :   400.0 K        |
  |   timestep dt          :     5.0 fs       |
  |   dump interval(trj)   :   100.0 fs       |
  |   SHAKE algorithm      : true (all bonds) |
  |   Vbias prefactor (k)  :  0.0026 Eh       |
  |   Vbias exponent (α)   :  1.0000 bohr⁻²   |
*sMTD   2 completed successfully ...        2 min, 16.743 sec
  :::::::::: starting static MTD  18 ::::::::::
  |   MD simulation time   :    17.5 ps       |
  |   target T             :   400.0 K        |
  |   timestep dt          :     5.0 fs       |
  |   dump interval(trj)   :   100.0 fs       |
  |   SHAKE algorithm      : true (all bonds) |
  |   Vbias prefactor (k)  :  0.0026 Eh       |
  |   Vbias exponent (α)   :  1.0000 bohr⁻²   |
*sMTD  11 completed successfully ...        2 min, 17.576 sec
  :::::::::: starting static MTD  19 ::::::::::
  |   MD simulation time   :    17.5 ps       |
  |   target T             :   400.0 K        |
  |   timestep dt          :     5.0 fs       |
  |   dump interval(trj)   :   100.0 fs       |
  |   SHAKE algorithm      : true (all bonds) |
  |   Vbias prefactor (k)  :  0.0026 Eh       |
  |   Vbias exponent (α)   :  1.0000 bohr⁻²   |
*sMTD  14 completed successfully ...        2 min, 17.813 sec
  :::::::::: starting static MTD  20 ::::::::::
  |   MD simulation time   :    17.5 ps       |
  |   target T             :   400.0 K        |
  |   timestep dt          :     5.0 fs       |
  |   dump interval(trj)   :   100.0 fs       |
  |   SHAKE algorithm      : true (all bonds) |
  |   Vbias prefactor (k)  :  0.0026 Eh       |
  |   Vbias exponent (α)   :  1.0000 bohr⁻²   |
*sMTD  12 completed successfully ...        2 min, 18.622 sec
  :::::::::: starting static MTD  21 ::::::::::
  |   MD simulation time   :    17.5 ps       |
  |   target T             :   400.0 K        |
  |   timestep dt          :     5.0 fs       |
  |   dump interval(trj)   :   100.0 fs       |
  |   SHAKE algorithm      : true (all bonds) |
  |   Vbias prefactor (k)  :  0.0026 Eh       |
  |   Vbias exponent (α)   :  1.0000 bohr⁻²   |
*sMTD  36 completed successfully ...        2 min, 18.746 sec
  :::::::::: starting static MTD  35 ::::::::::
  |   MD simulation time   :    17.5 ps       |
  |   target T             :   400.0 K        |
  |   timestep dt          :     5.0 fs       |
  |   dump interval(trj)   :   100.0 fs       |
  |   SHAKE algorithm      : true (all bonds) |
  |   Vbias prefactor (k)  :  0.0026 Eh       |
  |   Vbias exponent (α)   :  1.0000 bohr⁻²   |
*sMTD   7 completed successfully ...        2 min, 18.905 sec
  :::::::::: starting static MTD  22 ::::::::::
  |   MD simulation time   :    17.5 ps       |
  |   target T             :   400.0 K        |
  |   timestep dt          :     5.0 fs       |
  |   dump interval(trj)   :   100.0 fs       |
  |   SHAKE algorithm      : true (all bonds) |
  |   Vbias prefactor (k)  :  0.0026 Eh       |
  |   Vbias exponent (α)   :  1.0000 bohr⁻²   |
*sMTD   9 completed successfully ...        2 min, 18.917 sec
  :::::::::: starting static MTD  23 ::::::::::
  |   MD simulation time   :    17.5 ps       |
  |   target T             :   400.0 K        |
  |   timestep dt          :     5.0 fs       |
  |   dump interval(trj)   :   100.0 fs       |
  |   SHAKE algorithm      : true (all bonds) |
  |   Vbias prefactor (k)  :  0.0026 Eh       |
  |   Vbias exponent (α)   :  1.0000 bohr⁻²   |
*sMTD  13 completed successfully ...        2 min, 19.047 sec
  :::::::::: starting static MTD  24 ::::::::::
  |   MD simulation time   :    17.5 ps       |
  |   target T             :   400.0 K        |
  |   timestep dt          :     5.0 fs       |
  |   dump interval(trj)   :   100.0 fs       |
  |   SHAKE algorithm      : true (all bonds) |
  |   Vbias prefactor (k)  :  0.0026 Eh       |
  |   Vbias exponent (α)   :  1.0000 bohr⁻²   |
*sMTD  15 completed successfully ...        2 min, 19.581 sec
  :::::::::: starting static MTD  25 ::::::::::
  |   MD simulation time   :    17.5 ps       |
  |   target T             :   400.0 K        |
  |   timestep dt          :     5.0 fs       |
  |   dump interval(trj)   :   100.0 fs       |
  |   SHAKE algorithm      : true (all bonds) |
  |   Vbias prefactor (k)  :  0.0026 Eh       |
  |   Vbias exponent (α)   :  1.0000 bohr⁻²   |
*sMTD   8 completed successfully ...        2 min, 19.602 sec
  :::::::::: starting static MTD  26 ::::::::::
  |   MD simulation time   :    17.5 ps       |
  |   target T             :   400.0 K        |
  |   timestep dt          :     5.0 fs       |
  |   dump interval(trj)   :   100.0 fs       |
  |   SHAKE algorithm      : true (all bonds) |
  |   Vbias prefactor (k)  :  0.0026 Eh       |
  |   Vbias exponent (α)   :  1.0000 bohr⁻²   |
*sMTD   4 completed successfully ...        2 min, 19.956 sec
  :::::::::: starting static MTD  27 ::::::::::
  |   MD simulation time   :    17.5 ps       |
  |   target T             :   400.0 K        |
  |   timestep dt          :     5.0 fs       |
  |   dump interval(trj)   :   100.0 fs       |
  |   SHAKE algorithm      : true (all bonds) |
  |   Vbias prefactor (k)  :  0.0026 Eh       |
  |   Vbias exponent (α)   :  1.0000 bohr⁻²   |
*sMTD   3 completed successfully ...        2 min, 20.078 sec
  :::::::::: starting static MTD  28 ::::::::::
  |   MD simulation time   :    17.5 ps       |
  |   target T             :   400.0 K        |
  |   timestep dt          :     5.0 fs       |
  |   dump interval(trj)   :   100.0 fs       |
  |   SHAKE algorithm      : true (all bonds) |
  |   Vbias prefactor (k)  :  0.0026 Eh       |
  |   Vbias exponent (α)   :  1.0000 bohr⁻²   |
*sMTD   5 completed successfully ...        2 min, 20.645 sec
  :::::::::: starting static MTD  29 ::::::::::
  |   MD simulation time   :    17.5 ps       |
  |   target T             :   400.0 K        |
  |   timestep dt          :     5.0 fs       |
  |   dump interval(trj)   :   100.0 fs       |
  |   SHAKE algorithm      : true (all bonds) |
  |   Vbias prefactor (k)  :  0.0026 Eh       |
  |   Vbias exponent (α)   :  1.0000 bohr⁻²   |
*sMTD   1 completed successfully ...        2 min, 22.033 sec
  :::::::::: starting static MTD  30 ::::::::::
  |   MD simulation time   :    17.5 ps       |
  |   target T             :   400.0 K        |
  |   timestep dt          :     5.0 fs       |
  |   dump interval(trj)   :   100.0 fs       |
  |   SHAKE algorithm      : true (all bonds) |
  |   Vbias prefactor (k)  :  0.0026 Eh       |
  |   Vbias exponent (α)   :  1.0000 bohr⁻²   |
*sMTD  16 completed successfully ...        2 min, 19.121 sec
  :::::::::: starting static MTD  31 ::::::::::
  |   MD simulation time   :    17.5 ps       |
  |   target T             :   400.0 K        |
  |   timestep dt          :     5.0 fs       |
  |   dump interval(trj)   :   100.0 fs       |
  |   SHAKE algorithm      : true (all bonds) |
  |   Vbias prefactor (k)  :  0.0026 Eh       |
  |   Vbias exponent (α)   :  1.0000 bohr⁻²   |
*sMTD  18 completed successfully ...        2 min, 18.389 sec
  :::::::::: starting static MTD  32 ::::::::::
  |   MD simulation time   :    17.5 ps       |
  |   target T             :   400.0 K        |
  |   timestep dt          :     5.0 fs       |
  |   dump interval(trj)   :   100.0 fs       |
  |   SHAKE algorithm      : true (all bonds) |
  |   Vbias prefactor (k)  :  0.0026 Eh       |
  |   Vbias exponent (α)   :  1.0000 bohr⁻²   |
*sMTD  17 completed successfully ...        2 min, 20.295 sec
  :::::::::: starting static MTD  33 ::::::::::
  |   MD simulation time   :    17.5 ps       |
  |   target T             :   400.0 K        |
  |   timestep dt          :     5.0 fs       |
  |   dump interval(trj)   :   100.0 fs       |
  |   SHAKE algorithm      : true (all bonds) |
  |   Vbias prefactor (k)  :  0.0026 Eh       |
  |   Vbias exponent (α)   :  1.0000 bohr⁻²   |
*sMTD  22 completed successfully ...        2 min, 18.367 sec
  :::::::::: starting static MTD  34 ::::::::::
  |   MD simulation time   :    17.5 ps       |
  |   target T             :   400.0 K        |
  |   timestep dt          :     5.0 fs       |
  |   dump interval(trj)   :   100.0 fs       |
  |   SHAKE algorithm      : true (all bonds) |
  |   Vbias prefactor (k)  :  0.0026 Eh       |
  |   Vbias exponent (α)   :  1.0000 bohr⁻²   |
*sMTD  26 completed successfully ...        2 min, 17.686 sec
*sMTD  20 completed successfully ...        2 min, 19.678 sec
*sMTD  21 completed successfully ...        2 min, 19.201 sec
*sMTD  27 completed successfully ...        2 min, 18.298 sec
*sMTD  19 completed successfully ...        2 min, 20.871 sec
*sMTD  23 completed successfully ...        2 min, 19.690 sec
*sMTD  35 completed successfully ...        2 min, 20.008 sec
*sMTD  25 completed successfully ...        2 min, 19.546 sec
*sMTD  28 completed successfully ...        2 min, 19.179 sec
*sMTD  30 completed successfully ...        2 min, 17.259 sec
*sMTD  24 completed successfully ...        2 min, 21.568 sec
*sMTD  29 completed successfully ...        2 min, 20.880 sec
*sMTD  31 completed successfully ...        1 min, 24.038 sec
*sMTD  33 completed successfully ...        1 min, 24.692 sec
*sMTD  34 completed successfully ...        1 min, 22.985 sec
*sMTD  32 completed successfully ...        1 min, 25.421 sec

 ======================================
 |  Multilevel Ensemble Optimization  |
 ======================================
 Optimizing all 6264 structures from file "crest_rotamers_0.xyz" ...
 ----------------------
 crude pre-optimization
 ----------------------
 Optimization engine: ANCOPT
 Hessian update type: BFGS
 E/G convergence criteria:  0.500E-03 Eh, 0.100E-01 Eh/a0
 maximum optimization steps: 200
 |>0.0% |>5.0% |>10.0% |>15.0% |>20.0% |>25.0% |>30.0% |>35.0% |>40.0% |>45.0% |>50.0% |>55.0% |>60.0% |>65.0% |>70.0% |>75.0% |>80.0% |>85.0% |>90.0% |>95.0% |>100.0%
 done.
> 6264 of 6264 structures successfully optimized (100.0% success)
> Total runtime for 6264 optimizations:
 * wall-time:     0 d,  0 h,  2 min, 42.508 sec
 *  cpu-time:     0 d,  0 h, 41 min, 57.704 sec
 * ratio c/w:    15.493 speedup
> Corresponding to approximately 0.026 sec per processed structure

CREGEN> running RMSDs ... done.
CREGEN> E lowest :   -57.70649
 5976 structures remain within    12.00 kcal/mol window
 ---------------------------------------
 optimization with very tight thresholds
 ---------------------------------------
 Optimization engine: ANCOPT
 Hessian update type: BFGS
 E/G convergence criteria:  0.100E-06 Eh, 0.200E-03 Eh/a0
 maximum optimization steps: 200
 |>0.0% |>5.0% |>10.0% |>15.0% |>20.0% |>25.0% |>30.0% |>35.0% |>40.0% |>45.0% |>50.0% |>55.0% |>60.0% |>65.0% |>70.0% |>75.0% |>80.0% |>85.0% |>90.0% |>95.0% |>100.0%
 done.
> 5463 of 5976 structures successfully optimized (91.4% success)
> Total runtime for 5976 optimizations:
 * wall-time:     0 d,  0 h, 17 min, 40.905 sec
 *  cpu-time:     0 d,  4 h, 38 min, 12.196 sec
 * ratio c/w:    15.734 speedup
> Corresponding to approximately 0.178 sec per processed structure

CREGEN> running RMSDs ... done.
CREGEN> E lowest :   -57.70691
 968 structures remain within     6.00 kcal/mol window
CREGEN> running RMSDs ... done.
CREGEN> E lowest :   -57.70691

 Static MTD simulation iteration 11 finished
 A total of 5318 conformers (+ 2.88%) in crest_conformers.xyz
 S(approx.) =   13.143707 cal/molK (dS = 0.02%)
 Convergence w.r.t. conformers: F
 Convergence w.r.t. entropy   : T

     H(298.15K)-H(0) (conf)      2.085066
                   Cp(conf)      6.739484
                    S(conf)     13.136684

********************************************************************************
**                     I T E R A T I O N    C Y C L E     12                  **
********************************************************************************
 -------------------------------------------
 determining bias structures via PCA/k-Means
 -------------------------------------------

 115 structures were selected
 done.

 -----------------------------------------------
 determining MTD seed structures via PCA/k-Means
 -----------------------------------------------

 36 structures were selected
 done.


 ===========================================================
 Static MTDs (umbrella sampling) on 36 selected conformer(s)
 ===========================================================
> Using 115 constant RMSD bias potentials per MTD
  :::::::::: starting static MTD   1 ::::::::::
  |   MD simulation time   :    17.5 ps       |
  |   target T             :   400.0 K        |
  |   timestep dt          :     5.0 fs       |
  |   dump interval(trj)   :   100.0 fs       |
  |   SHAKE algorithm      : true (all bonds) |
  |   Vbias prefactor (k)  :  0.0026 Eh       |
  |   Vbias exponent (α)   :  1.0000 bohr⁻²   |
  :::::::::: starting static MTD   2 ::::::::::
  |   MD simulation time   :    17.5 ps       |
  |   target T             :   400.0 K        |
  |   timestep dt          :     5.0 fs       |
  |   dump interval(trj)   :   100.0 fs       |
  |   SHAKE algorithm      : true (all bonds) |
  |   Vbias prefactor (k)  :  0.0026 Eh       |
  |   Vbias exponent (α)   :  1.0000 bohr⁻²   |
  :::::::::: starting static MTD  36 ::::::::::
  |   MD simulation time   :    17.5 ps       |
  |   target T             :   400.0 K        |
  |   timestep dt          :     5.0 fs       |
  |   dump interval(trj)   :   100.0 fs       |
  |   SHAKE algorithm      : true (all bonds) |
  |   Vbias prefactor (k)  :  0.0026 Eh       |
  |   Vbias exponent (α)   :  1.0000 bohr⁻²   |
  :::::::::: starting static MTD   7 ::::::::::
  |   MD simulation time   :    17.5 ps       |
  |   target T             :   400.0 K        |
  |   timestep dt          :     5.0 fs       |
  |   dump interval(trj)   :   100.0 fs       |
  |   SHAKE algorithm      : true (all bonds) |
  |   Vbias prefactor (k)  :  0.0026 Eh       |
  |   Vbias exponent (α)   :  1.0000 bohr⁻²   |
  :::::::::: starting static MTD   8 ::::::::::
  |   MD simulation time   :    17.5 ps       |
  |   target T             :   400.0 K        |
  |   timestep dt          :     5.0 fs       |
  |   dump interval(trj)   :   100.0 fs       |
  |   SHAKE algorithm      : true (all bonds) |
  |   Vbias prefactor (k)  :  0.0026 Eh       |
  |   Vbias exponent (α)   :  1.0000 bohr⁻²   |
  :::::::::: starting static MTD   3 ::::::::::
  |   MD simulation time   :    17.5 ps       |
  |   target T             :   400.0 K        |
  |   timestep dt          :     5.0 fs       |
  |   dump interval(trj)   :   100.0 fs       |
  |   SHAKE algorithm      : true (all bonds) |
  |   Vbias prefactor (k)  :  0.0026 Eh       |
  |   Vbias exponent (α)   :  1.0000 bohr⁻²   |
  :::::::::: starting static MTD   6 ::::::::::
  |   MD simulation time   :    17.5 ps       |
  |   target T             :   400.0 K        |
  |   timestep dt          :     5.0 fs       |
  |   dump interval(trj)   :   100.0 fs       |
  |   SHAKE algorithm      : true (all bonds) |
  |   Vbias prefactor (k)  :  0.0026 Eh       |
  |   Vbias exponent (α)   :  1.0000 bohr⁻²   |
  :::::::::: starting static MTD  11 ::::::::::
  |   MD simulation time   :    17.5 ps       |
  |   target T             :   400.0 K        |
  |   timestep dt          :     5.0 fs       |
  |   dump interval(trj)   :   100.0 fs       |
  |   SHAKE algorithm      : true (all bonds) |
  |   Vbias prefactor (k)  :  0.0026 Eh       |
  |   Vbias exponent (α)   :  1.0000 bohr⁻²   |
  :::::::::: starting static MTD  14 ::::::::::
  |   MD simulation time   :    17.5 ps       |
  |   target T             :   400.0 K        |
  |   timestep dt          :     5.0 fs       |
  |   dump interval(trj)   :   100.0 fs       |
  |   SHAKE algorithm      : true (all bonds) |
  |   Vbias prefactor (k)  :  0.0026 Eh       |
  |   Vbias exponent (α)   :  1.0000 bohr⁻²   |
  :::::::::: starting static MTD   4 ::::::::::
  |   MD simulation time   :    17.5 ps       |
  |   target T             :   400.0 K        |
  |   timestep dt          :     5.0 fs       |
  |   dump interval(trj)   :   100.0 fs       |
  |   SHAKE algorithm      : true (all bonds) |
  |   Vbias prefactor (k)  :  0.0026 Eh       |
  |   Vbias exponent (α)   :  1.0000 bohr⁻²   |
  :::::::::: starting static MTD  13 ::::::::::
  |   MD simulation time   :    17.5 ps       |
  |   target T             :   400.0 K        |
  |   timestep dt          :     5.0 fs       |
  |   dump interval(trj)   :   100.0 fs       |
  |   SHAKE algorithm      : true (all bonds) |
  |   Vbias prefactor (k)  :  0.0026 Eh       |
  |   Vbias exponent (α)   :  1.0000 bohr⁻²   |
  :::::::::: starting static MTD  15 ::::::::::
  |   MD simulation time   :    17.5 ps       |
  |   target T             :   400.0 K        |
  |   timestep dt          :     5.0 fs       |
  |   dump interval(trj)   :   100.0 fs       |
  |   SHAKE algorithm      : true (all bonds) |
  |   Vbias prefactor (k)  :  0.0026 Eh       |
  |   Vbias exponent (α)   :  1.0000 bohr⁻²   |
  :::::::::: starting static MTD  12 ::::::::::
  |   MD simulation time   :    17.5 ps       |
  |   target T             :   400.0 K        |
  |   timestep dt          :     5.0 fs       |
  |   dump interval(trj)   :   100.0 fs       |
  |   SHAKE algorithm      : true (all bonds) |
  |   Vbias prefactor (k)  :  0.0026 Eh       |
  |   Vbias exponent (α)   :  1.0000 bohr⁻²   |
  :::::::::: starting static MTD   9 ::::::::::
  |   MD simulation time   :    17.5 ps       |
  |   target T             :   400.0 K        |
  |   timestep dt          :     5.0 fs       |
  |   dump interval(trj)   :   100.0 fs       |
  |   SHAKE algorithm      : true (all bonds) |
  |   Vbias prefactor (k)  :  0.0026 Eh       |
  |   Vbias exponent (α)   :  1.0000 bohr⁻²   |
  :::::::::: starting static MTD  10 ::::::::::
  |   MD simulation time   :    17.5 ps       |
  |   target T             :   400.0 K        |
  |   timestep dt          :     5.0 fs       |
  |   dump interval(trj)   :   100.0 fs       |
  |   SHAKE algorithm      : true (all bonds) |
  |   Vbias prefactor (k)  :  0.0026 Eh       |
  |   Vbias exponent (α)   :  1.0000 bohr⁻²   |
  :::::::::: starting static MTD   5 ::::::::::
  |   MD simulation time   :    17.5 ps       |
  |   target T             :   400.0 K        |
  |   timestep dt          :     5.0 fs       |
  |   dump interval(trj)   :   100.0 fs       |
  |   SHAKE algorithm      : true (all bonds) |
  |   Vbias prefactor (k)  :  0.0026 Eh       |
  |   Vbias exponent (α)   :  1.0000 bohr⁻²   |
*sMTD  10 completed successfully ...        2 min, 16.755 sec
  :::::::::: starting static MTD  16 ::::::::::
  |   MD simulation time   :    17.5 ps       |
  |   target T             :   400.0 K        |
  |   timestep dt          :     5.0 fs       |
  |   dump interval(trj)   :   100.0 fs       |
  |   SHAKE algorithm      : true (all bonds) |
  |   Vbias prefactor (k)  :  0.0026 Eh       |
  |   Vbias exponent (α)   :  1.0000 bohr⁻²   |
*sMTD   7 completed successfully ...        2 min, 17.927 sec
  :::::::::: starting static MTD  17 ::::::::::
  |   MD simulation time   :    17.5 ps       |
  |   target T             :   400.0 K        |
  |   timestep dt          :     5.0 fs       |
  |   dump interval(trj)   :   100.0 fs       |
  |   SHAKE algorithm      : true (all bonds) |
  |   Vbias prefactor (k)  :  0.0026 Eh       |
  |   Vbias exponent (α)   :  1.0000 bohr⁻²   |
*sMTD  11 completed successfully ...        2 min, 18.009 sec
  :::::::::: starting static MTD  18 ::::::::::
  |   MD simulation time   :    17.5 ps       |
  |   target T             :   400.0 K        |
  |   timestep dt          :     5.0 fs       |
  |   dump interval(trj)   :   100.0 fs       |
  |   SHAKE algorithm      : true (all bonds) |
  |   Vbias prefactor (k)  :  0.0026 Eh       |
  |   Vbias exponent (α)   :  1.0000 bohr⁻²   |
*sMTD   8 completed successfully ...        2 min, 18.695 sec
  :::::::::: starting static MTD  19 ::::::::::
  |   MD simulation time   :    17.5 ps       |
  |   target T             :   400.0 K        |
  |   timestep dt          :     5.0 fs       |
  |   dump interval(trj)   :   100.0 fs       |
  |   SHAKE algorithm      : true (all bonds) |
  |   Vbias prefactor (k)  :  0.0026 Eh       |
  |   Vbias exponent (α)   :  1.0000 bohr⁻²   |
*sMTD  14 completed successfully ...        2 min, 19.270 sec
  :::::::::: starting static MTD  20 ::::::::::
  |   MD simulation time   :    17.5 ps       |
  |   target T             :   400.0 K        |
  |   timestep dt          :     5.0 fs       |
  |   dump interval(trj)   :   100.0 fs       |
  |   SHAKE algorithm      : true (all bonds) |
  |   Vbias prefactor (k)  :  0.0026 Eh       |
  |   Vbias exponent (α)   :  1.0000 bohr⁻²   |
*sMTD  13 completed successfully ...        2 min, 19.378 sec
  :::::::::: starting static MTD  21 ::::::::::
  |   MD simulation time   :    17.5 ps       |
  |   target T             :   400.0 K        |
  |   timestep dt          :     5.0 fs       |
  |   dump interval(trj)   :   100.0 fs       |
  |   SHAKE algorithm      : true (all bonds) |
  |   Vbias prefactor (k)  :  0.0026 Eh       |
  |   Vbias exponent (α)   :  1.0000 bohr⁻²   |
*sMTD   2 completed successfully ...        2 min, 19.684 sec
  :::::::::: starting static MTD  22 ::::::::::
  |   MD simulation time   :    17.5 ps       |
  |   target T             :   400.0 K        |
  |   timestep dt          :     5.0 fs       |
  |   dump interval(trj)   :   100.0 fs       |
  |   SHAKE algorithm      : true (all bonds) |
  |   Vbias prefactor (k)  :  0.0026 Eh       |
  |   Vbias exponent (α)   :  1.0000 bohr⁻²   |
*sMTD  36 completed successfully ...        2 min, 19.940 sec
  :::::::::: starting static MTD  35 ::::::::::
  |   MD simulation time   :    17.5 ps       |
  |   target T             :   400.0 K        |
  |   timestep dt          :     5.0 fs       |
  |   dump interval(trj)   :   100.0 fs       |
  |   SHAKE algorithm      : true (all bonds) |
  |   Vbias prefactor (k)  :  0.0026 Eh       |
  |   Vbias exponent (α)   :  1.0000 bohr⁻²   |
*sMTD   3 completed successfully ...        2 min, 20.109 sec
  :::::::::: starting static MTD  23 ::::::::::
  |   MD simulation time   :    17.5 ps       |
  |   target T             :   400.0 K        |
  |   timestep dt          :     5.0 fs       |
  |   dump interval(trj)   :   100.0 fs       |
  |   SHAKE algorithm      : true (all bonds) |
  |   Vbias prefactor (k)  :  0.0026 Eh       |
  |   Vbias exponent (α)   :  1.0000 bohr⁻²   |
*sMTD   5 completed successfully ...        2 min, 20.230 sec
  :::::::::: starting static MTD  24 ::::::::::
  |   MD simulation time   :    17.5 ps       |
  |   target T             :   400.0 K        |
  |   timestep dt          :     5.0 fs       |
  |   dump interval(trj)   :   100.0 fs       |
  |   SHAKE algorithm      : true (all bonds) |
  |   Vbias prefactor (k)  :  0.0026 Eh       |
  |   Vbias exponent (α)   :  1.0000 bohr⁻²   |
*sMTD   6 completed successfully ...        2 min, 20.832 sec
  :::::::::: starting static MTD  25 ::::::::::
  |   MD simulation time   :    17.5 ps       |
  |   target T             :   400.0 K        |
  |   timestep dt          :     5.0 fs       |
  |   dump interval(trj)   :   100.0 fs       |
  |   SHAKE algorithm      : true (all bonds) |
  |   Vbias prefactor (k)  :  0.0026 Eh       |
  |   Vbias exponent (α)   :  1.0000 bohr⁻²   |
*sMTD  15 completed successfully ...        2 min, 21.025 sec
  :::::::::: starting static MTD  26 ::::::::::
  |   MD simulation time   :    17.5 ps       |
  |   target T             :   400.0 K        |
  |   timestep dt          :     5.0 fs       |
  |   dump interval(trj)   :   100.0 fs       |
  |   SHAKE algorithm      : true (all bonds) |
  |   Vbias prefactor (k)  :  0.0026 Eh       |
  |   Vbias exponent (α)   :  1.0000 bohr⁻²   |
*sMTD   4 completed successfully ...        2 min, 21.246 sec
  :::::::::: starting static MTD  27 ::::::::::
  |   MD simulation time   :    17.5 ps       |
  |   target T             :   400.0 K        |
  |   timestep dt          :     5.0 fs       |
  |   dump interval(trj)   :   100.0 fs       |
  |   SHAKE algorithm      : true (all bonds) |
  |   Vbias prefactor (k)  :  0.0026 Eh       |
  |   Vbias exponent (α)   :  1.0000 bohr⁻²   |
*sMTD   1 completed successfully ...        2 min, 21.492 sec
  :::::::::: starting static MTD  28 ::::::::::
  |   MD simulation time   :    17.5 ps       |
  |   target T             :   400.0 K        |
  |   timestep dt          :     5.0 fs       |
  |   dump interval(trj)   :   100.0 fs       |
  |   SHAKE algorithm      : true (all bonds) |
  |   Vbias prefactor (k)  :  0.0026 Eh       |
  |   Vbias exponent (α)   :  1.0000 bohr⁻²   |
*sMTD  12 completed successfully ...        2 min, 22.117 sec
  :::::::::: starting static MTD  29 ::::::::::
  |   MD simulation time   :    17.5 ps       |
  |   target T             :   400.0 K        |
  |   timestep dt          :     5.0 fs       |
  |   dump interval(trj)   :   100.0 fs       |
  |   SHAKE algorithm      : true (all bonds) |
  |   Vbias prefactor (k)  :  0.0026 Eh       |
  |   Vbias exponent (α)   :  1.0000 bohr⁻²   |
*sMTD   9 completed successfully ...        2 min, 22.992 sec
  :::::::::: starting static MTD  30 ::::::::::
  |   MD simulation time   :    17.5 ps       |
  |   target T             :   400.0 K        |
  |   timestep dt          :     5.0 fs       |
  |   dump interval(trj)   :   100.0 fs       |
  |   SHAKE algorithm      : true (all bonds) |
  |   Vbias prefactor (k)  :  0.0026 Eh       |
  |   Vbias exponent (α)   :  1.0000 bohr⁻²   |
*sMTD  19 completed successfully ...        2 min, 16.050 sec
  :::::::::: starting static MTD  31 ::::::::::
  |   MD simulation time   :    17.5 ps       |
  |   target T             :   400.0 K        |
  |   timestep dt          :     5.0 fs       |
  |   dump interval(trj)   :   100.0 fs       |
  |   SHAKE algorithm      : true (all bonds) |
  |   Vbias prefactor (k)  :  0.0026 Eh       |
  |   Vbias exponent (α)   :  1.0000 bohr⁻²   |
*sMTD  16 completed successfully ...        2 min, 19.392 sec
  :::::::::: starting static MTD  32 ::::::::::
  |   MD simulation time   :    17.5 ps       |
  |   target T             :   400.0 K        |
  |   timestep dt          :     5.0 fs       |
  |   dump interval(trj)   :   100.0 fs       |
  |   SHAKE algorithm      : true (all bonds) |
  |   Vbias prefactor (k)  :  0.0026 Eh       |
  |   Vbias exponent (α)   :  1.0000 bohr⁻²   |
*sMTD  22 completed successfully ...        2 min, 16.720 sec
  :::::::::: starting static MTD  33 ::::::::::
  |   MD simulation time   :    17.5 ps       |
  |   target T             :   400.0 K        |
  |   timestep dt          :     5.0 fs       |
  |   dump interval(trj)   :   100.0 fs       |
  |   SHAKE algorithm      : true (all bonds) |
  |   Vbias prefactor (k)  :  0.0026 Eh       |
  |   Vbias exponent (α)   :  1.0000 bohr⁻²   |
*sMTD  18 completed successfully ...        2 min, 19.601 sec
  :::::::::: starting static MTD  34 ::::::::::
  |   MD simulation time   :    17.5 ps       |
  |   target T             :   400.0 K        |
  |   timestep dt          :     5.0 fs       |
  |   dump interval(trj)   :   100.0 fs       |
  |   SHAKE algorithm      : true (all bonds) |
  |   Vbias prefactor (k)  :  0.0026 Eh       |
  |   Vbias exponent (α)   :  1.0000 bohr⁻²   |
*sMTD  28 completed successfully ...        2 min, 16.891 sec
*sMTD  17 completed successfully ...        2 min, 20.508 sec
*sMTD  21 completed successfully ...        2 min, 19.262 sec
*sMTD  20 completed successfully ...        2 min, 19.868 sec
*sMTD  35 completed successfully ...        2 min, 19.320 sec
*sMTD  26 completed successfully ...        2 min, 18.427 sec
*sMTD  29 completed successfully ...        2 min, 17.441 sec
*sMTD  24 completed successfully ...        2 min, 19.376 sec
*sMTD  27 completed successfully ...        2 min, 18.718 sec
*sMTD  23 completed successfully ...        2 min, 20.417 sec
*sMTD  30 completed successfully ...        2 min, 17.718 sec
*sMTD  25 completed successfully ...        2 min, 20.157 sec
*sMTD  31 completed successfully ...        1 min, 25.086 sec
*sMTD  33 completed successfully ...        1 min, 23.978 sec
*sMTD  34 completed successfully ...        1 min, 23.344 sec
*sMTD  32 completed successfully ...        1 min, 25.747 sec

 ======================================
 |  Multilevel Ensemble Optimization  |
 ======================================
 Optimizing all 6264 structures from file "crest_rotamers_0.xyz" ...
 ----------------------
 crude pre-optimization
 ----------------------
 Optimization engine: ANCOPT
 Hessian update type: BFGS
 E/G convergence criteria:  0.500E-03 Eh, 0.100E-01 Eh/a0
 maximum optimization steps: 200
 |>0.0% |>5.0% |>10.0% |>15.0% |>20.0% |>25.0% |>30.0% |>35.0% |>40.0% |>45.0% |>50.0% |>55.0% |>60.0% |>65.0% |>70.0% |>75.0% |>80.0% |>85.0% |>90.0% |>95.0% |>100.0%
 done.
> 6264 of 6264 structures successfully optimized (100.0% success)
> Total runtime for 6264 optimizations:
 * wall-time:     0 d,  0 h,  2 min, 42.126 sec
 *  cpu-time:     0 d,  0 h, 41 min, 51.307 sec
 * ratio c/w:    15.490 speedup
> Corresponding to approximately 0.026 sec per processed structure

CREGEN> running RMSDs ... done.
CREGEN> E lowest :   -57.70588
 6039 structures remain within    12.00 kcal/mol window
 ---------------------------------------
 optimization with very tight thresholds
 ---------------------------------------
 Optimization engine: ANCOPT
 Hessian update type: BFGS
 E/G convergence criteria:  0.100E-06 Eh, 0.200E-03 Eh/a0
 maximum optimization steps: 200
 |>0.0% |>5.0% |>10.0% |>15.0% |>20.0% |>25.0% |>30.0% |>35.0% |>40.0% |>45.0% |>50.0% |>55.0% |>60.0% |>65.0% |>70.0% |>75.0% |>80.0% |>85.0% |>90.0% |>95.0% |>100.0%
 done.
> 5415 of 6039 structures successfully optimized (89.7% success)
> Total runtime for 6039 optimizations:
 * wall-time:     0 d,  0 h, 18 min, 45.449 sec
 *  cpu-time:     0 d,  4 h, 55 min,  8.493 sec
 * ratio c/w:    15.735 speedup
> Corresponding to approximately 0.186 sec per processed structure

CREGEN> running RMSDs ... done.
CREGEN> E lowest :   -57.70691
 979 structures remain within     6.00 kcal/mol window
CREGEN> running RMSDs ... done.
CREGEN> E lowest :   -57.70691

 Static MTD simulation iteration 12 finished
 A total of 5485 conformers (+ 3.04%) in crest_conformers.xyz
 S(approx.) =   13.176914 cal/molK (dS = 0.25%)
 Convergence w.r.t. conformers: F
 Convergence w.r.t. entropy   : T

     H(298.15K)-H(0) (conf)      2.088995
                   Cp(conf)      6.827781
                    S(conf)     13.169800

********************************************************************************
**                     I T E R A T I O N    C Y C L E     13                  **
********************************************************************************
 -------------------------------------------
 determining bias structures via PCA/k-Means
 -------------------------------------------

 142 structures were selected
 done.

 -----------------------------------------------
 determining MTD seed structures via PCA/k-Means
 -----------------------------------------------

 36 structures were selected
 done.


 ===========================================================
 Static MTDs (umbrella sampling) on 36 selected conformer(s)
 ===========================================================
> Using 142 constant RMSD bias potentials per MTD
  :::::::::: starting static MTD   1 ::::::::::
  |   MD simulation time   :    17.5 ps       |
  |   target T             :   400.0 K        |
  |   timestep dt          :     5.0 fs       |
  |   dump interval(trj)   :   100.0 fs       |
  |   SHAKE algorithm      : true (all bonds) |
  |   Vbias prefactor (k)  :  0.0026 Eh       |
  |   Vbias exponent (α)   :  1.0000 bohr⁻²   |
  :::::::::: starting static MTD   2 ::::::::::
  |   MD simulation time   :    17.5 ps       |
  |   target T             :   400.0 K        |
  |   timestep dt          :     5.0 fs       |
  |   dump interval(trj)   :   100.0 fs       |
  |   SHAKE algorithm      : true (all bonds) |
  |   Vbias prefactor (k)  :  0.0026 Eh       |
  |   Vbias exponent (α)   :  1.0000 bohr⁻²   |
  :::::::::: starting static MTD  11 ::::::::::
  |   MD simulation time   :    17.5 ps       |
  |   target T             :   400.0 K        |
  |   timestep dt          :     5.0 fs       |
  |   dump interval(trj)   :   100.0 fs       |
  |   SHAKE algorithm      : true (all bonds) |
  |   Vbias prefactor (k)  :  0.0026 Eh       |
  |   Vbias exponent (α)   :  1.0000 bohr⁻²   |
  :::::::::: starting static MTD   3 ::::::::::
  |   MD simulation time   :    17.5 ps       |
  |   target T             :   400.0 K        |
  |   timestep dt          :     5.0 fs       |
  |   dump interval(trj)   :   100.0 fs       |
  |   SHAKE algorithm      : true (all bonds) |
  |   Vbias prefactor (k)  :  0.0026 Eh       |
  |   Vbias exponent (α)   :  1.0000 bohr⁻²   |
  :::::::::: starting static MTD  14 ::::::::::
  |   MD simulation time   :    17.5 ps       |
  |   target T             :   400.0 K        |
  |   timestep dt          :     5.0 fs       |
  |   dump interval(trj)   :   100.0 fs       |
  |   SHAKE algorithm      : true (all bonds) |
  |   Vbias prefactor (k)  :  0.0026 Eh       |
  |   Vbias exponent (α)   :  1.0000 bohr⁻²   |
  :::::::::: starting static MTD   4 ::::::::::
  |   MD simulation time   :    17.5 ps       |
  |   target T             :   400.0 K        |
  |   timestep dt          :     5.0 fs       |
  |   dump interval(trj)   :   100.0 fs       |
  |   SHAKE algorithm      : true (all bonds) |
  |   Vbias prefactor (k)  :  0.0026 Eh       |
  |   Vbias exponent (α)   :  1.0000 bohr⁻²   |
  :::::::::: starting static MTD  12 ::::::::::
  |   MD simulation time   :    17.5 ps       |
  |   target T             :   400.0 K        |
  |   timestep dt          :     5.0 fs       |
  |   dump interval(trj)   :   100.0 fs       |
  |   SHAKE algorithm      : true (all bonds) |
  |   Vbias prefactor (k)  :  0.0026 Eh       |
  |   Vbias exponent (α)   :  1.0000 bohr⁻²   |
  :::::::::: starting static MTD   9 ::::::::::
  |   MD simulation time   :    17.5 ps       |
  |   target T             :   400.0 K        |
  |   timestep dt          :     5.0 fs       |
  |   dump interval(trj)   :   100.0 fs       |
  |   SHAKE algorithm      : true (all bonds) |
  |   Vbias prefactor (k)  :  0.0026 Eh       |
  |   Vbias exponent (α)   :  1.0000 bohr⁻²   |
  :::::::::: starting static MTD  36 ::::::::::
  |   MD simulation time   :    17.5 ps       |
  |   target T             :   400.0 K        |
  |   timestep dt          :     5.0 fs       |
  |   dump interval(trj)   :   100.0 fs       |
  |   SHAKE algorithm      : true (all bonds) |
  |   Vbias prefactor (k)  :  0.0026 Eh       |
  |   Vbias exponent (α)   :  1.0000 bohr⁻²   |
  :::::::::: starting static MTD   5 ::::::::::
  |   MD simulation time   :    17.5 ps       |
  |   target T             :   400.0 K        |
  |   timestep dt          :     5.0 fs       |
  |   dump interval(trj)   :   100.0 fs       |
  |   SHAKE algorithm      : true (all bonds) |
  |   Vbias prefactor (k)  :  0.0026 Eh       |
  |   Vbias exponent (α)   :  1.0000 bohr⁻²   |
  :::::::::: starting static MTD  13 ::::::::::
  |   MD simulation time   :    17.5 ps       |
  |   target T             :   400.0 K        |
  |   timestep dt          :     5.0 fs       |
  |   dump interval(trj)   :   100.0 fs       |
  |   SHAKE algorithm      : true (all bonds) |
  |   Vbias prefactor (k)  :  0.0026 Eh       |
  |   Vbias exponent (α)   :  1.0000 bohr⁻²   |
  :::::::::: starting static MTD   8 ::::::::::
  |   MD simulation time   :    17.5 ps       |
  |   target T             :   400.0 K        |
  |   timestep dt          :     5.0 fs       |
  |   dump interval(trj)   :   100.0 fs       |
  |   SHAKE algorithm      : true (all bonds) |
  |   Vbias prefactor (k)  :  0.0026 Eh       |
  |   Vbias exponent (α)   :  1.0000 bohr⁻²   |
  :::::::::: starting static MTD  10 ::::::::::
  |   MD simulation time   :    17.5 ps       |
  |   target T             :   400.0 K        |
  |   timestep dt          :     5.0 fs       |
  |   dump interval(trj)   :   100.0 fs       |
  |   SHAKE algorithm      : true (all bonds) |
  |   Vbias prefactor (k)  :  0.0026 Eh       |
  |   Vbias exponent (α)   :  1.0000 bohr⁻²   |
  :::::::::: starting static MTD   6 ::::::::::
  |   MD simulation time   :    17.5 ps       |
  |   target T             :   400.0 K        |
  |   timestep dt          :     5.0 fs       |
  |   dump interval(trj)   :   100.0 fs       |
  |   SHAKE algorithm      : true (all bonds) |
  |   Vbias prefactor (k)  :  0.0026 Eh       |
  |   Vbias exponent (α)   :  1.0000 bohr⁻²   |
  :::::::::: starting static MTD  15 ::::::::::
  |   MD simulation time   :    17.5 ps       |
  |   target T             :   400.0 K        |
  |   timestep dt          :     5.0 fs       |
  |   dump interval(trj)   :   100.0 fs       |
  |   SHAKE algorithm      : true (all bonds) |
  |   Vbias prefactor (k)  :  0.0026 Eh       |
  |   Vbias exponent (α)   :  1.0000 bohr⁻²   |
  :::::::::: starting static MTD   7 ::::::::::
  |   MD simulation time   :    17.5 ps       |
  |   target T             :   400.0 K        |
  |   timestep dt          :     5.0 fs       |
  |   dump interval(trj)   :   100.0 fs       |
  |   SHAKE algorithm      : true (all bonds) |
  |   Vbias prefactor (k)  :  0.0026 Eh       |
  |   Vbias exponent (α)   :  1.0000 bohr⁻²   |
*sMTD   7 completed successfully ...        2 min, 16.695 sec
  :::::::::: starting static MTD  16 ::::::::::
  |   MD simulation time   :    17.5 ps       |
  |   target T             :   400.0 K        |
  |   timestep dt          :     5.0 fs       |
  |   dump interval(trj)   :   100.0 fs       |
  |   SHAKE algorithm      : true (all bonds) |
  |   Vbias prefactor (k)  :  0.0026 Eh       |
  |   Vbias exponent (α)   :  1.0000 bohr⁻²   |
*sMTD   8 completed successfully ...        2 min, 17.093 sec
  :::::::::: starting static MTD  17 ::::::::::
  |   MD simulation time   :    17.5 ps       |
  |   target T             :   400.0 K        |
  |   timestep dt          :     5.0 fs       |
  |   dump interval(trj)   :   100.0 fs       |
  |   SHAKE algorithm      : true (all bonds) |
  |   Vbias prefactor (k)  :  0.0026 Eh       |
  |   Vbias exponent (α)   :  1.0000 bohr⁻²   |
*sMTD   3 completed successfully ...        2 min, 17.629 sec
  :::::::::: starting static MTD  18 ::::::::::
  |   MD simulation time   :    17.5 ps       |
  |   target T             :   400.0 K        |
  |   timestep dt          :     5.0 fs       |
  |   dump interval(trj)   :   100.0 fs       |
  |   SHAKE algorithm      : true (all bonds) |
  |   Vbias prefactor (k)  :  0.0026 Eh       |
  |   Vbias exponent (α)   :  1.0000 bohr⁻²   |
*sMTD  12 completed successfully ...        2 min, 18.802 sec
  :::::::::: starting static MTD  19 ::::::::::
  |   MD simulation time   :    17.5 ps       |
  |   target T             :   400.0 K        |
  |   timestep dt          :     5.0 fs       |
  |   dump interval(trj)   :   100.0 fs       |
  |   SHAKE algorithm      : true (all bonds) |
  |   Vbias prefactor (k)  :  0.0026 Eh       |
  |   Vbias exponent (α)   :  1.0000 bohr⁻²   |
*sMTD   4 completed successfully ...        2 min, 19.058 sec
  :::::::::: starting static MTD  20 ::::::::::
  |   MD simulation time   :    17.5 ps       |
  |   target T             :   400.0 K        |
  |   timestep dt          :     5.0 fs       |
  |   dump interval(trj)   :   100.0 fs       |
  |   SHAKE algorithm      : true (all bonds) |
  |   Vbias prefactor (k)  :  0.0026 Eh       |
  |   Vbias exponent (α)   :  1.0000 bohr⁻²   |
*sMTD  15 completed successfully ...        2 min, 19.110 sec
  :::::::::: starting static MTD  21 ::::::::::
  |   MD simulation time   :    17.5 ps       |
  |   target T             :   400.0 K        |
  |   timestep dt          :     5.0 fs       |
  |   dump interval(trj)   :   100.0 fs       |
  |   SHAKE algorithm      : true (all bonds) |
  |   Vbias prefactor (k)  :  0.0026 Eh       |
  |   Vbias exponent (α)   :  1.0000 bohr⁻²   |
*sMTD   5 completed successfully ...        2 min, 19.249 sec
  :::::::::: starting static MTD  22 ::::::::::
  |   MD simulation time   :    17.5 ps       |
  |   target T             :   400.0 K        |
  |   timestep dt          :     5.0 fs       |
  |   dump interval(trj)   :   100.0 fs       |
  |   SHAKE algorithm      : true (all bonds) |
  |   Vbias prefactor (k)  :  0.0026 Eh       |
  |   Vbias exponent (α)   :  1.0000 bohr⁻²   |
*sMTD   6 completed successfully ...        2 min, 19.630 sec
  :::::::::: starting static MTD  23 ::::::::::
  |   MD simulation time   :    17.5 ps       |
  |   target T             :   400.0 K        |
  |   timestep dt          :     5.0 fs       |
  |   dump interval(trj)   :   100.0 fs       |
  |   SHAKE algorithm      : true (all bonds) |
  |   Vbias prefactor (k)  :  0.0026 Eh       |
  |   Vbias exponent (α)   :  1.0000 bohr⁻²   |
*sMTD  13 completed successfully ...        2 min, 19.702 sec
  :::::::::: starting static MTD  24 ::::::::::
  |   MD simulation time   :    17.5 ps       |
  |   target T             :   400.0 K        |
  |   timestep dt          :     5.0 fs       |
  |   dump interval(trj)   :   100.0 fs       |
  |   SHAKE algorithm      : true (all bonds) |
  |   Vbias prefactor (k)  :  0.0026 Eh       |
  |   Vbias exponent (α)   :  1.0000 bohr⁻²   |
*sMTD  11 completed successfully ...        2 min, 19.921 sec
  :::::::::: starting static MTD  25 ::::::::::
  |   MD simulation time   :    17.5 ps       |
  |   target T             :   400.0 K        |
  |   timestep dt          :     5.0 fs       |
  |   dump interval(trj)   :   100.0 fs       |
  |   SHAKE algorithm      : true (all bonds) |
  |   Vbias prefactor (k)  :  0.0026 Eh       |
  |   Vbias exponent (α)   :  1.0000 bohr⁻²   |
*sMTD   1 completed successfully ...        2 min, 19.941 sec
  :::::::::: starting static MTD  26 ::::::::::
  |   MD simulation time   :    17.5 ps       |
  |   target T             :   400.0 K        |
  |   timestep dt          :     5.0 fs       |
  |   dump interval(trj)   :   100.0 fs       |
  |   SHAKE algorithm      : true (all bonds) |
  |   Vbias prefactor (k)  :  0.0026 Eh       |
  |   Vbias exponent (α)   :  1.0000 bohr⁻²   |
*sMTD   2 completed successfully ...        2 min, 20.121 sec
  :::::::::: starting static MTD  27 ::::::::::
  |   MD simulation time   :    17.5 ps       |
  |   target T             :   400.0 K        |
  |   timestep dt          :     5.0 fs       |
  |   dump interval(trj)   :   100.0 fs       |
  |   SHAKE algorithm      : true (all bonds) |
  |   Vbias prefactor (k)  :  0.0026 Eh       |
  |   Vbias exponent (α)   :  1.0000 bohr⁻²   |
*sMTD  14 completed successfully ...        2 min, 20.400 sec
  :::::::::: starting static MTD  28 ::::::::::
  |   MD simulation time   :    17.5 ps       |
  |   target T             :   400.0 K        |
  |   timestep dt          :     5.0 fs       |
  |   dump interval(trj)   :   100.0 fs       |
  |   SHAKE algorithm      : true (all bonds) |
  |   Vbias prefactor (k)  :  0.0026 Eh       |
  |   Vbias exponent (α)   :  1.0000 bohr⁻²   |
*sMTD  10 completed successfully ...        2 min, 20.424 sec
  :::::::::: starting static MTD  29 ::::::::::
  |   MD simulation time   :    17.5 ps       |
  |   target T             :   400.0 K        |
  |   timestep dt          :     5.0 fs       |
  |   dump interval(trj)   :   100.0 fs       |
  |   SHAKE algorithm      : true (all bonds) |
  |   Vbias prefactor (k)  :  0.0026 Eh       |
  |   Vbias exponent (α)   :  1.0000 bohr⁻²   |
*sMTD  36 completed successfully ...        2 min, 20.573 sec
  :::::::::: starting static MTD  35 ::::::::::
  |   MD simulation time   :    17.5 ps       |
  |   target T             :   400.0 K        |
  |   timestep dt          :     5.0 fs       |
  |   dump interval(trj)   :   100.0 fs       |
  |   SHAKE algorithm      : true (all bonds) |
  |   Vbias prefactor (k)  :  0.0026 Eh       |
  |   Vbias exponent (α)   :  1.0000 bohr⁻²   |
*sMTD   9 completed successfully ...        2 min, 21.438 sec
  :::::::::: starting static MTD  30 ::::::::::
  |   MD simulation time   :    17.5 ps       |
  |   target T             :   400.0 K        |
  |   timestep dt          :     5.0 fs       |
  |   dump interval(trj)   :   100.0 fs       |
  |   SHAKE algorithm      : true (all bonds) |
  |   Vbias prefactor (k)  :  0.0026 Eh       |
  |   Vbias exponent (α)   :  1.0000 bohr⁻²   |
*sMTD  18 completed successfully ...        2 min, 17.018 sec
  :::::::::: starting static MTD  31 ::::::::::
  |   MD simulation time   :    17.5 ps       |
  |   target T             :   400.0 K        |
  |   timestep dt          :     5.0 fs       |
  |   dump interval(trj)   :   100.0 fs       |
  |   SHAKE algorithm      : true (all bonds) |
  |   Vbias prefactor (k)  :  0.0026 Eh       |
  |   Vbias exponent (α)   :  1.0000 bohr⁻²   |
*sMTD  23 completed successfully ...        2 min, 16.198 sec
  :::::::::: starting static MTD  32 ::::::::::
  |   MD simulation time   :    17.5 ps       |
  |   target T             :   400.0 K        |
  |   timestep dt          :     5.0 fs       |
  |   dump interval(trj)   :   100.0 fs       |
  |   SHAKE algorithm      : true (all bonds) |
  |   Vbias prefactor (k)  :  0.0026 Eh       |
  |   Vbias exponent (α)   :  1.0000 bohr⁻²   |
*sMTD  21 completed successfully ...        2 min, 17.032 sec
  :::::::::: starting static MTD  33 ::::::::::
  |   MD simulation time   :    17.5 ps       |
  |   target T             :   400.0 K        |
  |   timestep dt          :     5.0 fs       |
  |   dump interval(trj)   :   100.0 fs       |
  |   SHAKE algorithm      : true (all bonds) |
  |   Vbias prefactor (k)  :  0.0026 Eh       |
  |   Vbias exponent (α)   :  1.0000 bohr⁻²   |
*sMTD  28 completed successfully ...        2 min, 15.964 sec
  :::::::::: starting static MTD  34 ::::::::::
  |   MD simulation time   :    17.5 ps       |
  |   target T             :   400.0 K        |
  |   timestep dt          :     5.0 fs       |
  |   dump interval(trj)   :   100.0 fs       |
  |   SHAKE algorithm      : true (all bonds) |
  |   Vbias prefactor (k)  :  0.0026 Eh       |
  |   Vbias exponent (α)   :  1.0000 bohr⁻²   |
*sMTD  16 completed successfully ...        2 min, 19.927 sec
*sMTD  20 completed successfully ...        2 min, 18.144 sec
*sMTD  17 completed successfully ...        2 min, 20.994 sec
*sMTD  26 completed successfully ...        2 min, 18.619 sec
*sMTD  19 completed successfully ...        2 min, 20.190 sec
*sMTD  27 completed successfully ...        2 min, 19.282 sec
*sMTD  25 completed successfully ...        2 min, 19.559 sec
*sMTD  35 completed successfully ...        2 min, 19.285 sec
*sMTD  24 completed successfully ...        2 min, 20.254 sec
*sMTD  29 completed successfully ...        2 min, 20.229 sec
*sMTD  22 completed successfully ...        2 min, 21.680 sec
*sMTD  30 completed successfully ...        2 min, 19.907 sec
*sMTD  31 completed successfully ...        1 min, 24.614 sec
*sMTD  32 completed successfully ...        1 min, 24.480 sec
*sMTD  33 completed successfully ...        1 min, 24.429 sec
*sMTD  34 completed successfully ...        1 min, 24.486 sec

 ======================================
 |  Multilevel Ensemble Optimization  |
 ======================================
 Optimizing all 6264 structures from file "crest_rotamers_0.xyz" ...
 ----------------------
 crude pre-optimization
 ----------------------
 Optimization engine: ANCOPT
 Hessian update type: BFGS
 E/G convergence criteria:  0.500E-03 Eh, 0.100E-01 Eh/a0
 maximum optimization steps: 200
 |>0.0% |>5.0% |>10.0% |>15.0% |>20.0% |>25.0% |>30.0% |>35.0% |>40.0% |>45.0% |>50.0% |>55.0% |>60.0% |>65.0% |>70.0% |>75.0% |>80.0% |>85.0% |>90.0% |>95.0% |>100.0%
 done.
> 6264 of 6264 structures successfully optimized (100.0% success)
> Total runtime for 6264 optimizations:
 * wall-time:     0 d,  0 h,  2 min, 41.826 sec
 *  cpu-time:     0 d,  0 h, 41 min, 46.723 sec
 * ratio c/w:    15.490 speedup
> Corresponding to approximately 0.026 sec per processed structure

CREGEN> running RMSDs ... done.
CREGEN> E lowest :   -57.70637
 6042 structures remain within    12.00 kcal/mol window
 ---------------------------------------
 optimization with very tight thresholds
 ---------------------------------------
 Optimization engine: ANCOPT
 Hessian update type: BFGS
 E/G convergence criteria:  0.100E-06 Eh, 0.200E-03 Eh/a0
 maximum optimization steps: 200
 |>0.0% |>5.0% |>10.0% |>15.0% |>20.0% |>25.0% |>30.0% |>35.0% |>40.0% |>45.0% |>50.0% |>55.0% |>60.0% |>65.0% |>70.0% |>75.0% |>80.0% |>85.0% |>90.0% |>95.0% |>100.0%
 done.
> 5482 of 6042 structures successfully optimized (90.7% success)
> Total runtime for 6042 optimizations:
 * wall-time:     0 d,  0 h, 18 min, 10.305 sec
 *  cpu-time:     0 d,  4 h, 45 min, 43.336 sec
 * ratio c/w:    15.723 speedup
> Corresponding to approximately 0.180 sec per processed structure

CREGEN> running RMSDs ... done.
CREGEN> E lowest :   -57.70691
 944 structures remain within     6.00 kcal/mol window
CREGEN> running RMSDs ... done.
CREGEN> E lowest :   -57.70691

 Static MTD simulation iteration 13 finished
 A total of 5638 conformers (+ 2.71%) in crest_conformers.xyz
 S(approx.) =   13.338325 cal/molK (dS = 1.21%)
 Convergence w.r.t. conformers: F
 Convergence w.r.t. entropy   : F

     H(298.15K)-H(0) (conf)      2.134478
                   Cp(conf)      6.685891
                    S(conf)     13.331309

********************************************************************************
**                     I T E R A T I O N    C Y C L E     14                  **
********************************************************************************
 -------------------------------------------
 determining bias structures via PCA/k-Means
 -------------------------------------------

 175 structures were selected
 done.

 -----------------------------------------------
 determining MTD seed structures via PCA/k-Means
 -----------------------------------------------

 36 structures were selected
 done.


 ===========================================================
 Static MTDs (umbrella sampling) on 36 selected conformer(s)
 ===========================================================
> Using 175 constant RMSD bias potentials per MTD
  :::::::::: starting static MTD   1 ::::::::::
  |   MD simulation time   :    17.5 ps       |
  |   target T             :   400.0 K        |
  |   timestep dt          :     5.0 fs       |
  |   dump interval(trj)   :   100.0 fs       |
  |   SHAKE algorithm      : true (all bonds) |
  |   Vbias prefactor (k)  :  0.0026 Eh       |
  |   Vbias exponent (α)   :  1.0000 bohr⁻²   |
  :::::::::: starting static MTD   4 ::::::::::
  |   MD simulation time   :    17.5 ps       |
  |   target T             :   400.0 K        |
  |   timestep dt          :     5.0 fs       |
  |   dump interval(trj)   :   100.0 fs       |
  |   SHAKE algorithm      : true (all bonds) |
  |   Vbias prefactor (k)  :  0.0026 Eh       |
  |   Vbias exponent (α)   :  1.0000 bohr⁻²   |
  :::::::::: starting static MTD   5 ::::::::::
  |   MD simulation time   :    17.5 ps       |
  |   target T             :   400.0 K        |
  |   timestep dt          :     5.0 fs       |
  |   dump interval(trj)   :   100.0 fs       |
  |   SHAKE algorithm      : true (all bonds) |
  |   Vbias prefactor (k)  :  0.0026 Eh       |
  |   Vbias exponent (α)   :  1.0000 bohr⁻²   |
  :::::::::: starting static MTD  11 ::::::::::
  |   MD simulation time   :    17.5 ps       |
  |   target T             :   400.0 K        |
  |   timestep dt          :     5.0 fs       |
  |   dump interval(trj)   :   100.0 fs       |
  |   SHAKE algorithm      : true (all bonds) |
  |   Vbias prefactor (k)  :  0.0026 Eh       |
  |   Vbias exponent (α)   :  1.0000 bohr⁻²   |
  :::::::::: starting static MTD  12 ::::::::::
  |   MD simulation time   :    17.5 ps       |
  |   target T             :   400.0 K        |
  |   timestep dt          :     5.0 fs       |
  |   dump interval(trj)   :   100.0 fs       |
  |   SHAKE algorithm      : true (all bonds) |
  |   Vbias prefactor (k)  :  0.0026 Eh       |
  |   Vbias exponent (α)   :  1.0000 bohr⁻²   |
  :::::::::: starting static MTD  10 ::::::::::
  |   MD simulation time   :    17.5 ps       |
  |   target T             :   400.0 K        |
  |   timestep dt          :     5.0 fs       |
  |   dump interval(trj)   :   100.0 fs       |
  |   SHAKE algorithm      : true (all bonds) |
  |   Vbias prefactor (k)  :  0.0026 Eh       |
  |   Vbias exponent (α)   :  1.0000 bohr⁻²   |
  :::::::::: starting static MTD  13 ::::::::::
  |   MD simulation time   :    17.5 ps       |
  |   target T             :   400.0 K        |
  |   timestep dt          :     5.0 fs       |
  |   dump interval(trj)   :   100.0 fs       |
  |   SHAKE algorithm      : true (all bonds) |
  |   Vbias prefactor (k)  :  0.0026 Eh       |
  |   Vbias exponent (α)   :  1.0000 bohr⁻²   |
  :::::::::: starting static MTD  15 ::::::::::
  |   MD simulation time   :    17.5 ps       |
  |   target T             :   400.0 K        |
  |   timestep dt          :     5.0 fs       |
  |   dump interval(trj)   :   100.0 fs       |
  |   SHAKE algorithm      : true (all bonds) |
  |   Vbias prefactor (k)  :  0.0026 Eh       |
  |   Vbias exponent (α)   :  1.0000 bohr⁻²   |
  :::::::::: starting static MTD   8 ::::::::::
  |   MD simulation time   :    17.5 ps       |
  |   target T             :   400.0 K        |
  |   timestep dt          :     5.0 fs       |
  |   dump interval(trj)   :   100.0 fs       |
  |   SHAKE algorithm      : true (all bonds) |
  |   Vbias prefactor (k)  :  0.0026 Eh       |
  |   Vbias exponent (α)   :  1.0000 bohr⁻²   |
  :::::::::: starting static MTD   6 ::::::::::
  |   MD simulation time   :    17.5 ps       |
  |   target T             :   400.0 K        |
  |   timestep dt          :     5.0 fs       |
  |   dump interval(trj)   :   100.0 fs       |
  |   SHAKE algorithm      : true (all bonds) |
  |   Vbias prefactor (k)  :  0.0026 Eh       |
  |   Vbias exponent (α)   :  1.0000 bohr⁻²   |
  :::::::::: starting static MTD  36 ::::::::::
  |   MD simulation time   :    17.5 ps       |
  |   target T             :   400.0 K        |
  |   timestep dt          :     5.0 fs       |
  |   dump interval(trj)   :   100.0 fs       |
  |   SHAKE algorithm      : true (all bonds) |
  |   Vbias prefactor (k)  :  0.0026 Eh       |
  |   Vbias exponent (α)   :  1.0000 bohr⁻²   |
  :::::::::: starting static MTD   2 ::::::::::
  |   MD simulation time   :    17.5 ps       |
  |   target T             :   400.0 K        |
  |   timestep dt          :     5.0 fs       |
  |   dump interval(trj)   :   100.0 fs       |
  |   SHAKE algorithm      : true (all bonds) |
  |   Vbias prefactor (k)  :  0.0026 Eh       |
  |   Vbias exponent (α)   :  1.0000 bohr⁻²   |
  :::::::::: starting static MTD   9 ::::::::::
  |   MD simulation time   :    17.5 ps       |
  |   target T             :   400.0 K        |
  |   timestep dt          :     5.0 fs       |
  |   dump interval(trj)   :   100.0 fs       |
  |   SHAKE algorithm      : true (all bonds) |
  |   Vbias prefactor (k)  :  0.0026 Eh       |
  |   Vbias exponent (α)   :  1.0000 bohr⁻²   |
  :::::::::: starting static MTD   3 ::::::::::
  |   MD simulation time   :    17.5 ps       |
  |   target T             :   400.0 K        |
  |   timestep dt          :     5.0 fs       |
  |   dump interval(trj)   :   100.0 fs       |
  |   SHAKE algorithm      : true (all bonds) |
  |   Vbias prefactor (k)  :  0.0026 Eh       |
  |   Vbias exponent (α)   :  1.0000 bohr⁻²   |
  :::::::::: starting static MTD  14 ::::::::::
  |   MD simulation time   :    17.5 ps       |
  |   target T             :   400.0 K        |
  |   timestep dt          :     5.0 fs       |
  |   dump interval(trj)   :   100.0 fs       |
  |   SHAKE algorithm      : true (all bonds) |
  |   Vbias prefactor (k)  :  0.0026 Eh       |
  |   Vbias exponent (α)   :  1.0000 bohr⁻²   |
  :::::::::: starting static MTD   7 ::::::::::
  |   MD simulation time   :    17.5 ps       |
  |   target T             :   400.0 K        |
  |   timestep dt          :     5.0 fs       |
  |   dump interval(trj)   :   100.0 fs       |
  |   SHAKE algorithm      : true (all bonds) |
  |   Vbias prefactor (k)  :  0.0026 Eh       |
  |   Vbias exponent (α)   :  1.0000 bohr⁻²   |
*sMTD   5 completed successfully ...        2 min, 16.313 sec
  :::::::::: starting static MTD  16 ::::::::::
  |   MD simulation time   :    17.5 ps       |
  |   target T             :   400.0 K        |
  |   timestep dt          :     5.0 fs       |
  |   dump interval(trj)   :   100.0 fs       |
  |   SHAKE algorithm      : true (all bonds) |
  |   Vbias prefactor (k)  :  0.0026 Eh       |
  |   Vbias exponent (α)   :  1.0000 bohr⁻²   |
*sMTD  36 completed successfully ...        2 min, 17.787 sec
  :::::::::: starting static MTD  35 ::::::::::
  |   MD simulation time   :    17.5 ps       |
  |   target T             :   400.0 K        |
  |   timestep dt          :     5.0 fs       |
  |   dump interval(trj)   :   100.0 fs       |
  |   SHAKE algorithm      : true (all bonds) |
  |   Vbias prefactor (k)  :  0.0026 Eh       |
  |   Vbias exponent (α)   :  1.0000 bohr⁻²   |
*sMTD   1 completed successfully ...        2 min, 17.858 sec
  :::::::::: starting static MTD  17 ::::::::::
  |   MD simulation time   :    17.5 ps       |
  |   target T             :   400.0 K        |
  |   timestep dt          :     5.0 fs       |
  |   dump interval(trj)   :   100.0 fs       |
  |   SHAKE algorithm      : true (all bonds) |
  |   Vbias prefactor (k)  :  0.0026 Eh       |
  |   Vbias exponent (α)   :  1.0000 bohr⁻²   |
*sMTD   9 completed successfully ...        2 min, 18.036 sec
  :::::::::: starting static MTD  18 ::::::::::
  |   MD simulation time   :    17.5 ps       |
  |   target T             :   400.0 K        |
  |   timestep dt          :     5.0 fs       |
  |   dump interval(trj)   :   100.0 fs       |
  |   SHAKE algorithm      : true (all bonds) |
  |   Vbias prefactor (k)  :  0.0026 Eh       |
  |   Vbias exponent (α)   :  1.0000 bohr⁻²   |
*sMTD  15 completed successfully ...        2 min, 18.623 sec
  :::::::::: starting static MTD  19 ::::::::::
  |   MD simulation time   :    17.5 ps       |
  |   target T             :   400.0 K        |
  |   timestep dt          :     5.0 fs       |
  |   dump interval(trj)   :   100.0 fs       |
  |   SHAKE algorithm      : true (all bonds) |
  |   Vbias prefactor (k)  :  0.0026 Eh       |
  |   Vbias exponent (α)   :  1.0000 bohr⁻²   |
*sMTD   2 completed successfully ...        2 min, 18.887 sec
  :::::::::: starting static MTD  20 ::::::::::
  |   MD simulation time   :    17.5 ps       |
  |   target T             :   400.0 K        |
  |   timestep dt          :     5.0 fs       |
  |   dump interval(trj)   :   100.0 fs       |
  |   SHAKE algorithm      : true (all bonds) |
  |   Vbias prefactor (k)  :  0.0026 Eh       |
  |   Vbias exponent (α)   :  1.0000 bohr⁻²   |
*sMTD   6 completed successfully ...        2 min, 19.374 sec
  :::::::::: starting static MTD  21 ::::::::::
  |   MD simulation time   :    17.5 ps       |
  |   target T             :   400.0 K        |
  |   timestep dt          :     5.0 fs       |
  |   dump interval(trj)   :   100.0 fs       |
  |   SHAKE algorithm      : true (all bonds) |
  |   Vbias prefactor (k)  :  0.0026 Eh       |
  |   Vbias exponent (α)   :  1.0000 bohr⁻²   |
*sMTD  13 completed successfully ...        2 min, 19.870 sec
  :::::::::: starting static MTD  22 ::::::::::
  |   MD simulation time   :    17.5 ps       |
  |   target T             :   400.0 K        |
  |   timestep dt          :     5.0 fs       |
  |   dump interval(trj)   :   100.0 fs       |
  |   SHAKE algorithm      : true (all bonds) |
  |   Vbias prefactor (k)  :  0.0026 Eh       |
  |   Vbias exponent (α)   :  1.0000 bohr⁻²   |
*sMTD  10 completed successfully ...        2 min, 20.066 sec
  :::::::::: starting static MTD  23 ::::::::::
  |   MD simulation time   :    17.5 ps       |
  |   target T             :   400.0 K        |
  |   timestep dt          :     5.0 fs       |
  |   dump interval(trj)   :   100.0 fs       |
  |   SHAKE algorithm      : true (all bonds) |
  |   Vbias prefactor (k)  :  0.0026 Eh       |
  |   Vbias exponent (α)   :  1.0000 bohr⁻²   |
*sMTD   8 completed successfully ...        2 min, 20.184 sec
  :::::::::: starting static MTD  24 ::::::::::
  |   MD simulation time   :    17.5 ps       |
  |   target T             :   400.0 K        |
  |   timestep dt          :     5.0 fs       |
  |   dump interval(trj)   :   100.0 fs       |
  |   SHAKE algorithm      : true (all bonds) |
  |   Vbias prefactor (k)  :  0.0026 Eh       |
  |   Vbias exponent (α)   :  1.0000 bohr⁻²   |
*sMTD   4 completed successfully ...        2 min, 20.577 sec
  :::::::::: starting static MTD  25 ::::::::::
  |   MD simulation time   :    17.5 ps       |
  |   target T             :   400.0 K        |
  |   timestep dt          :     5.0 fs       |
  |   dump interval(trj)   :   100.0 fs       |
  |   SHAKE algorithm      : true (all bonds) |
  |   Vbias prefactor (k)  :  0.0026 Eh       |
  |   Vbias exponent (α)   :  1.0000 bohr⁻²   |
*sMTD  11 completed successfully ...        2 min, 20.638 sec
  :::::::::: starting static MTD  26 ::::::::::
  |   MD simulation time   :    17.5 ps       |
  |   target T             :   400.0 K        |
  |   timestep dt          :     5.0 fs       |
  |   dump interval(trj)   :   100.0 fs       |
  |   SHAKE algorithm      : true (all bonds) |
  |   Vbias prefactor (k)  :  0.0026 Eh       |
  |   Vbias exponent (α)   :  1.0000 bohr⁻²   |
*sMTD   7 completed successfully ...        2 min, 20.879 sec
  :::::::::: starting static MTD  27 ::::::::::
  |   MD simulation time   :    17.5 ps       |
  |   target T             :   400.0 K        |
  |   timestep dt          :     5.0 fs       |
  |   dump interval(trj)   :   100.0 fs       |
  |   SHAKE algorithm      : true (all bonds) |
  |   Vbias prefactor (k)  :  0.0026 Eh       |
  |   Vbias exponent (α)   :  1.0000 bohr⁻²   |
*sMTD  14 completed successfully ...        2 min, 20.934 sec
  :::::::::: starting static MTD  28 ::::::::::
  |   MD simulation time   :    17.5 ps       |
  |   target T             :   400.0 K        |
  |   timestep dt          :     5.0 fs       |
  |   dump interval(trj)   :   100.0 fs       |
  |   SHAKE algorithm      : true (all bonds) |
  |   Vbias prefactor (k)  :  0.0026 Eh       |
  |   Vbias exponent (α)   :  1.0000 bohr⁻²   |
*sMTD  12 completed successfully ...        2 min, 23.009 sec
  :::::::::: starting static MTD  29 ::::::::::
  |   MD simulation time   :    17.5 ps       |
  |   target T             :   400.0 K        |
  |   timestep dt          :     5.0 fs       |
  |   dump interval(trj)   :   100.0 fs       |
  |   SHAKE algorithm      : true (all bonds) |
  |   Vbias prefactor (k)  :  0.0026 Eh       |
  |   Vbias exponent (α)   :  1.0000 bohr⁻²   |
*sMTD   3 completed successfully ...        2 min, 23.641 sec
  :::::::::: starting static MTD  30 ::::::::::
  |   MD simulation time   :    17.5 ps       |
  |   target T             :   400.0 K        |
  |   timestep dt          :     5.0 fs       |
  |   dump interval(trj)   :   100.0 fs       |
  |   SHAKE algorithm      : true (all bonds) |
  |   Vbias prefactor (k)  :  0.0026 Eh       |
  |   Vbias exponent (α)   :  1.0000 bohr⁻²   |
*sMTD  17 completed successfully ...        2 min, 17.969 sec
  :::::::::: starting static MTD  31 ::::::::::
  |   MD simulation time   :    17.5 ps       |
  |   target T             :   400.0 K        |
  |   timestep dt          :     5.0 fs       |
  |   dump interval(trj)   :   100.0 fs       |
  |   SHAKE algorithm      : true (all bonds) |
  |   Vbias prefactor (k)  :  0.0026 Eh       |
  |   Vbias exponent (α)   :  1.0000 bohr⁻²   |
*sMTD  18 completed successfully ...        2 min, 18.157 sec
  :::::::::: starting static MTD  32 ::::::::::
  |   MD simulation time   :    17.5 ps       |
  |   target T             :   400.0 K        |
  |   timestep dt          :     5.0 fs       |
  |   dump interval(trj)   :   100.0 fs       |
  |   SHAKE algorithm      : true (all bonds) |
  |   Vbias prefactor (k)  :  0.0026 Eh       |
  |   Vbias exponent (α)   :  1.0000 bohr⁻²   |
*sMTD  35 completed successfully ...        2 min, 18.578 sec
  :::::::::: starting static MTD  34 ::::::::::
  |   MD simulation time   :    17.5 ps       |
  |   target T             :   400.0 K        |
  |   timestep dt          :     5.0 fs       |
  |   dump interval(trj)   :   100.0 fs       |
  |   SHAKE algorithm      : true (all bonds) |
  |   Vbias prefactor (k)  :  0.0026 Eh       |
  |   Vbias exponent (α)   :  1.0000 bohr⁻²   |
*sMTD  20 completed successfully ...        2 min, 17.939 sec
  :::::::::: starting static MTD  33 ::::::::::
  |   MD simulation time   :    17.5 ps       |
  |   target T             :   400.0 K        |
  |   timestep dt          :     5.0 fs       |
  |   dump interval(trj)   :   100.0 fs       |
  |   SHAKE algorithm      : true (all bonds) |
  |   Vbias prefactor (k)  :  0.0026 Eh       |
  |   Vbias exponent (α)   :  1.0000 bohr⁻²   |
*sMTD  28 completed successfully ...        2 min, 17.077 sec
*sMTD  23 completed successfully ...        2 min, 17.950 sec
*sMTD  16 completed successfully ...        2 min, 22.188 sec
*sMTD  27 completed successfully ...        2 min, 18.110 sec
*sMTD  21 completed successfully ...        2 min, 19.670 sec
*sMTD  19 completed successfully ...        2 min, 21.119 sec
*sMTD  24 completed successfully ...        2 min, 19.799 sec
*sMTD  26 completed successfully ...        2 min, 19.719 sec
*sMTD  22 completed successfully ...        2 min, 20.554 sec
*sMTD  25 completed successfully ...        2 min, 20.195 sec
*sMTD  30 completed successfully ...        2 min, 18.431 sec
*sMTD  29 completed successfully ...        2 min, 19.459 sec
*sMTD  34 completed successfully ...        1 min, 23.787 sec
*sMTD  32 completed successfully ...        1 min, 24.122 sec
*sMTD  31 completed successfully ...        1 min, 24.854 sec
*sMTD  33 completed successfully ...        1 min, 25.229 sec

 ======================================
 |  Multilevel Ensemble Optimization  |
 ======================================
 Optimizing all 6264 structures from file "crest_rotamers_0.xyz" ...
 ----------------------
 crude pre-optimization
 ----------------------
 Optimization engine: ANCOPT
 Hessian update type: BFGS
 E/G convergence criteria:  0.500E-03 Eh, 0.100E-01 Eh/a0
 maximum optimization steps: 200
 |>0.0% |>5.0% |>10.0% |>15.0% |>20.0% |>25.0% |>30.0% |>35.0% |>40.0% |>45.0% |>50.0% |>55.0% |>60.0% |>65.0% |>70.0% |>75.0% |>80.0% |>85.0% |>90.0% |>95.0% |>100.0%
 done.
> 6264 of 6264 structures successfully optimized (100.0% success)
> Total runtime for 6264 optimizations:
 * wall-time:     0 d,  0 h,  2 min, 39.953 sec
 *  cpu-time:     0 d,  0 h, 41 min, 17.792 sec
 * ratio c/w:    15.491 speedup
> Corresponding to approximately 0.026 sec per processed structure

CREGEN> running RMSDs ... done.
CREGEN> E lowest :   -57.70601
 5952 structures remain within    12.00 kcal/mol window
 ---------------------------------------
 optimization with very tight thresholds
 ---------------------------------------
 Optimization engine: ANCOPT
 Hessian update type: BFGS
 E/G convergence criteria:  0.100E-06 Eh, 0.200E-03 Eh/a0
 maximum optimization steps: 200
 |>0.0% |>5.0% |>10.0% |>15.0% |>20.0% |>25.0% |>30.0% |>35.0% |>40.0% |>45.0% |>50.0% |>55.0% |>60.0% |>65.0% |>70.0% |>75.0% |>80.0% |>85.0% |>90.0% |>95.0% |>100.0%
 done.
> 5402 of 5952 structures successfully optimized (90.8% success)
> Total runtime for 5952 optimizations:
 * wall-time:     0 d,  0 h, 18 min, 20.845 sec
 *  cpu-time:     0 d,  4 h, 48 min, 45.193 sec
 * ratio c/w:    15.738 speedup
> Corresponding to approximately 0.185 sec per processed structure

CREGEN> running RMSDs ... done.
CREGEN> E lowest :   -57.70691
 844 structures remain within     6.00 kcal/mol window
CREGEN> running RMSDs ... done.
CREGEN> E lowest :   -57.70691

 Static MTD simulation iteration 14 finished
 A total of 5744 conformers (+ 1.85%) in crest_conformers.xyz
 S(approx.) =   13.361325 cal/molK (dS = 0.17%)
 Convergence w.r.t. conformers: T
 Convergence w.r.t. entropy   : T

     H(298.15K)-H(0) (conf)      2.139638
                   Cp(conf)      6.686109
                    S(conf)     13.354290


 --------------------------
 Final Ensemble Information
 --------------------------
 input  file name : crest_rotamers_2.xyz
 output file name : crest_rotamers_3.xyz
 number of atoms                :   44
 number of points on xyz files  :   13363
 RMSD threshold                 :   0.1250
 Bconst threshold               :   0.0100
 population threshold           :   0.0500
 # fragment in coord            :     1
 # bonds in reference structure :    44
 number of reliable points      : 13363
 sorting energy window (EWIN)   :    6.0000 / kcal*mol⁻¹
 reference state Etot           :  -57.706905339999999
 number of doubles removed by rot/RMSD         :         345
 total number unique points considered further :       13018
       Erel/kcal        Etot weight/tot  conformer     set   degen     origin
       1   0.000   -57.70691    0.00673    0.03362       1       5
       2   0.039   -57.70684    0.00630    0.10703       2      17
       3   0.425   -57.70623    0.00328    0.03926       3      12
       4   0.555   -57.70602    0.00264    0.03694       4      14
       5   0.556   -57.70602    0.00263    0.01810       5       7
       6   0.576   -57.70599    0.00255    0.01018       6       4
       7   0.574   -57.70599    0.00255    0.00255       7       1
       8   0.580   -57.70598    0.00253    0.00253       8       1
       9   0.596   -57.70596    0.00246    0.00491       9       2
      10   0.600   -57.70595    0.00244    0.00244      10       1
      11   0.617   -57.70592    0.00238    0.00238      11       1
      12   0.764   -57.70569    0.00185    0.03152      12      17
      13   0.851   -57.70555    0.00160    0.00639      13       4
      14   0.859   -57.70554    0.00158    0.00158      14       1
      15   0.866   -57.70553    0.00156    0.00156      15       1
      16   0.873   -57.70551    0.00154    0.01234      16       8
      17   0.901   -57.70547    0.00147    0.02354      17      16
      18   0.936   -57.70541    0.00139    0.01248      18       9
      19   0.961   -57.70537    0.00133    0.00399      19       3
      20   1.103   -57.70515    0.00105    0.01780      20      17
      21   1.123   -57.70512    0.00101    0.00101      21       1
      22   1.142   -57.70509    0.00098    0.00294      22       3
      23   1.144   -57.70508    0.00098    0.00195      23       2
      24   1.145   -57.70508    0.00097    0.00390      24       4
      25   1.178   -57.70503    0.00092    0.01383      25      15
      26   1.203   -57.70499    0.00088    0.00354      26       4
      27   1.209   -57.70498    0.00088    0.00088      27       1
      28   1.284   -57.70486    0.00077    0.00694      28       9
      29   1.372   -57.70472    0.00066    0.00066      29       1
      30   1.377   -57.70471    0.00066    0.00396      30       6
      31   1.431   -57.70462    0.00060    0.00842      31      14
      32   1.436   -57.70462    0.00060    0.00536      32       9
      33   1.452   -57.70459    0.00058    0.00464      33       8
      34   1.456   -57.70458    0.00058    0.00058      34       1
      35   1.489   -57.70453    0.00055    0.00491      35       9
      36   1.492   -57.70453    0.00054    0.00869      36      16
      37   1.514   -57.70449    0.00052    0.00367      37       7
      38   1.518   -57.70449    0.00052    0.00312      38       6
      39   1.553   -57.70443    0.00049    0.00294      39       6
      40   1.566   -57.70441    0.00048    0.00528      40      11
      41   1.567   -57.70441    0.00048    0.00191      41       4
      42   1.568   -57.70441    0.00048    0.00525      42      11
      43   1.568   -57.70441    0.00048    0.00191      43       4
      44   1.578   -57.70439    0.00047    0.00047      44       1
      45   1.580   -57.70439    0.00047    0.00374      45       8
      46   1.587   -57.70438    0.00046    0.00787      46      17
      47   1.589   -57.70437    0.00046    0.00230      47       5
      48   1.593   -57.70437    0.00046    0.00503      48      11
      49   1.607   -57.70434    0.00045    0.00045      49       1
      50   1.610   -57.70434    0.00045    0.00800      50      18
      51   1.622   -57.70432    0.00044    0.00436      51      10
      52   1.627   -57.70431    0.00043    0.00260      52       6
      53   1.628   -57.70431    0.00043    0.00129      53       3
      54   1.633   -57.70430    0.00043    0.00597      54      14
      55   1.638   -57.70429    0.00042    0.00042      55       1
      56   1.633   -57.70430    0.00043    0.00043      56       1
      57   1.643   -57.70429    0.00042    0.00084      57       2
      58   1.646   -57.70428    0.00042    0.00922      58      22
      59   1.657   -57.70427    0.00041    0.00041      59       1
      60   1.657   -57.70426    0.00041    0.00164      60       4
      61   1.665   -57.70425    0.00041    0.00162      61       4
      62   1.667   -57.70425    0.00040    0.00727      62      18
      63   1.668   -57.70425    0.00040    0.00564      63      14
      64   1.679   -57.70423    0.00040    0.00040      64       1
      65   1.697   -57.70420    0.00038    0.00268      65       7
      66   1.709   -57.70418    0.00038    0.00075      66       2
      67   1.709   -57.70418    0.00038    0.00601      67      16
      68   1.713   -57.70418    0.00037    0.00336      68       9
      69   1.716   -57.70417    0.00037    0.00670      69      18
      70   1.717   -57.70417    0.00037    0.00595      70      16
      71   1.721   -57.70416    0.00037    0.00184      71       5
      72   1.722   -57.70416    0.00037    0.00037      72       1
      73   1.722   -57.70416    0.00037    0.00037      73       1
      74   1.725   -57.70416    0.00037    0.00073      74       2
      75   1.726   -57.70415    0.00037    0.00256      75       7
      76   1.729   -57.70415    0.00036    0.00146      76       4
      77   1.732   -57.70415    0.00036    0.00072      77       2
      78   1.749   -57.70412    0.00035    0.00035      78       1
      79   1.767   -57.70409    0.00034    0.00102      79       3
      80   1.778   -57.70407    0.00034    0.00034      80       1
      81   1.788   -57.70406    0.00033    0.00462      81      14
      82   1.793   -57.70405    0.00033    0.00325      82      10
      83   1.803   -57.70403    0.00032    0.00226      83       7
      84   1.834   -57.70398    0.00031    0.00305      84      10
      85   1.845   -57.70397    0.00030    0.00328      85      11
      86   1.854   -57.70395    0.00030    0.00236      86       8
      87   1.857   -57.70395    0.00029    0.00118      87       4
      88   1.863   -57.70394    0.00029    0.00116      88       4
      89   1.863   -57.70394    0.00029    0.00610      89      21
      90   1.870   -57.70392    0.00029    0.00201      90       7
      91   1.872   -57.70392    0.00029    0.00426      91      15
      92   1.878   -57.70391    0.00028    0.00566      92      20
      93   1.879   -57.70391    0.00028    0.00421      93      15
      94   1.871   -57.70392    0.00029    0.00086      94       3
      95   1.901   -57.70388    0.00027    0.00354      95      13
      96   1.908   -57.70386    0.00027    0.00458      96      17
      97   1.909   -57.70386    0.00027    0.00268      97      10
      98   1.916   -57.70385    0.00027    0.00053      98       2
      99   1.916   -57.70385    0.00027    0.00053      99       2
     100   1.921   -57.70384    0.00026    0.00105     100       4
     101   1.923   -57.70384    0.00026    0.00289     101      11
     102   1.924   -57.70384    0.00026    0.00289     102      11
     103   1.925   -57.70384    0.00026    0.00052     103       2
     104   1.925   -57.70384    0.00026    0.00052     104       2
     105   1.934   -57.70382    0.00026    0.00490     105      19
     106   1.934   -57.70382    0.00026    0.00180     106       7
     107   1.942   -57.70381    0.00025    0.00152     107       6
     108   1.934   -57.70382    0.00026    0.00026     108       1
     109   1.947   -57.70380    0.00025    0.00101     109       4
     110   1.961   -57.70378    0.00025    0.00025     110       1
     111   1.964   -57.70378    0.00025    0.00122     111       5
     112   1.967   -57.70377    0.00024    0.00195     112       8
     113   1.977   -57.70375    0.00024    0.00024     113       1
     114   1.981   -57.70375    0.00024    0.00047     114       2
     115   1.986   -57.70374    0.00024    0.00283     115      12
     116   1.989   -57.70374    0.00023    0.00023     116       1
     117   1.998   -57.70372    0.00023    0.00486     117      21
     118   1.998   -57.70372    0.00023    0.00208     118       9
     119   2.001   -57.70372    0.00023    0.00323     119      14
     120   2.007   -57.70371    0.00023    0.00023     120       1
     121   2.011   -57.70370    0.00023    0.00158     121       7
     122   2.014   -57.70370    0.00023    0.00338     122      15
     123   2.016   -57.70369    0.00022    0.00112     123       5
     124   2.013   -57.70370    0.00023    0.00202     124       9
     125   2.025   -57.70368    0.00022    0.00111     125       5
     126   2.027   -57.70367    0.00022    0.00022     126       1
     127   2.028   -57.70367    0.00022    0.00044     127       2
     128   2.032   -57.70367    0.00022    0.00022     128       1
     129   2.015   -57.70369    0.00022    0.00066     129       3
     130   2.032   -57.70367    0.00022    0.00022     130       1
     131   2.032   -57.70367    0.00022    0.00219     131      10
     132   2.035   -57.70366    0.00022    0.00022     132       1
     133   2.042   -57.70365    0.00021    0.00087     133       4
     134   2.043   -57.70365    0.00021    0.00021     134       1
     135   2.036   -57.70366    0.00022    0.00065     135       3
     136   2.043   -57.70365    0.00021    0.00021     136       1
     137   2.044   -57.70365    0.00021    0.00021     137       1
     138   2.046   -57.70364    0.00021    0.00064     138       3
     139   2.049   -57.70364    0.00021    0.00085     139       4
     140   2.049   -57.70364    0.00021    0.00255     140      12
     141   2.050   -57.70364    0.00021    0.00021     141       1
     142   2.053   -57.70363    0.00021    0.00063     142       3
     143   2.055   -57.70363    0.00021    0.00147     143       7
     144   2.057   -57.70363    0.00021    0.00126     144       6
     145   2.060   -57.70362    0.00021    0.00021     145       1
     146   2.062   -57.70362    0.00021    0.00062     146       3
     147   2.058   -57.70363    0.00021    0.00021     147       1
     148   2.064   -57.70362    0.00021    0.00021     148       1
     149   2.064   -57.70362    0.00021    0.00041     149       2
     150   2.073   -57.70360    0.00020    0.00020     150       1
     151   2.077   -57.70359    0.00020    0.00101     151       5
     152   2.081   -57.70359    0.00020    0.00020     152       1
     153   2.084   -57.70358    0.00020    0.00300     153      15
     154   2.088   -57.70358    0.00020    0.00099     154       5
     155   2.090   -57.70357    0.00020    0.00059     155       3
     156   2.091   -57.70357    0.00020    0.00099     156       5
     157   2.093   -57.70357    0.00020    0.00020     157       1
     158   2.094   -57.70357    0.00020    0.00216     158      11
     159   2.105   -57.70355    0.00019    0.00019     159       1
     160   2.110   -57.70354    0.00019    0.00230     160      12
     161   2.116   -57.70353    0.00019    0.00095     161       5
     162   2.119   -57.70353    0.00019    0.00019     162       1
     163   2.119   -57.70353    0.00019    0.00075     163       4
     164   2.124   -57.70352    0.00019    0.00056     164       3
     165   2.128   -57.70351    0.00019    0.00167     165       9
     166   2.130   -57.70351    0.00019    0.00019     166       1
     167   2.132   -57.70351    0.00018    0.00092     167       5
     168   2.144   -57.70349    0.00018    0.00018     168       1
     169   2.138   -57.70350    0.00018    0.00037     169       2
     170   2.145   -57.70349    0.00018    0.00018     170       1
     171   2.145   -57.70349    0.00018    0.00036     171       2
     172   2.146   -57.70349    0.00018    0.00018     172       1
     173   2.166   -57.70345    0.00017    0.00017     173       1
     174   2.169   -57.70345    0.00017    0.00277     174      16
     175   2.174   -57.70344    0.00017    0.00189     175      11
     176   2.176   -57.70344    0.00017    0.00257     176      15
     177   2.185   -57.70342    0.00017    0.00017     177       1
     178   2.185   -57.70342    0.00017    0.00017     178       1
     179   2.185   -57.70342    0.00017    0.00236     179      14
     180   2.186   -57.70342    0.00017    0.00118     180       7
     181   2.196   -57.70341    0.00017    0.00182     181      11
     182   2.196   -57.70341    0.00017    0.00149     182       9
     183   2.202   -57.70340    0.00016    0.00016     183       1
     184   2.217   -57.70337    0.00016    0.00096     184       6
     185   2.218   -57.70337    0.00016    0.00048     185       3
     186   2.219   -57.70337    0.00016    0.00016     186       1
     187   2.219   -57.70337    0.00016    0.00127     187       8
     188   2.220   -57.70337    0.00016    0.00317     188      20
     189   2.234   -57.70335    0.00016    0.00233     189      15
     190   2.237   -57.70334    0.00015    0.00108     190       7
     191   2.239   -57.70334    0.00015    0.00077     191       5
     192   2.240   -57.70334    0.00015    0.00138     192       9
     193   2.244   -57.70333    0.00015    0.00015     193       1
     194   2.244   -57.70333    0.00015    0.00274     194      18
     195   2.250   -57.70332    0.00015    0.00046     195       3
     196   2.247   -57.70332    0.00015    0.00091     196       6
     197   2.254   -57.70331    0.00015    0.00180     197      12
     198   2.260   -57.70330    0.00015    0.00030     198       2
     199   2.266   -57.70329    0.00015    0.00015     199       1
     200   2.266   -57.70329    0.00015    0.00206     200      14
     201   2.268   -57.70329    0.00015    0.00073     201       5
     202   2.269   -57.70329    0.00015    0.00015     202       1
     203   2.269   -57.70329    0.00015    0.00176     203      12
     204   2.270   -57.70329    0.00015    0.00161     204      11
     205   2.271   -57.70329    0.00015    0.00029     205       2
     206   2.278   -57.70328    0.00014    0.00014     206       1
     207   2.280   -57.70327    0.00014    0.00029     207       2
     208   2.269   -57.70329    0.00015    0.00015     208       1
     209   2.279   -57.70327    0.00014    0.00014     209       1
     210   2.299   -57.70324    0.00014    0.00125     210       9
     211   2.301   -57.70324    0.00014    0.00111     211       8
     212   2.303   -57.70323    0.00014    0.00014     212       1
     213   2.303   -57.70323    0.00014    0.00055     213       4
     214   2.310   -57.70322    0.00014    0.00055     214       4
     215   2.311   -57.70322    0.00014    0.00014     215       1
     216   2.314   -57.70322    0.00014    0.00014     216       1
     217   2.319   -57.70321    0.00013    0.00135     217      10
     218   2.322   -57.70321    0.00013    0.00067     218       5
     219   2.323   -57.70320    0.00013    0.00107     219       8
     220   2.326   -57.70320    0.00013    0.00013     220       1
     221   2.326   -57.70320    0.00013    0.00186     221      14
     222   2.335   -57.70318    0.00013    0.00013     222       1
     223   2.337   -57.70318    0.00013    0.00013     223       1
     224   2.340   -57.70318    0.00013    0.00026     224       2
     225   2.340   -57.70318    0.00013    0.00169     225      13
     226   2.344   -57.70317    0.00013    0.00026     226       2
     227   2.348   -57.70316    0.00013    0.00013     227       1
     228   2.326   -57.70320    0.00013    0.00026     228       2
     229   2.351   -57.70316    0.00013    0.00102     229       8
     230   2.352   -57.70316    0.00013    0.00013     230       1
     231   2.353   -57.70316    0.00013    0.00025     231       2
     232   2.354   -57.70315    0.00013    0.00025     232       2
     233   2.354   -57.70315    0.00013    0.00025     233       2
     234   2.354   -57.70315    0.00013    0.00152     234      12
     235   2.361   -57.70314    0.00013    0.00013     235       1
     236   2.361   -57.70314    0.00013    0.00051     236       4
     237   2.362   -57.70314    0.00013    0.00113     237       9
     238   2.364   -57.70314    0.00012    0.00012     238       1
     239   2.364   -57.70314    0.00012    0.00025     239       2
     240   2.365   -57.70314    0.00012    0.00025     240       2
     241   2.371   -57.70313    0.00012    0.00025     241       2
     242   2.379   -57.70311    0.00012    0.00195     242      16
     243   2.379   -57.70311    0.00012    0.00158     243      13
     244   2.381   -57.70311    0.00012    0.00036     244       3
     245   2.379   -57.70311    0.00012    0.00036     245       3
     246   2.385   -57.70310    0.00012    0.00012     246       1
     247   2.385   -57.70310    0.00012    0.00024     247       2
     248   2.386   -57.70310    0.00012    0.00132     248      11
     249   2.386   -57.70310    0.00012    0.00084     249       7
     250   2.386   -57.70310    0.00012    0.00012     250       1
     251   2.387   -57.70310    0.00012    0.00048     251       4
     252   2.390   -57.70310    0.00012    0.00024     252       2
     253   2.391   -57.70310    0.00012    0.00012     253       1
     254   2.391   -57.70310    0.00012    0.00024     254       2
     255   2.391   -57.70309    0.00012    0.00095     255       8
     256   2.397   -57.70309    0.00012    0.00024     256       2
     257   2.397   -57.70308    0.00012    0.00047     257       4
     258   2.400   -57.70308    0.00012    0.00012     258       1
     259   2.402   -57.70308    0.00012    0.00035     259       3
     260   2.388   -57.70310    0.00012    0.00024     260       2
     261   2.389   -57.70310    0.00012    0.00035     261       3
     262   2.405   -57.70307    0.00012    0.00012     262       1
     263   2.405   -57.70307    0.00012    0.00012     263       1
     264   2.405   -57.70307    0.00012    0.00070     264       6
     265   2.406   -57.70307    0.00012    0.00012     265       1
     266   2.407   -57.70307    0.00012    0.00070     266       6
     267   2.409   -57.70307    0.00012    0.00023     267       2
     268   2.410   -57.70307    0.00012    0.00161     268      14
     269   2.419   -57.70305    0.00011    0.00011     269       1
     270   2.419   -57.70305    0.00011    0.00011     270       1
     271   2.419   -57.70305    0.00011    0.00023     271       2
     272   2.419   -57.70305    0.00011    0.00023     272       2
     273   2.419   -57.70305    0.00011    0.00023     273       2
     274   2.423   -57.70304    0.00011    0.00034     274       3
     275   2.424   -57.70304    0.00011    0.00023     275       2
     276   2.419   -57.70305    0.00011    0.00068     276       6
     277   2.425   -57.70304    0.00011    0.00022     277       2
     278   2.428   -57.70304    0.00011    0.00079     278       7
     279   2.428   -57.70304    0.00011    0.00145     279      13
     280   2.433   -57.70303    0.00011    0.00077     280       7
     281   2.444   -57.70301    0.00011    0.00023     281       2
     282   2.444   -57.70301    0.00011    0.00011     282       1
     283   2.444   -57.70301    0.00011    0.00011     283       1
     284   2.444   -57.70301    0.00011    0.00131     284      12
     285   2.449   -57.70300    0.00011    0.00022     285       2
     286   2.450   -57.70300    0.00011    0.00032     286       3
     287   2.449   -57.70300    0.00011    0.00032     287       3
     288   2.453   -57.70300    0.00011    0.00011     288       1
     289   2.458   -57.70299    0.00011    0.00075     289       7
     290   2.462   -57.70298    0.00011    0.00095     290       9
     291   2.464   -57.70298    0.00011    0.00021     291       2
     292   2.467   -57.70297    0.00011    0.00052     292       5
     293   2.469   -57.70297    0.00010    0.00010     293       1
     294   2.469   -57.70297    0.00010    0.00010     294       1
     295   2.473   -57.70296    0.00010    0.00010     295       1
     296   2.475   -57.70296    0.00010    0.00010     296       1
     297   2.482   -57.70295    0.00010    0.00061     297       6
     298   2.484   -57.70295    0.00010    0.00092     298       9
     299   2.485   -57.70295    0.00010    0.00030     299       3
     300   2.490   -57.70294    0.00010    0.00010     300       1
     301   2.490   -57.70294    0.00010    0.00081     301       8
     302   2.489   -57.70294    0.00010    0.00020     302       2
     303   2.494   -57.70293    0.00010    0.00010     303       1
     304   2.494   -57.70293    0.00010    0.00010     304       1
     305   2.495   -57.70293    0.00010    0.00010     305       1
     306   2.500   -57.70292    0.00010    0.00020     306       2
     307   2.502   -57.70292    0.00010    0.00069     307       7
     308   2.507   -57.70291    0.00010    0.00020     308       2
     309   2.508   -57.70291    0.00010    0.00176     309      18
     310   2.511   -57.70290    0.00010    0.00010     310       1
     311   2.511   -57.70290    0.00010    0.00039     311       4
     312   2.512   -57.70290    0.00010    0.00029     312       3
     313   2.516   -57.70290    0.00010    0.00135     313      14
     314   2.512   -57.70290    0.00010    0.00106     314      11
     315   2.528   -57.70288    0.00009    0.00009     315       1
     316   2.530   -57.70287    0.00009    0.00009     316       1
     317   2.532   -57.70287    0.00009    0.00009     317       1
     318   2.521   -57.70289    0.00010    0.00077     318       8
     319   2.534   -57.70287    0.00009    0.00058     319       6
     320   2.534   -57.70287    0.00009    0.00009     320       1
     321   2.534   -57.70287    0.00009    0.00066     321       7
     322   2.535   -57.70287    0.00009    0.00075     322       8
     323   2.538   -57.70286    0.00009    0.00009     323       1
     324   2.539   -57.70286    0.00009    0.00009     324       1
     325   2.540   -57.70286    0.00009    0.00009     325       1
     326   2.541   -57.70286    0.00009    0.00009     326       1
     327   2.544   -57.70285    0.00009    0.00009     327       1
     328   2.545   -57.70285    0.00009    0.00009     328       1
     329   2.547   -57.70285    0.00009    0.00101     329      11
     330   2.551   -57.70284    0.00009    0.00009     330       1
     331   2.551   -57.70284    0.00009    0.00055     331       6
     332   2.553   -57.70284    0.00009    0.00009     332       1
     333   2.553   -57.70284    0.00009    0.00054     333       6
     334   2.551   -57.70284    0.00009    0.00063     334       7
     335   2.560   -57.70283    0.00009    0.00027     335       3
     336   2.561   -57.70282    0.00009    0.00081     336       9
     337   2.559   -57.70283    0.00009    0.00009     337       1
     338   2.572   -57.70281    0.00009    0.00105     338      12
     339   2.578   -57.70280    0.00009    0.00061     339       7
     340   2.588   -57.70278    0.00009    0.00060     340       7
     341   2.588   -57.70278    0.00009    0.00009     341       1
     342   2.588   -57.70278    0.00009    0.00043     342       5
     343   2.589   -57.70278    0.00009    0.00017     343       2
     344   2.591   -57.70278    0.00009    0.00111     344      13
     345   2.593   -57.70277    0.00008    0.00043     345       5
     346   2.582   -57.70279    0.00009    0.00017     346       2
     347   2.583   -57.70279    0.00009    0.00043     347       5
     348   2.593   -57.70277    0.00008    0.00102     348      12
     349   2.594   -57.70277    0.00008    0.00008     349       1
     350   2.596   -57.70277    0.00008    0.00008     350       1
     351   2.597   -57.70277    0.00008    0.00067     351       8
     352   2.598   -57.70276    0.00008    0.00034     352       4
     353   2.602   -57.70276    0.00008    0.00008     353       1
     354   2.607   -57.70275    0.00008    0.00033     354       4
     355   2.611   -57.70274    0.00008    0.00008     355       1
     356   2.607   -57.70275    0.00008    0.00016     356       2
     357   2.615   -57.70274    0.00008    0.00008     357       1
     358   2.615   -57.70274    0.00008    0.00016     358       2
     359   2.615   -57.70274    0.00008    0.00025     359       3
     360   2.615   -57.70274    0.00008    0.00008     360       1
     361   2.615   -57.70274    0.00008    0.00114     361      14
     362   2.617   -57.70274    0.00008    0.00033     362       4
     363   2.617   -57.70273    0.00008    0.00073     363       9
     364   2.621   -57.70273    0.00008    0.00008     364       1
     365   2.621   -57.70273    0.00008    0.00008     365       1
     366   2.621   -57.70273    0.00008    0.00033     366       4
     367   2.623   -57.70273    0.00008    0.00081     367      10
     368   2.624   -57.70272    0.00008    0.00064     368       8
     369   2.625   -57.70272    0.00008    0.00024     369       3
     370   2.626   -57.70272    0.00008    0.00072     370       9
     371   2.629   -57.70272    0.00008    0.00016     371       2
     372   2.630   -57.70271    0.00008    0.00008     372       1
     373   2.617   -57.70274    0.00008    0.00008     373       1
     374   2.631   -57.70271    0.00008    0.00024     374       3
     375   2.621   -57.70273    0.00008    0.00024     375       3
     376   2.634   -57.70271    0.00008    0.00008     376       1
     377   2.630   -57.70271    0.00008    0.00016     377       2
     378   2.638   -57.70270    0.00008    0.00016     378       2
     379   2.639   -57.70270    0.00008    0.00047     379       6
     380   2.640   -57.70270    0.00008    0.00031     380       4
     381   2.640   -57.70270    0.00008    0.00102     381      13
     382   2.641   -57.70270    0.00008    0.00070     382       9
     383   2.641   -57.70270    0.00008    0.00008     383       1
     384   2.639   -57.70270    0.00008    0.00031     384       4
     385   2.645   -57.70269    0.00008    0.00008     385       1
     386   2.645   -57.70269    0.00008    0.00101     386      13
     387   2.646   -57.70269    0.00008    0.00085     387      11
     388   2.647   -57.70269    0.00008    0.00008     388       1
     389   2.647   -57.70269    0.00008    0.00093     389      12
     390   2.650   -57.70268    0.00008    0.00015     390       2
     391   2.651   -57.70268    0.00008    0.00069     391       9
     392   2.654   -57.70268    0.00008    0.00008     392       1
     393   2.659   -57.70267    0.00008    0.00008     393       1
     394   2.661   -57.70266    0.00008    0.00023     394       3
     395   2.661   -57.70267    0.00008    0.00008     395       1
     396   2.662   -57.70266    0.00008    0.00008     396       1
     397   2.662   -57.70266    0.00008    0.00075     397      10
     398   2.664   -57.70266    0.00008    0.00098     398      13
     399   2.669   -57.70265    0.00007    0.00007     399       1
     400   2.671   -57.70265    0.00007    0.00007     400       1
     401   2.671   -57.70265    0.00007    0.00015     401       2
     402   2.664   -57.70266    0.00008    0.00015     402       2
     403   2.671   -57.70265    0.00007    0.00030     403       4
     404   2.671   -57.70265    0.00007    0.00059     404       8
     405   2.672   -57.70265    0.00007    0.00007     405       1
     406   2.672   -57.70265    0.00007    0.00074     406      10
     407   2.674   -57.70264    0.00007    0.00081     407      11
     408   2.674   -57.70264    0.00007    0.00015     408       2
     409   2.675   -57.70264    0.00007    0.00030     409       4
     410   2.675   -57.70264    0.00007    0.00066     410       9
     411   2.675   -57.70264    0.00007    0.00007     411       1
     412   2.675   -57.70264    0.00007    0.00007     412       1
     413   2.675   -57.70264    0.00007    0.00103     413      14
     414   2.676   -57.70264    0.00007    0.00007     414       1
     415   2.680   -57.70263    0.00007    0.00096     415      13
     416   2.680   -57.70263    0.00007    0.00007     416       1
     417   2.680   -57.70263    0.00007    0.00007     417       1
     418   2.680   -57.70263    0.00007    0.00066     418       9
     419   2.668   -57.70265    0.00007    0.00022     419       3
     420   2.684   -57.70263    0.00007    0.00051     420       7
     421   2.687   -57.70262    0.00007    0.00007     421       1
     422   2.687   -57.70262    0.00007    0.00007     422       1
     423   2.689   -57.70262    0.00007    0.00014     423       2
     424   2.689   -57.70262    0.00007    0.00007     424       1
     425   2.689   -57.70262    0.00007    0.00050     425       7
     426   2.689   -57.70262    0.00007    0.00022     426       3
     427   2.691   -57.70262    0.00007    0.00093     427      13
     428   2.694   -57.70261    0.00007    0.00014     428       2
     429   2.684   -57.70263    0.00007    0.00007     429       1
     430   2.694   -57.70261    0.00007    0.00007     430       1
     431   2.694   -57.70261    0.00007    0.00014     431       2
     432   2.695   -57.70261    0.00007    0.00014     432       2
     433   2.692   -57.70262    0.00007    0.00093     433      13
     434   2.698   -57.70261    0.00007    0.00007     434       1
     435   2.698   -57.70261    0.00007    0.00007     435       1
     436   2.699   -57.70260    0.00007    0.00007     436       1
     437   2.699   -57.70260    0.00007    0.00014     437       2
     438   2.701   -57.70260    0.00007    0.00014     438       2
     439   2.701   -57.70260    0.00007    0.00007     439       1
     440   2.700   -57.70260    0.00007    0.00021     440       3
     441   2.700   -57.70260    0.00007    0.00007     441       1
     442   2.701   -57.70260    0.00007    0.00014     442       2
     443   2.702   -57.70260    0.00007    0.00042     443       6
     444   2.706   -57.70259    0.00007    0.00035     444       5
     445   2.704   -57.70260    0.00007    0.00007     445       1
     446   2.692   -57.70262    0.00007    0.00007     446       1
     447   2.705   -57.70259    0.00007    0.00021     447       3
     448   2.705   -57.70259    0.00007    0.00007     448       1
     449   2.706   -57.70259    0.00007    0.00021     449       3
     450   2.710   -57.70259    0.00007    0.00021     450       3
     451   2.713   -57.70258    0.00007    0.00056     451       8
     452   2.717   -57.70258    0.00007    0.00007     452       1
     453   2.720   -57.70257    0.00007    0.00021     453       3
     454   2.717   -57.70257    0.00007    0.00041     454       6
     455   2.725   -57.70256    0.00007    0.00021     455       3
     456   2.725   -57.70256    0.00007    0.00007     456       1
     457   2.725   -57.70256    0.00007    0.00020     457       3
     458   2.715   -57.70258    0.00007    0.00014     458       2
     459   2.725   -57.70256    0.00007    0.00007     459       1
     460   2.725   -57.70256    0.00007    0.00007     460       1
     461   2.726   -57.70256    0.00007    0.00014     461       2
     462   2.726   -57.70256    0.00007    0.00007     462       1
     463   2.726   -57.70256    0.00007    0.00014     463       2
     464   2.727   -57.70256    0.00007    0.00014     464       2
     465   2.727   -57.70256    0.00007    0.00083     465      12
     466   2.712   -57.70258    0.00007    0.00027     466       4
     467   2.736   -57.70255    0.00007    0.00060     467       9
     468   2.737   -57.70254    0.00007    0.00027     468       4
     469   2.734   -57.70255    0.00007    0.00013     469       2
     470   2.738   -57.70254    0.00007    0.00027     470       4
     471   2.739   -57.70254    0.00007    0.00020     471       3
     472   2.692   -57.70262    0.00007    0.00034     472       5
     473   2.736   -57.70254    0.00007    0.00020     473       3
     474   2.741   -57.70254    0.00007    0.00007     474       1
     475   2.737   -57.70254    0.00007    0.00007     475       1
     476   2.743   -57.70253    0.00007    0.00007     476       1
     477   2.743   -57.70253    0.00007    0.00007     477       1
     478   2.743   -57.70253    0.00007    0.00007     478       1
     479   2.743   -57.70253    0.00007    0.00007     479       1
     480   2.744   -57.70253    0.00007    0.00033     480       5
     481   2.746   -57.70253    0.00007    0.00007     481       1
     482   2.747   -57.70253    0.00007    0.00039     482       6
     483   2.748   -57.70253    0.00007    0.00007     483       1
     484   2.749   -57.70252    0.00007    0.00026     484       4
     485   2.750   -57.70252    0.00007    0.00020     485       3
     486   2.750   -57.70252    0.00007    0.00007     486       1
     487   2.753   -57.70252    0.00006    0.00013     487       2
     488   2.749   -57.70252    0.00007    0.00013     488       2
     489   2.757   -57.70251    0.00006    0.00006     489       1
     490   2.763   -57.70250    0.00006    0.00006     490       1
     491   2.764   -57.70250    0.00006    0.00006     491       1
     492   2.764   -57.70250    0.00006    0.00006     492       1
     493   2.765   -57.70250    0.00006    0.00038     493       6
     494   2.768   -57.70249    0.00006    0.00006     494       1
     495   2.768   -57.70249    0.00006    0.00032     495       5
     496   2.769   -57.70249    0.00006    0.00006     496       1
     497   2.770   -57.70249    0.00006    0.00013     497       2
     498   2.772   -57.70249    0.00006    0.00006     498       1
     499   2.773   -57.70249    0.00006    0.00050     499       8
     500   2.774   -57.70248    0.00006    0.00025     500       4
     501   2.777   -57.70248    0.00006    0.00006     501       1
     502   2.777   -57.70248    0.00006    0.00019     502       3
     503   2.777   -57.70248    0.00006    0.00006     503       1
     504   2.777   -57.70248    0.00006    0.00075     504      12
     505   2.778   -57.70248    0.00006    0.00012     505       2
     506   2.779   -57.70248    0.00006    0.00006     506       1
     507   2.776   -57.70248    0.00006    0.00031     507       5
     508   2.781   -57.70247    0.00006    0.00080     508      13
     509   2.782   -57.70247    0.00006    0.00012     509       2
     510   2.783   -57.70247    0.00006    0.00068     510      11
     511   2.783   -57.70247    0.00006    0.00055     511       9
     512   2.782   -57.70247    0.00006    0.00006     512       1
     513   2.785   -57.70247    0.00006    0.00006     513       1
     514   2.786   -57.70247    0.00006    0.00073     514      12
     515   2.790   -57.70246    0.00006    0.00030     515       5
     516   2.787   -57.70246    0.00006    0.00018     516       3
     517   2.793   -57.70245    0.00006    0.00018     517       3
     518   2.793   -57.70245    0.00006    0.00006     518       1
     519   2.793   -57.70245    0.00006    0.00006     519       1
     520   2.790   -57.70246    0.00006    0.00006     520       1
     521   2.794   -57.70245    0.00006    0.00012     521       2
     522   2.794   -57.70245    0.00006    0.00073     522      12
     523   2.789   -57.70246    0.00006    0.00012     523       2
     524   2.800   -57.70244    0.00006    0.00012     524       2
     525   2.795   -57.70245    0.00006    0.00006     525       1
     526   2.793   -57.70245    0.00006    0.00006     526       1
     527   2.801   -57.70244    0.00006    0.00006     527       1
     528   2.802   -57.70244    0.00006    0.00012     528       2
     529   2.803   -57.70244    0.00006    0.00018     529       3
     530   2.804   -57.70244    0.00006    0.00012     530       2
     531   2.803   -57.70244    0.00006    0.00065     531      11
     532   2.808   -57.70243    0.00006    0.00012     532       2
     533   2.808   -57.70243    0.00006    0.00012     533       2
     534   2.799   -57.70244    0.00006    0.00030     534       5
     535   2.809   -57.70243    0.00006    0.00047     535       8
     536   2.813   -57.70242    0.00006    0.00018     536       3
     537   2.814   -57.70242    0.00006    0.00006     537       1
     538   2.815   -57.70242    0.00006    0.00058     538      10
     539   2.820   -57.70241    0.00006    0.00006     539       1
     540   2.821   -57.70241    0.00006    0.00017     540       3
     541   2.822   -57.70241    0.00006    0.00029     541       5
     542   2.823   -57.70241    0.00006    0.00040     542       7
     543   2.826   -57.70240    0.00006    0.00011     543       2
     544   2.826   -57.70240    0.00006    0.00017     544       3
     545   2.831   -57.70239    0.00006    0.00045     545       8
     546   2.833   -57.70239    0.00006    0.00017     546       3
     547   2.825   -57.70240    0.00006    0.00011     547       2
     548   2.833   -57.70239    0.00006    0.00011     548       2
     549   2.835   -57.70239    0.00006    0.00011     549       2
     550   2.818   -57.70241    0.00006    0.00006     550       1
     551   2.833   -57.70239    0.00006    0.00017     551       3
     552   2.836   -57.70239    0.00006    0.00011     552       2
     553   2.836   -57.70239    0.00006    0.00051     553       9
     554   2.839   -57.70238    0.00006    0.00084     554      15
     555   2.842   -57.70238    0.00006    0.00011     555       2
     556   2.842   -57.70238    0.00006    0.00039     556       7
     557   2.843   -57.70237    0.00006    0.00033     557       6
     558   2.842   -57.70238    0.00006    0.00061     558      11
     559   2.846   -57.70237    0.00006    0.00006     559       1
     560   2.846   -57.70237    0.00006    0.00006     560       1
     561   2.846   -57.70237    0.00006    0.00006     561       1
     562   2.846   -57.70237    0.00006    0.00072     562      13
     563   2.851   -57.70236    0.00005    0.00022     563       4
     564   2.851   -57.70236    0.00005    0.00066     564      12
     565   2.851   -57.70236    0.00005    0.00005     565       1
     566   2.852   -57.70236    0.00005    0.00011     566       2
     567   2.855   -57.70236    0.00005    0.00016     567       3
     568   2.856   -57.70235    0.00005    0.00005     568       1
     569   2.841   -57.70238    0.00006    0.00006     569       1
     570   2.846   -57.70237    0.00006    0.00016     570       3
     571   2.853   -57.70236    0.00005    0.00005     571       1
     572   2.864   -57.70234    0.00005    0.00005     572       1
     573   2.820   -57.70241    0.00006    0.00011     573       2
     574   2.867   -57.70234    0.00005    0.00016     574       3
     575   2.867   -57.70234    0.00005    0.00016     575       3
     576   2.868   -57.70234    0.00005    0.00011     576       2
     577   2.868   -57.70234    0.00005    0.00043     577       8
     578   2.871   -57.70233    0.00005    0.00016     578       3
     579   2.868   -57.70234    0.00005    0.00011     579       2
     580   2.873   -57.70233    0.00005    0.00026     580       5
     581   2.874   -57.70233    0.00005    0.00042     581       8
     582   2.874   -57.70233    0.00005    0.00042     582       8
     583   2.880   -57.70232    0.00005    0.00005     583       1
     584   2.876   -57.70232    0.00005    0.00021     584       4
     585   2.881   -57.70231    0.00005    0.00005     585       1
     586   2.881   -57.70231    0.00005    0.00010     586       2
     587   2.881   -57.70231    0.00005    0.00010     587       2
     588   2.882   -57.70231    0.00005    0.00010     588       2
     589   2.882   -57.70231    0.00005    0.00042     589       8
     590   2.877   -57.70232    0.00005    0.00010     590       2
     591   2.887   -57.70230    0.00005    0.00005     591       1
     592   2.877   -57.70232    0.00005    0.00010     592       2
     593   2.888   -57.70230    0.00005    0.00005     593       1
     594   2.890   -57.70230    0.00005    0.00010     594       2
     595   2.890   -57.70230    0.00005    0.00005     595       1
     596   2.891   -57.70230    0.00005    0.00062     596      12
     597   2.891   -57.70230    0.00005    0.00005     597       1
     598   2.893   -57.70230    0.00005    0.00005     598       1
     599   2.896   -57.70229    0.00005    0.00015     599       3
     600   2.897   -57.70229    0.00005    0.00010     600       2
     601   2.897   -57.70229    0.00005    0.00020     601       4
     602   2.898   -57.70229    0.00005    0.00036     602       7
     603   2.897   -57.70229    0.00005    0.00005     603       1
     604   2.901   -57.70228    0.00005    0.00035     604       7
     605   2.902   -57.70228    0.00005    0.00025     605       5
     606   2.903   -57.70228    0.00005    0.00005     606       1
     607   2.904   -57.70228    0.00005    0.00015     607       3
     608   2.905   -57.70228    0.00005    0.00045     608       9
     609   2.908   -57.70227    0.00005    0.00005     609       1
     610   2.913   -57.70226    0.00005    0.00030     610       6
     611   2.913   -57.70226    0.00005    0.00005     611       1
     612   2.914   -57.70226    0.00005    0.00005     612       1
     613   2.914   -57.70226    0.00005    0.00010     613       2
     614   2.915   -57.70226    0.00005    0.00025     614       5
     615   2.918   -57.70226    0.00005    0.00005     615       1
     616   2.918   -57.70225    0.00005    0.00005     616       1
     617   2.919   -57.70225    0.00005    0.00020     617       4
     618   2.921   -57.70225    0.00005    0.00024     618       5
     619   2.922   -57.70225    0.00005    0.00005     619       1
     620   2.922   -57.70225    0.00005    0.00005     620       1
     621   2.922   -57.70225    0.00005    0.00005     621       1
     622   2.923   -57.70225    0.00005    0.00049     622      10
     623   2.923   -57.70225    0.00005    0.00010     623       2
     624   2.924   -57.70225    0.00005    0.00048     624      10
     625   2.923   -57.70225    0.00005    0.00039     625       8
     626   2.925   -57.70224    0.00005    0.00005     626       1
     627   2.930   -57.70224    0.00005    0.00005     627       1
     628   2.930   -57.70224    0.00005    0.00005     628       1
     629   2.923   -57.70225    0.00005    0.00005     629       1
     630   2.930   -57.70224    0.00005    0.00005     630       1
     631   2.930   -57.70224    0.00005    0.00014     631       3
     632   2.923   -57.70225    0.00005    0.00005     632       1
     633   2.930   -57.70224    0.00005    0.00005     633       1
     634   2.931   -57.70223    0.00005    0.00014     634       3
     635   2.933   -57.70223    0.00005    0.00005     635       1
     636   2.934   -57.70223    0.00005    0.00005     636       1
     637   2.932   -57.70223    0.00005    0.00005     637       1
     638   2.938   -57.70222    0.00005    0.00043     638       9
     639   2.939   -57.70222    0.00005    0.00005     639       1
     640   2.940   -57.70222    0.00005    0.00028     640       6
     641   2.941   -57.70222    0.00005    0.00009     641       2
     642   2.942   -57.70222    0.00005    0.00047     642      10
     643   2.946   -57.70221    0.00005    0.00005     643       1
     644   2.948   -57.70221    0.00005    0.00005     644       1
     645   2.948   -57.70221    0.00005    0.00005     645       1
     646   2.949   -57.70221    0.00005    0.00005     646       1
     647   2.950   -57.70220    0.00005    0.00019     647       4
     648   2.950   -57.70220    0.00005    0.00005     648       1
     649   2.951   -57.70220    0.00005    0.00037     649       8
     650   2.951   -57.70220    0.00005    0.00009     650       2
     651   2.951   -57.70220    0.00005    0.00005     651       1
     652   2.951   -57.70220    0.00005    0.00037     652       8
     653   2.952   -57.70220    0.00005    0.00037     653       8
     654   2.954   -57.70220    0.00005    0.00005     654       1
     655   2.954   -57.70220    0.00005    0.00005     655       1
     656   2.954   -57.70220    0.00005    0.00005     656       1
     657   2.954   -57.70220    0.00005    0.00005     657       1
     658   2.955   -57.70220    0.00005    0.00009     658       2
     659   2.951   -57.70220    0.00005    0.00009     659       2
     660   2.955   -57.70220    0.00005    0.00009     660       2
     661   2.956   -57.70220    0.00005    0.00009     661       2
     662   2.956   -57.70219    0.00005    0.00041     662       9
     663   2.954   -57.70220    0.00005    0.00009     663       2
     664   2.960   -57.70219    0.00005    0.00009     664       2
     665   2.960   -57.70219    0.00005    0.00009     665       2
     666   2.960   -57.70219    0.00005    0.00005     666       1
     667   2.961   -57.70219    0.00005    0.00046     667      10
     668   2.963   -57.70218    0.00005    0.00014     668       3
     669   2.962   -57.70219    0.00005    0.00027     669       6
     670   2.964   -57.70218    0.00005    0.00005     670       1
     671   2.963   -57.70218    0.00005    0.00036     671       8
     672   2.964   -57.70218    0.00005    0.00005     672       1
     673   2.963   -57.70218    0.00005    0.00005     673       1
     674   2.965   -57.70218    0.00005    0.00018     674       4
     675   2.966   -57.70218    0.00005    0.00014     675       3
     676   2.966   -57.70218    0.00005    0.00027     676       6
     677   2.966   -57.70218    0.00005    0.00005     677       1
     678   2.970   -57.70217    0.00004    0.00014     678       3
     679   2.970   -57.70217    0.00004    0.00009     679       2
     680   2.971   -57.70217    0.00004    0.00004     680       1
     681   2.971   -57.70217    0.00004    0.00027     681       6
     682   2.972   -57.70217    0.00004    0.00036     682       8
     683   2.972   -57.70217    0.00004    0.00004     683       1
     684   2.974   -57.70217    0.00004    0.00013     684       3
     685   2.977   -57.70216    0.00004    0.00004     685       1
     686   2.977   -57.70216    0.00004    0.00013     686       3
     687   2.977   -57.70216    0.00004    0.00013     687       3
     688   2.977   -57.70216    0.00004    0.00004     688       1
     689   2.977   -57.70216    0.00004    0.00004     689       1
     690   2.977   -57.70216    0.00004    0.00004     690       1
     691   2.977   -57.70216    0.00004    0.00004     691       1
     692   2.977   -57.70216    0.00004    0.00067     692      15
     693   2.980   -57.70216    0.00004    0.00018     693       4
     694   2.983   -57.70215    0.00004    0.00009     694       2
     695   2.983   -57.70215    0.00004    0.00004     695       1
     696   2.983   -57.70215    0.00004    0.00009     696       2
     697   2.984   -57.70215    0.00004    0.00009     697       2
     698   2.985   -57.70215    0.00004    0.00004     698       1
     699   2.986   -57.70215    0.00004    0.00013     699       3
     700   2.986   -57.70215    0.00004    0.00018     700       4
     701   2.987   -57.70215    0.00004    0.00004     701       1
     702   2.988   -57.70214    0.00004    0.00004     702       1
     703   2.977   -57.70216    0.00004    0.00004     703       1
     704   2.990   -57.70214    0.00004    0.00026     704       6
     705   2.989   -57.70214    0.00004    0.00004     705       1
     706   2.991   -57.70214    0.00004    0.00004     706       1
     707   2.991   -57.70214    0.00004    0.00004     707       1
     708   2.991   -57.70214    0.00004    0.00022     708       5
     709   2.992   -57.70214    0.00004    0.00030     709       7
     710   2.993   -57.70214    0.00004    0.00004     710       1
     711   2.994   -57.70213    0.00004    0.00009     711       2
     712   2.994   -57.70213    0.00004    0.00056     712      13
     713   2.996   -57.70213    0.00004    0.00009     713       2
     714   2.998   -57.70213    0.00004    0.00004     714       1
     715   2.998   -57.70213    0.00004    0.00030     715       7
     716   2.998   -57.70213    0.00004    0.00034     716       8
     717   3.000   -57.70212    0.00004    0.00047     717      11
     718   3.001   -57.70212    0.00004    0.00013     718       3
     719   3.001   -57.70212    0.00004    0.00004     719       1
     720   3.001   -57.70212    0.00004    0.00004     720       1
     721   3.001   -57.70212    0.00004    0.00004     721       1
     722   3.002   -57.70212    0.00004    0.00034     722       8
     723   3.003   -57.70212    0.00004    0.00013     723       3
     724   3.001   -57.70212    0.00004    0.00009     724       2
     725   3.004   -57.70212    0.00004    0.00025     725       6
     726   3.004   -57.70212    0.00004    0.00004     726       1
     727   3.003   -57.70212    0.00004    0.00004     727       1
     728   3.003   -57.70212    0.00004    0.00025     728       6
     729   3.007   -57.70211    0.00004    0.00021     729       5
     730   3.005   -57.70212    0.00004    0.00021     730       5
     731   3.006   -57.70212    0.00004    0.00008     731       2
     732   3.011   -57.70211    0.00004    0.00008     732       2
     733   3.011   -57.70211    0.00004    0.00004     733       1
     734   3.011   -57.70211    0.00004    0.00008     734       2
     735   3.011   -57.70211    0.00004    0.00004     735       1
     736   3.011   -57.70211    0.00004    0.00013     736       3
     737   3.011   -57.70211    0.00004    0.00075     737      18
     738   3.013   -57.70210    0.00004    0.00004     738       1
     739   3.016   -57.70210    0.00004    0.00004     739       1
     740   3.006   -57.70211    0.00004    0.00017     740       4
     741   3.018   -57.70210    0.00004    0.00008     741       2
     742   3.006   -57.70211    0.00004    0.00004     742       1
     743   3.015   -57.70210    0.00004    0.00004     743       1
     744   3.007   -57.70211    0.00004    0.00004     744       1
     745   3.019   -57.70209    0.00004    0.00004     745       1
     746   3.020   -57.70209    0.00004    0.00004     746       1
     747   3.020   -57.70209    0.00004    0.00004     747       1
     748   3.021   -57.70209    0.00004    0.00004     748       1
     749   3.022   -57.70209    0.00004    0.00004     749       1
     750   3.023   -57.70209    0.00004    0.00008     750       2
     751   3.027   -57.70208    0.00004    0.00029     751       7
     752   3.028   -57.70208    0.00004    0.00008     752       2
     753   3.029   -57.70208    0.00004    0.00004     753       1
     754   3.029   -57.70208    0.00004    0.00004     754       1
     755   3.026   -57.70208    0.00004    0.00004     755       1
     756   3.026   -57.70208    0.00004    0.00008     756       2
     757   3.032   -57.70207    0.00004    0.00004     757       1
     758   3.032   -57.70207    0.00004    0.00004     758       1
     759   3.033   -57.70207    0.00004    0.00004     759       1
     760   3.033   -57.70207    0.00004    0.00004     760       1
     761   3.034   -57.70207    0.00004    0.00024     761       6
     762   3.040   -57.70206    0.00004    0.00004     762       1
     763   3.041   -57.70206    0.00004    0.00016     763       4
     764   3.043   -57.70206    0.00004    0.00008     764       2
     765   3.043   -57.70206    0.00004    0.00008     765       2
     766   3.043   -57.70206    0.00004    0.00016     766       4
     767   3.043   -57.70206    0.00004    0.00012     767       3
     768   3.043   -57.70206    0.00004    0.00036     768       9
     769   3.044   -57.70205    0.00004    0.00020     769       5
     770   3.046   -57.70205    0.00004    0.00016     770       4
     771   3.046   -57.70205    0.00004    0.00004     771       1
     772   3.046   -57.70205    0.00004    0.00004     772       1
     773   3.046   -57.70205    0.00004    0.00016     773       4
     774   3.047   -57.70205    0.00004    0.00032     774       8
     775   3.048   -57.70205    0.00004    0.00024     775       6
     776   3.050   -57.70205    0.00004    0.00004     776       1
     777   3.051   -57.70204    0.00004    0.00004     777       1
     778   3.038   -57.70206    0.00004    0.00024     778       6
     779   3.052   -57.70204    0.00004    0.00055     779      14
     780   3.056   -57.70204    0.00004    0.00004     780       1
     781   3.055   -57.70204    0.00004    0.00023     781       6
     782   3.056   -57.70203    0.00004    0.00004     782       1
     783   3.057   -57.70203    0.00004    0.00008     783       2
     784   3.055   -57.70204    0.00004    0.00008     784       2
     785   3.057   -57.70203    0.00004    0.00004     785       1
     786   3.057   -57.70203    0.00004    0.00016     786       4
     787   3.052   -57.70204    0.00004    0.00008     787       2
     788   3.061   -57.70203    0.00004    0.00008     788       2
     789   3.059   -57.70203    0.00004    0.00019     789       5
     790   3.062   -57.70203    0.00004    0.00004     790       1
     791   3.063   -57.70202    0.00004    0.00004     791       1
     792   3.062   -57.70203    0.00004    0.00031     792       8
     793   3.061   -57.70203    0.00004    0.00015     793       4
     794   3.065   -57.70202    0.00004    0.00027     794       7
     795   3.068   -57.70202    0.00004    0.00023     795       6
     796   3.060   -57.70203    0.00004    0.00008     796       2
     797   3.069   -57.70201    0.00004    0.00011     797       3
     798   3.070   -57.70201    0.00004    0.00004     798       1
     799   3.070   -57.70201    0.00004    0.00023     799       6
     800   3.071   -57.70201    0.00004    0.00004     800       1
     801   3.070   -57.70201    0.00004    0.00004     801       1
     802   3.072   -57.70201    0.00004    0.00019     802       5
     803   3.070   -57.70201    0.00004    0.00042     803      11
     804   3.075   -57.70200    0.00004    0.00004     804       1
     805   3.077   -57.70200    0.00004    0.00008     805       2
     806   3.075   -57.70200    0.00004    0.00004     806       1
     807   3.075   -57.70200    0.00004    0.00004     807       1
     808   3.072   -57.70201    0.00004    0.00004     808       1
     809   3.076   -57.70200    0.00004    0.00019     809       5
     810   3.078   -57.70200    0.00004    0.00019     810       5
     811   3.078   -57.70200    0.00004    0.00007     811       2
     812   3.078   -57.70200    0.00004    0.00004     812       1
     813   3.078   -57.70200    0.00004    0.00026     813       7
     814   3.079   -57.70200    0.00004    0.00004     814       1
     815   3.079   -57.70200    0.00004    0.00034     815       9
     816   3.083   -57.70199    0.00004    0.00034     816       9
     817   3.080   -57.70200    0.00004    0.00004     817       1
     818   3.085   -57.70199    0.00004    0.00015     818       4
     819   3.085   -57.70199    0.00004    0.00004     819       1
     820   3.060   -57.70203    0.00004    0.00011     820       3
     821   3.086   -57.70199    0.00004    0.00004     821       1
     822   3.086   -57.70199    0.00004    0.00004     822       1
     823   3.086   -57.70199    0.00004    0.00004     823       1
     824   3.086   -57.70199    0.00004    0.00004     824       1
     825   3.086   -57.70199    0.00004    0.00018     825       5
     826   3.087   -57.70199    0.00004    0.00004     826       1
     827   3.088   -57.70199    0.00004    0.00011     827       3
     828   3.088   -57.70198    0.00004    0.00041     828      11
     829   3.089   -57.70198    0.00004    0.00004     829       1
     830   3.089   -57.70198    0.00004    0.00007     830       2
     831   3.089   -57.70198    0.00004    0.00015     831       4
     832   3.090   -57.70198    0.00004    0.00026     832       7
     833   3.091   -57.70198    0.00004    0.00004     833       1
     834   3.065   -57.70202    0.00004    0.00015     834       4
     835   3.092   -57.70198    0.00004    0.00007     835       2
     836   3.092   -57.70198    0.00004    0.00004     836       1
     837   3.092   -57.70198    0.00004    0.00007     837       2
     838   3.092   -57.70198    0.00004    0.00007     838       2
     839   3.093   -57.70198    0.00004    0.00004     839       1
     840   3.093   -57.70198    0.00004    0.00029     840       8
     841   3.082   -57.70199    0.00004    0.00004     841       1
     842   3.093   -57.70198    0.00004    0.00011     842       3
     843   3.094   -57.70197    0.00004    0.00007     843       2
     844   3.095   -57.70197    0.00004    0.00015     844       4
     845   3.096   -57.70197    0.00004    0.00007     845       2
     846   3.096   -57.70197    0.00004    0.00004     846       1
     847   3.097   -57.70197    0.00004    0.00007     847       2
     848   3.094   -57.70197    0.00004    0.00004     848       1
     849   3.093   -57.70198    0.00004    0.00004     849       1
     850   3.094   -57.70197    0.00004    0.00007     850       2
     851   3.100   -57.70197    0.00004    0.00004     851       1
     852   3.100   -57.70197    0.00004    0.00004     852       1
     853   3.097   -57.70197    0.00004    0.00004     853       1
     854   3.100   -57.70197    0.00004    0.00007     854       2
     855   3.101   -57.70196    0.00004    0.00004     855       1
     856   3.101   -57.70196    0.00004    0.00004     856       1
     857   3.102   -57.70196    0.00004    0.00011     857       3
     858   3.102   -57.70196    0.00004    0.00004     858       1
     859   3.102   -57.70196    0.00004    0.00004     859       1
     860   3.102   -57.70196    0.00004    0.00032     860       9
     861   3.104   -57.70196    0.00004    0.00025     861       7
     862   3.106   -57.70195    0.00004    0.00004     862       1
     863   3.107   -57.70195    0.00004    0.00004     863       1
     864   3.107   -57.70195    0.00004    0.00007     864       2
     865   3.107   -57.70195    0.00004    0.00007     865       2
     866   3.107   -57.70195    0.00004    0.00043     866      12
     867   3.110   -57.70195    0.00004    0.00004     867       1
     868   3.110   -57.70195    0.00004    0.00004     868       1
     869   3.110   -57.70195    0.00004    0.00004     869       1
     870   3.110   -57.70195    0.00004    0.00007     870       2
     871   3.109   -57.70195    0.00004    0.00032     871       9
     872   3.111   -57.70195    0.00004    0.00004     872       1
     873   3.112   -57.70195    0.00004    0.00004     873       1
     874   3.113   -57.70194    0.00004    0.00007     874       2
     875   3.107   -57.70195    0.00004    0.00004     875       1
     876   3.113   -57.70194    0.00004    0.00007     876       2
     877   3.114   -57.70194    0.00004    0.00007     877       2
     878   3.114   -57.70194    0.00004    0.00014     878       4
     879   3.114   -57.70194    0.00004    0.00007     879       2
     880   3.114   -57.70194    0.00004    0.00004     880       1
     881   3.115   -57.70194    0.00004    0.00035     881      10
     882   3.116   -57.70194    0.00004    0.00021     882       6
     883   3.117   -57.70194    0.00004    0.00004     883       1
     884   3.118   -57.70194    0.00004    0.00014     884       4
     885   3.118   -57.70194    0.00004    0.00018     885       5
     886   3.119   -57.70194    0.00003    0.00014     886       4
     887   3.119   -57.70193    0.00003    0.00021     887       6
     888   3.121   -57.70193    0.00003    0.00024     888       7
     889   3.122   -57.70193    0.00003    0.00003     889       1
     890   3.122   -57.70193    0.00003    0.00007     890       2
     891   3.123   -57.70193    0.00003    0.00003     891       1
     892   3.123   -57.70193    0.00003    0.00003     892       1
     893   3.124   -57.70193    0.00003    0.00035     893      10
     894   3.123   -57.70193    0.00003    0.00007     894       2
     895   3.125   -57.70193    0.00003    0.00017     895       5
     896   3.127   -57.70192    0.00003    0.00007     896       2
     897   3.128   -57.70192    0.00003    0.00010     897       3
     898   3.124   -57.70193    0.00003    0.00003     898       1
     899   3.127   -57.70192    0.00003    0.00028     899       8
     900   3.129   -57.70192    0.00003    0.00003     900       1
     901   3.130   -57.70192    0.00003    0.00003     901       1
     902   3.119   -57.70193    0.00003    0.00017     902       5
     903   3.127   -57.70192    0.00003    0.00003     903       1
     904   3.131   -57.70192    0.00003    0.00003     904       1
     905   3.131   -57.70192    0.00003    0.00010     905       3
     906   3.134   -57.70191    0.00003    0.00010     906       3
     907   3.134   -57.70191    0.00003    0.00003     907       1
     908   3.132   -57.70191    0.00003    0.00003     908       1
     909   3.134   -57.70191    0.00003    0.00010     909       3
     910   3.134   -57.70191    0.00003    0.00020     910       6
     911   3.130   -57.70192    0.00003    0.00003     911       1
     912   3.135   -57.70191    0.00003    0.00003     912       1
     913   3.135   -57.70191    0.00003    0.00007     913       2
     914   3.137   -57.70191    0.00003    0.00003     914       1
     915   3.137   -57.70191    0.00003    0.00010     915       3
     916   3.139   -57.70190    0.00003    0.00010     916       3
     917   3.140   -57.70190    0.00003    0.00010     917       3
     918   3.139   -57.70190    0.00003    0.00003     918       1
     919   3.140   -57.70190    0.00003    0.00007     919       2
     920   3.141   -57.70190    0.00003    0.00007     920       2
     921   3.144   -57.70189    0.00003    0.00007     921       2
     922   3.138   -57.70190    0.00003    0.00003     922       1
     923   3.145   -57.70189    0.00003    0.00003     923       1
     924   3.146   -57.70189    0.00003    0.00003     924       1
     925   3.146   -57.70189    0.00003    0.00007     925       2
     926   3.146   -57.70189    0.00003    0.00053     926      16
     927   3.147   -57.70189    0.00003    0.00010     927       3
     928   3.146   -57.70189    0.00003    0.00046     928      14
     929   3.155   -57.70188    0.00003    0.00003     929       1
     930   3.156   -57.70188    0.00003    0.00007     930       2
     931   3.156   -57.70188    0.00003    0.00003     931       1
     932   3.156   -57.70188    0.00003    0.00020     932       6
     933   3.156   -57.70188    0.00003    0.00003     933       1
     934   3.157   -57.70187    0.00003    0.00003     934       1
     935   3.156   -57.70188    0.00003    0.00003     935       1
     936   3.157   -57.70187    0.00003    0.00026     936       8
     937   3.158   -57.70187    0.00003    0.00003     937       1
     938   3.160   -57.70187    0.00003    0.00003     938       1
     939   3.160   -57.70187    0.00003    0.00003     939       1
     940   3.160   -57.70187    0.00003    0.00003     940       1
     941   3.161   -57.70187    0.00003    0.00003     941       1
     942   3.161   -57.70187    0.00003    0.00003     942       1
     943   3.161   -57.70187    0.00003    0.00026     943       8
     944   3.162   -57.70187    0.00003    0.00003     944       1
     945   3.162   -57.70187    0.00003    0.00010     945       3
     946   3.162   -57.70187    0.00003    0.00010     946       3
     947   3.163   -57.70186    0.00003    0.00013     947       4
     948   3.163   -57.70186    0.00003    0.00006     948       2
     949   3.164   -57.70186    0.00003    0.00029     949       9
     950   3.169   -57.70186    0.00003    0.00026     950       8
     951   3.170   -57.70185    0.00003    0.00003     951       1
     952   3.171   -57.70185    0.00003    0.00006     952       2
     953   3.171   -57.70185    0.00003    0.00006     953       2
     954   3.171   -57.70185    0.00003    0.00013     954       4
     955   3.172   -57.70185    0.00003    0.00016     955       5
     956   3.172   -57.70185    0.00003    0.00010     956       3
     957   3.172   -57.70185    0.00003    0.00016     957       5
     958   3.174   -57.70185    0.00003    0.00006     958       2
     959   3.174   -57.70185    0.00003    0.00016     959       5
     960   3.175   -57.70184    0.00003    0.00019     960       6
     961   3.174   -57.70185    0.00003    0.00019     961       6
     962   3.176   -57.70184    0.00003    0.00013     962       4
     963   3.177   -57.70184    0.00003    0.00025     963       8
     964   3.171   -57.70185    0.00003    0.00003     964       1
     965   3.180   -57.70184    0.00003    0.00032     965      10
     966   3.180   -57.70184    0.00003    0.00025     966       8
     967   3.185   -57.70183    0.00003    0.00006     967       2
     968   3.181   -57.70184    0.00003    0.00006     968       2
     969   3.174   -57.70185    0.00003    0.00003     969       1
     970   3.184   -57.70183    0.00003    0.00006     970       2
     971   3.172   -57.70185    0.00003    0.00013     971       4
     972   3.186   -57.70183    0.00003    0.00009     972       3
     973   3.188   -57.70182    0.00003    0.00003     973       1
     974   3.172   -57.70185    0.00003    0.00003     974       1
     975   3.188   -57.70182    0.00003    0.00009     975       3
     976   3.186   -57.70183    0.00003    0.00003     976       1
     977   3.189   -57.70182    0.00003    0.00003     977       1
     978   3.188   -57.70182    0.00003    0.00016     978       5
     979   3.189   -57.70182    0.00003    0.00003     979       1
     980   3.189   -57.70182    0.00003    0.00003     980       1
     981   3.150   -57.70189    0.00003    0.00003     981       1
     982   3.189   -57.70182    0.00003    0.00010     982       3
     983   3.150   -57.70189    0.00003    0.00003     983       1
     984   3.189   -57.70182    0.00003    0.00003     984       1
     985   3.189   -57.70182    0.00003    0.00006     985       2
     986   3.190   -57.70182    0.00003    0.00003     986       1
     987   3.150   -57.70188    0.00003    0.00010     987       3
     988   3.190   -57.70182    0.00003    0.00003     988       1
     989   3.190   -57.70182    0.00003    0.00016     989       5
     990   3.189   -57.70182    0.00003    0.00037     990      12
     991   3.191   -57.70182    0.00003    0.00025     991       8
     992   3.196   -57.70181    0.00003    0.00003     992       1
     993   3.196   -57.70181    0.00003    0.00009     993       3
     994   3.197   -57.70181    0.00003    0.00003     994       1
     995   3.197   -57.70181    0.00003    0.00006     995       2
     996   3.197   -57.70181    0.00003    0.00003     996       1
     997   3.197   -57.70181    0.00003    0.00003     997       1
     998   3.197   -57.70181    0.00003    0.00006     998       2
     999   3.198   -57.70181    0.00003    0.00003     999       1
    1000   3.198   -57.70181    0.00003    0.00015    1000       5
    1001   3.198   -57.70181    0.00003    0.00012    1001       4
    1002   3.199   -57.70181    0.00003    0.00003    1002       1
    1003   3.200   -57.70181    0.00003    0.00021    1003       7
    1004   3.201   -57.70180    0.00003    0.00006    1004       2
    1005   3.202   -57.70180    0.00003    0.00018    1005       6
    1006   3.200   -57.70181    0.00003    0.00003    1006       1
    1007   3.203   -57.70180    0.00003    0.00012    1007       4
    1008   3.191   -57.70182    0.00003    0.00009    1008       3
    1009   3.203   -57.70180    0.00003    0.00003    1009       1
    1010   3.203   -57.70180    0.00003    0.00003    1010       1
    1011   3.203   -57.70180    0.00003    0.00021    1011       7
    1012   3.207   -57.70179    0.00003    0.00003    1012       1
    1013   3.207   -57.70179    0.00003    0.00003    1013       1
    1014   3.192   -57.70182    0.00003    0.00006    1014       2
    1015   3.207   -57.70179    0.00003    0.00003    1015       1
    1016   3.207   -57.70179    0.00003    0.00009    1016       3
    1017   3.207   -57.70179    0.00003    0.00003    1017       1
    1018   3.208   -57.70179    0.00003    0.00003    1018       1
    1019   3.208   -57.70179    0.00003    0.00006    1019       2
    1020   3.207   -57.70179    0.00003    0.00009    1020       3
    1021   3.208   -57.70179    0.00003    0.00009    1021       3
    1022   3.209   -57.70179    0.00003    0.00003    1022       1
    1023   3.208   -57.70179    0.00003    0.00012    1023       4
    1024   3.210   -57.70179    0.00003    0.00003    1024       1
    1025   3.211   -57.70179    0.00003    0.00003    1025       1
    1026   3.180   -57.70184    0.00003    0.00003    1026       1
    1027   3.211   -57.70179    0.00003    0.00003    1027       1
    1028   3.213   -57.70179    0.00003    0.00006    1028       2
    1029   3.213   -57.70179    0.00003    0.00003    1029       1
    1030   3.217   -57.70178    0.00003    0.00006    1030       2
    1031   3.218   -57.70178    0.00003    0.00003    1031       1
    1032   3.218   -57.70178    0.00003    0.00003    1032       1
    1033   3.218   -57.70178    0.00003    0.00003    1033       1
    1034   3.219   -57.70178    0.00003    0.00003    1034       1
    1035   3.219   -57.70178    0.00003    0.00003    1035       1
    1036   3.219   -57.70178    0.00003    0.00015    1036       5
    1037   3.219   -57.70177    0.00003    0.00018    1037       6
    1038   3.209   -57.70179    0.00003    0.00003    1038       1
    1039   3.222   -57.70177    0.00003    0.00003    1039       1
    1040   3.223   -57.70177    0.00003    0.00003    1040       1
    1041   3.223   -57.70177    0.00003    0.00009    1041       3
    1042   3.223   -57.70177    0.00003    0.00003    1042       1
    1043   3.223   -57.70177    0.00003    0.00003    1043       1
    1044   3.223   -57.70177    0.00003    0.00035    1044      12
    1045   3.225   -57.70177    0.00003    0.00003    1045       1
    1046   3.226   -57.70176    0.00003    0.00023    1046       8
    1047   3.225   -57.70177    0.00003    0.00012    1047       4
    1048   3.225   -57.70177    0.00003    0.00006    1048       2
    1049   3.228   -57.70176    0.00003    0.00015    1049       5
    1050   3.231   -57.70176    0.00003    0.00003    1050       1
    1051   3.227   -57.70176    0.00003    0.00003    1051       1
    1052   3.230   -57.70176    0.00003    0.00032    1052      11
    1053   3.233   -57.70175    0.00003    0.00003    1053       1
    1054   3.234   -57.70175    0.00003    0.00006    1054       2
    1055   3.236   -57.70175    0.00003    0.00006    1055       2
    1056   3.230   -57.70176    0.00003    0.00023    1056       8
    1057   3.238   -57.70175    0.00003    0.00009    1057       3
    1058   3.230   -57.70176    0.00003    0.00003    1058       1
    1059   3.238   -57.70175    0.00003    0.00003    1059       1
    1060   3.241   -57.70174    0.00003    0.00003    1060       1
    1061   3.238   -57.70174    0.00003    0.00029    1061      10
    1062   3.242   -57.70174    0.00003    0.00009    1062       3
    1063   3.242   -57.70174    0.00003    0.00003    1063       1
    1064   3.244   -57.70174    0.00003    0.00003    1064       1
    1065   3.244   -57.70174    0.00003    0.00003    1065       1
    1066   3.246   -57.70173    0.00003    0.00003    1066       1
    1067   3.244   -57.70174    0.00003    0.00023    1067       8
    1068   3.249   -57.70173    0.00003    0.00003    1068       1
    1069   3.249   -57.70173    0.00003    0.00006    1069       2
    1070   3.249   -57.70173    0.00003    0.00003    1070       1
    1071   3.249   -57.70173    0.00003    0.00003    1071       1
    1072   3.230   -57.70176    0.00003    0.00003    1072       1
    1073   3.249   -57.70173    0.00003    0.00011    1073       4
    1074   3.250   -57.70173    0.00003    0.00006    1074       2
    1075   3.250   -57.70173    0.00003    0.00025    1075       9
    1076   3.253   -57.70172    0.00003    0.00025    1076       9
    1077   3.254   -57.70172    0.00003    0.00006    1077       2
    1078   3.256   -57.70172    0.00003    0.00003    1078       1
    1079   3.256   -57.70172    0.00003    0.00003    1079       1
    1080   3.256   -57.70172    0.00003    0.00003    1080       1
    1081   3.249   -57.70173    0.00003    0.00003    1081       1
    1082   3.256   -57.70172    0.00003    0.00006    1082       2
    1083   3.257   -57.70172    0.00003    0.00003    1083       1
    1084   3.257   -57.70172    0.00003    0.00003    1084       1
    1085   3.257   -57.70171    0.00003    0.00003    1085       1
    1086   3.257   -57.70171    0.00003    0.00003    1086       1
    1087   3.258   -57.70171    0.00003    0.00003    1087       1
    1088   3.258   -57.70171    0.00003    0.00033    1088      12
    1089   3.259   -57.70171    0.00003    0.00003    1089       1
    1090   3.259   -57.70171    0.00003    0.00003    1090       1
    1091   3.260   -57.70171    0.00003    0.00008    1091       3
    1092   3.260   -57.70171    0.00003    0.00006    1092       2
    1093   3.262   -57.70171    0.00003    0.00011    1093       4
    1094   3.259   -57.70171    0.00003    0.00006    1094       2
    1095   3.260   -57.70171    0.00003    0.00014    1095       5
    1096   3.259   -57.70171    0.00003    0.00030    1096      11
    1097   3.263   -57.70171    0.00003    0.00003    1097       1
    1098   3.263   -57.70170    0.00003    0.00003    1098       1
    1099   3.263   -57.70170    0.00003    0.00003    1099       1
    1100   3.264   -57.70170    0.00003    0.00016    1100       6
    1101   3.264   -57.70170    0.00003    0.00005    1101       2
    1102   3.239   -57.70174    0.00003    0.00022    1102       8
    1103   3.261   -57.70171    0.00003    0.00003    1103       1
    1104   3.261   -57.70171    0.00003    0.00008    1104       3
    1105   3.262   -57.70171    0.00003    0.00005    1105       2
    1106   3.265   -57.70170    0.00003    0.00011    1106       4
    1107   3.264   -57.70170    0.00003    0.00008    1107       3
    1108   3.265   -57.70170    0.00003    0.00003    1108       1
    1109   3.266   -57.70170    0.00003    0.00016    1109       6
    1110   3.268   -57.70170    0.00003    0.00003    1110       1
    1111   3.266   -57.70170    0.00003    0.00016    1111       6
    1112   3.267   -57.70170    0.00003    0.00003    1112       1
    1113   3.270   -57.70169    0.00003    0.00003    1113       1
    1114   3.271   -57.70169    0.00003    0.00003    1114       1
    1115   3.270   -57.70169    0.00003    0.00019    1115       7
    1116   3.274   -57.70169    0.00003    0.00005    1116       2
    1117   3.275   -57.70169    0.00003    0.00005    1117       2
    1118   3.274   -57.70169    0.00003    0.00005    1118       2
    1119   3.276   -57.70169    0.00003    0.00008    1119       3
    1120   3.277   -57.70168    0.00003    0.00005    1120       2
    1121   3.277   -57.70168    0.00003    0.00003    1121       1
    1122   3.275   -57.70169    0.00003    0.00008    1122       3
    1123   3.277   -57.70168    0.00003    0.00003    1123       1
    1124   3.277   -57.70168    0.00003    0.00003    1124       1
    1125   3.278   -57.70168    0.00003    0.00003    1125       1
    1126   3.278   -57.70168    0.00003    0.00003    1126       1
    1127   3.278   -57.70168    0.00003    0.00003    1127       1
    1128   3.280   -57.70168    0.00003    0.00008    1128       3
    1129   3.270   -57.70169    0.00003    0.00003    1129       1
    1130   3.282   -57.70167    0.00003    0.00024    1130       9
    1131   3.271   -57.70169    0.00003    0.00005    1131       2
    1132   3.280   -57.70168    0.00003    0.00003    1132       1
    1133   3.285   -57.70167    0.00003    0.00003    1133       1
    1134   3.285   -57.70167    0.00003    0.00003    1134       1
    1135   3.274   -57.70169    0.00003    0.00003    1135       1
    1136   3.275   -57.70169    0.00003    0.00003    1136       1
    1137   3.285   -57.70167    0.00003    0.00003    1137       1
    1138   3.286   -57.70167    0.00003    0.00003    1138       1
    1139   3.286   -57.70167    0.00003    0.00003    1139       1
    1140   3.286   -57.70167    0.00003    0.00013    1140       5
    1141   3.287   -57.70167    0.00003    0.00005    1141       2
    1142   3.287   -57.70167    0.00003    0.00008    1142       3
    1143   3.292   -57.70166    0.00003    0.00018    1143       7
    1144   3.288   -57.70167    0.00003    0.00005    1144       2
    1145   3.288   -57.70167    0.00003    0.00005    1145       2
    1146   3.294   -57.70166    0.00003    0.00003    1146       1
    1147   3.294   -57.70166    0.00003    0.00008    1147       3
    1148   3.294   -57.70166    0.00003    0.00003    1148       1
    1149   3.295   -57.70166    0.00003    0.00005    1149       2
    1150   3.295   -57.70165    0.00003    0.00003    1150       1
    1151   3.295   -57.70165    0.00003    0.00003    1151       1
    1152   3.295   -57.70165    0.00003    0.00003    1152       1
    1153   3.295   -57.70165    0.00003    0.00023    1153       9
    1154   3.297   -57.70165    0.00003    0.00005    1154       2
    1155   3.297   -57.70165    0.00003    0.00015    1155       6
    1156   3.300   -57.70165    0.00003    0.00003    1156       1
    1157   3.301   -57.70164    0.00003    0.00005    1157       2
    1158   3.295   -57.70165    0.00003    0.00018    1158       7
    1159   3.302   -57.70164    0.00003    0.00003    1159       1
    1160   3.302   -57.70164    0.00003    0.00003    1160       1
    1161   3.302   -57.70164    0.00003    0.00003    1161       1
    1162   3.302   -57.70164    0.00003    0.00003    1162       1
    1163   3.304   -57.70164    0.00003    0.00021    1163       8
    1164   3.306   -57.70164    0.00003    0.00003    1164       1
    1165   3.307   -57.70164    0.00003    0.00005    1165       2
    1166   3.307   -57.70163    0.00003    0.00003    1166       1
    1167   3.307   -57.70163    0.00003    0.00003    1167       1
    1168   3.308   -57.70163    0.00003    0.00003    1168       1
    1169   3.308   -57.70163    0.00003    0.00003    1169       1
    1170   3.309   -57.70163    0.00003    0.00005    1170       2
    1171   3.309   -57.70163    0.00003    0.00010    1171       4
    1172   3.311   -57.70163    0.00003    0.00003    1172       1
    1173   3.311   -57.70163    0.00003    0.00003    1173       1
    1174   3.311   -57.70163    0.00003    0.00013    1174       5
    1175   3.311   -57.70163    0.00003    0.00003    1175       1
    1176   3.311   -57.70163    0.00003    0.00003    1176       1
    1177   3.311   -57.70163    0.00003    0.00003    1177       1
    1178   3.311   -57.70163    0.00003    0.00018    1178       7
    1179   3.312   -57.70163    0.00003    0.00010    1179       4
    1180   3.314   -57.70162    0.00003    0.00003    1180       1
    1181   3.314   -57.70162    0.00003    0.00003    1181       1
    1182   3.314   -57.70162    0.00003    0.00023    1182       9
    1183   3.314   -57.70162    0.00003    0.00008    1183       3
    1184   3.317   -57.70162    0.00003    0.00015    1184       6
    1185   3.316   -57.70162    0.00003    0.00008    1185       3
    1186   3.318   -57.70162    0.00002    0.00002    1186       1
    1187   3.319   -57.70162    0.00002    0.00002    1187       1
    1188   3.319   -57.70162    0.00002    0.00002    1188       1
    1189   3.319   -57.70162    0.00002    0.00005    1189       2
    1190   3.320   -57.70161    0.00002    0.00005    1190       2
    1191   3.321   -57.70161    0.00002    0.00005    1191       2
    1192   3.321   -57.70161    0.00002    0.00005    1192       2
    1193   3.321   -57.70161    0.00002    0.00002    1193       1
    1194   3.321   -57.70161    0.00002    0.00002    1194       1
    1195   3.321   -57.70161    0.00002    0.00020    1195       8
    1196   3.322   -57.70161    0.00002    0.00002    1196       1
    1197   3.322   -57.70161    0.00002    0.00030    1197      12
    1198   3.326   -57.70161    0.00002    0.00015    1198       6
    1199   3.330   -57.70160    0.00002    0.00007    1199       3
    1200   3.332   -57.70160    0.00002    0.00002    1200       1
    1201   3.293   -57.70166    0.00003    0.00003    1201       1
    1202   3.332   -57.70159    0.00002    0.00005    1202       2
    1203   3.334   -57.70159    0.00002    0.00002    1203       1
    1204   3.336   -57.70159    0.00002    0.00007    1204       3
    1205   3.327   -57.70160    0.00002    0.00002    1205       1
    1206   3.336   -57.70159    0.00002    0.00002    1206       1
    1207   3.331   -57.70160    0.00002    0.00002    1207       1
    1208   3.337   -57.70159    0.00002    0.00002    1208       1
    1209   3.337   -57.70159    0.00002    0.00002    1209       1
    1210   3.337   -57.70159    0.00002    0.00002    1210       1
    1211   3.337   -57.70159    0.00002    0.00024    1211      10
    1212   3.342   -57.70158    0.00002    0.00002    1212       1
    1213   3.325   -57.70161    0.00002    0.00002    1213       1
    1214   3.343   -57.70158    0.00002    0.00002    1214       1
    1215   3.344   -57.70158    0.00002    0.00005    1215       2
    1216   3.344   -57.70158    0.00002    0.00002    1216       1
    1217   3.344   -57.70158    0.00002    0.00021    1217       9
    1218   3.346   -57.70157    0.00002    0.00005    1218       2
    1219   3.347   -57.70157    0.00002    0.00014    1219       6
    1220   3.327   -57.70160    0.00002    0.00005    1220       2
    1221   3.349   -57.70157    0.00002    0.00002    1221       1
    1222   3.349   -57.70157    0.00002    0.00002    1222       1
    1223   3.349   -57.70157    0.00002    0.00002    1223       1
    1224   3.349   -57.70157    0.00002    0.00012    1224       5
    1225   3.350   -57.70157    0.00002    0.00002    1225       1
    1226   3.347   -57.70157    0.00002    0.00019    1226       8
    1227   3.351   -57.70157    0.00002    0.00002    1227       1
    1228   3.353   -57.70156    0.00002    0.00002    1228       1
    1229   3.351   -57.70157    0.00002    0.00019    1229       8
    1230   3.354   -57.70156    0.00002    0.00007    1230       3
    1231   3.354   -57.70156    0.00002    0.00002    1231       1
    1232   3.352   -57.70156    0.00002    0.00002    1232       1
    1233   3.354   -57.70156    0.00002    0.00019    1233       8
    1234   3.356   -57.70156    0.00002    0.00007    1234       3
    1235   3.357   -57.70156    0.00002    0.00002    1235       1
    1236   3.356   -57.70156    0.00002    0.00002    1236       1
    1237   3.357   -57.70156    0.00002    0.00007    1237       3
    1238   3.356   -57.70156    0.00002    0.00014    1238       6
    1239   3.357   -57.70156    0.00002    0.00028    1239      12
    1240   3.357   -57.70155    0.00002    0.00012    1240       5
    1241   3.353   -57.70156    0.00002    0.00009    1241       4
    1242   3.362   -57.70155    0.00002    0.00002    1242       1
    1243   3.362   -57.70155    0.00002    0.00002    1243       1
    1244   3.362   -57.70155    0.00002    0.00012    1244       5
    1245   3.363   -57.70155    0.00002    0.00005    1245       2
    1246   3.363   -57.70155    0.00002    0.00002    1246       1
    1247   3.363   -57.70155    0.00002    0.00002    1247       1
    1248   3.363   -57.70155    0.00002    0.00016    1248       7
    1249   3.364   -57.70154    0.00002    0.00005    1249       2
    1250   3.364   -57.70154    0.00002    0.00002    1250       1
    1251   3.364   -57.70154    0.00002    0.00012    1251       5
    1252   3.365   -57.70154    0.00002    0.00016    1252       7
    1253   3.367   -57.70154    0.00002    0.00007    1253       3
    1254   3.365   -57.70154    0.00002    0.00002    1254       1
    1255   3.367   -57.70154    0.00002    0.00009    1255       4
    1256   3.363   -57.70155    0.00002    0.00012    1256       5
    1257   3.369   -57.70154    0.00002    0.00012    1257       5
    1258   3.371   -57.70153    0.00002    0.00002    1258       1
    1259   3.363   -57.70155    0.00002    0.00002    1259       1
    1260   3.349   -57.70157    0.00002    0.00012    1260       5
    1261   3.372   -57.70153    0.00002    0.00005    1261       2
    1262   3.364   -57.70154    0.00002    0.00014    1262       6
    1263   3.372   -57.70153    0.00002    0.00002    1263       1
    1264   3.372   -57.70153    0.00002    0.00007    1264       3
    1265   3.374   -57.70153    0.00002    0.00014    1265       6
    1266   3.373   -57.70153    0.00002    0.00009    1266       4
    1267   3.376   -57.70153    0.00002    0.00002    1267       1
    1268   3.376   -57.70153    0.00002    0.00014    1268       6
    1269   3.378   -57.70152    0.00002    0.00002    1269       1
    1270   3.376   -57.70153    0.00002    0.00002    1270       1
    1271   3.378   -57.70152    0.00002    0.00002    1271       1
    1272   3.378   -57.70152    0.00002    0.00002    1272       1
    1273   3.378   -57.70152    0.00002    0.00011    1273       5
    1274   3.380   -57.70152    0.00002    0.00005    1274       2
    1275   3.380   -57.70152    0.00002    0.00018    1275       8
    1276   3.382   -57.70152    0.00002    0.00020    1276       9
    1277   3.383   -57.70151    0.00002    0.00011    1277       5
    1278   3.383   -57.70151    0.00002    0.00002    1278       1
    1279   3.383   -57.70151    0.00002    0.00007    1279       3
    1280   3.388   -57.70151    0.00002    0.00002    1280       1
    1281   3.381   -57.70152    0.00002    0.00002    1281       1
    1282   3.388   -57.70151    0.00002    0.00007    1282       3
    1283   3.389   -57.70151    0.00002    0.00002    1283       1
    1284   3.389   -57.70150    0.00002    0.00004    1284       2
    1285   3.390   -57.70150    0.00002    0.00002    1285       1
    1286   3.390   -57.70150    0.00002    0.00007    1286       3
    1287   3.392   -57.70150    0.00002    0.00013    1287       6
    1288   3.390   -57.70150    0.00002    0.00004    1288       2
    1289   3.393   -57.70150    0.00002    0.00002    1289       1
    1290   3.393   -57.70150    0.00002    0.00011    1290       5
    1291   3.390   -57.70150    0.00002    0.00013    1291       6
    1292   3.396   -57.70149    0.00002    0.00002    1292       1
    1293   3.396   -57.70149    0.00002    0.00002    1293       1
    1294   3.396   -57.70149    0.00002    0.00013    1294       6
    1295   3.397   -57.70149    0.00002    0.00004    1295       2
    1296   3.397   -57.70149    0.00002    0.00002    1296       1
    1297   3.397   -57.70149    0.00002    0.00007    1297       3
    1298   3.397   -57.70149    0.00002    0.00020    1298       9
    1299   3.398   -57.70149    0.00002    0.00061    1299      28
    1300   3.403   -57.70148    0.00002    0.00002    1300       1
    1301   3.404   -57.70148    0.00002    0.00011    1301       5
    1302   3.399   -57.70149    0.00002    0.00007    1302       3
    1303   3.404   -57.70148    0.00002    0.00006    1303       3
    1304   3.400   -57.70149    0.00002    0.00002    1304       1
    1305   3.400   -57.70149    0.00002    0.00002    1305       1
    1306   3.401   -57.70149    0.00002    0.00002    1306       1
    1307   3.401   -57.70149    0.00002    0.00004    1307       2
    1308   3.402   -57.70148    0.00002    0.00002    1308       1
    1309   3.402   -57.70148    0.00002    0.00004    1309       2
    1310   3.402   -57.70148    0.00002    0.00002    1310       1
    1311   3.402   -57.70148    0.00002    0.00002    1311       1
    1312   3.406   -57.70148    0.00002    0.00002    1312       1
    1313   3.407   -57.70148    0.00002    0.00004    1313       2
    1314   3.407   -57.70148    0.00002    0.00004    1314       2
    1315   3.407   -57.70148    0.00002    0.00022    1315      10
    1316   3.407   -57.70148    0.00002    0.00002    1316       1
    1317   3.410   -57.70147    0.00002    0.00015    1317       7
    1318   3.413   -57.70147    0.00002    0.00004    1318       2
    1319   3.414   -57.70146    0.00002    0.00004    1319       2
    1320   3.412   -57.70147    0.00002    0.00009    1320       4
    1321   3.414   -57.70147    0.00002    0.00002    1321       1
    1322   3.410   -57.70147    0.00002    0.00009    1322       4
    1323   3.416   -57.70146    0.00002    0.00011    1323       5
    1324   3.415   -57.70146    0.00002    0.00002    1324       1
    1325   3.418   -57.70146    0.00002    0.00011    1325       5
    1326   3.417   -57.70146    0.00002    0.00002    1326       1
    1327   3.418   -57.70146    0.00002    0.00008    1327       4
    1328   3.419   -57.70146    0.00002    0.00006    1328       3
    1329   3.421   -57.70145    0.00002    0.00002    1329       1
    1330   3.419   -57.70146    0.00002    0.00002    1330       1
    1331   3.421   -57.70145    0.00002    0.00002    1331       1
    1332   3.411   -57.70147    0.00002    0.00006    1332       3
    1333   3.421   -57.70145    0.00002    0.00006    1333       3
    1334   3.422   -57.70145    0.00002    0.00004    1334       2
    1335   3.414   -57.70146    0.00002    0.00004    1335       2
    1336   3.422   -57.70145    0.00002    0.00002    1336       1
    1337   3.422   -57.70145    0.00002    0.00010    1337       5
    1338   3.423   -57.70145    0.00002    0.00019    1338       9
    1339   3.424   -57.70145    0.00002    0.00013    1339       6
    1340   3.425   -57.70145    0.00002    0.00017    1340       8
    1341   3.426   -57.70145    0.00002    0.00002    1341       1
    1342   3.426   -57.70145    0.00002    0.00004    1342       2
    1343   3.424   -57.70145    0.00002    0.00010    1343       5
    1344   3.427   -57.70144    0.00002    0.00002    1344       1
    1345   3.427   -57.70144    0.00002    0.00004    1345       2
    1346   3.421   -57.70145    0.00002    0.00004    1346       2
    1347   3.428   -57.70144    0.00002    0.00002    1347       1
    1348   3.428   -57.70144    0.00002    0.00004    1348       2
    1349   3.429   -57.70144    0.00002    0.00002    1349       1
    1350   3.429   -57.70144    0.00002    0.00008    1350       4
    1351   3.425   -57.70145    0.00002    0.00002    1351       1
    1352   3.429   -57.70144    0.00002    0.00002    1352       1
    1353   3.429   -57.70144    0.00002    0.00004    1353       2
    1354   3.411   -57.70147    0.00002    0.00002    1354       1
    1355   3.429   -57.70144    0.00002    0.00008    1355       4
    1356   3.430   -57.70144    0.00002    0.00004    1356       2
    1357   3.431   -57.70144    0.00002    0.00002    1357       1
    1358   3.431   -57.70144    0.00002    0.00006    1358       3
    1359   3.431   -57.70144    0.00002    0.00002    1359       1
    1360   3.432   -57.70144    0.00002    0.00004    1360       2
    1361   3.432   -57.70144    0.00002    0.00006    1361       3
    1362   3.430   -57.70144    0.00002    0.00008    1362       4
    1363   3.433   -57.70144    0.00002    0.00002    1363       1
    1364   3.434   -57.70143    0.00002    0.00002    1364       1
    1365   3.434   -57.70143    0.00002    0.00012    1365       6
    1366   3.434   -57.70143    0.00002    0.00008    1366       4
    1367   3.434   -57.70143    0.00002    0.00002    1367       1
    1368   3.432   -57.70144    0.00002    0.00004    1368       2
    1369   3.435   -57.70143    0.00002    0.00002    1369       1
    1370   3.435   -57.70143    0.00002    0.00002    1370       1
    1371   3.431   -57.70144    0.00002    0.00006    1371       3
    1372   3.435   -57.70143    0.00002    0.00002    1372       1
    1373   3.435   -57.70143    0.00002    0.00014    1373       7
    1374   3.438   -57.70143    0.00002    0.00004    1374       2
    1375   3.438   -57.70143    0.00002    0.00004    1375       2
    1376   3.439   -57.70143    0.00002    0.00006    1376       3
    1377   3.439   -57.70142    0.00002    0.00018    1377       9
    1378   3.441   -57.70142    0.00002    0.00020    1378      10
    1379   3.443   -57.70142    0.00002    0.00004    1379       2
    1380   3.424   -57.70145    0.00002    0.00004    1380       2
    1381   3.444   -57.70142    0.00002    0.00008    1381       4
    1382   3.439   -57.70142    0.00002    0.00002    1382       1
    1383   3.444   -57.70142    0.00002    0.00008    1383       4
    1384   3.440   -57.70142    0.00002    0.00006    1384       3
    1385   3.444   -57.70142    0.00002    0.00002    1385       1
    1386   3.448   -57.70141    0.00002    0.00008    1386       4
    1387   3.442   -57.70142    0.00002    0.00002    1387       1
    1388   3.448   -57.70141    0.00002    0.00006    1388       3
    1389   3.449   -57.70141    0.00002    0.00006    1389       3
    1390   3.452   -57.70140    0.00002    0.00002    1390       1
    1391   3.452   -57.70140    0.00002    0.00002    1391       1
    1392   3.439   -57.70142    0.00002    0.00002    1392       1
    1393   3.439   -57.70143    0.00002    0.00002    1393       1
    1394   3.452   -57.70140    0.00002    0.00008    1394       4
    1395   3.452   -57.70140    0.00002    0.00002    1395       1
    1396   3.456   -57.70140    0.00002    0.00002    1396       1
    1397   3.456   -57.70140    0.00002    0.00002    1397       1
    1398   3.457   -57.70140    0.00002    0.00002    1398       1
    1399   3.457   -57.70140    0.00002    0.00004    1399       2
    1400   3.457   -57.70140    0.00002    0.00002    1400       1
    1401   3.458   -57.70139    0.00002    0.00004    1401       2
    1402   3.459   -57.70139    0.00002    0.00002    1402       1
    1403   3.459   -57.70139    0.00002    0.00002    1403       1
    1404   3.459   -57.70139    0.00002    0.00004    1404       2
    1405   3.459   -57.70139    0.00002    0.00002    1405       1
    1406   3.460   -57.70139    0.00002    0.00016    1406       8
    1407   3.460   -57.70139    0.00002    0.00016    1407       8
    1408   3.460   -57.70139    0.00002    0.00002    1408       1
    1409   3.448   -57.70141    0.00002    0.00004    1409       2
    1410   3.464   -57.70139    0.00002    0.00002    1410       1
    1411   3.462   -57.70139    0.00002    0.00002    1411       1
    1412   3.464   -57.70139    0.00002    0.00002    1412       1
    1413   3.466   -57.70138    0.00002    0.00002    1413       1
    1414   3.466   -57.70138    0.00002    0.00002    1414       1
    1415   3.466   -57.70138    0.00002    0.00012    1415       6
    1416   3.467   -57.70138    0.00002    0.00002    1416       1
    1417   3.467   -57.70138    0.00002    0.00004    1417       2
    1418   3.466   -57.70138    0.00002    0.00002    1418       1
    1419   3.468   -57.70138    0.00002    0.00012    1419       6
    1420   3.467   -57.70138    0.00002    0.00017    1420       9
    1421   3.468   -57.70138    0.00002    0.00002    1421       1
    1422   3.470   -57.70138    0.00002    0.00002    1422       1
    1423   3.470   -57.70138    0.00002    0.00002    1423       1
    1424   3.469   -57.70138    0.00002    0.00002    1424       1
    1425   3.466   -57.70138    0.00002    0.00006    1425       3
    1426   3.467   -57.70138    0.00002    0.00002    1426       1
    1427   3.469   -57.70138    0.00002    0.00002    1427       1
    1428   3.472   -57.70137    0.00002    0.00013    1428       7
    1429   3.473   -57.70137    0.00002    0.00002    1429       1
    1430   3.466   -57.70138    0.00002    0.00002    1430       1
    1431   3.473   -57.70137    0.00002    0.00004    1431       2
    1432   3.473   -57.70137    0.00002    0.00002    1432       1
    1433   3.473   -57.70137    0.00002    0.00004    1433       2
    1434   3.473   -57.70137    0.00002    0.00002    1434       1
    1435   3.473   -57.70137    0.00002    0.00002    1435       1
    1436   3.474   -57.70137    0.00002    0.00029    1436      15
    1437   3.476   -57.70137    0.00002    0.00002    1437       1
    1438   3.477   -57.70136    0.00002    0.00002    1438       1
    1439   3.477   -57.70136    0.00002    0.00002    1439       1
    1440   3.478   -57.70136    0.00002    0.00004    1440       2
    1441   3.478   -57.70136    0.00002    0.00004    1441       2
    1442   3.479   -57.70136    0.00002    0.00004    1442       2
    1443   3.481   -57.70136    0.00002    0.00008    1443       4
    1444   3.476   -57.70137    0.00002    0.00002    1444       1
    1445   3.470   -57.70137    0.00002    0.00002    1445       1
    1446   3.482   -57.70136    0.00002    0.00004    1446       2
    1447   3.484   -57.70135    0.00002    0.00002    1447       1
    1448   3.484   -57.70135    0.00002    0.00006    1448       3
    1449   3.484   -57.70135    0.00002    0.00008    1449       4
    1450   3.471   -57.70137    0.00002    0.00015    1450       8
    1451   3.489   -57.70135    0.00002    0.00002    1451       1
    1452   3.484   -57.70135    0.00002    0.00004    1452       2
    1453   3.489   -57.70135    0.00002    0.00007    1453       4
    1454   3.482   -57.70136    0.00002    0.00008    1454       4
    1455   3.489   -57.70134    0.00002    0.00002    1455       1
    1456   3.490   -57.70134    0.00002    0.00004    1456       2
    1457   3.489   -57.70135    0.00002    0.00006    1457       3
    1458   3.491   -57.70134    0.00002    0.00006    1458       3
    1459   3.491   -57.70134    0.00002    0.00011    1459       6
    1460   3.483   -57.70135    0.00002    0.00008    1460       4
    1461   3.494   -57.70134    0.00002    0.00002    1461       1
    1462   3.495   -57.70134    0.00002    0.00004    1462       2
    1463   3.496   -57.70133    0.00002    0.00002    1463       1
    1464   3.495   -57.70134    0.00002    0.00002    1464       1
    1465   3.496   -57.70133    0.00002    0.00009    1465       5
    1466   3.499   -57.70133    0.00002    0.00002    1466       1
    1467   3.497   -57.70133    0.00002    0.00006    1467       3
    1468   3.500   -57.70133    0.00002    0.00006    1468       3
    1469   3.501   -57.70133    0.00002    0.00006    1469       3
    1470   3.502   -57.70132    0.00002    0.00002    1470       1
    1471   3.503   -57.70132    0.00002    0.00007    1471       4
    1472   3.503   -57.70132    0.00002    0.00002    1472       1
    1473   3.504   -57.70132    0.00002    0.00004    1473       2
    1474   3.504   -57.70132    0.00002    0.00004    1474       2
    1475   3.502   -57.70132    0.00002    0.00009    1475       5
    1476   3.505   -57.70132    0.00002    0.00016    1476       9
    1477   3.499   -57.70133    0.00002    0.00004    1477       2
    1478   3.508   -57.70131    0.00002    0.00002    1478       1
    1479   3.509   -57.70131    0.00002    0.00009    1479       5
    1480   3.483   -57.70135    0.00002    0.00009    1480       5
    1481   3.511   -57.70131    0.00002    0.00002    1481       1
    1482   3.512   -57.70131    0.00002    0.00002    1482       1
    1483   3.512   -57.70131    0.00002    0.00002    1483       1
    1484   3.514   -57.70131    0.00002    0.00009    1484       5
    1485   3.515   -57.70130    0.00002    0.00002    1485       1
    1486   3.517   -57.70130    0.00002    0.00004    1486       2
    1487   3.517   -57.70130    0.00002    0.00014    1487       8
    1488   3.518   -57.70130    0.00002    0.00002    1488       1
    1489   3.519   -57.70130    0.00002    0.00002    1489       1
    1490   3.519   -57.70130    0.00002    0.00004    1490       2
    1491   3.520   -57.70130    0.00002    0.00002    1491       1
    1492   3.521   -57.70129    0.00002    0.00002    1492       1
    1493   3.516   -57.70130    0.00002    0.00009    1493       5
    1494   3.522   -57.70129    0.00002    0.00002    1494       1
    1495   3.516   -57.70130    0.00002    0.00002    1495       1
    1496   3.516   -57.70130    0.00002    0.00002    1496       1
    1497   3.522   -57.70129    0.00002    0.00002    1497       1
    1498   3.522   -57.70129    0.00002    0.00002    1498       1
    1499   3.522   -57.70129    0.00002    0.00002    1499       1
    1500   3.522   -57.70129    0.00002    0.00018    1500      10
    1501   3.523   -57.70129    0.00002    0.00002    1501       1
    1502   3.509   -57.70131    0.00002    0.00004    1502       2
    1503   3.526   -57.70129    0.00002    0.00002    1503       1
    1504   3.527   -57.70129    0.00002    0.00002    1504       1
    1505   3.528   -57.70128    0.00002    0.00002    1505       1
    1506   3.528   -57.70128    0.00002    0.00002    1506       1
    1507   3.529   -57.70128    0.00002    0.00002    1507       1
    1508   3.531   -57.70128    0.00002    0.00005    1508       3
    1509   3.531   -57.70128    0.00002    0.00003    1509       2
    1510   3.531   -57.70128    0.00002    0.00002    1510       1
    1511   3.531   -57.70128    0.00002    0.00023    1511      13
    1512   3.535   -57.70127    0.00002    0.00002    1512       1
    1513   3.535   -57.70127    0.00002    0.00002    1513       1
    1514   3.535   -57.70127    0.00002    0.00007    1514       4
    1515   3.537   -57.70127    0.00002    0.00002    1515       1
    1516   3.536   -57.70127    0.00002    0.00010    1516       6
    1517   3.537   -57.70127    0.00002    0.00003    1517       2
    1518   3.539   -57.70127    0.00002    0.00003    1518       2
    1519   3.539   -57.70127    0.00002    0.00002    1519       1
    1520   3.539   -57.70127    0.00002    0.00007    1520       4
    1521   3.541   -57.70126    0.00002    0.00003    1521       2
    1522   3.542   -57.70126    0.00002    0.00005    1522       3
    1523   3.540   -57.70126    0.00002    0.00002    1523       1
    1524   3.543   -57.70126    0.00002    0.00005    1524       3
    1525   3.543   -57.70126    0.00002    0.00002    1525       1
    1526   3.544   -57.70126    0.00002    0.00007    1526       4
    1527   3.545   -57.70126    0.00002    0.00002    1527       1
    1528   3.545   -57.70126    0.00002    0.00007    1528       4
    1529   3.546   -57.70125    0.00002    0.00003    1529       2
    1530   3.537   -57.70127    0.00002    0.00002    1530       1
    1531   3.546   -57.70125    0.00002    0.00003    1531       2
    1532   3.546   -57.70125    0.00002    0.00005    1532       3
    1533   3.547   -57.70125    0.00002    0.00005    1533       3
    1534   3.547   -57.70125    0.00002    0.00003    1534       2
    1535   3.529   -57.70128    0.00002    0.00002    1535       1
    1536   3.546   -57.70126    0.00002    0.00003    1536       2
    1537   3.547   -57.70125    0.00002    0.00002    1537       1
    1538   3.545   -57.70126    0.00002    0.00012    1538       7
    1539   3.547   -57.70125    0.00002    0.00002    1539       1
    1540   3.548   -57.70125    0.00002    0.00007    1540       4
    1541   3.550   -57.70125    0.00002    0.00005    1541       3
    1542   3.552   -57.70125    0.00002    0.00005    1542       3
    1543   3.550   -57.70125    0.00002    0.00002    1543       1
    1544   3.553   -57.70124    0.00002    0.00002    1544       1
    1545   3.548   -57.70125    0.00002    0.00002    1545       1
    1546   3.554   -57.70124    0.00002    0.00010    1546       6
    1547   3.551   -57.70125    0.00002    0.00002    1547       1
    1548   3.554   -57.70124    0.00002    0.00002    1548       1
    1549   3.530   -57.70128    0.00002    0.00002    1549       1
    1550   3.555   -57.70124    0.00002    0.00002    1550       1
    1551   3.546   -57.70125    0.00002    0.00002    1551       1
    1552   3.555   -57.70124    0.00002    0.00002    1552       1
    1553   3.551   -57.70125    0.00002    0.00002    1553       1
    1554   3.555   -57.70124    0.00002    0.00003    1554       2
    1555   3.555   -57.70124    0.00002    0.00002    1555       1
    1556   3.555   -57.70124    0.00002    0.00002    1556       1
    1557   3.556   -57.70124    0.00002    0.00013    1557       8
    1558   3.558   -57.70123    0.00002    0.00003    1558       2
    1559   3.559   -57.70123    0.00002    0.00003    1559       2
    1560   3.558   -57.70124    0.00002    0.00012    1560       7
    1561   3.560   -57.70123    0.00002    0.00002    1561       1
    1562   3.560   -57.70123    0.00002    0.00002    1562       1
    1563   3.562   -57.70123    0.00002    0.00008    1563       5
    1564   3.563   -57.70123    0.00002    0.00003    1564       2
    1565   3.562   -57.70123    0.00002    0.00003    1565       2
    1566   3.563   -57.70123    0.00002    0.00002    1566       1
    1567   3.563   -57.70123    0.00002    0.00003    1567       2
    1568   3.563   -57.70123    0.00002    0.00002    1568       1
    1569   3.563   -57.70123    0.00002    0.00013    1569       8
    1570   3.564   -57.70123    0.00002    0.00008    1570       5
    1571   3.565   -57.70122    0.00002    0.00010    1571       6
    1572   3.565   -57.70122    0.00002    0.00008    1572       5
    1573   3.566   -57.70122    0.00002    0.00002    1573       1
    1574   3.566   -57.70122    0.00002    0.00005    1574       3
    1575   3.558   -57.70124    0.00002    0.00003    1575       2
    1576   3.566   -57.70122    0.00002    0.00002    1576       1
    1577   3.544   -57.70126    0.00002    0.00003    1577       2
    1578   3.565   -57.70122    0.00002    0.00002    1578       1
    1579   3.567   -57.70122    0.00002    0.00002    1579       1
    1580   3.566   -57.70122    0.00002    0.00003    1580       2
    1581   3.567   -57.70122    0.00002    0.00005    1581       3
    1582   3.569   -57.70122    0.00002    0.00003    1582       2
    1583   3.569   -57.70122    0.00002    0.00007    1583       4
    1584   3.569   -57.70122    0.00002    0.00015    1584       9
    1585   3.570   -57.70122    0.00002    0.00002    1585       1
    1586   3.572   -57.70121    0.00002    0.00002    1586       1
    1587   3.573   -57.70121    0.00002    0.00002    1587       1
    1588   3.573   -57.70121    0.00002    0.00002    1588       1
    1589   3.573   -57.70121    0.00002    0.00003    1589       2
    1590   3.571   -57.70122    0.00002    0.00003    1590       2
    1591   3.574   -57.70121    0.00002    0.00006    1591       4
    1592   3.573   -57.70121    0.00002    0.00011    1592       7
    1593   3.576   -57.70121    0.00002    0.00002    1593       1
    1594   3.576   -57.70121    0.00002    0.00002    1594       1
    1595   3.575   -57.70121    0.00002    0.00003    1595       2
    1596   3.576   -57.70121    0.00002    0.00002    1596       1
    1597   3.577   -57.70121    0.00002    0.00002    1597       1
    1598   3.578   -57.70120    0.00002    0.00005    1598       3
    1599   3.579   -57.70120    0.00002    0.00002    1599       1
    1600   3.579   -57.70120    0.00002    0.00002    1600       1
    1601   3.580   -57.70120    0.00002    0.00003    1601       2
    1602   3.580   -57.70120    0.00002    0.00005    1602       3
    1603   3.580   -57.70120    0.00002    0.00003    1603       2
    1604   3.580   -57.70120    0.00002    0.00002    1604       1
    1605   3.581   -57.70120    0.00002    0.00003    1605       2
    1606   3.581   -57.70120    0.00002    0.00002    1606       1
    1607   3.581   -57.70120    0.00002    0.00002    1607       1
    1608   3.582   -57.70120    0.00002    0.00011    1608       7
    1609   3.583   -57.70119    0.00002    0.00002    1609       1
    1610   3.582   -57.70120    0.00002    0.00002    1610       1
    1611   3.580   -57.70120    0.00002    0.00002    1611       1
    1612   3.584   -57.70119    0.00002    0.00003    1612       2
    1613   3.584   -57.70119    0.00002    0.00010    1613       6
    1614   3.586   -57.70119    0.00002    0.00005    1614       3
    1615   3.585   -57.70119    0.00002    0.00008    1615       5
    1616   3.586   -57.70119    0.00002    0.00010    1616       6
    1617   3.579   -57.70120    0.00002    0.00002    1617       1
    1618   3.588   -57.70119    0.00002    0.00002    1618       1
    1619   3.587   -57.70119    0.00002    0.00003    1619       2
    1620   3.589   -57.70119    0.00002    0.00002    1620       1
    1621   3.589   -57.70119    0.00002    0.00002    1621       1
    1622   3.590   -57.70118    0.00002    0.00002    1622       1
    1623   3.591   -57.70118    0.00002    0.00002    1623       1
    1624   3.592   -57.70118    0.00002    0.00002    1624       1
    1625   3.589   -57.70119    0.00002    0.00005    1625       3
    1626   3.589   -57.70119    0.00002    0.00006    1626       4
    1627   3.593   -57.70118    0.00002    0.00002    1627       1
    1628   3.593   -57.70118    0.00002    0.00002    1628       1
    1629   3.595   -57.70118    0.00002    0.00002    1629       1
    1630   3.596   -57.70118    0.00002    0.00008    1630       5
    1631   3.596   -57.70118    0.00002    0.00006    1631       4
    1632   3.597   -57.70117    0.00002    0.00002    1632       1
    1633   3.597   -57.70117    0.00002    0.00002    1633       1
    1634   3.598   -57.70117    0.00002    0.00002    1634       1
    1635   3.598   -57.70117    0.00002    0.00012    1635       8
    1636   3.599   -57.70117    0.00002    0.00002    1636       1
    1637   3.598   -57.70117    0.00002    0.00002    1637       1
    1638   3.598   -57.70117    0.00002    0.00017    1638      11
    1639   3.601   -57.70117    0.00002    0.00002    1639       1
    1640   3.601   -57.70117    0.00002    0.00009    1640       6
    1641   3.602   -57.70117    0.00002    0.00002    1641       1
    1642   3.602   -57.70117    0.00002    0.00003    1642       2
    1643   3.595   -57.70118    0.00002    0.00002    1643       1
    1644   3.603   -57.70116    0.00002    0.00003    1644       2
    1645   3.604   -57.70116    0.00002    0.00003    1645       2
    1646   3.605   -57.70116    0.00002    0.00002    1646       1
    1647   3.604   -57.70116    0.00002    0.00002    1647       1
    1648   3.604   -57.70116    0.00002    0.00006    1648       4
    1649   3.605   -57.70116    0.00002    0.00002    1649       1
    1650   3.605   -57.70116    0.00002    0.00003    1650       2
    1651   3.609   -57.70115    0.00002    0.00011    1651       7
    1652   3.611   -57.70115    0.00002    0.00002    1652       1
    1653   3.611   -57.70115    0.00002    0.00005    1653       3
    1654   3.612   -57.70115    0.00002    0.00003    1654       2
    1655   3.612   -57.70115    0.00002    0.00003    1655       2
    1656   3.609   -57.70115    0.00002    0.00008    1656       5
    1657   3.613   -57.70115    0.00002    0.00005    1657       3
    1658   3.613   -57.70115    0.00002    0.00006    1658       4
    1659   3.614   -57.70115    0.00002    0.00002    1659       1
    1660   3.613   -57.70115    0.00002    0.00002    1660       1
    1661   3.613   -57.70115    0.00002    0.00011    1661       7
    1662   3.612   -57.70115    0.00002    0.00002    1662       1
    1663   3.614   -57.70115    0.00002    0.00006    1663       4
    1664   3.615   -57.70114    0.00002    0.00002    1664       1
    1665   3.615   -57.70114    0.00002    0.00005    1665       3
    1666   3.615   -57.70114    0.00002    0.00006    1666       4
    1667   3.616   -57.70114    0.00002    0.00002    1667       1
    1668   3.616   -57.70114    0.00002    0.00002    1668       1
    1669   3.615   -57.70114    0.00002    0.00017    1669      11
    1670   3.617   -57.70114    0.00002    0.00008    1670       5
    1671   3.616   -57.70114    0.00002    0.00003    1671       2
    1672   3.617   -57.70114    0.00002    0.00002    1672       1
    1673   3.617   -57.70114    0.00002    0.00002    1673       1
    1674   3.617   -57.70114    0.00002    0.00008    1674       5
    1675   3.618   -57.70114    0.00002    0.00014    1675       9
    1676   3.618   -57.70114    0.00002    0.00002    1676       1
    1677   3.619   -57.70114    0.00002    0.00020    1677      13
    1678   3.624   -57.70113    0.00001    0.00001    1678       1
    1679   3.624   -57.70113    0.00001    0.00001    1679       1
    1680   3.624   -57.70113    0.00001    0.00006    1680       4
    1681   3.624   -57.70113    0.00001    0.00001    1681       1
    1682   3.624   -57.70113    0.00001    0.00004    1682       3
    1683   3.617   -57.70114    0.00002    0.00002    1683       1
    1684   3.624   -57.70113    0.00001    0.00003    1684       2
    1685   3.625   -57.70113    0.00001    0.00013    1685       9
    1686   3.627   -57.70113    0.00001    0.00003    1686       2
    1687   3.629   -57.70112    0.00001    0.00003    1687       2
    1688   3.629   -57.70112    0.00001    0.00001    1688       1
    1689   3.628   -57.70112    0.00001    0.00001    1689       1
    1690   3.630   -57.70112    0.00001    0.00001    1690       1
    1691   3.631   -57.70112    0.00001    0.00001    1691       1
    1692   3.623   -57.70113    0.00001    0.00001    1692       1
    1693   3.632   -57.70112    0.00001    0.00001    1693       1
    1694   3.633   -57.70112    0.00001    0.00001    1694       1
    1695   3.632   -57.70112    0.00001    0.00001    1695       1
    1696   3.633   -57.70112    0.00001    0.00003    1696       2
    1697   3.634   -57.70111    0.00001    0.00004    1697       3
    1698   3.635   -57.70111    0.00001    0.00003    1698       2
    1699   3.635   -57.70111    0.00001    0.00006    1699       4
    1700   3.635   -57.70111    0.00001    0.00001    1700       1
    1701   3.637   -57.70111    0.00001    0.00001    1701       1
    1702   3.637   -57.70111    0.00001    0.00004    1702       3
    1703   3.638   -57.70111    0.00001    0.00001    1703       1
    1704   3.634   -57.70111    0.00001    0.00001    1704       1
    1705   3.636   -57.70111    0.00001    0.00001    1705       1
    1706   3.638   -57.70111    0.00001    0.00001    1706       1
    1707   3.638   -57.70111    0.00001    0.00004    1707       3
    1708   3.639   -57.70111    0.00001    0.00001    1708       1
    1709   3.639   -57.70111    0.00001    0.00003    1709       2
    1710   3.617   -57.70114    0.00002    0.00002    1710       1
    1711   3.641   -57.70110    0.00001    0.00012    1711       8
    1712   3.642   -57.70110    0.00001    0.00006    1712       4
    1713   3.642   -57.70110    0.00001    0.00001    1713       1
    1714   3.642   -57.70110    0.00001    0.00003    1714       2
    1715   3.642   -57.70110    0.00001    0.00001    1715       1
    1716   3.642   -57.70110    0.00001    0.00017    1716      12
    1717   3.643   -57.70110    0.00001    0.00010    1717       7
    1718   3.644   -57.70110    0.00001    0.00003    1718       2
    1719   3.645   -57.70110    0.00001    0.00003    1719       2
    1720   3.645   -57.70110    0.00001    0.00014    1720      10
    1721   3.642   -57.70110    0.00001    0.00001    1721       1
    1722   3.647   -57.70109    0.00001    0.00007    1722       5
    1723   3.647   -57.70109    0.00001    0.00001    1723       1
    1724   3.642   -57.70110    0.00001    0.00001    1724       1
    1725   3.648   -57.70109    0.00001    0.00003    1725       2
    1726   3.649   -57.70109    0.00001    0.00001    1726       1
    1727   3.641   -57.70110    0.00001    0.00001    1727       1
    1728   3.648   -57.70109    0.00001    0.00004    1728       3
    1729   3.648   -57.70109    0.00001    0.00001    1729       1
    1730   3.649   -57.70109    0.00001    0.00004    1730       3
    1731   3.650   -57.70109    0.00001    0.00003    1731       2
    1732   3.650   -57.70109    0.00001    0.00001    1732       1
    1733   3.650   -57.70109    0.00001    0.00009    1733       6
    1734   3.651   -57.70109    0.00001    0.00001    1734       1
    1735   3.651   -57.70109    0.00001    0.00001    1735       1
    1736   3.643   -57.70110    0.00001    0.00001    1736       1
    1737   3.651   -57.70109    0.00001    0.00018    1737      13
    1738   3.654   -57.70108    0.00001    0.00006    1738       4
    1739   3.654   -57.70108    0.00001    0.00001    1739       1
    1740   3.654   -57.70108    0.00001    0.00007    1740       5
    1741   3.643   -57.70110    0.00001    0.00001    1741       1
    1742   3.648   -57.70109    0.00001    0.00003    1742       2
    1743   3.654   -57.70108    0.00001    0.00006    1743       4
    1744   3.656   -57.70108    0.00001    0.00001    1744       1
    1745   3.655   -57.70108    0.00001    0.00003    1745       2
    1746   3.657   -57.70108    0.00001    0.00001    1746       1
    1747   3.658   -57.70108    0.00001    0.00001    1747       1
    1748   3.658   -57.70108    0.00001    0.00003    1748       2
    1749   3.658   -57.70108    0.00001    0.00001    1749       1
    1750   3.660   -57.70107    0.00001    0.00001    1750       1
    1751   3.660   -57.70107    0.00001    0.00001    1751       1
    1752   3.660   -57.70107    0.00001    0.00007    1752       5
    1753   3.662   -57.70107    0.00001    0.00004    1753       3
    1754   3.663   -57.70107    0.00001    0.00003    1754       2
    1755   3.661   -57.70107    0.00001    0.00007    1755       5
    1756   3.663   -57.70107    0.00001    0.00001    1756       1
    1757   3.663   -57.70107    0.00001    0.00001    1757       1
    1758   3.664   -57.70107    0.00001    0.00003    1758       2
    1759   3.646   -57.70109    0.00001    0.00006    1759       4
    1760   3.666   -57.70106    0.00001    0.00003    1760       2
    1761   3.662   -57.70107    0.00001    0.00003    1761       2
    1762   3.658   -57.70108    0.00001    0.00001    1762       1
    1763   3.666   -57.70106    0.00001    0.00001    1763       1
    1764   3.666   -57.70106    0.00001    0.00001    1764       1
    1765   3.666   -57.70106    0.00001    0.00003    1765       2
    1766   3.667   -57.70106    0.00001    0.00006    1766       4
    1767   3.667   -57.70106    0.00001    0.00007    1767       5
    1768   3.668   -57.70106    0.00001    0.00001    1768       1
    1769   3.668   -57.70106    0.00001    0.00001    1769       1
    1770   3.667   -57.70106    0.00001    0.00010    1770       7
    1771   3.669   -57.70106    0.00001    0.00001    1771       1
    1772   3.669   -57.70106    0.00001    0.00008    1772       6
    1773   3.670   -57.70106    0.00001    0.00008    1773       6
    1774   3.671   -57.70105    0.00001    0.00001    1774       1
    1775   3.671   -57.70106    0.00001    0.00001    1775       1
    1776   3.672   -57.70105    0.00001    0.00006    1776       4
    1777   3.670   -57.70106    0.00001    0.00004    1777       3
    1778   3.673   -57.70105    0.00001    0.00011    1778       8
    1779   3.674   -57.70105    0.00001    0.00001    1779       1
    1780   3.673   -57.70105    0.00001    0.00001    1780       1
    1781   3.670   -57.70106    0.00001    0.00001    1781       1
    1782   3.674   -57.70105    0.00001    0.00005    1782       4
    1783   3.678   -57.70104    0.00001    0.00010    1783       7
    1784   3.679   -57.70104    0.00001    0.00001    1784       1
    1785   3.678   -57.70104    0.00001    0.00001    1785       1
    1786   3.679   -57.70104    0.00001    0.00005    1786       4
    1787   3.679   -57.70104    0.00001    0.00001    1787       1
    1788   3.679   -57.70104    0.00001    0.00003    1788       2
    1789   3.680   -57.70104    0.00001    0.00001    1789       1
    1790   3.680   -57.70104    0.00001    0.00003    1790       2
    1791   3.679   -57.70104    0.00001    0.00003    1791       2
    1792   3.681   -57.70104    0.00001    0.00007    1792       5
    1793   3.680   -57.70104    0.00001    0.00001    1793       1
    1794   3.680   -57.70104    0.00001    0.00011    1794       8
    1795   3.682   -57.70104    0.00001    0.00003    1795       2
    1796   3.682   -57.70104    0.00001    0.00001    1796       1
    1797   3.683   -57.70104    0.00001    0.00001    1797       1
    1798   3.684   -57.70104    0.00001    0.00004    1798       3
    1799   3.685   -57.70103    0.00001    0.00001    1799       1
    1800   3.686   -57.70103    0.00001    0.00001    1800       1
    1801   3.669   -57.70106    0.00001    0.00001    1801       1
    1802   3.686   -57.70103    0.00001    0.00001    1802       1
    1803   3.686   -57.70103    0.00001    0.00001    1803       1
    1804   3.686   -57.70103    0.00001    0.00001    1804       1
    1805   3.687   -57.70103    0.00001    0.00004    1805       3
    1806   3.668   -57.70106    0.00001    0.00005    1806       4
    1807   3.688   -57.70103    0.00001    0.00007    1807       5
    1808   3.692   -57.70102    0.00001    0.00001    1808       1
    1809   3.692   -57.70102    0.00001    0.00001    1809       1
    1810   3.686   -57.70103    0.00001    0.00001    1810       1
    1811   3.692   -57.70102    0.00001    0.00001    1811       1
    1812   3.692   -57.70102    0.00001    0.00003    1812       2
    1813   3.692   -57.70102    0.00001    0.00001    1813       1
    1814   3.694   -57.70102    0.00001    0.00001    1814       1
    1815   3.694   -57.70102    0.00001    0.00016    1815      12
    1816   3.697   -57.70101    0.00001    0.00001    1816       1
    1817   3.698   -57.70101    0.00001    0.00001    1817       1
    1818   3.695   -57.70102    0.00001    0.00005    1818       4
    1819   3.698   -57.70101    0.00001    0.00003    1819       2
    1820   3.698   -57.70101    0.00001    0.00001    1820       1
    1821   3.698   -57.70101    0.00001    0.00001    1821       1
    1822   3.699   -57.70101    0.00001    0.00001    1822       1
    1823   3.699   -57.70101    0.00001    0.00001    1823       1
    1824   3.699   -57.70101    0.00001    0.00004    1824       3
    1825   3.700   -57.70101    0.00001    0.00001    1825       1
    1826   3.692   -57.70102    0.00001    0.00001    1826       1
    1827   3.701   -57.70101    0.00001    0.00001    1827       1
    1828   3.695   -57.70102    0.00001    0.00001    1828       1
    1829   3.701   -57.70101    0.00001    0.00004    1829       3
    1830   3.702   -57.70101    0.00001    0.00003    1830       2
    1831   3.703   -57.70100    0.00001    0.00001    1831       1
    1832   3.703   -57.70100    0.00001    0.00001    1832       1
    1833   3.703   -57.70100    0.00001    0.00001    1833       1
    1834   3.704   -57.70100    0.00001    0.00001    1834       1
    1835   3.704   -57.70100    0.00001    0.00001    1835       1
    1836   3.701   -57.70101    0.00001    0.00001    1836       1
    1837   3.704   -57.70100    0.00001    0.00003    1837       2
    1838   3.704   -57.70100    0.00001    0.00001    1838       1
    1839   3.704   -57.70100    0.00001    0.00001    1839       1
    1840   3.705   -57.70100    0.00001    0.00003    1840       2
    1841   3.705   -57.70100    0.00001    0.00001    1841       1
    1842   3.705   -57.70100    0.00001    0.00005    1842       4
    1843   3.705   -57.70100    0.00001    0.00009    1843       7
    1844   3.708   -57.70100    0.00001    0.00007    1844       5
    1845   3.708   -57.70100    0.00001    0.00001    1845       1
    1846   3.708   -57.70100    0.00001    0.00001    1846       1
    1847   3.708   -57.70100    0.00001    0.00001    1847       1
    1848   3.709   -57.70100    0.00001    0.00003    1848       2
    1849   3.709   -57.70099    0.00001    0.00001    1849       1
    1850   3.710   -57.70099    0.00001    0.00006    1850       5
    1851   3.710   -57.70099    0.00001    0.00001    1851       1
    1852   3.710   -57.70099    0.00001    0.00001    1852       1
    1853   3.711   -57.70099    0.00001    0.00001    1853       1
    1854   3.710   -57.70099    0.00001    0.00001    1854       1
    1855   3.710   -57.70099    0.00001    0.00009    1855       7
    1856   3.712   -57.70099    0.00001    0.00001    1856       1
    1857   3.712   -57.70099    0.00001    0.00004    1857       3
    1858   3.712   -57.70099    0.00001    0.00001    1858       1
    1859   3.711   -57.70099    0.00001    0.00004    1859       3
    1860   3.714   -57.70099    0.00001    0.00010    1860       8
    1861   3.710   -57.70099    0.00001    0.00003    1861       2
    1862   3.711   -57.70099    0.00001    0.00003    1862       2
    1863   3.716   -57.70098    0.00001    0.00001    1863       1
    1864   3.717   -57.70098    0.00001    0.00001    1864       1
    1865   3.718   -57.70098    0.00001    0.00001    1865       1
    1866   3.718   -57.70098    0.00001    0.00001    1866       1
    1867   3.701   -57.70101    0.00001    0.00001    1867       1
    1868   3.719   -57.70098    0.00001    0.00001    1868       1
    1869   3.720   -57.70098    0.00001    0.00001    1869       1
    1870   3.721   -57.70098    0.00001    0.00001    1870       1
    1871   3.721   -57.70097    0.00001    0.00001    1871       1
    1872   3.722   -57.70097    0.00001    0.00001    1872       1
    1873   3.722   -57.70097    0.00001    0.00006    1873       5
    1874   3.711   -57.70099    0.00001    0.00001    1874       1
    1875   3.722   -57.70097    0.00001    0.00003    1875       2
    1876   3.722   -57.70097    0.00001    0.00005    1876       4
    1877   3.728   -57.70096    0.00001    0.00001    1877       1
    1878   3.730   -57.70096    0.00001    0.00004    1878       3
    1879   3.730   -57.70096    0.00001    0.00001    1879       1
    1880   3.726   -57.70097    0.00001    0.00003    1880       2
    1881   3.731   -57.70096    0.00001    0.00002    1881       2
    1882   3.731   -57.70096    0.00001    0.00001    1882       1
    1883   3.726   -57.70097    0.00001    0.00003    1883       2
    1884   3.732   -57.70096    0.00001    0.00003    1884       2
    1885   3.732   -57.70096    0.00001    0.00001    1885       1
    1886   3.733   -57.70096    0.00001    0.00001    1886       1
    1887   3.733   -57.70096    0.00001    0.00001    1887       1
    1888   3.733   -57.70096    0.00001    0.00001    1888       1
    1889   3.727   -57.70097    0.00001    0.00001    1889       1
    1890   3.733   -57.70096    0.00001    0.00001    1890       1
    1891   3.733   -57.70096    0.00001    0.00007    1891       6
    1892   3.735   -57.70095    0.00001    0.00002    1892       2
    1893   3.735   -57.70095    0.00001    0.00005    1893       4
    1894   3.735   -57.70095    0.00001    0.00005    1894       4
    1895   3.735   -57.70095    0.00001    0.00001    1895       1
    1896   3.735   -57.70095    0.00001    0.00007    1896       6
    1897   3.735   -57.70095    0.00001    0.00004    1897       3
    1898   3.738   -57.70095    0.00001    0.00002    1898       2
    1899   3.738   -57.70095    0.00001    0.00001    1899       1
    1900   3.738   -57.70095    0.00001    0.00001    1900       1
    1901   3.739   -57.70095    0.00001    0.00001    1901       1
    1902   3.739   -57.70095    0.00001    0.00004    1902       3
    1903   3.739   -57.70095    0.00001    0.00001    1903       1
    1904   3.740   -57.70095    0.00001    0.00005    1904       4
    1905   3.733   -57.70096    0.00001    0.00001    1905       1
    1906   3.741   -57.70094    0.00001    0.00002    1906       2
    1907   3.741   -57.70094    0.00001    0.00004    1907       3
    1908   3.742   -57.70094    0.00001    0.00001    1908       1
    1909   3.742   -57.70094    0.00001    0.00002    1909       2
    1910   3.734   -57.70095    0.00001    0.00007    1910       6
    1911   3.744   -57.70094    0.00001    0.00005    1911       4
    1912   3.746   -57.70094    0.00001    0.00001    1912       1
    1913   3.746   -57.70094    0.00001    0.00005    1913       4
    1914   3.747   -57.70093    0.00001    0.00001    1914       1
    1915   3.746   -57.70094    0.00001    0.00004    1915       3
    1916   3.747   -57.70093    0.00001    0.00004    1916       3
    1917   3.747   -57.70093    0.00001    0.00002    1917       2
    1918   3.748   -57.70093    0.00001    0.00001    1918       1
    1919   3.748   -57.70093    0.00001    0.00001    1919       1
    1920   3.748   -57.70093    0.00001    0.00005    1920       4
    1921   3.749   -57.70093    0.00001    0.00001    1921       1
    1922   3.749   -57.70093    0.00001    0.00007    1922       6
    1923   3.749   -57.70093    0.00001    0.00002    1923       2
    1924   3.749   -57.70093    0.00001    0.00001    1924       1
    1925   3.749   -57.70093    0.00001    0.00004    1925       3
    1926   3.752   -57.70093    0.00001    0.00002    1926       2
    1927   3.748   -57.70093    0.00001    0.00004    1927       3
    1928   3.752   -57.70093    0.00001    0.00005    1928       4
    1929   3.752   -57.70093    0.00001    0.00001    1929       1
    1930   3.753   -57.70092    0.00001    0.00001    1930       1
    1931   3.753   -57.70092    0.00001    0.00001    1931       1
    1932   3.754   -57.70092    0.00001    0.00002    1932       2
    1933   3.754   -57.70092    0.00001    0.00001    1933       1
    1934   3.754   -57.70092    0.00001    0.00004    1934       3
    1935   3.754   -57.70092    0.00001    0.00001    1935       1
    1936   3.755   -57.70092    0.00001    0.00005    1936       4
    1937   3.755   -57.70092    0.00001    0.00001    1937       1
    1938   3.755   -57.70092    0.00001    0.00001    1938       1
    1939   3.756   -57.70092    0.00001    0.00001    1939       1
    1940   3.756   -57.70092    0.00001    0.00001    1940       1
    1941   3.756   -57.70092    0.00001    0.00005    1941       4
    1942   3.754   -57.70092    0.00001    0.00002    1942       2
    1943   3.755   -57.70092    0.00001    0.00007    1943       6
    1944   3.756   -57.70092    0.00001    0.00005    1944       4
    1945   3.757   -57.70092    0.00001    0.00006    1945       5
    1946   3.758   -57.70092    0.00001    0.00001    1946       1
    1947   3.758   -57.70092    0.00001    0.00008    1947       7
    1948   3.759   -57.70092    0.00001    0.00001    1948       1
    1949   3.756   -57.70092    0.00001    0.00004    1949       3
    1950   3.760   -57.70091    0.00001    0.00002    1950       2
    1951   3.760   -57.70091    0.00001    0.00002    1951       2
    1952   3.760   -57.70091    0.00001    0.00001    1952       1
    1953   3.762   -57.70091    0.00001    0.00001    1953       1
    1954   3.760   -57.70091    0.00001    0.00004    1954       3
    1955   3.761   -57.70091    0.00001    0.00001    1955       1
    1956   3.762   -57.70091    0.00001    0.00010    1956       8
    1957   3.763   -57.70091    0.00001    0.00001    1957       1
    1958   3.744   -57.70094    0.00001    0.00001    1958       1
    1959   3.764   -57.70091    0.00001    0.00001    1959       1
    1960   3.765   -57.70091    0.00001    0.00001    1960       1
    1961   3.765   -57.70090    0.00001    0.00004    1961       3
    1962   3.767   -57.70090    0.00001    0.00001    1962       1
    1963   3.765   -57.70091    0.00001    0.00001    1963       1
    1964   3.765   -57.70091    0.00001    0.00001    1964       1
    1965   3.767   -57.70090    0.00001    0.00001    1965       1
    1966   3.767   -57.70090    0.00001    0.00001    1966       1
    1967   3.768   -57.70090    0.00001    0.00001    1967       1
    1968   3.768   -57.70090    0.00001    0.00005    1968       4
    1969   3.769   -57.70090    0.00001    0.00002    1969       2
    1970   3.769   -57.70090    0.00001    0.00002    1970       2
    1971   3.770   -57.70090    0.00001    0.00001    1971       1
    1972   3.770   -57.70090    0.00001    0.00005    1972       4
    1973   3.771   -57.70090    0.00001    0.00002    1973       2
    1974   3.772   -57.70089    0.00001    0.00001    1974       1
    1975   3.769   -57.70090    0.00001    0.00001    1975       1
    1976   3.772   -57.70089    0.00001    0.00008    1976       7
    1977   3.773   -57.70089    0.00001    0.00002    1977       2
    1978   3.773   -57.70089    0.00001    0.00001    1978       1
    1979   3.772   -57.70089    0.00001    0.00005    1979       4
    1980   3.772   -57.70089    0.00001    0.00001    1980       1
    1981   3.773   -57.70089    0.00001    0.00008    1981       7
    1982   3.775   -57.70089    0.00001    0.00005    1982       4
    1983   3.775   -57.70089    0.00001    0.00006    1983       5
    1984   3.775   -57.70089    0.00001    0.00003    1984       3
    1985   3.749   -57.70093    0.00001    0.00005    1985       4
    1986   3.775   -57.70089    0.00001    0.00001    1986       1
    1987   3.777   -57.70089    0.00001    0.00002    1987       2
    1988   3.775   -57.70089    0.00001    0.00001    1988       1
    1989   3.778   -57.70088    0.00001    0.00001    1989       1
    1990   3.780   -57.70088    0.00001    0.00001    1990       1
    1991   3.777   -57.70089    0.00001    0.00001    1991       1
    1992   3.780   -57.70088    0.00001    0.00001    1992       1
    1993   3.780   -57.70088    0.00001    0.00002    1993       2
    1994   3.780   -57.70088    0.00001    0.00003    1994       3
    1995   3.781   -57.70088    0.00001    0.00002    1995       2
    1996   3.783   -57.70088    0.00001    0.00001    1996       1
    1997   3.781   -57.70088    0.00001    0.00002    1997       2
    1998   3.783   -57.70088    0.00001    0.00005    1998       4
    1999   3.784   -57.70087    0.00001    0.00006    1999       5
    2000   3.785   -57.70087    0.00001    0.00001    2000       1
    2001   3.785   -57.70087    0.00001    0.00001    2001       1
    2002   3.785   -57.70087    0.00001    0.00001    2002       1
    2003   3.785   -57.70087    0.00001    0.00001    2003       1
    2004   3.785   -57.70087    0.00001    0.00002    2004       2
    2005   3.786   -57.70087    0.00001    0.00008    2005       7
    2006   3.787   -57.70087    0.00001    0.00001    2006       1
    2007   3.788   -57.70087    0.00001    0.00006    2007       5
    2008   3.784   -57.70088    0.00001    0.00001    2008       1
    2009   3.789   -57.70087    0.00001    0.00001    2009       1
    2010   3.789   -57.70087    0.00001    0.00001    2010       1
    2011   3.789   -57.70087    0.00001    0.00001    2011       1
    2012   3.789   -57.70087    0.00001    0.00001    2012       1
    2013   3.789   -57.70087    0.00001    0.00001    2013       1
    2014   3.791   -57.70086    0.00001    0.00006    2014       5
    2015   3.792   -57.70086    0.00001    0.00002    2015       2
    2016   3.793   -57.70086    0.00001    0.00006    2016       5
    2017   3.793   -57.70086    0.00001    0.00001    2017       1
    2018   3.793   -57.70086    0.00001    0.00004    2018       4
    2019   3.792   -57.70086    0.00001    0.00003    2019       3
    2020   3.794   -57.70086    0.00001    0.00001    2020       1
    2021   3.795   -57.70086    0.00001    0.00004    2021       4
    2022   3.795   -57.70086    0.00001    0.00006    2022       5
    2023   3.796   -57.70086    0.00001    0.00010    2023       9
    2024   3.798   -57.70085    0.00001    0.00002    2024       2
    2025   3.798   -57.70085    0.00001    0.00001    2025       1
    2026   3.799   -57.70085    0.00001    0.00001    2026       1
    2027   3.795   -57.70086    0.00001    0.00003    2027       3
    2028   3.799   -57.70085    0.00001    0.00001    2028       1
    2029   3.798   -57.70085    0.00001    0.00001    2029       1
    2030   3.799   -57.70085    0.00001    0.00004    2030       4
    2031   3.801   -57.70085    0.00001    0.00008    2031       7
    2032   3.802   -57.70085    0.00001    0.00002    2032       2
    2033   3.803   -57.70084    0.00001    0.00001    2033       1
    2034   3.802   -57.70085    0.00001    0.00003    2034       3
    2035   3.802   -57.70085    0.00001    0.00001    2035       1
    2036   3.803   -57.70084    0.00001    0.00001    2036       1
    2037   3.804   -57.70084    0.00001    0.00003    2037       3
    2038   3.804   -57.70084    0.00001    0.00002    2038       2
    2039   3.798   -57.70085    0.00001    0.00002    2039       2
    2040   3.805   -57.70084    0.00001    0.00001    2040       1
    2041   3.805   -57.70084    0.00001    0.00002    2041       2
    2042   3.804   -57.70084    0.00001    0.00001    2042       1
    2043   3.806   -57.70084    0.00001    0.00001    2043       1
    2044   3.806   -57.70084    0.00001    0.00003    2044       3
    2045   3.807   -57.70084    0.00001    0.00002    2045       2
    2046   3.808   -57.70084    0.00001    0.00002    2046       2
    2047   3.808   -57.70084    0.00001    0.00002    2047       2
    2048   3.811   -57.70083    0.00001    0.00002    2048       2
    2049   3.808   -57.70084    0.00001    0.00001    2049       1
    2050   3.808   -57.70084    0.00001    0.00002    2050       2
    2051   3.810   -57.70083    0.00001    0.00007    2051       6
    2052   3.812   -57.70083    0.00001    0.00001    2052       1
    2053   3.812   -57.70083    0.00001    0.00001    2053       1
    2054   3.812   -57.70083    0.00001    0.00001    2054       1
    2055   3.812   -57.70083    0.00001    0.00002    2055       2
    2056   3.807   -57.70084    0.00001    0.00001    2056       1
    2057   3.812   -57.70083    0.00001    0.00001    2057       1
    2058   3.816   -57.70082    0.00001    0.00009    2058       8
    2059   3.818   -57.70082    0.00001    0.00002    2059       2
    2060   3.818   -57.70082    0.00001    0.00001    2060       1
    2061   3.808   -57.70084    0.00001    0.00001    2061       1
    2062   3.818   -57.70082    0.00001    0.00001    2062       1
    2063   3.819   -57.70082    0.00001    0.00001    2063       1
    2064   3.819   -57.70082    0.00001    0.00001    2064       1
    2065   3.819   -57.70082    0.00001    0.00001    2065       1
    2066   3.819   -57.70082    0.00001    0.00004    2066       4
    2067   3.813   -57.70083    0.00001    0.00004    2067       4
    2068   3.820   -57.70082    0.00001    0.00001    2068       1
    2069   3.821   -57.70082    0.00001    0.00001    2069       1
    2070   3.821   -57.70082    0.00001    0.00001    2070       1
    2071   3.822   -57.70082    0.00001    0.00001    2071       1
    2072   3.822   -57.70082    0.00001    0.00002    2072       2
    2073   3.822   -57.70081    0.00001    0.00001    2073       1
    2074   3.822   -57.70081    0.00001    0.00001    2074       1
    2075   3.813   -57.70083    0.00001    0.00006    2075       6
    2076   3.822   -57.70081    0.00001    0.00001    2076       1
    2077   3.824   -57.70081    0.00001    0.00001    2077       1
    2078   3.813   -57.70083    0.00001    0.00002    2078       2
    2079   3.819   -57.70082    0.00001    0.00001    2079       1
    2080   3.825   -57.70081    0.00001    0.00001    2080       1
    2081   3.825   -57.70081    0.00001    0.00001    2081       1
    2082   3.825   -57.70081    0.00001    0.00001    2082       1
    2083   3.825   -57.70081    0.00001    0.00006    2083       6
    2084   3.827   -57.70081    0.00001    0.00005    2084       5
    2085   3.830   -57.70080    0.00001    0.00007    2085       7
    2086   3.833   -57.70080    0.00001    0.00001    2086       1
    2087   3.833   -57.70080    0.00001    0.00003    2087       3
    2088   3.835   -57.70079    0.00001    0.00002    2088       2
    2089   3.823   -57.70081    0.00001    0.00003    2089       3
    2090   3.824   -57.70081    0.00001    0.00001    2090       1
    2091   3.839   -57.70079    0.00001    0.00002    2091       2
    2092   3.838   -57.70079    0.00001    0.00001    2092       1
    2093   3.839   -57.70079    0.00001    0.00002    2093       2
    2094   3.840   -57.70079    0.00001    0.00002    2094       2
    2095   3.840   -57.70079    0.00001    0.00003    2095       3
    2096   3.841   -57.70079    0.00001    0.00001    2096       1
    2097   3.840   -57.70079    0.00001    0.00001    2097       1
    2098   3.841   -57.70078    0.00001    0.00001    2098       1
    2099   3.841   -57.70078    0.00001    0.00001    2099       1
    2100   3.841   -57.70078    0.00001    0.00001    2100       1
    2101   3.841   -57.70078    0.00001    0.00001    2101       1
    2102   3.841   -57.70078    0.00001    0.00003    2102       3
    2103   3.842   -57.70078    0.00001    0.00002    2103       2
    2104   3.842   -57.70078    0.00001    0.00002    2104       2
    2105   3.842   -57.70078    0.00001    0.00003    2105       3
    2106   3.842   -57.70078    0.00001    0.00001    2106       1
    2107   3.842   -57.70078    0.00001    0.00001    2107       1
    2108   3.843   -57.70078    0.00001    0.00005    2108       5
    2109   3.844   -57.70078    0.00001    0.00001    2109       1
    2110   3.843   -57.70078    0.00001    0.00010    2110      10
    2111   3.845   -57.70078    0.00001    0.00001    2111       1
    2112   3.843   -57.70078    0.00001    0.00002    2112       2
    2113   3.846   -57.70078    0.00001    0.00004    2113       4
    2114   3.848   -57.70077    0.00001    0.00002    2114       2
    2115   3.848   -57.70077    0.00001    0.00005    2115       5
    2116   3.850   -57.70077    0.00001    0.00001    2116       1
    2117   3.851   -57.70077    0.00001    0.00001    2117       1
    2118   3.852   -57.70077    0.00001    0.00005    2118       5
    2119   3.854   -57.70076    0.00001    0.00001    2119       1
    2120   3.854   -57.70076    0.00001    0.00001    2120       1
    2121   3.854   -57.70076    0.00001    0.00001    2121       1
    2122   3.831   -57.70080    0.00001    0.00001    2122       1
    2123   3.843   -57.70078    0.00001    0.00002    2123       2
    2124   3.856   -57.70076    0.00001    0.00001    2124       1
    2125   3.856   -57.70076    0.00001    0.00001    2125       1
    2126   3.856   -57.70076    0.00001    0.00001    2126       1
    2127   3.856   -57.70076    0.00001    0.00001    2127       1
    2128   3.841   -57.70078    0.00001    0.00001    2128       1
    2129   3.857   -57.70076    0.00001    0.00002    2129       2
    2130   3.841   -57.70078    0.00001    0.00002    2130       2
    2131   3.857   -57.70076    0.00001    0.00003    2131       3
    2132   3.858   -57.70076    0.00001    0.00004    2132       4
    2133   3.858   -57.70076    0.00001    0.00001    2133       1
    2134   3.858   -57.70076    0.00001    0.00002    2134       2
    2135   3.858   -57.70076    0.00001    0.00001    2135       1
    2136   3.858   -57.70076    0.00001    0.00003    2136       3
    2137   3.859   -57.70076    0.00001    0.00002    2137       2
    2138   3.859   -57.70075    0.00001    0.00002    2138       2
    2139   3.860   -57.70075    0.00001    0.00003    2139       3
    2140   3.855   -57.70076    0.00001    0.00001    2140       1
    2141   3.860   -57.70075    0.00001    0.00002    2141       2
    2142   3.860   -57.70075    0.00001    0.00001    2142       1
    2143   3.860   -57.70075    0.00001    0.00006    2143       6
    2144   3.861   -57.70075    0.00001    0.00003    2144       3
    2145   3.862   -57.70075    0.00001    0.00007    2145       7
    2146   3.865   -57.70075    0.00001    0.00001    2146       1
    2147   3.865   -57.70075    0.00001    0.00005    2147       5
    2148   3.866   -57.70074    0.00001    0.00001    2148       1
    2149   3.866   -57.70074    0.00001    0.00001    2149       1
    2150   3.866   -57.70074    0.00001    0.00002    2150       2
    2151   3.862   -57.70075    0.00001    0.00002    2151       2
    2152   3.867   -57.70074    0.00001    0.00002    2152       2
    2153   3.866   -57.70075    0.00001    0.00001    2153       1
    2154   3.859   -57.70076    0.00001    0.00003    2154       3
    2155   3.868   -57.70074    0.00001    0.00001    2155       1
    2156   3.868   -57.70074    0.00001    0.00001    2156       1
    2157   3.868   -57.70074    0.00001    0.00001    2157       1
    2158   3.868   -57.70074    0.00001    0.00002    2158       2
    2159   3.868   -57.70074    0.00001    0.00001    2159       1
    2160   3.868   -57.70074    0.00001    0.00001    2160       1
    2161   3.868   -57.70074    0.00001    0.00001    2161       1
    2162   3.868   -57.70074    0.00001    0.00003    2162       3
    2163   3.869   -57.70074    0.00001    0.00004    2163       4
    2164   3.871   -57.70074    0.00001    0.00001    2164       1
    2165   3.871   -57.70074    0.00001    0.00003    2165       3
    2166   3.871   -57.70074    0.00001    0.00001    2166       1
    2167   3.871   -57.70074    0.00001    0.00001    2167       1
    2168   3.868   -57.70074    0.00001    0.00002    2168       2
    2169   3.871   -57.70074    0.00001    0.00004    2169       4
    2170   3.872   -57.70073    0.00001    0.00004    2170       4
    2171   3.828   -57.70080    0.00001    0.00001    2171       1
    2172   3.828   -57.70080    0.00001    0.00001    2172       1
    2173   3.873   -57.70073    0.00001    0.00001    2173       1
    2174   3.873   -57.70073    0.00001    0.00001    2174       1
    2175   3.874   -57.70073    0.00001    0.00001    2175       1
    2176   3.828   -57.70080    0.00001    0.00001    2176       1
    2177   3.829   -57.70080    0.00001    0.00002    2177       2
    2178   3.873   -57.70073    0.00001    0.00001    2178       1
    2179   3.829   -57.70080    0.00001    0.00001    2179       1
    2180   3.875   -57.70073    0.00001    0.00001    2180       1
    2181   3.875   -57.70073    0.00001    0.00001    2181       1
    2182   3.863   -57.70075    0.00001    0.00001    2182       1
    2183   3.875   -57.70073    0.00001    0.00002    2183       2
    2184   3.876   -57.70073    0.00001    0.00001    2184       1
    2185   3.876   -57.70073    0.00001    0.00002    2185       2
    2186   3.876   -57.70073    0.00001    0.00002    2186       2
    2187   3.877   -57.70073    0.00001    0.00001    2187       1
    2188   3.877   -57.70073    0.00001    0.00004    2188       4
    2189   3.879   -57.70072    0.00001    0.00001    2189       1
    2190   3.880   -57.70072    0.00001    0.00001    2190       1
    2191   3.880   -57.70072    0.00001    0.00002    2191       2
    2192   3.881   -57.70072    0.00001    0.00002    2192       2
    2193   3.881   -57.70072    0.00001    0.00002    2193       2
    2194   3.882   -57.70072    0.00001    0.00005    2194       5
    2195   3.884   -57.70072    0.00001    0.00001    2195       1
    2196   3.883   -57.70072    0.00001    0.00007    2196       7
    2197   3.885   -57.70071    0.00001    0.00001    2197       1
    2198   3.886   -57.70071    0.00001    0.00005    2198       5
    2199   3.886   -57.70071    0.00001    0.00001    2199       1
    2200   3.885   -57.70071    0.00001    0.00003    2200       3
    2201   3.887   -57.70071    0.00001    0.00002    2201       2
    2202   3.876   -57.70073    0.00001    0.00002    2202       2
    2203   3.888   -57.70071    0.00001    0.00002    2203       2
    2204   3.886   -57.70071    0.00001    0.00001    2204       1
    2205   3.888   -57.70071    0.00001    0.00001    2205       1
    2206   3.888   -57.70071    0.00001    0.00001    2206       1
    2207   3.883   -57.70072    0.00001    0.00001    2207       1
    2208   3.889   -57.70071    0.00001    0.00002    2208       2
    2209   3.889   -57.70071    0.00001    0.00003    2209       3
    2210   3.890   -57.70071    0.00001    0.00001    2210       1
    2211   3.890   -57.70071    0.00001    0.00001    2211       1
    2212   3.890   -57.70071    0.00001    0.00002    2212       2
    2213   3.891   -57.70071    0.00001    0.00003    2213       3
    2214   3.890   -57.70071    0.00001    0.00006    2214       6
    2215   3.890   -57.70071    0.00001    0.00002    2215       2
    2216   3.892   -57.70070    0.00001    0.00001    2216       1
    2217   3.893   -57.70070    0.00001    0.00004    2217       4
    2218   3.891   -57.70070    0.00001    0.00004    2218       4
    2219   3.895   -57.70070    0.00001    0.00001    2219       1
    2220   3.886   -57.70071    0.00001    0.00001    2220       1
    2221   3.895   -57.70070    0.00001    0.00001    2221       1
    2222   3.892   -57.70070    0.00001    0.00001    2222       1
    2223   3.896   -57.70070    0.00001    0.00001    2223       1
    2224   3.896   -57.70070    0.00001    0.00001    2224       1
    2225   3.898   -57.70069    0.00001    0.00001    2225       1
    2226   3.898   -57.70069    0.00001    0.00001    2226       1
    2227   3.899   -57.70069    0.00001    0.00001    2227       1
    2228   3.899   -57.70069    0.00001    0.00001    2228       1
    2229   3.900   -57.70069    0.00001    0.00002    2229       2
    2230   3.900   -57.70069    0.00001    0.00001    2230       1
    2231   3.901   -57.70069    0.00001    0.00001    2231       1
    2232   3.901   -57.70069    0.00001    0.00001    2232       1
    2233   3.891   -57.70071    0.00001    0.00001    2233       1
    2234   3.901   -57.70069    0.00001    0.00001    2234       1
    2235   3.901   -57.70069    0.00001    0.00001    2235       1
    2236   3.901   -57.70069    0.00001    0.00001    2236       1
    2237   3.902   -57.70069    0.00001    0.00001    2237       1
    2238   3.902   -57.70069    0.00001    0.00003    2238       3
    2239   3.903   -57.70069    0.00001    0.00003    2239       3
    2240   3.903   -57.70068    0.00001    0.00001    2240       1
    2241   3.904   -57.70068    0.00001    0.00001    2241       1
    2242   3.905   -57.70068    0.00001    0.00005    2242       5
    2243   3.906   -57.70068    0.00001    0.00006    2243       6
    2244   3.909   -57.70068    0.00001    0.00002    2244       2
    2245   3.908   -57.70068    0.00001    0.00006    2245       7
    2246   3.910   -57.70067    0.00001    0.00005    2246       5
    2247   3.912   -57.70067    0.00001    0.00001    2247       1
    2248   3.913   -57.70067    0.00001    0.00004    2248       4
    2249   3.910   -57.70067    0.00001    0.00003    2249       3
    2250   3.913   -57.70067    0.00001    0.00002    2250       2
    2251   3.915   -57.70067    0.00001    0.00007    2251       8
    2252   3.915   -57.70067    0.00001    0.00004    2252       4
    2253   3.916   -57.70067    0.00001    0.00001    2253       1
    2254   3.916   -57.70066    0.00001    0.00002    2254       2
    2255   3.916   -57.70066    0.00001    0.00001    2255       1
    2256   3.916   -57.70066    0.00001    0.00001    2256       1
    2257   3.916   -57.70066    0.00001    0.00002    2257       2
    2258   3.917   -57.70066    0.00001    0.00002    2258       2
    2259   3.918   -57.70066    0.00001    0.00005    2259       5
    2260   3.921   -57.70066    0.00001    0.00001    2260       1
    2261   3.922   -57.70066    0.00001    0.00005    2261       5
    2262   3.919   -57.70066    0.00001    0.00002    2262       2
    2263   3.923   -57.70065    0.00001    0.00002    2263       2
    2264   3.926   -57.70065    0.00001    0.00002    2264       2
    2265   3.926   -57.70065    0.00001    0.00001    2265       1
    2266   3.920   -57.70066    0.00001    0.00001    2266       1
    2267   3.914   -57.70067    0.00001    0.00003    2267       3
    2268   3.927   -57.70065    0.00001    0.00001    2268       1
    2269   3.927   -57.70065    0.00001    0.00002    2269       2
    2270   3.929   -57.70064    0.00001    0.00002    2270       2
    2271   3.928   -57.70064    0.00001    0.00001    2271       1
    2272   3.929   -57.70064    0.00001    0.00001    2272       1
    2273   3.929   -57.70064    0.00001    0.00004    2273       4
    2274   3.930   -57.70064    0.00001    0.00002    2274       2
    2275   3.929   -57.70064    0.00001    0.00001    2275       1
    2276   3.931   -57.70064    0.00001    0.00001    2276       1
    2277   3.931   -57.70064    0.00001    0.00004    2277       4
    2278   3.934   -57.70064    0.00001    0.00001    2278       1
    2279   3.932   -57.70064    0.00001    0.00001    2279       1
    2280   3.929   -57.70064    0.00001    0.00001    2280       1
    2281   3.908   -57.70068    0.00001    0.00003    2281       3
    2282   3.935   -57.70063    0.00001    0.00001    2282       1
    2283   3.929   -57.70064    0.00001    0.00001    2283       1
    2284   3.936   -57.70063    0.00001    0.00001    2284       1
    2285   3.937   -57.70063    0.00001    0.00002    2285       2
    2286   3.937   -57.70063    0.00001    0.00001    2286       1
    2287   3.937   -57.70063    0.00001    0.00003    2287       3
    2288   3.938   -57.70063    0.00001    0.00003    2288       3
    2289   3.939   -57.70063    0.00001    0.00002    2289       2
    2290   3.939   -57.70063    0.00001    0.00001    2290       1
    2291   3.939   -57.70063    0.00001    0.00001    2291       1
    2292   3.939   -57.70063    0.00001    0.00001    2292       1
    2293   3.941   -57.70062    0.00001    0.00008    2293       9
    2294   3.942   -57.70062    0.00001    0.00002    2294       2
    2295   3.942   -57.70062    0.00001    0.00001    2295       1
    2296   3.938   -57.70063    0.00001    0.00001    2296       1
    2297   3.942   -57.70062    0.00001    0.00001    2297       1
    2298   3.943   -57.70062    0.00001    0.00001    2298       1
    2299   3.943   -57.70062    0.00001    0.00001    2299       1
    2300   3.943   -57.70062    0.00001    0.00003    2300       3
    2301   3.944   -57.70062    0.00001    0.00001    2301       1
    2302   3.944   -57.70062    0.00001    0.00001    2302       1
    2303   3.944   -57.70062    0.00001    0.00002    2303       2
    2304   3.945   -57.70062    0.00001    0.00003    2304       3
    2305   3.945   -57.70062    0.00001    0.00003    2305       3
    2306   3.950   -57.70061    0.00001    0.00003    2306       4
    2307   3.950   -57.70061    0.00001    0.00001    2307       1
    2308   3.946   -57.70062    0.00001    0.00003    2308       3
    2309   3.951   -57.70061    0.00001    0.00002    2309       2
    2310   3.951   -57.70061    0.00001    0.00001    2310       1
    2311   3.951   -57.70061    0.00001    0.00001    2311       1
    2312   3.951   -57.70061    0.00001    0.00001    2312       1
    2313   3.951   -57.70061    0.00001    0.00001    2313       1
    2314   3.953   -57.70061    0.00001    0.00002    2314       2
    2315   3.952   -57.70061    0.00001    0.00001    2315       1
    2316   3.952   -57.70061    0.00001    0.00001    2316       1
    2317   3.952   -57.70061    0.00001    0.00001    2317       1
    2318   3.953   -57.70061    0.00001    0.00004    2318       5
    2319   3.956   -57.70060    0.00001    0.00001    2319       1
    2320   3.956   -57.70060    0.00001    0.00001    2320       1
    2321   3.956   -57.70060    0.00001    0.00001    2321       1
    2322   3.956   -57.70060    0.00001    0.00002    2322       2
    2323   3.951   -57.70061    0.00001    0.00001    2323       1
    2324   3.957   -57.70060    0.00001    0.00003    2324       4
    2325   3.959   -57.70060    0.00001    0.00001    2325       1
    2326   3.959   -57.70060    0.00001    0.00004    2326       5
    2327   3.960   -57.70059    0.00001    0.00002    2327       2
    2328   3.961   -57.70059    0.00001    0.00001    2328       1
    2329   3.961   -57.70059    0.00001    0.00002    2329       2
    2330   3.961   -57.70059    0.00001    0.00001    2330       1
    2331   3.961   -57.70059    0.00001    0.00001    2331       1
    2332   3.961   -57.70059    0.00001    0.00002    2332       2
    2333   3.961   -57.70059    0.00001    0.00001    2333       1
    2334   3.914   -57.70067    0.00001    0.00002    2334       2
    2335   3.963   -57.70059    0.00001    0.00003    2335       3
    2336   3.964   -57.70059    0.00001    0.00003    2336       4
    2337   3.965   -57.70059    0.00001    0.00002    2337       2
    2338   3.965   -57.70059    0.00001    0.00001    2338       1
    2339   3.965   -57.70059    0.00001    0.00001    2339       1
    2340   3.965   -57.70059    0.00001    0.00002    2340       2
    2341   3.965   -57.70059    0.00001    0.00002    2341       2
    2342   3.966   -57.70059    0.00001    0.00001    2342       1
    2343   3.965   -57.70059    0.00001    0.00002    2343       2
    2344   3.965   -57.70059    0.00001    0.00002    2344       2
    2345   3.966   -57.70059    0.00001    0.00002    2345       2
    2346   3.965   -57.70059    0.00001    0.00001    2346       1
    2347   3.966   -57.70059    0.00001    0.00003    2347       4
    2348   3.969   -57.70058    0.00001    0.00006    2348       7
    2349   3.970   -57.70058    0.00001    0.00001    2349       1
    2350   3.971   -57.70058    0.00001    0.00001    2350       1
    2351   3.972   -57.70058    0.00001    0.00001    2351       1
    2352   3.963   -57.70059    0.00001    0.00001    2352       1
    2353   3.972   -57.70058    0.00001    0.00001    2353       1
    2354   3.963   -57.70059    0.00001    0.00001    2354       1
    2355   3.972   -57.70058    0.00001    0.00001    2355       1
    2356   3.972   -57.70057    0.00001    0.00001    2356       1
    2357   3.972   -57.70057    0.00001    0.00001    2357       1
    2358   3.973   -57.70057    0.00001    0.00001    2358       1
    2359   3.973   -57.70057    0.00001    0.00002    2359       3
    2360   3.972   -57.70057    0.00001    0.00002    2360       2
    2361   3.972   -57.70057    0.00001    0.00001    2361       1
    2362   3.974   -57.70057    0.00001    0.00002    2362       3
    2363   3.976   -57.70057    0.00001    0.00002    2363       3
    2364   3.976   -57.70057    0.00001    0.00002    2364       3
    2365   3.976   -57.70057    0.00001    0.00001    2365       1
    2366   3.976   -57.70057    0.00001    0.00006    2366       7
    2367   3.977   -57.70057    0.00001    0.00001    2367       1
    2368   3.978   -57.70057    0.00001    0.00001    2368       1
    2369   3.978   -57.70057    0.00001    0.00003    2369       4
    2370   3.976   -57.70057    0.00001    0.00003    2370       4
    2371   3.980   -57.70056    0.00001    0.00003    2371       4
    2372   3.980   -57.70056    0.00001    0.00002    2372       2
    2373   3.980   -57.70056    0.00001    0.00001    2373       1
    2374   3.980   -57.70056    0.00001    0.00001    2374       1
    2375   3.980   -57.70056    0.00001    0.00010    2375      12
    2376   3.978   -57.70057    0.00001    0.00002    2376       2
    2377   3.983   -57.70056    0.00001    0.00004    2377       5
    2378   3.983   -57.70056    0.00001    0.00001    2378       1
    2379   3.973   -57.70057    0.00001    0.00001    2379       1
    2380   3.973   -57.70057    0.00001    0.00001    2380       1
    2381   3.983   -57.70056    0.00001    0.00001    2381       1
    2382   3.984   -57.70056    0.00001    0.00002    2382       2
    2383   3.979   -57.70056    0.00001    0.00002    2383       3
    2384   3.982   -57.70056    0.00001    0.00006    2384       7
    2385   3.985   -57.70056    0.00001    0.00002    2385       2
    2386   3.985   -57.70056    0.00001    0.00004    2386       5
    2387   3.985   -57.70055    0.00001    0.00001    2387       1
    2388   3.986   -57.70055    0.00001    0.00001    2388       1
    2389   3.973   -57.70057    0.00001    0.00001    2389       1
    2390   3.986   -57.70055    0.00001    0.00002    2390       2
    2391   3.982   -57.70056    0.00001    0.00002    2391       3
    2392   3.986   -57.70055    0.00001    0.00007    2392       9
    2393   3.978   -57.70057    0.00001    0.00001    2393       1
    2394   3.987   -57.70055    0.00001    0.00002    2394       3
    2395   3.958   -57.70060    0.00001    0.00001    2395       1
    2396   3.988   -57.70055    0.00001    0.00002    2396       2
    2397   3.988   -57.70055    0.00001    0.00001    2397       1
    2398   3.988   -57.70055    0.00001    0.00001    2398       1
    2399   3.958   -57.70060    0.00001    0.00007    2399       8
    2400   3.979   -57.70056    0.00001    0.00003    2400       4
    2401   3.989   -57.70055    0.00001    0.00002    2401       2
    2402   3.989   -57.70055    0.00001    0.00001    2402       1
    2403   3.986   -57.70055    0.00001    0.00002    2403       3
    2404   3.990   -57.70055    0.00001    0.00004    2404       5
    2405   3.990   -57.70055    0.00001    0.00001    2405       1
    2406   3.979   -57.70056    0.00001    0.00001    2406       1
    2407   3.990   -57.70055    0.00001    0.00001    2407       1
    2408   3.990   -57.70055    0.00001    0.00002    2408       3
    2409   3.991   -57.70055    0.00001    0.00001    2409       1
    2410   3.991   -57.70054    0.00001    0.00001    2410       1
    2411   3.990   -57.70055    0.00001    0.00001    2411       1
    2412   3.992   -57.70054    0.00001    0.00006    2412       7
    2413   3.992   -57.70054    0.00001    0.00005    2413       6
    2414   3.993   -57.70054    0.00001    0.00001    2414       1
    2415   3.994   -57.70054    0.00001    0.00002    2415       3
    2416   3.993   -57.70054    0.00001    0.00002    2416       2
    2417   3.993   -57.70054    0.00001    0.00005    2417       6
    2418   3.996   -57.70054    0.00001    0.00001    2418       1
    2419   3.996   -57.70054    0.00001    0.00001    2419       1
    2420   3.996   -57.70054    0.00001    0.00002    2420       2
    2421   3.998   -57.70053    0.00001    0.00001    2421       1
    2422   3.998   -57.70053    0.00001    0.00001    2422       1
    2423   3.997   -57.70054    0.00001    0.00004    2423       5
    2424   3.999   -57.70053    0.00001    0.00001    2424       1
    2425   3.999   -57.70053    0.00001    0.00001    2425       1
    2426   3.999   -57.70053    0.00001    0.00004    2426       5
    2427   4.000   -57.70053    0.00001    0.00004    2427       5
    2428   4.001   -57.70053    0.00001    0.00001    2428       1
    2429   4.001   -57.70053    0.00001    0.00004    2429       5
    2430   4.003   -57.70053    0.00001    0.00002    2430       3
    2431   4.000   -57.70053    0.00001    0.00003    2431       4
    2432   4.003   -57.70053    0.00001    0.00002    2432       2
    2433   4.004   -57.70052    0.00001    0.00002    2433       2
    2434   4.004   -57.70052    0.00001    0.00001    2434       1
    2435   3.992   -57.70054    0.00001    0.00001    2435       1
    2436   4.005   -57.70052    0.00001    0.00002    2436       3
    2437   4.003   -57.70053    0.00001    0.00001    2437       1
    2438   4.002   -57.70053    0.00001    0.00001    2438       1
    2439   4.005   -57.70052    0.00001    0.00002    2439       2
    2440   4.005   -57.70052    0.00001    0.00002    2440       2
    2441   4.006   -57.70052    0.00001    0.00001    2441       1
    2442   4.006   -57.70052    0.00001    0.00001    2442       1
    2443   4.006   -57.70052    0.00001    0.00003    2443       4
    2444   4.006   -57.70052    0.00001    0.00001    2444       1
    2445   4.006   -57.70052    0.00001    0.00001    2445       1
    2446   4.004   -57.70052    0.00001    0.00001    2446       1
    2447   4.006   -57.70052    0.00001    0.00001    2447       1
    2448   4.006   -57.70052    0.00001    0.00004    2448       5
    2449   4.006   -57.70052    0.00001    0.00002    2449       2
    2450   4.007   -57.70052    0.00001    0.00002    2450       2
    2451   4.007   -57.70052    0.00001    0.00001    2451       1
    2452   4.007   -57.70052    0.00001    0.00002    2452       2
    2453   4.011   -57.70051    0.00001    0.00002    2453       2
    2454   4.008   -57.70052    0.00001    0.00001    2454       1
    2455   4.012   -57.70051    0.00001    0.00001    2455       1
    2456   4.012   -57.70051    0.00001    0.00006    2456       8
    2457   4.001   -57.70053    0.00001    0.00002    2457       2
    2458   4.014   -57.70051    0.00001    0.00003    2458       4
    2459   4.010   -57.70052    0.00001    0.00001    2459       1
    2460   4.016   -57.70051    0.00001    0.00001    2460       1
    2461   4.016   -57.70050    0.00001    0.00001    2461       1
    2462   4.017   -57.70050    0.00001    0.00001    2462       1
    2463   4.015   -57.70051    0.00001    0.00001    2463       1
    2464   4.017   -57.70050    0.00001    0.00001    2464       1
    2465   4.018   -57.70050    0.00001    0.00002    2465       2
    2466   4.017   -57.70050    0.00001    0.00002    2466       2
    2467   4.019   -57.70050    0.00001    0.00002    2467       2
    2468   4.020   -57.70050    0.00001    0.00001    2468       1
    2469   4.018   -57.70050    0.00001    0.00001    2469       1
    2470   4.020   -57.70050    0.00001    0.00001    2470       1
    2471   4.015   -57.70051    0.00001    0.00002    2471       3
    2472   4.020   -57.70050    0.00001    0.00001    2472       1
    2473   4.020   -57.70050    0.00001    0.00001    2473       1
    2474   4.020   -57.70050    0.00001    0.00001    2474       1
    2475   4.021   -57.70050    0.00001    0.00001    2475       1
    2476   4.021   -57.70050    0.00001    0.00001    2476       1
    2477   4.020   -57.70050    0.00001    0.00001    2477       1
    2478   4.020   -57.70050    0.00001    0.00001    2478       1
    2479   4.003   -57.70053    0.00001    0.00001    2479       1
    2480   4.020   -57.70050    0.00001    0.00002    2480       2
    2481   4.022   -57.70050    0.00001    0.00002    2481       2
    2482   4.023   -57.70049    0.00001    0.00002    2482       3
    2483   4.024   -57.70049    0.00001    0.00001    2483       1
    2484   4.023   -57.70049    0.00001    0.00001    2484       1
    2485   4.024   -57.70049    0.00001    0.00001    2485       1
    2486   4.026   -57.70049    0.00001    0.00001    2486       1
    2487   4.024   -57.70049    0.00001    0.00001    2487       1
    2488   4.026   -57.70049    0.00001    0.00003    2488       4
    2489   4.027   -57.70049    0.00001    0.00002    2489       3
    2490   3.995   -57.70054    0.00001    0.00001    2490       1
    2491   3.991   -57.70055    0.00001    0.00001    2491       1
    2492   3.991   -57.70055    0.00001    0.00005    2492       7
    2493   4.028   -57.70049    0.00001    0.00001    2493       1
    2494   4.028   -57.70049    0.00001    0.00001    2494       1
    2495   4.029   -57.70048    0.00001    0.00001    2495       1
    2496   4.028   -57.70049    0.00001    0.00002    2496       2
    2497   4.026   -57.70049    0.00001    0.00001    2497       1
    2498   4.030   -57.70048    0.00001    0.00002    2498       3
    2499   4.030   -57.70048    0.00001    0.00001    2499       1
    2500   4.030   -57.70048    0.00001    0.00001    2500       1
    2501   3.991   -57.70054    0.00001    0.00001    2501       1
    2502   4.031   -57.70048    0.00001    0.00001    2502       1
    2503   4.031   -57.70048    0.00001    0.00002    2503       2
    2504   4.031   -57.70048    0.00001    0.00001    2504       1
    2505   4.027   -57.70049    0.00001    0.00002    2505       2
    2506   4.031   -57.70048    0.00001    0.00004    2506       5
    2507   4.035   -57.70048    0.00001    0.00001    2507       2
    2508   4.033   -57.70048    0.00001    0.00007    2508       9
    2509   4.031   -57.70048    0.00001    0.00001    2509       1
    2510   4.036   -57.70047    0.00001    0.00001    2510       1
    2511   4.036   -57.70047    0.00001    0.00001    2511       2
    2512   4.014   -57.70051    0.00001    0.00001    2512       1
    2513   4.036   -57.70047    0.00001    0.00001    2513       1
    2514   4.036   -57.70047    0.00001    0.00001    2514       1
    2515   4.037   -57.70047    0.00001    0.00001    2515       1
    2516   4.031   -57.70048    0.00001    0.00001    2516       2
    2517   4.038   -57.70047    0.00001    0.00001    2517       1
    2518   4.038   -57.70047    0.00001    0.00001    2518       2
    2519   4.038   -57.70047    0.00001    0.00002    2519       3
    2520   4.040   -57.70047    0.00001    0.00001    2520       1
    2521   4.040   -57.70047    0.00001    0.00001    2521       1
    2522   4.040   -57.70047    0.00001    0.00001    2522       1
    2523   4.040   -57.70047    0.00001    0.00002    2523       3
    2524   4.040   -57.70047    0.00001    0.00001    2524       1
    2525   4.041   -57.70047    0.00001    0.00001    2525       1
    2526   4.041   -57.70046    0.00001    0.00001    2526       1
    2527   4.034   -57.70048    0.00001    0.00004    2527       5
    2528   4.043   -57.70046    0.00001    0.00001    2528       1
    2529   4.043   -57.70046    0.00001    0.00001    2529       1
    2530   4.043   -57.70046    0.00001    0.00001    2530       1
    2531   4.043   -57.70046    0.00001    0.00001    2531       2
    2532   4.043   -57.70046    0.00001    0.00001    2532       1
    2533   4.043   -57.70046    0.00001    0.00004    2533       6
    2534   4.044   -57.70046    0.00001    0.00001    2534       1
    2535   4.044   -57.70046    0.00001    0.00003    2535       4
    2536   4.046   -57.70046    0.00001    0.00001    2536       1
    2537   4.046   -57.70046    0.00001    0.00001    2537       2
    2538   4.046   -57.70046    0.00001    0.00002    2538       3
    2539   4.047   -57.70046    0.00001    0.00001    2539       2
    2540   4.048   -57.70045    0.00001    0.00001    2540       1
    2541   4.049   -57.70045    0.00001    0.00002    2541       3
    2542   4.049   -57.70045    0.00001    0.00002    2542       3
    2543   4.049   -57.70045    0.00001    0.00001    2543       2
    2544   4.050   -57.70045    0.00001    0.00001    2544       2
    2545   4.050   -57.70045    0.00001    0.00003    2545       4
    2546   4.050   -57.70045    0.00001    0.00001    2546       1
    2547   4.049   -57.70045    0.00001    0.00002    2547       3
    2548   4.051   -57.70045    0.00001    0.00001    2548       1
    2549   4.051   -57.70045    0.00001    0.00002    2549       3
    2550   4.053   -57.70045    0.00001    0.00001    2550       1
    2551   4.054   -57.70045    0.00001    0.00001    2551       1
    2552   4.054   -57.70044    0.00001    0.00001    2552       2
    2553   4.055   -57.70044    0.00001    0.00001    2553       1
    2554   4.035   -57.70048    0.00001    0.00001    2554       1
    2555   4.055   -57.70044    0.00001    0.00001    2555       2
    2556   4.055   -57.70044    0.00001    0.00001    2556       1
    2557   4.055   -57.70044    0.00001    0.00001    2557       1
    2558   4.055   -57.70044    0.00001    0.00002    2558       3
    2559   4.055   -57.70044    0.00001    0.00006    2559       8
    2560   4.057   -57.70044    0.00001    0.00001    2560       2
    2561   4.058   -57.70044    0.00001    0.00001    2561       1
    2562   4.058   -57.70044    0.00001    0.00001    2562       1
    2563   4.053   -57.70045    0.00001    0.00004    2563       5
    2564   4.060   -57.70044    0.00001    0.00001    2564       2
    2565   4.060   -57.70044    0.00001    0.00001    2565       1
    2566   4.061   -57.70043    0.00001    0.00001    2566       1
    2567   4.061   -57.70043    0.00001    0.00002    2567       3
    2568   4.060   -57.70044    0.00001    0.00001    2568       1
    2569   4.058   -57.70044    0.00001    0.00001    2569       2
    2570   4.059   -57.70044    0.00001    0.00001    2570       1
    2571   4.061   -57.70043    0.00001    0.00001    2571       1
    2572   4.061   -57.70043    0.00001    0.00001    2572       1
    2573   4.061   -57.70043    0.00001    0.00005    2573       7
    2574   4.062   -57.70043    0.00001    0.00002    2574       3
    2575   4.062   -57.70043    0.00001    0.00001    2575       1
    2576   4.063   -57.70043    0.00001    0.00001    2576       1
    2577   4.063   -57.70043    0.00001    0.00001    2577       1
    2578   4.062   -57.70043    0.00001    0.00001    2578       2
    2579   4.062   -57.70043    0.00001    0.00001    2579       2
    2580   4.064   -57.70043    0.00001    0.00006    2580       8
    2581   4.066   -57.70043    0.00001    0.00001    2581       1
    2582   4.067   -57.70042    0.00001    0.00001    2582       1
    2583   4.064   -57.70043    0.00001    0.00001    2583       1
    2584   4.067   -57.70042    0.00001    0.00002    2584       3
    2585   4.066   -57.70043    0.00001    0.00001    2585       1
    2586   4.067   -57.70042    0.00001    0.00001    2586       1
    2587   4.067   -57.70042    0.00001    0.00002    2587       3
    2588   4.068   -57.70042    0.00001    0.00001    2588       2
    2589   4.068   -57.70042    0.00001    0.00001    2589       1
    2590   4.070   -57.70042    0.00001    0.00004    2590       6
    2591   4.071   -57.70042    0.00001    0.00001    2591       1
    2592   4.072   -57.70042    0.00001    0.00001    2592       1
    2593   4.071   -57.70042    0.00001    0.00004    2593       6
    2594   4.074   -57.70041    0.00001    0.00001    2594       1
    2595   4.074   -57.70041    0.00001    0.00001    2595       2
    2596   4.072   -57.70042    0.00001    0.00001    2596       1
    2597   4.074   -57.70041    0.00001    0.00003    2597       4
    2598   4.069   -57.70042    0.00001    0.00002    2598       3
    2599   4.073   -57.70042    0.00001    0.00001    2599       2
    2600   4.078   -57.70041    0.00001    0.00001    2600       1
    2601   4.079   -57.70040    0.00001    0.00001    2601       1
    2602   4.072   -57.70042    0.00001    0.00001    2602       1
    2603   4.079   -57.70040    0.00001    0.00001    2603       1
    2604   4.079   -57.70040    0.00001    0.00003    2604       4
    2605   4.080   -57.70040    0.00001    0.00001    2605       1
    2606   4.081   -57.70040    0.00001    0.00001    2606       1
    2607   4.081   -57.70040    0.00001    0.00001    2607       1
    2608   4.081   -57.70040    0.00001    0.00003    2608       4
    2609   4.081   -57.70040    0.00001    0.00006    2609       8
    2610   4.082   -57.70040    0.00001    0.00001    2610       1
    2611   4.082   -57.70040    0.00001    0.00001    2611       1
    2612   4.083   -57.70040    0.00001    0.00001    2612       1
    2613   4.083   -57.70040    0.00001    0.00001    2613       2
    2614   4.082   -57.70040    0.00001    0.00001    2614       1
    2615   4.083   -57.70040    0.00001    0.00005    2615       7
    2616   4.085   -57.70040    0.00001    0.00001    2616       1
    2617   4.086   -57.70039    0.00001    0.00001    2617       1
    2618   4.085   -57.70040    0.00001    0.00003    2618       4
    2619   4.086   -57.70039    0.00001    0.00001    2619       1
    2620   4.087   -57.70039    0.00001    0.00001    2620       1
    2621   4.075   -57.70041    0.00001    0.00001    2621       1
    2622   4.079   -57.70041    0.00001    0.00001    2622       1
    2623   4.080   -57.70040    0.00001    0.00001    2623       1
    2624   4.087   -57.70039    0.00001    0.00002    2624       3
    2625   4.087   -57.70039    0.00001    0.00001    2625       1
    2626   4.088   -57.70039    0.00001    0.00001    2626       1
    2627   4.074   -57.70041    0.00001    0.00001    2627       2
    2628   4.088   -57.70039    0.00001    0.00001    2628       1
    2629   4.088   -57.70039    0.00001    0.00001    2629       1
    2630   4.087   -57.70039    0.00001    0.00001    2630       2
    2631   4.089   -57.70039    0.00001    0.00001    2631       1
    2632   4.089   -57.70039    0.00001    0.00001    2632       1
    2633   4.089   -57.70039    0.00001    0.00001    2633       1
    2634   4.091   -57.70039    0.00001    0.00001    2634       1
    2635   4.091   -57.70039    0.00001    0.00001    2635       1
    2636   4.090   -57.70039    0.00001    0.00002    2636       3
    2637   4.091   -57.70039    0.00001    0.00001    2637       1
    2638   4.070   -57.70042    0.00001    0.00001    2638       1
    2639   4.092   -57.70038    0.00001    0.00002    2639       3
    2640   4.092   -57.70038    0.00001    0.00001    2640       1
    2641   4.093   -57.70038    0.00001    0.00001    2641       2
    2642   4.093   -57.70038    0.00001    0.00001    2642       1
    2643   4.074   -57.70041    0.00001    0.00001    2643       1
    2644   4.094   -57.70038    0.00001    0.00003    2644       4
    2645   4.094   -57.70038    0.00001    0.00004    2645       6
    2646   4.095   -57.70038    0.00001    0.00001    2646       1
    2647   4.093   -57.70038    0.00001    0.00002    2647       3
    2648   4.093   -57.70038    0.00001    0.00001    2648       1
    2649   4.082   -57.70040    0.00001    0.00001    2649       1
    2650   4.089   -57.70039    0.00001    0.00001    2650       1
    2651   4.097   -57.70038    0.00001    0.00001    2651       1
    2652   4.097   -57.70038    0.00001    0.00001    2652       1
    2653   4.097   -57.70038    0.00001    0.00001    2653       1
    2654   4.097   -57.70038    0.00001    0.00001    2654       1
    2655   4.097   -57.70038    0.00001    0.00001    2655       1
    2656   4.097   -57.70038    0.00001    0.00001    2656       1
    2657   4.097   -57.70038    0.00001    0.00005    2657       7
    2658   4.101   -57.70037    0.00001    0.00001    2658       2
    2659   4.101   -57.70037    0.00001    0.00001    2659       1
    2660   4.101   -57.70037    0.00001    0.00001    2660       2
    2661   4.098   -57.70037    0.00001    0.00002    2661       3
    2662   4.103   -57.70037    0.00001    0.00001    2662       2
    2663   4.103   -57.70037    0.00001    0.00001    2663       2
    2664   4.104   -57.70037    0.00001    0.00001    2664       1
    2665   4.104   -57.70037    0.00001    0.00003    2665       4
    2666   4.106   -57.70036    0.00001    0.00001    2666       1
    2667   4.107   -57.70036    0.00001    0.00002    2667       3
    2668   4.109   -57.70036    0.00001    0.00001    2668       1
    2669   4.109   -57.70036    0.00001    0.00001    2669       1
    2670   4.109   -57.70036    0.00001    0.00001    2670       2
    2671   4.110   -57.70036    0.00001    0.00001    2671       2
    2672   4.109   -57.70036    0.00001    0.00001    2672       2
    2673   4.111   -57.70035    0.00001    0.00002    2673       3
    2674   4.111   -57.70035    0.00001    0.00001    2674       1
    2675   4.109   -57.70036    0.00001    0.00002    2675       3
    2676   4.112   -57.70035    0.00001    0.00001    2676       1
    2677   4.112   -57.70035    0.00001    0.00004    2677       6
    2678   4.112   -57.70035    0.00001    0.00003    2678       4
    2679   4.116   -57.70035    0.00001    0.00001    2679       1
    2680   4.114   -57.70035    0.00001    0.00001    2680       1
    2681   4.114   -57.70035    0.00001    0.00001    2681       1
    2682   4.114   -57.70035    0.00001    0.00001    2682       1
    2683   4.115   -57.70035    0.00001    0.00005    2683       7
    2684   4.116   -57.70035    0.00001    0.00001    2684       1
    2685   4.118   -57.70034    0.00001    0.00001    2685       2
    2686   4.119   -57.70034    0.00001    0.00001    2686       1
    2687   4.119   -57.70034    0.00001    0.00001    2687       1
    2688   4.119   -57.70034    0.00001    0.00003    2688       5
    2689   4.121   -57.70034    0.00001    0.00001    2689       1
    2690   4.121   -57.70034    0.00001    0.00001    2690       1
    2691   4.121   -57.70034    0.00001    0.00003    2691       4
    2692   4.122   -57.70034    0.00001    0.00001    2692       1
    2693   4.123   -57.70034    0.00001    0.00001    2693       1
    2694   4.122   -57.70034    0.00001    0.00003    2694       5
    2695   4.124   -57.70033    0.00001    0.00001    2695       2
    2696   4.125   -57.70033    0.00001    0.00001    2696       1
    2697   4.125   -57.70033    0.00001    0.00001    2697       2
    2698   4.125   -57.70033    0.00001    0.00002    2698       3
    2699   4.117   -57.70034    0.00001    0.00002    2699       3
    2700   4.125   -57.70033    0.00001    0.00001    2700       1
    2701   4.120   -57.70034    0.00001    0.00002    2701       3
    2702   4.126   -57.70033    0.00001    0.00003    2702       4
    2703   4.126   -57.70033    0.00001    0.00001    2703       2
    2704   4.126   -57.70033    0.00001    0.00001    2704       1
    2705   4.126   -57.70033    0.00001    0.00003    2705       4
    2706   4.128   -57.70033    0.00001    0.00004    2706       6
    2707   4.128   -57.70033    0.00001    0.00002    2707       3
    2708   4.129   -57.70033    0.00001    0.00001    2708       2
    2709   4.129   -57.70033    0.00001    0.00001    2709       1
    2710   4.128   -57.70033    0.00001    0.00002    2710       3
    2711   4.132   -57.70032    0.00001    0.00005    2711       8
    2712   4.132   -57.70032    0.00001    0.00001    2712       2
    2713   4.132   -57.70032    0.00001    0.00003    2713       5
    2714   4.124   -57.70033    0.00001    0.00001    2714       2
    2715   4.133   -57.70032    0.00001    0.00001    2715       1
    2716   4.133   -57.70032    0.00001    0.00002    2716       3
    2717   4.133   -57.70032    0.00001    0.00001    2717       1
    2718   4.133   -57.70032    0.00001    0.00001    2718       1
    2719   4.133   -57.70032    0.00001    0.00001    2719       1
    2720   4.133   -57.70032    0.00001    0.00001    2720       1
    2721   4.134   -57.70032    0.00001    0.00001    2721       1
    2722   4.134   -57.70032    0.00001    0.00001    2722       1
    2723   4.136   -57.70031    0.00001    0.00001    2723       1
    2724   4.134   -57.70032    0.00001    0.00001    2724       1
    2725   4.136   -57.70031    0.00001    0.00001    2725       1
    2726   4.136   -57.70031    0.00001    0.00001    2726       1
    2727   4.136   -57.70031    0.00001    0.00001    2727       1
    2728   4.137   -57.70031    0.00001    0.00001    2728       2
    2729   4.136   -57.70031    0.00001    0.00004    2729       7
    2730   4.139   -57.70031    0.00001    0.00001    2730       1
    2731   4.140   -57.70031    0.00001    0.00001    2731       1
    2732   4.140   -57.70031    0.00001    0.00001    2732       1
    2733   4.141   -57.70031    0.00001    0.00001    2733       1
    2734   4.141   -57.70031    0.00001    0.00001    2734       1
    2735   4.142   -57.70031    0.00001    0.00001    2735       1
    2736   4.142   -57.70030    0.00001    0.00002    2736       3
    2737   4.142   -57.70030    0.00001    0.00001    2737       1
    2738   4.142   -57.70030    0.00001    0.00001    2738       1
    2739   4.117   -57.70034    0.00001    0.00001    2739       1
    2740   4.142   -57.70030    0.00001    0.00001    2740       2
    2741   4.143   -57.70030    0.00001    0.00001    2741       1
    2742   4.143   -57.70030    0.00001    0.00002    2742       3
    2743   4.146   -57.70030    0.00001    0.00001    2743       1
    2744   4.145   -57.70030    0.00001    0.00001    2744       1
    2745   4.145   -57.70030    0.00001    0.00001    2745       1
    2746   4.146   -57.70030    0.00001    0.00002    2746       3
    2747   4.118   -57.70034    0.00001    0.00001    2747       1
    2748   4.142   -57.70030    0.00001    0.00001    2748       2
    2749   4.147   -57.70030    0.00001    0.00004    2749       6
    2750   4.152   -57.70029    0.00001    0.00001    2750       2
    2751   4.152   -57.70029    0.00001    0.00001    2751       1
    2752   4.152   -57.70029    0.00001    0.00001    2752       2
    2753   4.146   -57.70030    0.00001    0.00002    2753       3
    2754   4.152   -57.70029    0.00001    0.00003    2754       5
    2755   4.153   -57.70029    0.00001    0.00001    2755       1
    2756   4.153   -57.70029    0.00001    0.00001    2756       2
    2757   4.153   -57.70029    0.00001    0.00001    2757       1
    2758   4.153   -57.70029    0.00001    0.00001    2758       2
    2759   4.155   -57.70028    0.00001    0.00005    2759       8
    2760   4.155   -57.70028    0.00001    0.00001    2760       1
    2761   4.157   -57.70028    0.00001    0.00002    2761       4
    2762   4.156   -57.70028    0.00001    0.00002    2762       3
    2763   4.157   -57.70028    0.00001    0.00001    2763       1
    2764   4.152   -57.70029    0.00001    0.00001    2764       2
    2765   4.132   -57.70032    0.00001    0.00001    2765       1
    2766   4.159   -57.70028    0.00001    0.00001    2766       1
    2767   4.132   -57.70032    0.00001    0.00001    2767       2
    2768   4.111   -57.70035    0.00001    0.00001    2768       1
    2769   4.159   -57.70028    0.00001    0.00001    2769       1
    2770   4.111   -57.70035    0.00001    0.00001    2770       2
    2771   4.157   -57.70028    0.00001    0.00001    2771       1
    2772   4.159   -57.70028    0.00001    0.00001    2772       1
    2773   4.159   -57.70028    0.00001    0.00001    2773       1
    2774   4.159   -57.70028    0.00001    0.00003    2774       5
    2775   4.161   -57.70027    0.00001    0.00001    2775       2
    2776   4.162   -57.70027    0.00001    0.00001    2776       1
    2777   4.159   -57.70028    0.00001    0.00001    2777       1
    2778   4.162   -57.70027    0.00001    0.00001    2778       1
    2779   4.162   -57.70027    0.00001    0.00001    2779       1
    2780   4.163   -57.70027    0.00001    0.00001    2780       1
    2781   4.163   -57.70027    0.00001    0.00002    2781       4
    2782   4.164   -57.70027    0.00001    0.00001    2782       2
    2783   4.165   -57.70027    0.00001    0.00001    2783       2
    2784   4.167   -57.70026    0.00001    0.00001    2784       1
    2785   4.167   -57.70026    0.00001    0.00001    2785       1
    2786   4.167   -57.70026    0.00001    0.00001    2786       1
    2787   4.167   -57.70026    0.00001    0.00001    2787       2
    2788   4.167   -57.70026    0.00001    0.00002    2788       4
    2789   4.168   -57.70026    0.00001    0.00002    2789       3
    2790   4.169   -57.70026    0.00001    0.00003    2790       5
    2791   4.171   -57.70026    0.00001    0.00001    2791       1
    2792   4.172   -57.70026    0.00001    0.00001    2792       2
    2793   4.173   -57.70026    0.00001    0.00001    2793       1
    2794   4.172   -57.70026    0.00001    0.00001    2794       2
    2795   4.174   -57.70025    0.00001    0.00001    2795       1
    2796   4.175   -57.70025    0.00001    0.00001    2796       1
    2797   4.175   -57.70025    0.00001    0.00001    2797       2
    2798   4.177   -57.70025    0.00001    0.00001    2798       1
    2799   4.177   -57.70025    0.00001    0.00001    2799       1
    2800   4.178   -57.70025    0.00001    0.00001    2800       1
    2801   4.178   -57.70025    0.00001    0.00001    2801       1
    2802   4.164   -57.70027    0.00001    0.00001    2802       2
    2803   4.179   -57.70025    0.00001    0.00001    2803       1
    2804   4.179   -57.70025    0.00001    0.00001    2804       1
    2805   4.179   -57.70025    0.00001    0.00001    2805       2
    2806   4.179   -57.70025    0.00001    0.00001    2806       1
    2807   4.180   -57.70024    0.00001    0.00001    2807       1
    2808   4.181   -57.70024    0.00001    0.00001    2808       1
    2809   4.183   -57.70024    0.00001    0.00002    2809       3
    2810   4.184   -57.70024    0.00001    0.00001    2810       1
    2811   4.184   -57.70024    0.00001    0.00003    2811       5
    2812   4.184   -57.70024    0.00001    0.00005    2812       9
    2813   4.187   -57.70023    0.00001    0.00002    2813       3
    2814   4.188   -57.70023    0.00001    0.00003    2814       6
    2815   4.190   -57.70023    0.00001    0.00001    2815       2
    2816   4.191   -57.70023    0.00001    0.00001    2816       1
    2817   4.191   -57.70023    0.00001    0.00001    2817       2
    2818   4.192   -57.70023    0.00001    0.00001    2818       1
    2819   4.192   -57.70023    0.00001    0.00001    2819       1
    2820   4.192   -57.70022    0.00001    0.00001    2820       1
    2821   4.193   -57.70022    0.00001    0.00002    2821       4
    2822   4.194   -57.70022    0.00001    0.00003    2822       6
    2823   4.194   -57.70022    0.00001    0.00001    2823       1
    2824   4.194   -57.70022    0.00001    0.00001    2824       1
    2825   4.184   -57.70024    0.00001    0.00001    2825       2
    2826   4.199   -57.70021    0.00001    0.00001    2826       1
    2827   4.199   -57.70021    0.00001    0.00002    2827       3
    2828   4.194   -57.70022    0.00001    0.00001    2828       1
    2829   4.197   -57.70022    0.00001    0.00001    2829       1
    2830   4.200   -57.70021    0.00001    0.00003    2830       5
    2831   4.199   -57.70021    0.00001    0.00003    2831       6
    2832   4.194   -57.70022    0.00001    0.00001    2832       1
    2833   4.201   -57.70021    0.00001    0.00002    2833       4
    2834   4.178   -57.70025    0.00001    0.00001    2834       1
    2835   4.202   -57.70021    0.00001    0.00001    2835       2
    2836   4.203   -57.70021    0.00001    0.00001    2836       1
    2837   4.203   -57.70021    0.00001    0.00001    2837       1
    2838   4.194   -57.70022    0.00001    0.00001    2838       1
    2839   4.203   -57.70021    0.00001    0.00001    2839       2
    2840   4.203   -57.70021    0.00001    0.00001    2840       1
    2841   4.203   -57.70021    0.00001    0.00001    2841       1
    2842   4.203   -57.70021    0.00001    0.00002    2842       4
    2843   4.204   -57.70021    0.00001    0.00001    2843       1
    2844   4.204   -57.70021    0.00001    0.00001    2844       1
    2845   4.204   -57.70021    0.00001    0.00003    2845       6
    2846   4.205   -57.70020    0.00001    0.00002    2846       3
    2847   4.203   -57.70021    0.00001    0.00001    2847       1
    2848   4.206   -57.70020    0.00001    0.00002    2848       3
    2849   4.207   -57.70020    0.00001    0.00002    2849       3
    2850   4.207   -57.70020    0.00001    0.00002    2850       4
    2851   4.208   -57.70020    0.00001    0.00001    2851       1
    2852   4.208   -57.70020    0.00001    0.00001    2852       2
    2853   4.209   -57.70020    0.00001    0.00001    2853       1
    2854   4.209   -57.70020    0.00001    0.00001    2854       1
    2855   4.209   -57.70020    0.00001    0.00001    2855       1
    2856   4.210   -57.70020    0.00001    0.00001    2856       1
    2857   4.210   -57.70020    0.00001    0.00001    2857       1
    2858   4.209   -57.70020    0.00001    0.00003    2858       5
    2859   4.211   -57.70020    0.00001    0.00001    2859       1
    2860   4.209   -57.70020    0.00001    0.00001    2860       1
    2861   4.211   -57.70019    0.00001    0.00002    2861       4
    2862   4.212   -57.70019    0.00001    0.00003    2862       5
    2863   4.212   -57.70019    0.00001    0.00001    2863       2
    2864   4.215   -57.70019    0.00001    0.00001    2864       1
    2865   4.215   -57.70019    0.00001    0.00001    2865       1
    2866   4.215   -57.70019    0.00001    0.00001    2866       1
    2867   4.215   -57.70019    0.00001    0.00003    2867       5
    2868   4.217   -57.70018    0.00001    0.00001    2868       1
    2869   4.220   -57.70018    0.00001    0.00001    2869       1
    2870   4.220   -57.70018    0.00001    0.00002    2870       3
    2871   4.218   -57.70018    0.00001    0.00001    2871       1
    2872   4.218   -57.70018    0.00001    0.00001    2872       1
    2873   4.220   -57.70018    0.00001    0.00001    2873       1
    2874   4.220   -57.70018    0.00001    0.00001    2874       1
    2875   4.220   -57.70018    0.00001    0.00003    2875       5
    2876   4.221   -57.70018    0.00001    0.00001    2876       1
    2877   4.211   -57.70020    0.00001    0.00001    2877       1
    2878   4.221   -57.70018    0.00001    0.00001    2878       2
    2879   4.221   -57.70018    0.00001    0.00001    2879       1
    2880   4.221   -57.70018    0.00001    0.00001    2880       1
    2881   4.221   -57.70018    0.00001    0.00001    2881       1
    2882   4.221   -57.70018    0.00001    0.00002    2882       4
    2883   4.222   -57.70018    0.00001    0.00001    2883       2
    2884   4.222   -57.70018    0.00001    0.00001    2884       1
    2885   4.222   -57.70018    0.00001    0.00001    2885       1
    2886   4.222   -57.70018    0.00001    0.00001    2886       1
    2887   4.182   -57.70024    0.00001    0.00001    2887       1
    2888   4.222   -57.70018    0.00001    0.00004    2888       7
    2889   4.224   -57.70017    0.00001    0.00001    2889       1
    2890   4.224   -57.70017    0.00001    0.00002    2890       3
    2891   4.222   -57.70018    0.00001    0.00001    2891       2
    2892   4.224   -57.70017    0.00001    0.00001    2892       1
    2893   4.224   -57.70017    0.00001    0.00003    2893       5
    2894   4.225   -57.70017    0.00001    0.00001    2894       1
    2895   4.226   -57.70017    0.00001    0.00001    2895       2
    2896   4.226   -57.70017    0.00001    0.00001    2896       2
    2897   4.226   -57.70017    0.00001    0.00001    2897       1
    2898   4.226   -57.70017    0.00001    0.00001    2898       1
    2899   4.226   -57.70017    0.00001    0.00001    2899       1
    2900   4.227   -57.70017    0.00001    0.00002    2900       4
    2901   4.183   -57.70024    0.00001    0.00001    2901       1
    2902   4.227   -57.70017    0.00001    0.00001    2902       1
    2903   4.228   -57.70017    0.00001    0.00001    2903       1
    2904   4.183   -57.70024    0.00001    0.00001    2904       1
    2905   4.188   -57.70023    0.00001    0.00001    2905       1
    2906   4.228   -57.70017    0.00001    0.00001    2906       1
    2907   4.228   -57.70017    0.00001    0.00001    2907       1
    2908   4.229   -57.70017    0.00001    0.00001    2908       1
    2909   4.223   -57.70018    0.00001    0.00001    2909       2
    2910   4.230   -57.70016    0.00001    0.00001    2910       1
    2911   4.230   -57.70016    0.00001    0.00001    2911       1
    2912   4.230   -57.70016    0.00001    0.00001    2912       2
    2913   4.230   -57.70016    0.00001    0.00001    2913       1
    2914   4.230   -57.70016    0.00001    0.00002    2914       4
    2915   4.233   -57.70016    0.00001    0.00002    2915       3
    2916   4.234   -57.70016    0.00001    0.00001    2916       1
    2917   4.235   -57.70016    0.00001    0.00001    2917       1
    2918   4.236   -57.70016    0.00001    0.00001    2918       1
    2919   4.237   -57.70015    0.00001    0.00001    2919       1
    2920   4.237   -57.70015    0.00001    0.00001    2920       1
    2921   4.237   -57.70015    0.00001    0.00001    2921       1
    2922   4.238   -57.70015    0.00001    0.00001    2922       1
    2923   4.239   -57.70015    0.00001    0.00001    2923       1
    2924   4.241   -57.70015    0.00001    0.00001    2924       1
    2925   4.241   -57.70015    0.00001    0.00001    2925       1
    2926   4.242   -57.70015    0.00001    0.00001    2926       1
    2927   4.243   -57.70014    0.00001    0.00001    2927       1
    2928   4.243   -57.70014    0.00001    0.00001    2928       1
    2929   4.243   -57.70014    0.00001    0.00002    2929       3
    2930   4.244   -57.70014    0.00001    0.00001    2930       1
    2931   4.244   -57.70014    0.00001    0.00001    2931       1
    2932   4.244   -57.70014    0.00001    0.00002    2932       4
    2933   4.245   -57.70014    0.00001    0.00001    2933       1
    2934   4.245   -57.70014    0.00001    0.00001    2934       1
    2935   4.245   -57.70014    0.00001    0.00001    2935       2
    2936   4.246   -57.70014    0.00001    0.00001    2936       1
    2937   4.246   -57.70014    0.00001    0.00001    2937       2
    2938   4.247   -57.70014    0.00001    0.00002    2938       3
    2939   4.247   -57.70014    0.00001    0.00001    2939       1
    2940   4.247   -57.70014    0.00001    0.00001    2940       1
    2941   4.247   -57.70014    0.00001    0.00001    2941       1
    2942   4.245   -57.70014    0.00001    0.00001    2942       1
    2943   4.248   -57.70014    0.00001    0.00001    2943       1
    2944   4.247   -57.70014    0.00001    0.00003    2944       6
    2945   4.249   -57.70013    0.00001    0.00001    2945       1
    2946   4.249   -57.70013    0.00001    0.00002    2946       3
    2947   4.250   -57.70013    0.00001    0.00001    2947       1
    2948   4.248   -57.70014    0.00001    0.00001    2948       1
    2949   4.250   -57.70013    0.00001    0.00001    2949       1
    2950   4.251   -57.70013    0.00001    0.00001    2950       1
    2951   4.250   -57.70013    0.00001    0.00001    2951       2
    2952   4.251   -57.70013    0.00001    0.00001    2952       2
    2953   4.251   -57.70013    0.00001    0.00003    2953       5
    2954   4.250   -57.70013    0.00001    0.00001    2954       1
    2955   4.252   -57.70013    0.00001    0.00003    2955       6
    2956   4.254   -57.70013    0.00001    0.00001    2956       2
    2957   4.255   -57.70012    0.00001    0.00001    2957       1
    2958   4.255   -57.70012    0.00001    0.00001    2958       1
    2959   4.256   -57.70012    0.00001    0.00001    2959       1
    2960   4.252   -57.70013    0.00001    0.00001    2960       1
    2961   4.257   -57.70012    0.00001    0.00001    2961       2
    2962   4.253   -57.70013    0.00001    0.00001    2962       1
    2963   4.232   -57.70016    0.00001    0.00001    2963       2
    2964   4.250   -57.70013    0.00001    0.00001    2964       1
    2965   4.257   -57.70012    0.00001    0.00001    2965       1
    2966   4.257   -57.70012    0.00001    0.00001    2966       1
    2967   4.258   -57.70012    0.00001    0.00001    2967       1
    2968   4.259   -57.70012    0.00001    0.00001    2968       2
    2969   4.259   -57.70012    0.00001    0.00001    2969       1
    2970   4.262   -57.70011    0.00001    0.00002    2970       3
    2971   4.264   -57.70011    0.00001    0.00001    2971       2
    2972   4.266   -57.70011    0.00001    0.00001    2972       1
    2973   4.266   -57.70011    0.00001    0.00001    2973       1
    2974   4.267   -57.70011    0.00001    0.00002    2974       4
    2975   4.258   -57.70012    0.00001    0.00001    2975       1
    2976   4.232   -57.70016    0.00001    0.00001    2976       1
    2977   4.267   -57.70011    0.00001    0.00001    2977       2
    2978   4.267   -57.70010    0.00001    0.00001    2978       1
    2979   4.267   -57.70010    0.00001    0.00001    2979       2
    2980   4.268   -57.70010    0.00001    0.00002    2980       4
    2981   4.265   -57.70011    0.00001    0.00002    2981       3
    2982   4.269   -57.70010    0.00001    0.00001    2982       1
    2983   4.270   -57.70010    0.00001    0.00002    2983       3
    2984   4.270   -57.70010    0.00001    0.00001    2984       2
    2985   4.271   -57.70010    0.00001    0.00003    2985       5
    2986   4.272   -57.70010    0.00001    0.00001    2986       2
    2987   4.272   -57.70010    0.00001    0.00001    2987       1
    2988   4.272   -57.70010    0.00001    0.00001    2988       1
    2989   4.272   -57.70010    0.00000    0.00000    2989       1
    2990   4.273   -57.70010    0.00000    0.00000    2990       1
    2991   4.273   -57.70010    0.00000    0.00000    2991       1
    2992   4.271   -57.70010    0.00001    0.00001    2992       1
    2993   4.273   -57.70010    0.00000    0.00000    2993       1
    2994   4.270   -57.70010    0.00001    0.00001    2994       1
    2995   4.273   -57.70010    0.00000    0.00001    2995       2
    2996   4.275   -57.70009    0.00000    0.00001    2996       2
    2997   4.276   -57.70009    0.00000    0.00000    2997       1
    2998   4.276   -57.70009    0.00000    0.00001    2998       2
    2999   4.277   -57.70009    0.00000    0.00000    2999       1
    3000   4.277   -57.70009    0.00000    0.00002    3000       4
    3001   4.279   -57.70009    0.00000    0.00000    3001       1
    3002   4.280   -57.70009    0.00000    0.00001    3002       2
    3003   4.280   -57.70008    0.00000    0.00001    3003       3
    3004   4.279   -57.70009    0.00000    0.00000    3004       1
    3005   4.280   -57.70008    0.00000    0.00000    3005       1
    3006   4.262   -57.70011    0.00001    0.00001    3006       1
    3007   4.250   -57.70013    0.00001    0.00001    3007       2
    3008   4.281   -57.70008    0.00000    0.00000    3008       1
    3009   4.281   -57.70008    0.00000    0.00001    3009       2
    3010   4.282   -57.70008    0.00000    0.00000    3010       1
    3011   4.283   -57.70008    0.00000    0.00002    3011       4
    3012   4.285   -57.70008    0.00000    0.00000    3012       1
    3013   4.285   -57.70008    0.00000    0.00003    3013       7
    3014   4.285   -57.70008    0.00000    0.00000    3014       1
    3015   4.285   -57.70008    0.00000    0.00003    3015       6
    3016   4.289   -57.70007    0.00000    0.00000    3016       1
    3017   4.290   -57.70007    0.00000    0.00001    3017       2
    3018   4.290   -57.70007    0.00000    0.00000    3018       1
    3019   4.290   -57.70007    0.00000    0.00000    3019       1
    3020   4.290   -57.70007    0.00000    0.00000    3020       1
    3021   4.290   -57.70007    0.00000    0.00000    3021       1
    3022   4.290   -57.70007    0.00000    0.00000    3022       1
    3023   4.285   -57.70008    0.00000    0.00000    3023       1
    3024   4.292   -57.70006    0.00000    0.00000    3024       1
    3025   4.294   -57.70006    0.00000    0.00000    3025       1
    3026   4.294   -57.70006    0.00000    0.00000    3026       1
    3027   4.295   -57.70006    0.00000    0.00000    3027       1
    3028   4.285   -57.70008    0.00000    0.00000    3028       1
    3029   4.295   -57.70006    0.00000    0.00000    3029       1
    3030   4.288   -57.70007    0.00000    0.00000    3030       1
    3031   4.296   -57.70006    0.00000    0.00000    3031       1
    3032   4.297   -57.70006    0.00000    0.00000    3032       1
    3033   4.298   -57.70006    0.00000    0.00000    3033       1
    3034   4.299   -57.70006    0.00000    0.00001    3034       3
    3035   4.300   -57.70005    0.00000    0.00000    3035       1
    3036   4.301   -57.70005    0.00000    0.00000    3036       1
    3037   4.301   -57.70005    0.00000    0.00000    3037       1
    3038   4.304   -57.70005    0.00000    0.00003    3038       6
    3039   4.305   -57.70005    0.00000    0.00002    3039       4
    3040   4.306   -57.70004    0.00000    0.00000    3040       1
    3041   4.306   -57.70004    0.00000    0.00001    3041       2
    3042   4.307   -57.70004    0.00000    0.00000    3042       1
    3043   4.307   -57.70004    0.00000    0.00000    3043       1
    3044   4.308   -57.70004    0.00000    0.00000    3044       1
    3045   4.308   -57.70004    0.00000    0.00000    3045       1
    3046   4.309   -57.70004    0.00000    0.00001    3046       3
    3047   4.309   -57.70004    0.00000    0.00000    3047       1
    3048   4.310   -57.70004    0.00000    0.00000    3048       1
    3049   4.310   -57.70004    0.00000    0.00000    3049       1
    3050   4.310   -57.70004    0.00000    0.00000    3050       1
    3051   4.310   -57.70004    0.00000    0.00000    3051       1
    3052   4.311   -57.70004    0.00000    0.00000    3052       1
    3053   4.311   -57.70004    0.00000    0.00000    3053       1
    3054   4.311   -57.70004    0.00000    0.00000    3054       1
    3055   4.311   -57.70003    0.00000    0.00000    3055       1
    3056   4.313   -57.70003    0.00000    0.00001    3056       3
    3057   4.312   -57.70003    0.00000    0.00001    3057       2
    3058   4.315   -57.70003    0.00000    0.00000    3058       1
    3059   4.314   -57.70003    0.00000    0.00001    3059       2
    3060   4.313   -57.70003    0.00000    0.00003    3060       6
    3061   4.314   -57.70003    0.00000    0.00003    3061       7
    3062   4.316   -57.70003    0.00000    0.00001    3062       3
    3063   4.319   -57.70002    0.00000    0.00001    3063       2
    3064   4.319   -57.70002    0.00000    0.00000    3064       1
    3065   4.303   -57.70005    0.00000    0.00000    3065       1
    3066   4.319   -57.70002    0.00000    0.00000    3066       1
    3067   4.319   -57.70002    0.00000    0.00001    3067       2
    3068   4.321   -57.70002    0.00000    0.00001    3068       2
    3069   4.315   -57.70003    0.00000    0.00000    3069       1
    3070   4.321   -57.70002    0.00000    0.00000    3070       1
    3071   4.321   -57.70002    0.00000    0.00000    3071       1
    3072   4.315   -57.70003    0.00000    0.00000    3072       1
    3073   4.321   -57.70002    0.00000    0.00000    3073       1
    3074   4.321   -57.70002    0.00000    0.00000    3074       1
    3075   4.321   -57.70002    0.00000    0.00000    3075       1
    3076   4.322   -57.70002    0.00000    0.00000    3076       1
    3077   4.322   -57.70002    0.00000    0.00000    3077       1
    3078   4.322   -57.70002    0.00000    0.00000    3078       1
    3079   4.323   -57.70002    0.00000    0.00000    3079       1
    3080   4.323   -57.70002    0.00000    0.00000    3080       1
    3081   4.324   -57.70002    0.00000    0.00001    3081       2
    3082   4.323   -57.70002    0.00000    0.00000    3082       1
    3083   4.324   -57.70001    0.00000    0.00000    3083       1
    3084   4.324   -57.70001    0.00000    0.00000    3084       1
    3085   4.324   -57.70001    0.00000    0.00000    3085       1
    3086   4.324   -57.70001    0.00000    0.00000    3086       1
    3087   4.325   -57.70001    0.00000    0.00002    3087       5
    3088   4.326   -57.70001    0.00000    0.00001    3088       3
    3089   4.326   -57.70001    0.00000    0.00002    3089       5
    3090   4.329   -57.70001    0.00000    0.00000    3090       1
    3091   4.329   -57.70001    0.00000    0.00000    3091       1
    3092   4.329   -57.70001    0.00000    0.00000    3092       1
    3093   4.329   -57.70001    0.00000    0.00000    3093       1
    3094   4.329   -57.70001    0.00000    0.00000    3094       1
    3095   4.329   -57.70001    0.00000    0.00000    3095       1
    3096   4.330   -57.70001    0.00000    0.00001    3096       2
    3097   4.331   -57.70000    0.00000    0.00000    3097       1
    3098   4.331   -57.70000    0.00000    0.00001    3098       2
    3099   4.332   -57.70000    0.00000    0.00000    3099       1
    3100   4.333   -57.70000    0.00000    0.00002    3100       4
    3101   4.334   -57.70000    0.00000    0.00002    3101       4
    3102   4.335   -57.70000    0.00000    0.00001    3102       2
    3103   4.335   -57.70000    0.00000    0.00000    3103       1
    3104   4.336   -57.70000    0.00000    0.00001    3104       3
    3105   4.336   -57.70000    0.00000    0.00001    3105       3
    3106   4.336   -57.70000    0.00000    0.00000    3106       1
    3107   4.336   -57.70000    0.00000    0.00003    3107       6
    3108   4.336   -57.69999    0.00000    0.00003    3108       7
    3109   4.337   -57.69999    0.00000    0.00000    3109       1
    3110   4.336   -57.70000    0.00000    0.00000    3110       1
    3111   4.338   -57.69999    0.00000    0.00000    3111       1
    3112   4.334   -57.70000    0.00000    0.00000    3112       1
    3113   4.338   -57.69999    0.00000    0.00000    3113       1
    3114   4.339   -57.69999    0.00000    0.00000    3114       1
    3115   4.333   -57.70000    0.00000    0.00001    3115       2
    3116   4.340   -57.69999    0.00000    0.00002    3116       5
    3117   4.343   -57.69998    0.00000    0.00000    3117       1
    3118   4.344   -57.69998    0.00000    0.00002    3118       4
    3119   4.341   -57.69999    0.00000    0.00000    3119       1
    3120   4.345   -57.69998    0.00000    0.00002    3120       4
    3121   4.347   -57.69998    0.00000    0.00000    3121       1
    3122   4.347   -57.69998    0.00000    0.00001    3122       2
    3123   4.348   -57.69998    0.00000    0.00000    3123       1
    3124   4.348   -57.69998    0.00000    0.00001    3124       2
    3125   4.348   -57.69998    0.00000    0.00000    3125       1
    3126   4.350   -57.69997    0.00000    0.00002    3126       4
    3127   4.350   -57.69997    0.00000    0.00000    3127       1
    3128   4.350   -57.69997    0.00000    0.00000    3128       1
    3129   4.350   -57.69997    0.00000    0.00000    3129       1
    3130   4.351   -57.69997    0.00000    0.00000    3130       1
    3131   4.351   -57.69997    0.00000    0.00002    3131       4
    3132   4.350   -57.69997    0.00000    0.00000    3132       1
    3133   4.351   -57.69997    0.00000    0.00000    3133       1
    3134   4.353   -57.69997    0.00000    0.00000    3134       1
    3135   4.354   -57.69997    0.00000    0.00002    3135       4
    3136   4.351   -57.69997    0.00000    0.00001    3136       2
    3137   4.356   -57.69996    0.00000    0.00000    3137       1
    3138   4.357   -57.69996    0.00000    0.00001    3138       3
    3139   4.358   -57.69996    0.00000    0.00001    3139       2
    3140   4.352   -57.69997    0.00000    0.00000    3140       1
    3141   4.358   -57.69996    0.00000    0.00000    3141       1
    3142   4.359   -57.69996    0.00000    0.00000    3142       1
    3143   4.359   -57.69996    0.00000    0.00000    3143       1
    3144   4.358   -57.69996    0.00000    0.00002    3144       4
    3145   4.350   -57.69997    0.00000    0.00000    3145       1
    3146   4.361   -57.69996    0.00000    0.00001    3146       2
    3147   4.355   -57.69997    0.00000    0.00000    3147       1
    3148   4.362   -57.69995    0.00000    0.00000    3148       1
    3149   4.358   -57.69996    0.00000    0.00000    3149       1
    3150   4.356   -57.69996    0.00000    0.00000    3150       1
    3151   4.363   -57.69995    0.00000    0.00001    3151       3
    3152   4.364   -57.69995    0.00000    0.00001    3152       2
    3153   4.365   -57.69995    0.00000    0.00000    3153       1
    3154   4.365   -57.69995    0.00000    0.00000    3154       1
    3155   4.366   -57.69995    0.00000    0.00001    3155       2
    3156   4.367   -57.69995    0.00000    0.00001    3156       2
    3157   4.368   -57.69995    0.00000    0.00001    3157       2
    3158   4.361   -57.69996    0.00000    0.00001    3158       2
    3159   4.368   -57.69994    0.00000    0.00000    3159       1
    3160   4.365   -57.69995    0.00000    0.00000    3160       1
    3161   4.369   -57.69994    0.00000    0.00000    3161       1
    3162   4.368   -57.69994    0.00000    0.00000    3162       1
    3163   4.369   -57.69994    0.00000    0.00001    3163       2
    3164   4.369   -57.69994    0.00000    0.00001    3164       2
    3165   4.371   -57.69994    0.00000    0.00000    3165       1
    3166   4.370   -57.69994    0.00000    0.00004    3166      10
    3167   4.372   -57.69994    0.00000    0.00000    3167       1
    3168   4.372   -57.69994    0.00000    0.00000    3168       1
    3169   4.370   -57.69994    0.00000    0.00000    3169       1
    3170   4.370   -57.69994    0.00000    0.00000    3170       1
    3171   4.372   -57.69994    0.00000    0.00004    3171       9
    3172   4.375   -57.69993    0.00000    0.00000    3172       1
    3173   4.376   -57.69993    0.00000    0.00000    3173       1
    3174   4.362   -57.69995    0.00000    0.00000    3174       1
    3175   4.376   -57.69993    0.00000    0.00000    3175       1
    3176   4.376   -57.69993    0.00000    0.00001    3176       2
    3177   4.377   -57.69993    0.00000    0.00001    3177       2
    3178   4.377   -57.69993    0.00000    0.00000    3178       1
    3179   4.371   -57.69994    0.00000    0.00000    3179       1
    3180   4.377   -57.69993    0.00000    0.00001    3180       3
    3181   4.378   -57.69993    0.00000    0.00000    3181       1
    3182   4.378   -57.69993    0.00000    0.00000    3182       1
    3183   4.378   -57.69993    0.00000    0.00002    3183       5
    3184   4.378   -57.69993    0.00000    0.00001    3184       2
    3185   4.379   -57.69993    0.00000    0.00001    3185       2
    3186   4.378   -57.69993    0.00000    0.00000    3186       1
    3187   4.379   -57.69993    0.00000    0.00002    3187       5
    3188   4.379   -57.69993    0.00000    0.00000    3188       1
    3189   4.381   -57.69992    0.00000    0.00000    3189       1
    3190   4.381   -57.69992    0.00000    0.00000    3190       1
    3191   4.382   -57.69992    0.00000    0.00000    3191       1
    3192   4.382   -57.69992    0.00000    0.00000    3192       1
    3193   4.376   -57.69993    0.00000    0.00000    3193       1
    3194   4.383   -57.69992    0.00000    0.00000    3194       1
    3195   4.385   -57.69992    0.00000    0.00002    3195       4
    3196   4.387   -57.69991    0.00000    0.00000    3196       1
    3197   4.376   -57.69993    0.00000    0.00000    3197       1
    3198   4.387   -57.69991    0.00000    0.00000    3198       1
    3199   4.387   -57.69991    0.00000    0.00001    3199       2
    3200   4.388   -57.69991    0.00000    0.00000    3200       1
    3201   4.389   -57.69991    0.00000    0.00000    3201       1
    3202   4.389   -57.69991    0.00000    0.00001    3202       2
    3203   4.383   -57.69992    0.00000    0.00000    3203       1
    3204   4.386   -57.69992    0.00000    0.00001    3204       3
    3205   4.389   -57.69991    0.00000    0.00000    3205       1
    3206   4.389   -57.69991    0.00000    0.00002    3206       6
    3207   4.391   -57.69991    0.00000    0.00001    3207       3
    3208   4.393   -57.69990    0.00000    0.00000    3208       1
    3209   4.383   -57.69992    0.00000    0.00000    3209       1
    3210   4.395   -57.69990    0.00000    0.00000    3210       1
    3211   4.395   -57.69990    0.00000    0.00000    3211       1
    3212   4.384   -57.69992    0.00000    0.00001    3212       2
    3213   4.399   -57.69990    0.00000    0.00000    3213       1
    3214   4.400   -57.69989    0.00000    0.00000    3214       1
    3215   4.400   -57.69989    0.00000    0.00001    3215       3
    3216   4.400   -57.69989    0.00000    0.00000    3216       1
    3217   4.400   -57.69989    0.00000    0.00000    3217       1
    3218   4.400   -57.69989    0.00000    0.00000    3218       1
    3219   4.401   -57.69989    0.00000    0.00000    3219       1
    3220   4.401   -57.69989    0.00000    0.00001    3220       3
    3221   4.401   -57.69989    0.00000    0.00000    3221       1
    3222   4.401   -57.69989    0.00000    0.00000    3222       1
    3223   4.402   -57.69989    0.00000    0.00000    3223       1
    3224   4.403   -57.69989    0.00000    0.00000    3224       1
    3225   4.404   -57.69989    0.00000    0.00002    3225       6
    3226   4.404   -57.69989    0.00000    0.00001    3226       2
    3227   4.406   -57.69988    0.00000    0.00000    3227       1
    3228   4.407   -57.69988    0.00000    0.00001    3228       2
    3229   4.407   -57.69988    0.00000    0.00001    3229       3
    3230   4.407   -57.69988    0.00000    0.00001    3230       3
    3231   4.409   -57.69988    0.00000    0.00000    3231       1
    3232   4.409   -57.69988    0.00000    0.00000    3232       1
    3233   4.409   -57.69988    0.00000    0.00000    3233       1
    3234   4.410   -57.69988    0.00000    0.00001    3234       2
    3235   4.411   -57.69988    0.00000    0.00000    3235       1
    3236   4.410   -57.69988    0.00000    0.00001    3236       3
    3237   4.410   -57.69988    0.00000    0.00000    3237       1
    3238   4.412   -57.69987    0.00000    0.00000    3238       1
    3239   4.411   -57.69988    0.00000    0.00000    3239       1
    3240   4.407   -57.69988    0.00000    0.00001    3240       2
    3241   4.413   -57.69987    0.00000    0.00000    3241       1
    3242   4.413   -57.69987    0.00000    0.00001    3242       2
    3243   4.407   -57.69988    0.00000    0.00000    3243       1
    3244   4.414   -57.69987    0.00000    0.00001    3244       2
    3245   4.415   -57.69987    0.00000    0.00002    3245       4
    3246   4.415   -57.69987    0.00000    0.00000    3246       1
    3247   4.416   -57.69987    0.00000    0.00001    3247       3
    3248   4.417   -57.69987    0.00000    0.00000    3248       1
    3249   4.417   -57.69987    0.00000    0.00000    3249       1
    3250   4.416   -57.69987    0.00000    0.00001    3250       3
    3251   4.418   -57.69986    0.00000    0.00001    3251       2
    3252   4.418   -57.69987    0.00000    0.00001    3252       2
    3253   4.418   -57.69987    0.00000    0.00001    3253       2
    3254   4.419   -57.69986    0.00000    0.00001    3254       3
    3255   4.419   -57.69986    0.00000    0.00000    3255       1
    3256   4.419   -57.69986    0.00000    0.00000    3256       1
    3257   4.420   -57.69986    0.00000    0.00000    3257       1
    3258   4.419   -57.69986    0.00000    0.00001    3258       2
    3259   4.422   -57.69986    0.00000    0.00000    3259       1
    3260   4.422   -57.69986    0.00000    0.00004    3260      10
    3261   4.425   -57.69985    0.00000    0.00001    3261       2
    3262   4.426   -57.69985    0.00000    0.00001    3262       2
    3263   4.427   -57.69985    0.00000    0.00000    3263       1
    3264   4.427   -57.69985    0.00000    0.00000    3264       1
    3265   4.427   -57.69985    0.00000    0.00000    3265       1
    3266   4.427   -57.69985    0.00000    0.00000    3266       1
    3267   4.427   -57.69985    0.00000    0.00000    3267       1
    3268   4.422   -57.69986    0.00000    0.00000    3268       1
    3269   4.422   -57.69986    0.00000    0.00001    3269       3
    3270   4.427   -57.69985    0.00000    0.00001    3270       2
    3271   4.427   -57.69985    0.00000    0.00000    3271       1
    3272   4.430   -57.69985    0.00000    0.00000    3272       1
    3273   4.423   -57.69986    0.00000    0.00003    3273       7
    3274   4.430   -57.69985    0.00000    0.00000    3274       1
    3275   4.415   -57.69987    0.00000    0.00001    3275       2
    3276   4.428   -57.69985    0.00000    0.00000    3276       1
    3277   4.433   -57.69984    0.00000    0.00001    3277       3
    3278   4.434   -57.69984    0.00000    0.00001    3278       2
    3279   4.435   -57.69984    0.00000    0.00000    3279       1
    3280   4.435   -57.69984    0.00000    0.00001    3280       3
    3281   4.436   -57.69984    0.00000    0.00001    3281       2
    3282   4.437   -57.69984    0.00000    0.00000    3282       1
    3283   4.437   -57.69983    0.00000    0.00002    3283       6
    3284   4.439   -57.69983    0.00000    0.00000    3284       1
    3285   4.440   -57.69983    0.00000    0.00000    3285       1
    3286   4.440   -57.69983    0.00000    0.00002    3286       4
    3287   4.441   -57.69983    0.00000    0.00000    3287       1
    3288   4.441   -57.69983    0.00000    0.00000    3288       1
    3289   4.442   -57.69983    0.00000    0.00001    3289       2
    3290   4.444   -57.69982    0.00000    0.00001    3290       2
    3291   4.444   -57.69982    0.00000    0.00000    3291       1
    3292   4.438   -57.69983    0.00000    0.00000    3292       1
    3293   4.439   -57.69983    0.00000    0.00001    3293       3
    3294   4.444   -57.69982    0.00000    0.00000    3294       1
    3295   4.445   -57.69982    0.00000    0.00000    3295       1
    3296   4.435   -57.69984    0.00000    0.00000    3296       1
    3297   4.445   -57.69982    0.00000    0.00000    3297       1
    3298   4.445   -57.69982    0.00000    0.00001    3298       3
    3299   4.447   -57.69982    0.00000    0.00000    3299       1
    3300   4.445   -57.69982    0.00000    0.00001    3300       3
    3301   4.448   -57.69982    0.00000    0.00001    3301       4
    3302   4.447   -57.69982    0.00000    0.00000    3302       1
    3303   4.446   -57.69982    0.00000    0.00000    3303       1
    3304   4.449   -57.69982    0.00000    0.00001    3304       2
    3305   4.451   -57.69981    0.00000    0.00001    3305       4
    3306   4.453   -57.69981    0.00000    0.00000    3306       1
    3307   4.454   -57.69981    0.00000    0.00000    3307       1
    3308   4.454   -57.69981    0.00000    0.00001    3308       2
    3309   4.454   -57.69981    0.00000    0.00000    3309       1
    3310   4.454   -57.69981    0.00000    0.00001    3310       2
    3311   4.455   -57.69981    0.00000    0.00001    3311       3
    3312   4.455   -57.69981    0.00000    0.00000    3312       1
    3313   4.455   -57.69981    0.00000    0.00000    3313       1
    3314   4.456   -57.69980    0.00000    0.00001    3314       2
    3315   4.457   -57.69980    0.00000    0.00001    3315       2
    3316   4.457   -57.69980    0.00000    0.00000    3316       1
    3317   4.457   -57.69980    0.00000    0.00001    3317       3
    3318   4.459   -57.69980    0.00000    0.00000    3318       1
    3319   4.457   -57.69980    0.00000    0.00002    3319       6
    3320   4.460   -57.69980    0.00000    0.00001    3320       2
    3321   4.457   -57.69980    0.00000    0.00000    3321       1
    3322   4.461   -57.69980    0.00000    0.00000    3322       1
    3323   4.461   -57.69980    0.00000    0.00000    3323       1
    3324   4.461   -57.69980    0.00000    0.00001    3324       4
    3325   4.463   -57.69979    0.00000    0.00000    3325       1
    3326   4.459   -57.69980    0.00000    0.00000    3326       1
    3327   4.454   -57.69981    0.00000    0.00000    3327       1
    3328   4.447   -57.69982    0.00000    0.00000    3328       1
    3329   4.464   -57.69979    0.00000    0.00001    3329       2
    3330   4.464   -57.69979    0.00000    0.00000    3330       1
    3331   4.443   -57.69983    0.00000    0.00000    3331       1
    3332   4.464   -57.69979    0.00000    0.00000    3332       1
    3333   4.443   -57.69982    0.00000    0.00000    3333       1
    3334   4.454   -57.69981    0.00000    0.00000    3334       1
    3335   4.465   -57.69979    0.00000    0.00000    3335       1
    3336   4.466   -57.69979    0.00000    0.00000    3336       1
    3337   4.466   -57.69979    0.00000    0.00000    3337       1
    3338   4.467   -57.69979    0.00000    0.00003    3338       9
    3339   4.468   -57.69979    0.00000    0.00001    3339       2
    3340   4.468   -57.69979    0.00000    0.00002    3340       5
    3341   4.468   -57.69979    0.00000    0.00000    3341       1
    3342   4.468   -57.69979    0.00000    0.00001    3342       3
    3343   4.468   -57.69978    0.00000    0.00002    3343       6
    3344   4.470   -57.69978    0.00000    0.00001    3344       3
    3345   4.467   -57.69979    0.00000    0.00001    3345       4
    3346   4.471   -57.69978    0.00000    0.00000    3346       1
    3347   4.471   -57.69978    0.00000    0.00001    3347       2
    3348   4.468   -57.69978    0.00000    0.00000    3348       1
    3349   4.471   -57.69978    0.00000    0.00000    3349       1
    3350   4.472   -57.69978    0.00000    0.00001    3350       2
    3351   4.468   -57.69979    0.00000    0.00001    3351       4
    3352   4.471   -57.69978    0.00000    0.00001    3352       2
    3353   4.473   -57.69978    0.00000    0.00000    3353       1
    3354   4.467   -57.69979    0.00000    0.00000    3354       1
    3355   4.473   -57.69978    0.00000    0.00000    3355       1
    3356   4.472   -57.69978    0.00000    0.00001    3356       2
    3357   4.473   -57.69978    0.00000    0.00001    3357       4
    3358   4.474   -57.69978    0.00000    0.00000    3358       1
    3359   4.474   -57.69978    0.00000    0.00001    3359       3
    3360   4.476   -57.69977    0.00000    0.00000    3360       1
    3361   4.476   -57.69977    0.00000    0.00001    3361       3
    3362   4.474   -57.69978    0.00000    0.00002    3362       6
    3363   4.476   -57.69977    0.00000    0.00000    3363       1
    3364   4.476   -57.69977    0.00000    0.00001    3364       3
    3365   4.478   -57.69977    0.00000    0.00000    3365       1
    3366   4.478   -57.69977    0.00000    0.00000    3366       1
    3367   4.479   -57.69977    0.00000    0.00001    3367       2
    3368   4.479   -57.69977    0.00000    0.00000    3368       1
    3369   4.467   -57.69979    0.00000    0.00001    3369       2
    3370   4.480   -57.69977    0.00000    0.00000    3370       1
    3371   4.481   -57.69976    0.00000    0.00001    3371       4
    3372   4.478   -57.69977    0.00000    0.00000    3372       1
    3373   4.481   -57.69976    0.00000    0.00001    3373       2
    3374   4.482   -57.69976    0.00000    0.00001    3374       4
    3375   4.482   -57.69976    0.00000    0.00000    3375       1
    3376   4.481   -57.69976    0.00000    0.00000    3376       1
    3377   4.483   -57.69976    0.00000    0.00000    3377       1
    3378   4.483   -57.69976    0.00000    0.00000    3378       1
    3379   4.481   -57.69976    0.00000    0.00001    3379       3
    3380   4.483   -57.69976    0.00000    0.00000    3380       1
    3381   4.484   -57.69976    0.00000    0.00000    3381       1
    3382   4.485   -57.69976    0.00000    0.00000    3382       1
    3383   4.485   -57.69976    0.00000    0.00000    3383       1
    3384   4.486   -57.69976    0.00000    0.00000    3384       1
    3385   4.486   -57.69976    0.00000    0.00000    3385       1
    3386   4.486   -57.69976    0.00000    0.00001    3386       4
    3387   4.488   -57.69975    0.00000    0.00001    3387       2
    3388   4.487   -57.69976    0.00000    0.00000    3388       1
    3389   4.489   -57.69975    0.00000    0.00001    3389       2
    3390   4.489   -57.69975    0.00000    0.00000    3390       1
    3391   4.490   -57.69975    0.00000    0.00001    3391       2
    3392   4.490   -57.69975    0.00000    0.00001    3392       2
    3393   4.491   -57.69975    0.00000    0.00001    3393       4
    3394   4.491   -57.69975    0.00000    0.00000    3394       1
    3395   4.492   -57.69975    0.00000    0.00000    3395       1
    3396   4.492   -57.69975    0.00000    0.00000    3396       1
    3397   4.492   -57.69975    0.00000    0.00000    3397       1
    3398   4.492   -57.69975    0.00000    0.00000    3398       1
    3399   4.492   -57.69975    0.00000    0.00001    3399       2
    3400   4.495   -57.69974    0.00000    0.00000    3400       1
    3401   4.495   -57.69974    0.00000    0.00000    3401       1
    3402   4.492   -57.69975    0.00000    0.00003    3402       8
    3403   4.496   -57.69974    0.00000    0.00001    3403       4
    3404   4.497   -57.69974    0.00000    0.00002    3404       5
    3405   4.494   -57.69974    0.00000    0.00000    3405       1
    3406   4.493   -57.69975    0.00000    0.00001    3406       2
    3407   4.502   -57.69973    0.00000    0.00000    3407       1
    3408   4.502   -57.69973    0.00000    0.00000    3408       1
    3409   4.502   -57.69973    0.00000    0.00000    3409       1
    3410   4.502   -57.69973    0.00000    0.00000    3410       1
    3411   4.504   -57.69973    0.00000    0.00000    3411       1
    3412   4.502   -57.69973    0.00000    0.00000    3412       1
    3413   4.502   -57.69973    0.00000    0.00000    3413       1
    3414   4.506   -57.69972    0.00000    0.00002    3414       7
    3415   4.507   -57.69972    0.00000    0.00002    3415       5
    3416   4.507   -57.69972    0.00000    0.00000    3416       1
    3417   4.508   -57.69972    0.00000    0.00000    3417       1
    3418   4.508   -57.69972    0.00000    0.00000    3418       1
    3419   4.508   -57.69972    0.00000    0.00000    3419       1
    3420   4.508   -57.69972    0.00000    0.00000    3420       1
    3421   4.495   -57.69974    0.00000    0.00001    3421       2
    3422   4.506   -57.69972    0.00000    0.00000    3422       1
    3423   4.508   -57.69972    0.00000    0.00000    3423       1
    3424   4.508   -57.69972    0.00000    0.00000    3424       1
    3425   4.510   -57.69972    0.00000    0.00000    3425       1
    3426   4.510   -57.69972    0.00000    0.00000    3426       1
    3427   4.510   -57.69972    0.00000    0.00001    3427       2
    3428   4.503   -57.69973    0.00000    0.00001    3428       2
    3429   4.512   -57.69971    0.00000    0.00001    3429       4
    3430   4.515   -57.69971    0.00000    0.00001    3430       2
    3431   4.515   -57.69971    0.00000    0.00000    3431       1
    3432   4.515   -57.69971    0.00000    0.00000    3432       1
    3433   4.513   -57.69971    0.00000    0.00001    3433       2
    3434   4.516   -57.69971    0.00000    0.00000    3434       1
    3435   4.520   -57.69970    0.00000    0.00003    3435       9
    3436   4.522   -57.69970    0.00000    0.00000    3436       1
    3437   4.522   -57.69970    0.00000    0.00000    3437       1
    3438   4.522   -57.69970    0.00000    0.00000    3438       1
    3439   4.522   -57.69970    0.00000    0.00000    3439       1
    3440   4.523   -57.69970    0.00000    0.00000    3440       1
    3441   4.523   -57.69970    0.00000    0.00000    3441       1
    3442   4.524   -57.69970    0.00000    0.00000    3442       1
    3443   4.524   -57.69970    0.00000    0.00000    3443       1
    3444   4.515   -57.69971    0.00000    0.00000    3444       1
    3445   4.524   -57.69970    0.00000    0.00000    3445       1
    3446   4.524   -57.69970    0.00000    0.00000    3446       1
    3447   4.525   -57.69969    0.00000    0.00001    3447       2
    3448   4.525   -57.69969    0.00000    0.00000    3448       1
    3449   4.525   -57.69969    0.00000    0.00000    3449       1
    3450   4.519   -57.69970    0.00000    0.00001    3450       4
    3451   4.526   -57.69969    0.00000    0.00000    3451       1
    3452   4.527   -57.69969    0.00000    0.00000    3452       1
    3453   4.509   -57.69972    0.00000    0.00001    3453       2
    3454   4.527   -57.69969    0.00000    0.00001    3454       2
    3455   4.528   -57.69969    0.00000    0.00001    3455       2
    3456   4.529   -57.69969    0.00000    0.00000    3456       1
    3457   4.529   -57.69969    0.00000    0.00001    3457       2
    3458   4.530   -57.69969    0.00000    0.00000    3458       1
    3459   4.530   -57.69969    0.00000    0.00001    3459       2
    3460   4.530   -57.69969    0.00000    0.00000    3460       1
    3461   4.530   -57.69969    0.00000    0.00001    3461       3
    3462   4.531   -57.69969    0.00000    0.00000    3462       1
    3463   4.532   -57.69968    0.00000    0.00000    3463       1
    3464   4.532   -57.69968    0.00000    0.00000    3464       1
    3465   4.532   -57.69968    0.00000    0.00001    3465       2
    3466   4.512   -57.69972    0.00000    0.00002    3466       6
    3467   4.532   -57.69968    0.00000    0.00000    3467       1
    3468   4.533   -57.69968    0.00000    0.00001    3468       3
    3469   4.534   -57.69968    0.00000    0.00000    3469       1
    3470   4.534   -57.69968    0.00000    0.00001    3470       2
    3471   4.533   -57.69968    0.00000    0.00000    3471       1
    3472   4.534   -57.69968    0.00000    0.00000    3472       1
    3473   4.535   -57.69968    0.00000    0.00000    3473       1
    3474   4.535   -57.69968    0.00000    0.00000    3474       1
    3475   4.535   -57.69968    0.00000    0.00000    3475       1
    3476   4.535   -57.69968    0.00000    0.00001    3476       2
    3477   4.535   -57.69968    0.00000    0.00001    3477       3
    3478   4.536   -57.69968    0.00000    0.00000    3478       1
    3479   4.537   -57.69968    0.00000    0.00000    3479       1
    3480   4.533   -57.69968    0.00000    0.00002    3480       5
    3481   4.537   -57.69967    0.00000    0.00000    3481       1
    3482   4.537   -57.69967    0.00000    0.00000    3482       1
    3483   4.533   -57.69968    0.00000    0.00001    3483       2
    3484   4.538   -57.69967    0.00000    0.00001    3484       4
    3485   4.538   -57.69967    0.00000    0.00001    3485       3
    3486   4.528   -57.69969    0.00000    0.00000    3486       1
    3487   4.539   -57.69967    0.00000    0.00001    3487       4
    3488   4.538   -57.69967    0.00000    0.00000    3488       1
    3489   4.538   -57.69967    0.00000    0.00001    3489       2
    3490   4.537   -57.69968    0.00000    0.00000    3490       1
    3491   4.536   -57.69968    0.00000    0.00000    3491       1
    3492   4.542   -57.69967    0.00000    0.00001    3492       2
    3493   4.542   -57.69967    0.00000    0.00001    3493       3
    3494   4.543   -57.69967    0.00000    0.00000    3494       1
    3495   4.540   -57.69967    0.00000    0.00000    3495       1
    3496   4.543   -57.69967    0.00000    0.00000    3496       1
    3497   4.543   -57.69967    0.00000    0.00000    3497       1
    3498   4.538   -57.69967    0.00000    0.00000    3498       1
    3499   4.543   -57.69967    0.00000    0.00000    3499       1
    3500   4.543   -57.69967    0.00000    0.00000    3500       1
    3501   4.525   -57.69969    0.00000    0.00000    3501       1
    3502   4.540   -57.69967    0.00000    0.00000    3502       1
    3503   4.543   -57.69966    0.00000    0.00001    3503       3
    3504   4.544   -57.69966    0.00000    0.00000    3504       1
    3505   4.544   -57.69966    0.00000    0.00000    3505       1
    3506   4.545   -57.69966    0.00000    0.00001    3506       3
    3507   4.546   -57.69966    0.00000    0.00001    3507       4
    3508   4.547   -57.69966    0.00000    0.00000    3508       1
    3509   4.547   -57.69966    0.00000    0.00000    3509       1
    3510   4.547   -57.69966    0.00000    0.00000    3510       1
    3511   4.548   -57.69966    0.00000    0.00000    3511       1
    3512   4.548   -57.69966    0.00000    0.00001    3512       3
    3513   4.550   -57.69966    0.00000    0.00001    3513       4
    3514   4.550   -57.69965    0.00000    0.00001    3514       2
    3515   4.550   -57.69965    0.00000    0.00000    3515       1
    3516   4.553   -57.69965    0.00000    0.00000    3516       1
    3517   4.554   -57.69965    0.00000    0.00001    3517       2
    3518   4.552   -57.69965    0.00000    0.00000    3518       1
    3519   4.550   -57.69965    0.00000    0.00000    3519       1
    3520   4.554   -57.69965    0.00000    0.00001    3520       2
    3521   4.555   -57.69965    0.00000    0.00001    3521       2
    3522   4.547   -57.69966    0.00000    0.00001    3522       2
    3523   4.556   -57.69965    0.00000    0.00000    3523       1
    3524   4.556   -57.69965    0.00000    0.00000    3524       1
    3525   4.556   -57.69964    0.00000    0.00000    3525       1
    3526   4.557   -57.69964    0.00000    0.00000    3526       1
    3527   4.557   -57.69964    0.00000    0.00001    3527       2
    3528   4.558   -57.69964    0.00000    0.00000    3528       1
    3529   4.558   -57.69964    0.00000    0.00001    3529       2
    3530   4.557   -57.69964    0.00000    0.00001    3530       2
    3531   4.561   -57.69964    0.00000    0.00001    3531       3
    3532   4.561   -57.69964    0.00000    0.00000    3532       1
    3533   4.561   -57.69964    0.00000    0.00001    3533       4
    3534   4.562   -57.69964    0.00000    0.00000    3534       1
    3535   4.562   -57.69964    0.00000    0.00000    3535       1
    3536   4.562   -57.69964    0.00000    0.00000    3536       1
    3537   4.563   -57.69963    0.00000    0.00001    3537       2
    3538   4.563   -57.69963    0.00000    0.00000    3538       1
    3539   4.563   -57.69963    0.00000    0.00000    3539       1
    3540   4.563   -57.69963    0.00000    0.00000    3540       1
    3541   4.563   -57.69963    0.00000    0.00001    3541       3
    3542   4.564   -57.69963    0.00000    0.00000    3542       1
    3543   4.564   -57.69963    0.00000    0.00000    3543       1
    3544   4.564   -57.69963    0.00000    0.00001    3544       2
    3545   4.564   -57.69963    0.00000    0.00000    3545       1
    3546   4.564   -57.69963    0.00000    0.00000    3546       1
    3547   4.564   -57.69963    0.00000    0.00000    3547       1
    3548   4.565   -57.69963    0.00000    0.00000    3548       1
    3549   4.566   -57.69963    0.00000    0.00002    3549       6
    3550   4.566   -57.69963    0.00000    0.00001    3550       3
    3551   4.547   -57.69966    0.00000    0.00000    3551       1
    3552   4.567   -57.69963    0.00000    0.00001    3552       2
    3553   4.569   -57.69962    0.00000    0.00001    3553       2
    3554   4.555   -57.69965    0.00000    0.00000    3554       1
    3555   4.569   -57.69962    0.00000    0.00000    3555       1
    3556   4.569   -57.69962    0.00000    0.00000    3556       1
    3557   4.570   -57.69962    0.00000    0.00000    3557       1
    3558   4.570   -57.69962    0.00000    0.00001    3558       3
    3559   4.571   -57.69962    0.00000    0.00000    3559       1
    3560   4.571   -57.69962    0.00000    0.00000    3560       1
    3561   4.571   -57.69962    0.00000    0.00000    3561       1
    3562   4.571   -57.69962    0.00000    0.00001    3562       2
    3563   4.571   -57.69962    0.00000    0.00001    3563       2
    3564   4.571   -57.69962    0.00000    0.00000    3564       1
    3565   4.572   -57.69962    0.00000    0.00001    3565       2
    3566   4.571   -57.69962    0.00000    0.00000    3566       1
    3567   4.572   -57.69962    0.00000    0.00001    3567       2
    3568   4.573   -57.69962    0.00000    0.00001    3568       3
    3569   4.573   -57.69962    0.00000    0.00000    3569       1
    3570   4.573   -57.69962    0.00000    0.00000    3570       1
    3571   4.573   -57.69962    0.00000    0.00000    3571       1
    3572   4.574   -57.69962    0.00000    0.00000    3572       1
    3573   4.574   -57.69962    0.00000    0.00002    3573       5
    3574   4.572   -57.69962    0.00000    0.00001    3574       4
    3575   4.575   -57.69961    0.00000    0.00001    3575       3
    3576   4.576   -57.69961    0.00000    0.00000    3576       1
    3577   4.573   -57.69962    0.00000    0.00000    3577       1
    3578   4.574   -57.69962    0.00000    0.00000    3578       1
    3579   4.573   -57.69962    0.00000    0.00000    3579       1
    3580   4.577   -57.69961    0.00000    0.00000    3580       1
    3581   4.577   -57.69961    0.00000    0.00000    3581       1
    3582   4.570   -57.69962    0.00000    0.00001    3582       4
    3583   4.578   -57.69961    0.00000    0.00000    3583       1
    3584   4.576   -57.69961    0.00000    0.00000    3584       1
    3585   4.578   -57.69961    0.00000    0.00000    3585       1
    3586   4.578   -57.69961    0.00000    0.00000    3586       1
    3587   4.578   -57.69961    0.00000    0.00000    3587       1
    3588   4.536   -57.69968    0.00000    0.00000    3588       1
    3589   4.576   -57.69961    0.00000    0.00000    3589       1
    3590   4.576   -57.69961    0.00000    0.00000    3590       1
    3591   4.580   -57.69961    0.00000    0.00000    3591       1
    3592   4.580   -57.69961    0.00000    0.00000    3592       1
    3593   4.580   -57.69961    0.00000    0.00001    3593       2
    3594   4.580   -57.69961    0.00000    0.00000    3594       1
    3595   4.580   -57.69961    0.00000    0.00000    3595       1
    3596   4.581   -57.69961    0.00000    0.00000    3596       1
    3597   4.581   -57.69961    0.00000    0.00000    3597       1
    3598   4.582   -57.69960    0.00000    0.00000    3598       1
    3599   4.582   -57.69960    0.00000    0.00001    3599       2
    3600   4.584   -57.69960    0.00000    0.00000    3600       1
    3601   4.584   -57.69960    0.00000    0.00000    3601       1
    3602   4.586   -57.69960    0.00000    0.00001    3602       5
    3603   4.588   -57.69959    0.00000    0.00000    3603       1
    3604   4.589   -57.69959    0.00000    0.00000    3604       1
    3605   4.590   -57.69959    0.00000    0.00000    3605       1
    3606   4.590   -57.69959    0.00000    0.00000    3606       1
    3607   4.590   -57.69959    0.00000    0.00001    3607       2
    3608   4.591   -57.69959    0.00000    0.00000    3608       1
    3609   4.583   -57.69960    0.00000    0.00000    3609       1
    3610   4.592   -57.69959    0.00000    0.00000    3610       1
    3611   4.594   -57.69958    0.00000    0.00000    3611       1
    3612   4.594   -57.69958    0.00000    0.00001    3612       4
    3613   4.594   -57.69958    0.00000    0.00001    3613       2
    3614   4.596   -57.69958    0.00000    0.00001    3614       3
    3615   4.595   -57.69958    0.00000    0.00000    3615       1
    3616   4.596   -57.69958    0.00000    0.00001    3616       4
    3617   4.599   -57.69958    0.00000    0.00000    3617       1
    3618   4.600   -57.69957    0.00000    0.00000    3618       1
    3619   4.600   -57.69957    0.00000    0.00001    3619       2
    3620   4.596   -57.69958    0.00000    0.00000    3620       1
    3621   4.599   -57.69958    0.00000    0.00000    3621       1
    3622   4.591   -57.69959    0.00000    0.00001    3622       3
    3623   4.601   -57.69957    0.00000    0.00000    3623       1
    3624   4.602   -57.69957    0.00000    0.00001    3624       2
    3625   4.602   -57.69957    0.00000    0.00000    3625       1
    3626   4.604   -57.69957    0.00000    0.00001    3626       2
    3627   4.607   -57.69956    0.00000    0.00000    3627       1
    3628   4.607   -57.69956    0.00000    0.00000    3628       1
    3629   4.608   -57.69956    0.00000    0.00001    3629       2
    3630   4.587   -57.69960    0.00000    0.00000    3630       1
    3631   4.601   -57.69957    0.00000    0.00000    3631       1
    3632   4.609   -57.69956    0.00000    0.00000    3632       1
    3633   4.591   -57.69959    0.00000    0.00000    3633       1
    3634   4.587   -57.69960    0.00000    0.00000    3634       1
    3635   4.609   -57.69956    0.00000    0.00000    3635       1
    3636   4.610   -57.69956    0.00000    0.00000    3636       1
    3637   4.612   -57.69956    0.00000    0.00001    3637       2
    3638   4.612   -57.69956    0.00000    0.00001    3638       2
    3639   4.614   -57.69955    0.00000    0.00001    3639       2
    3640   4.615   -57.69955    0.00000    0.00000    3640       1
    3641   4.615   -57.69955    0.00000    0.00001    3641       2
    3642   4.616   -57.69955    0.00000    0.00001    3642       2
    3643   4.614   -57.69955    0.00000    0.00000    3643       1
    3644   4.618   -57.69955    0.00000    0.00000    3644       1
    3645   4.618   -57.69955    0.00000    0.00000    3645       1
    3646   4.618   -57.69955    0.00000    0.00001    3646       2
    3647   4.618   -57.69955    0.00000    0.00001    3647       2
    3648   4.619   -57.69955    0.00000    0.00000    3648       1
    3649   4.619   -57.69954    0.00000    0.00001    3649       2
    3650   4.611   -57.69956    0.00000    0.00001    3650       5
    3651   4.621   -57.69954    0.00000    0.00000    3651       1
    3652   4.621   -57.69954    0.00000    0.00000    3652       1
    3653   4.622   -57.69954    0.00000    0.00000    3653       1
    3654   4.622   -57.69954    0.00000    0.00001    3654       3
    3655   4.622   -57.69954    0.00000    0.00001    3655       2
    3656   4.625   -57.69954    0.00000    0.00001    3656       2
    3657   4.623   -57.69954    0.00000    0.00000    3657       1
    3658   4.623   -57.69954    0.00000    0.00001    3658       2
    3659   4.623   -57.69954    0.00000    0.00002    3659       8
    3660   4.626   -57.69953    0.00000    0.00000    3660       1
    3661   4.626   -57.69953    0.00000    0.00000    3661       1
    3662   4.626   -57.69953    0.00000    0.00001    3662       2
    3663   4.627   -57.69953    0.00000    0.00000    3663       1
    3664   4.627   -57.69953    0.00000    0.00000    3664       1
    3665   4.615   -57.69955    0.00000    0.00000    3665       1
    3666   4.629   -57.69953    0.00000    0.00001    3666       3
    3667   4.622   -57.69954    0.00000    0.00001    3667       2
    3668   4.629   -57.69953    0.00000    0.00000    3668       1
    3669   4.623   -57.69954    0.00000    0.00001    3669       3
    3670   4.629   -57.69953    0.00000    0.00000    3670       1
    3671   4.627   -57.69953    0.00000    0.00000    3671       1
    3672   4.630   -57.69953    0.00000    0.00000    3672       1
    3673   4.632   -57.69952    0.00000    0.00001    3673       2
    3674   4.632   -57.69952    0.00000    0.00001    3674       5
    3675   4.633   -57.69952    0.00000    0.00001    3675       5
    3676   4.635   -57.69952    0.00000    0.00000    3676       1
    3677   4.633   -57.69952    0.00000    0.00001    3677       2
    3678   4.635   -57.69952    0.00000    0.00001    3678       4
    3679   4.635   -57.69952    0.00000    0.00000    3679       1
    3680   4.636   -57.69952    0.00000    0.00000    3680       1
    3681   4.636   -57.69952    0.00000    0.00001    3681       4
    3682   4.639   -57.69951    0.00000    0.00000    3682       1
    3683   4.632   -57.69952    0.00000    0.00000    3683       1
    3684   4.639   -57.69951    0.00000    0.00000    3684       1
    3685   4.639   -57.69951    0.00000    0.00000    3685       1
    3686   4.639   -57.69951    0.00000    0.00000    3686       1
    3687   4.640   -57.69951    0.00000    0.00001    3687       3
    3688   4.639   -57.69951    0.00000    0.00001    3688       2
    3689   4.627   -57.69953    0.00000    0.00001    3689       3
    3690   4.643   -57.69951    0.00000    0.00000    3690       1
    3691   4.643   -57.69951    0.00000    0.00001    3691       2
    3692   4.643   -57.69951    0.00000    0.00000    3692       1
    3693   4.644   -57.69951    0.00000    0.00000    3693       1
    3694   4.644   -57.69950    0.00000    0.00000    3694       1
    3695   4.644   -57.69950    0.00000    0.00000    3695       1
    3696   4.644   -57.69950    0.00000    0.00001    3696       2
    3697   4.645   -57.69950    0.00000    0.00000    3697       1
    3698   4.645   -57.69950    0.00000    0.00001    3698       2
    3699   4.646   -57.69950    0.00000    0.00001    3699       4
    3700   4.647   -57.69950    0.00000    0.00001    3700       2
    3701   4.647   -57.69950    0.00000    0.00001    3701       2
    3702   4.647   -57.69950    0.00000    0.00000    3702       1
    3703   4.648   -57.69950    0.00000    0.00001    3703       5
    3704   4.648   -57.69950    0.00000    0.00000    3704       1
    3705   4.649   -57.69950    0.00000    0.00001    3705       3
    3706   4.645   -57.69950    0.00000    0.00000    3706       1
    3707   4.650   -57.69950    0.00000    0.00000    3707       1
    3708   4.646   -57.69950    0.00000    0.00000    3708       1
    3709   4.650   -57.69950    0.00000    0.00000    3709       1
    3710   4.650   -57.69950    0.00000    0.00000    3710       1
    3711   4.650   -57.69949    0.00000    0.00000    3711       1
    3712   4.650   -57.69950    0.00000    0.00001    3712       2
    3713   4.651   -57.69949    0.00000    0.00000    3713       1
    3714   4.650   -57.69949    0.00000    0.00000    3714       1
    3715   4.651   -57.69949    0.00000    0.00001    3715       3
    3716   4.647   -57.69950    0.00000    0.00000    3716       1
    3717   4.652   -57.69949    0.00000    0.00001    3717       2
    3718   4.651   -57.69949    0.00000    0.00001    3718       3
    3719   4.652   -57.69949    0.00000    0.00000    3719       1
    3720   4.652   -57.69949    0.00000    0.00001    3720       2
    3721   4.652   -57.69949    0.00000    0.00002    3721       7
    3722   4.641   -57.69951    0.00000    0.00001    3722       2
    3723   4.655   -57.69949    0.00000    0.00001    3723       2
    3724   4.653   -57.69949    0.00000    0.00000    3724       1
    3725   4.654   -57.69949    0.00000    0.00000    3725       1
    3726   4.654   -57.69949    0.00000    0.00000    3726       1
    3727   4.655   -57.69949    0.00000    0.00001    3727       3
    3728   4.655   -57.69949    0.00000    0.00001    3728       3
    3729   4.657   -57.69948    0.00000    0.00000    3729       1
    3730   4.657   -57.69948    0.00000    0.00000    3730       1
    3731   4.658   -57.69948    0.00000    0.00000    3731       1
    3732   4.658   -57.69948    0.00000    0.00000    3732       1
    3733   4.658   -57.69948    0.00000    0.00001    3733       2
    3734   4.659   -57.69948    0.00000    0.00000    3734       1
    3735   4.659   -57.69948    0.00000    0.00000    3735       1
    3736   4.659   -57.69948    0.00000    0.00000    3736       1
    3737   4.660   -57.69948    0.00000    0.00000    3737       1
    3738   4.658   -57.69948    0.00000    0.00000    3738       1
    3739   4.660   -57.69948    0.00000    0.00000    3739       1
    3740   4.648   -57.69950    0.00000    0.00000    3740       1
    3741   4.660   -57.69948    0.00000    0.00000    3741       1
    3742   4.661   -57.69948    0.00000    0.00001    3742       2
    3743   4.662   -57.69948    0.00000    0.00000    3743       1
    3744   4.662   -57.69948    0.00000    0.00001    3744       3
    3745   4.663   -57.69947    0.00000    0.00000    3745       1
    3746   4.664   -57.69947    0.00000    0.00000    3746       1
    3747   4.663   -57.69947    0.00000    0.00001    3747       3
    3748   4.665   -57.69947    0.00000    0.00000    3748       1
    3749   4.665   -57.69947    0.00000    0.00001    3749       2
    3750   4.665   -57.69947    0.00000    0.00000    3750       1
    3751   4.665   -57.69947    0.00000    0.00001    3751       3
    3752   4.666   -57.69947    0.00000    0.00000    3752       1
    3753   4.666   -57.69947    0.00000    0.00000    3753       1
    3754   4.666   -57.69947    0.00000    0.00001    3754       2
    3755   4.668   -57.69947    0.00000    0.00000    3755       1
    3756   4.667   -57.69947    0.00000    0.00001    3756       3
    3757   4.669   -57.69946    0.00000    0.00001    3757       2
    3758   4.670   -57.69946    0.00000    0.00000    3758       1
    3759   4.668   -57.69947    0.00000    0.00001    3759       3
    3760   4.670   -57.69946    0.00000    0.00001    3760       2
    3761   4.671   -57.69946    0.00000    0.00000    3761       1
    3762   4.671   -57.69946    0.00000    0.00000    3762       1
    3763   4.672   -57.69946    0.00000    0.00000    3763       1
    3764   4.672   -57.69946    0.00000    0.00000    3764       1
    3765   4.672   -57.69946    0.00000    0.00000    3765       1
    3766   4.672   -57.69946    0.00000    0.00001    3766       5
    3767   4.673   -57.69946    0.00000    0.00000    3767       1
    3768   4.673   -57.69946    0.00000    0.00000    3768       1
    3769   4.674   -57.69946    0.00000    0.00000    3769       1
    3770   4.673   -57.69946    0.00000    0.00001    3770       2
    3771   4.675   -57.69946    0.00000    0.00000    3771       1
    3772   4.676   -57.69945    0.00000    0.00001    3772       3
    3773   4.677   -57.69945    0.00000    0.00001    3773       2
    3774   4.674   -57.69946    0.00000    0.00000    3774       1
    3775   4.678   -57.69945    0.00000    0.00000    3775       1
    3776   4.673   -57.69946    0.00000    0.00000    3776       1
    3777   4.678   -57.69945    0.00000    0.00001    3777       3
    3778   4.679   -57.69945    0.00000    0.00000    3778       1
    3779   4.679   -57.69945    0.00000    0.00000    3779       1
    3780   4.680   -57.69945    0.00000    0.00001    3780       3
    3781   4.682   -57.69944    0.00000    0.00000    3781       1
    3782   4.682   -57.69944    0.00000    0.00000    3782       1
    3783   4.678   -57.69945    0.00000    0.00000    3783       1
    3784   4.682   -57.69944    0.00000    0.00000    3784       1
    3785   4.681   -57.69945    0.00000    0.00001    3785       2
    3786   4.678   -57.69945    0.00000    0.00000    3786       1
    3787   4.670   -57.69946    0.00000    0.00000    3787       1
    3788   4.684   -57.69944    0.00000    0.00000    3788       1
    3789   4.684   -57.69944    0.00000    0.00000    3789       1
    3790   4.684   -57.69944    0.00000    0.00001    3790       2
    3791   4.685   -57.69944    0.00000    0.00000    3791       2
    3792   4.685   -57.69944    0.00000    0.00000    3792       1
    3793   4.686   -57.69944    0.00000    0.00000    3793       2
    3794   4.686   -57.69944    0.00000    0.00000    3794       1
    3795   4.687   -57.69944    0.00000    0.00000    3795       2
    3796   4.689   -57.69943    0.00000    0.00000    3796       1
    3797   4.689   -57.69943    0.00000    0.00000    3797       2
    3798   4.689   -57.69943    0.00000    0.00000    3798       1
    3799   4.690   -57.69943    0.00000    0.00000    3799       1
    3800   4.691   -57.69943    0.00000    0.00000    3800       1
    3801   4.690   -57.69943    0.00000    0.00000    3801       2
    3802   4.691   -57.69943    0.00000    0.00000    3802       1
    3803   4.691   -57.69943    0.00000    0.00000    3803       1
    3804   4.692   -57.69943    0.00000    0.00000    3804       1
    3805   4.692   -57.69943    0.00000    0.00000    3805       1
    3806   4.693   -57.69943    0.00000    0.00000    3806       1
    3807   4.693   -57.69943    0.00000    0.00000    3807       1
    3808   4.693   -57.69943    0.00000    0.00000    3808       1
    3809   4.695   -57.69942    0.00000    0.00000    3809       1
    3810   4.683   -57.69944    0.00000    0.00002    3810       7
    3811   4.697   -57.69942    0.00000    0.00000    3811       1
    3812   4.699   -57.69942    0.00000    0.00000    3812       1
    3813   4.688   -57.69943    0.00000    0.00000    3813       2
    3814   4.702   -57.69941    0.00000    0.00000    3814       1
    3815   4.700   -57.69942    0.00000    0.00000    3815       1
    3816   4.694   -57.69943    0.00000    0.00000    3816       1
    3817   4.702   -57.69941    0.00000    0.00000    3817       1
    3818   4.702   -57.69941    0.00000    0.00001    3818       4
    3819   4.703   -57.69941    0.00000    0.00000    3819       1
    3820   4.701   -57.69941    0.00000    0.00001    3820       3
    3821   4.702   -57.69941    0.00000    0.00000    3821       1
    3822   4.704   -57.69941    0.00000    0.00000    3822       1
    3823   4.704   -57.69941    0.00000    0.00000    3823       1
    3824   4.705   -57.69941    0.00000    0.00000    3824       1
    3825   4.702   -57.69941    0.00000    0.00001    3825       3
    3826   4.711   -57.69940    0.00000    0.00000    3826       1
    3827   4.710   -57.69940    0.00000    0.00000    3827       1
    3828   4.712   -57.69940    0.00000    0.00000    3828       2
    3829   4.713   -57.69939    0.00000    0.00000    3829       2
    3830   4.716   -57.69939    0.00000    0.00000    3830       2
    3831   4.716   -57.69939    0.00000    0.00000    3831       2
    3832   4.717   -57.69939    0.00000    0.00001    3832       3
    3833   4.718   -57.69939    0.00000    0.00000    3833       1
    3834   4.718   -57.69939    0.00000    0.00000    3834       1
    3835   4.712   -57.69940    0.00000    0.00000    3835       2
    3836   4.718   -57.69939    0.00000    0.00000    3836       1
    3837   4.718   -57.69939    0.00000    0.00000    3837       1
    3838   4.718   -57.69939    0.00000    0.00000    3838       1
    3839   4.719   -57.69939    0.00000    0.00000    3839       1
    3840   4.715   -57.69939    0.00000    0.00000    3840       1
    3841   4.719   -57.69938    0.00000    0.00001    3841       4
    3842   4.723   -57.69938    0.00000    0.00001    3842       5
    3843   4.694   -57.69942    0.00000    0.00001    3843       4
    3844   4.725   -57.69938    0.00000    0.00000    3844       1
    3845   4.695   -57.69942    0.00000    0.00000    3845       1
    3846   4.725   -57.69938    0.00000    0.00000    3846       1
    3847   4.725   -57.69938    0.00000    0.00001    3847       5
    3848   4.725   -57.69937    0.00000    0.00000    3848       2
    3849   4.726   -57.69937    0.00000    0.00000    3849       2
    3850   4.727   -57.69937    0.00000    0.00000    3850       1
    3851   4.727   -57.69937    0.00000    0.00000    3851       1
    3852   4.728   -57.69937    0.00000    0.00000    3852       1
    3853   4.729   -57.69937    0.00000    0.00001    3853       3
    3854   4.730   -57.69937    0.00000    0.00000    3854       1
    3855   4.728   -57.69937    0.00000    0.00000    3855       1
    3856   4.731   -57.69937    0.00000    0.00000    3856       1
    3857   4.731   -57.69937    0.00000    0.00000    3857       1
    3858   4.732   -57.69936    0.00000    0.00000    3858       1
    3859   4.732   -57.69936    0.00000    0.00000    3859       1
    3860   4.733   -57.69936    0.00000    0.00000    3860       1
    3861   4.713   -57.69939    0.00000    0.00000    3861       1
    3862   4.734   -57.69936    0.00000    0.00000    3862       1
    3863   4.734   -57.69936    0.00000    0.00000    3863       2
    3864   4.736   -57.69936    0.00000    0.00001    3864       3
    3865   4.736   -57.69936    0.00000    0.00001    3865       4
    3866   4.739   -57.69935    0.00000    0.00000    3866       1
    3867   4.739   -57.69935    0.00000    0.00000    3867       1
    3868   4.740   -57.69935    0.00000    0.00000    3868       1
    3869   4.737   -57.69936    0.00000    0.00000    3869       1
    3870   4.736   -57.69936    0.00000    0.00000    3870       1
    3871   4.740   -57.69935    0.00000    0.00000    3871       1
    3872   4.741   -57.69935    0.00000    0.00000    3872       1
    3873   4.741   -57.69935    0.00000    0.00000    3873       2
    3874   4.742   -57.69935    0.00000    0.00000    3874       1
    3875   4.741   -57.69935    0.00000    0.00000    3875       2
    3876   4.744   -57.69935    0.00000    0.00000    3876       1
    3877   4.745   -57.69934    0.00000    0.00000    3877       1
    3878   4.745   -57.69934    0.00000    0.00001    3878       5
    3879   4.742   -57.69935    0.00000    0.00000    3879       1
    3880   4.744   -57.69935    0.00000    0.00000    3880       1
    3881   4.744   -57.69935    0.00000    0.00001    3881       4
    3882   4.746   -57.69934    0.00000    0.00000    3882       2
    3883   4.747   -57.69934    0.00000    0.00000    3883       1
    3884   4.748   -57.69934    0.00000    0.00000    3884       1
    3885   4.749   -57.69934    0.00000    0.00001    3885       4
    3886   4.749   -57.69934    0.00000    0.00000    3886       1
    3887   4.750   -57.69934    0.00000    0.00000    3887       1
    3888   4.744   -57.69935    0.00000    0.00000    3888       1
    3889   4.750   -57.69934    0.00000    0.00000    3889       1
    3890   4.751   -57.69933    0.00000    0.00000    3890       1
    3891   4.748   -57.69934    0.00000    0.00000    3891       1
    3892   4.752   -57.69933    0.00000    0.00000    3892       1
    3893   4.752   -57.69933    0.00000    0.00000    3893       2
    3894   4.753   -57.69933    0.00000    0.00000    3894       1
    3895   4.753   -57.69933    0.00000    0.00000    3895       2
    3896   4.754   -57.69933    0.00000    0.00001    3896       5
    3897   4.754   -57.69933    0.00000    0.00001    3897       4
    3898   4.755   -57.69933    0.00000    0.00000    3898       1
    3899   4.753   -57.69933    0.00000    0.00000    3899       1
    3900   4.755   -57.69933    0.00000    0.00001    3900       3
    3901   4.756   -57.69933    0.00000    0.00000    3901       2
    3902   4.757   -57.69932    0.00000    0.00000    3902       1
    3903   4.759   -57.69932    0.00000    0.00000    3903       1
    3904   4.760   -57.69932    0.00000    0.00000    3904       1
    3905   4.760   -57.69932    0.00000    0.00000    3905       1
    3906   4.760   -57.69932    0.00000    0.00000    3906       2
    3907   4.761   -57.69932    0.00000    0.00000    3907       1
    3908   4.761   -57.69932    0.00000    0.00000    3908       1
    3909   4.762   -57.69932    0.00000    0.00000    3909       1
    3910   4.762   -57.69932    0.00000    0.00000    3910       1
    3911   4.755   -57.69933    0.00000    0.00001    3911       5
    3912   4.763   -57.69931    0.00000    0.00000    3912       1
    3913   4.763   -57.69931    0.00000    0.00000    3913       2
    3914   4.764   -57.69931    0.00000    0.00000    3914       1
    3915   4.764   -57.69931    0.00000    0.00000    3915       1
    3916   4.764   -57.69931    0.00000    0.00000    3916       1
    3917   4.752   -57.69933    0.00000    0.00001    3917       5
    3918   4.764   -57.69931    0.00000    0.00000    3918       1
    3919   4.765   -57.69931    0.00000    0.00000    3919       2
    3920   4.765   -57.69931    0.00000    0.00000    3920       2
    3921   4.765   -57.69931    0.00000    0.00001    3921       6
    3922   4.766   -57.69931    0.00000    0.00001    3922       4
    3923   4.767   -57.69931    0.00000    0.00000    3923       1
    3924   4.766   -57.69931    0.00000    0.00000    3924       1
    3925   4.767   -57.69931    0.00000    0.00000    3925       1
    3926   4.768   -57.69931    0.00000    0.00001    3926       4
    3927   4.771   -57.69930    0.00000    0.00000    3927       2
    3928   4.771   -57.69930    0.00000    0.00000    3928       2
    3929   4.767   -57.69931    0.00000    0.00000    3929       1
    3930   4.771   -57.69930    0.00000    0.00000    3930       1
    3931   4.771   -57.69930    0.00000    0.00000    3931       2
    3932   4.770   -57.69930    0.00000    0.00001    3932       4
    3933   4.774   -57.69930    0.00000    0.00000    3933       1
    3934   4.774   -57.69930    0.00000    0.00000    3934       1
    3935   4.774   -57.69930    0.00000    0.00000    3935       1
    3936   4.775   -57.69930    0.00000    0.00000    3936       1
    3937   4.775   -57.69930    0.00000    0.00000    3937       1
    3938   4.775   -57.69930    0.00000    0.00000    3938       1
    3939   4.776   -57.69929    0.00000    0.00000    3939       2
    3940   4.777   -57.69929    0.00000    0.00000    3940       2
    3941   4.777   -57.69929    0.00000    0.00000    3941       2
    3942   4.769   -57.69931    0.00000    0.00000    3942       1
    3943   4.777   -57.69929    0.00000    0.00000    3943       1
    3944   4.778   -57.69929    0.00000    0.00001    3944       6
    3945   4.779   -57.69929    0.00000    0.00000    3945       1
    3946   4.779   -57.69929    0.00000    0.00001    3946       6
    3947   4.775   -57.69930    0.00000    0.00000    3947       1
    3948   4.781   -57.69929    0.00000    0.00000    3948       1
    3949   4.782   -57.69928    0.00000    0.00000    3949       1
    3950   4.777   -57.69929    0.00000    0.00000    3950       1
    3951   4.782   -57.69928    0.00000    0.00000    3951       2
    3952   4.781   -57.69929    0.00000    0.00000    3952       2
    3953   4.782   -57.69928    0.00000    0.00000    3953       2
    3954   4.784   -57.69928    0.00000    0.00000    3954       1
    3955   4.784   -57.69928    0.00000    0.00000    3955       2
    3956   4.785   -57.69928    0.00000    0.00000    3956       1
    3957   4.786   -57.69928    0.00000    0.00000    3957       2
    3958   4.786   -57.69928    0.00000    0.00000    3958       1
    3959   4.787   -57.69928    0.00000    0.00000    3959       1
    3960   4.782   -57.69928    0.00000    0.00000    3960       1
    3961   4.788   -57.69928    0.00000    0.00000    3961       1
    3962   4.788   -57.69928    0.00000    0.00001    3962       3
    3963   4.789   -57.69927    0.00000    0.00000    3963       1
    3964   4.788   -57.69927    0.00000    0.00000    3964       1
    3965   4.790   -57.69927    0.00000    0.00000    3965       1
    3966   4.787   -57.69928    0.00000    0.00000    3966       1
    3967   4.791   -57.69927    0.00000    0.00001    3967       3
    3968   4.777   -57.69929    0.00000    0.00000    3968       1
    3969   4.791   -57.69927    0.00000    0.00000    3969       2
    3970   4.792   -57.69927    0.00000    0.00000    3970       1
    3971   4.791   -57.69927    0.00000    0.00000    3971       1
    3972   4.789   -57.69927    0.00000    0.00001    3972       3
    3973   4.793   -57.69927    0.00000    0.00000    3973       2
    3974   4.794   -57.69927    0.00000    0.00000    3974       1
    3975   4.794   -57.69927    0.00000    0.00000    3975       1
    3976   4.794   -57.69927    0.00000    0.00000    3976       2
    3977   4.797   -57.69926    0.00000    0.00000    3977       1
    3978   4.792   -57.69927    0.00000    0.00000    3978       1
    3979   4.797   -57.69926    0.00000    0.00000    3979       1
    3980   4.797   -57.69926    0.00000    0.00000    3980       1
    3981   4.798   -57.69926    0.00000    0.00000    3981       1
    3982   4.777   -57.69929    0.00000    0.00000    3982       1
    3983   4.798   -57.69926    0.00000    0.00000    3983       1
    3984   4.798   -57.69926    0.00000    0.00000    3984       1
    3985   4.798   -57.69926    0.00000    0.00000    3985       1
    3986   4.798   -57.69926    0.00000    0.00000    3986       1
    3987   4.799   -57.69926    0.00000    0.00000    3987       1
    3988   4.799   -57.69926    0.00000    0.00000    3988       2
    3989   4.801   -57.69925    0.00000    0.00000    3989       1
    3990   4.778   -57.69929    0.00000    0.00000    3990       1
    3991   4.803   -57.69925    0.00000    0.00000    3991       1
    3992   4.803   -57.69925    0.00000    0.00000    3992       1
    3993   4.794   -57.69927    0.00000    0.00000    3993       1
    3994   4.803   -57.69925    0.00000    0.00000    3994       1
    3995   4.803   -57.69925    0.00000    0.00000    3995       2
    3996   4.804   -57.69925    0.00000    0.00000    3996       1
    3997   4.804   -57.69925    0.00000    0.00000    3997       1
    3998   4.803   -57.69925    0.00000    0.00001    3998       4
    3999   4.804   -57.69925    0.00000    0.00000    3999       1
    4000   4.805   -57.69925    0.00000    0.00000    4000       1
    4001   4.807   -57.69925    0.00000    0.00000    4001       1
    4002   4.807   -57.69924    0.00000    0.00000    4002       1
    4003   4.807   -57.69924    0.00000    0.00000    4003       1
    4004   4.808   -57.69924    0.00000    0.00001    4004       4
    4005   4.809   -57.69924    0.00000    0.00001    4005       5
    4006   4.804   -57.69925    0.00000    0.00000    4006       1
    4007   4.810   -57.69924    0.00000    0.00000    4007       1
    4008   4.812   -57.69924    0.00000    0.00000    4008       2
    4009   4.813   -57.69924    0.00000    0.00001    4009       5
    4010   4.816   -57.69923    0.00000    0.00000    4010       1
    4011   4.816   -57.69923    0.00000    0.00000    4011       1
    4012   4.816   -57.69923    0.00000    0.00000    4012       1
    4013   4.816   -57.69923    0.00000    0.00000    4013       1
    4014   4.818   -57.69923    0.00000    0.00000    4014       1
    4015   4.818   -57.69923    0.00000    0.00000    4015       1
    4016   4.819   -57.69923    0.00000    0.00000    4016       2
    4017   4.820   -57.69922    0.00000    0.00000    4017       2
    4018   4.822   -57.69922    0.00000    0.00000    4018       1
    4019   4.822   -57.69922    0.00000    0.00001    4019       7
    4020   4.821   -57.69922    0.00000    0.00000    4020       2
    4021   4.821   -57.69922    0.00000    0.00000    4021       1
    4022   4.825   -57.69922    0.00000    0.00001    4022       3
    4023   4.825   -57.69922    0.00000    0.00000    4023       2
    4024   4.825   -57.69922    0.00000    0.00000    4024       1
    4025   4.825   -57.69922    0.00000    0.00000    4025       1
    4026   4.826   -57.69921    0.00000    0.00000    4026       1
    4027   4.826   -57.69921    0.00000    0.00000    4027       1
    4028   4.826   -57.69921    0.00000    0.00001    4028       4
    4029   4.828   -57.69921    0.00000    0.00000    4029       1
    4030   4.829   -57.69921    0.00000    0.00000    4030       1
    4031   4.829   -57.69921    0.00000    0.00000    4031       1
    4032   4.823   -57.69922    0.00000    0.00000    4032       1
    4033   4.829   -57.69921    0.00000    0.00000    4033       1
    4034   4.829   -57.69921    0.00000    0.00000    4034       1
    4035   4.829   -57.69921    0.00000    0.00000    4035       1
    4036   4.829   -57.69921    0.00000    0.00000    4036       1
    4037   4.829   -57.69921    0.00000    0.00000    4037       1
    4038   4.830   -57.69921    0.00000    0.00000    4038       1
    4039   4.830   -57.69921    0.00000    0.00000    4039       1
    4040   4.814   -57.69923    0.00000    0.00000    4040       1
    4041   4.830   -57.69921    0.00000    0.00000    4041       1
    4042   4.830   -57.69921    0.00000    0.00000    4042       1
    4043   4.830   -57.69921    0.00000    0.00001    4043       3
    4044   4.832   -57.69921    0.00000    0.00000    4044       1
    4045   4.832   -57.69920    0.00000    0.00000    4045       1
    4046   4.832   -57.69920    0.00000    0.00000    4046       1
    4047   4.833   -57.69920    0.00000    0.00000    4047       1
    4048   4.833   -57.69920    0.00000    0.00000    4048       1
    4049   4.833   -57.69920    0.00000    0.00001    4049       3
    4050   4.834   -57.69920    0.00000    0.00000    4050       1
    4051   4.834   -57.69920    0.00000    0.00001    4051       5
    4052   4.834   -57.69920    0.00000    0.00001    4052       3
    4053   4.836   -57.69920    0.00000    0.00000    4053       1
    4054   4.837   -57.69920    0.00000    0.00000    4054       1
    4055   4.835   -57.69920    0.00000    0.00000    4055       2
    4056   4.838   -57.69920    0.00000    0.00000    4056       1
    4057   4.839   -57.69919    0.00000    0.00000    4057       1
    4058   4.839   -57.69919    0.00000    0.00000    4058       1
    4059   4.839   -57.69919    0.00000    0.00000    4059       1
    4060   4.839   -57.69919    0.00000    0.00000    4060       2
    4061   4.841   -57.69919    0.00000    0.00000    4061       1
    4062   4.841   -57.69919    0.00000    0.00000    4062       1
    4063   4.842   -57.69919    0.00000    0.00000    4063       1
    4064   4.841   -57.69919    0.00000    0.00000    4064       2
    4065   4.842   -57.69919    0.00000    0.00000    4065       2
    4066   4.823   -57.69922    0.00000    0.00000    4066       1
    4067   4.842   -57.69919    0.00000    0.00000    4067       1
    4068   4.843   -57.69919    0.00000    0.00000    4068       1
    4069   4.844   -57.69919    0.00000    0.00000    4069       1
    4070   4.845   -57.69918    0.00000    0.00000    4070       2
    4071   4.846   -57.69918    0.00000    0.00000    4071       1
    4072   4.846   -57.69918    0.00000    0.00000    4072       1
    4073   4.835   -57.69920    0.00000    0.00000    4073       2
    4074   4.847   -57.69918    0.00000    0.00000    4074       1
    4075   4.844   -57.69919    0.00000    0.00000    4075       1
    4076   4.847   -57.69918    0.00000    0.00001    4076       3
    4077   4.848   -57.69918    0.00000    0.00000    4077       1
    4078   4.848   -57.69918    0.00000    0.00000    4078       1
    4079   4.848   -57.69918    0.00000    0.00000    4079       1
    4080   4.848   -57.69918    0.00000    0.00000    4080       2
    4081   4.850   -57.69918    0.00000    0.00000    4081       1
    4082   4.852   -57.69917    0.00000    0.00000    4082       1
    4083   4.853   -57.69917    0.00000    0.00001    4083       3
    4084   4.855   -57.69917    0.00000    0.00000    4084       2
    4085   4.855   -57.69917    0.00000    0.00000    4085       1
    4086   4.856   -57.69917    0.00000    0.00000    4086       1
    4087   4.853   -57.69917    0.00000    0.00000    4087       2
    4088   4.856   -57.69917    0.00000    0.00001    4088       3
    4089   4.857   -57.69917    0.00000    0.00000    4089       2
    4090   4.857   -57.69917    0.00000    0.00000    4090       1
    4091   4.857   -57.69917    0.00000    0.00000    4091       1
    4092   4.858   -57.69916    0.00000    0.00000    4092       2
    4093   4.858   -57.69916    0.00000    0.00000    4093       1
    4094   4.858   -57.69916    0.00000    0.00001    4094       6
    4095   4.860   -57.69916    0.00000    0.00000    4095       1
    4096   4.860   -57.69916    0.00000    0.00001    4096       6
    4097   4.860   -57.69916    0.00000    0.00000    4097       1
    4098   4.861   -57.69916    0.00000    0.00000    4098       1
    4099   4.862   -57.69916    0.00000    0.00000    4099       2
    4100   4.863   -57.69916    0.00000    0.00000    4100       1
    4101   4.863   -57.69916    0.00000    0.00000    4101       2
    4102   4.863   -57.69916    0.00000    0.00000    4102       2
    4103   4.864   -57.69915    0.00000    0.00000    4103       1
    4104   4.864   -57.69915    0.00000    0.00000    4104       1
    4105   4.864   -57.69915    0.00000    0.00000    4105       1
    4106   4.865   -57.69915    0.00000    0.00000    4106       1
    4107   4.865   -57.69915    0.00000    0.00000    4107       1
    4108   4.866   -57.69915    0.00000    0.00000    4108       1
    4109   4.866   -57.69915    0.00000    0.00000    4109       2
    4110   4.866   -57.69915    0.00000    0.00000    4110       2
    4111   4.867   -57.69915    0.00000    0.00000    4111       1
    4112   4.867   -57.69915    0.00000    0.00000    4112       1
    4113   4.869   -57.69915    0.00000    0.00000    4113       1
    4114   4.870   -57.69914    0.00000    0.00000    4114       1
    4115   4.870   -57.69914    0.00000    0.00000    4115       1
    4116   4.871   -57.69914    0.00000    0.00000    4116       2
    4117   4.872   -57.69914    0.00000    0.00000    4117       1
    4118   4.866   -57.69915    0.00000    0.00001    4118       6
    4119   4.875   -57.69914    0.00000    0.00000    4119       1
    4120   4.876   -57.69914    0.00000    0.00000    4120       1
    4121   4.877   -57.69913    0.00000    0.00000    4121       1
    4122   4.877   -57.69913    0.00000    0.00000    4122       1
    4123   4.878   -57.69913    0.00000    0.00000    4123       1
    4124   4.878   -57.69913    0.00000    0.00000    4124       1
    4125   4.878   -57.69913    0.00000    0.00000    4125       1
    4126   4.879   -57.69913    0.00000    0.00000    4126       2
    4127   4.879   -57.69913    0.00000    0.00000    4127       1
    4128   4.879   -57.69913    0.00000    0.00000    4128       1
    4129   4.878   -57.69913    0.00000    0.00000    4129       1
    4130   4.879   -57.69913    0.00000    0.00000    4130       1
    4131   4.879   -57.69913    0.00000    0.00000    4131       1
    4132   4.880   -57.69913    0.00000    0.00000    4132       1
    4133   4.879   -57.69913    0.00000    0.00001    4133       3
    4134   4.880   -57.69913    0.00000    0.00001    4134       4
    4135   4.880   -57.69913    0.00000    0.00000    4135       1
    4136   4.881   -57.69913    0.00000    0.00001    4136       8
    4137   4.882   -57.69912    0.00000    0.00000    4137       2
    4138   4.883   -57.69912    0.00000    0.00000    4138       1
    4139   4.883   -57.69912    0.00000    0.00000    4139       2
    4140   4.883   -57.69912    0.00000    0.00000    4140       1
    4141   4.884   -57.69912    0.00000    0.00000    4141       2
    4142   4.884   -57.69912    0.00000    0.00000    4142       1
    4143   4.883   -57.69912    0.00000    0.00000    4143       2
    4144   4.886   -57.69912    0.00000    0.00000    4144       1
    4145   4.884   -57.69912    0.00000    0.00000    4145       1
    4146   4.885   -57.69912    0.00000    0.00001    4146       3
    4147   4.887   -57.69912    0.00000    0.00000    4147       1
    4148   4.888   -57.69912    0.00000    0.00000    4148       1
    4149   4.888   -57.69912    0.00000    0.00000    4149       2
    4150   4.888   -57.69912    0.00000    0.00000    4150       1
    4151   4.890   -57.69911    0.00000    0.00000    4151       1
    4152   4.890   -57.69911    0.00000    0.00000    4152       1
    4153   4.890   -57.69911    0.00000    0.00000    4153       1
    4154   4.891   -57.69911    0.00000    0.00000    4154       1
    4155   4.891   -57.69911    0.00000    0.00000    4155       2
    4156   4.891   -57.69911    0.00000    0.00000    4156       2
    4157   4.892   -57.69911    0.00000    0.00000    4157       1
    4158   4.892   -57.69911    0.00000    0.00000    4158       2
    4159   4.892   -57.69911    0.00000    0.00000    4159       1
    4160   4.892   -57.69911    0.00000    0.00000    4160       1
    4161   4.894   -57.69911    0.00000    0.00001    4161       4
    4162   4.895   -57.69911    0.00000    0.00001    4162       3
    4163   4.895   -57.69910    0.00000    0.00000    4163       2
    4164   4.896   -57.69910    0.00000    0.00000    4164       2
    4165   4.897   -57.69910    0.00000    0.00000    4165       1
    4166   4.897   -57.69910    0.00000    0.00000    4166       1
    4167   4.897   -57.69910    0.00000    0.00000    4167       1
    4168   4.897   -57.69910    0.00000    0.00000    4168       1
    4169   4.897   -57.69910    0.00000    0.00000    4169       1
    4170   4.887   -57.69912    0.00000    0.00000    4170       2
    4171   4.897   -57.69910    0.00000    0.00000    4171       1
    4172   4.897   -57.69910    0.00000    0.00000    4172       1
    4173   4.898   -57.69910    0.00000    0.00000    4173       1
    4174   4.898   -57.69910    0.00000    0.00000    4174       1
    4175   4.898   -57.69910    0.00000    0.00000    4175       1
    4176   4.898   -57.69910    0.00000    0.00000    4176       1
    4177   4.899   -57.69910    0.00000    0.00000    4177       1
    4178   4.899   -57.69910    0.00000    0.00001    4178       4
    4179   4.900   -57.69910    0.00000    0.00000    4179       1
    4180   4.898   -57.69910    0.00000    0.00000    4180       1
    4181   4.902   -57.69909    0.00000    0.00001    4181       3
    4182   4.901   -57.69910    0.00000    0.00000    4182       1
    4183   4.899   -57.69910    0.00000    0.00000    4183       2
    4184   4.899   -57.69910    0.00000    0.00000    4184       1
    4185   4.902   -57.69909    0.00000    0.00001    4185       3
    4186   4.902   -57.69909    0.00000    0.00001    4186       4
    4187   4.899   -57.69910    0.00000    0.00001    4187       3
    4188   4.899   -57.69910    0.00000    0.00000    4188       1
    4189   4.905   -57.69909    0.00000    0.00000    4189       1
    4190   4.905   -57.69909    0.00000    0.00000    4190       2
    4191   4.905   -57.69909    0.00000    0.00000    4191       1
    4192   4.905   -57.69909    0.00000    0.00000    4192       1
    4193   4.906   -57.69909    0.00000    0.00000    4193       1
    4194   4.906   -57.69909    0.00000    0.00000    4194       1
    4195   4.906   -57.69909    0.00000    0.00000    4195       1
    4196   4.906   -57.69909    0.00000    0.00000    4196       1
    4197   4.906   -57.69909    0.00000    0.00000    4197       2
    4198   4.905   -57.69909    0.00000    0.00000    4198       2
    4199   4.908   -57.69908    0.00000    0.00000    4199       2
    4200   4.909   -57.69908    0.00000    0.00000    4200       1
    4201   4.909   -57.69908    0.00000    0.00000    4201       1
    4202   4.909   -57.69908    0.00000    0.00000    4202       1
    4203   4.909   -57.69908    0.00000    0.00000    4203       1
    4204   4.910   -57.69908    0.00000    0.00000    4204       2
    4205   4.911   -57.69908    0.00000    0.00000    4205       1
    4206   4.910   -57.69908    0.00000    0.00000    4206       1
    4207   4.912   -57.69908    0.00000    0.00000    4207       1
    4208   4.912   -57.69908    0.00000    0.00000    4208       1
    4209   4.912   -57.69908    0.00000    0.00000    4209       1
    4210   4.913   -57.69908    0.00000    0.00000    4210       1
    4211   4.913   -57.69908    0.00000    0.00000    4211       1
    4212   4.914   -57.69907    0.00000    0.00000    4212       2
    4213   4.914   -57.69907    0.00000    0.00000    4213       2
    4214   4.915   -57.69907    0.00000    0.00001    4214       3
    4215   4.917   -57.69907    0.00000    0.00001    4215       4
    4216   4.917   -57.69907    0.00000    0.00000    4216       2
    4217   4.918   -57.69907    0.00000    0.00000    4217       1
    4218   4.918   -57.69907    0.00000    0.00001    4218       3
    4219   4.919   -57.69907    0.00000    0.00000    4219       1
    4220   4.872   -57.69914    0.00000    0.00000    4220       1
    4221   4.919   -57.69907    0.00000    0.00000    4221       1
    4222   4.872   -57.69914    0.00000    0.00000    4222       1
    4223   4.920   -57.69906    0.00000    0.00000    4223       1
    4224   4.872   -57.69914    0.00000    0.00000    4224       1
    4225   4.920   -57.69906    0.00000    0.00000    4225       1
    4226   4.921   -57.69906    0.00000    0.00000    4226       1
    4227   4.916   -57.69907    0.00000    0.00000    4227       1
    4228   4.921   -57.69906    0.00000    0.00000    4228       1
    4229   4.922   -57.69906    0.00000    0.00000    4229       1
    4230   4.922   -57.69906    0.00000    0.00000    4230       1
    4231   4.922   -57.69906    0.00000    0.00000    4231       1
    4232   4.923   -57.69906    0.00000    0.00000    4232       1
    4233   4.924   -57.69906    0.00000    0.00000    4233       1
    4234   4.923   -57.69906    0.00000    0.00000    4234       1
    4235   4.924   -57.69906    0.00000    0.00001    4235       4
    4236   4.927   -57.69905    0.00000    0.00000    4236       1
    4237   4.927   -57.69905    0.00000    0.00000    4237       1
    4238   4.928   -57.69905    0.00000    0.00000    4238       1
    4239   4.929   -57.69905    0.00000    0.00000    4239       2
    4240   4.912   -57.69908    0.00000    0.00000    4240       1
    4241   4.929   -57.69905    0.00000    0.00001    4241       4
    4242   4.924   -57.69906    0.00000    0.00000    4242       1
    4243   4.931   -57.69905    0.00000    0.00000    4243       1
    4244   4.932   -57.69905    0.00000    0.00000    4244       1
    4245   4.932   -57.69905    0.00000    0.00000    4245       1
    4246   4.933   -57.69904    0.00000    0.00000    4246       1
    4247   4.934   -57.69904    0.00000    0.00000    4247       2
    4248   4.935   -57.69904    0.00000    0.00000    4248       2
    4249   4.937   -57.69904    0.00000    0.00000    4249       1
    4250   4.937   -57.69904    0.00000    0.00000    4250       1
    4251   4.932   -57.69904    0.00000    0.00000    4251       1
    4252   4.938   -57.69904    0.00000    0.00000    4252       1
    4253   4.938   -57.69904    0.00000    0.00000    4253       1
    4254   4.938   -57.69904    0.00000    0.00000    4254       1
    4255   4.938   -57.69904    0.00000    0.00000    4255       1
    4256   4.940   -57.69903    0.00000    0.00000    4256       1
    4257   4.941   -57.69903    0.00000    0.00000    4257       1
    4258   4.941   -57.69903    0.00000    0.00000    4258       1
    4259   4.942   -57.69903    0.00000    0.00001    4259       5
    4260   4.903   -57.69909    0.00000    0.00001    4260       4
    4261   4.947   -57.69902    0.00000    0.00000    4261       2
    4262   4.949   -57.69902    0.00000    0.00000    4262       1
    4263   4.948   -57.69902    0.00000    0.00000    4263       1
    4264   4.948   -57.69902    0.00000    0.00000    4264       2
    4265   4.942   -57.69903    0.00000    0.00000    4265       1
    4266   4.949   -57.69902    0.00000    0.00000    4266       2
    4267   4.949   -57.69902    0.00000    0.00000    4267       1
    4268   4.950   -57.69902    0.00000    0.00000    4268       3
    4269   4.951   -57.69902    0.00000    0.00000    4269       1
    4270   4.951   -57.69901    0.00000    0.00000    4270       1
    4271   4.951   -57.69902    0.00000    0.00000    4271       1
    4272   4.942   -57.69903    0.00000    0.00000    4272       1
    4273   4.951   -57.69901    0.00000    0.00000    4273       1
    4274   4.951   -57.69901    0.00000    0.00000    4274       1
    4275   4.952   -57.69901    0.00000    0.00000    4275       1
    4276   4.926   -57.69906    0.00000    0.00000    4276       2
    4277   4.954   -57.69901    0.00000    0.00000    4277       1
    4278   4.952   -57.69901    0.00000    0.00000    4278       1
    4279   4.955   -57.69901    0.00000    0.00000    4279       3
    4280   4.956   -57.69901    0.00000    0.00000    4280       2
    4281   4.957   -57.69901    0.00000    0.00000    4281       1
    4282   4.954   -57.69901    0.00000    0.00000    4282       1
    4283   4.943   -57.69903    0.00000    0.00000    4283       2
    4284   4.939   -57.69903    0.00000    0.00000    4284       1
    4285   4.939   -57.69903    0.00000    0.00000    4285       1
    4286   4.958   -57.69900    0.00000    0.00000    4286       1
    4287   4.959   -57.69900    0.00000    0.00000    4287       1
    4288   4.939   -57.69903    0.00000    0.00000    4288       1
    4289   4.959   -57.69900    0.00000    0.00000    4289       1
    4290   4.960   -57.69900    0.00000    0.00000    4290       1
    4291   4.960   -57.69900    0.00000    0.00000    4291       1
    4292   4.960   -57.69900    0.00000    0.00000    4292       1
    4293   4.961   -57.69900    0.00000    0.00001    4293       5
    4294   4.963   -57.69900    0.00000    0.00000    4294       1
    4295   4.964   -57.69900    0.00000    0.00000    4295       1
    4296   4.940   -57.69903    0.00000    0.00000    4296       1
    4297   4.964   -57.69899    0.00000    0.00000    4297       1
    4298   4.964   -57.69899    0.00000    0.00000    4298       2
    4299   4.965   -57.69899    0.00000    0.00000    4299       3
    4300   4.966   -57.69899    0.00000    0.00001    4300       6
    4301   4.967   -57.69899    0.00000    0.00000    4301       3
    4302   4.965   -57.69899    0.00000    0.00000    4302       1
    4303   4.969   -57.69899    0.00000    0.00000    4303       3
    4304   4.967   -57.69899    0.00000    0.00000    4304       2
    4305   4.970   -57.69899    0.00000    0.00000    4305       2
    4306   4.972   -57.69898    0.00000    0.00000    4306       1
    4307   4.970   -57.69898    0.00000    0.00000    4307       1
    4308   4.972   -57.69898    0.00000    0.00000    4308       2
    4309   4.972   -57.69898    0.00000    0.00000    4309       2
    4310   4.973   -57.69898    0.00000    0.00000    4310       1
    4311   4.973   -57.69898    0.00000    0.00000    4311       1
    4312   4.974   -57.69898    0.00000    0.00000    4312       2
    4313   4.978   -57.69897    0.00000    0.00000    4313       1
    4314   4.978   -57.69897    0.00000    0.00000    4314       2
    4315   4.972   -57.69898    0.00000    0.00000    4315       2
    4316   4.980   -57.69897    0.00000    0.00000    4316       3
    4317   4.982   -57.69897    0.00000    0.00000    4317       1
    4318   4.982   -57.69897    0.00000    0.00001    4318       4
    4319   4.982   -57.69897    0.00000    0.00000    4319       3
    4320   4.983   -57.69896    0.00000    0.00001    4320       5
    4321   4.985   -57.69896    0.00000    0.00000    4321       2
    4322   4.986   -57.69896    0.00000    0.00000    4322       1
    4323   4.986   -57.69896    0.00000    0.00000    4323       1
    4324   4.986   -57.69896    0.00000    0.00001    4324       4
    4325   4.987   -57.69896    0.00000    0.00000    4325       1
    4326   4.974   -57.69898    0.00000    0.00000    4326       1
    4327   4.986   -57.69896    0.00000    0.00000    4327       1
    4328   4.987   -57.69896    0.00000    0.00000    4328       1
    4329   4.987   -57.69896    0.00000    0.00000    4329       1
    4330   4.987   -57.69896    0.00000    0.00000    4330       2
    4331   4.988   -57.69896    0.00000    0.00000    4331       2
    4332   4.990   -57.69895    0.00000    0.00001    4332       4
    4333   4.991   -57.69895    0.00000    0.00000    4333       1
    4334   4.991   -57.69895    0.00000    0.00000    4334       1
    4335   4.992   -57.69895    0.00000    0.00000    4335       2
    4336   4.995   -57.69895    0.00000    0.00000    4336       3
    4337   4.989   -57.69895    0.00000    0.00000    4337       2
    4338   4.995   -57.69894    0.00000    0.00000    4338       1
    4339   4.996   -57.69894    0.00000    0.00000    4339       1
    4340   4.996   -57.69894    0.00000    0.00000    4340       1
    4341   4.996   -57.69894    0.00000    0.00000    4341       1
    4342   4.993   -57.69895    0.00000    0.00000    4342       2
    4343   4.997   -57.69894    0.00000    0.00000    4343       2
    4344   4.998   -57.69894    0.00000    0.00000    4344       2
    4345   4.998   -57.69894    0.00000    0.00000    4345       2
    4346   4.998   -57.69894    0.00000    0.00000    4346       1
    4347   4.999   -57.69894    0.00000    0.00000    4347       1
    4348   5.001   -57.69894    0.00000    0.00000    4348       2
    4349   5.001   -57.69894    0.00000    0.00000    4349       1
    4350   5.001   -57.69894    0.00000    0.00000    4350       3
    4351   5.002   -57.69893    0.00000    0.00000    4351       2
    4352   4.996   -57.69894    0.00000    0.00000    4352       2
    4353   5.005   -57.69893    0.00000    0.00000    4353       1
    4354   5.005   -57.69893    0.00000    0.00000    4354       1
    4355   5.005   -57.69893    0.00000    0.00000    4355       1
    4356   5.006   -57.69893    0.00000    0.00001    4356       4
    4357   5.006   -57.69893    0.00000    0.00000    4357       2
    4358   5.006   -57.69893    0.00000    0.00000    4358       1
    4359   5.007   -57.69893    0.00000    0.00000    4359       1
    4360   5.008   -57.69892    0.00000    0.00000    4360       1
    4361   5.009   -57.69892    0.00000    0.00000    4361       1
    4362   5.009   -57.69892    0.00000    0.00000    4362       2
    4363   4.990   -57.69895    0.00000    0.00000    4363       1
    4364   5.010   -57.69892    0.00000    0.00000    4364       1
    4365   5.010   -57.69892    0.00000    0.00000    4365       2
    4366   5.011   -57.69892    0.00000    0.00000    4366       2
    4367   5.012   -57.69892    0.00000    0.00001    4367       4
    4368   5.012   -57.69892    0.00000    0.00000    4368       1
    4369   5.014   -57.69892    0.00000    0.00000    4369       1
    4370   5.010   -57.69892    0.00000    0.00000    4370       1
    4371   5.016   -57.69891    0.00000    0.00000    4371       1
    4372   5.016   -57.69891    0.00000    0.00000    4372       1
    4373   5.017   -57.69891    0.00000    0.00000    4373       2
    4374   5.018   -57.69891    0.00000    0.00000    4374       2
    4375   5.019   -57.69891    0.00000    0.00000    4375       1
    4376   5.016   -57.69891    0.00000    0.00000    4376       2
    4377   5.020   -57.69891    0.00000    0.00000    4377       2
    4378   5.021   -57.69890    0.00000    0.00000    4378       3
    4379   5.021   -57.69890    0.00000    0.00000    4379       3
    4380   5.021   -57.69890    0.00000    0.00000    4380       2
    4381   5.023   -57.69890    0.00000    0.00000    4381       1
    4382   5.022   -57.69890    0.00000    0.00001    4382       4
    4383   5.023   -57.69890    0.00000    0.00001    4383       4
    4384   5.024   -57.69890    0.00000    0.00000    4384       1
    4385   5.025   -57.69890    0.00000    0.00000    4385       1
    4386   5.025   -57.69890    0.00000    0.00000    4386       1
    4387   5.025   -57.69890    0.00000    0.00000    4387       1
    4388   5.023   -57.69890    0.00000    0.00000    4388       1
    4389   5.026   -57.69890    0.00000    0.00000    4389       1
    4390   5.026   -57.69890    0.00000    0.00000    4390       1
    4391   5.022   -57.69890    0.00000    0.00000    4391       1
    4392   5.026   -57.69890    0.00000    0.00000    4392       2
    4393   5.026   -57.69890    0.00000    0.00000    4393       1
    4394   5.026   -57.69890    0.00000    0.00000    4394       1
    4395   5.027   -57.69889    0.00000    0.00000    4395       1
    4396   5.028   -57.69889    0.00000    0.00000    4396       1
    4397   5.028   -57.69889    0.00000    0.00000    4397       1
    4398   5.029   -57.69889    0.00000    0.00000    4398       1
    4399   5.029   -57.69889    0.00000    0.00000    4399       1
    4400   5.029   -57.69889    0.00000    0.00000    4400       1
    4401   5.031   -57.69889    0.00000    0.00000    4401       1
    4402   5.031   -57.69889    0.00000    0.00000    4402       1
    4403   5.031   -57.69889    0.00000    0.00000    4403       1
    4404   5.032   -57.69889    0.00000    0.00000    4404       3
    4405   5.031   -57.69889    0.00000    0.00000    4405       1
    4406   5.032   -57.69889    0.00000    0.00000    4406       1
    4407   5.032   -57.69889    0.00000    0.00000    4407       1
    4408   5.023   -57.69890    0.00000    0.00000    4408       3
    4409   5.033   -57.69888    0.00000    0.00000    4409       2
    4410   5.035   -57.69888    0.00000    0.00000    4410       1
    4411   5.035   -57.69888    0.00000    0.00000    4411       1
    4412   5.035   -57.69888    0.00000    0.00000    4412       2
    4413   5.036   -57.69888    0.00000    0.00000    4413       2
    4414   5.038   -57.69888    0.00000    0.00000    4414       3
    4415   5.040   -57.69887    0.00000    0.00000    4415       2
    4416   5.040   -57.69887    0.00000    0.00000    4416       1
    4417   5.041   -57.69887    0.00000    0.00000    4417       1
    4418   5.042   -57.69887    0.00000    0.00000    4418       1
    4419   5.039   -57.69888    0.00000    0.00000    4419       1
    4420   5.044   -57.69887    0.00000    0.00000    4420       3
    4421   5.045   -57.69887    0.00000    0.00000    4421       1
    4422   5.045   -57.69887    0.00000    0.00000    4422       1
    4423   5.045   -57.69887    0.00000    0.00000    4423       1
    4424   5.045   -57.69887    0.00000    0.00000    4424       3
    4425   5.048   -57.69886    0.00000    0.00000    4425       1
    4426   5.048   -57.69886    0.00000    0.00000    4426       3
    4427   5.048   -57.69886    0.00000    0.00000    4427       2
    4428   5.050   -57.69886    0.00000    0.00000    4428       1
    4429   5.050   -57.69886    0.00000    0.00000    4429       1
    4430   5.050   -57.69886    0.00000    0.00000    4430       1
    4431   5.050   -57.69886    0.00000    0.00000    4431       1
    4432   5.047   -57.69886    0.00000    0.00000    4432       1
    4433   5.043   -57.69887    0.00000    0.00000    4433       2
    4434   5.052   -57.69886    0.00000    0.00000    4434       1
    4435   5.052   -57.69885    0.00000    0.00000    4435       1
    4436   5.053   -57.69885    0.00000    0.00000    4436       1
    4437   5.054   -57.69885    0.00000    0.00000    4437       1
    4438   5.054   -57.69885    0.00000    0.00000    4438       1
    4439   5.054   -57.69885    0.00000    0.00000    4439       1
    4440   5.054   -57.69885    0.00000    0.00000    4440       1
    4441   5.055   -57.69885    0.00000    0.00000    4441       1
    4442   5.057   -57.69885    0.00000    0.00000    4442       1
    4443   5.047   -57.69886    0.00000    0.00000    4443       3
    4444   5.057   -57.69885    0.00000    0.00000    4444       1
    4445   5.058   -57.69885    0.00000    0.00000    4445       1
    4446   5.058   -57.69885    0.00000    0.00000    4446       1
    4447   5.058   -57.69884    0.00000    0.00000    4447       1
    4448   5.058   -57.69884    0.00000    0.00001    4448       4
    4449   5.060   -57.69884    0.00000    0.00000    4449       2
    4450   5.061   -57.69884    0.00000    0.00000    4450       2
    4451   5.062   -57.69884    0.00000    0.00000    4451       1
    4452   5.063   -57.69884    0.00000    0.00000    4452       1
    4453   5.063   -57.69884    0.00000    0.00000    4453       1
    4454   5.063   -57.69884    0.00000    0.00000    4454       1
    4455   5.064   -57.69884    0.00000    0.00000    4455       1
    4456   5.063   -57.69884    0.00000    0.00000    4456       2
    4457   5.066   -57.69883    0.00000    0.00000    4457       1
    4458   5.066   -57.69883    0.00000    0.00000    4458       1
    4459   5.066   -57.69883    0.00000    0.00000    4459       1
    4460   5.031   -57.69889    0.00000    0.00000    4460       1
    4461   5.066   -57.69883    0.00000    0.00000    4461       1
    4462   5.066   -57.69883    0.00000    0.00001    4462       5
    4463   5.067   -57.69883    0.00000    0.00000    4463       1
    4464   5.067   -57.69883    0.00000    0.00000    4464       1
    4465   5.068   -57.69883    0.00000    0.00000    4465       1
    4466   5.068   -57.69883    0.00000    0.00000    4466       1
    4467   5.069   -57.69883    0.00000    0.00000    4467       1
    4468   5.066   -57.69883    0.00000    0.00000    4468       2
    4469   5.069   -57.69883    0.00000    0.00000    4469       2
    4470   5.069   -57.69883    0.00000    0.00001    4470       4
    4471   5.070   -57.69883    0.00000    0.00000    4471       1
    4472   5.071   -57.69882    0.00000    0.00001    4472       5
    4473   5.072   -57.69882    0.00000    0.00001    4473       4
    4474   5.073   -57.69882    0.00000    0.00000    4474       1
    4475   5.073   -57.69882    0.00000    0.00000    4475       1
    4476   5.070   -57.69883    0.00000    0.00000    4476       1
    4477   5.069   -57.69883    0.00000    0.00000    4477       1
    4478   5.070   -57.69883    0.00000    0.00001    4478       5
    4479   5.073   -57.69882    0.00000    0.00000    4479       1
    4480   5.074   -57.69882    0.00000    0.00000    4480       2
    4481   5.074   -57.69882    0.00000    0.00000    4481       1
    4482   5.070   -57.69883    0.00000    0.00000    4482       1
    4483   5.075   -57.69882    0.00000    0.00001    4483       6
    4484   5.078   -57.69881    0.00000    0.00000    4484       1
    4485   5.078   -57.69881    0.00000    0.00000    4485       1
    4486   5.078   -57.69881    0.00000    0.00001    4486       4
    4487   5.075   -57.69882    0.00000    0.00000    4487       1
    4488   5.079   -57.69881    0.00000    0.00000    4488       1
    4489   5.079   -57.69881    0.00000    0.00000    4489       2
    4490   5.080   -57.69881    0.00000    0.00000    4490       2
    4491   5.080   -57.69881    0.00000    0.00000    4491       1
    4492   5.075   -57.69882    0.00000    0.00000    4492       3
    4493   5.077   -57.69881    0.00000    0.00000    4493       1
    4494   5.081   -57.69881    0.00000    0.00000    4494       2
    4495   5.082   -57.69881    0.00000    0.00000    4495       1
    4496   5.082   -57.69881    0.00000    0.00000    4496       1
    4497   5.082   -57.69881    0.00000    0.00000    4497       1
    4498   5.082   -57.69881    0.00000    0.00000    4498       1
    4499   5.082   -57.69881    0.00000    0.00000    4499       2
    4500   5.083   -57.69881    0.00000    0.00000    4500       1
    4501   5.083   -57.69880    0.00000    0.00000    4501       3
    4502   5.084   -57.69880    0.00000    0.00000    4502       1
    4503   5.084   -57.69880    0.00000    0.00000    4503       2
    4504   5.083   -57.69881    0.00000    0.00000    4504       2
    4505   5.085   -57.69880    0.00000    0.00000    4505       1
    4506   5.080   -57.69881    0.00000    0.00001    4506       5
    4507   5.086   -57.69880    0.00000    0.00000    4507       3
    4508   5.086   -57.69880    0.00000    0.00000    4508       1
    4509   5.086   -57.69880    0.00000    0.00000    4509       1
    4510   5.086   -57.69880    0.00000    0.00000    4510       1
    4511   5.087   -57.69880    0.00000    0.00000    4511       1
    4512   5.068   -57.69883    0.00000    0.00000    4512       2
    4513   5.082   -57.69881    0.00000    0.00000    4513       1
    4514   5.089   -57.69880    0.00000    0.00000    4514       1
    4515   5.089   -57.69880    0.00000    0.00000    4515       1
    4516   5.089   -57.69880    0.00000    0.00000    4516       2
    4517   5.082   -57.69881    0.00000    0.00000    4517       1
    4518   5.089   -57.69880    0.00000    0.00000    4518       2
    4519   5.089   -57.69879    0.00000    0.00000    4519       1
    4520   5.088   -57.69880    0.00000    0.00000    4520       2
    4521   5.090   -57.69879    0.00000    0.00000    4521       1
    4522   5.090   -57.69879    0.00000    0.00000    4522       1
    4523   5.090   -57.69879    0.00000    0.00000    4523       1
    4524   5.093   -57.69879    0.00000    0.00000    4524       1
    4525   5.093   -57.69879    0.00000    0.00000    4525       2
    4526   5.095   -57.69879    0.00000    0.00000    4526       1
    4527   5.095   -57.69879    0.00000    0.00000    4527       1
    4528   5.095   -57.69879    0.00000    0.00000    4528       1
    4529   5.095   -57.69879    0.00000    0.00000    4529       1
    4530   5.096   -57.69879    0.00000    0.00000    4530       2
    4531   5.096   -57.69878    0.00000    0.00000    4531       1
    4532   5.089   -57.69880    0.00000    0.00000    4532       1
    4533   5.090   -57.69879    0.00000    0.00000    4533       1
    4534   5.096   -57.69878    0.00000    0.00000    4534       1
    4535   5.096   -57.69878    0.00000    0.00000    4535       1
    4536   5.096   -57.69878    0.00000    0.00000    4536       1
    4537   5.097   -57.69878    0.00000    0.00000    4537       1
    4538   5.097   -57.69878    0.00000    0.00000    4538       1
    4539   5.097   -57.69878    0.00000    0.00000    4539       3
    4540   5.098   -57.69878    0.00000    0.00000    4540       3
    4541   5.099   -57.69878    0.00000    0.00000    4541       2
    4542   5.100   -57.69878    0.00000    0.00000    4542       2
    4543   5.101   -57.69878    0.00000    0.00000    4543       2
    4544   5.079   -57.69881    0.00000    0.00000    4544       1
    4545   5.103   -57.69877    0.00000    0.00000    4545       1
    4546   5.103   -57.69877    0.00000    0.00000    4546       1
    4547   5.097   -57.69878    0.00000    0.00000    4547       1
    4548   5.082   -57.69881    0.00000    0.00000    4548       2
    4549   5.098   -57.69878    0.00000    0.00000    4549       1
    4550   5.103   -57.69877    0.00000    0.00000    4550       1
    4551   5.104   -57.69877    0.00000    0.00000    4551       1
    4552   5.104   -57.69877    0.00000    0.00000    4552       1
    4553   5.106   -57.69877    0.00000    0.00000    4553       1
    4554   5.107   -57.69877    0.00000    0.00000    4554       1
    4555   5.107   -57.69877    0.00000    0.00000    4555       1
    4556   5.108   -57.69877    0.00000    0.00000    4556       1
    4557   5.108   -57.69877    0.00000    0.00000    4557       1
    4558   5.108   -57.69877    0.00000    0.00000    4558       1
    4559   5.109   -57.69876    0.00000    0.00000    4559       3
    4560   5.109   -57.69876    0.00000    0.00000    4560       1
    4561   5.109   -57.69876    0.00000    0.00000    4561       1
    4562   5.110   -57.69876    0.00000    0.00001    4562       5
    4563   5.114   -57.69876    0.00000    0.00000    4563       1
    4564   5.112   -57.69876    0.00000    0.00000    4564       1
    4565   5.114   -57.69876    0.00000    0.00000    4565       1
    4566   5.115   -57.69875    0.00000    0.00000    4566       2
    4567   5.115   -57.69875    0.00000    0.00000    4567       3
    4568   5.119   -57.69875    0.00000    0.00000    4568       1
    4569   5.119   -57.69875    0.00000    0.00000    4569       4
    4570   5.120   -57.69875    0.00000    0.00000    4570       1
    4571   5.121   -57.69874    0.00000    0.00000    4571       1
    4572   5.122   -57.69874    0.00000    0.00000    4572       1
    4573   5.083   -57.69880    0.00000    0.00000    4573       3
    4574   5.123   -57.69874    0.00000    0.00000    4574       1
    4575   5.112   -57.69876    0.00000    0.00000    4575       1
    4576   5.123   -57.69874    0.00000    0.00000    4576       1
    4577   5.123   -57.69874    0.00000    0.00000    4577       1
    4578   5.118   -57.69875    0.00000    0.00000    4578       1
    4579   5.123   -57.69874    0.00000    0.00000    4579       1
    4580   5.124   -57.69874    0.00000    0.00000    4580       1
    4581   5.124   -57.69874    0.00000    0.00000    4581       2
    4582   5.119   -57.69875    0.00000    0.00000    4582       1
    4583   5.125   -57.69874    0.00000    0.00000    4583       2
    4584   5.125   -57.69874    0.00000    0.00000    4584       2
    4585   5.127   -57.69874    0.00000    0.00000    4585       2
    4586   5.127   -57.69874    0.00000    0.00000    4586       2
    4587   5.124   -57.69874    0.00000    0.00000    4587       1
    4588   5.125   -57.69874    0.00000    0.00000    4588       1
    4589   5.128   -57.69873    0.00000    0.00000    4589       1
    4590   5.128   -57.69873    0.00000    0.00000    4590       2
    4591   5.130   -57.69873    0.00000    0.00000    4591       1
    4592   5.128   -57.69873    0.00000    0.00000    4592       1
    4593   5.131   -57.69873    0.00000    0.00000    4593       1
    4594   5.131   -57.69873    0.00000    0.00000    4594       2
    4595   5.132   -57.69873    0.00000    0.00000    4595       2
    4596   5.133   -57.69873    0.00000    0.00000    4596       1
    4597   5.133   -57.69872    0.00000    0.00000    4597       3
    4598   5.134   -57.69872    0.00000    0.00000    4598       3
    4599   5.135   -57.69872    0.00000    0.00000    4599       1
    4600   5.133   -57.69872    0.00000    0.00000    4600       1
    4601   5.134   -57.69872    0.00000    0.00000    4601       1
    4602   5.135   -57.69872    0.00000    0.00000    4602       2
    4603   5.134   -57.69872    0.00000    0.00000    4603       1
    4604   5.136   -57.69872    0.00000    0.00000    4604       1
    4605   5.135   -57.69872    0.00000    0.00000    4605       1
    4606   5.137   -57.69872    0.00000    0.00000    4606       2
    4607   5.137   -57.69872    0.00000    0.00001    4607       6
    4608   5.138   -57.69872    0.00000    0.00000    4608       4
    4609   5.139   -57.69872    0.00000    0.00000    4609       4
    4610   5.142   -57.69871    0.00000    0.00000    4610       1
    4611   5.141   -57.69871    0.00000    0.00000    4611       3
    4612   5.142   -57.69871    0.00000    0.00000    4612       2
    4613   5.143   -57.69871    0.00000    0.00000    4613       1
    4614   5.143   -57.69871    0.00000    0.00000    4614       3
    4615   5.139   -57.69872    0.00000    0.00000    4615       1
    4616   5.141   -57.69871    0.00000    0.00000    4616       1
    4617   5.144   -57.69871    0.00000    0.00000    4617       2
    4618   5.144   -57.69871    0.00000    0.00000    4618       1
    4619   5.145   -57.69871    0.00000    0.00000    4619       2
    4620   5.142   -57.69871    0.00000    0.00000    4620       2
    4621   5.145   -57.69871    0.00000    0.00000    4621       1
    4622   5.145   -57.69871    0.00000    0.00000    4622       1
    4623   5.143   -57.69871    0.00000    0.00000    4623       2
    4624   5.140   -57.69871    0.00000    0.00000    4624       2
    4625   5.145   -57.69871    0.00000    0.00000    4625       1
    4626   5.146   -57.69871    0.00000    0.00000    4626       1
    4627   5.146   -57.69870    0.00000    0.00000    4627       2
    4628   5.147   -57.69870    0.00000    0.00000    4628       3
    4629   5.148   -57.69870    0.00000    0.00000    4629       1
    4630   5.148   -57.69870    0.00000    0.00000    4630       1
    4631   5.149   -57.69870    0.00000    0.00000    4631       1
    4632   5.149   -57.69870    0.00000    0.00000    4632       1
    4633   5.150   -57.69870    0.00000    0.00000    4633       1
    4634   5.146   -57.69870    0.00000    0.00000    4634       1
    4635   5.151   -57.69870    0.00000    0.00000    4635       1
    4636   5.152   -57.69870    0.00000    0.00000    4636       1
    4637   5.153   -57.69869    0.00000    0.00000    4637       1
    4638   5.154   -57.69869    0.00000    0.00000    4638       2
    4639   5.155   -57.69869    0.00000    0.00000    4639       2
    4640   5.156   -57.69869    0.00000    0.00000    4640       1
    4641   5.158   -57.69869    0.00000    0.00000    4641       1
    4642   5.158   -57.69869    0.00000    0.00000    4642       1
    4643   5.158   -57.69869    0.00000    0.00000    4643       1
    4644   5.158   -57.69868    0.00000    0.00000    4644       2
    4645   5.162   -57.69868    0.00000    0.00000    4645       1
    4646   5.162   -57.69868    0.00000    0.00000    4646       1
    4647   5.163   -57.69868    0.00000    0.00000    4647       1
    4648   5.164   -57.69868    0.00000    0.00000    4648       1
    4649   5.164   -57.69868    0.00000    0.00000    4649       1
    4650   5.165   -57.69867    0.00000    0.00000    4650       1
    4651   5.166   -57.69867    0.00000    0.00000    4651       1
    4652   5.167   -57.69867    0.00000    0.00000    4652       3
    4653   5.170   -57.69867    0.00000    0.00000    4653       4
    4654   5.171   -57.69867    0.00000    0.00000    4654       2
    4655   5.171   -57.69866    0.00000    0.00000    4655       1
    4656   5.172   -57.69866    0.00000    0.00000    4656       1
    4657   5.172   -57.69866    0.00000    0.00000    4657       1
    4658   5.173   -57.69866    0.00000    0.00000    4658       2
    4659   5.174   -57.69866    0.00000    0.00000    4659       3
    4660   5.176   -57.69866    0.00000    0.00000    4660       2
    4661   5.177   -57.69865    0.00000    0.00000    4661       2
    4662   5.178   -57.69865    0.00000    0.00000    4662       3
    4663   5.178   -57.69865    0.00000    0.00000    4663       1
    4664   5.178   -57.69865    0.00000    0.00000    4664       1
    4665   5.178   -57.69865    0.00000    0.00000    4665       1
    4666   5.174   -57.69866    0.00000    0.00000    4666       1
    4667   5.178   -57.69865    0.00000    0.00000    4667       1
    4668   5.178   -57.69865    0.00000    0.00000    4668       1
    4669   5.178   -57.69865    0.00000    0.00000    4669       1
    4670   5.179   -57.69865    0.00000    0.00000    4670       1
    4671   5.179   -57.69865    0.00000    0.00000    4671       1
    4672   5.179   -57.69865    0.00000    0.00000    4672       1
    4673   5.179   -57.69865    0.00000    0.00000    4673       1
    4674   5.179   -57.69865    0.00000    0.00000    4674       3
    4675   5.180   -57.69865    0.00000    0.00000    4675       1
    4676   5.180   -57.69865    0.00000    0.00000    4676       1
    4677   5.180   -57.69865    0.00000    0.00000    4677       4
    4678   5.182   -57.69865    0.00000    0.00000    4678       4
    4679   5.168   -57.69867    0.00000    0.00000    4679       2
    4680   5.185   -57.69864    0.00000    0.00000    4680       1
    4681   5.185   -57.69864    0.00000    0.00000    4681       1
    4682   5.185   -57.69864    0.00000    0.00000    4682       1
    4683   5.185   -57.69864    0.00000    0.00000    4683       1
    4684   5.185   -57.69864    0.00000    0.00000    4684       1
    4685   5.186   -57.69864    0.00000    0.00000    4685       1
    4686   5.182   -57.69865    0.00000    0.00000    4686       1
    4687   5.170   -57.69867    0.00000    0.00000    4687       1
    4688   5.186   -57.69864    0.00000    0.00000    4688       1
    4689   5.188   -57.69864    0.00000    0.00000    4689       1
    4690   5.189   -57.69864    0.00000    0.00000    4690       1
    4691   5.190   -57.69863    0.00000    0.00000    4691       2
    4692   5.191   -57.69863    0.00000    0.00000    4692       1
    4693   5.191   -57.69863    0.00000    0.00000    4693       2
    4694   5.191   -57.69863    0.00000    0.00000    4694       1
    4695   5.194   -57.69863    0.00000    0.00000    4695       1
    4696   5.194   -57.69863    0.00000    0.00000    4696       1
    4697   5.195   -57.69863    0.00000    0.00000    4697       1
    4698   5.190   -57.69863    0.00000    0.00000    4698       1
    4699   5.195   -57.69863    0.00000    0.00000    4699       1
    4700   5.195   -57.69863    0.00000    0.00000    4700       2
    4701   5.196   -57.69862    0.00000    0.00000    4701       2
    4702   5.197   -57.69862    0.00000    0.00000    4702       1
    4703   5.191   -57.69863    0.00000    0.00000    4703       1
    4704   5.197   -57.69862    0.00000    0.00000    4704       2
    4705   5.199   -57.69862    0.00000    0.00000    4705       2
    4706   5.202   -57.69862    0.00000    0.00000    4706       2
    4707   5.204   -57.69861    0.00000    0.00000    4707       1
    4708   5.206   -57.69861    0.00000    0.00000    4708       2
    4709   5.208   -57.69861    0.00000    0.00000    4709       1
    4710   5.209   -57.69861    0.00000    0.00000    4710       2
    4711   5.209   -57.69860    0.00000    0.00000    4711       1
    4712   5.209   -57.69860    0.00000    0.00000    4712       1
    4713   5.209   -57.69860    0.00000    0.00000    4713       3
    4714   5.208   -57.69861    0.00000    0.00000    4714       1
    4715   5.210   -57.69860    0.00000    0.00000    4715       1
    4716   5.211   -57.69860    0.00000    0.00000    4716       1
    4717   5.211   -57.69860    0.00000    0.00000    4717       2
    4718   5.211   -57.69860    0.00000    0.00000    4718       1
    4719   5.213   -57.69860    0.00000    0.00000    4719       2
    4720   5.214   -57.69860    0.00000    0.00000    4720       1
    4721   5.216   -57.69859    0.00000    0.00000    4721       1
    4722   5.210   -57.69860    0.00000    0.00000    4722       1
    4723   5.216   -57.69859    0.00000    0.00000    4723       1
    4724   5.217   -57.69859    0.00000    0.00000    4724       1
    4725   5.218   -57.69859    0.00000    0.00000    4725       1
    4726   5.218   -57.69859    0.00000    0.00000    4726       1
    4727   5.221   -57.69858    0.00000    0.00000    4727       1
    4728   5.221   -57.69858    0.00000    0.00000    4728       1
    4729   5.175   -57.69866    0.00000    0.00000    4729       1
    4730   5.222   -57.69858    0.00000    0.00000    4730       1
    4731   5.223   -57.69858    0.00000    0.00000    4731       1
    4732   5.223   -57.69858    0.00000    0.00000    4732       1
    4733   5.224   -57.69858    0.00000    0.00000    4733       1
    4734   5.224   -57.69858    0.00000    0.00000    4734       1
    4735   5.225   -57.69858    0.00000    0.00000    4735       1
    4736   5.201   -57.69862    0.00000    0.00000    4736       1
    4737   5.225   -57.69858    0.00000    0.00000    4737       1
    4738   5.225   -57.69858    0.00000    0.00000    4738       1
    4739   5.225   -57.69858    0.00000    0.00000    4739       1
    4740   5.225   -57.69858    0.00000    0.00000    4740       1
    4741   5.226   -57.69858    0.00000    0.00000    4741       1
    4742   5.227   -57.69858    0.00000    0.00000    4742       1
    4743   5.228   -57.69857    0.00000    0.00000    4743       1
    4744   5.229   -57.69857    0.00000    0.00000    4744       1
    4745   5.229   -57.69857    0.00000    0.00000    4745       1
    4746   5.229   -57.69857    0.00000    0.00000    4746       1
    4747   5.230   -57.69857    0.00000    0.00000    4747       1
    4748   5.230   -57.69857    0.00000    0.00000    4748       2
    4749   5.232   -57.69857    0.00000    0.00000    4749       1
    4750   5.232   -57.69857    0.00000    0.00000    4750       1
    4751   5.234   -57.69856    0.00000    0.00000    4751       2
    4752   5.235   -57.69856    0.00000    0.00000    4752       1
    4753   5.235   -57.69856    0.00000    0.00000    4753       1
    4754   5.236   -57.69856    0.00000    0.00000    4754       1
    4755   5.236   -57.69856    0.00000    0.00001    4755       6
    4756   5.238   -57.69856    0.00000    0.00000    4756       1
    4757   5.238   -57.69856    0.00000    0.00000    4757       1
    4758   5.238   -57.69856    0.00000    0.00000    4758       1
    4759   5.240   -57.69856    0.00000    0.00000    4759       1
    4760   5.238   -57.69856    0.00000    0.00000    4760       1
    4761   5.240   -57.69856    0.00000    0.00000    4761       3
    4762   5.237   -57.69856    0.00000    0.00000    4762       1
    4763   5.240   -57.69855    0.00000    0.00000    4763       2
    4764   5.237   -57.69856    0.00000    0.00000    4764       1
    4765   5.242   -57.69855    0.00000    0.00000    4765       3
    4766   5.244   -57.69855    0.00000    0.00000    4766       2
    4767   5.245   -57.69855    0.00000    0.00000    4767       1
    4768   5.245   -57.69855    0.00000    0.00000    4768       1
    4769   5.243   -57.69855    0.00000    0.00000    4769       2
    4770   5.245   -57.69855    0.00000    0.00000    4770       2
    4771   5.246   -57.69855    0.00000    0.00000    4771       1
    4772   5.246   -57.69855    0.00000    0.00000    4772       1
    4773   5.247   -57.69854    0.00000    0.00000    4773       2
    4774   5.247   -57.69854    0.00000    0.00000    4774       1
    4775   5.248   -57.69854    0.00000    0.00000    4775       1
    4776   5.248   -57.69854    0.00000    0.00000    4776       2
    4777   5.248   -57.69854    0.00000    0.00000    4777       1
    4778   5.243   -57.69855    0.00000    0.00000    4778       1
    4779   5.249   -57.69854    0.00000    0.00000    4779       1
    4780   5.243   -57.69855    0.00000    0.00000    4780       2
    4781   5.251   -57.69854    0.00000    0.00000    4781       1
    4782   5.245   -57.69855    0.00000    0.00000    4782       2
    4783   5.252   -57.69854    0.00000    0.00000    4783       3
    4784   5.253   -57.69853    0.00000    0.00001    4784       6
    4785   5.254   -57.69853    0.00000    0.00000    4785       1
    4786   5.254   -57.69853    0.00000    0.00001    4786       6
    4787   5.256   -57.69853    0.00000    0.00000    4787       1
    4788   5.259   -57.69852    0.00000    0.00000    4788       1
    4789   5.260   -57.69852    0.00000    0.00000    4789       1
    4790   5.260   -57.69852    0.00000    0.00000    4790       2
    4791   5.261   -57.69852    0.00000    0.00000    4791       1
    4792   5.261   -57.69852    0.00000    0.00000    4792       1
    4793   5.262   -57.69852    0.00000    0.00000    4793       1
    4794   5.262   -57.69852    0.00000    0.00000    4794       1
    4795   5.263   -57.69852    0.00000    0.00000    4795       1
    4796   5.263   -57.69852    0.00000    0.00000    4796       1
    4797   5.263   -57.69852    0.00000    0.00000    4797       1
    4798   5.264   -57.69852    0.00000    0.00000    4798       1
    4799   5.265   -57.69851    0.00000    0.00000    4799       1
    4800   5.267   -57.69851    0.00000    0.00000    4800       1
    4801   5.267   -57.69851    0.00000    0.00000    4801       1
    4802   5.268   -57.69851    0.00000    0.00000    4802       1
    4803   5.268   -57.69851    0.00000    0.00000    4803       1
    4804   5.269   -57.69851    0.00000    0.00000    4804       2
    4805   5.270   -57.69851    0.00000    0.00000    4805       1
    4806   5.270   -57.69851    0.00000    0.00000    4806       1
    4807   5.271   -57.69851    0.00000    0.00000    4807       1
    4808   5.271   -57.69851    0.00000    0.00000    4808       1
    4809   5.272   -57.69850    0.00000    0.00000    4809       2
    4810   5.272   -57.69850    0.00000    0.00000    4810       1
    4811   5.272   -57.69850    0.00000    0.00000    4811       1
    4812   5.272   -57.69850    0.00000    0.00000    4812       1
    4813   5.274   -57.69850    0.00000    0.00000    4813       2
    4814   5.244   -57.69855    0.00000    0.00000    4814       1
    4815   5.275   -57.69850    0.00000    0.00000    4815       1
    4816   5.276   -57.69850    0.00000    0.00000    4816       1
    4817   5.276   -57.69850    0.00000    0.00000    4817       1
    4818   5.277   -57.69850    0.00000    0.00000    4818       2
    4819   5.278   -57.69849    0.00000    0.00000    4819       1
    4820   5.279   -57.69849    0.00000    0.00000    4820       1
    4821   5.280   -57.69849    0.00000    0.00000    4821       1
    4822   5.280   -57.69849    0.00000    0.00000    4822       3
    4823   5.280   -57.69849    0.00000    0.00000    4823       1
    4824   5.280   -57.69849    0.00000    0.00000    4824       1
    4825   5.282   -57.69849    0.00000    0.00000    4825       1
    4826   5.282   -57.69849    0.00000    0.00000    4826       1
    4827   5.283   -57.69849    0.00000    0.00000    4827       2
    4828   5.283   -57.69849    0.00000    0.00000    4828       1
    4829   5.283   -57.69849    0.00000    0.00000    4829       5
    4830   5.286   -57.69848    0.00000    0.00000    4830       1
    4831   5.287   -57.69848    0.00000    0.00000    4831       1
    4832   5.287   -57.69848    0.00000    0.00000    4832       1
    4833   5.287   -57.69848    0.00000    0.00000    4833       2
    4834   5.288   -57.69848    0.00000    0.00000    4834       1
    4835   5.287   -57.69848    0.00000    0.00000    4835       5
    4836   5.290   -57.69848    0.00000    0.00000    4836       1
    4837   5.290   -57.69848    0.00000    0.00000    4837       1
    4838   5.291   -57.69847    0.00000    0.00000    4838       1
    4839   5.268   -57.69851    0.00000    0.00000    4839       1
    4840   5.288   -57.69848    0.00000    0.00000    4840       1
    4841   5.291   -57.69847    0.00000    0.00000    4841       1
    4842   5.291   -57.69847    0.00000    0.00000    4842       1
    4843   5.291   -57.69847    0.00000    0.00000    4843       3
    4844   5.292   -57.69847    0.00000    0.00000    4844       1
    4845   5.293   -57.69847    0.00000    0.00000    4845       2
    4846   5.293   -57.69847    0.00000    0.00000    4846       1
    4847   5.294   -57.69847    0.00000    0.00000    4847       1
    4848   5.294   -57.69847    0.00000    0.00000    4848       1
    4849   5.295   -57.69847    0.00000    0.00000    4849       1
    4850   5.295   -57.69847    0.00000    0.00000    4850       2
    4851   5.296   -57.69847    0.00000    0.00000    4851       1
    4852   5.297   -57.69846    0.00000    0.00000    4852       1
    4853   5.297   -57.69846    0.00000    0.00000    4853       1
    4854   5.295   -57.69847    0.00000    0.00000    4854       1
    4855   5.285   -57.69848    0.00000    0.00000    4855       1
    4856   5.297   -57.69846    0.00000    0.00000    4856       1
    4857   5.298   -57.69846    0.00000    0.00000    4857       2
    4858   5.298   -57.69846    0.00000    0.00000    4858       1
    4859   5.298   -57.69846    0.00000    0.00000    4859       1
    4860   5.298   -57.69846    0.00000    0.00000    4860       2
    4861   5.298   -57.69846    0.00000    0.00000    4861       1
    4862   5.299   -57.69846    0.00000    0.00000    4862       1
    4863   5.299   -57.69846    0.00000    0.00000    4863       1
    4864   5.299   -57.69846    0.00000    0.00000    4864       1
    4865   5.300   -57.69846    0.00000    0.00000    4865       2
    4866   5.301   -57.69846    0.00000    0.00000    4866       2
    4867   5.303   -57.69845    0.00000    0.00000    4867       1
    4868   5.303   -57.69845    0.00000    0.00000    4868       1
    4869   5.304   -57.69845    0.00000    0.00000    4869       1
    4870   5.304   -57.69845    0.00000    0.00000    4870       2
    4871   5.298   -57.69846    0.00000    0.00000    4871       1
    4872   5.304   -57.69845    0.00000    0.00000    4872       1
    4873   5.305   -57.69845    0.00000    0.00000    4873       1
    4874   5.306   -57.69845    0.00000    0.00000    4874       1
    4875   5.306   -57.69845    0.00000    0.00000    4875       2
    4876   5.307   -57.69845    0.00000    0.00000    4876       1
    4877   5.307   -57.69845    0.00000    0.00000    4877       1
    4878   5.307   -57.69845    0.00000    0.00000    4878       1
    4879   5.309   -57.69844    0.00000    0.00000    4879       1
    4880   5.310   -57.69844    0.00000    0.00000    4880       1
    4881   5.310   -57.69844    0.00000    0.00000    4881       1
    4882   5.311   -57.69844    0.00000    0.00000    4882       1
    4883   5.312   -57.69844    0.00000    0.00000    4883       2
    4884   5.313   -57.69844    0.00000    0.00000    4884       1
    4885   5.314   -57.69844    0.00000    0.00000    4885       1
    4886   5.314   -57.69844    0.00000    0.00000    4886       1
    4887   5.313   -57.69844    0.00000    0.00000    4887       1
    4888   5.315   -57.69844    0.00000    0.00000    4888       1
    4889   5.315   -57.69843    0.00000    0.00000    4889       1
    4890   5.315   -57.69843    0.00000    0.00000    4890       1
    4891   5.317   -57.69843    0.00000    0.00000    4891       1
    4892   5.318   -57.69843    0.00000    0.00000    4892       1
    4893   5.318   -57.69843    0.00000    0.00000    4893       2
    4894   5.321   -57.69843    0.00000    0.00000    4894       1
    4895   5.322   -57.69842    0.00000    0.00000    4895       1
    4896   5.322   -57.69842    0.00000    0.00000    4896       1
    4897   5.319   -57.69843    0.00000    0.00000    4897       1
    4898   5.323   -57.69842    0.00000    0.00000    4898       1
    4899   5.324   -57.69842    0.00000    0.00000    4899       1
    4900   5.324   -57.69842    0.00000    0.00000    4900       1
    4901   5.324   -57.69842    0.00000    0.00000    4901       1
    4902   5.325   -57.69842    0.00000    0.00000    4902       1
    4903   5.326   -57.69842    0.00000    0.00000    4903       1
    4904   5.326   -57.69842    0.00000    0.00000    4904       1
    4905   5.326   -57.69842    0.00000    0.00000    4905       3
    4906   5.327   -57.69842    0.00000    0.00000    4906       1
    4907   5.327   -57.69842    0.00000    0.00000    4907       2
    4908   5.327   -57.69842    0.00000    0.00000    4908       1
    4909   5.330   -57.69841    0.00000    0.00000    4909       2
    4910   5.329   -57.69841    0.00000    0.00000    4910       1
    4911   5.330   -57.69841    0.00000    0.00000    4911       1
    4912   5.331   -57.69841    0.00000    0.00000    4912       3
    4913   5.331   -57.69841    0.00000    0.00000    4913       1
    4914   5.332   -57.69841    0.00000    0.00000    4914       2
    4915   5.333   -57.69841    0.00000    0.00000    4915       2
    4916   5.334   -57.69841    0.00000    0.00000    4916       4
    4917   5.333   -57.69841    0.00000    0.00000    4917       1
    4918   5.327   -57.69842    0.00000    0.00000    4918       1
    4919   5.337   -57.69840    0.00000    0.00000    4919       1
    4920   5.337   -57.69840    0.00000    0.00000    4920       1
    4921   5.338   -57.69840    0.00000    0.00000    4921       1
    4922   5.338   -57.69840    0.00000    0.00000    4922       1
    4923   5.338   -57.69840    0.00000    0.00000    4923       1
    4924   5.339   -57.69840    0.00000    0.00000    4924       1
    4925   5.339   -57.69840    0.00000    0.00000    4925       1
    4926   5.339   -57.69840    0.00000    0.00000    4926       1
    4927   5.340   -57.69839    0.00000    0.00000    4927       1
    4928   5.341   -57.69839    0.00000    0.00000    4928       1
    4929   5.341   -57.69839    0.00000    0.00000    4929       1
    4930   5.341   -57.69839    0.00000    0.00000    4930       2
    4931   5.342   -57.69839    0.00000    0.00000    4931       2
    4932   5.342   -57.69839    0.00000    0.00000    4932       3
    4933   5.342   -57.69839    0.00000    0.00000    4933       1
    4934   5.342   -57.69839    0.00000    0.00000    4934       2
    4935   5.347   -57.69839    0.00000    0.00000    4935       1
    4936   5.345   -57.69839    0.00000    0.00000    4936       2
    4937   5.348   -57.69838    0.00000    0.00000    4937       1
    4938   5.342   -57.69839    0.00000    0.00000    4938       1
    4939   5.350   -57.69838    0.00000    0.00000    4939       1
    4940   5.350   -57.69838    0.00000    0.00000    4940       1
    4941   5.350   -57.69838    0.00000    0.00000    4941       2
    4942   5.352   -57.69838    0.00000    0.00000    4942       1
    4943   5.353   -57.69837    0.00000    0.00000    4943       1
    4944   5.354   -57.69837    0.00000    0.00000    4944       1
    4945   5.354   -57.69837    0.00000    0.00000    4945       1
    4946   5.355   -57.69837    0.00000    0.00000    4946       1
    4947   5.355   -57.69837    0.00000    0.00000    4947       1
    4948   5.355   -57.69837    0.00000    0.00000    4948       1
    4949   5.355   -57.69837    0.00000    0.00000    4949       1
    4950   5.357   -57.69837    0.00000    0.00000    4950       1
    4951   5.356   -57.69837    0.00000    0.00000    4951       2
    4952   5.341   -57.69839    0.00000    0.00000    4952       1
    4953   5.361   -57.69836    0.00000    0.00000    4953       1
    4954   5.364   -57.69836    0.00000    0.00000    4954       4
    4955   5.367   -57.69835    0.00000    0.00000    4955       1
    4956   5.367   -57.69835    0.00000    0.00000    4956       1
    4957   5.368   -57.69835    0.00000    0.00000    4957       1
    4958   5.368   -57.69835    0.00000    0.00000    4958       2
    4959   5.370   -57.69835    0.00000    0.00000    4959       1
    4960   5.370   -57.69835    0.00000    0.00000    4960       2
    4961   5.369   -57.69835    0.00000    0.00000    4961       3
    4962   5.370   -57.69835    0.00000    0.00000    4962       1
    4963   5.371   -57.69835    0.00000    0.00000    4963       2
    4964   5.371   -57.69835    0.00000    0.00000    4964       2
    4965   5.374   -57.69834    0.00000    0.00000    4965       1
    4966   5.370   -57.69835    0.00000    0.00000    4966       1
    4967   5.374   -57.69834    0.00000    0.00000    4967       1
    4968   5.374   -57.69834    0.00000    0.00000    4968       2
    4969   5.374   -57.69834    0.00000    0.00000    4969       5
    4970   5.376   -57.69834    0.00000    0.00000    4970       1
    4971   5.374   -57.69834    0.00000    0.00000    4971       2
    4972   5.377   -57.69834    0.00000    0.00000    4972       1
    4973   5.369   -57.69835    0.00000    0.00000    4973       2
    4974   5.377   -57.69834    0.00000    0.00000    4974       1
    4975   5.381   -57.69833    0.00000    0.00000    4975       2
    4976   5.382   -57.69833    0.00000    0.00000    4976       5
    4977   5.386   -57.69832    0.00000    0.00000    4977       2
    4978   5.376   -57.69834    0.00000    0.00000    4978       1
    4979   5.387   -57.69832    0.00000    0.00000    4979       1
    4980   5.388   -57.69832    0.00000    0.00000    4980       2
    4981   5.388   -57.69832    0.00000    0.00000    4981       1
    4982   5.375   -57.69834    0.00000    0.00000    4982       1
    4983   5.389   -57.69832    0.00000    0.00000    4983       1
    4984   5.389   -57.69832    0.00000    0.00000    4984       1
    4985   5.379   -57.69833    0.00000    0.00000    4985       1
    4986   5.390   -57.69832    0.00000    0.00000    4986       1
    4987   5.392   -57.69831    0.00000    0.00000    4987       1
    4988   5.392   -57.69831    0.00000    0.00000    4988       1
    4989   5.375   -57.69834    0.00000    0.00000    4989       2
    4990   5.394   -57.69831    0.00000    0.00000    4990       1
    4991   5.396   -57.69831    0.00000    0.00000    4991       1
    4992   5.397   -57.69831    0.00000    0.00000    4992       1
    4993   5.397   -57.69830    0.00000    0.00000    4993       3
    4994   5.397   -57.69830    0.00000    0.00000    4994       1
    4995   5.396   -57.69831    0.00000    0.00000    4995       3
    4996   5.400   -57.69830    0.00000    0.00000    4996       1
    4997   5.401   -57.69830    0.00000    0.00000    4997       1
    4998   5.403   -57.69830    0.00000    0.00000    4998       2
    4999   5.403   -57.69830    0.00000    0.00000    4999       2
    5000   5.399   -57.69830    0.00000    0.00000    5000       2
    5001   5.406   -57.69829    0.00000    0.00000    5001       1
    5002   5.406   -57.69829    0.00000    0.00000    5002       1
    5003   5.407   -57.69829    0.00000    0.00000    5003       1
    5004   5.407   -57.69829    0.00000    0.00000    5004       2
    5005   5.407   -57.69829    0.00000    0.00000    5005       1
    5006   5.407   -57.69829    0.00000    0.00000    5006       1
    5007   5.408   -57.69829    0.00000    0.00000    5007       1
    5008   5.409   -57.69829    0.00000    0.00000    5008       1
    5009   5.397   -57.69830    0.00000    0.00000    5009       2
    5010   5.412   -57.69828    0.00000    0.00000    5010       1
    5011   5.412   -57.69828    0.00000    0.00000    5011       2
    5012   5.412   -57.69828    0.00000    0.00000    5012       1
    5013   5.410   -57.69828    0.00000    0.00000    5013       1
    5014   5.413   -57.69828    0.00000    0.00000    5014       1
    5015   5.413   -57.69828    0.00000    0.00000    5015       2
    5016   5.415   -57.69828    0.00000    0.00000    5016       1
    5017   5.380   -57.69833    0.00000    0.00000    5017       1
    5018   5.416   -57.69827    0.00000    0.00000    5018       1
    5019   5.416   -57.69827    0.00000    0.00000    5019       1
    5020   5.417   -57.69827    0.00000    0.00000    5020       1
    5021   5.380   -57.69833    0.00000    0.00000    5021       1
    5022   5.417   -57.69827    0.00000    0.00000    5022       1
    5023   5.418   -57.69827    0.00000    0.00000    5023       1
    5024   5.419   -57.69827    0.00000    0.00000    5024       1
    5025   5.419   -57.69827    0.00000    0.00000    5025       2
    5026   5.420   -57.69827    0.00000    0.00000    5026       1
    5027   5.420   -57.69827    0.00000    0.00000    5027       1
    5028   5.420   -57.69827    0.00000    0.00000    5028       1
    5029   5.420   -57.69827    0.00000    0.00000    5029       1
    5030   5.422   -57.69826    0.00000    0.00000    5030       1
    5031   5.423   -57.69826    0.00000    0.00000    5031       3
    5032   5.423   -57.69826    0.00000    0.00000    5032       1
    5033   5.424   -57.69826    0.00000    0.00000    5033       1
    5034   5.427   -57.69826    0.00000    0.00000    5034       1
    5035   5.428   -57.69826    0.00000    0.00000    5035       2
    5036   5.428   -57.69826    0.00000    0.00000    5036       1
    5037   5.429   -57.69825    0.00000    0.00000    5037       2
    5038   5.432   -57.69825    0.00000    0.00000    5038       1
    5039   5.432   -57.69825    0.00000    0.00000    5039       1
    5040   5.432   -57.69825    0.00000    0.00000    5040       1
    5041   5.433   -57.69825    0.00000    0.00000    5041       1
    5042   5.434   -57.69825    0.00000    0.00000    5042       1
    5043   5.435   -57.69824    0.00000    0.00000    5043       2
    5044   5.436   -57.69824    0.00000    0.00000    5044       1
    5045   5.437   -57.69824    0.00000    0.00000    5045       2
    5046   5.438   -57.69824    0.00000    0.00000    5046       1
    5047   5.436   -57.69824    0.00000    0.00000    5047       1
    5048   5.438   -57.69824    0.00000    0.00000    5048       1
    5049   5.439   -57.69824    0.00000    0.00000    5049       1
    5050   5.439   -57.69824    0.00000    0.00000    5050       1
    5051   5.440   -57.69824    0.00000    0.00000    5051       1
    5052   5.441   -57.69823    0.00000    0.00000    5052       1
    5053   5.442   -57.69823    0.00000    0.00000    5053       2
    5054   5.429   -57.69825    0.00000    0.00000    5054       2
    5055   5.442   -57.69823    0.00000    0.00000    5055       3
    5056   5.447   -57.69822    0.00000    0.00000    5056       1
    5057   5.448   -57.69822    0.00000    0.00000    5057       1
    5058   5.448   -57.69822    0.00000    0.00000    5058       2
    5059   5.448   -57.69822    0.00000    0.00000    5059       1
    5060   5.448   -57.69822    0.00000    0.00000    5060       2
    5061   5.449   -57.69822    0.00000    0.00000    5061       3
    5062   5.451   -57.69822    0.00000    0.00000    5062       1
    5063   5.444   -57.69823    0.00000    0.00000    5063       2
    5064   5.444   -57.69823    0.00000    0.00000    5064       2
    5065   5.449   -57.69822    0.00000    0.00000    5065       1
    5066   5.452   -57.69822    0.00000    0.00000    5066       1
    5067   5.447   -57.69822    0.00000    0.00000    5067       1
    5068   5.452   -57.69822    0.00000    0.00000    5068       1
    5069   5.453   -57.69822    0.00000    0.00000    5069       1
    5070   5.441   -57.69823    0.00000    0.00000    5070       2
    5071   5.453   -57.69821    0.00000    0.00000    5071       1
    5072   5.453   -57.69821    0.00000    0.00000    5072       1
    5073   5.454   -57.69821    0.00000    0.00000    5073       1
    5074   5.454   -57.69821    0.00000    0.00000    5074       1
    5075   5.455   -57.69821    0.00000    0.00000    5075       4
    5076   5.455   -57.69821    0.00000    0.00000    5076       1
    5077   5.454   -57.69821    0.00000    0.00000    5077       1
    5078   5.456   -57.69821    0.00000    0.00000    5078       2
    5079   5.456   -57.69821    0.00000    0.00000    5079       2
    5080   5.457   -57.69821    0.00000    0.00000    5080       5
    5081   5.459   -57.69821    0.00000    0.00000    5081       1
    5082   5.460   -57.69820    0.00000    0.00000    5082       1
    5083   5.459   -57.69821    0.00000    0.00000    5083       1
    5084   5.456   -57.69821    0.00000    0.00000    5084       2
    5085   5.461   -57.69820    0.00000    0.00000    5085       1
    5086   5.462   -57.69820    0.00000    0.00000    5086       1
    5087   5.462   -57.69820    0.00000    0.00000    5087       1
    5088   5.463   -57.69820    0.00000    0.00000    5088       1
    5089   5.463   -57.69820    0.00000    0.00000    5089       1
    5090   5.463   -57.69820    0.00000    0.00000    5090       2
    5091   5.463   -57.69820    0.00000    0.00000    5091       1
    5092   5.464   -57.69820    0.00000    0.00000    5092       1
    5093   5.464   -57.69820    0.00000    0.00000    5093       1
    5094   5.464   -57.69820    0.00000    0.00000    5094       1
    5095   5.464   -57.69820    0.00000    0.00000    5095       1
    5096   5.465   -57.69820    0.00000    0.00000    5096       1
    5097   5.466   -57.69820    0.00000    0.00000    5097       1
    5098   5.466   -57.69819    0.00000    0.00000    5098       1
    5099   5.456   -57.69821    0.00000    0.00000    5099       2
    5100   5.467   -57.69819    0.00000    0.00000    5100       1
    5101   5.468   -57.69819    0.00000    0.00000    5101       1
    5102   5.466   -57.69819    0.00000    0.00000    5102       1
    5103   5.468   -57.69819    0.00000    0.00000    5103       1
    5104   5.469   -57.69819    0.00000    0.00000    5104       1
    5105   5.469   -57.69819    0.00000    0.00000    5105       1
    5106   5.469   -57.69819    0.00000    0.00000    5106       1
    5107   5.470   -57.69819    0.00000    0.00000    5107       1
    5108   5.471   -57.69819    0.00000    0.00000    5108       1
    5109   5.472   -57.69819    0.00000    0.00000    5109       2
    5110   5.476   -57.69818    0.00000    0.00000    5110       3
    5111   5.477   -57.69818    0.00000    0.00000    5111       2
    5112   5.478   -57.69818    0.00000    0.00000    5112       1
    5113   5.478   -57.69817    0.00000    0.00000    5113       1
    5114   5.480   -57.69817    0.00000    0.00000    5114       2
    5115   5.482   -57.69817    0.00000    0.00000    5115       1
    5116   5.484   -57.69817    0.00000    0.00000    5116       2
    5117   5.484   -57.69817    0.00000    0.00000    5117       1
    5118   5.484   -57.69817    0.00000    0.00000    5118       1
    5119   5.480   -57.69817    0.00000    0.00000    5119       4
    5120   5.487   -57.69816    0.00000    0.00000    5120       1
    5121   5.487   -57.69816    0.00000    0.00000    5121       1
    5122   5.488   -57.69816    0.00000    0.00000    5122       1
    5123   5.488   -57.69816    0.00000    0.00000    5123       3
    5124   5.489   -57.69816    0.00000    0.00000    5124       1
    5125   5.491   -57.69816    0.00000    0.00000    5125       1
    5126   5.492   -57.69815    0.00000    0.00000    5126       1
    5127   5.493   -57.69815    0.00000    0.00000    5127       1
    5128   5.493   -57.69815    0.00000    0.00000    5128       1
    5129   5.489   -57.69816    0.00000    0.00000    5129       1
    5130   5.494   -57.69815    0.00000    0.00000    5130       1
    5131   5.494   -57.69815    0.00000    0.00000    5131       1
    5132   5.495   -57.69815    0.00000    0.00000    5132       1
    5133   5.495   -57.69815    0.00000    0.00000    5133       1
    5134   5.496   -57.69815    0.00000    0.00000    5134       1
    5135   5.498   -57.69814    0.00000    0.00000    5135       1
    5136   5.500   -57.69814    0.00000    0.00000    5136       5
    5137   5.502   -57.69814    0.00000    0.00000    5137       2
    5138   5.503   -57.69814    0.00000    0.00000    5138       1
    5139   5.504   -57.69813    0.00000    0.00000    5139       1
    5140   5.505   -57.69813    0.00000    0.00000    5140       1
    5141   5.505   -57.69813    0.00000    0.00000    5141       1
    5142   5.506   -57.69813    0.00000    0.00000    5142       1
    5143   5.507   -57.69813    0.00000    0.00000    5143       1
    5144   5.507   -57.69813    0.00000    0.00000    5144       1
    5145   5.508   -57.69813    0.00000    0.00000    5145       1
    5146   5.510   -57.69812    0.00000    0.00000    5146       1
    5147   5.512   -57.69812    0.00000    0.00000    5147       5
    5148   5.515   -57.69812    0.00000    0.00000    5148       1
    5149   5.515   -57.69812    0.00000    0.00000    5149       1
    5150   5.516   -57.69812    0.00000    0.00000    5150       1
    5151   5.512   -57.69812    0.00000    0.00000    5151       1
    5152   5.512   -57.69812    0.00000    0.00000    5152       1
    5153   5.513   -57.69812    0.00000    0.00000    5153       1
    5154   5.516   -57.69812    0.00000    0.00000    5154       3
    5155   5.518   -57.69811    0.00000    0.00000    5155       1
    5156   5.518   -57.69811    0.00000    0.00000    5156       1
    5157   5.521   -57.69811    0.00000    0.00000    5157       1
    5158   5.522   -57.69811    0.00000    0.00000    5158       2
    5159   5.523   -57.69810    0.00000    0.00000    5159       1
    5160   5.513   -57.69812    0.00000    0.00000    5160       1
    5161   5.524   -57.69810    0.00000    0.00000    5161       1
    5162   5.525   -57.69810    0.00000    0.00000    5162       1
    5163   5.525   -57.69810    0.00000    0.00000    5163       1
    5164   5.526   -57.69810    0.00000    0.00000    5164       1
    5165   5.528   -57.69810    0.00000    0.00000    5165       1
    5166   5.529   -57.69809    0.00000    0.00000    5166       1
    5167   5.529   -57.69809    0.00000    0.00000    5167       2
    5168   5.531   -57.69809    0.00000    0.00000    5168       1
    5169   5.532   -57.69809    0.00000    0.00000    5169       1
    5170   5.519   -57.69811    0.00000    0.00000    5170       1
    5171   5.533   -57.69809    0.00000    0.00000    5171       1
    5172   5.533   -57.69809    0.00000    0.00000    5172       1
    5173   5.535   -57.69808    0.00000    0.00000    5173       2
    5174   5.536   -57.69808    0.00000    0.00000    5174       2
    5175   5.538   -57.69808    0.00000    0.00000    5175       1
    5176   5.538   -57.69808    0.00000    0.00000    5176       1
    5177   5.536   -57.69808    0.00000    0.00000    5177       2
    5178   5.539   -57.69808    0.00000    0.00000    5178       1
    5179   5.539   -57.69808    0.00000    0.00000    5179       1
    5180   5.537   -57.69808    0.00000    0.00000    5180       1
    5181   5.540   -57.69808    0.00000    0.00000    5181       1
    5182   5.540   -57.69808    0.00000    0.00000    5182       1
    5183   5.529   -57.69809    0.00000    0.00000    5183       2
    5184   5.542   -57.69807    0.00000    0.00000    5184       1
    5185   5.543   -57.69807    0.00000    0.00000    5185       1
    5186   5.544   -57.69807    0.00000    0.00000    5186       1
    5187   5.546   -57.69807    0.00000    0.00000    5187       1
    5188   5.540   -57.69808    0.00000    0.00000    5188       1
    5189   5.547   -57.69807    0.00000    0.00000    5189       1
    5190   5.548   -57.69806    0.00000    0.00000    5190       1
    5191   5.548   -57.69806    0.00000    0.00000    5191       1
    5192   5.534   -57.69809    0.00000    0.00000    5192       1
    5193   5.548   -57.69806    0.00000    0.00000    5193       2
    5194   5.550   -57.69806    0.00000    0.00000    5194       1
    5195   5.551   -57.69806    0.00000    0.00000    5195       1
    5196   5.551   -57.69806    0.00000    0.00000    5196       2
    5197   5.552   -57.69806    0.00000    0.00000    5197       1
    5198   5.556   -57.69805    0.00000    0.00000    5198       1
    5199   5.556   -57.69805    0.00000    0.00000    5199       1
    5200   5.557   -57.69805    0.00000    0.00000    5200       1
    5201   5.557   -57.69805    0.00000    0.00000    5201       1
    5202   5.558   -57.69805    0.00000    0.00000    5202       1
    5203   5.558   -57.69805    0.00000    0.00000    5203       1
    5204   5.559   -57.69805    0.00000    0.00000    5204       2
    5205   5.563   -57.69804    0.00000    0.00000    5205       3
    5206   5.565   -57.69804    0.00000    0.00000    5206       1
    5207   5.562   -57.69804    0.00000    0.00000    5207       1
    5208   5.566   -57.69804    0.00000    0.00000    5208       1
    5209   5.562   -57.69804    0.00000    0.00000    5209       1
    5210   5.566   -57.69804    0.00000    0.00000    5210       1
    5211   5.567   -57.69803    0.00000    0.00000    5211       1
    5212   5.561   -57.69804    0.00000    0.00000    5212       1
    5213   5.568   -57.69803    0.00000    0.00000    5213       1
    5214   5.571   -57.69803    0.00000    0.00000    5214       1
    5215   5.574   -57.69802    0.00000    0.00000    5215       1
    5216   5.575   -57.69802    0.00000    0.00000    5216       1
    5217   5.575   -57.69802    0.00000    0.00000    5217       1
    5218   5.576   -57.69802    0.00000    0.00000    5218       2
    5219   5.577   -57.69802    0.00000    0.00000    5219       1
    5220   5.579   -57.69801    0.00000    0.00000    5220       1
    5221   5.580   -57.69801    0.00000    0.00000    5221       1
    5222   5.581   -57.69801    0.00000    0.00000    5222       2
    5223   5.582   -57.69801    0.00000    0.00000    5223       1
    5224   5.583   -57.69801    0.00000    0.00000    5224       1
    5225   5.583   -57.69801    0.00000    0.00000    5225       1
    5226   5.583   -57.69801    0.00000    0.00000    5226       1
    5227   5.581   -57.69801    0.00000    0.00000    5227       1
    5228   5.584   -57.69801    0.00000    0.00000    5228       1
    5229   5.586   -57.69800    0.00000    0.00000    5229       4
    5230   5.586   -57.69800    0.00000    0.00000    5230       1
    5231   5.587   -57.69800    0.00000    0.00000    5231       1
    5232   5.588   -57.69800    0.00000    0.00000    5232       1
    5233   5.589   -57.69800    0.00000    0.00000    5233       2
    5234   5.590   -57.69800    0.00000    0.00000    5234       2
    5235   5.591   -57.69800    0.00000    0.00000    5235       1
    5236   5.591   -57.69800    0.00000    0.00000    5236       3
    5237   5.591   -57.69800    0.00000    0.00000    5237       1
    5238   5.593   -57.69799    0.00000    0.00000    5238       3
    5239   5.592   -57.69799    0.00000    0.00000    5239       2
    5240   5.586   -57.69800    0.00000    0.00000    5240       1
    5241   5.596   -57.69799    0.00000    0.00000    5241       1
    5242   5.597   -57.69799    0.00000    0.00000    5242       1
    5243   5.599   -57.69798    0.00000    0.00000    5243       1
    5244   5.590   -57.69800    0.00000    0.00000    5244       1
    5245   5.591   -57.69800    0.00000    0.00000    5245       3
    5246   5.599   -57.69798    0.00000    0.00000    5246       1
    5247   5.600   -57.69798    0.00000    0.00000    5247       1
    5248   5.599   -57.69798    0.00000    0.00000    5248       1
    5249   5.600   -57.69798    0.00000    0.00000    5249       1
    5250   5.600   -57.69798    0.00000    0.00000    5250       1
    5251   5.601   -57.69798    0.00000    0.00000    5251       2
    5252   5.603   -57.69798    0.00000    0.00000    5252       1
    5253   5.605   -57.69797    0.00000    0.00000    5253       1
    5254   5.601   -57.69798    0.00000    0.00000    5254       1
    5255   5.606   -57.69797    0.00000    0.00000    5255       2
    5256   5.606   -57.69797    0.00000    0.00000    5256       1
    5257   5.607   -57.69797    0.00000    0.00000    5257       1
    5258   5.607   -57.69797    0.00000    0.00000    5258       1
    5259   5.607   -57.69797    0.00000    0.00000    5259       1
    5260   5.607   -57.69797    0.00000    0.00000    5260       1
    5261   5.608   -57.69797    0.00000    0.00000    5261       1
    5262   5.609   -57.69797    0.00000    0.00000    5262       1
    5263   5.610   -57.69797    0.00000    0.00000    5263       1
    5264   5.610   -57.69797    0.00000    0.00000    5264       3
    5265   5.613   -57.69796    0.00000    0.00000    5265       2
    5266   5.615   -57.69796    0.00000    0.00000    5266       1
    5267   5.615   -57.69796    0.00000    0.00000    5267       1
    5268   5.616   -57.69796    0.00000    0.00000    5268       1
    5269   5.617   -57.69795    0.00000    0.00000    5269       1
    5270   5.618   -57.69795    0.00000    0.00000    5270       1
    5271   5.618   -57.69795    0.00000    0.00000    5271       1
    5272   5.620   -57.69795    0.00000    0.00000    5272       1
    5273   5.621   -57.69795    0.00000    0.00000    5273       1
    5274   5.625   -57.69794    0.00000    0.00000    5274       1
    5275   5.627   -57.69794    0.00000    0.00000    5275       1
    5276   5.612   -57.69796    0.00000    0.00000    5276       3
    5277   5.629   -57.69794    0.00000    0.00000    5277       1
    5278   5.629   -57.69793    0.00000    0.00000    5278       1
    5279   5.622   -57.69795    0.00000    0.00000    5279       1
    5280   5.630   -57.69793    0.00000    0.00000    5280       1
    5281   5.630   -57.69793    0.00000    0.00000    5281       1
    5282   5.631   -57.69793    0.00000    0.00000    5282       1
    5283   5.631   -57.69793    0.00000    0.00000    5283       1
    5284   5.631   -57.69793    0.00000    0.00000    5284       3
    5285   5.632   -57.69793    0.00000    0.00000    5285       1
    5286   5.610   -57.69796    0.00000    0.00000    5286       2
    5287   5.631   -57.69793    0.00000    0.00000    5287       1
    5288   5.633   -57.69793    0.00000    0.00000    5288       4
    5289   5.635   -57.69793    0.00000    0.00000    5289       1
    5290   5.636   -57.69792    0.00000    0.00000    5290       2
    5291   5.637   -57.69792    0.00000    0.00000    5291       1
    5292   5.637   -57.69792    0.00000    0.00000    5292       3
    5293   5.635   -57.69793    0.00000    0.00000    5293       1
    5294   5.637   -57.69792    0.00000    0.00000    5294       1
    5295   5.637   -57.69792    0.00000    0.00000    5295       1
    5296   5.638   -57.69792    0.00000    0.00000    5296       1
    5297   5.633   -57.69793    0.00000    0.00000    5297       1
    5298   5.639   -57.69792    0.00000    0.00000    5298       1
    5299   5.639   -57.69792    0.00000    0.00000    5299       1
    5300   5.639   -57.69792    0.00000    0.00000    5300       1
    5301   5.640   -57.69792    0.00000    0.00000    5301       1
    5302   5.641   -57.69792    0.00000    0.00000    5302       1
    5303   5.641   -57.69792    0.00000    0.00000    5303       1
    5304   5.643   -57.69791    0.00000    0.00000    5304       1
    5305   5.643   -57.69791    0.00000    0.00000    5305       3
    5306   5.644   -57.69791    0.00000    0.00000    5306       1
    5307   5.633   -57.69793    0.00000    0.00000    5307       1
    5308   5.644   -57.69791    0.00000    0.00000    5308       1
    5309   5.644   -57.69791    0.00000    0.00000    5309       1
    5310   5.645   -57.69791    0.00000    0.00000    5310       1
    5311   5.646   -57.69791    0.00000    0.00000    5311       1
    5312   5.647   -57.69791    0.00000    0.00000    5312       1
    5313   5.641   -57.69792    0.00000    0.00000    5313       1
    5314   5.648   -57.69790    0.00000    0.00000    5314       1
    5315   5.649   -57.69790    0.00000    0.00000    5315       1
    5316   5.642   -57.69791    0.00000    0.00000    5316       1
    5317   5.649   -57.69790    0.00000    0.00000    5317       1
    5318   5.650   -57.69790    0.00000    0.00000    5318       1
    5319   5.650   -57.69790    0.00000    0.00000    5319       1
    5320   5.651   -57.69790    0.00000    0.00000    5320       1
    5321   5.652   -57.69790    0.00000    0.00000    5321       1
    5322   5.653   -57.69790    0.00000    0.00000    5322       1
    5323   5.656   -57.69789    0.00000    0.00000    5323       1
    5324   5.633   -57.69793    0.00000    0.00000    5324       1
    5325   5.656   -57.69789    0.00000    0.00000    5325       3
    5326   5.657   -57.69789    0.00000    0.00000    5326       1
    5327   5.656   -57.69789    0.00000    0.00000    5327       1
    5328   5.658   -57.69789    0.00000    0.00000    5328       1
    5329   5.658   -57.69789    0.00000    0.00000    5329       1
    5330   5.659   -57.69789    0.00000    0.00000    5330       1
    5331   5.660   -57.69789    0.00000    0.00000    5331       1
    5332   5.660   -57.69788    0.00000    0.00000    5332       1
    5333   5.661   -57.69788    0.00000    0.00000    5333       1
    5334   5.662   -57.69788    0.00000    0.00000    5334       1
    5335   5.662   -57.69788    0.00000    0.00000    5335       1
    5336   5.662   -57.69788    0.00000    0.00000    5336       1
    5337   5.662   -57.69788    0.00000    0.00000    5337       1
    5338   5.663   -57.69788    0.00000    0.00000    5338       1
    5339   5.664   -57.69788    0.00000    0.00000    5339       1
    5340   5.666   -57.69788    0.00000    0.00000    5340       1
    5341   5.666   -57.69788    0.00000    0.00000    5341       1
    5342   5.669   -57.69787    0.00000    0.00000    5342       1
    5343   5.669   -57.69787    0.00000    0.00000    5343       1
    5344   5.671   -57.69787    0.00000    0.00000    5344       2
    5345   5.671   -57.69787    0.00000    0.00000    5345       1
    5346   5.672   -57.69787    0.00000    0.00000    5346       1
    5347   5.672   -57.69787    0.00000    0.00000    5347       1
    5348   5.672   -57.69787    0.00000    0.00000    5348       1
    5349   5.673   -57.69787    0.00000    0.00000    5349       1
    5350   5.674   -57.69786    0.00000    0.00000    5350       3
    5351   5.676   -57.69786    0.00000    0.00000    5351       4
    5352   5.676   -57.69786    0.00000    0.00000    5352       1
    5353   5.677   -57.69786    0.00000    0.00000    5353       1
    5354   5.676   -57.69786    0.00000    0.00000    5354       1
    5355   5.677   -57.69786    0.00000    0.00000    5355       1
    5356   5.678   -57.69786    0.00000    0.00000    5356       1
    5357   5.679   -57.69786    0.00000    0.00000    5357       1
    5358   5.680   -57.69785    0.00000    0.00000    5358       1
    5359   5.680   -57.69785    0.00000    0.00000    5359       1
    5360   5.681   -57.69785    0.00000    0.00000    5360       2
    5361   5.682   -57.69785    0.00000    0.00000    5361       1
    5362   5.683   -57.69785    0.00000    0.00000    5362       1
    5363   5.684   -57.69785    0.00000    0.00000    5363       1
    5364   5.684   -57.69785    0.00000    0.00000    5364       1
    5365   5.685   -57.69785    0.00000    0.00000    5365       1
    5366   5.681   -57.69785    0.00000    0.00000    5366       1
    5367   5.685   -57.69784    0.00000    0.00000    5367       1
    5368   5.687   -57.69784    0.00000    0.00000    5368       1
    5369   5.687   -57.69784    0.00000    0.00000    5369       1
    5370   5.688   -57.69784    0.00000    0.00000    5370       4
    5371   5.689   -57.69784    0.00000    0.00000    5371       1
    5372   5.690   -57.69784    0.00000    0.00000    5372       1
    5373   5.689   -57.69784    0.00000    0.00000    5373       1
    5374   5.690   -57.69784    0.00000    0.00000    5374       1
    5375   5.690   -57.69784    0.00000    0.00000    5375       1
    5376   5.691   -57.69784    0.00000    0.00000    5376       1
    5377   5.691   -57.69784    0.00000    0.00000    5377       1
    5378   5.692   -57.69784    0.00000    0.00000    5378       2
    5379   5.694   -57.69783    0.00000    0.00000    5379       1
    5380   5.695   -57.69783    0.00000    0.00000    5380       1
    5381   5.696   -57.69783    0.00000    0.00000    5381       1
    5382   5.696   -57.69783    0.00000    0.00000    5382       1
    5383   5.692   -57.69783    0.00000    0.00000    5383       1
    5384   5.696   -57.69783    0.00000    0.00000    5384       1
    5385   5.698   -57.69783    0.00000    0.00000    5385       2
    5386   5.699   -57.69782    0.00000    0.00000    5386       2
    5387   5.700   -57.69782    0.00000    0.00000    5387       1
    5388   5.701   -57.69782    0.00000    0.00000    5388       2
    5389   5.699   -57.69782    0.00000    0.00000    5389       1
    5390   5.702   -57.69782    0.00000    0.00000    5390       1
    5391   5.703   -57.69782    0.00000    0.00000    5391       1
    5392   5.703   -57.69782    0.00000    0.00000    5392       1
    5393   5.704   -57.69781    0.00000    0.00000    5393       1
    5394   5.705   -57.69781    0.00000    0.00000    5394       1
    5395   5.706   -57.69781    0.00000    0.00000    5395       1
    5396   5.707   -57.69781    0.00000    0.00000    5396       1
    5397   5.708   -57.69781    0.00000    0.00000    5397       2
    5398   5.710   -57.69781    0.00000    0.00000    5398       1
    5399   5.707   -57.69781    0.00000    0.00000    5399       1
    5400   5.711   -57.69780    0.00000    0.00000    5400       1
    5401   5.711   -57.69780    0.00000    0.00000    5401       1
    5402   5.711   -57.69780    0.00000    0.00000    5402       1
    5403   5.711   -57.69780    0.00000    0.00000    5403       1
    5404   5.701   -57.69782    0.00000    0.00000    5404       1
    5405   5.712   -57.69780    0.00000    0.00000    5405       1
    5406   5.712   -57.69780    0.00000    0.00000    5406       2
    5407   5.716   -57.69780    0.00000    0.00000    5407       1
    5408   5.717   -57.69779    0.00000    0.00000    5408       2
    5409   5.718   -57.69779    0.00000    0.00000    5409       1
    5410   5.719   -57.69779    0.00000    0.00000    5410       1
    5411   5.720   -57.69779    0.00000    0.00000    5411       1
    5412   5.722   -57.69779    0.00000    0.00000    5412       1
    5413   5.722   -57.69779    0.00000    0.00000    5413       1
    5414   5.722   -57.69779    0.00000    0.00000    5414       1
    5415   5.722   -57.69779    0.00000    0.00000    5415       1
    5416   5.724   -57.69778    0.00000    0.00000    5416       1
    5417   5.728   -57.69778    0.00000    0.00000    5417       1
    5418   5.730   -57.69777    0.00000    0.00000    5418       1
    5419   5.730   -57.69777    0.00000    0.00000    5419       1
    5420   5.730   -57.69777    0.00000    0.00000    5420       1
    5421   5.730   -57.69777    0.00000    0.00000    5421       1
    5422   5.730   -57.69777    0.00000    0.00000    5422       2
    5423   5.731   -57.69777    0.00000    0.00000    5423       1
    5424   5.730   -57.69777    0.00000    0.00000    5424       1
    5425   5.734   -57.69777    0.00000    0.00000    5425       1
    5426   5.735   -57.69777    0.00000    0.00000    5426       1
    5427   5.735   -57.69777    0.00000    0.00000    5427       1
    5428   5.736   -57.69776    0.00000    0.00000    5428       1
    5429   5.737   -57.69776    0.00000    0.00000    5429       1
    5430   5.738   -57.69776    0.00000    0.00000    5430       1
    5431   5.738   -57.69776    0.00000    0.00000    5431       2
    5432   5.740   -57.69776    0.00000    0.00000    5432       1
    5433   5.742   -57.69776    0.00000    0.00000    5433       1
    5434   5.742   -57.69775    0.00000    0.00000    5434       1
    5435   5.743   -57.69775    0.00000    0.00000    5435       2
    5436   5.744   -57.69775    0.00000    0.00000    5436       1
    5437   5.743   -57.69775    0.00000    0.00000    5437       1
    5438   5.744   -57.69775    0.00000    0.00000    5438       1
    5439   5.744   -57.69775    0.00000    0.00000    5439       1
    5440   5.744   -57.69775    0.00000    0.00000    5440       1
    5441   5.746   -57.69775    0.00000    0.00000    5441       2
    5442   5.746   -57.69775    0.00000    0.00000    5442       1
    5443   5.739   -57.69776    0.00000    0.00000    5443       1
    5444   5.746   -57.69775    0.00000    0.00000    5444       1
    5445   5.748   -57.69775    0.00000    0.00000    5445       1
    5446   5.748   -57.69774    0.00000    0.00000    5446       1
    5447   5.749   -57.69774    0.00000    0.00000    5447       2
    5448   5.749   -57.69774    0.00000    0.00000    5448       1
    5449   5.753   -57.69774    0.00000    0.00000    5449       1
    5450   5.755   -57.69773    0.00000    0.00000    5450       1
    5451   5.755   -57.69773    0.00000    0.00000    5451       1
    5452   5.755   -57.69773    0.00000    0.00000    5452       1
    5453   5.757   -57.69773    0.00000    0.00000    5453       4
    5454   5.759   -57.69773    0.00000    0.00000    5454       3
    5455   5.760   -57.69773    0.00000    0.00000    5455       1
    5456   5.757   -57.69773    0.00000    0.00000    5456       1
    5457   5.757   -57.69773    0.00000    0.00000    5457       1
    5458   5.760   -57.69773    0.00000    0.00000    5458       1
    5459   5.762   -57.69772    0.00000    0.00000    5459       1
    5460   5.763   -57.69772    0.00000    0.00000    5460       1
    5461   5.763   -57.69772    0.00000    0.00000    5461       1
    5462   5.764   -57.69772    0.00000    0.00000    5462       1
    5463   5.764   -57.69772    0.00000    0.00000    5463       1
    5464   5.766   -57.69772    0.00000    0.00000    5464       1
    5465   5.766   -57.69772    0.00000    0.00000    5465       1
    5466   5.767   -57.69772    0.00000    0.00000    5466       1
    5467   5.767   -57.69771    0.00000    0.00000    5467       2
    5468   5.768   -57.69771    0.00000    0.00000    5468       1
    5469   5.769   -57.69771    0.00000    0.00000    5469       1
    5470   5.769   -57.69771    0.00000    0.00000    5470       1
    5471   5.769   -57.69771    0.00000    0.00000    5471       1
    5472   5.770   -57.69771    0.00000    0.00000    5472       1
    5473   5.771   -57.69771    0.00000    0.00000    5473       2
    5474   5.771   -57.69771    0.00000    0.00000    5474       1
    5475   5.773   -57.69771    0.00000    0.00000    5475       1
    5476   5.773   -57.69771    0.00000    0.00000    5476       1
    5477   5.773   -57.69771    0.00000    0.00000    5477       1
    5478   5.773   -57.69771    0.00000    0.00000    5478       1
    5479   5.774   -57.69770    0.00000    0.00000    5479       1
    5480   5.774   -57.69770    0.00000    0.00000    5480       1
    5481   5.775   -57.69770    0.00000    0.00000    5481       1
    5482   5.777   -57.69770    0.00000    0.00000    5482       2
    5483   5.780   -57.69769    0.00000    0.00000    5483       1
    5484   5.780   -57.69769    0.00000    0.00000    5484       1
    5485   5.781   -57.69769    0.00000    0.00000    5485       1
    5486   5.781   -57.69769    0.00000    0.00000    5486       1
    5487   5.783   -57.69769    0.00000    0.00000    5487       1
    5488   5.784   -57.69769    0.00000    0.00000    5488       1
    5489   5.784   -57.69769    0.00000    0.00000    5489       2
    5490   5.786   -57.69768    0.00000    0.00000    5490       1
    5491   5.787   -57.69768    0.00000    0.00000    5491       1
    5492   5.787   -57.69768    0.00000    0.00000    5492       1
    5493   5.788   -57.69768    0.00000    0.00000    5493       1
    5494   5.786   -57.69768    0.00000    0.00000    5494       1
    5495   5.788   -57.69768    0.00000    0.00000    5495       1
    5496   5.790   -57.69768    0.00000    0.00000    5496       1
    5497   5.791   -57.69768    0.00000    0.00000    5497       1
    5498   5.794   -57.69767    0.00000    0.00000    5498       1
    5499   5.794   -57.69767    0.00000    0.00000    5499       1
    5500   5.794   -57.69767    0.00000    0.00000    5500       1
    5501   5.794   -57.69767    0.00000    0.00000    5501       1
    5502   5.795   -57.69767    0.00000    0.00000    5502       1
    5503   5.797   -57.69767    0.00000    0.00000    5503       1
    5504   5.798   -57.69767    0.00000    0.00000    5504       1
    5505   5.798   -57.69767    0.00000    0.00000    5505       1
    5506   5.800   -57.69766    0.00000    0.00000    5506       1
    5507   5.801   -57.69766    0.00000    0.00000    5507       1
    5508   5.801   -57.69766    0.00000    0.00000    5508       1
    5509   5.802   -57.69766    0.00000    0.00000    5509       1
    5510   5.802   -57.69766    0.00000    0.00000    5510       1
    5511   5.802   -57.69766    0.00000    0.00000    5511       1
    5512   5.802   -57.69766    0.00000    0.00000    5512       1
    5513   5.806   -57.69765    0.00000    0.00000    5513       2
    5514   5.806   -57.69765    0.00000    0.00000    5514       1
    5515   5.807   -57.69765    0.00000    0.00000    5515       1
    5516   5.808   -57.69765    0.00000    0.00000    5516       1
    5517   5.808   -57.69765    0.00000    0.00000    5517       1
    5518   5.809   -57.69765    0.00000    0.00000    5518       1
    5519   5.810   -57.69765    0.00000    0.00000    5519       1
    5520   5.810   -57.69765    0.00000    0.00000    5520       1
    5521   5.811   -57.69765    0.00000    0.00000    5521       1
    5522   5.811   -57.69765    0.00000    0.00000    5522       1
    5523   5.811   -57.69764    0.00000    0.00000    5523       3
    5524   5.812   -57.69764    0.00000    0.00000    5524       1
    5525   5.814   -57.69764    0.00000    0.00000    5525       2
    5526   5.815   -57.69764    0.00000    0.00000    5526       1
    5527   5.815   -57.69764    0.00000    0.00000    5527       1
    5528   5.817   -57.69764    0.00000    0.00000    5528       3
    5529   5.820   -57.69763    0.00000    0.00000    5529       2
    5530   5.820   -57.69763    0.00000    0.00000    5530       1
    5531   5.820   -57.69763    0.00000    0.00000    5531       1
    5532   5.822   -57.69763    0.00000    0.00000    5532       1
    5533   5.819   -57.69763    0.00000    0.00000    5533       1
    5534   5.823   -57.69763    0.00000    0.00000    5534       2
    5535   5.823   -57.69763    0.00000    0.00000    5535       2
    5536   5.825   -57.69762    0.00000    0.00000    5536       1
    5537   5.825   -57.69762    0.00000    0.00000    5537       1
    5538   5.826   -57.69762    0.00000    0.00000    5538       1
    5539   5.827   -57.69762    0.00000    0.00000    5539       1
    5540   5.827   -57.69762    0.00000    0.00000    5540       2
    5541   5.826   -57.69762    0.00000    0.00000    5541       1
    5542   5.821   -57.69763    0.00000    0.00000    5542       1
    5543   5.829   -57.69762    0.00000    0.00000    5543       1
    5544   5.830   -57.69762    0.00000    0.00000    5544       1
    5545   5.831   -57.69761    0.00000    0.00000    5545       2
    5546   5.832   -57.69761    0.00000    0.00000    5546       1
    5547   5.833   -57.69761    0.00000    0.00000    5547       1
    5548   5.834   -57.69761    0.00000    0.00000    5548       1
    5549   5.834   -57.69761    0.00000    0.00000    5549       1
    5550   5.834   -57.69761    0.00000    0.00000    5550       1
    5551   5.836   -57.69761    0.00000    0.00000    5551       1
    5552   5.836   -57.69760    0.00000    0.00000    5552       1
    5553   5.830   -57.69761    0.00000    0.00000    5553       1
    5554   5.812   -57.69764    0.00000    0.00000    5554       2
    5555   5.838   -57.69760    0.00000    0.00000    5555       3
    5556   5.839   -57.69760    0.00000    0.00000    5556       1
    5557   5.839   -57.69760    0.00000    0.00000    5557       1
    5558   5.839   -57.69760    0.00000    0.00000    5558       1
    5559   5.839   -57.69760    0.00000    0.00000    5559       1
    5560   5.840   -57.69760    0.00000    0.00000    5560       2
    5561   5.841   -57.69760    0.00000    0.00000    5561       1
    5562   5.842   -57.69760    0.00000    0.00000    5562       1
    5563   5.842   -57.69760    0.00000    0.00000    5563       1
    5564   5.843   -57.69759    0.00000    0.00000    5564       1
    5565   5.843   -57.69759    0.00000    0.00000    5565       1
    5566   5.846   -57.69759    0.00000    0.00000    5566       4
    5567   5.844   -57.69759    0.00000    0.00000    5567       1
    5568   5.852   -57.69758    0.00000    0.00000    5568       1
    5569   5.853   -57.69758    0.00000    0.00000    5569       1
    5570   5.854   -57.69758    0.00000    0.00000    5570       2
    5571   5.854   -57.69758    0.00000    0.00000    5571       1
    5572   5.855   -57.69758    0.00000    0.00000    5572       1
    5573   5.855   -57.69757    0.00000    0.00000    5573       1
    5574   5.855   -57.69757    0.00000    0.00000    5574       2
    5575   5.859   -57.69757    0.00000    0.00000    5575       1
    5576   5.845   -57.69759    0.00000    0.00000    5576       1
    5577   5.860   -57.69757    0.00000    0.00000    5577       1
    5578   5.861   -57.69756    0.00000    0.00000    5578       2
    5579   5.862   -57.69756    0.00000    0.00000    5579       1
    5580   5.863   -57.69756    0.00000    0.00000    5580       1
    5581   5.865   -57.69756    0.00000    0.00000    5581       1
    5582   5.865   -57.69756    0.00000    0.00000    5582       1
    5583   5.853   -57.69758    0.00000    0.00000    5583       1
    5584   5.865   -57.69756    0.00000    0.00000    5584       1
    5585   5.866   -57.69756    0.00000    0.00000    5585       1
    5586   5.867   -57.69756    0.00000    0.00000    5586       2
    5587   5.861   -57.69756    0.00000    0.00000    5587       1
    5588   5.870   -57.69755    0.00000    0.00000    5588       1
    5589   5.870   -57.69755    0.00000    0.00000    5589       1
    5590   5.871   -57.69755    0.00000    0.00000    5590       1
    5591   5.871   -57.69755    0.00000    0.00000    5591       1
    5592   5.872   -57.69755    0.00000    0.00000    5592       1
    5593   5.872   -57.69755    0.00000    0.00000    5593       1
    5594   5.872   -57.69755    0.00000    0.00000    5594       1
    5595   5.872   -57.69755    0.00000    0.00000    5595       2
    5596   5.873   -57.69755    0.00000    0.00000    5596       1
    5597   5.873   -57.69755    0.00000    0.00000    5597       1
    5598   5.875   -57.69754    0.00000    0.00000    5598       1
    5599   5.876   -57.69754    0.00000    0.00000    5599       1
    5600   5.876   -57.69754    0.00000    0.00000    5600       1
    5601   5.878   -57.69754    0.00000    0.00000    5601       2
    5602   5.878   -57.69754    0.00000    0.00000    5602       1
    5603   5.878   -57.69754    0.00000    0.00000    5603       1
    5604   5.879   -57.69754    0.00000    0.00000    5604       1
    5605   5.879   -57.69754    0.00000    0.00000    5605       1
    5606   5.879   -57.69754    0.00000    0.00000    5606       1
    5607   5.879   -57.69754    0.00000    0.00000    5607       1
    5608   5.881   -57.69753    0.00000    0.00000    5608       1
    5609   5.883   -57.69753    0.00000    0.00000    5609       1
    5610   5.883   -57.69753    0.00000    0.00000    5610       1
    5611   5.883   -57.69753    0.00000    0.00000    5611       3
    5612   5.885   -57.69753    0.00000    0.00000    5612       1
    5613   5.885   -57.69753    0.00000    0.00000    5613       1
    5614   5.884   -57.69753    0.00000    0.00000    5614       1
    5615   5.886   -57.69753    0.00000    0.00000    5615       2
    5616   5.888   -57.69752    0.00000    0.00000    5616       1
    5617   5.885   -57.69753    0.00000    0.00000    5617       1
    5618   5.888   -57.69752    0.00000    0.00000    5618       1
    5619   5.889   -57.69752    0.00000    0.00000    5619       2
    5620   5.890   -57.69752    0.00000    0.00000    5620       2
    5621   5.890   -57.69752    0.00000    0.00000    5621       2
    5622   5.891   -57.69752    0.00000    0.00000    5622       1
    5623   5.866   -57.69756    0.00000    0.00000    5623       1
    5624   5.892   -57.69752    0.00000    0.00000    5624       1
    5625   5.893   -57.69751    0.00000    0.00000    5625       1
    5626   5.895   -57.69751    0.00000    0.00000    5626       1
    5627   5.895   -57.69751    0.00000    0.00000    5627       2
    5628   5.896   -57.69751    0.00000    0.00000    5628       1
    5629   5.896   -57.69751    0.00000    0.00000    5629       1
    5630   5.896   -57.69751    0.00000    0.00000    5630       1
    5631   5.896   -57.69751    0.00000    0.00000    5631       1
    5632   5.898   -57.69751    0.00000    0.00000    5632       2
    5633   5.898   -57.69751    0.00000    0.00000    5633       1
    5634   5.898   -57.69751    0.00000    0.00000    5634       1
    5635   5.899   -57.69751    0.00000    0.00000    5635       1
    5636   5.899   -57.69750    0.00000    0.00000    5636       3
    5637   5.899   -57.69750    0.00000    0.00000    5637       1
    5638   5.899   -57.69750    0.00000    0.00000    5638       1
    5639   5.901   -57.69750    0.00000    0.00000    5639       1
    5640   5.901   -57.69750    0.00000    0.00000    5640       1
    5641   5.902   -57.69750    0.00000    0.00000    5641       1
    5642   5.903   -57.69750    0.00000    0.00000    5642       1
    5643   5.903   -57.69750    0.00000    0.00000    5643       1
    5644   5.904   -57.69750    0.00000    0.00000    5644       2
    5645   5.905   -57.69750    0.00000    0.00000    5645       1
    5646   5.906   -57.69749    0.00000    0.00000    5646       1
    5647   5.906   -57.69749    0.00000    0.00000    5647       1
    5648   5.903   -57.69750    0.00000    0.00000    5648       1
    5649   5.907   -57.69749    0.00000    0.00000    5649       3
    5650   5.908   -57.69749    0.00000    0.00000    5650       2
    5651   5.908   -57.69749    0.00000    0.00000    5651       1
    5652   5.908   -57.69749    0.00000    0.00000    5652       2
    5653   5.909   -57.69749    0.00000    0.00000    5653       1
    5654   5.910   -57.69749    0.00000    0.00000    5654       1
    5655   5.907   -57.69749    0.00000    0.00000    5655       1
    5656   5.910   -57.69749    0.00000    0.00000    5656       1
    5657   5.911   -57.69749    0.00000    0.00000    5657       1
    5658   5.911   -57.69749    0.00000    0.00000    5658       1
    5659   5.911   -57.69749    0.00000    0.00000    5659       1
    5660   5.911   -57.69749    0.00000    0.00000    5660       1
    5661   5.914   -57.69748    0.00000    0.00000    5661       1
    5662   5.907   -57.69749    0.00000    0.00000    5662       2
    5663   5.908   -57.69749    0.00000    0.00000    5663       1
    5664   5.914   -57.69748    0.00000    0.00000    5664       1
    5665   5.914   -57.69748    0.00000    0.00000    5665       1
    5666   5.918   -57.69747    0.00000    0.00000    5666       1
    5667   5.920   -57.69747    0.00000    0.00000    5667       1
    5668   5.921   -57.69747    0.00000    0.00000    5668       1
    5669   5.921   -57.69747    0.00000    0.00000    5669       1
    5670   5.922   -57.69747    0.00000    0.00000    5670       1
    5671   5.922   -57.69747    0.00000    0.00000    5671       1
    5672   5.923   -57.69747    0.00000    0.00000    5672       2
    5673   5.929   -57.69746    0.00000    0.00000    5673       1
    5674   5.929   -57.69746    0.00000    0.00000    5674       1
    5675   5.929   -57.69746    0.00000    0.00000    5675       1
    5676   5.931   -57.69745    0.00000    0.00000    5676       2
    5677   5.932   -57.69745    0.00000    0.00000    5677       1
    5678   5.933   -57.69745    0.00000    0.00000    5678       1
    5679   5.933   -57.69745    0.00000    0.00000    5679       1
    5680   5.935   -57.69745    0.00000    0.00000    5680       1
    5681   5.936   -57.69745    0.00000    0.00000    5681       1
    5682   5.936   -57.69745    0.00000    0.00000    5682       1
    5683   5.937   -57.69744    0.00000    0.00000    5683       1
    5684   5.938   -57.69744    0.00000    0.00000    5684       1
    5685   5.938   -57.69744    0.00000    0.00000    5685       1
    5686   5.939   -57.69744    0.00000    0.00000    5686       1
    5687   5.944   -57.69743    0.00000    0.00000    5687       1
    5688   5.944   -57.69743    0.00000    0.00000    5688       1
    5689   5.945   -57.69743    0.00000    0.00000    5689       1
    5690   5.946   -57.69743    0.00000    0.00000    5690       1
    5691   5.946   -57.69743    0.00000    0.00000    5691       1
    5692   5.946   -57.69743    0.00000    0.00000    5692       1
    5693   5.947   -57.69743    0.00000    0.00000    5693       1
    5694   5.948   -57.69743    0.00000    0.00000    5694       1
    5695   5.948   -57.69743    0.00000    0.00000    5695       2
    5696   5.950   -57.69742    0.00000    0.00000    5696       1
    5697   5.951   -57.69742    0.00000    0.00000    5697       1
    5698   5.953   -57.69742    0.00000    0.00000    5698       2
    5699   5.953   -57.69742    0.00000    0.00000    5699       1
    5700   5.955   -57.69742    0.00000    0.00000    5700       1
    5701   5.955   -57.69742    0.00000    0.00000    5701       1
    5702   5.955   -57.69742    0.00000    0.00000    5702       1
    5703   5.955   -57.69742    0.00000    0.00000    5703       1
    5704   5.956   -57.69741    0.00000    0.00000    5704       1
    5705   5.957   -57.69741    0.00000    0.00000    5705       1
    5706   5.959   -57.69741    0.00000    0.00000    5706       1
    5707   5.961   -57.69741    0.00000    0.00000    5707       1
    5708   5.950   -57.69742    0.00000    0.00000    5708       1
    5709   5.962   -57.69740    0.00000    0.00000    5709       1
    5710   5.965   -57.69740    0.00000    0.00000    5710       1
    5711   5.965   -57.69740    0.00000    0.00000    5711       3
    5712   5.969   -57.69739    0.00000    0.00000    5712       1
    5713   5.970   -57.69739    0.00000    0.00000    5713       1
    5714   5.970   -57.69739    0.00000    0.00000    5714       1
    5715   5.970   -57.69739    0.00000    0.00000    5715       4
    5716   5.973   -57.69739    0.00000    0.00000    5716       3
    5717   5.975   -57.69738    0.00000    0.00000    5717       1
    5718   5.975   -57.69738    0.00000    0.00000    5718       1
    5719   5.972   -57.69739    0.00000    0.00000    5719       1
    5720   5.978   -57.69738    0.00000    0.00000    5720       1
    5721   5.978   -57.69738    0.00000    0.00000    5721       1
    5722   5.979   -57.69738    0.00000    0.00000    5722       1
    5723   5.979   -57.69738    0.00000    0.00000    5723       1
    5724   5.980   -57.69738    0.00000    0.00000    5724       1
    5725   5.981   -57.69737    0.00000    0.00000    5725       1
    5726   5.981   -57.69737    0.00000    0.00000    5726       1
    5727   5.982   -57.69737    0.00000    0.00000    5727       1
    5728   5.982   -57.69737    0.00000    0.00000    5728       1
    5729   5.982   -57.69737    0.00000    0.00000    5729       1
    5730   5.982   -57.69737    0.00000    0.00000    5730       1
    5731   5.984   -57.69737    0.00000    0.00000    5731       1
    5732   5.972   -57.69739    0.00000    0.00000    5732       1
    5733   5.985   -57.69737    0.00000    0.00000    5733       1
    5734   5.985   -57.69737    0.00000    0.00000    5734       1
    5735   5.986   -57.69737    0.00000    0.00000    5735       1
    5736   5.972   -57.69739    0.00000    0.00000    5736       1
    5737   5.986   -57.69737    0.00000    0.00000    5737       1
    5738   5.987   -57.69737    0.00000    0.00000    5738       1
    5739   5.994   -57.69735    0.00000    0.00000    5739       2
    5740   5.997   -57.69735    0.00000    0.00000    5740       2
    5741   5.998   -57.69735    0.00000    0.00000    5741       1
    5742   5.999   -57.69734    0.00000    0.00000    5742       1
    5743   5.999   -57.69734    0.00000    0.00000    5743       1
    5744   5.994   -57.69735    0.00000    0.00000    5744       1
T /K                                  :   298.15
E lowest                              :   -57.70691
ensemble average energy (kcal)        :    1.584
ensemble entropy (J/mol K, cal/mol K) :   63.791   15.246
ensemble free energy (kcal/mol)       :   -4.546
population of lowest in %             :    3.362
 number of unique conformers for further calc         5744
 list of relative energies saved as "crest.energies"
 compare nuclear equivalencies ...
::::::::::: conformer group all :::::::::::
 chemical equivalencies (mag.active nuclei):
reference atom   7 # : 3
reference atom  18 # : 2
reference atom  19 # : 2
reference atom  27 # : 2
reference atom  39 # : 2
 magnetic equivalencies:
reference atom   7 # : 3

******************************************************************************************
**                           ENSEMBLE ENTROPY CALCULATION                               **
******************************************************************************************
======================================================
 Containing 2726 conformers :
     H(298.15K)-H(0) (conf)      1.668789
                   Cp(conf)      7.684097
                    S(conf)     11.451513
======================================================
 Containing 3100 conformers :
     H(298.15K)-H(0) (conf)      1.762217
                   Cp(conf)      7.095592
                    S(conf)     11.920121
======================================================
 Containing 3381 conformers :
     H(298.15K)-H(0) (conf)      1.850232
                   Cp(conf)      6.507528
                    S(conf)     12.313967
======================================================
 Containing 3626 conformers :
     H(298.15K)-H(0) (conf)      1.909059
                   Cp(conf)      6.425806
                    S(conf)     12.498201
======================================================
 Containing 3922 conformers :
     H(298.15K)-H(0) (conf)      1.906537
                   Cp(conf)      6.587900
                    S(conf)     12.563318
======================================================
 Containing 4144 conformers :
     H(298.15K)-H(0) (conf)      1.968390
                   Cp(conf)      6.499012
                    S(conf)     12.754413
======================================================
 Containing 4382 conformers :
     H(298.15K)-H(0) (conf)      2.018678
                   Cp(conf)      6.545744
                    S(conf)     12.854768
======================================================
 Containing 4597 conformers :
     H(298.15K)-H(0) (conf)      2.047622
                   Cp(conf)      6.537327
                    S(conf)     12.949396
======================================================
 Containing 4815 conformers :
     H(298.15K)-H(0) (conf)      2.051557
                   Cp(conf)      6.718115
                    S(conf)     13.023343
======================================================
 Containing 5035 conformers :
     H(298.15K)-H(0) (conf)      2.087543
                   Cp(conf)      6.617218
                    S(conf)     13.094486
======================================================
 Containing 5165 conformers :
     H(298.15K)-H(0) (conf)      2.107437
                   Cp(conf)      6.626204
                    S(conf)     13.139142
======================================================
 Containing 5318 conformers :
     H(298.15K)-H(0) (conf)      2.085066
                   Cp(conf)      6.739484
                    S(conf)     13.136684
======================================================
 Containing 5485 conformers :
     H(298.15K)-H(0) (conf)      2.088995
                   Cp(conf)      6.827781
                    S(conf)     13.169800
======================================================
 Containing 5638 conformers :
     H(298.15K)-H(0) (conf)      2.134478
                   Cp(conf)      6.685891
                    S(conf)     13.331309
======================================================
 Containing 5744 conformers :
     H(298.15K)-H(0) (conf)      2.139638
                   Cp(conf)      6.686109
                    S(conf)     13.354290
======================================================

 --------------------------------------
 FINAL CALCULATION OF MOLECULAR ENTROPY
 --------------------------------------

   block      Siter   Siter (fit) 
        1    0.469    0.532
        2    0.862    0.806
        3    1.047    1.007
        4    1.112    1.164
        5    1.303    1.292
        6    1.403    1.398
        7    1.498    1.489
        8    1.572    1.566
        9    1.643    1.633
       10    1.688    1.691
       11    1.685    1.742
       12    1.718    1.787
       13    1.880    1.826
       14    1.903    1.862
R²       :    0.998694
FINAL ENTROPY (extrapol.)  :     13.66555

 ----------------------------------
 Frequency Calculation and Averages
 ----------------------------------
 Nconf on file      : 5744
 Taken for Hessians : 1210 (= 90.01% total population)
 T range  /K    :   278.15   378.15
 scaling factor :          1.000000     
 rotor cutoff   :         25.000000 cm⁻¹
 imag. cutoff   :        -50.000000 cm⁻¹

 Running 1210 calculations ...
 |>0.1% |>7.5% |>15.0% |>22.6% |>30.0% |>37.5% |>45.0% |>52.6% |>60.0% |>67.5% |>75.0% |>82.6% |>90.1% |>97.5% |>100.0%
 done.
 calculating averages for G and S ...    done.
 calculating Boltzmann weights ...       done.
 calculating reference S (bhess) ... > bhess not implemented for calculator routines
    done.
 calculating δSrrho ...                  done.

 Coordinates for the bhess reference structure (Ångström):
 -----------------------------------------------------------
  44

 O          2.1167122603        2.5019111325        0.6334906149
 C          1.7370103772        1.4594710938        0.1319176576
 N          0.5315448056        1.2855378143       -0.4368569091
 H          0.2776723608        0.3596638878       -0.7861445741
 C         -0.4623914212        2.3307692657       -0.5237414292
 C         -1.0619349325        2.3367766731       -1.9260748411
 H         -1.5497461527        1.3868919001       -2.1322082354
 H         -1.7899747996        3.1375863431       -2.0252223028
 H         -0.2775810842        2.4902081071       -2.6634777339
 H          0.0651351568        3.2748048442       -0.3432553740
 C         -1.5411443665        2.1803803399        0.5762993308
 C         -2.1421599097        0.8071502760        0.6087672483
 C         -1.6193263814       -0.1615671010        1.4577679312
 C         -2.1328565207       -1.4460505429        1.4712956204
 C         -3.1807064612       -1.7834330333        0.6309657097
 C         -3.7220155124       -0.8219881558       -0.2062708480
 C         -3.2094806271        0.4641481615       -0.2132684861
 H         -3.6531523432        1.2116988443       -0.8550410471
 H         -4.5513088952       -1.0737291804       -0.8521347488
 H         -3.5819915615       -2.7863947018        0.6366787182
 H         -1.7193815834       -2.1845100875        2.1431911398
 H         -0.8097981149        0.1013356881        2.1231259301
 H         -1.0675320330        2.3906125133        1.5365653714
 H         -2.3139620707        2.9304114495        0.4005195748
 C          2.6312435230        0.2104352390        0.0512837780
 N          3.9920956351        0.4700567531        0.4894642315
 H          4.4089240173        1.1822089790       -0.1025756934
 H          3.9640969154        0.8644013611        1.4263620906
 C          2.0281846950       -0.9355620703        0.8748971308
 H          0.9419619612       -0.8733983709        0.8575231086
 H          2.3597039073       -0.8152492061        1.9084001708
 C          2.4569166586       -2.3132801354        0.3761007876
 H          3.5441744641       -2.3319668695        0.2890671220
 C          1.8441926572       -2.7107285463       -0.9690907412
 H          2.1754785634       -3.7247912246       -1.2014917487
 H          2.2209670414       -2.0588693084       -1.7587104028
 C          0.3113948957       -2.6738696459       -0.9948322441
 N         -0.1846348878       -1.3738179244       -1.4484801410
 H         -1.1957176298       -1.3443081120       -1.3560653896
 H          0.0389043245       -1.2518641956       -2.4323558941
 H         -0.0833366473       -2.8437390533        0.0093965101
 H         -0.0587293671       -3.4883446404       -1.6372101864
 H          2.1657904731       -3.0578066488        1.1210128527
 H          2.6741988824       -0.0821823230       -1.0033136891
 -----------------------------------------------------------
 as read from <coord>
 Heavy-atom RMSD between lowest conformer and this reference :
 RMSD(heavy) =        0.001295 Å

 msRRHO(bhess) reference entropies:
      278.15        142.551435
      288.15        145.206717
      298.15        147.855122
      308.15        150.497464
      318.15        153.134309
      328.15        155.766010
      338.15        158.392743
      348.15        161.014529
      358.15        163.631268
      368.15        166.242758
      378.15        168.848718

       T/K  |S(T)|/cal/molK       |G(T)|/Eh     G_lowest/Eh    (conf)
   -----------------------------------------------------------------
    278.15    0.149252E+03    0.334164E+00      -57.371349        12
    288.15    0.151908E+03    0.331815E+00      -57.373705        12
    298.15    0.154555E+03    0.329425E+00      -57.376103        12
    308.15    0.157193E+03    0.326993E+00      -57.378543        12
    318.15    0.159823E+03    0.324518E+00      -57.381026        12
    328.15    0.162447E+03    0.322002E+00      -57.383552        12
    338.15    0.165064E+03    0.319445E+00      -57.386119        12
    348.15    0.167675E+03    0.316845E+00      -57.388728        12
    358.15    0.170280E+03    0.314204E+00      -57.391380        12
    368.15    0.172878E+03    0.311522E+00      -57.394073        12
    378.15    0.175470E+03    0.308798E+00      -57.396808        12
   -----------------------------------------------------------------
   NOTE: if |G(T)| is the averaged contributrion to the free energy.
   |G(T)| used only for the higher-energetic structures (n > 1210).
   All other structures use G(T) from the respective Hessian calculations.

 Quantities calculated on free energies:
       T/K          δSrrho           Cp(T)     [H(T)-H(0)]
   -------------------------------------------------------
    278.15    0.670014E+01    0.366023E+01        1.374648
    288.15    0.670136E+01    0.356714E+01        1.399009
    298.15    0.669962E+01    0.348069E+01        1.422379
    308.15    0.669539E+01    0.340008E+01        1.444867
    318.15    0.668905E+01    0.332465E+01        1.466568
    328.15    0.668093E+01    0.325380E+01        1.487563
    338.15    0.667130E+01    0.318705E+01        1.507923
    348.15    0.666037E+01    0.312396E+01        1.527709
    358.15    0.664834E+01    0.306417E+01        1.546977
    368.15    0.663536E+01    0.300735E+01        1.565773
    378.15    0.662159E+01    0.295323E+01        1.584140
   -------------------------------------------------------
   NOTE: δSrrho(T) = |S(T)| - Sref(T)

 ----------------------
 TEMPERATURE DEPENDENCE
 ----------------------

 Final CONFORMATIONAL quantities at given T:
       T/K        S(total)           Cp(T)     [H(T)-H(0)]        G(total)
   -----------------------------------------------------------------------
    278.15       19.722025        3.660230        1.374648       -4.111034
    288.15       20.046359        3.567137        1.399009       -4.377350
    298.15       20.365164        3.480685        1.422379       -4.649495
    308.15       20.630392        3.400081        1.444867       -4.912388
    318.15       20.869290        3.324646        1.466568       -5.172997
    328.15       21.083361        3.253802        1.487563       -5.430942
    338.15       21.304724        3.187050        1.507923       -5.696270
    348.15       21.476937        3.123961        1.527709       -5.949486
    358.15       21.631075        3.064167        1.546977       -6.200192
    368.15       21.798559        3.007347        1.565773       -6.459366
    378.15       21.921196        2.953226        1.584140       -6.705360
   -----------------------------------------------------------------------
   S and Cp in cal/mol*K; H and G in kcal/mol
   G(total) is the ensemble free energy (H-T*S) and S(total) = S(conf,extrapol.) + δSrrho

 ----------------------------------------------------
 |      FINAL MOLECULAR ENTROPY AT T= 298.15 K      |
 ----------------------------------------------------
     Sconf   =         13.665549
   + δSrrho  =          6.699615
 -----------------------------------------------------
 = S(total)  =         20.365164  (cal mol⁻¹ K⁻¹)

   H(T)-H(0) =          1.422379
   G         =         -6.071874   (-T*S)
 -----------------------------------------------------
 = G(total)  =         -4.649495  (H-T*S) (kcal mol⁻¹)

   Cp(total) =          3.480685  (cal mol⁻¹ K⁻¹)


 -----------------
 Wall Time Summary
 -----------------
 CREST runtime (total)               0 d,  6 h, 57 min, 30.314 sec
 ------------------------------------------------------------------
 Trial metadynamics (MTD)   ...        0 min,  4.597 sec (  0.018%)
 Metadynamics (MTD)         ...        7 min, 14.801 sec (  1.736%)
 Geometry optimization      ...      313 min, 47.942 sec ( 75.161%)
 Static metadynamics (sMTD) ...       84 min, 43.634 sec ( 20.294%)
 Conf. entropy evaluation   ...        8 min,  5.233 sec (  1.937%)
 I/O and setup              ...        3 min, 34.107 sec (  0.855%)
 ------------------------------------------------------------------
 * wall-time:     0 d,  6 h, 57 min, 30.314 sec
 *  cpu-time:     4 d,  7 h, 14 min, 45.359 sec
 * ratio c/w:    14.838 speedup
 ------------------------------------------------------------------
 * Total number of energy+grad calls: 13580864

 CREST terminated normally.
