
       ╔════════════════════════════════════════════════╗
       ║                                                ║
       ║     ██████╗██████╗ ███████╗███████╗████████╗   ║
       ║    ██╔════╝██╔══██╗██╔════╝██╔════╝╚══██╔══╝   ║
       ║    ██║     ██████╔╝█████╗  ███████╗   ██║      ║
       ║    ██║     ██╔══██╗██╔══╝  ╚════██║   ██║      ║
       ║    ╚██████╗██║  ██║███████╗███████║   ██║      ║
       ║     ╚═════╝╚═╝  ╚═╝╚══════╝╚══════╝   ╚═╝      ║
       ║                                                ║
       ║    Conformer-Rotamer Ensemble Sampling Tool    ║
       ║            based on the xTB methods            ║
       ║                                                ║
       ╚════════════════════════════════════════════════╝
        Version 3.0.2, Mon, 29 September 16:25:59, 09/29/2025
        commit (c39758d) compiled by 'andrey@PC1'

   Cite work conducted with this code as

   • P.Pracht, F.Bohle, S.Grimme, PCCP, 2020, 22, 7169-7192.
   • S.Grimme, JCTC, 2019, 15, 2847-2862.
   • P.Pracht, S.Grimme, C.Bannwarth, F.Bohle, S.Ehlert,
     G.Feldmann, J.Gorges, M.Müller, T.Neudecker, C.Plett,
     S.Spicher, P.Steinbach, P.Wesołowski, F.Zeller,
     J. Chem. Phys., 2024, 160, 114110.

   for works involving QCG cite

   • S.Spicher, C.Plett, P.Pracht, A.Hansen, S.Grimme,
     JCTC, 2022, 18 (5), 3174-3189.
   • C.Plett, S. Grimme,
     Angew. Chem. Int. Ed. 2023, 62, e202214477.

   for works involving MECP screening cite

   • P.Pracht, C.Bannwarth, JCTC, 2022, 18 (10), 6370-6385.

   Original code
     P.Pracht, S.Grimme, Universität Bonn, MCTC
   with help from (alphabetical order):
     C.Bannwarth, F.Bohle, S.Ehlert, G.Feldmann, J.Gorges,
     S.Grimme, C.Plett, P.Pracht, S.Spicher, P.Steinbach,
     P.Wesolowski, F.Zeller

   Online documentation is available at
   https://crest-lab.github.io/crest-docs/

   This program is distributed in the hope that it will be useful,
   but WITHOUT ANY WARRANTY; without even the implied warranty of
   MERCHANTABILITY or FITNESS FOR A PARTICULAR PURPOSE. See the
   GNU Lesser General Public License (LGPL) for more details.

 Command line input:
 $ ./crest m1_00_Penicilin-uni_best.xyz --T 16 --entropy --gfn1 --chrg 0

  --T 16 (CPUs/Threads selected)
  --entropy : enhanced ensemble entropy calculation
  --gfn1               : Use of GFN1-xTB requested.
  --chrg 0

> Setting up backup calculator ... done.
 ----------------
 Calculation info
 ----------------
> User-defined calculation level:
 : xTB calculation via tblite lib
 : GFN1-xTB level
 :   Molecular charge    : 0
 :   Fermi temperature   : 300.00000
 :   Accuracy            : 1.00000
 :   max SCC cycles      : 500


 -----------------------------
 Initial Geometry Optimization
 -----------------------------
 Geometry successfully optimized.

          ┍━━━━━━━━━━━━━━━━━━━━━━━━━━━━━━━━━━━━━━━━━━━━━━━━━┑
          │              CREST ENTROPY SAMPLING             │
          ┕━━━━━━━━━━━━━━━━━━━━━━━━━━━━━━━━━━━━━━━━━━━━━━━━━┙

 please cite:
 • P.Pracht, S.Grimme, Chem. Sci., 2021, 12, 6551-6568.
 • J.Gorges, S.Grimme, A.Hansen, P.Pracht, PCCP, 2022,24, 12249-12259.

 Input structure:
  41

 S         -0.3904095842       -0.5941390236       -0.9307128913
 O         -1.1894735967        2.0969933086        2.2533121896
 O         -4.7463065717       -0.9104208168        0.0072190224
 O         -3.7354871275        0.2282728917       -1.6214826323
 O          2.3281399438        3.0202025252       -1.1034101993
 N         -1.9253814259        1.2125668974        0.1979223460
 N          1.2758771305        1.6100196829        0.3243291575
 C         -0.9155789423        1.1354865171       -0.8551354976
 C         -1.5487962487       -1.1568789977        0.3728942088
 C         -2.6078709097       -0.0261862681        0.5056021397
 C         -0.0347822078        2.0954929199       -0.0087794580
 C         -1.0837168909        1.8735543297        1.0846643329
 C         -2.1627818899       -2.4846176660       -0.0667250395
 C         -0.7999381085       -1.3362488231        1.6940442577
 C         -3.7372155446       -0.1983859669       -0.5025845619
 C          2.3564205610        2.0537345609       -0.3801258504
 C          3.6262930591        1.2447656539       -0.1160408217
 C          3.3365123790       -0.2293533703       -0.0231098768
 C          3.1745431072       -0.8458941274        1.2165914968
 C          3.1612045068       -0.9817407789       -1.1833394295
 C          2.8429888812       -2.1923307297        1.2934369734
 C          2.8310294198       -2.3261605321       -1.1043771146
 C          2.6671763648       -2.9338941363        0.1333985791
 H         -1.2612849168        1.4883888382       -1.8274282732
 H         -3.0162188989        0.0265704012        1.5191858069
 H          0.0474768426        3.1122048929       -0.4034076007
 H         -1.3927303290       -3.2551410524       -0.0891304240
 H         -2.9444021240       -2.7901991708        0.6297910472
 H         -2.5917564064       -2.3964889185       -1.0637503564
 H         -0.3961447104       -0.3859430284        2.0383736617
 H         -1.4677374992       -1.7324242956        2.4603554568
 H          0.0278058622       -2.0311431326        1.5545406053
 H          1.3098168329        0.6693322072        0.6979396005
 H         -5.4476275314       -0.9999081521       -0.6595225108
 H          4.0564800449        1.6134447141        0.8190087265
 H          4.3257754377        1.4643807301       -0.9248084300
 H          3.3154737865       -0.2726439125        2.1267273023
 H          3.2803259763       -0.5099101330       -2.1524590654
 H          2.7249556668       -2.6625279275        2.2633546527
 H          2.6952968924       -2.9012875223       -2.0134095437
 H          2.4053047976       -3.9840659472        0.1937982156

 ------------------------------------------------
 Generating MTD length from a flexibility measure
 ------------------------------------------------
 Calculating GFN0-xTB WBOs   ... done.
 Calculating NCI flexibility ... done.
     covalent flexibility measure :   0.251
 non-covalent flexibility measure :   0.656
 flexibility measure :   0.290
 t(MTD) / ps    :    13.0
 Σ(t(MTD)) / ps :   312.0 (24 MTDs)

 -----------------------------------
 Starting trial MTD to test settings
 -----------------------------------
 Trial MTD 1 runtime (1.0 ps) ...        0 min,  8.937 sec
 Estimated runtime for one MTD (13.0 ps) on a single thread: 1 min 56 sec
 Estimated runtime for a batch of 24 MTDs on 16 threads: 3 min 52 sec

********************************************************************************
**                    N E W   I T E R A T I O N  C Y C L E                    **
********************************************************************************

 ------------------------------
 Meta-Dynamics Iteration 1
 ------------------------------
 list of applied metadynamics Vbias parameters:
$metadyn    0.30750   1.618
$metadyn    0.15375   1.618
$metadyn    0.07687   1.618
$metadyn    0.03844   1.618
$metadyn    0.30750   1.000
$metadyn    0.15375   1.000
$metadyn    0.07687   1.000
$metadyn    0.03844   1.000
$metadyn    0.30750   0.618
$metadyn    0.15375   0.618
$metadyn    0.07687   0.618
$metadyn    0.03844   0.618
$metadyn    0.30750   0.382
$metadyn    0.15375   0.382
$metadyn    0.07687   0.382
$metadyn    0.03844   0.382
$metadyn    0.30750   0.236
$metadyn    0.15375   0.236
$metadyn    0.07687   0.236
$metadyn    0.03844   0.236
$metadyn    0.30750   0.146
$metadyn    0.15375   0.146
$metadyn    0.07687   0.146
$metadyn    0.03844   0.146

  ::::::::::::: starting MTD   22 :::::::::::::
  |   MD simulation time   :    13.0 ps       |
  |   target T             :   300.0 K        |
  |   timestep dt          :     5.0 fs       |
  |   dump interval(trj)   :   100.0 fs       |
  |   SHAKE algorithm      : true (all bonds) |
  |   dump interval(Vbias) :    1.00 ps       |
  |   Vbias prefactor (k)  :  0.1537 Eh       |
  |   Vbias exponent (α)   :  0.1459 bohr⁻²   |
  ::::::::::::: starting MTD   24 :::::::::::::
  |   MD simulation time   :    13.0 ps       |
  |   target T             :   300.0 K        |
  |   timestep dt          :     5.0 fs       |
  |   dump interval(trj)   :   100.0 fs       |
  |   SHAKE algorithm      : true (all bonds) |
  |   dump interval(Vbias) :    1.00 ps       |
  |   Vbias prefactor (k)  :  0.0384 Eh       |
  |   Vbias exponent (α)   :  0.1459 bohr⁻²   |
  ::::::::::::: starting MTD   15 :::::::::::::
  |   MD simulation time   :    13.0 ps       |
  |   target T             :   300.0 K        |
  |   timestep dt          :     5.0 fs       |
  |   dump interval(trj)   :   100.0 fs       |
  |   SHAKE algorithm      : true (all bonds) |
  |   dump interval(Vbias) :    1.00 ps       |
  |   Vbias prefactor (k)  :  0.0769 Eh       |
  |   Vbias exponent (α)   :  0.3820 bohr⁻²   |
  ::::::::::::: starting MTD   19 :::::::::::::
  |   MD simulation time   :    13.0 ps       |
  |   target T             :   300.0 K        |
  |   timestep dt          :     5.0 fs       |
  |   dump interval(trj)   :   100.0 fs       |
  |   SHAKE algorithm      : true (all bonds) |
  |   dump interval(Vbias) :    1.00 ps       |
  |   Vbias prefactor (k)  :  0.0769 Eh       |
  |   Vbias exponent (α)   :  0.2361 bohr⁻²   |
  ::::::::::::: starting MTD   17 :::::::::::::
  |   MD simulation time   :    13.0 ps       |
  |   target T             :   300.0 K        |
  |   timestep dt          :     5.0 fs       |
  |   dump interval(trj)   :   100.0 fs       |
  |   SHAKE algorithm      : true (all bonds) |
  |   dump interval(Vbias) :    1.00 ps       |
  |   Vbias prefactor (k)  :  0.3075 Eh       |
  |   Vbias exponent (α)   :  0.2361 bohr⁻²   |
  ::::::::::::: starting MTD    1 :::::::::::::
  |   MD simulation time   :    13.0 ps       |
  |   target T             :   300.0 K        |
  |   timestep dt          :     5.0 fs       |
  |   dump interval(trj)   :   100.0 fs       |
  |   SHAKE algorithm      : true (all bonds) |
  |   dump interval(Vbias) :    1.00 ps       |
  |   Vbias prefactor (k)  :  0.3075 Eh       |
  |   Vbias exponent (α)   :  1.6180 bohr⁻²   |
  ::::::::::::: starting MTD   13 :::::::::::::
  |   MD simulation time   :    13.0 ps       |
  |   target T             :   300.0 K        |
  |   timestep dt          :     5.0 fs       |
  |   dump interval(trj)   :   100.0 fs       |
  |   SHAKE algorithm      : true (all bonds) |
  |   dump interval(Vbias) :    1.00 ps       |
  |   Vbias prefactor (k)  :  0.3075 Eh       |
  |   Vbias exponent (α)   :  0.3820 bohr⁻²   |
  ::::::::::::: starting MTD    9 :::::::::::::
  |   MD simulation time   :    13.0 ps       |
  |   target T             :   300.0 K        |
  |   timestep dt          :     5.0 fs       |
  |   dump interval(trj)   :   100.0 fs       |
  |   SHAKE algorithm      : true (all bonds) |
  |   dump interval(Vbias) :    1.00 ps       |
  |   Vbias prefactor (k)  :  0.3075 Eh       |
  |   Vbias exponent (α)   :  0.6180 bohr⁻²   |
  ::::::::::::: starting MTD   20 :::::::::::::
  |   MD simulation time   :    13.0 ps       |
  |   target T             :   300.0 K        |
  |   timestep dt          :     5.0 fs       |
  |   dump interval(trj)   :   100.0 fs       |
  |   SHAKE algorithm      : true (all bonds) |
  |   dump interval(Vbias) :    1.00 ps       |
  |   Vbias prefactor (k)  :  0.0384 Eh       |
  |   Vbias exponent (α)   :  0.2361 bohr⁻²   |
  ::::::::::::: starting MTD    7 :::::::::::::
  |   MD simulation time   :    13.0 ps       |
  |   target T             :   300.0 K        |
  |   timestep dt          :     5.0 fs       |
  |   dump interval(trj)   :   100.0 fs       |
  |   SHAKE algorithm      : true (all bonds) |
  |   dump interval(Vbias) :    1.00 ps       |
  |   Vbias prefactor (k)  :  0.0769 Eh       |
  |   Vbias exponent (α)   :  1.0000 bohr⁻²   |
  ::::::::::::: starting MTD   23 :::::::::::::
  |   MD simulation time   :    13.0 ps       |
  |   target T             :   300.0 K        |
  |   timestep dt          :     5.0 fs       |
  |   dump interval(trj)   :   100.0 fs       |
  |   SHAKE algorithm      : true (all bonds) |
  |   dump interval(Vbias) :    1.00 ps       |
  |   Vbias prefactor (k)  :  0.0769 Eh       |
  |   Vbias exponent (α)   :  0.1459 bohr⁻²   |
  ::::::::::::: starting MTD   18 :::::::::::::
  |   MD simulation time   :    13.0 ps       |
  |   target T             :   300.0 K        |
  |   timestep dt          :     5.0 fs       |
  |   dump interval(trj)   :   100.0 fs       |
  |   SHAKE algorithm      : true (all bonds) |
  |   dump interval(Vbias) :    1.00 ps       |
  |   Vbias prefactor (k)  :  0.1537 Eh       |
  |   Vbias exponent (α)   :  0.2361 bohr⁻²   |
  ::::::::::::: starting MTD    3 :::::::::::::
  |   MD simulation time   :    13.0 ps       |
  |   target T             :   300.0 K        |
  |   timestep dt          :     5.0 fs       |
  |   dump interval(trj)   :   100.0 fs       |
  |   SHAKE algorithm      : true (all bonds) |
  |   dump interval(Vbias) :    1.00 ps       |
  |   Vbias prefactor (k)  :  0.0769 Eh       |
  |   Vbias exponent (α)   :  1.6180 bohr⁻²   |
  ::::::::::::: starting MTD   21 :::::::::::::
  |   MD simulation time   :    13.0 ps       |
  |   target T             :   300.0 K        |
  |   timestep dt          :     5.0 fs       |
  |   dump interval(trj)   :   100.0 fs       |
  |   SHAKE algorithm      : true (all bonds) |
  |   dump interval(Vbias) :    1.00 ps       |
  |   Vbias prefactor (k)  :  0.3075 Eh       |
  |   Vbias exponent (α)   :  0.1459 bohr⁻²   |
  ::::::::::::: starting MTD    5 :::::::::::::
  |   MD simulation time   :    13.0 ps       |
  |   target T             :   300.0 K        |
  |   timestep dt          :     5.0 fs       |
  |   dump interval(trj)   :   100.0 fs       |
  |   SHAKE algorithm      : true (all bonds) |
  |   dump interval(Vbias) :    1.00 ps       |
  |   Vbias prefactor (k)  :  0.3075 Eh       |
  |   Vbias exponent (α)   :  1.0000 bohr⁻²   |
  ::::::::::::: starting MTD   11 :::::::::::::
  |   MD simulation time   :    13.0 ps       |
  |   target T             :   300.0 K        |
  |   timestep dt          :     5.0 fs       |
  |   dump interval(trj)   :   100.0 fs       |
  |   SHAKE algorithm      : true (all bonds) |
  |   dump interval(Vbias) :    1.00 ps       |
  |   Vbias prefactor (k)  :  0.0769 Eh       |
  |   Vbias exponent (α)   :  0.6180 bohr⁻²   |
*MTD   5 completed successfully ...        2 min, 25.816 sec
  ::::::::::::: starting MTD    6 :::::::::::::
  |   MD simulation time   :    13.0 ps       |
  |   target T             :   300.0 K        |
  |   timestep dt          :     5.0 fs       |
  |   dump interval(trj)   :   100.0 fs       |
  |   SHAKE algorithm      : true (all bonds) |
  |   dump interval(Vbias) :    1.00 ps       |
  |   Vbias prefactor (k)  :  0.1537 Eh       |
  |   Vbias exponent (α)   :  1.0000 bohr⁻²   |
*MTD   9 completed successfully ...        2 min, 26.029 sec
  ::::::::::::: starting MTD   10 :::::::::::::
  |   MD simulation time   :    13.0 ps       |
  |   target T             :   300.0 K        |
  |   timestep dt          :     5.0 fs       |
  |   dump interval(trj)   :   100.0 fs       |
  |   SHAKE algorithm      : true (all bonds) |
  |   dump interval(Vbias) :    1.00 ps       |
  |   Vbias prefactor (k)  :  0.1537 Eh       |
  |   Vbias exponent (α)   :  0.6180 bohr⁻²   |
*MTD  15 completed successfully ...        2 min, 26.508 sec
  ::::::::::::: starting MTD   16 :::::::::::::
  |   MD simulation time   :    13.0 ps       |
  |   target T             :   300.0 K        |
  |   timestep dt          :     5.0 fs       |
  |   dump interval(trj)   :   100.0 fs       |
  |   SHAKE algorithm      : true (all bonds) |
  |   dump interval(Vbias) :    1.00 ps       |
  |   Vbias prefactor (k)  :  0.0384 Eh       |
  |   Vbias exponent (α)   :  0.3820 bohr⁻²   |
*MTD  24 completed successfully ...        2 min, 26.728 sec
*MTD  19 completed successfully ...        2 min, 27.028 sec
*MTD   3 completed successfully ...        2 min, 27.170 sec
  ::::::::::::: starting MTD    4 :::::::::::::
  |   MD simulation time   :    13.0 ps       |
  |   target T             :   300.0 K        |
  |   timestep dt          :     5.0 fs       |
  |   dump interval(trj)   :   100.0 fs       |
  |   SHAKE algorithm      : true (all bonds) |
  |   dump interval(Vbias) :    1.00 ps       |
  |   Vbias prefactor (k)  :  0.0384 Eh       |
  |   Vbias exponent (α)   :  1.6180 bohr⁻²   |
*MTD  18 completed successfully ...        2 min, 27.220 sec
*MTD  11 completed successfully ...        2 min, 27.450 sec
  ::::::::::::: starting MTD   12 :::::::::::::
  |   MD simulation time   :    13.0 ps       |
  |   target T             :   300.0 K        |
  |   timestep dt          :     5.0 fs       |
  |   dump interval(trj)   :   100.0 fs       |
  |   SHAKE algorithm      : true (all bonds) |
  |   dump interval(Vbias) :    1.00 ps       |
  |   Vbias prefactor (k)  :  0.0384 Eh       |
  |   Vbias exponent (α)   :  0.6180 bohr⁻²   |
*MTD  13 completed successfully ...        2 min, 27.540 sec
  ::::::::::::: starting MTD   14 :::::::::::::
  |   MD simulation time   :    13.0 ps       |
  |   target T             :   300.0 K        |
  |   timestep dt          :     5.0 fs       |
  |   dump interval(trj)   :   100.0 fs       |
  |   SHAKE algorithm      : true (all bonds) |
  |   dump interval(Vbias) :    1.00 ps       |
  |   Vbias prefactor (k)  :  0.1537 Eh       |
  |   Vbias exponent (α)   :  0.3820 bohr⁻²   |
*MTD  20 completed successfully ...        2 min, 28.420 sec
*MTD   7 completed successfully ...        2 min, 28.639 sec
  ::::::::::::: starting MTD    8 :::::::::::::
  |   MD simulation time   :    13.0 ps       |
  |   target T             :   300.0 K        |
  |   timestep dt          :     5.0 fs       |
  |   dump interval(trj)   :   100.0 fs       |
  |   SHAKE algorithm      : true (all bonds) |
  |   dump interval(Vbias) :    1.00 ps       |
  |   Vbias prefactor (k)  :  0.0384 Eh       |
  |   Vbias exponent (α)   :  1.0000 bohr⁻²   |
*MTD   1 completed successfully ...        2 min, 28.810 sec
  ::::::::::::: starting MTD    2 :::::::::::::
  |   MD simulation time   :    13.0 ps       |
  |   target T             :   300.0 K        |
  |   timestep dt          :     5.0 fs       |
  |   dump interval(trj)   :   100.0 fs       |
  |   SHAKE algorithm      : true (all bonds) |
  |   dump interval(Vbias) :    1.00 ps       |
  |   Vbias prefactor (k)  :  0.1537 Eh       |
  |   Vbias exponent (α)   :  1.6180 bohr⁻²   |
*MTD  23 completed successfully ...        2 min, 28.937 sec
*MTD  17 completed successfully ...        2 min, 29.529 sec
*MTD  22 completed successfully ...        2 min, 29.811 sec
*MTD  21 completed successfully ...        2 min, 32.328 sec
*MTD  10 completed successfully ...        2 min,  0.012 sec
*MTD  16 completed successfully ...        1 min, 59.587 sec
*MTD   6 completed successfully ...        2 min,  0.729 sec
*MTD  12 completed successfully ...        1 min, 59.276 sec
*MTD  14 completed successfully ...        1 min, 59.582 sec
*MTD   4 completed successfully ...        2 min,  0.422 sec
*MTD   2 completed successfully ...        2 min,  0.501 sec
*MTD   8 completed successfully ...        2 min,  1.969 sec

 ======================================
 |  Multilevel Ensemble Optimization  |
 ======================================
 Optimizing all 3096 structures from file "crest_dynamics.trj" ...
 ----------------------
 crude pre-optimization
 ----------------------
 Optimization engine: ANCOPT
 Hessian update type: BFGS
 E/G convergence criteria:  0.500E-03 Eh, 0.100E-01 Eh/a0
 maximum optimization steps: 200
 |>0.0% |>7.5% |>15.0% |>22.5% |>30.0% |>37.5% |>45.0% |>52.5% |>60.0% |>67.5% |>75.0% |>82.5% |>90.0% |>97.5% |>100.0%
 done.
> 3096 of 3096 structures successfully optimized (100.0% success)
> Total runtime for 3096 optimizations:
 * wall-time:     0 d,  0 h,  3 min, 10.158 sec
 *  cpu-time:     0 d,  0 h, 50 min, 14.214 sec
 * ratio c/w:    15.851 speedup
> Corresponding to approximately 0.061 sec per processed structure

CREGEN> running RMSDs ... done.
CREGEN> E lowest :   -72.45109
 2873 structures remain within    12.00 kcal/mol window
 ----------------------------------
 optimization with tight thresholds
 ----------------------------------
 Optimization engine: ANCOPT
 Hessian update type: BFGS
 E/G convergence criteria:  0.100E-05 Eh, 0.800E-03 Eh/a0
 maximum optimization steps: 200
 |>0.0% |>7.5% |>15.0% |>22.5% |>30.0% |>37.5% |>45.0% |>52.5% |>60.0% |>67.5% |>75.0% |>82.5% |>90.0% |>97.5% |>100.0%
 done.
> 2126 of 2873 structures successfully optimized (74.0% success)
> Total runtime for 2873 optimizations:
 * wall-time:     0 d,  0 h, 18 min, 31.802 sec
 *  cpu-time:     0 d,  4 h, 54 min, 16.038 sec
 * ratio c/w:    15.881 speedup
> Corresponding to approximately 0.387 sec per processed structure

CREGEN> running RMSDs ... done.
CREGEN> E lowest :   -72.45132
 384 structures remain within     6.00 kcal/mol window

========================================
           MTD Simulations done         
========================================
 Collecting ensmbles.
CREGEN> running RMSDs ... done.
CREGEN> E lowest :   -72.45132
 384 structures remain within     6.00 kcal/mol window
     H(298.15K)-H(0) (conf)      0.463836
                   Cp(conf)      1.985640
                    S(conf)      5.445313

********************************************************************************
**                     I T E R A T I O N    C Y C L E      1                  **
********************************************************************************
 -------------------------------------------
 determining bias structures via PCA/k-Means
 -------------------------------------------

 4 structures were selected
 done.

 -----------------------------------------------
 determining MTD seed structures via PCA/k-Means
 -----------------------------------------------

 36 structures were selected
 done.


 ===========================================================
 Static MTDs (umbrella sampling) on 36 selected conformer(s)
 ===========================================================
> Using 4 constant RMSD bias potentials per MTD
  :::::::::: starting static MTD   1 ::::::::::
  |   MD simulation time   :     6.5 ps       |
  |   target T             :   400.0 K        |
  |   timestep dt          :     5.0 fs       |
  |   dump interval(trj)   :   100.0 fs       |
  |   SHAKE algorithm      : true (all bonds) |
  |   Vbias prefactor (k)  :  0.0026 Eh       |
  |   Vbias exponent (α)   :  1.0000 bohr⁻²   |
  :::::::::: starting static MTD  10 ::::::::::
  |   MD simulation time   :     6.5 ps       |
  |   target T             :   400.0 K        |
  |   timestep dt          :     5.0 fs       |
  |   dump interval(trj)   :   100.0 fs       |
  |   SHAKE algorithm      : true (all bonds) |
  |   Vbias prefactor (k)  :  0.0026 Eh       |
  |   Vbias exponent (α)   :  1.0000 bohr⁻²   |
  :::::::::: starting static MTD   7 ::::::::::
  |   MD simulation time   :     6.5 ps       |
  |   target T             :   400.0 K        |
  |   timestep dt          :     5.0 fs       |
  |   dump interval(trj)   :   100.0 fs       |
  |   SHAKE algorithm      : true (all bonds) |
  |   Vbias prefactor (k)  :  0.0026 Eh       |
  |   Vbias exponent (α)   :  1.0000 bohr⁻²   |
  :::::::::: starting static MTD  36 ::::::::::
  |   MD simulation time   :     6.5 ps       |
  |   target T             :   400.0 K        |
  |   timestep dt          :     5.0 fs       |
  |   dump interval(trj)   :   100.0 fs       |
  |   SHAKE algorithm      : true (all bonds) |
  |   Vbias prefactor (k)  :  0.0026 Eh       |
  |   Vbias exponent (α)   :  1.0000 bohr⁻²   |
  :::::::::: starting static MTD   8 ::::::::::
  |   MD simulation time   :     6.5 ps       |
  |   target T             :   400.0 K        |
  |   timestep dt          :     5.0 fs       |
  |   dump interval(trj)   :   100.0 fs       |
  |   SHAKE algorithm      : true (all bonds) |
  |   Vbias prefactor (k)  :  0.0026 Eh       |
  |   Vbias exponent (α)   :  1.0000 bohr⁻²   |
  :::::::::: starting static MTD   6 ::::::::::
  |   MD simulation time   :     6.5 ps       |
  |   target T             :   400.0 K        |
  |   timestep dt          :     5.0 fs       |
  |   dump interval(trj)   :   100.0 fs       |
  |   SHAKE algorithm      : true (all bonds) |
  |   Vbias prefactor (k)  :  0.0026 Eh       |
  |   Vbias exponent (α)   :  1.0000 bohr⁻²   |
  :::::::::: starting static MTD   5 ::::::::::
  |   MD simulation time   :     6.5 ps       |
  |   target T             :   400.0 K        |
  |   timestep dt          :     5.0 fs       |
  |   dump interval(trj)   :   100.0 fs       |
  |   SHAKE algorithm      : true (all bonds) |
  |   Vbias prefactor (k)  :  0.0026 Eh       |
  |   Vbias exponent (α)   :  1.0000 bohr⁻²   |
  :::::::::: starting static MTD   9 ::::::::::
  |   MD simulation time   :     6.5 ps       |
  |   target T             :   400.0 K        |
  |   timestep dt          :     5.0 fs       |
  |   dump interval(trj)   :   100.0 fs       |
  |   SHAKE algorithm      : true (all bonds) |
  |   Vbias prefactor (k)  :  0.0026 Eh       |
  |   Vbias exponent (α)   :  1.0000 bohr⁻²   |
  :::::::::: starting static MTD  14 ::::::::::
  |   MD simulation time   :     6.5 ps       |
  |   target T             :   400.0 K        |
  |   timestep dt          :     5.0 fs       |
  |   dump interval(trj)   :   100.0 fs       |
  |   SHAKE algorithm      : true (all bonds) |
  |   Vbias prefactor (k)  :  0.0026 Eh       |
  |   Vbias exponent (α)   :  1.0000 bohr⁻²   |
  :::::::::: starting static MTD  13 ::::::::::
  |   MD simulation time   :     6.5 ps       |
  |   target T             :   400.0 K        |
  |   timestep dt          :     5.0 fs       |
  |   dump interval(trj)   :   100.0 fs       |
  |   SHAKE algorithm      : true (all bonds) |
  |   Vbias prefactor (k)  :  0.0026 Eh       |
  |   Vbias exponent (α)   :  1.0000 bohr⁻²   |
  :::::::::: starting static MTD   4 ::::::::::
  |   MD simulation time   :     6.5 ps       |
  |   target T             :   400.0 K        |
  |   timestep dt          :     5.0 fs       |
  |   dump interval(trj)   :   100.0 fs       |
  |   SHAKE algorithm      : true (all bonds) |
  |   Vbias prefactor (k)  :  0.0026 Eh       |
  |   Vbias exponent (α)   :  1.0000 bohr⁻²   |
  :::::::::: starting static MTD  12 ::::::::::
  |   MD simulation time   :     6.5 ps       |
  |   target T             :   400.0 K        |
  |   timestep dt          :     5.0 fs       |
  |   dump interval(trj)   :   100.0 fs       |
  |   SHAKE algorithm      : true (all bonds) |
  |   Vbias prefactor (k)  :  0.0026 Eh       |
  |   Vbias exponent (α)   :  1.0000 bohr⁻²   |
  :::::::::: starting static MTD  11 ::::::::::
  |   MD simulation time   :     6.5 ps       |
  |   target T             :   400.0 K        |
  |   timestep dt          :     5.0 fs       |
  |   dump interval(trj)   :   100.0 fs       |
  |   SHAKE algorithm      : true (all bonds) |
  |   Vbias prefactor (k)  :  0.0026 Eh       |
  |   Vbias exponent (α)   :  1.0000 bohr⁻²   |
  :::::::::: starting static MTD   2 ::::::::::
  |   MD simulation time   :     6.5 ps       |
  |   target T             :   400.0 K        |
  |   timestep dt          :     5.0 fs       |
  |   dump interval(trj)   :   100.0 fs       |
  |   SHAKE algorithm      : true (all bonds) |
  |   Vbias prefactor (k)  :  0.0026 Eh       |
  |   Vbias exponent (α)   :  1.0000 bohr⁻²   |
  :::::::::: starting static MTD   3 ::::::::::
  |   MD simulation time   :     6.5 ps       |
  |   target T             :   400.0 K        |
  |   timestep dt          :     5.0 fs       |
  |   dump interval(trj)   :   100.0 fs       |
  |   SHAKE algorithm      : true (all bonds) |
  |   Vbias prefactor (k)  :  0.0026 Eh       |
  |   Vbias exponent (α)   :  1.0000 bohr⁻²   |
  :::::::::: starting static MTD  15 ::::::::::
  |   MD simulation time   :     6.5 ps       |
  |   target T             :   400.0 K        |
  |   timestep dt          :     5.0 fs       |
  |   dump interval(trj)   :   100.0 fs       |
  |   SHAKE algorithm      : true (all bonds) |
  |   Vbias prefactor (k)  :  0.0026 Eh       |
  |   Vbias exponent (α)   :  1.0000 bohr⁻²   |
*sMTD   6 completed successfully ...        1 min, 15.773 sec
  :::::::::: starting static MTD  16 ::::::::::
  |   MD simulation time   :     6.5 ps       |
  |   target T             :   400.0 K        |
  |   timestep dt          :     5.0 fs       |
  |   dump interval(trj)   :   100.0 fs       |
  |   SHAKE algorithm      : true (all bonds) |
  |   Vbias prefactor (k)  :  0.0026 Eh       |
  |   Vbias exponent (α)   :  1.0000 bohr⁻²   |
*sMTD  13 completed successfully ...        1 min, 15.891 sec
  :::::::::: starting static MTD  17 ::::::::::
  |   MD simulation time   :     6.5 ps       |
  |   target T             :   400.0 K        |
  |   timestep dt          :     5.0 fs       |
  |   dump interval(trj)   :   100.0 fs       |
  |   SHAKE algorithm      : true (all bonds) |
  |   Vbias prefactor (k)  :  0.0026 Eh       |
  |   Vbias exponent (α)   :  1.0000 bohr⁻²   |
*sMTD   8 completed successfully ...        1 min, 16.106 sec
  :::::::::: starting static MTD  18 ::::::::::
  |   MD simulation time   :     6.5 ps       |
  |   target T             :   400.0 K        |
  |   timestep dt          :     5.0 fs       |
  |   dump interval(trj)   :   100.0 fs       |
  |   SHAKE algorithm      : true (all bonds) |
  |   Vbias prefactor (k)  :  0.0026 Eh       |
  |   Vbias exponent (α)   :  1.0000 bohr⁻²   |
*sMTD  14 completed successfully ...        1 min, 16.728 sec
  :::::::::: starting static MTD  19 ::::::::::
  |   MD simulation time   :     6.5 ps       |
  |   target T             :   400.0 K        |
  |   timestep dt          :     5.0 fs       |
  |   dump interval(trj)   :   100.0 fs       |
  |   SHAKE algorithm      : true (all bonds) |
  |   Vbias prefactor (k)  :  0.0026 Eh       |
  |   Vbias exponent (α)   :  1.0000 bohr⁻²   |
*sMTD  11 completed successfully ...        1 min, 16.988 sec
  :::::::::: starting static MTD  20 ::::::::::
  |   MD simulation time   :     6.5 ps       |
  |   target T             :   400.0 K        |
  |   timestep dt          :     5.0 fs       |
  |   dump interval(trj)   :   100.0 fs       |
  |   SHAKE algorithm      : true (all bonds) |
  |   Vbias prefactor (k)  :  0.0026 Eh       |
  |   Vbias exponent (α)   :  1.0000 bohr⁻²   |
*sMTD   9 completed successfully ...        1 min, 17.100 sec
  :::::::::: starting static MTD  21 ::::::::::
  |   MD simulation time   :     6.5 ps       |
  |   target T             :   400.0 K        |
  |   timestep dt          :     5.0 fs       |
  |   dump interval(trj)   :   100.0 fs       |
  |   SHAKE algorithm      : true (all bonds) |
  |   Vbias prefactor (k)  :  0.0026 Eh       |
  |   Vbias exponent (α)   :  1.0000 bohr⁻²   |
*sMTD  12 completed successfully ...        1 min, 17.133 sec
  :::::::::: starting static MTD  22 ::::::::::
  |   MD simulation time   :     6.5 ps       |
  |   target T             :   400.0 K        |
  |   timestep dt          :     5.0 fs       |
  |   dump interval(trj)   :   100.0 fs       |
  |   SHAKE algorithm      : true (all bonds) |
  |   Vbias prefactor (k)  :  0.0026 Eh       |
  |   Vbias exponent (α)   :  1.0000 bohr⁻²   |
*sMTD  10 completed successfully ...        1 min, 17.304 sec
  :::::::::: starting static MTD  23 ::::::::::
  |   MD simulation time   :     6.5 ps       |
  |   target T             :   400.0 K        |
  |   timestep dt          :     5.0 fs       |
  |   dump interval(trj)   :   100.0 fs       |
  |   SHAKE algorithm      : true (all bonds) |
  |   Vbias prefactor (k)  :  0.0026 Eh       |
  |   Vbias exponent (α)   :  1.0000 bohr⁻²   |
*sMTD  36 completed successfully ...        1 min, 17.353 sec
  :::::::::: starting static MTD  35 ::::::::::
  |   MD simulation time   :     6.5 ps       |
  |   target T             :   400.0 K        |
  |   timestep dt          :     5.0 fs       |
  |   dump interval(trj)   :   100.0 fs       |
  |   SHAKE algorithm      : true (all bonds) |
  |   Vbias prefactor (k)  :  0.0026 Eh       |
  |   Vbias exponent (α)   :  1.0000 bohr⁻²   |
*sMTD   1 completed successfully ...        1 min, 18.166 sec
  :::::::::: starting static MTD  24 ::::::::::
  |   MD simulation time   :     6.5 ps       |
  |   target T             :   400.0 K        |
  |   timestep dt          :     5.0 fs       |
  |   dump interval(trj)   :   100.0 fs       |
  |   SHAKE algorithm      : true (all bonds) |
  |   Vbias prefactor (k)  :  0.0026 Eh       |
  |   Vbias exponent (α)   :  1.0000 bohr⁻²   |
*sMTD  15 completed successfully ...        1 min, 18.179 sec
  :::::::::: starting static MTD  25 ::::::::::
  |   MD simulation time   :     6.5 ps       |
  |   target T             :   400.0 K        |
  |   timestep dt          :     5.0 fs       |
  |   dump interval(trj)   :   100.0 fs       |
  |   SHAKE algorithm      : true (all bonds) |
  |   Vbias prefactor (k)  :  0.0026 Eh       |
  |   Vbias exponent (α)   :  1.0000 bohr⁻²   |
*sMTD   4 completed successfully ...        1 min, 19.531 sec
  :::::::::: starting static MTD  26 ::::::::::
  |   MD simulation time   :     6.5 ps       |
  |   target T             :   400.0 K        |
  |   timestep dt          :     5.0 fs       |
  |   dump interval(trj)   :   100.0 fs       |
  |   SHAKE algorithm      : true (all bonds) |
  |   Vbias prefactor (k)  :  0.0026 Eh       |
  |   Vbias exponent (α)   :  1.0000 bohr⁻²   |
*sMTD   7 completed successfully ...        1 min, 19.622 sec
  :::::::::: starting static MTD  27 ::::::::::
  |   MD simulation time   :     6.5 ps       |
  |   target T             :   400.0 K        |
  |   timestep dt          :     5.0 fs       |
  |   dump interval(trj)   :   100.0 fs       |
  |   SHAKE algorithm      : true (all bonds) |
  |   Vbias prefactor (k)  :  0.0026 Eh       |
  |   Vbias exponent (α)   :  1.0000 bohr⁻²   |
*sMTD   2 completed successfully ...        1 min, 19.908 sec
  :::::::::: starting static MTD  28 ::::::::::
  |   MD simulation time   :     6.5 ps       |
  |   target T             :   400.0 K        |
  |   timestep dt          :     5.0 fs       |
  |   dump interval(trj)   :   100.0 fs       |
  |   SHAKE algorithm      : true (all bonds) |
  |   Vbias prefactor (k)  :  0.0026 Eh       |
  |   Vbias exponent (α)   :  1.0000 bohr⁻²   |
*sMTD   5 completed successfully ...        1 min, 19.947 sec
  :::::::::: starting static MTD  29 ::::::::::
  |   MD simulation time   :     6.5 ps       |
  |   target T             :   400.0 K        |
  |   timestep dt          :     5.0 fs       |
  |   dump interval(trj)   :   100.0 fs       |
  |   SHAKE algorithm      : true (all bonds) |
  |   Vbias prefactor (k)  :  0.0026 Eh       |
  |   Vbias exponent (α)   :  1.0000 bohr⁻²   |
*sMTD   3 completed successfully ...        1 min, 19.988 sec
  :::::::::: starting static MTD  30 ::::::::::
  |   MD simulation time   :     6.5 ps       |
  |   target T             :   400.0 K        |
  |   timestep dt          :     5.0 fs       |
  |   dump interval(trj)   :   100.0 fs       |
  |   SHAKE algorithm      : true (all bonds) |
  |   Vbias prefactor (k)  :  0.0026 Eh       |
  |   Vbias exponent (α)   :  1.0000 bohr⁻²   |
*sMTD  18 completed successfully ...        1 min, 14.585 sec
  :::::::::: starting static MTD  31 ::::::::::
  |   MD simulation time   :     6.5 ps       |
  |   target T             :   400.0 K        |
  |   timestep dt          :     5.0 fs       |
  |   dump interval(trj)   :   100.0 fs       |
  |   SHAKE algorithm      : true (all bonds) |
  |   Vbias prefactor (k)  :  0.0026 Eh       |
  |   Vbias exponent (α)   :  1.0000 bohr⁻²   |
*sMTD  16 completed successfully ...        1 min, 15.175 sec
  :::::::::: starting static MTD  32 ::::::::::
  |   MD simulation time   :     6.5 ps       |
  |   target T             :   400.0 K        |
  |   timestep dt          :     5.0 fs       |
  |   dump interval(trj)   :   100.0 fs       |
  |   SHAKE algorithm      : true (all bonds) |
  |   Vbias prefactor (k)  :  0.0026 Eh       |
  |   Vbias exponent (α)   :  1.0000 bohr⁻²   |
*sMTD  19 completed successfully ...        1 min, 16.080 sec
  :::::::::: starting static MTD  33 ::::::::::
  |   MD simulation time   :     6.5 ps       |
  |   target T             :   400.0 K        |
  |   timestep dt          :     5.0 fs       |
  |   dump interval(trj)   :   100.0 fs       |
  |   SHAKE algorithm      : true (all bonds) |
  |   Vbias prefactor (k)  :  0.0026 Eh       |
  |   Vbias exponent (α)   :  1.0000 bohr⁻²   |
*sMTD  17 completed successfully ...        1 min, 16.950 sec
  :::::::::: starting static MTD  34 ::::::::::
  |   MD simulation time   :     6.5 ps       |
  |   target T             :   400.0 K        |
  |   timestep dt          :     5.0 fs       |
  |   dump interval(trj)   :   100.0 fs       |
  |   SHAKE algorithm      : true (all bonds) |
  |   Vbias prefactor (k)  :  0.0026 Eh       |
  |   Vbias exponent (α)   :  1.0000 bohr⁻²   |
*sMTD  20 completed successfully ...        1 min, 16.561 sec
*sMTD  35 completed successfully ...        1 min, 16.709 sec
*sMTD  22 completed successfully ...        1 min, 17.120 sec
*sMTD  21 completed successfully ...        1 min, 17.774 sec
*sMTD  24 completed successfully ...        1 min, 16.985 sec
*sMTD  23 completed successfully ...        1 min, 18.149 sec
*sMTD  26 completed successfully ...        1 min, 16.559 sec
*sMTD  25 completed successfully ...        1 min, 18.552 sec
*sMTD  29 completed successfully ...        1 min, 16.984 sec
*sMTD  27 completed successfully ...        1 min, 17.386 sec
*sMTD  30 completed successfully ...        1 min, 17.120 sec
*sMTD  28 completed successfully ...        1 min, 17.462 sec
*sMTD  32 completed successfully ...        0 min, 59.624 sec
*sMTD  31 completed successfully ...        1 min,  0.914 sec
*sMTD  34 completed successfully ...        1 min,  0.244 sec
*sMTD  33 completed successfully ...        1 min,  0.948 sec

 ======================================
 |  Multilevel Ensemble Optimization  |
 ======================================
 Optimizing all 2304 structures from file "crest_rotamers_0.xyz" ...
 ----------------------
 crude pre-optimization
 ----------------------
 Optimization engine: ANCOPT
 Hessian update type: BFGS
 E/G convergence criteria:  0.500E-03 Eh, 0.100E-01 Eh/a0
 maximum optimization steps: 200
 |>0.0% |>7.5% |>15.0% |>22.5% |>30.0% |>37.5% |>45.0% |>52.5% |>60.0% |>67.5% |>75.0% |>82.5% |>90.0% |>97.5% |>100.0%
 done.
> 2304 of 2304 structures successfully optimized (100.0% success)
> Total runtime for 2304 optimizations:
 * wall-time:     0 d,  0 h,  1 min, 21.567 sec
 *  cpu-time:     0 d,  0 h, 21 min, 27.764 sec
 * ratio c/w:    15.788 speedup
> Corresponding to approximately 0.035 sec per processed structure

CREGEN> running RMSDs ... done.
CREGEN> E lowest :   -72.45075
 1960 structures remain within    12.00 kcal/mol window
 ---------------------------------------
 optimization with very tight thresholds
 ---------------------------------------
 Optimization engine: ANCOPT
 Hessian update type: BFGS
 E/G convergence criteria:  0.100E-06 Eh, 0.200E-03 Eh/a0
 maximum optimization steps: 200
 |>0.1% |>7.5% |>15.0% |>22.6% |>30.0% |>37.5% |>45.1% |>52.6% |>60.0% |>67.5% |>75.0% |>82.6% |>90.1% |>97.5% |>100.0%
 done.
> 1522 of 1960 structures successfully optimized (77.7% success)
> Total runtime for 1960 optimizations:
 * wall-time:     0 d,  0 h, 12 min, 18.772 sec
 *  cpu-time:     0 d,  3 h, 15 min, 36.605 sec
 * ratio c/w:    15.887 speedup
> Corresponding to approximately 0.377 sec per processed structure

CREGEN> running RMSDs ... done.
CREGEN> E lowest :   -72.45132
 123 structures remain within     6.00 kcal/mol window
CREGEN> running RMSDs ... done.
CREGEN> E lowest :   -72.45132

 Static MTD simulation iteration 1 finished
 A total of 153 conformers (+ 5.23%) in crest_conformers.xyz
 S(approx.) =    5.287078 cal/molK (dS = 3.03%)
 Convergence w.r.t. conformers: F
 Convergence w.r.t. entropy   : F

     H(298.15K)-H(0) (conf)      0.478760
                   Cp(conf)      2.076132
                    S(conf)      5.285086

********************************************************************************
**                     I T E R A T I O N    C Y C L E      2                  **
********************************************************************************
 -------------------------------------------
 determining bias structures via PCA/k-Means
 -------------------------------------------

 5 structures were selected
 done.

 -----------------------------------------------
 determining MTD seed structures via PCA/k-Means
 -----------------------------------------------

 36 structures were selected
 done.


 ===========================================================
 Static MTDs (umbrella sampling) on 36 selected conformer(s)
 ===========================================================
> Using 5 constant RMSD bias potentials per MTD
  :::::::::: starting static MTD   1 ::::::::::
  |   MD simulation time   :     6.5 ps       |
  |   target T             :   400.0 K        |
  |   timestep dt          :     5.0 fs       |
  |   dump interval(trj)   :   100.0 fs       |
  |   SHAKE algorithm      : true (all bonds) |
  |   Vbias prefactor (k)  :  0.0026 Eh       |
  |   Vbias exponent (α)   :  1.0000 bohr⁻²   |
  :::::::::: starting static MTD  11 ::::::::::
  |   MD simulation time   :     6.5 ps       |
  |   target T             :   400.0 K        |
  |   timestep dt          :     5.0 fs       |
  |   dump interval(trj)   :   100.0 fs       |
  |   SHAKE algorithm      : true (all bonds) |
  |   Vbias prefactor (k)  :  0.0026 Eh       |
  |   Vbias exponent (α)   :  1.0000 bohr⁻²   |
  :::::::::: starting static MTD  10 ::::::::::
  |   MD simulation time   :     6.5 ps       |
  |   target T             :   400.0 K        |
  |   timestep dt          :     5.0 fs       |
  |   dump interval(trj)   :   100.0 fs       |
  |   SHAKE algorithm      : true (all bonds) |
  |   Vbias prefactor (k)  :  0.0026 Eh       |
  |   Vbias exponent (α)   :  1.0000 bohr⁻²   |
  :::::::::: starting static MTD  15 ::::::::::
  |   MD simulation time   :     6.5 ps       |
  |   target T             :   400.0 K        |
  |   timestep dt          :     5.0 fs       |
  |   dump interval(trj)   :   100.0 fs       |
  |   SHAKE algorithm      : true (all bonds) |
  |   Vbias prefactor (k)  :  0.0026 Eh       |
  |   Vbias exponent (α)   :  1.0000 bohr⁻²   |
  :::::::::: starting static MTD   2 ::::::::::
  |   MD simulation time   :     6.5 ps       |
  |   target T             :   400.0 K        |
  |   timestep dt          :     5.0 fs       |
  |   dump interval(trj)   :   100.0 fs       |
  |   SHAKE algorithm      : true (all bonds) |
  |   Vbias prefactor (k)  :  0.0026 Eh       |
  |   Vbias exponent (α)   :  1.0000 bohr⁻²   |
  :::::::::: starting static MTD  36 ::::::::::
  |   MD simulation time   :     6.5 ps       |
  |   target T             :   400.0 K        |
  |   timestep dt          :     5.0 fs       |
  |   dump interval(trj)   :   100.0 fs       |
  |   SHAKE algorithm      : true (all bonds) |
  |   Vbias prefactor (k)  :  0.0026 Eh       |
  |   Vbias exponent (α)   :  1.0000 bohr⁻²   |
  :::::::::: starting static MTD   4 ::::::::::
  |   MD simulation time   :     6.5 ps       |
  |   target T             :   400.0 K        |
  |   timestep dt          :     5.0 fs       |
  |   dump interval(trj)   :   100.0 fs       |
  |   SHAKE algorithm      : true (all bonds) |
  |   Vbias prefactor (k)  :  0.0026 Eh       |
  |   Vbias exponent (α)   :  1.0000 bohr⁻²   |
  :::::::::: starting static MTD   8 ::::::::::
  |   MD simulation time   :     6.5 ps       |
  |   target T             :   400.0 K        |
  |   timestep dt          :     5.0 fs       |
  |   dump interval(trj)   :   100.0 fs       |
  |   SHAKE algorithm      : true (all bonds) |
  |   Vbias prefactor (k)  :  0.0026 Eh       |
  |   Vbias exponent (α)   :  1.0000 bohr⁻²   |
  :::::::::: starting static MTD   3 ::::::::::
  |   MD simulation time   :     6.5 ps       |
  |   target T             :   400.0 K        |
  |   timestep dt          :     5.0 fs       |
  |   dump interval(trj)   :   100.0 fs       |
  |   SHAKE algorithm      : true (all bonds) |
  |   Vbias prefactor (k)  :  0.0026 Eh       |
  |   Vbias exponent (α)   :  1.0000 bohr⁻²   |
  :::::::::: starting static MTD   9 ::::::::::
  |   MD simulation time   :     6.5 ps       |
  |   target T             :   400.0 K        |
  |   timestep dt          :     5.0 fs       |
  |   dump interval(trj)   :   100.0 fs       |
  |   SHAKE algorithm      : true (all bonds) |
  |   Vbias prefactor (k)  :  0.0026 Eh       |
  |   Vbias exponent (α)   :  1.0000 bohr⁻²   |
  :::::::::: starting static MTD   5 ::::::::::
  |   MD simulation time   :     6.5 ps       |
  |   target T             :   400.0 K        |
  |   timestep dt          :     5.0 fs       |
  |   dump interval(trj)   :   100.0 fs       |
  |   SHAKE algorithm      : true (all bonds) |
  |   Vbias prefactor (k)  :  0.0026 Eh       |
  |   Vbias exponent (α)   :  1.0000 bohr⁻²   |
  :::::::::: starting static MTD  13 ::::::::::
  |   MD simulation time   :     6.5 ps       |
  |   target T             :   400.0 K        |
  |   timestep dt          :     5.0 fs       |
  |   dump interval(trj)   :   100.0 fs       |
  |   SHAKE algorithm      : true (all bonds) |
  |   Vbias prefactor (k)  :  0.0026 Eh       |
  |   Vbias exponent (α)   :  1.0000 bohr⁻²   |
  :::::::::: starting static MTD  12 ::::::::::
  |   MD simulation time   :     6.5 ps       |
  |   target T             :   400.0 K        |
  |   timestep dt          :     5.0 fs       |
  |   dump interval(trj)   :   100.0 fs       |
  |   SHAKE algorithm      : true (all bonds) |
  |   Vbias prefactor (k)  :  0.0026 Eh       |
  |   Vbias exponent (α)   :  1.0000 bohr⁻²   |
  :::::::::: starting static MTD   7 ::::::::::
  |   MD simulation time   :     6.5 ps       |
  |   target T             :   400.0 K        |
  |   timestep dt          :     5.0 fs       |
  |   dump interval(trj)   :   100.0 fs       |
  |   SHAKE algorithm      : true (all bonds) |
  |   Vbias prefactor (k)  :  0.0026 Eh       |
  |   Vbias exponent (α)   :  1.0000 bohr⁻²   |
  :::::::::: starting static MTD   6 ::::::::::
  |   MD simulation time   :     6.5 ps       |
  |   target T             :   400.0 K        |
  |   timestep dt          :     5.0 fs       |
  |   dump interval(trj)   :   100.0 fs       |
  |   SHAKE algorithm      : true (all bonds) |
  |   Vbias prefactor (k)  :  0.0026 Eh       |
  |   Vbias exponent (α)   :  1.0000 bohr⁻²   |
  :::::::::: starting static MTD  14 ::::::::::
  |   MD simulation time   :     6.5 ps       |
  |   target T             :   400.0 K        |
  |   timestep dt          :     5.0 fs       |
  |   dump interval(trj)   :   100.0 fs       |
  |   SHAKE algorithm      : true (all bonds) |
  |   Vbias prefactor (k)  :  0.0026 Eh       |
  |   Vbias exponent (α)   :  1.0000 bohr⁻²   |
*sMTD   8 completed successfully ...        1 min, 15.088 sec
  :::::::::: starting static MTD  16 ::::::::::
  |   MD simulation time   :     6.5 ps       |
  |   target T             :   400.0 K        |
  |   timestep dt          :     5.0 fs       |
  |   dump interval(trj)   :   100.0 fs       |
  |   SHAKE algorithm      : true (all bonds) |
  |   Vbias prefactor (k)  :  0.0026 Eh       |
  |   Vbias exponent (α)   :  1.0000 bohr⁻²   |
*sMTD  36 completed successfully ...        1 min, 15.695 sec
  :::::::::: starting static MTD  35 ::::::::::
  |   MD simulation time   :     6.5 ps       |
  |   target T             :   400.0 K        |
  |   timestep dt          :     5.0 fs       |
  |   dump interval(trj)   :   100.0 fs       |
  |   SHAKE algorithm      : true (all bonds) |
  |   Vbias prefactor (k)  :  0.0026 Eh       |
  |   Vbias exponent (α)   :  1.0000 bohr⁻²   |
*sMTD  15 completed successfully ...        1 min, 16.205 sec
  :::::::::: starting static MTD  17 ::::::::::
  |   MD simulation time   :     6.5 ps       |
  |   target T             :   400.0 K        |
  |   timestep dt          :     5.0 fs       |
  |   dump interval(trj)   :   100.0 fs       |
  |   SHAKE algorithm      : true (all bonds) |
  |   Vbias prefactor (k)  :  0.0026 Eh       |
  |   Vbias exponent (α)   :  1.0000 bohr⁻²   |
*sMTD  11 completed successfully ...        1 min, 17.021 sec
  :::::::::: starting static MTD  18 ::::::::::
  |   MD simulation time   :     6.5 ps       |
  |   target T             :   400.0 K        |
  |   timestep dt          :     5.0 fs       |
  |   dump interval(trj)   :   100.0 fs       |
  |   SHAKE algorithm      : true (all bonds) |
  |   Vbias prefactor (k)  :  0.0026 Eh       |
  |   Vbias exponent (α)   :  1.0000 bohr⁻²   |
*sMTD   4 completed successfully ...        1 min, 17.154 sec
  :::::::::: starting static MTD  19 ::::::::::
  |   MD simulation time   :     6.5 ps       |
  |   target T             :   400.0 K        |
  |   timestep dt          :     5.0 fs       |
  |   dump interval(trj)   :   100.0 fs       |
  |   SHAKE algorithm      : true (all bonds) |
  |   Vbias prefactor (k)  :  0.0026 Eh       |
  |   Vbias exponent (α)   :  1.0000 bohr⁻²   |
*sMTD  12 completed successfully ...        1 min, 17.267 sec
  :::::::::: starting static MTD  20 ::::::::::
  |   MD simulation time   :     6.5 ps       |
  |   target T             :   400.0 K        |
  |   timestep dt          :     5.0 fs       |
  |   dump interval(trj)   :   100.0 fs       |
  |   SHAKE algorithm      : true (all bonds) |
  |   Vbias prefactor (k)  :  0.0026 Eh       |
  |   Vbias exponent (α)   :  1.0000 bohr⁻²   |
*sMTD   2 completed successfully ...        1 min, 17.718 sec
  :::::::::: starting static MTD  21 ::::::::::
  |   MD simulation time   :     6.5 ps       |
  |   target T             :   400.0 K        |
  |   timestep dt          :     5.0 fs       |
  |   dump interval(trj)   :   100.0 fs       |
  |   SHAKE algorithm      : true (all bonds) |
  |   Vbias prefactor (k)  :  0.0026 Eh       |
  |   Vbias exponent (α)   :  1.0000 bohr⁻²   |
*sMTD   1 completed successfully ...        1 min, 17.771 sec
  :::::::::: starting static MTD  22 ::::::::::
  |   MD simulation time   :     6.5 ps       |
  |   target T             :   400.0 K        |
  |   timestep dt          :     5.0 fs       |
  |   dump interval(trj)   :   100.0 fs       |
  |   SHAKE algorithm      : true (all bonds) |
  |   Vbias prefactor (k)  :  0.0026 Eh       |
  |   Vbias exponent (α)   :  1.0000 bohr⁻²   |
*sMTD  10 completed successfully ...        1 min, 17.866 sec
  :::::::::: starting static MTD  23 ::::::::::
  |   MD simulation time   :     6.5 ps       |
  |   target T             :   400.0 K        |
  |   timestep dt          :     5.0 fs       |
  |   dump interval(trj)   :   100.0 fs       |
  |   SHAKE algorithm      : true (all bonds) |
  |   Vbias prefactor (k)  :  0.0026 Eh       |
  |   Vbias exponent (α)   :  1.0000 bohr⁻²   |
*sMTD   9 completed successfully ...        1 min, 18.095 sec
  :::::::::: starting static MTD  24 ::::::::::
  |   MD simulation time   :     6.5 ps       |
  |   target T             :   400.0 K        |
  |   timestep dt          :     5.0 fs       |
  |   dump interval(trj)   :   100.0 fs       |
  |   SHAKE algorithm      : true (all bonds) |
  |   Vbias prefactor (k)  :  0.0026 Eh       |
  |   Vbias exponent (α)   :  1.0000 bohr⁻²   |
*sMTD  14 completed successfully ...        1 min, 18.245 sec
  :::::::::: starting static MTD  25 ::::::::::
  |   MD simulation time   :     6.5 ps       |
  |   target T             :   400.0 K        |
  |   timestep dt          :     5.0 fs       |
  |   dump interval(trj)   :   100.0 fs       |
  |   SHAKE algorithm      : true (all bonds) |
  |   Vbias prefactor (k)  :  0.0026 Eh       |
  |   Vbias exponent (α)   :  1.0000 bohr⁻²   |
*sMTD   5 completed successfully ...        1 min, 18.266 sec
  :::::::::: starting static MTD  26 ::::::::::
  |   MD simulation time   :     6.5 ps       |
  |   target T             :   400.0 K        |
  |   timestep dt          :     5.0 fs       |
  |   dump interval(trj)   :   100.0 fs       |
  |   SHAKE algorithm      : true (all bonds) |
  |   Vbias prefactor (k)  :  0.0026 Eh       |
  |   Vbias exponent (α)   :  1.0000 bohr⁻²   |
*sMTD   7 completed successfully ...        1 min, 19.004 sec
  :::::::::: starting static MTD  27 ::::::::::
  |   MD simulation time   :     6.5 ps       |
  |   target T             :   400.0 K        |
  |   timestep dt          :     5.0 fs       |
  |   dump interval(trj)   :   100.0 fs       |
  |   SHAKE algorithm      : true (all bonds) |
  |   Vbias prefactor (k)  :  0.0026 Eh       |
  |   Vbias exponent (α)   :  1.0000 bohr⁻²   |
*sMTD   3 completed successfully ...        1 min, 19.115 sec
  :::::::::: starting static MTD  28 ::::::::::
  |   MD simulation time   :     6.5 ps       |
  |   target T             :   400.0 K        |
  |   timestep dt          :     5.0 fs       |
  |   dump interval(trj)   :   100.0 fs       |
  |   SHAKE algorithm      : true (all bonds) |
  |   Vbias prefactor (k)  :  0.0026 Eh       |
  |   Vbias exponent (α)   :  1.0000 bohr⁻²   |
*sMTD   6 completed successfully ...        1 min, 19.497 sec
  :::::::::: starting static MTD  29 ::::::::::
  |   MD simulation time   :     6.5 ps       |
  |   target T             :   400.0 K        |
  |   timestep dt          :     5.0 fs       |
  |   dump interval(trj)   :   100.0 fs       |
  |   SHAKE algorithm      : true (all bonds) |
  |   Vbias prefactor (k)  :  0.0026 Eh       |
  |   Vbias exponent (α)   :  1.0000 bohr⁻²   |
*sMTD  13 completed successfully ...        1 min, 20.443 sec
  :::::::::: starting static MTD  30 ::::::::::
  |   MD simulation time   :     6.5 ps       |
  |   target T             :   400.0 K        |
  |   timestep dt          :     5.0 fs       |
  |   dump interval(trj)   :   100.0 fs       |
  |   SHAKE algorithm      : true (all bonds) |
  |   Vbias prefactor (k)  :  0.0026 Eh       |
  |   Vbias exponent (α)   :  1.0000 bohr⁻²   |
*sMTD  17 completed successfully ...        1 min, 13.731 sec
  :::::::::: starting static MTD  31 ::::::::::
  |   MD simulation time   :     6.5 ps       |
  |   target T             :   400.0 K        |
  |   timestep dt          :     5.0 fs       |
  |   dump interval(trj)   :   100.0 fs       |
  |   SHAKE algorithm      : true (all bonds) |
  |   Vbias prefactor (k)  :  0.0026 Eh       |
  |   Vbias exponent (α)   :  1.0000 bohr⁻²   |
*sMTD  18 completed successfully ...        1 min, 14.506 sec
  :::::::::: starting static MTD  32 ::::::::::
  |   MD simulation time   :     6.5 ps       |
  |   target T             :   400.0 K        |
  |   timestep dt          :     5.0 fs       |
  |   dump interval(trj)   :   100.0 fs       |
  |   SHAKE algorithm      : true (all bonds) |
  |   Vbias prefactor (k)  :  0.0026 Eh       |
  |   Vbias exponent (α)   :  1.0000 bohr⁻²   |
*sMTD  20 completed successfully ...        1 min, 15.697 sec
  :::::::::: starting static MTD  33 ::::::::::
  |   MD simulation time   :     6.5 ps       |
  |   target T             :   400.0 K        |
  |   timestep dt          :     5.0 fs       |
  |   dump interval(trj)   :   100.0 fs       |
  |   SHAKE algorithm      : true (all bonds) |
  |   Vbias prefactor (k)  :  0.0026 Eh       |
  |   Vbias exponent (α)   :  1.0000 bohr⁻²   |
*sMTD  16 completed successfully ...        1 min, 18.060 sec
  :::::::::: starting static MTD  34 ::::::::::
  |   MD simulation time   :     6.5 ps       |
  |   target T             :   400.0 K        |
  |   timestep dt          :     5.0 fs       |
  |   dump interval(trj)   :   100.0 fs       |
  |   SHAKE algorithm      : true (all bonds) |
  |   Vbias prefactor (k)  :  0.0026 Eh       |
  |   Vbias exponent (α)   :  1.0000 bohr⁻²   |
*sMTD  21 completed successfully ...        1 min, 15.912 sec
*sMTD  26 completed successfully ...        1 min, 15.944 sec
*sMTD  22 completed successfully ...        1 min, 16.770 sec
*sMTD  24 completed successfully ...        1 min, 17.135 sec
*sMTD  23 completed successfully ...        1 min, 17.399 sec
*sMTD  28 completed successfully ...        1 min, 16.279 sec
*sMTD  25 completed successfully ...        1 min, 17.153 sec
*sMTD  35 completed successfully ...        1 min, 19.756 sec
*sMTD  19 completed successfully ...        1 min, 18.536 sec
*sMTD  27 completed successfully ...        1 min, 16.892 sec
*sMTD  29 completed successfully ...        1 min, 17.978 sec
*sMTD  30 completed successfully ...        1 min, 17.982 sec
*sMTD  31 completed successfully ...        1 min,  0.609 sec
*sMTD  32 completed successfully ...        0 min, 59.449 sec
*sMTD  34 completed successfully ...        0 min, 58.966 sec
*sMTD  33 completed successfully ...        1 min,  0.831 sec

 ======================================
 |  Multilevel Ensemble Optimization  |
 ======================================
 Optimizing all 2304 structures from file "crest_rotamers_0.xyz" ...
 ----------------------
 crude pre-optimization
 ----------------------
 Optimization engine: ANCOPT
 Hessian update type: BFGS
 E/G convergence criteria:  0.500E-03 Eh, 0.100E-01 Eh/a0
 maximum optimization steps: 200
 |>0.0% |>7.5% |>15.0% |>22.5% |>30.0% |>37.5% |>45.0% |>52.5% |>60.0% |>67.5% |>75.0% |>82.5% |>90.0% |>97.5% |>100.0%
 done.
> 2304 of 2304 structures successfully optimized (100.0% success)
> Total runtime for 2304 optimizations:
 * wall-time:     0 d,  0 h,  1 min, 25.642 sec
 *  cpu-time:     0 d,  0 h, 22 min, 32.452 sec
 * ratio c/w:    15.792 speedup
> Corresponding to approximately 0.037 sec per processed structure

CREGEN> running RMSDs ... done.
CREGEN> E lowest :   -72.45077
 2004 structures remain within    12.00 kcal/mol window
 ---------------------------------------
 optimization with very tight thresholds
 ---------------------------------------
 Optimization engine: ANCOPT
 Hessian update type: BFGS
 E/G convergence criteria:  0.100E-06 Eh, 0.200E-03 Eh/a0
 maximum optimization steps: 200
 |>0.0% |>7.5% |>15.0% |>22.5% |>30.0% |>37.5% |>45.0% |>52.5% |>60.0% |>67.5% |>75.0% |>82.5% |>90.0% |>97.5% |>100.0%
 done.
> 1545 of 2004 structures successfully optimized (77.1% success)
> Total runtime for 2004 optimizations:
 * wall-time:     0 d,  0 h, 13 min, 10.993 sec
 *  cpu-time:     0 d,  3 h, 29 min, 31.455 sec
 * ratio c/w:    15.893 speedup
> Corresponding to approximately 0.395 sec per processed structure

CREGEN> running RMSDs ... done.
CREGEN> E lowest :   -72.45132
 133 structures remain within     6.00 kcal/mol window
CREGEN> running RMSDs ... done.
CREGEN> E lowest :   -72.45132

 Static MTD simulation iteration 2 finished
 A total of 157 conformers (+ 2.55%) in crest_conformers.xyz
 S(approx.) =    5.383746 cal/molK (dS = 1.80%)
 Convergence w.r.t. conformers: F
 Convergence w.r.t. entropy   : F

     H(298.15K)-H(0) (conf)      0.439767
                   Cp(conf)      1.909612
                    S(conf)      5.381816

********************************************************************************
**                     I T E R A T I O N    C Y C L E      3                  **
********************************************************************************
 -------------------------------------------
 determining bias structures via PCA/k-Means
 -------------------------------------------

 6 structures were selected
 done.

 -----------------------------------------------
 determining MTD seed structures via PCA/k-Means
 -----------------------------------------------

 36 structures were selected
 done.


 ===========================================================
 Static MTDs (umbrella sampling) on 36 selected conformer(s)
 ===========================================================
> Using 6 constant RMSD bias potentials per MTD
  :::::::::: starting static MTD   1 ::::::::::
  |   MD simulation time   :     6.5 ps       |
  |   target T             :   400.0 K        |
  |   timestep dt          :     5.0 fs       |
  |   dump interval(trj)   :   100.0 fs       |
  |   SHAKE algorithm      : true (all bonds) |
  |   Vbias prefactor (k)  :  0.0026 Eh       |
  |   Vbias exponent (α)   :  1.0000 bohr⁻²   |
  :::::::::: starting static MTD   6 ::::::::::
  |   MD simulation time   :     6.5 ps       |
  |   target T             :   400.0 K        |
  |   timestep dt          :     5.0 fs       |
  |   dump interval(trj)   :   100.0 fs       |
  |   SHAKE algorithm      : true (all bonds) |
  |   Vbias prefactor (k)  :  0.0026 Eh       |
  |   Vbias exponent (α)   :  1.0000 bohr⁻²   |
  :::::::::: starting static MTD  10 ::::::::::
  |   MD simulation time   :     6.5 ps       |
  |   target T             :   400.0 K        |
  |   timestep dt          :     5.0 fs       |
  |   dump interval(trj)   :   100.0 fs       |
  |   SHAKE algorithm      : true (all bonds) |
  |   Vbias prefactor (k)  :  0.0026 Eh       |
  |   Vbias exponent (α)   :  1.0000 bohr⁻²   |
  :::::::::: starting static MTD  14 ::::::::::
  |   MD simulation time   :     6.5 ps       |
  |   target T             :   400.0 K        |
  |   timestep dt          :     5.0 fs       |
  |   dump interval(trj)   :   100.0 fs       |
  |   SHAKE algorithm      : true (all bonds) |
  |   Vbias prefactor (k)  :  0.0026 Eh       |
  |   Vbias exponent (α)   :  1.0000 bohr⁻²   |
  :::::::::: starting static MTD   4 ::::::::::
  |   MD simulation time   :     6.5 ps       |
  |   target T             :   400.0 K        |
  |   timestep dt          :     5.0 fs       |
  |   dump interval(trj)   :   100.0 fs       |
  |   SHAKE algorithm      : true (all bonds) |
  |   Vbias prefactor (k)  :  0.0026 Eh       |
  |   Vbias exponent (α)   :  1.0000 bohr⁻²   |
  :::::::::: starting static MTD  36 ::::::::::
  |   MD simulation time   :     6.5 ps       |
  |   target T             :   400.0 K        |
  |   timestep dt          :     5.0 fs       |
  |   dump interval(trj)   :   100.0 fs       |
  |   SHAKE algorithm      : true (all bonds) |
  |   Vbias prefactor (k)  :  0.0026 Eh       |
  |   Vbias exponent (α)   :  1.0000 bohr⁻²   |
  :::::::::: starting static MTD   9 ::::::::::
  |   MD simulation time   :     6.5 ps       |
  |   target T             :   400.0 K        |
  |   timestep dt          :     5.0 fs       |
  |   dump interval(trj)   :   100.0 fs       |
  |   SHAKE algorithm      : true (all bonds) |
  |   Vbias prefactor (k)  :  0.0026 Eh       |
  |   Vbias exponent (α)   :  1.0000 bohr⁻²   |
  :::::::::: starting static MTD  13 ::::::::::
  |   MD simulation time   :     6.5 ps       |
  |   target T             :   400.0 K        |
  |   timestep dt          :     5.0 fs       |
  |   dump interval(trj)   :   100.0 fs       |
  |   SHAKE algorithm      : true (all bonds) |
  |   Vbias prefactor (k)  :  0.0026 Eh       |
  |   Vbias exponent (α)   :  1.0000 bohr⁻²   |
  :::::::::: starting static MTD  11 ::::::::::
  |   MD simulation time   :     6.5 ps       |
  |   target T             :   400.0 K        |
  |   timestep dt          :     5.0 fs       |
  |   dump interval(trj)   :   100.0 fs       |
  |   SHAKE algorithm      : true (all bonds) |
  |   Vbias prefactor (k)  :  0.0026 Eh       |
  |   Vbias exponent (α)   :  1.0000 bohr⁻²   |
  :::::::::: starting static MTD  12 ::::::::::
  |   MD simulation time   :     6.5 ps       |
  |   target T             :   400.0 K        |
  |   timestep dt          :     5.0 fs       |
  |   dump interval(trj)   :   100.0 fs       |
  |   SHAKE algorithm      : true (all bonds) |
  |   Vbias prefactor (k)  :  0.0026 Eh       |
  |   Vbias exponent (α)   :  1.0000 bohr⁻²   |
  :::::::::: starting static MTD   5 ::::::::::
  |   MD simulation time   :     6.5 ps       |
  |   target T             :   400.0 K        |
  |   timestep dt          :     5.0 fs       |
  |   dump interval(trj)   :   100.0 fs       |
  |   SHAKE algorithm      : true (all bonds) |
  |   Vbias prefactor (k)  :  0.0026 Eh       |
  |   Vbias exponent (α)   :  1.0000 bohr⁻²   |
  :::::::::: starting static MTD  15 ::::::::::
  |   MD simulation time   :     6.5 ps       |
  |   target T             :   400.0 K        |
  |   timestep dt          :     5.0 fs       |
  |   dump interval(trj)   :   100.0 fs       |
  |   SHAKE algorithm      : true (all bonds) |
  |   Vbias prefactor (k)  :  0.0026 Eh       |
  |   Vbias exponent (α)   :  1.0000 bohr⁻²   |
  :::::::::: starting static MTD   8 ::::::::::
  |   MD simulation time   :     6.5 ps       |
  |   target T             :   400.0 K        |
  |   timestep dt          :     5.0 fs       |
  |   dump interval(trj)   :   100.0 fs       |
  |   SHAKE algorithm      : true (all bonds) |
  |   Vbias prefactor (k)  :  0.0026 Eh       |
  |   Vbias exponent (α)   :  1.0000 bohr⁻²   |
  :::::::::: starting static MTD   2 ::::::::::
  |   MD simulation time   :     6.5 ps       |
  |   target T             :   400.0 K        |
  |   timestep dt          :     5.0 fs       |
  |   dump interval(trj)   :   100.0 fs       |
  |   SHAKE algorithm      : true (all bonds) |
  |   Vbias prefactor (k)  :  0.0026 Eh       |
  |   Vbias exponent (α)   :  1.0000 bohr⁻²   |
  :::::::::: starting static MTD   3 ::::::::::
  |   MD simulation time   :     6.5 ps       |
  |   target T             :   400.0 K        |
  |   timestep dt          :     5.0 fs       |
  |   dump interval(trj)   :   100.0 fs       |
  |   SHAKE algorithm      : true (all bonds) |
  |   Vbias prefactor (k)  :  0.0026 Eh       |
  |   Vbias exponent (α)   :  1.0000 bohr⁻²   |
  :::::::::: starting static MTD   7 ::::::::::
  |   MD simulation time   :     6.5 ps       |
  |   target T             :   400.0 K        |
  |   timestep dt          :     5.0 fs       |
  |   dump interval(trj)   :   100.0 fs       |
  |   SHAKE algorithm      : true (all bonds) |
  |   Vbias prefactor (k)  :  0.0026 Eh       |
  |   Vbias exponent (α)   :  1.0000 bohr⁻²   |
*sMTD  10 completed successfully ...        1 min, 15.410 sec
  :::::::::: starting static MTD  16 ::::::::::
  |   MD simulation time   :     6.5 ps       |
  |   target T             :   400.0 K        |
  |   timestep dt          :     5.0 fs       |
  |   dump interval(trj)   :   100.0 fs       |
  |   SHAKE algorithm      : true (all bonds) |
  |   Vbias prefactor (k)  :  0.0026 Eh       |
  |   Vbias exponent (α)   :  1.0000 bohr⁻²   |
*sMTD   9 completed successfully ...        1 min, 16.089 sec
  :::::::::: starting static MTD  17 ::::::::::
  |   MD simulation time   :     6.5 ps       |
  |   target T             :   400.0 K        |
  |   timestep dt          :     5.0 fs       |
  |   dump interval(trj)   :   100.0 fs       |
  |   SHAKE algorithm      : true (all bonds) |
  |   Vbias prefactor (k)  :  0.0026 Eh       |
  |   Vbias exponent (α)   :  1.0000 bohr⁻²   |
*sMTD   4 completed successfully ...        1 min, 16.190 sec
  :::::::::: starting static MTD  18 ::::::::::
  |   MD simulation time   :     6.5 ps       |
  |   target T             :   400.0 K        |
  |   timestep dt          :     5.0 fs       |
  |   dump interval(trj)   :   100.0 fs       |
  |   SHAKE algorithm      : true (all bonds) |
  |   Vbias prefactor (k)  :  0.0026 Eh       |
  |   Vbias exponent (α)   :  1.0000 bohr⁻²   |
*sMTD  15 completed successfully ...        1 min, 16.450 sec
  :::::::::: starting static MTD  19 ::::::::::
  |   MD simulation time   :     6.5 ps       |
  |   target T             :   400.0 K        |
  |   timestep dt          :     5.0 fs       |
  |   dump interval(trj)   :   100.0 fs       |
  |   SHAKE algorithm      : true (all bonds) |
  |   Vbias prefactor (k)  :  0.0026 Eh       |
  |   Vbias exponent (α)   :  1.0000 bohr⁻²   |
*sMTD   1 completed successfully ...        1 min, 16.736 sec
  :::::::::: starting static MTD  20 ::::::::::
  |   MD simulation time   :     6.5 ps       |
  |   target T             :   400.0 K        |
  |   timestep dt          :     5.0 fs       |
  |   dump interval(trj)   :   100.0 fs       |
  |   SHAKE algorithm      : true (all bonds) |
  |   Vbias prefactor (k)  :  0.0026 Eh       |
  |   Vbias exponent (α)   :  1.0000 bohr⁻²   |
*sMTD   7 completed successfully ...        1 min, 17.128 sec
  :::::::::: starting static MTD  21 ::::::::::
  |   MD simulation time   :     6.5 ps       |
  |   target T             :   400.0 K        |
  |   timestep dt          :     5.0 fs       |
  |   dump interval(trj)   :   100.0 fs       |
  |   SHAKE algorithm      : true (all bonds) |
  |   Vbias prefactor (k)  :  0.0026 Eh       |
  |   Vbias exponent (α)   :  1.0000 bohr⁻²   |
*sMTD  11 completed successfully ...        1 min, 17.150 sec
  :::::::::: starting static MTD  22 ::::::::::
  |   MD simulation time   :     6.5 ps       |
  |   target T             :   400.0 K        |
  |   timestep dt          :     5.0 fs       |
  |   dump interval(trj)   :   100.0 fs       |
  |   SHAKE algorithm      : true (all bonds) |
  |   Vbias prefactor (k)  :  0.0026 Eh       |
  |   Vbias exponent (α)   :  1.0000 bohr⁻²   |
*sMTD  14 completed successfully ...        1 min, 17.171 sec
  :::::::::: starting static MTD  23 ::::::::::
  |   MD simulation time   :     6.5 ps       |
  |   target T             :   400.0 K        |
  |   timestep dt          :     5.0 fs       |
  |   dump interval(trj)   :   100.0 fs       |
  |   SHAKE algorithm      : true (all bonds) |
  |   Vbias prefactor (k)  :  0.0026 Eh       |
  |   Vbias exponent (α)   :  1.0000 bohr⁻²   |
*sMTD   8 completed successfully ...        1 min, 18.162 sec
  :::::::::: starting static MTD  24 ::::::::::
  |   MD simulation time   :     6.5 ps       |
  |   target T             :   400.0 K        |
  |   timestep dt          :     5.0 fs       |
  |   dump interval(trj)   :   100.0 fs       |
  |   SHAKE algorithm      : true (all bonds) |
  |   Vbias prefactor (k)  :  0.0026 Eh       |
  |   Vbias exponent (α)   :  1.0000 bohr⁻²   |
*sMTD  13 completed successfully ...        1 min, 18.478 sec
  :::::::::: starting static MTD  25 ::::::::::
  |   MD simulation time   :     6.5 ps       |
  |   target T             :   400.0 K        |
  |   timestep dt          :     5.0 fs       |
  |   dump interval(trj)   :   100.0 fs       |
  |   SHAKE algorithm      : true (all bonds) |
  |   Vbias prefactor (k)  :  0.0026 Eh       |
  |   Vbias exponent (α)   :  1.0000 bohr⁻²   |
*sMTD   6 completed successfully ...        1 min, 18.555 sec
  :::::::::: starting static MTD  26 ::::::::::
  |   MD simulation time   :     6.5 ps       |
  |   target T             :   400.0 K        |
  |   timestep dt          :     5.0 fs       |
  |   dump interval(trj)   :   100.0 fs       |
  |   SHAKE algorithm      : true (all bonds) |
  |   Vbias prefactor (k)  :  0.0026 Eh       |
  |   Vbias exponent (α)   :  1.0000 bohr⁻²   |
*sMTD  36 completed successfully ...        1 min, 18.604 sec
  :::::::::: starting static MTD  35 ::::::::::
  |   MD simulation time   :     6.5 ps       |
  |   target T             :   400.0 K        |
  |   timestep dt          :     5.0 fs       |
  |   dump interval(trj)   :   100.0 fs       |
  |   SHAKE algorithm      : true (all bonds) |
  |   Vbias prefactor (k)  :  0.0026 Eh       |
  |   Vbias exponent (α)   :  1.0000 bohr⁻²   |
*sMTD  12 completed successfully ...        1 min, 18.717 sec
  :::::::::: starting static MTD  27 ::::::::::
  |   MD simulation time   :     6.5 ps       |
  |   target T             :   400.0 K        |
  |   timestep dt          :     5.0 fs       |
  |   dump interval(trj)   :   100.0 fs       |
  |   SHAKE algorithm      : true (all bonds) |
  |   Vbias prefactor (k)  :  0.0026 Eh       |
  |   Vbias exponent (α)   :  1.0000 bohr⁻²   |
*sMTD   2 completed successfully ...        1 min, 18.963 sec
  :::::::::: starting static MTD  28 ::::::::::
  |   MD simulation time   :     6.5 ps       |
  |   target T             :   400.0 K        |
  |   timestep dt          :     5.0 fs       |
  |   dump interval(trj)   :   100.0 fs       |
  |   SHAKE algorithm      : true (all bonds) |
  |   Vbias prefactor (k)  :  0.0026 Eh       |
  |   Vbias exponent (α)   :  1.0000 bohr⁻²   |
*sMTD   5 completed successfully ...        1 min, 19.342 sec
  :::::::::: starting static MTD  29 ::::::::::
  |   MD simulation time   :     6.5 ps       |
  |   target T             :   400.0 K        |
  |   timestep dt          :     5.0 fs       |
  |   dump interval(trj)   :   100.0 fs       |
  |   SHAKE algorithm      : true (all bonds) |
  |   Vbias prefactor (k)  :  0.0026 Eh       |
  |   Vbias exponent (α)   :  1.0000 bohr⁻²   |
*sMTD   3 completed successfully ...        1 min, 19.539 sec
  :::::::::: starting static MTD  30 ::::::::::
  |   MD simulation time   :     6.5 ps       |
  |   target T             :   400.0 K        |
  |   timestep dt          :     5.0 fs       |
  |   dump interval(trj)   :   100.0 fs       |
  |   SHAKE algorithm      : true (all bonds) |
  |   Vbias prefactor (k)  :  0.0026 Eh       |
  |   Vbias exponent (α)   :  1.0000 bohr⁻²   |
*sMTD  16 completed successfully ...        1 min, 17.731 sec
  :::::::::: starting static MTD  31 ::::::::::
  |   MD simulation time   :     6.5 ps       |
  |   target T             :   400.0 K        |
  |   timestep dt          :     5.0 fs       |
  |   dump interval(trj)   :   100.0 fs       |
  |   SHAKE algorithm      : true (all bonds) |
  |   Vbias prefactor (k)  :  0.0026 Eh       |
  |   Vbias exponent (α)   :  1.0000 bohr⁻²   |
*sMTD  18 completed successfully ...        1 min, 17.306 sec
  :::::::::: starting static MTD  32 ::::::::::
  |   MD simulation time   :     6.5 ps       |
  |   target T             :   400.0 K        |
  |   timestep dt          :     5.0 fs       |
  |   dump interval(trj)   :   100.0 fs       |
  |   SHAKE algorithm      : true (all bonds) |
  |   Vbias prefactor (k)  :  0.0026 Eh       |
  |   Vbias exponent (α)   :  1.0000 bohr⁻²   |
*sMTD  20 completed successfully ...        1 min, 17.081 sec
  :::::::::: starting static MTD  33 ::::::::::
  |   MD simulation time   :     6.5 ps       |
  |   target T             :   400.0 K        |
  |   timestep dt          :     5.0 fs       |
  |   dump interval(trj)   :   100.0 fs       |
  |   SHAKE algorithm      : true (all bonds) |
  |   Vbias prefactor (k)  :  0.0026 Eh       |
  |   Vbias exponent (α)   :  1.0000 bohr⁻²   |
*sMTD  17 completed successfully ...        1 min, 17.871 sec
  :::::::::: starting static MTD  34 ::::::::::
  |   MD simulation time   :     6.5 ps       |
  |   target T             :   400.0 K        |
  |   timestep dt          :     5.0 fs       |
  |   dump interval(trj)   :   100.0 fs       |
  |   SHAKE algorithm      : true (all bonds) |
  |   Vbias prefactor (k)  :  0.0026 Eh       |
  |   Vbias exponent (α)   :  1.0000 bohr⁻²   |
*sMTD  35 completed successfully ...        1 min, 15.415 sec
*sMTD  22 completed successfully ...        1 min, 17.155 sec
*sMTD  26 completed successfully ...        1 min, 16.156 sec
*sMTD  28 completed successfully ...        1 min, 15.776 sec
*sMTD  23 completed successfully ...        1 min, 17.969 sec
*sMTD  19 completed successfully ...        1 min, 18.728 sec
*sMTD  21 completed successfully ...        1 min, 18.229 sec
*sMTD  25 completed successfully ...        1 min, 16.976 sec
*sMTD  29 completed successfully ...        1 min, 16.887 sec
*sMTD  24 completed successfully ...        1 min, 18.228 sec
*sMTD  30 completed successfully ...        1 min, 17.036 sec
*sMTD  27 completed successfully ...        1 min, 19.608 sec
*sMTD  33 completed successfully ...        1 min,  0.022 sec
*sMTD  32 completed successfully ...        1 min,  0.564 sec
*sMTD  34 completed successfully ...        1 min,  0.287 sec
*sMTD  31 completed successfully ...        1 min,  1.254 sec

 ======================================
 |  Multilevel Ensemble Optimization  |
 ======================================
 Optimizing all 2304 structures from file "crest_rotamers_0.xyz" ...
 ----------------------
 crude pre-optimization
 ----------------------
 Optimization engine: ANCOPT
 Hessian update type: BFGS
 E/G convergence criteria:  0.500E-03 Eh, 0.100E-01 Eh/a0
 maximum optimization steps: 200
 |>0.0% |>7.5% |>15.0% |>22.5% |>30.0% |>37.5% |>45.0% |>52.5% |>60.0% |>67.5% |>75.0% |>82.5% |>90.0% |>97.5% |>100.0%
 done.
> 2304 of 2304 structures successfully optimized (100.0% success)
> Total runtime for 2304 optimizations:
 * wall-time:     0 d,  0 h,  1 min, 28.423 sec
 *  cpu-time:     0 d,  0 h, 23 min, 19.227 sec
 * ratio c/w:    15.824 speedup
> Corresponding to approximately 0.038 sec per processed structure

CREGEN> running RMSDs ... done.
CREGEN> E lowest :   -72.45081
 2053 structures remain within    12.00 kcal/mol window
 ---------------------------------------
 optimization with very tight thresholds
 ---------------------------------------
 Optimization engine: ANCOPT
 Hessian update type: BFGS
 E/G convergence criteria:  0.100E-06 Eh, 0.200E-03 Eh/a0
 maximum optimization steps: 200
 |>0.0% |>7.5% |>15.0% |>22.5% |>30.0% |>37.5% |>45.0% |>52.5% |>60.0% |>67.5% |>75.0% |>82.5% |>90.0% |>97.5% |>100.0%
 done.
> 1643 of 2053 structures successfully optimized (80.0% success)
> Total runtime for 2053 optimizations:
 * wall-time:     0 d,  0 h, 13 min, 19.892 sec
 *  cpu-time:     0 d,  3 h, 31 min, 40.007 sec
 * ratio c/w:    15.877 speedup
> Corresponding to approximately 0.390 sec per processed structure

CREGEN> running RMSDs ... done.
CREGEN> E lowest :   -72.45132
 126 structures remain within     6.00 kcal/mol window
CREGEN> running RMSDs ... done.
CREGEN> E lowest :   -72.45132

 Static MTD simulation iteration 3 finished
 A total of 159 conformers (+ 1.26%) in crest_conformers.xyz
 S(approx.) =    5.384064 cal/molK (dS = 0.01%)
 Convergence w.r.t. conformers: T
 Convergence w.r.t. entropy   : T

     H(298.15K)-H(0) (conf)      0.440891
                   Cp(conf)      1.934199
                    S(conf)      5.382132


 --------------------------
 Final Ensemble Information
 --------------------------
 input  file name : crest_rotamers_2.xyz
 output file name : crest_rotamers_3.xyz
 number of atoms                :   41
 number of points on xyz files  :   626
 RMSD threshold                 :   0.1250
 Bconst threshold               :   0.0100
 population threshold           :   0.0500
 # fragment in coord            :     1
 # bonds in reference structure :    43
 number of reliable points      :   626
 sorting energy window (EWIN)   :    6.0000 / kcal*mol⁻¹
 reference state Etot           :  -72.451324110000002
 number of doubles removed by rot/RMSD         :         102
 total number unique points considered further :         524
       Erel/kcal        Etot weight/tot  conformer     set   degen     origin
       1   0.000   -72.45132    0.01634    0.32472       1      20
       2   0.203   -72.45100    0.01161    0.24145       2      21
       3   0.270   -72.45089    0.01037    0.01037       3       1
       4   0.294   -72.45086    0.00996    0.16901       4      17
       5   0.386   -72.45071    0.00852    0.05019       5       6
       6   0.421   -72.45065    0.00804    0.01573       6       2
       7   0.495   -72.45053    0.00709    0.02113       7       3
       8   0.624   -72.45033    0.00570    0.09115       8      16
       9   0.711   -72.45019    0.00492    0.01944       9       4
      10   0.730   -72.45016    0.00477    0.00477      10       1
      11   0.760   -72.45011    0.00454    0.00906      11       2
      12   0.781   -72.45008    0.00438    0.01312      12       3
      13   1.888   -72.44832    0.00068    0.00743      13      11
      14   2.103   -72.44797    0.00047    0.00093      14       2
      15   2.139   -72.44792    0.00044    0.00348      15       8
      16   2.170   -72.44787    0.00042    0.00207      16       5
      17   2.200   -72.44782    0.00040    0.00080      17       2
      18   2.237   -72.44776    0.00038    0.00075      18       2
      19   2.275   -72.44770    0.00035    0.00069      19       2
      20   2.316   -72.44763    0.00033    0.00033      20       1
      21   2.340   -72.44760    0.00032    0.00189      21       6
      22   2.429   -72.44745    0.00027    0.00108      22       4
      23   2.456   -72.44741    0.00026    0.00077      23       3
      24   2.484   -72.44737    0.00025    0.00171      24       7
      25   2.525   -72.44730    0.00023    0.00023      25       1
      26   2.603   -72.44718    0.00020    0.00020      26       1
      27   2.631   -72.44713    0.00019    0.00171      27       9
      28   2.855   -72.44677    0.00013    0.00026      28       2
      29   2.886   -72.44673    0.00013    0.00013      29       1
      30   3.132   -72.44633    0.00008    0.00122      30      15
      31   3.167   -72.44628    0.00008    0.00016      31       2
      32   3.210   -72.44621    0.00007    0.00043      32       6
      33   3.221   -72.44619    0.00007    0.00057      33       8
      34   3.308   -72.44605    0.00006    0.00043      34       7
      35   3.327   -72.44602    0.00006    0.00006      35       1
      36   3.462   -72.44581    0.00005    0.00005      36       1
      37   3.465   -72.44580    0.00005    0.00005      37       1
      38   3.488   -72.44577    0.00005    0.00067      38      15
      39   3.508   -72.44573    0.00004    0.00009      39       2
      40   3.684   -72.44545    0.00003    0.00016      40       5
      41   3.694   -72.44544    0.00003    0.00019      41       6
      42   3.781   -72.44530    0.00003    0.00011      42       4
      43   3.806   -72.44526    0.00003    0.00011      43       4
      44   3.812   -72.44525    0.00003    0.00003      44       1
      45   3.826   -72.44523    0.00003    0.00013      45       5
      46   3.833   -72.44522    0.00003    0.00005      46       2
      47   3.836   -72.44521    0.00003    0.00003      47       1
      48   3.840   -72.44520    0.00003    0.00003      48       1
      49   3.910   -72.44509    0.00002    0.00002      49       1
      50   3.916   -72.44508    0.00002    0.00002      50       1
      51   3.943   -72.44504    0.00002    0.00002      51       1
      52   3.995   -72.44496    0.00002    0.00002      52       1
      53   4.208   -72.44462    0.00001    0.00001      53       1
      54   4.224   -72.44459    0.00001    0.00004      54       3
      55   4.233   -72.44458    0.00001    0.00001      55       1
      56   4.291   -72.44449    0.00001    0.00005      56       4
      57   4.293   -72.44448    0.00001    0.00001      57       1
      58   4.297   -72.44448    0.00001    0.00001      58       1
      59   4.299   -72.44447    0.00001    0.00002      59       2
      60   4.318   -72.44444    0.00001    0.00002      60       2
      61   4.321   -72.44444    0.00001    0.00001      61       1
      62   4.331   -72.44442    0.00001    0.00001      62       1
      63   4.341   -72.44441    0.00001    0.00001      63       1
      64   4.379   -72.44435    0.00001    0.00001      64       1
      65   4.465   -72.44421    0.00001    0.00001      65       1
      66   4.469   -72.44420    0.00001    0.00001      66       1
      67   4.481   -72.44418    0.00001    0.00001      67       1
      68   4.515   -72.44413    0.00001    0.00001      68       1
      69   4.717   -72.44381    0.00001    0.00008      69      14
      70   4.722   -72.44380    0.00001    0.00001      70       1
      71   4.725   -72.44380    0.00001    0.00001      71       1
      72   4.731   -72.44378    0.00001    0.00001      72       2
      73   4.739   -72.44377    0.00001    0.00002      73       3
      74   4.745   -72.44376    0.00001    0.00002      74       4
      75   4.761   -72.44374    0.00001    0.00001      75       1
      76   4.775   -72.44371    0.00001    0.00002      76       3
      77   4.797   -72.44368    0.00001    0.00001      77       3
      78   4.856   -72.44359    0.00000    0.00000      78       1
      79   4.857   -72.44358    0.00000    0.00001      79       3
      80   4.868   -72.44357    0.00000    0.00002      80       5
      81   4.873   -72.44356    0.00000    0.00002      81       4
      82   4.876   -72.44355    0.00000    0.00000      82       1
      83   4.880   -72.44355    0.00000    0.00002      83       4
      84   4.889   -72.44353    0.00000    0.00002      84       4
      85   4.916   -72.44349    0.00000    0.00000      85       1
      86   4.898   -72.44352    0.00000    0.00002      86       4
      87   5.127   -72.44315    0.00000    0.00000      87       1
      88   5.252   -72.44295    0.00000    0.00000      88       1
      89   5.287   -72.44290    0.00000    0.00001      89       4
      90   5.310   -72.44286    0.00000    0.00001      90       3
      91   5.327   -72.44283    0.00000    0.00000      91       2
      92   5.357   -72.44279    0.00000    0.00001      92       3
      93   5.373   -72.44276    0.00000    0.00001      93       4
      94   5.431   -72.44267    0.00000    0.00001      94       7
      95   5.439   -72.44266    0.00000    0.00000      95       1
      96   5.444   -72.44265    0.00000    0.00000      96       1
      97   5.448   -72.44264    0.00000    0.00000      97       1
      98   5.466   -72.44261    0.00000    0.00000      98       1
      99   5.520   -72.44253    0.00000    0.00000      99       1
     100   5.528   -72.44252    0.00000    0.00000     100       3
     101   5.533   -72.44251    0.00000    0.00000     101       1
     102   5.554   -72.44247    0.00000    0.00000     102       1
     103   5.558   -72.44247    0.00000    0.00001     103       7
     104   5.561   -72.44246    0.00000    0.00000     104       2
     105   5.574   -72.44244    0.00000    0.00000     105       3
     106   5.574   -72.44244    0.00000    0.00000     106       1
     107   5.575   -72.44244    0.00000    0.00000     107       3
     108   5.580   -72.44243    0.00000    0.00000     108       1
     109   5.699   -72.44224    0.00000    0.00002     109      15
     110   5.736   -72.44218    0.00000    0.00000     110       3
     111   5.736   -72.44218    0.00000    0.00001     111       5
     112   5.740   -72.44218    0.00000    0.00000     112       2
     113   5.739   -72.44218    0.00000    0.00001     113       5
     114   5.743   -72.44217    0.00000    0.00000     114       3
     115   5.744   -72.44217    0.00000    0.00000     115       3
     116   5.745   -72.44217    0.00000    0.00000     116       4
     117   5.747   -72.44217    0.00000    0.00000     117       1
     118   5.749   -72.44216    0.00000    0.00000     118       2
     119   5.751   -72.44216    0.00000    0.00000     119       2
     120   5.761   -72.44214    0.00000    0.00000     120       5
     121   5.776   -72.44212    0.00000    0.00000     121       5
     122   5.776   -72.44212    0.00000    0.00000     122       3
     123   5.776   -72.44212    0.00000    0.00001     123       7
     124   5.779   -72.44211    0.00000    0.00000     124       1
     125   5.785   -72.44211    0.00000    0.00000     125       1
     126   5.786   -72.44210    0.00000    0.00000     126       1
     127   5.787   -72.44210    0.00000    0.00000     127       3
     128   5.790   -72.44210    0.00000    0.00000     128       1
     129   5.800   -72.44208    0.00000    0.00000     129       3
     130   5.803   -72.44208    0.00000    0.00000     130       2
     131   5.803   -72.44208    0.00000    0.00000     131       3
     132   5.820   -72.44205    0.00000    0.00000     132       1
     133   5.821   -72.44205    0.00000    0.00000     133       4
     134   5.821   -72.44205    0.00000    0.00000     134       2
     135   5.815   -72.44206    0.00000    0.00000     135       1
     136   5.833   -72.44203    0.00000    0.00000     136       4
     137   5.860   -72.44199    0.00000    0.00000     137       2
     138   5.862   -72.44198    0.00000    0.00000     138       1
     139   5.863   -72.44198    0.00000    0.00000     139       1
     140   5.843   -72.44201    0.00000    0.00000     140       1
     141   5.884   -72.44195    0.00000    0.00000     141       1
     142   5.887   -72.44194    0.00000    0.00000     142       1
     143   5.889   -72.44194    0.00000    0.00000     143       1
     144   5.892   -72.44193    0.00000    0.00000     144       1
     145   5.899   -72.44192    0.00000    0.00000     145       1
     146   5.900   -72.44192    0.00000    0.00000     146       2
     147   5.905   -72.44191    0.00000    0.00000     147       3
     148   5.909   -72.44191    0.00000    0.00000     148       3
     149   5.911   -72.44191    0.00000    0.00000     149       1
     150   5.907   -72.44191    0.00000    0.00000     150       1
     151   5.916   -72.44190    0.00000    0.00000     151       1
     152   5.918   -72.44189    0.00000    0.00000     152       6
     153   5.933   -72.44187    0.00000    0.00000     153       3
     154   5.935   -72.44187    0.00000    0.00000     154       2
     155   5.948   -72.44185    0.00000    0.00000     155       1
     156   5.946   -72.44185    0.00000    0.00000     156       1
     157   5.952   -72.44184    0.00000    0.00000     157       7
     158   5.977   -72.44180    0.00000    0.00000     158       1
     159   5.981   -72.44179    0.00000    0.00000     159       2
T /K                                  :   298.15
E lowest                              :   -72.45132
ensemble average energy (kcal)        :    0.306
ensemble entropy (J/mol K, cal/mol K) :   38.498    9.201
ensemble free energy (kcal/mol)       :   -2.743
population of lowest in %             :   32.472
 number of unique conformers for further calc          159
 list of relative energies saved as "crest.energies"
 compare nuclear equivalencies ...
::::::::::: conformer group all :::::::::::
 chemical equivalencies (mag.active nuclei):
reference atom  27 # : 3
reference atom  30 # : 3
reference atom  37 # : 2
reference atom  39 # : 2
 magnetic equivalencies:
reference atom  27 # : 3
reference atom  30 # : 3

******************************************************************************************
**                           ENSEMBLE ENTROPY CALCULATION                               **
******************************************************************************************
======================================================
 Containing 145 conformers :
     H(298.15K)-H(0) (conf)      0.463836
                   Cp(conf)      1.985640
                    S(conf)      5.445313
======================================================
 Containing 153 conformers :
     H(298.15K)-H(0) (conf)      0.478760
                   Cp(conf)      2.076132
                    S(conf)      5.285086
======================================================
 Containing 157 conformers :
     H(298.15K)-H(0) (conf)      0.439767
                   Cp(conf)      1.909612
                    S(conf)      5.381816
======================================================
 Containing 159 conformers :
     H(298.15K)-H(0) (conf)      0.440891
                   Cp(conf)      1.934199
                    S(conf)      5.382132
======================================================

 --------------------------------------
 FINAL CALCULATION OF MOLECULAR ENTROPY
 --------------------------------------

   block      Siter   Siter (fit) 
        1   -0.160   -0.096
        2   -0.063   -0.096
        3   -0.063   -0.096
R²       :    0.997615
FINAL ENTROPY (extrapol.)  :      5.27055

 ----------------------------------
 Frequency Calculation and Averages
 ----------------------------------
 Nconf on file      : 159
 Taken for Hessians : 10 (= 90.12% total population)
 T range  /K    :   278.15   378.15
 scaling factor :          1.000000     
 rotor cutoff   :         25.000000 cm⁻¹
 imag. cutoff   :        -50.000000 cm⁻¹

 Running 10 calculations ...
 |>10.0% |>20.0% |>30.0% |>40.0% |>50.0% |>60.0% |>70.0% |>80.0% |>90.0% |>100.0%
 done.
 calculating averages for G and S ...    done.
 calculating Boltzmann weights ...       done.
 calculating reference S (bhess) ... > bhess not implemented for calculator routines
    done.
 calculating δSrrho ...                  done.

 Coordinates for the bhess reference structure (Ångström):
 -----------------------------------------------------------
  41

 S         -0.3904064180       -0.5941406796       -0.9307138898
 O         -1.1894762746        2.0969987723        2.2533218006
 O         -4.7463051733       -0.9104260224        0.0072217110
 O         -3.7354811585        0.2282604766       -1.6214590167
 O          2.3281374926        3.0201967302       -1.1034044672
 N         -1.9253656267        1.2125807134        0.1979208891
 N          1.2758848641        1.6100240151        0.3243187928
 C         -0.9155757693        1.1354842481       -0.8551393419
 C         -1.5487990980       -1.1568653406        0.3728851052
 C         -2.6078711643       -0.0261753972        0.5055922585
 C         -0.0347845433        2.0954971527       -0.0087810207
 C         -1.0837121169        1.8735435433        1.0846664684
 C         -2.1627814338       -2.4846213405       -0.0667101696
 C         -0.7999412840       -1.3362587545        1.6940389441
 C         -3.7372229613       -0.1983668702       -0.5025827897
 C          2.3564211763        2.0537451619       -0.3801328979
 C          3.6262905142        1.2447608653       -0.1160415588
 C          3.3365131304       -0.2293563630       -0.0231036640
 C          3.1745297584       -0.8458915306        1.2165916445
 C          3.1611959741       -0.9817397830       -1.1833388604
 C          2.8429954166       -2.1923282439        1.2934380121
 C          2.8310385857       -2.3261630009       -1.1043790209
 C          2.6672028280       -2.9339032661        0.1333985745
 H         -1.2612907977        1.4883886353       -1.8274310629
 H         -3.0162211528        0.0265655720        1.5191701390
 H          0.0474771437        3.1121977698       -0.4034076530
 H         -1.3927303712       -3.2551447423       -0.0891286723
 H         -2.9444019421       -2.7902041769        0.6297839896
 H         -2.5917583056       -2.3964845536       -1.0637468192
 H         -0.3961488500       -0.3859497442        2.0383704526
 H         -1.4677334967       -1.7324235886        2.4603562332
 H          0.0278111685       -2.0311452211        1.5545426258
 H          1.3098159651        0.6693281601        0.6979391615
 H         -5.4476357598       -0.9999071959       -0.6595268961
 H          4.0564828436        1.6134441030        0.8190084263
 H          4.3257589400        1.4643880273       -0.9248031241
 H          3.3154764883       -0.2726463152        2.1267267346
 H          3.2803298250       -0.5099104227       -2.1524589722
 H          2.7249521675       -2.6625275999        2.2633559179
 H          2.6952957988       -2.9012855474       -2.0134064720
 H          2.4052896454       -3.9840616046        0.1937986907
 -----------------------------------------------------------
 as read from <coord>
 Heavy-atom RMSD between lowest conformer and this reference :
 RMSD(heavy) =        1.001994 Å

 msRRHO(bhess) reference entropies:
      278.15        153.295777
      288.15        156.158406
      298.15        159.009924
      308.15        161.850608
      318.15        164.680577
      328.15        167.499818
      338.15        170.308215
      348.15        173.105566
      358.15        175.891606
      368.15        178.666025
      378.15        181.428477

       T/K  |S(T)|/cal/molK       |G(T)|/Eh     G_lowest/Eh    (conf)
   -----------------------------------------------------------------
    278.15    0.153691E+03    0.268559E+00      -72.182569         1
    288.15    0.156547E+03    0.266120E+00      -72.185006         1
    298.15    0.159391E+03    0.263635E+00      -72.187489         1
    308.15    0.162225E+03    0.261105E+00      -72.190016         1
    318.15    0.165049E+03    0.258530E+00      -72.192590         1
    328.15    0.167861E+03    0.255910E+00      -72.195208         1
    338.15    0.170663E+03    0.253245E+00      -72.197871         1
    348.15    0.173454E+03    0.250536E+00      -72.200578         1
    358.15    0.176234E+03    0.247782E+00      -72.203331         1
    368.15    0.179002E+03    0.244984E+00      -72.206127         1
    378.15    0.181758E+03    0.242142E+00      -72.208968         3
   -----------------------------------------------------------------
   NOTE: if |G(T)| is the averaged contributrion to the free energy.
   |G(T)| used only for the higher-energetic structures (n > 10).
   All other structures use G(T) from the respective Hessian calculations.

 Quantities calculated on free energies:
       T/K          δSrrho           Cp(T)     [H(T)-H(0)]
   -------------------------------------------------------
    278.15    0.394908E+00    0.167272E+01        0.314305
    288.15    0.388139E+00    0.177168E+01        0.329803
    298.15    0.381393E+00    0.187232E+01        0.346371
    308.15    0.374683E+00    0.197398E+01        0.364024
    318.15    0.368017E+00    0.207599E+01        0.382768
    328.15    0.361407E+00    0.217774E+01        0.402604
    338.15    0.354860E+00    0.227862E+01        0.423525
    348.15    0.348383E+00    0.237804E+01        0.445520
    358.15    0.341981E+00    0.247545E+01        0.468570
    368.15    0.335661E+00    0.257032E+01        0.492651
    378.15    0.329426E+00    0.266218E+01        0.517739
   -------------------------------------------------------
   NOTE: δSrrho(T) = |S(T)| - Sref(T)

 ----------------------
 TEMPERATURE DEPENDENCE
 ----------------------

 Final CONFORMATIONAL quantities at given T:
       T/K        S(total)           Cp(T)     [H(T)-H(0)]        G(total)
   -----------------------------------------------------------------------
    278.15        5.518652        1.672720        0.314305       -1.220708
    288.15        5.584561        1.771681        0.329803       -1.279389
    298.15        5.651941        1.872322        0.346371       -1.338755
    308.15        5.720815        1.973975        0.364024       -1.398845
    318.15        5.791173        2.075992        0.382768       -1.459694
    328.15        5.862969        2.177743        0.402604       -1.521329
    338.15        5.936131        2.278620        0.423525       -1.583777
    348.15        6.010562        2.378040        0.445520       -1.647057
    358.15        6.086146        2.475449        0.468570       -1.711183
    368.15        6.162753        2.570323        0.492651       -1.776166
    378.15        6.240241        2.662178        0.517739       -1.842008
   -----------------------------------------------------------------------
   S and Cp in cal/mol*K; H and G in kcal/mol
   G(total) is the ensemble free energy (H-T*S) and S(total) = S(conf,extrapol.) + δSrrho

 ----------------------------------------------------
 |      FINAL MOLECULAR ENTROPY AT T= 298.15 K      |
 ----------------------------------------------------
     Sconf   =          5.270547
   + δSrrho  =          0.381393
 -----------------------------------------------------
 = S(total)  =          5.651941  (cal mol⁻¹ K⁻¹)

   H(T)-H(0) =          0.346371
   G         =         -1.685126   (-T*S)
 -----------------------------------------------------
 = G(total)  =         -1.338755  (H-T*S) (kcal mol⁻¹)

   Cp(total) =          1.872322  (cal mol⁻¹ K⁻¹)


 -----------------
 Wall Time Summary
 -----------------
 CREST runtime (total)               0 d,  1 h, 20 min, 42.240 sec
 ------------------------------------------------------------------
 Trial metadynamics (MTD)   ...        0 min,  8.938 sec (  0.185%)
 Metadynamics (MTD)         ...        4 min, 31.157 sec (  5.600%)
 Geometry optimization      ...       65 min,  1.352 sec ( 80.569%)
 Static metadynamics (sMTD) ...       10 min, 42.354 sec ( 13.266%)
 Conf. entropy evaluation   ...        0 min, 15.835 sec (  0.327%)
 I/O and setup              ...        0 min,  2.603 sec (  0.054%)
 ------------------------------------------------------------------
 * wall-time:     0 d,  1 h, 20 min, 42.240 sec
 *  cpu-time:     0 d, 20 h, 22 min, 25.889 sec
 * ratio c/w:    15.147 speedup
 ------------------------------------------------------------------
 * Total number of energy+grad calls: 1490191

 CREST terminated normally.
