
       ╔════════════════════════════════════════════════╗
       ║                                                ║
       ║     ██████╗██████╗ ███████╗███████╗████████╗   ║
       ║    ██╔════╝██╔══██╗██╔════╝██╔════╝╚══██╔══╝   ║
       ║    ██║     ██████╔╝█████╗  ███████╗   ██║      ║
       ║    ██║     ██╔══██╗██╔══╝  ╚════██║   ██║      ║
       ║    ╚██████╗██║  ██║███████╗███████║   ██║      ║
       ║     ╚═════╝╚═╝  ╚═╝╚══════╝╚══════╝   ╚═╝      ║
       ║                                                ║
       ║    Conformer-Rotamer Ensemble Sampling Tool    ║
       ║            based on the xTB methods            ║
       ║                                                ║
       ╚════════════════════════════════════════════════╝
        Version 3.0.2, Mon, 29 September 16:25:59, 09/29/2025
        commit (c39758d) compiled by 'andrey@PC1'

   Cite work conducted with this code as

   • P.Pracht, F.Bohle, S.Grimme, PCCP, 2020, 22, 7169-7192.
   • S.Grimme, JCTC, 2019, 15, 2847-2862.
   • P.Pracht, S.Grimme, C.Bannwarth, F.Bohle, S.Ehlert,
     G.Feldmann, J.Gorges, M.Müller, T.Neudecker, C.Plett,
     S.Spicher, P.Steinbach, P.Wesołowski, F.Zeller,
     J. Chem. Phys., 2024, 160, 114110.

   for works involving QCG cite

   • S.Spicher, C.Plett, P.Pracht, A.Hansen, S.Grimme,
     JCTC, 2022, 18 (5), 3174-3189.
   • C.Plett, S. Grimme,
     Angew. Chem. Int. Ed. 2023, 62, e202214477.

   for works involving MECP screening cite

   • P.Pracht, C.Bannwarth, JCTC, 2022, 18 (10), 6370-6385.

   Original code
     P.Pracht, S.Grimme, Universität Bonn, MCTC
   with help from (alphabetical order):
     C.Bannwarth, F.Bohle, S.Ehlert, G.Feldmann, J.Gorges,
     S.Grimme, C.Plett, P.Pracht, S.Spicher, P.Steinbach,
     P.Wesolowski, F.Zeller

   Online documentation is available at
   https://crest-lab.github.io/crest-docs/

   This program is distributed in the hope that it will be useful,
   but WITHOUT ANY WARRANTY; without even the implied warranty of
   MERCHANTABILITY or FITNESS FOR A PARTICULAR PURPOSE. See the
   GNU Lesser General Public License (LGPL) for more details.

 Command line input:
 $ ./crest m1_00_Pregabalin_best.xyz --T 16 --entropy --gfn1 --chrg 0

  --T 16 (CPUs/Threads selected)
  --entropy : enhanced ensemble entropy calculation
  --gfn1               : Use of GFN1-xTB requested.
  --chrg 0

> Setting up backup calculator ... done.
 ----------------
 Calculation info
 ----------------
> User-defined calculation level:
 : xTB calculation via tblite lib
 : GFN1-xTB level
 :   Molecular charge    : 0
 :   Fermi temperature   : 300.00000
 :   Accuracy            : 1.00000
 :   max SCC cycles      : 500


 -----------------------------
 Initial Geometry Optimization
 -----------------------------
 Geometry successfully optimized.

          ┍━━━━━━━━━━━━━━━━━━━━━━━━━━━━━━━━━━━━━━━━━━━━━━━━━┑
          │              CREST ENTROPY SAMPLING             │
          ┕━━━━━━━━━━━━━━━━━━━━━━━━━━━━━━━━━━━━━━━━━━━━━━━━━┙

 please cite:
 • P.Pracht, S.Grimme, Chem. Sci., 2021, 12, 6551-6568.
 • J.Gorges, S.Grimme, A.Hansen, P.Pracht, PCCP, 2022,24, 12249-12259.

 Input structure:
  28

 O          1.8859208299        1.0857569433        0.7529544436
 C          1.0586859165        1.4223150122       -0.2152373876
 O          0.5561316505        2.5092619753       -0.3208530702
 C          0.7858558754        0.3300315589       -1.2622605223
 H          1.7238840556        0.1432103788       -1.7931987912
 C          0.2313997871       -0.9998114236       -0.7128479894
 C         -0.7548042137       -0.8004878721        0.4506493645
 H         -1.1061920656       -1.7852998657        0.7799965185
 C         -1.9701130800        0.0777231517        0.1039489657
 C         -2.8650668520       -0.5789766601       -0.9510538539
 H         -2.3349801977       -0.6943405344       -1.8968045521
 H         -3.7437828350        0.0414698416       -1.1297304932
 H         -3.1987692728       -1.5629036413       -0.6165540543
 C         -2.7739808906        0.3512592594        1.3791237122
 H         -3.6291176387        0.9890726585        1.1540950236
 H         -2.1513070661        0.8571270591        2.1174241269
 H         -3.1404459803       -0.5811353856        1.8122233016
 H         -1.6156738807        1.0398446040       -0.2863227869
 H         -0.2290794897       -0.3426744308        1.2944347222
 H         -0.2998191646       -1.4935545084       -1.5376562219
 C          1.3595309951       -1.9636571807       -0.3157395587
 N          2.1433315379       -1.4494574047        0.8165419894
 H          3.0679947145       -1.8594751149        0.8113096968
 H          1.6875197345       -1.6925443777        1.6873716527
 H          0.9378616312       -2.9450176278       -0.0620500050
 H          2.0408182187       -2.0901554316       -1.1624457075
 H          0.0791069328        0.7510183821       -1.9806023958
 H          2.0924174074        0.0604652367        0.7558237122

 ------------------------------------------------
 Generating MTD length from a flexibility measure
 ------------------------------------------------
 Calculating GFN0-xTB WBOs   ... done.
 Calculating NCI flexibility ... done.
     covalent flexibility measure :   0.560
 non-covalent flexibility measure :   0.444
 flexibility measure :   0.446
 t(MTD) / ps    :    14.0
 Σ(t(MTD)) / ps :   336.0 (24 MTDs)

 -----------------------------------
 Starting trial MTD to test settings
 -----------------------------------
 Trial MTD 1 runtime (1.0 ps) ...        0 min,  3.629 sec
 Estimated runtime for one MTD (14.0 ps) on a single thread: 51 sec
 Estimated runtime for a batch of 24 MTDs on 16 threads: 1 min 42 sec

********************************************************************************
**                    N E W   I T E R A T I O N  C Y C L E                    **
********************************************************************************

 ------------------------------
 Meta-Dynamics Iteration 1
 ------------------------------
 list of applied metadynamics Vbias parameters:
$metadyn    0.21000   1.618
$metadyn    0.10500   1.618
$metadyn    0.05250   1.618
$metadyn    0.02625   1.618
$metadyn    0.21000   1.000
$metadyn    0.10500   1.000
$metadyn    0.05250   1.000
$metadyn    0.02625   1.000
$metadyn    0.21000   0.618
$metadyn    0.10500   0.618
$metadyn    0.05250   0.618
$metadyn    0.02625   0.618
$metadyn    0.21000   0.382
$metadyn    0.10500   0.382
$metadyn    0.05250   0.382
$metadyn    0.02625   0.382
$metadyn    0.21000   0.236
$metadyn    0.10500   0.236
$metadyn    0.05250   0.236
$metadyn    0.02625   0.236
$metadyn    0.21000   0.146
$metadyn    0.10500   0.146
$metadyn    0.05250   0.146
$metadyn    0.02625   0.146

  ::::::::::::: starting MTD   20 :::::::::::::
  |   MD simulation time   :    14.0 ps       |
  |   target T             :   300.0 K        |
  |   timestep dt          :     5.0 fs       |
  |   dump interval(trj)   :   100.0 fs       |
  |   SHAKE algorithm      : true (all bonds) |
  |   dump interval(Vbias) :    1.00 ps       |
  |   Vbias prefactor (k)  :  0.0262 Eh       |
  |   Vbias exponent (α)   :  0.2361 bohr⁻²   |
  ::::::::::::: starting MTD    1 :::::::::::::
  |   MD simulation time   :    14.0 ps       |
  |   target T             :   300.0 K        |
  |   timestep dt          :     5.0 fs       |
  |   dump interval(trj)   :   100.0 fs       |
  |   SHAKE algorithm      : true (all bonds) |
  |   dump interval(Vbias) :    1.00 ps       |
  |   Vbias prefactor (k)  :  0.2100 Eh       |
  |   Vbias exponent (α)   :  1.6180 bohr⁻²   |
  ::::::::::::: starting MTD   15 :::::::::::::
  |   MD simulation time   :    14.0 ps       |
  |   target T             :   300.0 K        |
  |   timestep dt          :     5.0 fs       |
  |   dump interval(trj)   :   100.0 fs       |
  |   SHAKE algorithm      : true (all bonds) |
  |   dump interval(Vbias) :    1.00 ps       |
  |   Vbias prefactor (k)  :  0.0525 Eh       |
  |   Vbias exponent (α)   :  0.3820 bohr⁻²   |
  ::::::::::::: starting MTD    9 :::::::::::::
  |   MD simulation time   :    14.0 ps       |
  |   target T             :   300.0 K        |
  |   timestep dt          :     5.0 fs       |
  |   dump interval(trj)   :   100.0 fs       |
  |   SHAKE algorithm      : true (all bonds) |
  |   dump interval(Vbias) :    1.00 ps       |
  |   Vbias prefactor (k)  :  0.2100 Eh       |
  |   Vbias exponent (α)   :  0.6180 bohr⁻²   |
  ::::::::::::: starting MTD   17 :::::::::::::
  |   MD simulation time   :    14.0 ps       |
  |   target T             :   300.0 K        |
  |   timestep dt          :     5.0 fs       |
  |   dump interval(trj)   :   100.0 fs       |
  |   SHAKE algorithm      : true (all bonds) |
  |   dump interval(Vbias) :    1.00 ps       |
  |   Vbias prefactor (k)  :  0.2100 Eh       |
  |   Vbias exponent (α)   :  0.2361 bohr⁻²   |
  ::::::::::::: starting MTD   21 :::::::::::::
  |   MD simulation time   :    14.0 ps       |
  |   target T             :   300.0 K        |
  |   timestep dt          :     5.0 fs       |
  |   dump interval(trj)   :   100.0 fs       |
  |   SHAKE algorithm      : true (all bonds) |
  |   dump interval(Vbias) :    1.00 ps       |
  |   Vbias prefactor (k)  :  0.2100 Eh       |
  |   Vbias exponent (α)   :  0.1459 bohr⁻²   |
  ::::::::::::: starting MTD   18 :::::::::::::
  |   MD simulation time   :    14.0 ps       |
  |   target T             :   300.0 K        |
  |   timestep dt          :     5.0 fs       |
  |   dump interval(trj)   :   100.0 fs       |
  |   SHAKE algorithm      : true (all bonds) |
  |   dump interval(Vbias) :    1.00 ps       |
  |   Vbias prefactor (k)  :  0.1050 Eh       |
  |   Vbias exponent (α)   :  0.2361 bohr⁻²   |
  ::::::::::::: starting MTD   23 :::::::::::::
  |   MD simulation time   :    14.0 ps       |
  |   target T             :   300.0 K        |
  |   timestep dt          :     5.0 fs       |
  |   dump interval(trj)   :   100.0 fs       |
  |   SHAKE algorithm      : true (all bonds) |
  |   dump interval(Vbias) :    1.00 ps       |
  |   Vbias prefactor (k)  :  0.0525 Eh       |
  |   Vbias exponent (α)   :  0.1459 bohr⁻²   |
  ::::::::::::: starting MTD    3 :::::::::::::
  |   MD simulation time   :    14.0 ps       |
  |   target T             :   300.0 K        |
  |   timestep dt          :     5.0 fs       |
  |   dump interval(trj)   :   100.0 fs       |
  |   SHAKE algorithm      : true (all bonds) |
  |   dump interval(Vbias) :    1.00 ps       |
  |   Vbias prefactor (k)  :  0.0525 Eh       |
  |   Vbias exponent (α)   :  1.6180 bohr⁻²   |
  ::::::::::::: starting MTD    7 :::::::::::::
  |   MD simulation time   :    14.0 ps       |
  |   target T             :   300.0 K        |
  |   timestep dt          :     5.0 fs       |
  |   dump interval(trj)   :   100.0 fs       |
  |   SHAKE algorithm      : true (all bonds) |
  |   dump interval(Vbias) :    1.00 ps       |
  |   Vbias prefactor (k)  :  0.0525 Eh       |
  |   Vbias exponent (α)   :  1.0000 bohr⁻²   |
  ::::::::::::: starting MTD   13 :::::::::::::
  |   MD simulation time   :    14.0 ps       |
  |   target T             :   300.0 K        |
  |   timestep dt          :     5.0 fs       |
  |   dump interval(trj)   :   100.0 fs       |
  |   SHAKE algorithm      : true (all bonds) |
  |   dump interval(Vbias) :    1.00 ps       |
  |   Vbias prefactor (k)  :  0.2100 Eh       |
  |   Vbias exponent (α)   :  0.3820 bohr⁻²   |
  ::::::::::::: starting MTD    5 :::::::::::::
  |   MD simulation time   :    14.0 ps       |
  |   target T             :   300.0 K        |
  |   timestep dt          :     5.0 fs       |
  |   dump interval(trj)   :   100.0 fs       |
  |   SHAKE algorithm      : true (all bonds) |
  |   dump interval(Vbias) :    1.00 ps       |
  |   Vbias prefactor (k)  :  0.2100 Eh       |
  |   Vbias exponent (α)   :  1.0000 bohr⁻²   |
  ::::::::::::: starting MTD   22 :::::::::::::
  |   MD simulation time   :    14.0 ps       |
  |   target T             :   300.0 K        |
  |   timestep dt          :     5.0 fs       |
  |   dump interval(trj)   :   100.0 fs       |
  |   SHAKE algorithm      : true (all bonds) |
  |   dump interval(Vbias) :    1.00 ps       |
  |   Vbias prefactor (k)  :  0.1050 Eh       |
  |   Vbias exponent (α)   :  0.1459 bohr⁻²   |
  ::::::::::::: starting MTD   11 :::::::::::::
  |   MD simulation time   :    14.0 ps       |
  |   target T             :   300.0 K        |
  |   timestep dt          :     5.0 fs       |
  |   dump interval(trj)   :   100.0 fs       |
  |   SHAKE algorithm      : true (all bonds) |
  |   dump interval(Vbias) :    1.00 ps       |
  |   Vbias prefactor (k)  :  0.0525 Eh       |
  |   Vbias exponent (α)   :  0.6180 bohr⁻²   |
  ::::::::::::: starting MTD   19 :::::::::::::
  |   MD simulation time   :    14.0 ps       |
  |   target T             :   300.0 K        |
  |   timestep dt          :     5.0 fs       |
  |   dump interval(trj)   :   100.0 fs       |
  |   SHAKE algorithm      : true (all bonds) |
  |   dump interval(Vbias) :    1.00 ps       |
  |   Vbias prefactor (k)  :  0.0525 Eh       |
  |   Vbias exponent (α)   :  0.2361 bohr⁻²   |
  ::::::::::::: starting MTD   24 :::::::::::::
  |   MD simulation time   :    14.0 ps       |
  |   target T             :   300.0 K        |
  |   timestep dt          :     5.0 fs       |
  |   dump interval(trj)   :   100.0 fs       |
  |   SHAKE algorithm      : true (all bonds) |
  |   dump interval(Vbias) :    1.00 ps       |
  |   Vbias prefactor (k)  :  0.0262 Eh       |
  |   Vbias exponent (α)   :  0.1459 bohr⁻²   |
*MTD   1 completed successfully ...        1 min,  9.718 sec
  ::::::::::::: starting MTD    2 :::::::::::::
  |   MD simulation time   :    14.0 ps       |
  |   target T             :   300.0 K        |
  |   timestep dt          :     5.0 fs       |
  |   dump interval(trj)   :   100.0 fs       |
  |   SHAKE algorithm      : true (all bonds) |
  |   dump interval(Vbias) :    1.00 ps       |
  |   Vbias prefactor (k)  :  0.1050 Eh       |
  |   Vbias exponent (α)   :  1.6180 bohr⁻²   |
*MTD  23 completed successfully ...        1 min,  9.892 sec
*MTD   9 completed successfully ...        1 min, 10.137 sec
  ::::::::::::: starting MTD   10 :::::::::::::
  |   MD simulation time   :    14.0 ps       |
  |   target T             :   300.0 K        |
  |   timestep dt          :     5.0 fs       |
  |   dump interval(trj)   :   100.0 fs       |
  |   SHAKE algorithm      : true (all bonds) |
  |   dump interval(Vbias) :    1.00 ps       |
  |   Vbias prefactor (k)  :  0.1050 Eh       |
  |   Vbias exponent (α)   :  0.6180 bohr⁻²   |
*MTD  11 completed successfully ...        1 min, 10.192 sec
  ::::::::::::: starting MTD   12 :::::::::::::
  |   MD simulation time   :    14.0 ps       |
  |   target T             :   300.0 K        |
  |   timestep dt          :     5.0 fs       |
  |   dump interval(trj)   :   100.0 fs       |
  |   SHAKE algorithm      : true (all bonds) |
  |   dump interval(Vbias) :    1.00 ps       |
  |   Vbias prefactor (k)  :  0.0262 Eh       |
  |   Vbias exponent (α)   :  0.6180 bohr⁻²   |
*MTD   3 completed successfully ...        1 min, 10.253 sec
  ::::::::::::: starting MTD    4 :::::::::::::
  |   MD simulation time   :    14.0 ps       |
  |   target T             :   300.0 K        |
  |   timestep dt          :     5.0 fs       |
  |   dump interval(trj)   :   100.0 fs       |
  |   SHAKE algorithm      : true (all bonds) |
  |   dump interval(Vbias) :    1.00 ps       |
  |   Vbias prefactor (k)  :  0.0262 Eh       |
  |   Vbias exponent (α)   :  1.6180 bohr⁻²   |
*MTD   5 completed successfully ...        1 min, 10.387 sec
  ::::::::::::: starting MTD    6 :::::::::::::
  |   MD simulation time   :    14.0 ps       |
  |   target T             :   300.0 K        |
  |   timestep dt          :     5.0 fs       |
  |   dump interval(trj)   :   100.0 fs       |
  |   SHAKE algorithm      : true (all bonds) |
  |   dump interval(Vbias) :    1.00 ps       |
  |   Vbias prefactor (k)  :  0.1050 Eh       |
  |   Vbias exponent (α)   :  1.0000 bohr⁻²   |
*MTD  19 completed successfully ...        1 min, 10.483 sec
*MTD  24 completed successfully ...        1 min, 10.614 sec
*MTD  15 completed successfully ...        1 min, 10.630 sec
  ::::::::::::: starting MTD   16 :::::::::::::
  |   MD simulation time   :    14.0 ps       |
  |   target T             :   300.0 K        |
  |   timestep dt          :     5.0 fs       |
  |   dump interval(trj)   :   100.0 fs       |
  |   SHAKE algorithm      : true (all bonds) |
  |   dump interval(Vbias) :    1.00 ps       |
  |   Vbias prefactor (k)  :  0.0262 Eh       |
  |   Vbias exponent (α)   :  0.3820 bohr⁻²   |
*MTD   7 completed successfully ...        1 min, 10.645 sec
  ::::::::::::: starting MTD    8 :::::::::::::
  |   MD simulation time   :    14.0 ps       |
  |   target T             :   300.0 K        |
  |   timestep dt          :     5.0 fs       |
  |   dump interval(trj)   :   100.0 fs       |
  |   SHAKE algorithm      : true (all bonds) |
  |   dump interval(Vbias) :    1.00 ps       |
  |   Vbias prefactor (k)  :  0.0262 Eh       |
  |   Vbias exponent (α)   :  1.0000 bohr⁻²   |
*MTD  20 completed successfully ...        1 min, 10.709 sec
*MTD  22 completed successfully ...        1 min, 10.740 sec
*MTD  18 completed successfully ...        1 min, 10.808 sec
*MTD  17 completed successfully ...        1 min, 10.818 sec
*MTD  13 completed successfully ...        1 min, 10.880 sec
  ::::::::::::: starting MTD   14 :::::::::::::
  |   MD simulation time   :    14.0 ps       |
  |   target T             :   300.0 K        |
  |   timestep dt          :     5.0 fs       |
  |   dump interval(trj)   :   100.0 fs       |
  |   SHAKE algorithm      : true (all bonds) |
  |   dump interval(Vbias) :    1.00 ps       |
  |   Vbias prefactor (k)  :  0.1050 Eh       |
  |   Vbias exponent (α)   :  0.3820 bohr⁻²   |
*MTD  21 completed successfully ...        1 min, 11.054 sec
*MTD  12 completed successfully ...        0 min, 56.573 sec
*MTD  10 completed successfully ...        0 min, 56.918 sec
*MTD   6 completed successfully ...        0 min, 56.770 sec
*MTD   4 completed successfully ...        0 min, 56.916 sec
*MTD  14 completed successfully ...        0 min, 56.464 sec
*MTD   8 completed successfully ...        0 min, 56.896 sec
*MTD   2 completed successfully ...        0 min, 57.891 sec
*MTD  16 completed successfully ...        0 min, 57.212 sec

 ======================================
 |  Multilevel Ensemble Optimization  |
 ======================================
 Optimizing all 3336 structures from file "crest_dynamics.trj" ...
 ----------------------
 crude pre-optimization
 ----------------------
 Optimization engine: ANCOPT
 Hessian update type: BFGS
 E/G convergence criteria:  0.500E-03 Eh, 0.100E-01 Eh/a0
 maximum optimization steps: 200
 |>0.0% |>7.5% |>15.0% |>22.5% |>30.0% |>37.5% |>45.0% |>52.5% |>60.0% |>67.5% |>75.0% |>82.5% |>90.0% |>97.5% |>100.0%
 done.
> 3336 of 3336 structures successfully optimized (100.0% success)
> Total runtime for 3336 optimizations:
 * wall-time:     0 d,  0 h,  1 min, 15.463 sec
 *  cpu-time:     0 d,  0 h, 19 min, 44.988 sec
 * ratio c/w:    15.703 speedup
> Corresponding to approximately 0.023 sec per processed structure

CREGEN> running RMSDs ... done.
CREGEN> E lowest :   -38.73528
 2791 structures remain within    12.00 kcal/mol window
 ----------------------------------
 optimization with tight thresholds
 ----------------------------------
 Optimization engine: ANCOPT
 Hessian update type: BFGS
 E/G convergence criteria:  0.100E-05 Eh, 0.800E-03 Eh/a0
 maximum optimization steps: 200
 |>0.0% |>7.5% |>15.0% |>22.5% |>30.0% |>37.5% |>45.0% |>52.5% |>60.0% |>67.5% |>75.0% |>82.5% |>90.0% |>97.5% |>100.0%
 done.
> 2791 of 2791 structures successfully optimized (100.0% success)
> Total runtime for 2791 optimizations:
 * wall-time:     0 d,  0 h,  2 min, 41.997 sec
 *  cpu-time:     0 d,  0 h, 42 min, 43.082 sec
 * ratio c/w:    15.822 speedup
> Corresponding to approximately 0.058 sec per processed structure

CREGEN> running RMSDs ... done.
CREGEN> E lowest :   -38.73547
 903 structures remain within     6.00 kcal/mol window

========================================
           MTD Simulations done         
========================================
 Collecting ensmbles.
CREGEN> running RMSDs ... done.
CREGEN> E lowest :   -38.73547
 903 structures remain within     6.00 kcal/mol window
     H(298.15K)-H(0) (conf)      1.091682
                   Cp(conf)      3.057987
                    S(conf)      9.782169

********************************************************************************
**                     I T E R A T I O N    C Y C L E      1                  **
********************************************************************************
 -------------------------------------------
 determining bias structures via PCA/k-Means
 -------------------------------------------

 4 structures were selected
 done.

 -----------------------------------------------
 determining MTD seed structures via PCA/k-Means
 -----------------------------------------------

 36 structures were selected
 done.


 ===========================================================
 Static MTDs (umbrella sampling) on 36 selected conformer(s)
 ===========================================================
> Using 4 constant RMSD bias potentials per MTD
  :::::::::: starting static MTD   1 ::::::::::
  |   MD simulation time   :     7.0 ps       |
  |   target T             :   400.0 K        |
  |   timestep dt          :     5.0 fs       |
  |   dump interval(trj)   :   100.0 fs       |
  |   SHAKE algorithm      : true (all bonds) |
  |   Vbias prefactor (k)  :  0.0013 Eh       |
  |   Vbias exponent (α)   :  1.0000 bohr⁻²   |
  :::::::::: starting static MTD   3 ::::::::::
  |   MD simulation time   :     7.0 ps       |
  |   target T             :   400.0 K        |
  |   timestep dt          :     5.0 fs       |
  |   dump interval(trj)   :   100.0 fs       |
  |   SHAKE algorithm      : true (all bonds) |
  |   Vbias prefactor (k)  :  0.0013 Eh       |
  |   Vbias exponent (α)   :  1.0000 bohr⁻²   |
  :::::::::: starting static MTD   5 ::::::::::
  |   MD simulation time   :     7.0 ps       |
  |   target T             :   400.0 K        |
  |   timestep dt          :     5.0 fs       |
  |   dump interval(trj)   :   100.0 fs       |
  |   SHAKE algorithm      : true (all bonds) |
  |   Vbias prefactor (k)  :  0.0013 Eh       |
  |   Vbias exponent (α)   :  1.0000 bohr⁻²   |
  :::::::::: starting static MTD   4 ::::::::::
  |   MD simulation time   :     7.0 ps       |
  |   target T             :   400.0 K        |
  |   timestep dt          :     5.0 fs       |
  |   dump interval(trj)   :   100.0 fs       |
  |   SHAKE algorithm      : true (all bonds) |
  |   Vbias prefactor (k)  :  0.0013 Eh       |
  |   Vbias exponent (α)   :  1.0000 bohr⁻²   |
  :::::::::: starting static MTD  36 ::::::::::
  |   MD simulation time   :     7.0 ps       |
  |   target T             :   400.0 K        |
  |   timestep dt          :     5.0 fs       |
  |   dump interval(trj)   :   100.0 fs       |
  |   SHAKE algorithm      : true (all bonds) |
  |   Vbias prefactor (k)  :  0.0013 Eh       |
  |   Vbias exponent (α)   :  1.0000 bohr⁻²   |
  :::::::::: starting static MTD   8 ::::::::::
  |   MD simulation time   :     7.0 ps       |
  |   target T             :   400.0 K        |
  |   timestep dt          :     5.0 fs       |
  |   dump interval(trj)   :   100.0 fs       |
  |   SHAKE algorithm      : true (all bonds) |
  |   Vbias prefactor (k)  :  0.0013 Eh       |
  |   Vbias exponent (α)   :  1.0000 bohr⁻²   |
  :::::::::: starting static MTD   7 ::::::::::
  |   MD simulation time   :     7.0 ps       |
  |   target T             :   400.0 K        |
  |   timestep dt          :     5.0 fs       |
  |   dump interval(trj)   :   100.0 fs       |
  |   SHAKE algorithm      : true (all bonds) |
  |   Vbias prefactor (k)  :  0.0013 Eh       |
  |   Vbias exponent (α)   :  1.0000 bohr⁻²   |
  :::::::::: starting static MTD   2 ::::::::::
  |   MD simulation time   :     7.0 ps       |
  |   target T             :   400.0 K        |
  |   timestep dt          :     5.0 fs       |
  |   dump interval(trj)   :   100.0 fs       |
  |   SHAKE algorithm      : true (all bonds) |
  |   Vbias prefactor (k)  :  0.0013 Eh       |
  |   Vbias exponent (α)   :  1.0000 bohr⁻²   |
  :::::::::: starting static MTD  11 ::::::::::
  |   MD simulation time   :     7.0 ps       |
  |   target T             :   400.0 K        |
  |   timestep dt          :     5.0 fs       |
  |   dump interval(trj)   :   100.0 fs       |
  |   SHAKE algorithm      : true (all bonds) |
  |   Vbias prefactor (k)  :  0.0013 Eh       |
  |   Vbias exponent (α)   :  1.0000 bohr⁻²   |
  :::::::::: starting static MTD  13 ::::::::::
  |   MD simulation time   :     7.0 ps       |
  |   target T             :   400.0 K        |
  |   timestep dt          :     5.0 fs       |
  |   dump interval(trj)   :   100.0 fs       |
  |   SHAKE algorithm      : true (all bonds) |
  |   Vbias prefactor (k)  :  0.0013 Eh       |
  |   Vbias exponent (α)   :  1.0000 bohr⁻²   |
  :::::::::: starting static MTD  15 ::::::::::
  |   MD simulation time   :     7.0 ps       |
  |   target T             :   400.0 K        |
  |   timestep dt          :     5.0 fs       |
  |   dump interval(trj)   :   100.0 fs       |
  |   SHAKE algorithm      : true (all bonds) |
  |   Vbias prefactor (k)  :  0.0013 Eh       |
  |   Vbias exponent (α)   :  1.0000 bohr⁻²   |
  :::::::::: starting static MTD   6 ::::::::::
  |   MD simulation time   :     7.0 ps       |
  |   target T             :   400.0 K        |
  |   timestep dt          :     5.0 fs       |
  |   dump interval(trj)   :   100.0 fs       |
  |   SHAKE algorithm      : true (all bonds) |
  |   Vbias prefactor (k)  :  0.0013 Eh       |
  |   Vbias exponent (α)   :  1.0000 bohr⁻²   |
  :::::::::: starting static MTD  14 ::::::::::
  |   MD simulation time   :     7.0 ps       |
  |   target T             :   400.0 K        |
  |   timestep dt          :     5.0 fs       |
  |   dump interval(trj)   :   100.0 fs       |
  |   SHAKE algorithm      : true (all bonds) |
  |   Vbias prefactor (k)  :  0.0013 Eh       |
  |   Vbias exponent (α)   :  1.0000 bohr⁻²   |
  :::::::::: starting static MTD   9 ::::::::::
  |   MD simulation time   :     7.0 ps       |
  |   target T             :   400.0 K        |
  |   timestep dt          :     5.0 fs       |
  |   dump interval(trj)   :   100.0 fs       |
  |   SHAKE algorithm      : true (all bonds) |
  |   Vbias prefactor (k)  :  0.0013 Eh       |
  |   Vbias exponent (α)   :  1.0000 bohr⁻²   |
  :::::::::: starting static MTD  12 ::::::::::
  |   MD simulation time   :     7.0 ps       |
  |   target T             :   400.0 K        |
  |   timestep dt          :     5.0 fs       |
  |   dump interval(trj)   :   100.0 fs       |
  |   SHAKE algorithm      : true (all bonds) |
  |   Vbias prefactor (k)  :  0.0013 Eh       |
  |   Vbias exponent (α)   :  1.0000 bohr⁻²   |
  :::::::::: starting static MTD  10 ::::::::::
  |   MD simulation time   :     7.0 ps       |
  |   target T             :   400.0 K        |
  |   timestep dt          :     5.0 fs       |
  |   dump interval(trj)   :   100.0 fs       |
  |   SHAKE algorithm      : true (all bonds) |
  |   Vbias prefactor (k)  :  0.0013 Eh       |
  |   Vbias exponent (α)   :  1.0000 bohr⁻²   |
*sMTD   6 completed successfully ...        0 min, 35.447 sec
  :::::::::: starting static MTD  16 ::::::::::
  |   MD simulation time   :     7.0 ps       |
  |   target T             :   400.0 K        |
  |   timestep dt          :     5.0 fs       |
  |   dump interval(trj)   :   100.0 fs       |
  |   SHAKE algorithm      : true (all bonds) |
  |   Vbias prefactor (k)  :  0.0013 Eh       |
  |   Vbias exponent (α)   :  1.0000 bohr⁻²   |
*sMTD  10 completed successfully ...        0 min, 35.564 sec
  :::::::::: starting static MTD  17 ::::::::::
  |   MD simulation time   :     7.0 ps       |
  |   target T             :   400.0 K        |
  |   timestep dt          :     5.0 fs       |
  |   dump interval(trj)   :   100.0 fs       |
  |   SHAKE algorithm      : true (all bonds) |
  |   Vbias prefactor (k)  :  0.0013 Eh       |
  |   Vbias exponent (α)   :  1.0000 bohr⁻²   |
*sMTD  15 completed successfully ...        0 min, 35.599 sec
  :::::::::: starting static MTD  18 ::::::::::
  |   MD simulation time   :     7.0 ps       |
  |   target T             :   400.0 K        |
  |   timestep dt          :     5.0 fs       |
  |   dump interval(trj)   :   100.0 fs       |
  |   SHAKE algorithm      : true (all bonds) |
  |   Vbias prefactor (k)  :  0.0013 Eh       |
  |   Vbias exponent (α)   :  1.0000 bohr⁻²   |
*sMTD  13 completed successfully ...        0 min, 35.625 sec
  :::::::::: starting static MTD  19 ::::::::::
  |   MD simulation time   :     7.0 ps       |
  |   target T             :   400.0 K        |
  |   timestep dt          :     5.0 fs       |
  |   dump interval(trj)   :   100.0 fs       |
  |   SHAKE algorithm      : true (all bonds) |
  |   Vbias prefactor (k)  :  0.0013 Eh       |
  |   Vbias exponent (α)   :  1.0000 bohr⁻²   |
*sMTD   2 completed successfully ...        0 min, 35.713 sec
  :::::::::: starting static MTD  20 ::::::::::
  |   MD simulation time   :     7.0 ps       |
  |   target T             :   400.0 K        |
  |   timestep dt          :     5.0 fs       |
  |   dump interval(trj)   :   100.0 fs       |
  |   SHAKE algorithm      : true (all bonds) |
  |   Vbias prefactor (k)  :  0.0013 Eh       |
  |   Vbias exponent (α)   :  1.0000 bohr⁻²   |
*sMTD   3 completed successfully ...        0 min, 35.737 sec
  :::::::::: starting static MTD  21 ::::::::::
  |   MD simulation time   :     7.0 ps       |
  |   target T             :   400.0 K        |
  |   timestep dt          :     5.0 fs       |
  |   dump interval(trj)   :   100.0 fs       |
  |   SHAKE algorithm      : true (all bonds) |
  |   Vbias prefactor (k)  :  0.0013 Eh       |
  |   Vbias exponent (α)   :  1.0000 bohr⁻²   |
*sMTD  12 completed successfully ...        0 min, 35.754 sec
  :::::::::: starting static MTD  22 ::::::::::
  |   MD simulation time   :     7.0 ps       |
  |   target T             :   400.0 K        |
  |   timestep dt          :     5.0 fs       |
  |   dump interval(trj)   :   100.0 fs       |
  |   SHAKE algorithm      : true (all bonds) |
  |   Vbias prefactor (k)  :  0.0013 Eh       |
  |   Vbias exponent (α)   :  1.0000 bohr⁻²   |
*sMTD   7 completed successfully ...        0 min, 35.760 sec
  :::::::::: starting static MTD  23 ::::::::::
  |   MD simulation time   :     7.0 ps       |
  |   target T             :   400.0 K        |
  |   timestep dt          :     5.0 fs       |
  |   dump interval(trj)   :   100.0 fs       |
  |   SHAKE algorithm      : true (all bonds) |
  |   Vbias prefactor (k)  :  0.0013 Eh       |
  |   Vbias exponent (α)   :  1.0000 bohr⁻²   |
*sMTD   5 completed successfully ...        0 min, 35.771 sec
  :::::::::: starting static MTD  24 ::::::::::
  |   MD simulation time   :     7.0 ps       |
  |   target T             :   400.0 K        |
  |   timestep dt          :     5.0 fs       |
  |   dump interval(trj)   :   100.0 fs       |
  |   SHAKE algorithm      : true (all bonds) |
  |   Vbias prefactor (k)  :  0.0013 Eh       |
  |   Vbias exponent (α)   :  1.0000 bohr⁻²   |
*sMTD  36 completed successfully ...        0 min, 35.792 sec
  :::::::::: starting static MTD  35 ::::::::::
  |   MD simulation time   :     7.0 ps       |
  |   target T             :   400.0 K        |
  |   timestep dt          :     5.0 fs       |
  |   dump interval(trj)   :   100.0 fs       |
  |   SHAKE algorithm      : true (all bonds) |
  |   Vbias prefactor (k)  :  0.0013 Eh       |
  |   Vbias exponent (α)   :  1.0000 bohr⁻²   |
*sMTD   8 completed successfully ...        0 min, 35.797 sec
  :::::::::: starting static MTD  25 ::::::::::
  |   MD simulation time   :     7.0 ps       |
  |   target T             :   400.0 K        |
  |   timestep dt          :     5.0 fs       |
  |   dump interval(trj)   :   100.0 fs       |
  |   SHAKE algorithm      : true (all bonds) |
  |   Vbias prefactor (k)  :  0.0013 Eh       |
  |   Vbias exponent (α)   :  1.0000 bohr⁻²   |
*sMTD  11 completed successfully ...        0 min, 35.833 sec
  :::::::::: starting static MTD  26 ::::::::::
  |   MD simulation time   :     7.0 ps       |
  |   target T             :   400.0 K        |
  |   timestep dt          :     5.0 fs       |
  |   dump interval(trj)   :   100.0 fs       |
  |   SHAKE algorithm      : true (all bonds) |
  |   Vbias prefactor (k)  :  0.0013 Eh       |
  |   Vbias exponent (α)   :  1.0000 bohr⁻²   |
*sMTD   9 completed successfully ...        0 min, 36.220 sec
  :::::::::: starting static MTD  27 ::::::::::
  |   MD simulation time   :     7.0 ps       |
  |   target T             :   400.0 K        |
  |   timestep dt          :     5.0 fs       |
  |   dump interval(trj)   :   100.0 fs       |
  |   SHAKE algorithm      : true (all bonds) |
  |   Vbias prefactor (k)  :  0.0013 Eh       |
  |   Vbias exponent (α)   :  1.0000 bohr⁻²   |
*sMTD   4 completed successfully ...        0 min, 36.271 sec
  :::::::::: starting static MTD  28 ::::::::::
  |   MD simulation time   :     7.0 ps       |
  |   target T             :   400.0 K        |
  |   timestep dt          :     5.0 fs       |
  |   dump interval(trj)   :   100.0 fs       |
  |   SHAKE algorithm      : true (all bonds) |
  |   Vbias prefactor (k)  :  0.0013 Eh       |
  |   Vbias exponent (α)   :  1.0000 bohr⁻²   |
*sMTD  14 completed successfully ...        0 min, 36.281 sec
  :::::::::: starting static MTD  29 ::::::::::
  |   MD simulation time   :     7.0 ps       |
  |   target T             :   400.0 K        |
  |   timestep dt          :     5.0 fs       |
  |   dump interval(trj)   :   100.0 fs       |
  |   SHAKE algorithm      : true (all bonds) |
  |   Vbias prefactor (k)  :  0.0013 Eh       |
  |   Vbias exponent (α)   :  1.0000 bohr⁻²   |
*sMTD   1 completed successfully ...        0 min, 36.527 sec
  :::::::::: starting static MTD  30 ::::::::::
  |   MD simulation time   :     7.0 ps       |
  |   target T             :   400.0 K        |
  |   timestep dt          :     5.0 fs       |
  |   dump interval(trj)   :   100.0 fs       |
  |   SHAKE algorithm      : true (all bonds) |
  |   Vbias prefactor (k)  :  0.0013 Eh       |
  |   Vbias exponent (α)   :  1.0000 bohr⁻²   |
*sMTD  16 completed successfully ...        0 min, 35.335 sec
  :::::::::: starting static MTD  31 ::::::::::
  |   MD simulation time   :     7.0 ps       |
  |   target T             :   400.0 K        |
  |   timestep dt          :     5.0 fs       |
  |   dump interval(trj)   :   100.0 fs       |
  |   SHAKE algorithm      : true (all bonds) |
  |   Vbias prefactor (k)  :  0.0013 Eh       |
  |   Vbias exponent (α)   :  1.0000 bohr⁻²   |
*sMTD  19 completed successfully ...        0 min, 35.294 sec
  :::::::::: starting static MTD  32 ::::::::::
  |   MD simulation time   :     7.0 ps       |
  |   target T             :   400.0 K        |
  |   timestep dt          :     5.0 fs       |
  |   dump interval(trj)   :   100.0 fs       |
  |   SHAKE algorithm      : true (all bonds) |
  |   Vbias prefactor (k)  :  0.0013 Eh       |
  |   Vbias exponent (α)   :  1.0000 bohr⁻²   |
*sMTD  20 completed successfully ...        0 min, 35.516 sec
  :::::::::: starting static MTD  33 ::::::::::
  |   MD simulation time   :     7.0 ps       |
  |   target T             :   400.0 K        |
  |   timestep dt          :     5.0 fs       |
  |   dump interval(trj)   :   100.0 fs       |
  |   SHAKE algorithm      : true (all bonds) |
  |   Vbias prefactor (k)  :  0.0013 Eh       |
  |   Vbias exponent (α)   :  1.0000 bohr⁻²   |
*sMTD  35 completed successfully ...        0 min, 35.503 sec
  :::::::::: starting static MTD  34 ::::::::::
  |   MD simulation time   :     7.0 ps       |
  |   target T             :   400.0 K        |
  |   timestep dt          :     5.0 fs       |
  |   dump interval(trj)   :   100.0 fs       |
  |   SHAKE algorithm      : true (all bonds) |
  |   Vbias prefactor (k)  :  0.0013 Eh       |
  |   Vbias exponent (α)   :  1.0000 bohr⁻²   |
*sMTD  24 completed successfully ...        0 min, 35.528 sec
*sMTD  26 completed successfully ...        0 min, 35.486 sec
*sMTD  21 completed successfully ...        0 min, 35.702 sec
*sMTD  18 completed successfully ...        0 min, 35.902 sec
*sMTD  25 completed successfully ...        0 min, 35.793 sec
*sMTD  22 completed successfully ...        0 min, 35.896 sec
*sMTD  23 completed successfully ...        0 min, 36.159 sec
*sMTD  27 completed successfully ...        0 min, 35.810 sec
*sMTD  29 completed successfully ...        0 min, 35.772 sec
*sMTD  28 completed successfully ...        0 min, 35.946 sec
*sMTD  17 completed successfully ...        0 min, 36.673 sec
*sMTD  30 completed successfully ...        0 min, 35.980 sec
*sMTD  31 completed successfully ...        0 min, 27.782 sec
*sMTD  32 completed successfully ...        0 min, 28.055 sec
*sMTD  34 completed successfully ...        0 min, 27.779 sec
*sMTD  33 completed successfully ...        0 min, 28.112 sec

 ======================================
 |  Multilevel Ensemble Optimization  |
 ======================================
 Optimizing all 2484 structures from file "crest_rotamers_0.xyz" ...
 ----------------------
 crude pre-optimization
 ----------------------
 Optimization engine: ANCOPT
 Hessian update type: BFGS
 E/G convergence criteria:  0.500E-03 Eh, 0.100E-01 Eh/a0
 maximum optimization steps: 200
 |>0.0% |>7.5% |>15.0% |>22.5% |>30.0% |>37.5% |>45.0% |>52.5% |>60.0% |>67.5% |>75.0% |>82.5% |>90.0% |>97.5% |>100.0%
 done.
> 2484 of 2484 structures successfully optimized (100.0% success)
> Total runtime for 2484 optimizations:
 * wall-time:     0 d,  0 h,  0 min, 37.955 sec
 *  cpu-time:     0 d,  0 h,  9 min, 56.130 sec
 * ratio c/w:    15.706 speedup
> Corresponding to approximately 0.015 sec per processed structure

CREGEN> running RMSDs ... done.
CREGEN> E lowest :   -38.73507
 2195 structures remain within    12.00 kcal/mol window
 ---------------------------------------
 optimization with very tight thresholds
 ---------------------------------------
 Optimization engine: ANCOPT
 Hessian update type: BFGS
 E/G convergence criteria:  0.100E-06 Eh, 0.200E-03 Eh/a0
 maximum optimization steps: 200
 |>0.0% |>7.5% |>15.0% |>22.5% |>30.0% |>37.5% |>45.0% |>52.5% |>60.0% |>67.5% |>75.0% |>82.5% |>90.0% |>97.5% |>100.0%
 done.
> 2190 of 2195 structures successfully optimized (99.8% success)
> Total runtime for 2195 optimizations:
 * wall-time:     0 d,  0 h,  2 min, 43.129 sec
 *  cpu-time:     0 d,  0 h, 43 min,  8.037 sec
 * ratio c/w:    15.865 speedup
> Corresponding to approximately 0.074 sec per processed structure

CREGEN> running RMSDs ... done.
CREGEN> E lowest :   -38.73547
 515 structures remain within     6.00 kcal/mol window
CREGEN> running RMSDs ... done.
CREGEN> E lowest :   -38.73547

 Static MTD simulation iteration 1 finished
 A total of 560 conformers (+27.14%) in crest_conformers.xyz
 S(approx.) =   10.450059 cal/molK (dS = 6.37%)
 Convergence w.r.t. conformers: F
 Convergence w.r.t. entropy   : F

     H(298.15K)-H(0) (conf)      1.074977
                   Cp(conf)      2.920970
                    S(conf)     10.447332

********************************************************************************
**                     I T E R A T I O N    C Y C L E      2                  **
********************************************************************************
 -------------------------------------------
 determining bias structures via PCA/k-Means
 -------------------------------------------

 5 structures were selected
 done.

 -----------------------------------------------
 determining MTD seed structures via PCA/k-Means
 -----------------------------------------------

 36 structures were selected
 done.


 ===========================================================
 Static MTDs (umbrella sampling) on 36 selected conformer(s)
 ===========================================================
> Using 5 constant RMSD bias potentials per MTD
  :::::::::: starting static MTD   1 ::::::::::
  |   MD simulation time   :     7.0 ps       |
  |   target T             :   400.0 K        |
  |   timestep dt          :     5.0 fs       |
  |   dump interval(trj)   :   100.0 fs       |
  |   SHAKE algorithm      : true (all bonds) |
  |   Vbias prefactor (k)  :  0.0013 Eh       |
  |   Vbias exponent (α)   :  1.0000 bohr⁻²   |
  :::::::::: starting static MTD  11 ::::::::::
  |   MD simulation time   :     7.0 ps       |
  |   target T             :   400.0 K        |
  |   timestep dt          :     5.0 fs       |
  |   dump interval(trj)   :   100.0 fs       |
  |   SHAKE algorithm      : true (all bonds) |
  |   Vbias prefactor (k)  :  0.0013 Eh       |
  |   Vbias exponent (α)   :  1.0000 bohr⁻²   |
  :::::::::: starting static MTD  13 ::::::::::
  |   MD simulation time   :     7.0 ps       |
  |   target T             :   400.0 K        |
  |   timestep dt          :     5.0 fs       |
  |   dump interval(trj)   :   100.0 fs       |
  |   SHAKE algorithm      : true (all bonds) |
  |   Vbias prefactor (k)  :  0.0013 Eh       |
  |   Vbias exponent (α)   :  1.0000 bohr⁻²   |
  :::::::::: starting static MTD  14 ::::::::::
  |   MD simulation time   :     7.0 ps       |
  |   target T             :   400.0 K        |
  |   timestep dt          :     5.0 fs       |
  |   dump interval(trj)   :   100.0 fs       |
  |   SHAKE algorithm      : true (all bonds) |
  |   Vbias prefactor (k)  :  0.0013 Eh       |
  |   Vbias exponent (α)   :  1.0000 bohr⁻²   |
  :::::::::: starting static MTD   5 ::::::::::
  |   MD simulation time   :     7.0 ps       |
  |   target T             :   400.0 K        |
  |   timestep dt          :     5.0 fs       |
  |   dump interval(trj)   :   100.0 fs       |
  |   SHAKE algorithm      : true (all bonds) |
  |   Vbias prefactor (k)  :  0.0013 Eh       |
  |   Vbias exponent (α)   :  1.0000 bohr⁻²   |
  :::::::::: starting static MTD  15 ::::::::::
  |   MD simulation time   :     7.0 ps       |
  |   target T             :   400.0 K        |
  |   timestep dt          :     5.0 fs       |
  |   dump interval(trj)   :   100.0 fs       |
  |   SHAKE algorithm      : true (all bonds) |
  |   Vbias prefactor (k)  :  0.0013 Eh       |
  |   Vbias exponent (α)   :  1.0000 bohr⁻²   |
  :::::::::: starting static MTD  36 ::::::::::
  |   MD simulation time   :     7.0 ps       |
  |   target T             :   400.0 K        |
  |   timestep dt          :     5.0 fs       |
  |   dump interval(trj)   :   100.0 fs       |
  |   SHAKE algorithm      : true (all bonds) |
  |   Vbias prefactor (k)  :  0.0013 Eh       |
  |   Vbias exponent (α)   :  1.0000 bohr⁻²   |
  :::::::::: starting static MTD   3 ::::::::::
  |   MD simulation time   :     7.0 ps       |
  |   target T             :   400.0 K        |
  |   timestep dt          :     5.0 fs       |
  |   dump interval(trj)   :   100.0 fs       |
  |   SHAKE algorithm      : true (all bonds) |
  |   Vbias prefactor (k)  :  0.0013 Eh       |
  |   Vbias exponent (α)   :  1.0000 bohr⁻²   |
  :::::::::: starting static MTD   9 ::::::::::
  |   MD simulation time   :     7.0 ps       |
  |   target T             :   400.0 K        |
  |   timestep dt          :     5.0 fs       |
  |   dump interval(trj)   :   100.0 fs       |
  |   SHAKE algorithm      : true (all bonds) |
  |   Vbias prefactor (k)  :  0.0013 Eh       |
  |   Vbias exponent (α)   :  1.0000 bohr⁻²   |
  :::::::::: starting static MTD   7 ::::::::::
  |   MD simulation time   :     7.0 ps       |
  |   target T             :   400.0 K        |
  |   timestep dt          :     5.0 fs       |
  |   dump interval(trj)   :   100.0 fs       |
  |   SHAKE algorithm      : true (all bonds) |
  |   Vbias prefactor (k)  :  0.0013 Eh       |
  |   Vbias exponent (α)   :  1.0000 bohr⁻²   |
  :::::::::: starting static MTD   6 ::::::::::
  |   MD simulation time   :     7.0 ps       |
  |   target T             :   400.0 K        |
  |   timestep dt          :     5.0 fs       |
  |   dump interval(trj)   :   100.0 fs       |
  |   SHAKE algorithm      : true (all bonds) |
  |   Vbias prefactor (k)  :  0.0013 Eh       |
  |   Vbias exponent (α)   :  1.0000 bohr⁻²   |
  :::::::::: starting static MTD  12 ::::::::::
  |   MD simulation time   :     7.0 ps       |
  |   target T             :   400.0 K        |
  |   timestep dt          :     5.0 fs       |
  |   dump interval(trj)   :   100.0 fs       |
  |   SHAKE algorithm      : true (all bonds) |
  |   Vbias prefactor (k)  :  0.0013 Eh       |
  |   Vbias exponent (α)   :  1.0000 bohr⁻²   |
  :::::::::: starting static MTD   8 ::::::::::
  |   MD simulation time   :     7.0 ps       |
  |   target T             :   400.0 K        |
  |   timestep dt          :     5.0 fs       |
  |   dump interval(trj)   :   100.0 fs       |
  |   SHAKE algorithm      : true (all bonds) |
  |   Vbias prefactor (k)  :  0.0013 Eh       |
  |   Vbias exponent (α)   :  1.0000 bohr⁻²   |
  :::::::::: starting static MTD   2 ::::::::::
  |   MD simulation time   :     7.0 ps       |
  |   target T             :   400.0 K        |
  |   timestep dt          :     5.0 fs       |
  |   dump interval(trj)   :   100.0 fs       |
  |   SHAKE algorithm      : true (all bonds) |
  |   Vbias prefactor (k)  :  0.0013 Eh       |
  |   Vbias exponent (α)   :  1.0000 bohr⁻²   |
  :::::::::: starting static MTD   4 ::::::::::
  |   MD simulation time   :     7.0 ps       |
  |   target T             :   400.0 K        |
  |   timestep dt          :     5.0 fs       |
  |   dump interval(trj)   :   100.0 fs       |
  |   SHAKE algorithm      : true (all bonds) |
  |   Vbias prefactor (k)  :  0.0013 Eh       |
  |   Vbias exponent (α)   :  1.0000 bohr⁻²   |
  :::::::::: starting static MTD  10 ::::::::::
  |   MD simulation time   :     7.0 ps       |
  |   target T             :   400.0 K        |
  |   timestep dt          :     5.0 fs       |
  |   dump interval(trj)   :   100.0 fs       |
  |   SHAKE algorithm      : true (all bonds) |
  |   Vbias prefactor (k)  :  0.0013 Eh       |
  |   Vbias exponent (α)   :  1.0000 bohr⁻²   |
*sMTD   9 completed successfully ...        0 min, 35.233 sec
  :::::::::: starting static MTD  16 ::::::::::
  |   MD simulation time   :     7.0 ps       |
  |   target T             :   400.0 K        |
  |   timestep dt          :     5.0 fs       |
  |   dump interval(trj)   :   100.0 fs       |
  |   SHAKE algorithm      : true (all bonds) |
  |   Vbias prefactor (k)  :  0.0013 Eh       |
  |   Vbias exponent (α)   :  1.0000 bohr⁻²   |
*sMTD   3 completed successfully ...        0 min, 35.346 sec
  :::::::::: starting static MTD  17 ::::::::::
  |   MD simulation time   :     7.0 ps       |
  |   target T             :   400.0 K        |
  |   timestep dt          :     5.0 fs       |
  |   dump interval(trj)   :   100.0 fs       |
  |   SHAKE algorithm      : true (all bonds) |
  |   Vbias prefactor (k)  :  0.0013 Eh       |
  |   Vbias exponent (α)   :  1.0000 bohr⁻²   |
*sMTD  13 completed successfully ...        0 min, 35.350 sec
  :::::::::: starting static MTD  18 ::::::::::
  |   MD simulation time   :     7.0 ps       |
  |   target T             :   400.0 K        |
  |   timestep dt          :     5.0 fs       |
  |   dump interval(trj)   :   100.0 fs       |
  |   SHAKE algorithm      : true (all bonds) |
  |   Vbias prefactor (k)  :  0.0013 Eh       |
  |   Vbias exponent (α)   :  1.0000 bohr⁻²   |
*sMTD   2 completed successfully ...        0 min, 35.462 sec
  :::::::::: starting static MTD  19 ::::::::::
  |   MD simulation time   :     7.0 ps       |
  |   target T             :   400.0 K        |
  |   timestep dt          :     5.0 fs       |
  |   dump interval(trj)   :   100.0 fs       |
  |   SHAKE algorithm      : true (all bonds) |
  |   Vbias prefactor (k)  :  0.0013 Eh       |
  |   Vbias exponent (α)   :  1.0000 bohr⁻²   |
*sMTD   7 completed successfully ...        0 min, 35.550 sec
  :::::::::: starting static MTD  20 ::::::::::
  |   MD simulation time   :     7.0 ps       |
  |   target T             :   400.0 K        |
  |   timestep dt          :     5.0 fs       |
  |   dump interval(trj)   :   100.0 fs       |
  |   SHAKE algorithm      : true (all bonds) |
  |   Vbias prefactor (k)  :  0.0013 Eh       |
  |   Vbias exponent (α)   :  1.0000 bohr⁻²   |
*sMTD   6 completed successfully ...        0 min, 35.591 sec
  :::::::::: starting static MTD  21 ::::::::::
  |   MD simulation time   :     7.0 ps       |
  |   target T             :   400.0 K        |
  |   timestep dt          :     5.0 fs       |
  |   dump interval(trj)   :   100.0 fs       |
  |   SHAKE algorithm      : true (all bonds) |
  |   Vbias prefactor (k)  :  0.0013 Eh       |
  |   Vbias exponent (α)   :  1.0000 bohr⁻²   |
*sMTD  10 completed successfully ...        0 min, 35.636 sec
  :::::::::: starting static MTD  22 ::::::::::
  |   MD simulation time   :     7.0 ps       |
  |   target T             :   400.0 K        |
  |   timestep dt          :     5.0 fs       |
  |   dump interval(trj)   :   100.0 fs       |
  |   SHAKE algorithm      : true (all bonds) |
  |   Vbias prefactor (k)  :  0.0013 Eh       |
  |   Vbias exponent (α)   :  1.0000 bohr⁻²   |
*sMTD   8 completed successfully ...        0 min, 35.698 sec
  :::::::::: starting static MTD  23 ::::::::::
  |   MD simulation time   :     7.0 ps       |
  |   target T             :   400.0 K        |
  |   timestep dt          :     5.0 fs       |
  |   dump interval(trj)   :   100.0 fs       |
  |   SHAKE algorithm      : true (all bonds) |
  |   Vbias prefactor (k)  :  0.0013 Eh       |
  |   Vbias exponent (α)   :  1.0000 bohr⁻²   |
*sMTD  11 completed successfully ...        0 min, 35.794 sec
  :::::::::: starting static MTD  24 ::::::::::
  |   MD simulation time   :     7.0 ps       |
  |   target T             :   400.0 K        |
  |   timestep dt          :     5.0 fs       |
  |   dump interval(trj)   :   100.0 fs       |
  |   SHAKE algorithm      : true (all bonds) |
  |   Vbias prefactor (k)  :  0.0013 Eh       |
  |   Vbias exponent (α)   :  1.0000 bohr⁻²   |
*sMTD  14 completed successfully ...        0 min, 35.802 sec
  :::::::::: starting static MTD  25 ::::::::::
  |   MD simulation time   :     7.0 ps       |
  |   target T             :   400.0 K        |
  |   timestep dt          :     5.0 fs       |
  |   dump interval(trj)   :   100.0 fs       |
  |   SHAKE algorithm      : true (all bonds) |
  |   Vbias prefactor (k)  :  0.0013 Eh       |
  |   Vbias exponent (α)   :  1.0000 bohr⁻²   |
*sMTD   4 completed successfully ...        0 min, 35.885 sec
  :::::::::: starting static MTD  26 ::::::::::
  |   MD simulation time   :     7.0 ps       |
  |   target T             :   400.0 K        |
  |   timestep dt          :     5.0 fs       |
  |   dump interval(trj)   :   100.0 fs       |
  |   SHAKE algorithm      : true (all bonds) |
  |   Vbias prefactor (k)  :  0.0013 Eh       |
  |   Vbias exponent (α)   :  1.0000 bohr⁻²   |
*sMTD  12 completed successfully ...        0 min, 35.891 sec
  :::::::::: starting static MTD  27 ::::::::::
  |   MD simulation time   :     7.0 ps       |
  |   target T             :   400.0 K        |
  |   timestep dt          :     5.0 fs       |
  |   dump interval(trj)   :   100.0 fs       |
  |   SHAKE algorithm      : true (all bonds) |
  |   Vbias prefactor (k)  :  0.0013 Eh       |
  |   Vbias exponent (α)   :  1.0000 bohr⁻²   |
*sMTD  15 completed successfully ...        0 min, 35.893 sec
  :::::::::: starting static MTD  28 ::::::::::
  |   MD simulation time   :     7.0 ps       |
  |   target T             :   400.0 K        |
  |   timestep dt          :     5.0 fs       |
  |   dump interval(trj)   :   100.0 fs       |
  |   SHAKE algorithm      : true (all bonds) |
  |   Vbias prefactor (k)  :  0.0013 Eh       |
  |   Vbias exponent (α)   :  1.0000 bohr⁻²   |
*sMTD  36 completed successfully ...        0 min, 36.005 sec
  :::::::::: starting static MTD  35 ::::::::::
  |   MD simulation time   :     7.0 ps       |
  |   target T             :   400.0 K        |
  |   timestep dt          :     5.0 fs       |
  |   dump interval(trj)   :   100.0 fs       |
  |   SHAKE algorithm      : true (all bonds) |
  |   Vbias prefactor (k)  :  0.0013 Eh       |
  |   Vbias exponent (α)   :  1.0000 bohr⁻²   |
*sMTD   5 completed successfully ...        0 min, 36.211 sec
  :::::::::: starting static MTD  29 ::::::::::
  |   MD simulation time   :     7.0 ps       |
  |   target T             :   400.0 K        |
  |   timestep dt          :     5.0 fs       |
  |   dump interval(trj)   :   100.0 fs       |
  |   SHAKE algorithm      : true (all bonds) |
  |   Vbias prefactor (k)  :  0.0013 Eh       |
  |   Vbias exponent (α)   :  1.0000 bohr⁻²   |
*sMTD   1 completed successfully ...        0 min, 36.827 sec
  :::::::::: starting static MTD  30 ::::::::::
  |   MD simulation time   :     7.0 ps       |
  |   target T             :   400.0 K        |
  |   timestep dt          :     5.0 fs       |
  |   dump interval(trj)   :   100.0 fs       |
  |   SHAKE algorithm      : true (all bonds) |
  |   Vbias prefactor (k)  :  0.0013 Eh       |
  |   Vbias exponent (α)   :  1.0000 bohr⁻²   |
*sMTD  17 completed successfully ...        0 min, 35.524 sec
  :::::::::: starting static MTD  31 ::::::::::
  |   MD simulation time   :     7.0 ps       |
  |   target T             :   400.0 K        |
  |   timestep dt          :     5.0 fs       |
  |   dump interval(trj)   :   100.0 fs       |
  |   SHAKE algorithm      : true (all bonds) |
  |   Vbias prefactor (k)  :  0.0013 Eh       |
  |   Vbias exponent (α)   :  1.0000 bohr⁻²   |
*sMTD  18 completed successfully ...        0 min, 35.550 sec
  :::::::::: starting static MTD  32 ::::::::::
  |   MD simulation time   :     7.0 ps       |
  |   target T             :   400.0 K        |
  |   timestep dt          :     5.0 fs       |
  |   dump interval(trj)   :   100.0 fs       |
  |   SHAKE algorithm      : true (all bonds) |
  |   Vbias prefactor (k)  :  0.0013 Eh       |
  |   Vbias exponent (α)   :  1.0000 bohr⁻²   |
*sMTD  21 completed successfully ...        0 min, 35.463 sec
  :::::::::: starting static MTD  33 ::::::::::
  |   MD simulation time   :     7.0 ps       |
  |   target T             :   400.0 K        |
  |   timestep dt          :     5.0 fs       |
  |   dump interval(trj)   :   100.0 fs       |
  |   SHAKE algorithm      : true (all bonds) |
  |   Vbias prefactor (k)  :  0.0013 Eh       |
  |   Vbias exponent (α)   :  1.0000 bohr⁻²   |
*sMTD  19 completed successfully ...        0 min, 35.722 sec
  :::::::::: starting static MTD  34 ::::::::::
  |   MD simulation time   :     7.0 ps       |
  |   target T             :   400.0 K        |
  |   timestep dt          :     5.0 fs       |
  |   dump interval(trj)   :   100.0 fs       |
  |   SHAKE algorithm      : true (all bonds) |
  |   Vbias prefactor (k)  :  0.0013 Eh       |
  |   Vbias exponent (α)   :  1.0000 bohr⁻²   |
*sMTD  29 completed successfully ...        0 min, 35.098 sec
*sMTD  20 completed successfully ...        0 min, 35.761 sec
*sMTD  27 completed successfully ...        0 min, 35.614 sec
*sMTD  22 completed successfully ...        0 min, 35.886 sec
*sMTD  24 completed successfully ...        0 min, 35.749 sec
*sMTD  26 completed successfully ...        0 min, 35.696 sec
*sMTD  25 completed successfully ...        0 min, 35.819 sec
*sMTD  23 completed successfully ...        0 min, 35.950 sec
*sMTD  16 completed successfully ...        0 min, 36.537 sec
*sMTD  35 completed successfully ...        0 min, 35.774 sec
*sMTD  28 completed successfully ...        0 min, 36.070 sec
*sMTD  30 completed successfully ...        0 min, 35.527 sec
*sMTD  32 completed successfully ...        0 min, 27.762 sec
*sMTD  33 completed successfully ...        0 min, 27.996 sec
*sMTD  34 completed successfully ...        0 min, 28.107 sec
*sMTD  31 completed successfully ...        0 min, 28.888 sec

 ======================================
 |  Multilevel Ensemble Optimization  |
 ======================================
 Optimizing all 2484 structures from file "crest_rotamers_0.xyz" ...
 ----------------------
 crude pre-optimization
 ----------------------
 Optimization engine: ANCOPT
 Hessian update type: BFGS
 E/G convergence criteria:  0.500E-03 Eh, 0.100E-01 Eh/a0
 maximum optimization steps: 200
 |>0.0% |>7.5% |>15.0% |>22.5% |>30.0% |>37.5% |>45.0% |>52.5% |>60.0% |>67.5% |>75.0% |>82.5% |>90.0% |>97.5% |>100.0%
 done.
> 2484 of 2484 structures successfully optimized (100.0% success)
> Total runtime for 2484 optimizations:
 * wall-time:     0 d,  0 h,  0 min, 35.906 sec
 *  cpu-time:     0 d,  0 h,  9 min, 24.549 sec
 * ratio c/w:    15.723 speedup
> Corresponding to approximately 0.014 sec per processed structure

CREGEN> running RMSDs ... done.
CREGEN> E lowest :   -38.73532
 2070 structures remain within    12.00 kcal/mol window
 ---------------------------------------
 optimization with very tight thresholds
 ---------------------------------------
 Optimization engine: ANCOPT
 Hessian update type: BFGS
 E/G convergence criteria:  0.100E-06 Eh, 0.200E-03 Eh/a0
 maximum optimization steps: 200
 |>0.0% |>7.5% |>15.0% |>22.5% |>30.0% |>37.5% |>45.0% |>52.5% |>60.0% |>67.5% |>75.0% |>82.5% |>90.0% |>97.5% |>100.0%
 done.
> 2068 of 2070 structures successfully optimized (99.9% success)
> Total runtime for 2070 optimizations:
 * wall-time:     0 d,  0 h,  2 min, 31.554 sec
 *  cpu-time:     0 d,  0 h, 39 min, 50.877 sec
 * ratio c/w:    15.776 speedup
> Corresponding to approximately 0.073 sec per processed structure

CREGEN> running RMSDs ... done.
CREGEN> E lowest :   -38.73547
 436 structures remain within     6.00 kcal/mol window
CREGEN> running RMSDs ... done.
CREGEN> E lowest :   -38.73547

 Static MTD simulation iteration 2 finished
 A total of 647 conformers (+13.45%) in crest_conformers.xyz
 S(approx.) =   10.740086 cal/molK (dS = 2.70%)
 Convergence w.r.t. conformers: F
 Convergence w.r.t. entropy   : F

     H(298.15K)-H(0) (conf)      1.111660
                   Cp(conf)      2.966163
                    S(conf)     10.737266

********************************************************************************
**                     I T E R A T I O N    C Y C L E      3                  **
********************************************************************************
 -------------------------------------------
 determining bias structures via PCA/k-Means
 -------------------------------------------

 6 structures were selected
 done.

 -----------------------------------------------
 determining MTD seed structures via PCA/k-Means
 -----------------------------------------------

 36 structures were selected
 done.


 ===========================================================
 Static MTDs (umbrella sampling) on 36 selected conformer(s)
 ===========================================================
> Using 6 constant RMSD bias potentials per MTD
  :::::::::: starting static MTD   1 ::::::::::
  |   MD simulation time   :     7.0 ps       |
  |   target T             :   400.0 K        |
  |   timestep dt          :     5.0 fs       |
  |   dump interval(trj)   :   100.0 fs       |
  |   SHAKE algorithm      : true (all bonds) |
  |   Vbias prefactor (k)  :  0.0013 Eh       |
  |   Vbias exponent (α)   :  1.0000 bohr⁻²   |
  :::::::::: starting static MTD   4 ::::::::::
  |   MD simulation time   :     7.0 ps       |
  |   target T             :   400.0 K        |
  |   timestep dt          :     5.0 fs       |
  |   dump interval(trj)   :   100.0 fs       |
  |   SHAKE algorithm      : true (all bonds) |
  |   Vbias prefactor (k)  :  0.0013 Eh       |
  |   Vbias exponent (α)   :  1.0000 bohr⁻²   |
  :::::::::: starting static MTD   7 ::::::::::
  |   MD simulation time   :     7.0 ps       |
  |   target T             :   400.0 K        |
  |   timestep dt          :     5.0 fs       |
  |   dump interval(trj)   :   100.0 fs       |
  |   SHAKE algorithm      : true (all bonds) |
  |   Vbias prefactor (k)  :  0.0013 Eh       |
  |   Vbias exponent (α)   :  1.0000 bohr⁻²   |
  :::::::::: starting static MTD   2 ::::::::::
  |   MD simulation time   :     7.0 ps       |
  |   target T             :   400.0 K        |
  |   timestep dt          :     5.0 fs       |
  |   dump interval(trj)   :   100.0 fs       |
  |   SHAKE algorithm      : true (all bonds) |
  |   Vbias prefactor (k)  :  0.0013 Eh       |
  |   Vbias exponent (α)   :  1.0000 bohr⁻²   |
  :::::::::: starting static MTD   8 ::::::::::
  |   MD simulation time   :     7.0 ps       |
  |   target T             :   400.0 K        |
  |   timestep dt          :     5.0 fs       |
  |   dump interval(trj)   :   100.0 fs       |
  |   SHAKE algorithm      : true (all bonds) |
  |   Vbias prefactor (k)  :  0.0013 Eh       |
  |   Vbias exponent (α)   :  1.0000 bohr⁻²   |
  :::::::::: starting static MTD  36 ::::::::::
  |   MD simulation time   :     7.0 ps       |
  |   target T             :   400.0 K        |
  |   timestep dt          :     5.0 fs       |
  |   dump interval(trj)   :   100.0 fs       |
  |   SHAKE algorithm      : true (all bonds) |
  |   Vbias prefactor (k)  :  0.0013 Eh       |
  |   Vbias exponent (α)   :  1.0000 bohr⁻²   |
  :::::::::: starting static MTD  15 ::::::::::
  |   MD simulation time   :     7.0 ps       |
  |   target T             :   400.0 K        |
  |   timestep dt          :     5.0 fs       |
  |   dump interval(trj)   :   100.0 fs       |
  |   SHAKE algorithm      : true (all bonds) |
  |   Vbias prefactor (k)  :  0.0013 Eh       |
  |   Vbias exponent (α)   :  1.0000 bohr⁻²   |
  :::::::::: starting static MTD  10 ::::::::::
  |   MD simulation time   :     7.0 ps       |
  |   target T             :   400.0 K        |
  |   timestep dt          :     5.0 fs       |
  |   dump interval(trj)   :   100.0 fs       |
  |   SHAKE algorithm      : true (all bonds) |
  |   Vbias prefactor (k)  :  0.0013 Eh       |
  |   Vbias exponent (α)   :  1.0000 bohr⁻²   |
  :::::::::: starting static MTD  14 ::::::::::
  |   MD simulation time   :     7.0 ps       |
  |   target T             :   400.0 K        |
  |   timestep dt          :     5.0 fs       |
  |   dump interval(trj)   :   100.0 fs       |
  |   SHAKE algorithm      : true (all bonds) |
  |   Vbias prefactor (k)  :  0.0013 Eh       |
  |   Vbias exponent (α)   :  1.0000 bohr⁻²   |
  :::::::::: starting static MTD  13 ::::::::::
  |   MD simulation time   :     7.0 ps       |
  |   target T             :   400.0 K        |
  |   timestep dt          :     5.0 fs       |
  |   dump interval(trj)   :   100.0 fs       |
  |   SHAKE algorithm      : true (all bonds) |
  |   Vbias prefactor (k)  :  0.0013 Eh       |
  |   Vbias exponent (α)   :  1.0000 bohr⁻²   |
  :::::::::: starting static MTD  11 ::::::::::
  |   MD simulation time   :     7.0 ps       |
  |   target T             :   400.0 K        |
  |   timestep dt          :     5.0 fs       |
  |   dump interval(trj)   :   100.0 fs       |
  |   SHAKE algorithm      : true (all bonds) |
  |   Vbias prefactor (k)  :  0.0013 Eh       |
  |   Vbias exponent (α)   :  1.0000 bohr⁻²   |
  :::::::::: starting static MTD   5 ::::::::::
  |   MD simulation time   :     7.0 ps       |
  |   target T             :   400.0 K        |
  |   timestep dt          :     5.0 fs       |
  |   dump interval(trj)   :   100.0 fs       |
  |   SHAKE algorithm      : true (all bonds) |
  |   Vbias prefactor (k)  :  0.0013 Eh       |
  |   Vbias exponent (α)   :  1.0000 bohr⁻²   |
  :::::::::: starting static MTD   9 ::::::::::
  |   MD simulation time   :     7.0 ps       |
  |   target T             :   400.0 K        |
  |   timestep dt          :     5.0 fs       |
  |   dump interval(trj)   :   100.0 fs       |
  |   SHAKE algorithm      : true (all bonds) |
  |   Vbias prefactor (k)  :  0.0013 Eh       |
  |   Vbias exponent (α)   :  1.0000 bohr⁻²   |
  :::::::::: starting static MTD  12 ::::::::::
  |   MD simulation time   :     7.0 ps       |
  |   target T             :   400.0 K        |
  |   timestep dt          :     5.0 fs       |
  |   dump interval(trj)   :   100.0 fs       |
  |   SHAKE algorithm      : true (all bonds) |
  |   Vbias prefactor (k)  :  0.0013 Eh       |
  |   Vbias exponent (α)   :  1.0000 bohr⁻²   |
  :::::::::: starting static MTD   6 ::::::::::
  |   MD simulation time   :     7.0 ps       |
  |   target T             :   400.0 K        |
  |   timestep dt          :     5.0 fs       |
  |   dump interval(trj)   :   100.0 fs       |
  |   SHAKE algorithm      : true (all bonds) |
  |   Vbias prefactor (k)  :  0.0013 Eh       |
  |   Vbias exponent (α)   :  1.0000 bohr⁻²   |
  :::::::::: starting static MTD   3 ::::::::::
  |   MD simulation time   :     7.0 ps       |
  |   target T             :   400.0 K        |
  |   timestep dt          :     5.0 fs       |
  |   dump interval(trj)   :   100.0 fs       |
  |   SHAKE algorithm      : true (all bonds) |
  |   Vbias prefactor (k)  :  0.0013 Eh       |
  |   Vbias exponent (α)   :  1.0000 bohr⁻²   |
*sMTD   8 completed successfully ...        0 min, 35.365 sec
  :::::::::: starting static MTD  16 ::::::::::
  |   MD simulation time   :     7.0 ps       |
  |   target T             :   400.0 K        |
  |   timestep dt          :     5.0 fs       |
  |   dump interval(trj)   :   100.0 fs       |
  |   SHAKE algorithm      : true (all bonds) |
  |   Vbias prefactor (k)  :  0.0013 Eh       |
  |   Vbias exponent (α)   :  1.0000 bohr⁻²   |
*sMTD  11 completed successfully ...        0 min, 35.373 sec
  :::::::::: starting static MTD  17 ::::::::::
  |   MD simulation time   :     7.0 ps       |
  |   target T             :   400.0 K        |
  |   timestep dt          :     5.0 fs       |
  |   dump interval(trj)   :   100.0 fs       |
  |   SHAKE algorithm      : true (all bonds) |
  |   Vbias prefactor (k)  :  0.0013 Eh       |
  |   Vbias exponent (α)   :  1.0000 bohr⁻²   |
*sMTD   2 completed successfully ...        0 min, 35.435 sec
  :::::::::: starting static MTD  18 ::::::::::
  |   MD simulation time   :     7.0 ps       |
  |   target T             :   400.0 K        |
  |   timestep dt          :     5.0 fs       |
  |   dump interval(trj)   :   100.0 fs       |
  |   SHAKE algorithm      : true (all bonds) |
  |   Vbias prefactor (k)  :  0.0013 Eh       |
  |   Vbias exponent (α)   :  1.0000 bohr⁻²   |
*sMTD   7 completed successfully ...        0 min, 35.447 sec
  :::::::::: starting static MTD  19 ::::::::::
  |   MD simulation time   :     7.0 ps       |
  |   target T             :   400.0 K        |
  |   timestep dt          :     5.0 fs       |
  |   dump interval(trj)   :   100.0 fs       |
  |   SHAKE algorithm      : true (all bonds) |
  |   Vbias prefactor (k)  :  0.0013 Eh       |
  |   Vbias exponent (α)   :  1.0000 bohr⁻²   |
*sMTD  12 completed successfully ...        0 min, 35.462 sec
  :::::::::: starting static MTD  20 ::::::::::
  |   MD simulation time   :     7.0 ps       |
  |   target T             :   400.0 K        |
  |   timestep dt          :     5.0 fs       |
  |   dump interval(trj)   :   100.0 fs       |
  |   SHAKE algorithm      : true (all bonds) |
  |   Vbias prefactor (k)  :  0.0013 Eh       |
  |   Vbias exponent (α)   :  1.0000 bohr⁻²   |
*sMTD   6 completed successfully ...        0 min, 35.479 sec
  :::::::::: starting static MTD  21 ::::::::::
  |   MD simulation time   :     7.0 ps       |
  |   target T             :   400.0 K        |
  |   timestep dt          :     5.0 fs       |
  |   dump interval(trj)   :   100.0 fs       |
  |   SHAKE algorithm      : true (all bonds) |
  |   Vbias prefactor (k)  :  0.0013 Eh       |
  |   Vbias exponent (α)   :  1.0000 bohr⁻²   |
*sMTD   3 completed successfully ...        0 min, 35.484 sec
  :::::::::: starting static MTD  22 ::::::::::
  |   MD simulation time   :     7.0 ps       |
  |   target T             :   400.0 K        |
  |   timestep dt          :     5.0 fs       |
  |   dump interval(trj)   :   100.0 fs       |
  |   SHAKE algorithm      : true (all bonds) |
  |   Vbias prefactor (k)  :  0.0013 Eh       |
  |   Vbias exponent (α)   :  1.0000 bohr⁻²   |
*sMTD   5 completed successfully ...        0 min, 35.497 sec
  :::::::::: starting static MTD  23 ::::::::::
  |   MD simulation time   :     7.0 ps       |
  |   target T             :   400.0 K        |
  |   timestep dt          :     5.0 fs       |
  |   dump interval(trj)   :   100.0 fs       |
  |   SHAKE algorithm      : true (all bonds) |
  |   Vbias prefactor (k)  :  0.0013 Eh       |
  |   Vbias exponent (α)   :  1.0000 bohr⁻²   |
*sMTD  14 completed successfully ...        0 min, 35.702 sec
  :::::::::: starting static MTD  24 ::::::::::
  |   MD simulation time   :     7.0 ps       |
  |   target T             :   400.0 K        |
  |   timestep dt          :     5.0 fs       |
  |   dump interval(trj)   :   100.0 fs       |
  |   SHAKE algorithm      : true (all bonds) |
  |   Vbias prefactor (k)  :  0.0013 Eh       |
  |   Vbias exponent (α)   :  1.0000 bohr⁻²   |
*sMTD  15 completed successfully ...        0 min, 35.753 sec
  :::::::::: starting static MTD  25 ::::::::::
  |   MD simulation time   :     7.0 ps       |
  |   target T             :   400.0 K        |
  |   timestep dt          :     5.0 fs       |
  |   dump interval(trj)   :   100.0 fs       |
  |   SHAKE algorithm      : true (all bonds) |
  |   Vbias prefactor (k)  :  0.0013 Eh       |
  |   Vbias exponent (α)   :  1.0000 bohr⁻²   |
*sMTD   4 completed successfully ...        0 min, 35.817 sec
  :::::::::: starting static MTD  26 ::::::::::
  |   MD simulation time   :     7.0 ps       |
  |   target T             :   400.0 K        |
  |   timestep dt          :     5.0 fs       |
  |   dump interval(trj)   :   100.0 fs       |
  |   SHAKE algorithm      : true (all bonds) |
  |   Vbias prefactor (k)  :  0.0013 Eh       |
  |   Vbias exponent (α)   :  1.0000 bohr⁻²   |
*sMTD   9 completed successfully ...        0 min, 35.818 sec
  :::::::::: starting static MTD  27 ::::::::::
  |   MD simulation time   :     7.0 ps       |
  |   target T             :   400.0 K        |
  |   timestep dt          :     5.0 fs       |
  |   dump interval(trj)   :   100.0 fs       |
  |   SHAKE algorithm      : true (all bonds) |
  |   Vbias prefactor (k)  :  0.0013 Eh       |
  |   Vbias exponent (α)   :  1.0000 bohr⁻²   |
*sMTD  10 completed successfully ...        0 min, 35.904 sec
  :::::::::: starting static MTD  28 ::::::::::
  |   MD simulation time   :     7.0 ps       |
  |   target T             :   400.0 K        |
  |   timestep dt          :     5.0 fs       |
  |   dump interval(trj)   :   100.0 fs       |
  |   SHAKE algorithm      : true (all bonds) |
  |   Vbias prefactor (k)  :  0.0013 Eh       |
  |   Vbias exponent (α)   :  1.0000 bohr⁻²   |
*sMTD  13 completed successfully ...        0 min, 35.944 sec
  :::::::::: starting static MTD  29 ::::::::::
  |   MD simulation time   :     7.0 ps       |
  |   target T             :   400.0 K        |
  |   timestep dt          :     5.0 fs       |
  |   dump interval(trj)   :   100.0 fs       |
  |   SHAKE algorithm      : true (all bonds) |
  |   Vbias prefactor (k)  :  0.0013 Eh       |
  |   Vbias exponent (α)   :  1.0000 bohr⁻²   |
*sMTD  36 completed successfully ...        0 min, 36.059 sec
  :::::::::: starting static MTD  35 ::::::::::
  |   MD simulation time   :     7.0 ps       |
  |   target T             :   400.0 K        |
  |   timestep dt          :     5.0 fs       |
  |   dump interval(trj)   :   100.0 fs       |
  |   SHAKE algorithm      : true (all bonds) |
  |   Vbias prefactor (k)  :  0.0013 Eh       |
  |   Vbias exponent (α)   :  1.0000 bohr⁻²   |
*sMTD   1 completed successfully ...        0 min, 36.541 sec
  :::::::::: starting static MTD  30 ::::::::::
  |   MD simulation time   :     7.0 ps       |
  |   target T             :   400.0 K        |
  |   timestep dt          :     5.0 fs       |
  |   dump interval(trj)   :   100.0 fs       |
  |   SHAKE algorithm      : true (all bonds) |
  |   Vbias prefactor (k)  :  0.0013 Eh       |
  |   Vbias exponent (α)   :  1.0000 bohr⁻²   |
*sMTD  18 completed successfully ...        0 min, 35.699 sec
  :::::::::: starting static MTD  31 ::::::::::
  |   MD simulation time   :     7.0 ps       |
  |   target T             :   400.0 K        |
  |   timestep dt          :     5.0 fs       |
  |   dump interval(trj)   :   100.0 fs       |
  |   SHAKE algorithm      : true (all bonds) |
  |   Vbias prefactor (k)  :  0.0013 Eh       |
  |   Vbias exponent (α)   :  1.0000 bohr⁻²   |
*sMTD  16 completed successfully ...        0 min, 35.788 sec
  :::::::::: starting static MTD  32 ::::::::::
  |   MD simulation time   :     7.0 ps       |
  |   target T             :   400.0 K        |
  |   timestep dt          :     5.0 fs       |
  |   dump interval(trj)   :   100.0 fs       |
  |   SHAKE algorithm      : true (all bonds) |
  |   Vbias prefactor (k)  :  0.0013 Eh       |
  |   Vbias exponent (α)   :  1.0000 bohr⁻²   |
*sMTD  21 completed successfully ...        0 min, 35.711 sec
  :::::::::: starting static MTD  33 ::::::::::
  |   MD simulation time   :     7.0 ps       |
  |   target T             :   400.0 K        |
  |   timestep dt          :     5.0 fs       |
  |   dump interval(trj)   :   100.0 fs       |
  |   SHAKE algorithm      : true (all bonds) |
  |   Vbias prefactor (k)  :  0.0013 Eh       |
  |   Vbias exponent (α)   :  1.0000 bohr⁻²   |
*sMTD  23 completed successfully ...        0 min, 35.744 sec
  :::::::::: starting static MTD  34 ::::::::::
  |   MD simulation time   :     7.0 ps       |
  |   target T             :   400.0 K        |
  |   timestep dt          :     5.0 fs       |
  |   dump interval(trj)   :   100.0 fs       |
  |   SHAKE algorithm      : true (all bonds) |
  |   Vbias prefactor (k)  :  0.0013 Eh       |
  |   Vbias exponent (α)   :  1.0000 bohr⁻²   |
*sMTD  20 completed successfully ...        0 min, 35.816 sec
*sMTD  19 completed successfully ...        0 min, 35.902 sec
*sMTD  28 completed successfully ...        0 min, 35.627 sec
*sMTD  27 completed successfully ...        0 min, 35.783 sec
*sMTD  22 completed successfully ...        0 min, 36.126 sec
*sMTD  26 completed successfully ...        0 min, 35.824 sec
*sMTD  25 completed successfully ...        0 min, 35.946 sec
*sMTD  24 completed successfully ...        0 min, 36.179 sec
*sMTD  35 completed successfully ...        0 min, 35.949 sec
*sMTD  17 completed successfully ...        0 min, 36.776 sec
*sMTD  30 completed successfully ...        0 min, 35.713 sec
*sMTD  29 completed successfully ...        0 min, 36.338 sec
*sMTD  31 completed successfully ...        0 min, 27.513 sec
*sMTD  33 completed successfully ...        0 min, 27.968 sec
*sMTD  34 completed successfully ...        0 min, 28.466 sec
*sMTD  32 completed successfully ...        0 min, 28.588 sec

 ======================================
 |  Multilevel Ensemble Optimization  |
 ======================================
 Optimizing all 2484 structures from file "crest_rotamers_0.xyz" ...
 ----------------------
 crude pre-optimization
 ----------------------
 Optimization engine: ANCOPT
 Hessian update type: BFGS
 E/G convergence criteria:  0.500E-03 Eh, 0.100E-01 Eh/a0
 maximum optimization steps: 200
 |>0.0% |>7.5% |>15.0% |>22.5% |>30.0% |>37.5% |>45.0% |>52.5% |>60.0% |>67.5% |>75.0% |>82.5% |>90.0% |>97.5% |>100.0%
 done.
> 2484 of 2484 structures successfully optimized (100.0% success)
> Total runtime for 2484 optimizations:
 * wall-time:     0 d,  0 h,  0 min, 37.667 sec
 *  cpu-time:     0 d,  0 h,  9 min, 50.503 sec
 * ratio c/w:    15.677 speedup
> Corresponding to approximately 0.015 sec per processed structure

CREGEN> running RMSDs ... done.
CREGEN> E lowest :   -38.73505
 2089 structures remain within    12.00 kcal/mol window
 ---------------------------------------
 optimization with very tight thresholds
 ---------------------------------------
 Optimization engine: ANCOPT
 Hessian update type: BFGS
 E/G convergence criteria:  0.100E-06 Eh, 0.200E-03 Eh/a0
 maximum optimization steps: 200
 |>0.0% |>7.5% |>15.0% |>22.5% |>30.0% |>37.5% |>45.0% |>52.5% |>60.0% |>67.5% |>75.0% |>82.5% |>90.0% |>97.5% |>100.0%
 done.
> 2086 of 2089 structures successfully optimized (99.9% success)
> Total runtime for 2089 optimizations:
 * wall-time:     0 d,  0 h,  2 min, 35.893 sec
 *  cpu-time:     0 d,  0 h, 41 min,  1.941 sec
 * ratio c/w:    15.793 speedup
> Corresponding to approximately 0.075 sec per processed structure

CREGEN> running RMSDs ... done.
CREGEN> E lowest :   -38.73547
 415 structures remain within     6.00 kcal/mol window
CREGEN> running RMSDs ... done.
CREGEN> E lowest :   -38.73547

 Static MTD simulation iteration 3 finished
 A total of 714 conformers (+ 9.38%) in crest_conformers.xyz
 S(approx.) =   10.897176 cal/molK (dS = 1.44%)
 Convergence w.r.t. conformers: F
 Convergence w.r.t. entropy   : F

     H(298.15K)-H(0) (conf)      1.130387
                   Cp(conf)      3.014995
                    S(conf)     10.894254

********************************************************************************
**                     I T E R A T I O N    C Y C L E      4                  **
********************************************************************************
 -------------------------------------------
 determining bias structures via PCA/k-Means
 -------------------------------------------

 7 structures were selected
 done.

 -----------------------------------------------
 determining MTD seed structures via PCA/k-Means
 -----------------------------------------------

 36 structures were selected
 done.


 ===========================================================
 Static MTDs (umbrella sampling) on 36 selected conformer(s)
 ===========================================================
> Using 7 constant RMSD bias potentials per MTD
  :::::::::: starting static MTD   1 ::::::::::
  |   MD simulation time   :     7.0 ps       |
  |   target T             :   400.0 K        |
  |   timestep dt          :     5.0 fs       |
  |   dump interval(trj)   :   100.0 fs       |
  |   SHAKE algorithm      : true (all bonds) |
  |   Vbias prefactor (k)  :  0.0013 Eh       |
  |   Vbias exponent (α)   :  1.0000 bohr⁻²   |
  :::::::::: starting static MTD   2 ::::::::::
  |   MD simulation time   :     7.0 ps       |
  |   target T             :   400.0 K        |
  |   timestep dt          :     5.0 fs       |
  |   dump interval(trj)   :   100.0 fs       |
  |   SHAKE algorithm      : true (all bonds) |
  |   Vbias prefactor (k)  :  0.0013 Eh       |
  |   Vbias exponent (α)   :  1.0000 bohr⁻²   |
  :::::::::: starting static MTD  12 ::::::::::
  |   MD simulation time   :     7.0 ps       |
  |   target T             :   400.0 K        |
  |   timestep dt          :     5.0 fs       |
  |   dump interval(trj)   :   100.0 fs       |
  |   SHAKE algorithm      : true (all bonds) |
  |   Vbias prefactor (k)  :  0.0013 Eh       |
  |   Vbias exponent (α)   :  1.0000 bohr⁻²   |
  :::::::::: starting static MTD  11 ::::::::::
  |   MD simulation time   :     7.0 ps       |
  |   target T             :   400.0 K        |
  |   timestep dt          :     5.0 fs       |
  |   dump interval(trj)   :   100.0 fs       |
  |   SHAKE algorithm      : true (all bonds) |
  |   Vbias prefactor (k)  :  0.0013 Eh       |
  |   Vbias exponent (α)   :  1.0000 bohr⁻²   |
  :::::::::: starting static MTD   3 ::::::::::
  |   MD simulation time   :     7.0 ps       |
  |   target T             :   400.0 K        |
  |   timestep dt          :     5.0 fs       |
  |   dump interval(trj)   :   100.0 fs       |
  |   SHAKE algorithm      : true (all bonds) |
  |   Vbias prefactor (k)  :  0.0013 Eh       |
  |   Vbias exponent (α)   :  1.0000 bohr⁻²   |
  :::::::::: starting static MTD   7 ::::::::::
  |   MD simulation time   :     7.0 ps       |
  |   target T             :   400.0 K        |
  |   timestep dt          :     5.0 fs       |
  |   dump interval(trj)   :   100.0 fs       |
  |   SHAKE algorithm      : true (all bonds) |
  |   Vbias prefactor (k)  :  0.0013 Eh       |
  |   Vbias exponent (α)   :  1.0000 bohr⁻²   |
  :::::::::: starting static MTD  36 ::::::::::
  |   MD simulation time   :     7.0 ps       |
  |   target T             :   400.0 K        |
  |   timestep dt          :     5.0 fs       |
  |   dump interval(trj)   :   100.0 fs       |
  |   SHAKE algorithm      : true (all bonds) |
  |   Vbias prefactor (k)  :  0.0013 Eh       |
  |   Vbias exponent (α)   :  1.0000 bohr⁻²   |
  :::::::::: starting static MTD   5 ::::::::::
  |   MD simulation time   :     7.0 ps       |
  |   target T             :   400.0 K        |
  |   timestep dt          :     5.0 fs       |
  |   dump interval(trj)   :   100.0 fs       |
  |   SHAKE algorithm      : true (all bonds) |
  |   Vbias prefactor (k)  :  0.0013 Eh       |
  |   Vbias exponent (α)   :  1.0000 bohr⁻²   |
  :::::::::: starting static MTD   4 ::::::::::
  |   MD simulation time   :     7.0 ps       |
  |   target T             :   400.0 K        |
  |   timestep dt          :     5.0 fs       |
  |   dump interval(trj)   :   100.0 fs       |
  |   SHAKE algorithm      : true (all bonds) |
  |   Vbias prefactor (k)  :  0.0013 Eh       |
  |   Vbias exponent (α)   :  1.0000 bohr⁻²   |
  :::::::::: starting static MTD  10 ::::::::::
  |   MD simulation time   :     7.0 ps       |
  |   target T             :   400.0 K        |
  |   timestep dt          :     5.0 fs       |
  |   dump interval(trj)   :   100.0 fs       |
  |   SHAKE algorithm      : true (all bonds) |
  |   Vbias prefactor (k)  :  0.0013 Eh       |
  |   Vbias exponent (α)   :  1.0000 bohr⁻²   |
  :::::::::: starting static MTD  14 ::::::::::
  |   MD simulation time   :     7.0 ps       |
  |   target T             :   400.0 K        |
  |   timestep dt          :     5.0 fs       |
  |   dump interval(trj)   :   100.0 fs       |
  |   SHAKE algorithm      : true (all bonds) |
  |   Vbias prefactor (k)  :  0.0013 Eh       |
  |   Vbias exponent (α)   :  1.0000 bohr⁻²   |
  :::::::::: starting static MTD  15 ::::::::::
  |   MD simulation time   :     7.0 ps       |
  |   target T             :   400.0 K        |
  |   timestep dt          :     5.0 fs       |
  |   dump interval(trj)   :   100.0 fs       |
  |   SHAKE algorithm      : true (all bonds) |
  |   Vbias prefactor (k)  :  0.0013 Eh       |
  |   Vbias exponent (α)   :  1.0000 bohr⁻²   |
  :::::::::: starting static MTD  13 ::::::::::
  |   MD simulation time   :     7.0 ps       |
  |   target T             :   400.0 K        |
  |   timestep dt          :     5.0 fs       |
  |   dump interval(trj)   :   100.0 fs       |
  |   SHAKE algorithm      : true (all bonds) |
  |   Vbias prefactor (k)  :  0.0013 Eh       |
  |   Vbias exponent (α)   :  1.0000 bohr⁻²   |
  :::::::::: starting static MTD   9 ::::::::::
  |   MD simulation time   :     7.0 ps       |
  |   target T             :   400.0 K        |
  |   timestep dt          :     5.0 fs       |
  |   dump interval(trj)   :   100.0 fs       |
  |   SHAKE algorithm      : true (all bonds) |
  |   Vbias prefactor (k)  :  0.0013 Eh       |
  |   Vbias exponent (α)   :  1.0000 bohr⁻²   |
  :::::::::: starting static MTD   8 ::::::::::
  |   MD simulation time   :     7.0 ps       |
  |   target T             :   400.0 K        |
  |   timestep dt          :     5.0 fs       |
  |   dump interval(trj)   :   100.0 fs       |
  |   SHAKE algorithm      : true (all bonds) |
  |   Vbias prefactor (k)  :  0.0013 Eh       |
  |   Vbias exponent (α)   :  1.0000 bohr⁻²   |
  :::::::::: starting static MTD   6 ::::::::::
  |   MD simulation time   :     7.0 ps       |
  |   target T             :   400.0 K        |
  |   timestep dt          :     5.0 fs       |
  |   dump interval(trj)   :   100.0 fs       |
  |   SHAKE algorithm      : true (all bonds) |
  |   Vbias prefactor (k)  :  0.0013 Eh       |
  |   Vbias exponent (α)   :  1.0000 bohr⁻²   |
*sMTD   3 completed successfully ...        0 min, 35.518 sec
  :::::::::: starting static MTD  16 ::::::::::
  |   MD simulation time   :     7.0 ps       |
  |   target T             :   400.0 K        |
  |   timestep dt          :     5.0 fs       |
  |   dump interval(trj)   :   100.0 fs       |
  |   SHAKE algorithm      : true (all bonds) |
  |   Vbias prefactor (k)  :  0.0013 Eh       |
  |   Vbias exponent (α)   :  1.0000 bohr⁻²   |
*sMTD   2 completed successfully ...        0 min, 35.761 sec
  :::::::::: starting static MTD  17 ::::::::::
  |   MD simulation time   :     7.0 ps       |
  |   target T             :   400.0 K        |
  |   timestep dt          :     5.0 fs       |
  |   dump interval(trj)   :   100.0 fs       |
  |   SHAKE algorithm      : true (all bonds) |
  |   Vbias prefactor (k)  :  0.0013 Eh       |
  |   Vbias exponent (α)   :  1.0000 bohr⁻²   |
*sMTD  12 completed successfully ...        0 min, 35.787 sec
  :::::::::: starting static MTD  18 ::::::::::
  |   MD simulation time   :     7.0 ps       |
  |   target T             :   400.0 K        |
  |   timestep dt          :     5.0 fs       |
  |   dump interval(trj)   :   100.0 fs       |
  |   SHAKE algorithm      : true (all bonds) |
  |   Vbias prefactor (k)  :  0.0013 Eh       |
  |   Vbias exponent (α)   :  1.0000 bohr⁻²   |
*sMTD  13 completed successfully ...        0 min, 35.795 sec
  :::::::::: starting static MTD  19 ::::::::::
  |   MD simulation time   :     7.0 ps       |
  |   target T             :   400.0 K        |
  |   timestep dt          :     5.0 fs       |
  |   dump interval(trj)   :   100.0 fs       |
  |   SHAKE algorithm      : true (all bonds) |
  |   Vbias prefactor (k)  :  0.0013 Eh       |
  |   Vbias exponent (α)   :  1.0000 bohr⁻²   |
*sMTD   8 completed successfully ...        0 min, 35.855 sec
  :::::::::: starting static MTD  20 ::::::::::
  |   MD simulation time   :     7.0 ps       |
  |   target T             :   400.0 K        |
  |   timestep dt          :     5.0 fs       |
  |   dump interval(trj)   :   100.0 fs       |
  |   SHAKE algorithm      : true (all bonds) |
  |   Vbias prefactor (k)  :  0.0013 Eh       |
  |   Vbias exponent (α)   :  1.0000 bohr⁻²   |
*sMTD   4 completed successfully ...        0 min, 35.864 sec
  :::::::::: starting static MTD  21 ::::::::::
  |   MD simulation time   :     7.0 ps       |
  |   target T             :   400.0 K        |
  |   timestep dt          :     5.0 fs       |
  |   dump interval(trj)   :   100.0 fs       |
  |   SHAKE algorithm      : true (all bonds) |
  |   Vbias prefactor (k)  :  0.0013 Eh       |
  |   Vbias exponent (α)   :  1.0000 bohr⁻²   |
*sMTD   5 completed successfully ...        0 min, 36.029 sec
  :::::::::: starting static MTD  22 ::::::::::
  |   MD simulation time   :     7.0 ps       |
  |   target T             :   400.0 K        |
  |   timestep dt          :     5.0 fs       |
  |   dump interval(trj)   :   100.0 fs       |
  |   SHAKE algorithm      : true (all bonds) |
  |   Vbias prefactor (k)  :  0.0013 Eh       |
  |   Vbias exponent (α)   :  1.0000 bohr⁻²   |
*sMTD   9 completed successfully ...        0 min, 36.122 sec
  :::::::::: starting static MTD  23 ::::::::::
  |   MD simulation time   :     7.0 ps       |
  |   target T             :   400.0 K        |
  |   timestep dt          :     5.0 fs       |
  |   dump interval(trj)   :   100.0 fs       |
  |   SHAKE algorithm      : true (all bonds) |
  |   Vbias prefactor (k)  :  0.0013 Eh       |
  |   Vbias exponent (α)   :  1.0000 bohr⁻²   |
*sMTD  15 completed successfully ...        0 min, 36.131 sec
  :::::::::: starting static MTD  24 ::::::::::
  |   MD simulation time   :     7.0 ps       |
  |   target T             :   400.0 K        |
  |   timestep dt          :     5.0 fs       |
  |   dump interval(trj)   :   100.0 fs       |
  |   SHAKE algorithm      : true (all bonds) |
  |   Vbias prefactor (k)  :  0.0013 Eh       |
  |   Vbias exponent (α)   :  1.0000 bohr⁻²   |
*sMTD   7 completed successfully ...        0 min, 36.225 sec
  :::::::::: starting static MTD  25 ::::::::::
  |   MD simulation time   :     7.0 ps       |
  |   target T             :   400.0 K        |
  |   timestep dt          :     5.0 fs       |
  |   dump interval(trj)   :   100.0 fs       |
  |   SHAKE algorithm      : true (all bonds) |
  |   Vbias prefactor (k)  :  0.0013 Eh       |
  |   Vbias exponent (α)   :  1.0000 bohr⁻²   |
*sMTD  14 completed successfully ...        0 min, 36.240 sec
  :::::::::: starting static MTD  26 ::::::::::
  |   MD simulation time   :     7.0 ps       |
  |   target T             :   400.0 K        |
  |   timestep dt          :     5.0 fs       |
  |   dump interval(trj)   :   100.0 fs       |
  |   SHAKE algorithm      : true (all bonds) |
  |   Vbias prefactor (k)  :  0.0013 Eh       |
  |   Vbias exponent (α)   :  1.0000 bohr⁻²   |
*sMTD  11 completed successfully ...        0 min, 36.268 sec
  :::::::::: starting static MTD  27 ::::::::::
  |   MD simulation time   :     7.0 ps       |
  |   target T             :   400.0 K        |
  |   timestep dt          :     5.0 fs       |
  |   dump interval(trj)   :   100.0 fs       |
  |   SHAKE algorithm      : true (all bonds) |
  |   Vbias prefactor (k)  :  0.0013 Eh       |
  |   Vbias exponent (α)   :  1.0000 bohr⁻²   |
*sMTD   6 completed successfully ...        0 min, 36.381 sec
  :::::::::: starting static MTD  28 ::::::::::
  |   MD simulation time   :     7.0 ps       |
  |   target T             :   400.0 K        |
  |   timestep dt          :     5.0 fs       |
  |   dump interval(trj)   :   100.0 fs       |
  |   SHAKE algorithm      : true (all bonds) |
  |   Vbias prefactor (k)  :  0.0013 Eh       |
  |   Vbias exponent (α)   :  1.0000 bohr⁻²   |
*sMTD  10 completed successfully ...        0 min, 36.408 sec
  :::::::::: starting static MTD  29 ::::::::::
  |   MD simulation time   :     7.0 ps       |
  |   target T             :   400.0 K        |
  |   timestep dt          :     5.0 fs       |
  |   dump interval(trj)   :   100.0 fs       |
  |   SHAKE algorithm      : true (all bonds) |
  |   Vbias prefactor (k)  :  0.0013 Eh       |
  |   Vbias exponent (α)   :  1.0000 bohr⁻²   |
*sMTD  36 completed successfully ...        0 min, 36.527 sec
  :::::::::: starting static MTD  35 ::::::::::
  |   MD simulation time   :     7.0 ps       |
  |   target T             :   400.0 K        |
  |   timestep dt          :     5.0 fs       |
  |   dump interval(trj)   :   100.0 fs       |
  |   SHAKE algorithm      : true (all bonds) |
  |   Vbias prefactor (k)  :  0.0013 Eh       |
  |   Vbias exponent (α)   :  1.0000 bohr⁻²   |
*sMTD   1 completed successfully ...        0 min, 37.025 sec
  :::::::::: starting static MTD  30 ::::::::::
  |   MD simulation time   :     7.0 ps       |
  |   target T             :   400.0 K        |
  |   timestep dt          :     5.0 fs       |
  |   dump interval(trj)   :   100.0 fs       |
  |   SHAKE algorithm      : true (all bonds) |
  |   Vbias prefactor (k)  :  0.0013 Eh       |
  |   Vbias exponent (α)   :  1.0000 bohr⁻²   |
*sMTD  16 completed successfully ...        0 min, 35.788 sec
  :::::::::: starting static MTD  31 ::::::::::
  |   MD simulation time   :     7.0 ps       |
  |   target T             :   400.0 K        |
  |   timestep dt          :     5.0 fs       |
  |   dump interval(trj)   :   100.0 fs       |
  |   SHAKE algorithm      : true (all bonds) |
  |   Vbias prefactor (k)  :  0.0013 Eh       |
  |   Vbias exponent (α)   :  1.0000 bohr⁻²   |
*sMTD  20 completed successfully ...        0 min, 35.498 sec
  :::::::::: starting static MTD  32 ::::::::::
  |   MD simulation time   :     7.0 ps       |
  |   target T             :   400.0 K        |
  |   timestep dt          :     5.0 fs       |
  |   dump interval(trj)   :   100.0 fs       |
  |   SHAKE algorithm      : true (all bonds) |
  |   Vbias prefactor (k)  :  0.0013 Eh       |
  |   Vbias exponent (α)   :  1.0000 bohr⁻²   |
*sMTD  18 completed successfully ...        0 min, 35.858 sec
  :::::::::: starting static MTD  33 ::::::::::
  |   MD simulation time   :     7.0 ps       |
  |   target T             :   400.0 K        |
  |   timestep dt          :     5.0 fs       |
  |   dump interval(trj)   :   100.0 fs       |
  |   SHAKE algorithm      : true (all bonds) |
  |   Vbias prefactor (k)  :  0.0013 Eh       |
  |   Vbias exponent (α)   :  1.0000 bohr⁻²   |
*sMTD  19 completed successfully ...        0 min, 35.850 sec
  :::::::::: starting static MTD  34 ::::::::::
  |   MD simulation time   :     7.0 ps       |
  |   target T             :   400.0 K        |
  |   timestep dt          :     5.0 fs       |
  |   dump interval(trj)   :   100.0 fs       |
  |   SHAKE algorithm      : true (all bonds) |
  |   Vbias prefactor (k)  :  0.0013 Eh       |
  |   Vbias exponent (α)   :  1.0000 bohr⁻²   |
*sMTD  29 completed successfully ...        0 min, 35.247 sec
*sMTD  21 completed successfully ...        0 min, 35.792 sec
*sMTD  25 completed successfully ...        0 min, 35.655 sec
*sMTD  22 completed successfully ...        0 min, 35.923 sec
*sMTD  24 completed successfully ...        0 min, 35.872 sec
*sMTD  27 completed successfully ...        0 min, 35.850 sec
*sMTD  23 completed successfully ...        0 min, 36.006 sec
*sMTD  28 completed successfully ...        0 min, 36.117 sec
*sMTD  17 completed successfully ...        0 min, 36.879 sec
*sMTD  26 completed successfully ...        0 min, 36.474 sec
*sMTD  30 completed successfully ...        0 min, 35.845 sec
*sMTD  35 completed successfully ...        0 min, 36.424 sec
*sMTD  31 completed successfully ...        0 min, 27.947 sec
*sMTD  33 completed successfully ...        0 min, 27.847 sec
*sMTD  32 completed successfully ...        0 min, 28.194 sec
*sMTD  34 completed successfully ...        0 min, 28.569 sec

 ======================================
 |  Multilevel Ensemble Optimization  |
 ======================================
 Optimizing all 2484 structures from file "crest_rotamers_0.xyz" ...
 ----------------------
 crude pre-optimization
 ----------------------
 Optimization engine: ANCOPT
 Hessian update type: BFGS
 E/G convergence criteria:  0.500E-03 Eh, 0.100E-01 Eh/a0
 maximum optimization steps: 200
 |>0.0% |>7.5% |>15.0% |>22.5% |>30.0% |>37.5% |>45.0% |>52.5% |>60.0% |>67.5% |>75.0% |>82.5% |>90.0% |>97.5% |>100.0%
 done.
> 2484 of 2484 structures successfully optimized (100.0% success)
> Total runtime for 2484 optimizations:
 * wall-time:     0 d,  0 h,  0 min, 35.850 sec
 *  cpu-time:     0 d,  0 h,  9 min, 25.249 sec
 * ratio c/w:    15.767 speedup
> Corresponding to approximately 0.014 sec per processed structure

CREGEN> running RMSDs ... done.
CREGEN> E lowest :   -38.73539
 2055 structures remain within    12.00 kcal/mol window
 ---------------------------------------
 optimization with very tight thresholds
 ---------------------------------------
 Optimization engine: ANCOPT
 Hessian update type: BFGS
 E/G convergence criteria:  0.100E-06 Eh, 0.200E-03 Eh/a0
 maximum optimization steps: 200
 |>0.0% |>7.5% |>15.0% |>22.5% |>30.0% |>37.5% |>45.0% |>52.5% |>60.0% |>67.5% |>75.0% |>82.5% |>90.0% |>97.5% |>100.0%
 done.
> 2054 of 2055 structures successfully optimized (100.0% success)
> Total runtime for 2055 optimizations:
 * wall-time:     0 d,  0 h,  2 min, 21.728 sec
 *  cpu-time:     0 d,  0 h, 37 min, 18.508 sec
 * ratio c/w:    15.794 speedup
> Corresponding to approximately 0.069 sec per processed structure

CREGEN> running RMSDs ... done.
CREGEN> E lowest :   -38.73547
 379 structures remain within     6.00 kcal/mol window
CREGEN> running RMSDs ... done.
CREGEN> E lowest :   -38.73547

 Static MTD simulation iteration 4 finished
 A total of 752 conformers (+ 5.05%) in crest_conformers.xyz
 S(approx.) =   10.991092 cal/molK (dS = 0.85%)
 Convergence w.r.t. conformers: F
 Convergence w.r.t. entropy   : F

     H(298.15K)-H(0) (conf)      1.159226
                   Cp(conf)      3.065236
                    S(conf)     10.988130

********************************************************************************
**                     I T E R A T I O N    C Y C L E      5                  **
********************************************************************************
 -------------------------------------------
 determining bias structures via PCA/k-Means
 -------------------------------------------

 8 structures were selected
 done.

 -----------------------------------------------
 determining MTD seed structures via PCA/k-Means
 -----------------------------------------------

 36 structures were selected
 done.


 ===========================================================
 Static MTDs (umbrella sampling) on 36 selected conformer(s)
 ===========================================================
> Using 8 constant RMSD bias potentials per MTD
  :::::::::: starting static MTD   1 ::::::::::
  |   MD simulation time   :     7.0 ps       |
  |   target T             :   400.0 K        |
  |   timestep dt          :     5.0 fs       |
  |   dump interval(trj)   :   100.0 fs       |
  |   SHAKE algorithm      : true (all bonds) |
  |   Vbias prefactor (k)  :  0.0013 Eh       |
  |   Vbias exponent (α)   :  1.0000 bohr⁻²   |
  :::::::::: starting static MTD   5 ::::::::::
  |   MD simulation time   :     7.0 ps       |
  |   target T             :   400.0 K        |
  |   timestep dt          :     5.0 fs       |
  |   dump interval(trj)   :   100.0 fs       |
  |   SHAKE algorithm      : true (all bonds) |
  |   Vbias prefactor (k)  :  0.0013 Eh       |
  |   Vbias exponent (α)   :  1.0000 bohr⁻²   |
  :::::::::: starting static MTD   8 ::::::::::
  |   MD simulation time   :     7.0 ps       |
  |   target T             :   400.0 K        |
  |   timestep dt          :     5.0 fs       |
  |   dump interval(trj)   :   100.0 fs       |
  |   SHAKE algorithm      : true (all bonds) |
  |   Vbias prefactor (k)  :  0.0013 Eh       |
  |   Vbias exponent (α)   :  1.0000 bohr⁻²   |
  :::::::::: starting static MTD  13 ::::::::::
  |   MD simulation time   :     7.0 ps       |
  |   target T             :   400.0 K        |
  |   timestep dt          :     5.0 fs       |
  |   dump interval(trj)   :   100.0 fs       |
  |   SHAKE algorithm      : true (all bonds) |
  |   Vbias prefactor (k)  :  0.0013 Eh       |
  |   Vbias exponent (α)   :  1.0000 bohr⁻²   |
  :::::::::: starting static MTD  12 ::::::::::
  |   MD simulation time   :     7.0 ps       |
  |   target T             :   400.0 K        |
  |   timestep dt          :     5.0 fs       |
  |   dump interval(trj)   :   100.0 fs       |
  |   SHAKE algorithm      : true (all bonds) |
  |   Vbias prefactor (k)  :  0.0013 Eh       |
  |   Vbias exponent (α)   :  1.0000 bohr⁻²   |
  :::::::::: starting static MTD  36 ::::::::::
  |   MD simulation time   :     7.0 ps       |
  |   target T             :   400.0 K        |
  |   timestep dt          :     5.0 fs       |
  |   dump interval(trj)   :   100.0 fs       |
  |   SHAKE algorithm      : true (all bonds) |
  |   Vbias prefactor (k)  :  0.0013 Eh       |
  |   Vbias exponent (α)   :  1.0000 bohr⁻²   |
  :::::::::: starting static MTD   4 ::::::::::
  |   MD simulation time   :     7.0 ps       |
  |   target T             :   400.0 K        |
  |   timestep dt          :     5.0 fs       |
  |   dump interval(trj)   :   100.0 fs       |
  |   SHAKE algorithm      : true (all bonds) |
  |   Vbias prefactor (k)  :  0.0013 Eh       |
  |   Vbias exponent (α)   :  1.0000 bohr⁻²   |
  :::::::::: starting static MTD   7 ::::::::::
  |   MD simulation time   :     7.0 ps       |
  |   target T             :   400.0 K        |
  |   timestep dt          :     5.0 fs       |
  |   dump interval(trj)   :   100.0 fs       |
  |   SHAKE algorithm      : true (all bonds) |
  |   Vbias prefactor (k)  :  0.0013 Eh       |
  |   Vbias exponent (α)   :  1.0000 bohr⁻²   |
  :::::::::: starting static MTD   6 ::::::::::
  |   MD simulation time   :     7.0 ps       |
  |   target T             :   400.0 K        |
  |   timestep dt          :     5.0 fs       |
  |   dump interval(trj)   :   100.0 fs       |
  |   SHAKE algorithm      : true (all bonds) |
  |   Vbias prefactor (k)  :  0.0013 Eh       |
  |   Vbias exponent (α)   :  1.0000 bohr⁻²   |
  :::::::::: starting static MTD   3 ::::::::::
  |   MD simulation time   :     7.0 ps       |
  |   target T             :   400.0 K        |
  |   timestep dt          :     5.0 fs       |
  |   dump interval(trj)   :   100.0 fs       |
  |   SHAKE algorithm      : true (all bonds) |
  |   Vbias prefactor (k)  :  0.0013 Eh       |
  |   Vbias exponent (α)   :  1.0000 bohr⁻²   |
  :::::::::: starting static MTD  11 ::::::::::
  |   MD simulation time   :     7.0 ps       |
  |   target T             :   400.0 K        |
  |   timestep dt          :     5.0 fs       |
  |   dump interval(trj)   :   100.0 fs       |
  |   SHAKE algorithm      : true (all bonds) |
  |   Vbias prefactor (k)  :  0.0013 Eh       |
  |   Vbias exponent (α)   :  1.0000 bohr⁻²   |
  :::::::::: starting static MTD   9 ::::::::::
  |   MD simulation time   :     7.0 ps       |
  |   target T             :   400.0 K        |
  |   timestep dt          :     5.0 fs       |
  |   dump interval(trj)   :   100.0 fs       |
  |   SHAKE algorithm      : true (all bonds) |
  |   Vbias prefactor (k)  :  0.0013 Eh       |
  |   Vbias exponent (α)   :  1.0000 bohr⁻²   |
  :::::::::: starting static MTD  10 ::::::::::
  |   MD simulation time   :     7.0 ps       |
  |   target T             :   400.0 K        |
  |   timestep dt          :     5.0 fs       |
  |   dump interval(trj)   :   100.0 fs       |
  |   SHAKE algorithm      : true (all bonds) |
  |   Vbias prefactor (k)  :  0.0013 Eh       |
  |   Vbias exponent (α)   :  1.0000 bohr⁻²   |
  :::::::::: starting static MTD  14 ::::::::::
  |   MD simulation time   :     7.0 ps       |
  |   target T             :   400.0 K        |
  |   timestep dt          :     5.0 fs       |
  |   dump interval(trj)   :   100.0 fs       |
  |   SHAKE algorithm      : true (all bonds) |
  |   Vbias prefactor (k)  :  0.0013 Eh       |
  |   Vbias exponent (α)   :  1.0000 bohr⁻²   |
  :::::::::: starting static MTD  15 ::::::::::
  |   MD simulation time   :     7.0 ps       |
  |   target T             :   400.0 K        |
  |   timestep dt          :     5.0 fs       |
  |   dump interval(trj)   :   100.0 fs       |
  |   SHAKE algorithm      : true (all bonds) |
  |   Vbias prefactor (k)  :  0.0013 Eh       |
  |   Vbias exponent (α)   :  1.0000 bohr⁻²   |
  :::::::::: starting static MTD   2 ::::::::::
  |   MD simulation time   :     7.0 ps       |
  |   target T             :   400.0 K        |
  |   timestep dt          :     5.0 fs       |
  |   dump interval(trj)   :   100.0 fs       |
  |   SHAKE algorithm      : true (all bonds) |
  |   Vbias prefactor (k)  :  0.0013 Eh       |
  |   Vbias exponent (α)   :  1.0000 bohr⁻²   |
*sMTD  14 completed successfully ...        0 min, 35.260 sec
  :::::::::: starting static MTD  16 ::::::::::
  |   MD simulation time   :     7.0 ps       |
  |   target T             :   400.0 K        |
  |   timestep dt          :     5.0 fs       |
  |   dump interval(trj)   :   100.0 fs       |
  |   SHAKE algorithm      : true (all bonds) |
  |   Vbias prefactor (k)  :  0.0013 Eh       |
  |   Vbias exponent (α)   :  1.0000 bohr⁻²   |
*sMTD  13 completed successfully ...        0 min, 35.518 sec
  :::::::::: starting static MTD  17 ::::::::::
  |   MD simulation time   :     7.0 ps       |
  |   target T             :   400.0 K        |
  |   timestep dt          :     5.0 fs       |
  |   dump interval(trj)   :   100.0 fs       |
  |   SHAKE algorithm      : true (all bonds) |
  |   Vbias prefactor (k)  :  0.0013 Eh       |
  |   Vbias exponent (α)   :  1.0000 bohr⁻²   |
*sMTD  15 completed successfully ...        0 min, 35.573 sec
  :::::::::: starting static MTD  18 ::::::::::
  |   MD simulation time   :     7.0 ps       |
  |   target T             :   400.0 K        |
  |   timestep dt          :     5.0 fs       |
  |   dump interval(trj)   :   100.0 fs       |
  |   SHAKE algorithm      : true (all bonds) |
  |   Vbias prefactor (k)  :  0.0013 Eh       |
  |   Vbias exponent (α)   :  1.0000 bohr⁻²   |
*sMTD   4 completed successfully ...        0 min, 35.612 sec
  :::::::::: starting static MTD  19 ::::::::::
  |   MD simulation time   :     7.0 ps       |
  |   target T             :   400.0 K        |
  |   timestep dt          :     5.0 fs       |
  |   dump interval(trj)   :   100.0 fs       |
  |   SHAKE algorithm      : true (all bonds) |
  |   Vbias prefactor (k)  :  0.0013 Eh       |
  |   Vbias exponent (α)   :  1.0000 bohr⁻²   |
*sMTD  10 completed successfully ...        0 min, 35.629 sec
  :::::::::: starting static MTD  20 ::::::::::
  |   MD simulation time   :     7.0 ps       |
  |   target T             :   400.0 K        |
  |   timestep dt          :     5.0 fs       |
  |   dump interval(trj)   :   100.0 fs       |
  |   SHAKE algorithm      : true (all bonds) |
  |   Vbias prefactor (k)  :  0.0013 Eh       |
  |   Vbias exponent (α)   :  1.0000 bohr⁻²   |
*sMTD   9 completed successfully ...        0 min, 35.636 sec
  :::::::::: starting static MTD  21 ::::::::::
  |   MD simulation time   :     7.0 ps       |
  |   target T             :   400.0 K        |
  |   timestep dt          :     5.0 fs       |
  |   dump interval(trj)   :   100.0 fs       |
  |   SHAKE algorithm      : true (all bonds) |
  |   Vbias prefactor (k)  :  0.0013 Eh       |
  |   Vbias exponent (α)   :  1.0000 bohr⁻²   |
*sMTD   7 completed successfully ...        0 min, 35.642 sec
  :::::::::: starting static MTD  22 ::::::::::
  |   MD simulation time   :     7.0 ps       |
  |   target T             :   400.0 K        |
  |   timestep dt          :     5.0 fs       |
  |   dump interval(trj)   :   100.0 fs       |
  |   SHAKE algorithm      : true (all bonds) |
  |   Vbias prefactor (k)  :  0.0013 Eh       |
  |   Vbias exponent (α)   :  1.0000 bohr⁻²   |
*sMTD   3 completed successfully ...        0 min, 35.678 sec
  :::::::::: starting static MTD  23 ::::::::::
  |   MD simulation time   :     7.0 ps       |
  |   target T             :   400.0 K        |
  |   timestep dt          :     5.0 fs       |
  |   dump interval(trj)   :   100.0 fs       |
  |   SHAKE algorithm      : true (all bonds) |
  |   Vbias prefactor (k)  :  0.0013 Eh       |
  |   Vbias exponent (α)   :  1.0000 bohr⁻²   |
*sMTD   8 completed successfully ...        0 min, 35.795 sec
  :::::::::: starting static MTD  24 ::::::::::
  |   MD simulation time   :     7.0 ps       |
  |   target T             :   400.0 K        |
  |   timestep dt          :     5.0 fs       |
  |   dump interval(trj)   :   100.0 fs       |
  |   SHAKE algorithm      : true (all bonds) |
  |   Vbias prefactor (k)  :  0.0013 Eh       |
  |   Vbias exponent (α)   :  1.0000 bohr⁻²   |
*sMTD   2 completed successfully ...        0 min, 35.929 sec
  :::::::::: starting static MTD  25 ::::::::::
  |   MD simulation time   :     7.0 ps       |
  |   target T             :   400.0 K        |
  |   timestep dt          :     5.0 fs       |
  |   dump interval(trj)   :   100.0 fs       |
  |   SHAKE algorithm      : true (all bonds) |
  |   Vbias prefactor (k)  :  0.0013 Eh       |
  |   Vbias exponent (α)   :  1.0000 bohr⁻²   |
*sMTD  12 completed successfully ...        0 min, 35.970 sec
  :::::::::: starting static MTD  26 ::::::::::
  |   MD simulation time   :     7.0 ps       |
  |   target T             :   400.0 K        |
  |   timestep dt          :     5.0 fs       |
  |   dump interval(trj)   :   100.0 fs       |
  |   SHAKE algorithm      : true (all bonds) |
  |   Vbias prefactor (k)  :  0.0013 Eh       |
  |   Vbias exponent (α)   :  1.0000 bohr⁻²   |
*sMTD  36 completed successfully ...        0 min, 36.023 sec
  :::::::::: starting static MTD  35 ::::::::::
  |   MD simulation time   :     7.0 ps       |
  |   target T             :   400.0 K        |
  |   timestep dt          :     5.0 fs       |
  |   dump interval(trj)   :   100.0 fs       |
  |   SHAKE algorithm      : true (all bonds) |
  |   Vbias prefactor (k)  :  0.0013 Eh       |
  |   Vbias exponent (α)   :  1.0000 bohr⁻²   |
*sMTD  11 completed successfully ...        0 min, 36.107 sec
  :::::::::: starting static MTD  27 ::::::::::
  |   MD simulation time   :     7.0 ps       |
  |   target T             :   400.0 K        |
  |   timestep dt          :     5.0 fs       |
  |   dump interval(trj)   :   100.0 fs       |
  |   SHAKE algorithm      : true (all bonds) |
  |   Vbias prefactor (k)  :  0.0013 Eh       |
  |   Vbias exponent (α)   :  1.0000 bohr⁻²   |
*sMTD   5 completed successfully ...        0 min, 36.166 sec
  :::::::::: starting static MTD  28 ::::::::::
  |   MD simulation time   :     7.0 ps       |
  |   target T             :   400.0 K        |
  |   timestep dt          :     5.0 fs       |
  |   dump interval(trj)   :   100.0 fs       |
  |   SHAKE algorithm      : true (all bonds) |
  |   Vbias prefactor (k)  :  0.0013 Eh       |
  |   Vbias exponent (α)   :  1.0000 bohr⁻²   |
*sMTD   6 completed successfully ...        0 min, 36.282 sec
  :::::::::: starting static MTD  29 ::::::::::
  |   MD simulation time   :     7.0 ps       |
  |   target T             :   400.0 K        |
  |   timestep dt          :     5.0 fs       |
  |   dump interval(trj)   :   100.0 fs       |
  |   SHAKE algorithm      : true (all bonds) |
  |   Vbias prefactor (k)  :  0.0013 Eh       |
  |   Vbias exponent (α)   :  1.0000 bohr⁻²   |
*sMTD   1 completed successfully ...        0 min, 36.450 sec
  :::::::::: starting static MTD  30 ::::::::::
  |   MD simulation time   :     7.0 ps       |
  |   target T             :   400.0 K        |
  |   timestep dt          :     5.0 fs       |
  |   dump interval(trj)   :   100.0 fs       |
  |   SHAKE algorithm      : true (all bonds) |
  |   Vbias prefactor (k)  :  0.0013 Eh       |
  |   Vbias exponent (α)   :  1.0000 bohr⁻²   |
*sMTD  16 completed successfully ...        0 min, 35.554 sec
  :::::::::: starting static MTD  31 ::::::::::
  |   MD simulation time   :     7.0 ps       |
  |   target T             :   400.0 K        |
  |   timestep dt          :     5.0 fs       |
  |   dump interval(trj)   :   100.0 fs       |
  |   SHAKE algorithm      : true (all bonds) |
  |   Vbias prefactor (k)  :  0.0013 Eh       |
  |   Vbias exponent (α)   :  1.0000 bohr⁻²   |
*sMTD  19 completed successfully ...        0 min, 35.751 sec
  :::::::::: starting static MTD  32 ::::::::::
  |   MD simulation time   :     7.0 ps       |
  |   target T             :   400.0 K        |
  |   timestep dt          :     5.0 fs       |
  |   dump interval(trj)   :   100.0 fs       |
  |   SHAKE algorithm      : true (all bonds) |
  |   Vbias prefactor (k)  :  0.0013 Eh       |
  |   Vbias exponent (α)   :  1.0000 bohr⁻²   |
*sMTD  20 completed successfully ...        0 min, 35.911 sec
  :::::::::: starting static MTD  33 ::::::::::
  |   MD simulation time   :     7.0 ps       |
  |   target T             :   400.0 K        |
  |   timestep dt          :     5.0 fs       |
  |   dump interval(trj)   :   100.0 fs       |
  |   SHAKE algorithm      : true (all bonds) |
  |   Vbias prefactor (k)  :  0.0013 Eh       |
  |   Vbias exponent (α)   :  1.0000 bohr⁻²   |
*sMTD  17 completed successfully ...        0 min, 36.031 sec
  :::::::::: starting static MTD  34 ::::::::::
  |   MD simulation time   :     7.0 ps       |
  |   target T             :   400.0 K        |
  |   timestep dt          :     5.0 fs       |
  |   dump interval(trj)   :   100.0 fs       |
  |   SHAKE algorithm      : true (all bonds) |
  |   Vbias prefactor (k)  :  0.0013 Eh       |
  |   Vbias exponent (α)   :  1.0000 bohr⁻²   |
*sMTD  22 completed successfully ...        0 min, 35.944 sec
*sMTD  26 completed successfully ...        0 min, 35.641 sec
*sMTD  23 completed successfully ...        0 min, 35.995 sec
*sMTD  21 completed successfully ...        0 min, 36.198 sec
*sMTD  24 completed successfully ...        0 min, 36.184 sec
*sMTD  27 completed successfully ...        0 min, 35.877 sec
*sMTD  18 completed successfully ...        0 min, 36.490 sec
*sMTD  28 completed successfully ...        0 min, 35.928 sec
*sMTD  25 completed successfully ...        0 min, 36.184 sec
*sMTD  29 completed successfully ...        0 min, 35.859 sec
*sMTD  30 completed successfully ...        0 min, 35.856 sec
*sMTD  35 completed successfully ...        0 min, 36.373 sec
*sMTD  31 completed successfully ...        0 min, 28.248 sec
*sMTD  34 completed successfully ...        0 min, 28.164 sec
*sMTD  32 completed successfully ...        0 min, 28.474 sec
*sMTD  33 completed successfully ...        0 min, 28.340 sec

 ======================================
 |  Multilevel Ensemble Optimization  |
 ======================================
 Optimizing all 2484 structures from file "crest_rotamers_0.xyz" ...
 ----------------------
 crude pre-optimization
 ----------------------
 Optimization engine: ANCOPT
 Hessian update type: BFGS
 E/G convergence criteria:  0.500E-03 Eh, 0.100E-01 Eh/a0
 maximum optimization steps: 200
 |>0.0% |>7.5% |>15.0% |>22.5% |>30.0% |>37.5% |>45.0% |>52.5% |>60.0% |>67.5% |>75.0% |>82.5% |>90.0% |>97.5% |>100.0%
 done.
> 2484 of 2484 structures successfully optimized (100.0% success)
> Total runtime for 2484 optimizations:
 * wall-time:     0 d,  0 h,  0 min, 36.021 sec
 *  cpu-time:     0 d,  0 h,  9 min, 22.977 sec
 * ratio c/w:    15.629 speedup
> Corresponding to approximately 0.015 sec per processed structure

CREGEN> running RMSDs ... done.
CREGEN> E lowest :   -38.73515
 2113 structures remain within    12.00 kcal/mol window
 ---------------------------------------
 optimization with very tight thresholds
 ---------------------------------------
 Optimization engine: ANCOPT
 Hessian update type: BFGS
 E/G convergence criteria:  0.100E-06 Eh, 0.200E-03 Eh/a0
 maximum optimization steps: 200
 |>0.0% |>7.5% |>15.0% |>22.5% |>30.0% |>37.5% |>45.0% |>52.5% |>60.0% |>67.5% |>75.0% |>82.5% |>90.0% |>97.5% |>100.0%
 done.
> 2098 of 2113 structures successfully optimized (99.3% success)
> Total runtime for 2113 optimizations:
 * wall-time:     0 d,  0 h,  2 min, 39.345 sec
 *  cpu-time:     0 d,  0 h, 41 min, 53.785 sec
 * ratio c/w:    15.776 speedup
> Corresponding to approximately 0.075 sec per processed structure

CREGEN> running RMSDs ... done.
CREGEN> E lowest :   -38.73547
 358 structures remain within     6.00 kcal/mol window
CREGEN> running RMSDs ... done.
CREGEN> E lowest :   -38.73547

 Static MTD simulation iteration 5 finished
 A total of 781 conformers (+ 3.71%) in crest_conformers.xyz
 S(approx.) =   11.063645 cal/molK (dS = 0.66%)
 Convergence w.r.t. conformers: F
 Convergence w.r.t. entropy   : F

     H(298.15K)-H(0) (conf)      1.171971
                   Cp(conf)      3.083137
                    S(conf)     11.060680

********************************************************************************
**                     I T E R A T I O N    C Y C L E      6                  **
********************************************************************************
 -------------------------------------------
 determining bias structures via PCA/k-Means
 -------------------------------------------

 10 structures were selected
 done.

 -----------------------------------------------
 determining MTD seed structures via PCA/k-Means
 -----------------------------------------------

 36 structures were selected
 done.


 ===========================================================
 Static MTDs (umbrella sampling) on 36 selected conformer(s)
 ===========================================================
> Using 10 constant RMSD bias potentials per MTD
  :::::::::: starting static MTD   1 ::::::::::
  |   MD simulation time   :     7.0 ps       |
  |   target T             :   400.0 K        |
  |   timestep dt          :     5.0 fs       |
  |   dump interval(trj)   :   100.0 fs       |
  |   SHAKE algorithm      : true (all bonds) |
  |   Vbias prefactor (k)  :  0.0013 Eh       |
  |   Vbias exponent (α)   :  1.0000 bohr⁻²   |
  :::::::::: starting static MTD   4 ::::::::::
  |   MD simulation time   :     7.0 ps       |
  |   target T             :   400.0 K        |
  |   timestep dt          :     5.0 fs       |
  |   dump interval(trj)   :   100.0 fs       |
  |   SHAKE algorithm      : true (all bonds) |
  |   Vbias prefactor (k)  :  0.0013 Eh       |
  |   Vbias exponent (α)   :  1.0000 bohr⁻²   |
  :::::::::: starting static MTD   2 ::::::::::
  |   MD simulation time   :     7.0 ps       |
  |   target T             :   400.0 K        |
  |   timestep dt          :     5.0 fs       |
  |   dump interval(trj)   :   100.0 fs       |
  |   SHAKE algorithm      : true (all bonds) |
  |   Vbias prefactor (k)  :  0.0013 Eh       |
  |   Vbias exponent (α)   :  1.0000 bohr⁻²   |
  :::::::::: starting static MTD   5 ::::::::::
  |   MD simulation time   :     7.0 ps       |
  |   target T             :   400.0 K        |
  |   timestep dt          :     5.0 fs       |
  |   dump interval(trj)   :   100.0 fs       |
  |   SHAKE algorithm      : true (all bonds) |
  |   Vbias prefactor (k)  :  0.0013 Eh       |
  |   Vbias exponent (α)   :  1.0000 bohr⁻²   |
  :::::::::: starting static MTD   3 ::::::::::
  |   MD simulation time   :     7.0 ps       |
  |   target T             :   400.0 K        |
  |   timestep dt          :     5.0 fs       |
  |   dump interval(trj)   :   100.0 fs       |
  |   SHAKE algorithm      : true (all bonds) |
  |   Vbias prefactor (k)  :  0.0013 Eh       |
  |   Vbias exponent (α)   :  1.0000 bohr⁻²   |
  :::::::::: starting static MTD  15 ::::::::::
  |   MD simulation time   :     7.0 ps       |
  |   target T             :   400.0 K        |
  |   timestep dt          :     5.0 fs       |
  |   dump interval(trj)   :   100.0 fs       |
  |   SHAKE algorithm      : true (all bonds) |
  |   Vbias prefactor (k)  :  0.0013 Eh       |
  |   Vbias exponent (α)   :  1.0000 bohr⁻²   |
  :::::::::: starting static MTD  11 ::::::::::
  |   MD simulation time   :     7.0 ps       |
  |   target T             :   400.0 K        |
  |   timestep dt          :     5.0 fs       |
  |   dump interval(trj)   :   100.0 fs       |
  |   SHAKE algorithm      : true (all bonds) |
  |   Vbias prefactor (k)  :  0.0013 Eh       |
  |   Vbias exponent (α)   :  1.0000 bohr⁻²   |
  :::::::::: starting static MTD   8 ::::::::::
  |   MD simulation time   :     7.0 ps       |
  |   target T             :   400.0 K        |
  |   timestep dt          :     5.0 fs       |
  |   dump interval(trj)   :   100.0 fs       |
  |   SHAKE algorithm      : true (all bonds) |
  |   Vbias prefactor (k)  :  0.0013 Eh       |
  |   Vbias exponent (α)   :  1.0000 bohr⁻²   |
  :::::::::: starting static MTD   6 ::::::::::
  |   MD simulation time   :     7.0 ps       |
  |   target T             :   400.0 K        |
  |   timestep dt          :     5.0 fs       |
  |   dump interval(trj)   :   100.0 fs       |
  |   SHAKE algorithm      : true (all bonds) |
  |   Vbias prefactor (k)  :  0.0013 Eh       |
  |   Vbias exponent (α)   :  1.0000 bohr⁻²   |
  :::::::::: starting static MTD  36 ::::::::::
  |   MD simulation time   :     7.0 ps       |
  |   target T             :   400.0 K        |
  |   timestep dt          :     5.0 fs       |
  |   dump interval(trj)   :   100.0 fs       |
  |   SHAKE algorithm      : true (all bonds) |
  |   Vbias prefactor (k)  :  0.0013 Eh       |
  |   Vbias exponent (α)   :  1.0000 bohr⁻²   |
  :::::::::: starting static MTD  12 ::::::::::
  |   MD simulation time   :     7.0 ps       |
  |   target T             :   400.0 K        |
  |   timestep dt          :     5.0 fs       |
  |   dump interval(trj)   :   100.0 fs       |
  |   SHAKE algorithm      : true (all bonds) |
  |   Vbias prefactor (k)  :  0.0013 Eh       |
  |   Vbias exponent (α)   :  1.0000 bohr⁻²   |
  :::::::::: starting static MTD   7 ::::::::::
  |   MD simulation time   :     7.0 ps       |
  |   target T             :   400.0 K        |
  |   timestep dt          :     5.0 fs       |
  |   dump interval(trj)   :   100.0 fs       |
  |   SHAKE algorithm      : true (all bonds) |
  |   Vbias prefactor (k)  :  0.0013 Eh       |
  |   Vbias exponent (α)   :  1.0000 bohr⁻²   |
  :::::::::: starting static MTD  13 ::::::::::
  |   MD simulation time   :     7.0 ps       |
  |   target T             :   400.0 K        |
  |   timestep dt          :     5.0 fs       |
  |   dump interval(trj)   :   100.0 fs       |
  |   SHAKE algorithm      : true (all bonds) |
  |   Vbias prefactor (k)  :  0.0013 Eh       |
  |   Vbias exponent (α)   :  1.0000 bohr⁻²   |
  :::::::::: starting static MTD   9 ::::::::::
  |   MD simulation time   :     7.0 ps       |
  |   target T             :   400.0 K        |
  |   timestep dt          :     5.0 fs       |
  |   dump interval(trj)   :   100.0 fs       |
  |   SHAKE algorithm      : true (all bonds) |
  |   Vbias prefactor (k)  :  0.0013 Eh       |
  |   Vbias exponent (α)   :  1.0000 bohr⁻²   |
  :::::::::: starting static MTD  14 ::::::::::
  |   MD simulation time   :     7.0 ps       |
  |   target T             :   400.0 K        |
  |   timestep dt          :     5.0 fs       |
  |   dump interval(trj)   :   100.0 fs       |
  |   SHAKE algorithm      : true (all bonds) |
  |   Vbias prefactor (k)  :  0.0013 Eh       |
  |   Vbias exponent (α)   :  1.0000 bohr⁻²   |
  :::::::::: starting static MTD  10 ::::::::::
  |   MD simulation time   :     7.0 ps       |
  |   target T             :   400.0 K        |
  |   timestep dt          :     5.0 fs       |
  |   dump interval(trj)   :   100.0 fs       |
  |   SHAKE algorithm      : true (all bonds) |
  |   Vbias prefactor (k)  :  0.0013 Eh       |
  |   Vbias exponent (α)   :  1.0000 bohr⁻²   |
*sMTD  11 completed successfully ...        0 min, 35.297 sec
  :::::::::: starting static MTD  16 ::::::::::
  |   MD simulation time   :     7.0 ps       |
  |   target T             :   400.0 K        |
  |   timestep dt          :     5.0 fs       |
  |   dump interval(trj)   :   100.0 fs       |
  |   SHAKE algorithm      : true (all bonds) |
  |   Vbias prefactor (k)  :  0.0013 Eh       |
  |   Vbias exponent (α)   :  1.0000 bohr⁻²   |
*sMTD   5 completed successfully ...        0 min, 35.362 sec
  :::::::::: starting static MTD  17 ::::::::::
  |   MD simulation time   :     7.0 ps       |
  |   target T             :   400.0 K        |
  |   timestep dt          :     5.0 fs       |
  |   dump interval(trj)   :   100.0 fs       |
  |   SHAKE algorithm      : true (all bonds) |
  |   Vbias prefactor (k)  :  0.0013 Eh       |
  |   Vbias exponent (α)   :  1.0000 bohr⁻²   |
*sMTD  15 completed successfully ...        0 min, 35.391 sec
  :::::::::: starting static MTD  18 ::::::::::
  |   MD simulation time   :     7.0 ps       |
  |   target T             :   400.0 K        |
  |   timestep dt          :     5.0 fs       |
  |   dump interval(trj)   :   100.0 fs       |
  |   SHAKE algorithm      : true (all bonds) |
  |   Vbias prefactor (k)  :  0.0013 Eh       |
  |   Vbias exponent (α)   :  1.0000 bohr⁻²   |
*sMTD  12 completed successfully ...        0 min, 35.398 sec
  :::::::::: starting static MTD  19 ::::::::::
  |   MD simulation time   :     7.0 ps       |
  |   target T             :   400.0 K        |
  |   timestep dt          :     5.0 fs       |
  |   dump interval(trj)   :   100.0 fs       |
  |   SHAKE algorithm      : true (all bonds) |
  |   Vbias prefactor (k)  :  0.0013 Eh       |
  |   Vbias exponent (α)   :  1.0000 bohr⁻²   |
*sMTD   6 completed successfully ...        0 min, 35.456 sec
  :::::::::: starting static MTD  20 ::::::::::
  |   MD simulation time   :     7.0 ps       |
  |   target T             :   400.0 K        |
  |   timestep dt          :     5.0 fs       |
  |   dump interval(trj)   :   100.0 fs       |
  |   SHAKE algorithm      : true (all bonds) |
  |   Vbias prefactor (k)  :  0.0013 Eh       |
  |   Vbias exponent (α)   :  1.0000 bohr⁻²   |
*sMTD  10 completed successfully ...        0 min, 35.465 sec
  :::::::::: starting static MTD  21 ::::::::::
  |   MD simulation time   :     7.0 ps       |
  |   target T             :   400.0 K        |
  |   timestep dt          :     5.0 fs       |
  |   dump interval(trj)   :   100.0 fs       |
  |   SHAKE algorithm      : true (all bonds) |
  |   Vbias prefactor (k)  :  0.0013 Eh       |
  |   Vbias exponent (α)   :  1.0000 bohr⁻²   |
*sMTD   9 completed successfully ...        0 min, 35.494 sec
  :::::::::: starting static MTD  22 ::::::::::
  |   MD simulation time   :     7.0 ps       |
  |   target T             :   400.0 K        |
  |   timestep dt          :     5.0 fs       |
  |   dump interval(trj)   :   100.0 fs       |
  |   SHAKE algorithm      : true (all bonds) |
  |   Vbias prefactor (k)  :  0.0013 Eh       |
  |   Vbias exponent (α)   :  1.0000 bohr⁻²   |
*sMTD   7 completed successfully ...        0 min, 35.506 sec
  :::::::::: starting static MTD  23 ::::::::::
  |   MD simulation time   :     7.0 ps       |
  |   target T             :   400.0 K        |
  |   timestep dt          :     5.0 fs       |
  |   dump interval(trj)   :   100.0 fs       |
  |   SHAKE algorithm      : true (all bonds) |
  |   Vbias prefactor (k)  :  0.0013 Eh       |
  |   Vbias exponent (α)   :  1.0000 bohr⁻²   |
*sMTD   8 completed successfully ...        0 min, 35.532 sec
  :::::::::: starting static MTD  24 ::::::::::
  |   MD simulation time   :     7.0 ps       |
  |   target T             :   400.0 K        |
  |   timestep dt          :     5.0 fs       |
  |   dump interval(trj)   :   100.0 fs       |
  |   SHAKE algorithm      : true (all bonds) |
  |   Vbias prefactor (k)  :  0.0013 Eh       |
  |   Vbias exponent (α)   :  1.0000 bohr⁻²   |
*sMTD   3 completed successfully ...        0 min, 35.570 sec
  :::::::::: starting static MTD  25 ::::::::::
  |   MD simulation time   :     7.0 ps       |
  |   target T             :   400.0 K        |
  |   timestep dt          :     5.0 fs       |
  |   dump interval(trj)   :   100.0 fs       |
  |   SHAKE algorithm      : true (all bonds) |
  |   Vbias prefactor (k)  :  0.0013 Eh       |
  |   Vbias exponent (α)   :  1.0000 bohr⁻²   |
*sMTD   2 completed successfully ...        0 min, 35.575 sec
  :::::::::: starting static MTD  26 ::::::::::
  |   MD simulation time   :     7.0 ps       |
  |   target T             :   400.0 K        |
  |   timestep dt          :     5.0 fs       |
  |   dump interval(trj)   :   100.0 fs       |
  |   SHAKE algorithm      : true (all bonds) |
  |   Vbias prefactor (k)  :  0.0013 Eh       |
  |   Vbias exponent (α)   :  1.0000 bohr⁻²   |
*sMTD   4 completed successfully ...        0 min, 35.697 sec
  :::::::::: starting static MTD  27 ::::::::::
  |   MD simulation time   :     7.0 ps       |
  |   target T             :   400.0 K        |
  |   timestep dt          :     5.0 fs       |
  |   dump interval(trj)   :   100.0 fs       |
  |   SHAKE algorithm      : true (all bonds) |
  |   Vbias prefactor (k)  :  0.0013 Eh       |
  |   Vbias exponent (α)   :  1.0000 bohr⁻²   |
*sMTD  14 completed successfully ...        0 min, 35.734 sec
  :::::::::: starting static MTD  28 ::::::::::
  |   MD simulation time   :     7.0 ps       |
  |   target T             :   400.0 K        |
  |   timestep dt          :     5.0 fs       |
  |   dump interval(trj)   :   100.0 fs       |
  |   SHAKE algorithm      : true (all bonds) |
  |   Vbias prefactor (k)  :  0.0013 Eh       |
  |   Vbias exponent (α)   :  1.0000 bohr⁻²   |
*sMTD  13 completed successfully ...        0 min, 35.788 sec
  :::::::::: starting static MTD  29 ::::::::::
  |   MD simulation time   :     7.0 ps       |
  |   target T             :   400.0 K        |
  |   timestep dt          :     5.0 fs       |
  |   dump interval(trj)   :   100.0 fs       |
  |   SHAKE algorithm      : true (all bonds) |
  |   Vbias prefactor (k)  :  0.0013 Eh       |
  |   Vbias exponent (α)   :  1.0000 bohr⁻²   |
*sMTD  36 completed successfully ...        0 min, 35.900 sec
  :::::::::: starting static MTD  35 ::::::::::
  |   MD simulation time   :     7.0 ps       |
  |   target T             :   400.0 K        |
  |   timestep dt          :     5.0 fs       |
  |   dump interval(trj)   :   100.0 fs       |
  |   SHAKE algorithm      : true (all bonds) |
  |   Vbias prefactor (k)  :  0.0013 Eh       |
  |   Vbias exponent (α)   :  1.0000 bohr⁻²   |
*sMTD   1 completed successfully ...        0 min, 36.154 sec
  :::::::::: starting static MTD  30 ::::::::::
  |   MD simulation time   :     7.0 ps       |
  |   target T             :   400.0 K        |
  |   timestep dt          :     5.0 fs       |
  |   dump interval(trj)   :   100.0 fs       |
  |   SHAKE algorithm      : true (all bonds) |
  |   Vbias prefactor (k)  :  0.0013 Eh       |
  |   Vbias exponent (α)   :  1.0000 bohr⁻²   |
*sMTD  19 completed successfully ...        0 min, 35.145 sec
  :::::::::: starting static MTD  31 ::::::::::
  |   MD simulation time   :     7.0 ps       |
  |   target T             :   400.0 K        |
  |   timestep dt          :     5.0 fs       |
  |   dump interval(trj)   :   100.0 fs       |
  |   SHAKE algorithm      : true (all bonds) |
  |   Vbias prefactor (k)  :  0.0013 Eh       |
  |   Vbias exponent (α)   :  1.0000 bohr⁻²   |
*sMTD  17 completed successfully ...        0 min, 35.215 sec
  :::::::::: starting static MTD  32 ::::::::::
  |   MD simulation time   :     7.0 ps       |
  |   target T             :   400.0 K        |
  |   timestep dt          :     5.0 fs       |
  |   dump interval(trj)   :   100.0 fs       |
  |   SHAKE algorithm      : true (all bonds) |
  |   Vbias prefactor (k)  :  0.0013 Eh       |
  |   Vbias exponent (α)   :  1.0000 bohr⁻²   |
*sMTD  16 completed successfully ...        0 min, 35.286 sec
  :::::::::: starting static MTD  33 ::::::::::
  |   MD simulation time   :     7.0 ps       |
  |   target T             :   400.0 K        |
  |   timestep dt          :     5.0 fs       |
  |   dump interval(trj)   :   100.0 fs       |
  |   SHAKE algorithm      : true (all bonds) |
  |   Vbias prefactor (k)  :  0.0013 Eh       |
  |   Vbias exponent (α)   :  1.0000 bohr⁻²   |
*sMTD  21 completed successfully ...        0 min, 35.192 sec
  :::::::::: starting static MTD  34 ::::::::::
  |   MD simulation time   :     7.0 ps       |
  |   target T             :   400.0 K        |
  |   timestep dt          :     5.0 fs       |
  |   dump interval(trj)   :   100.0 fs       |
  |   SHAKE algorithm      : true (all bonds) |
  |   Vbias prefactor (k)  :  0.0013 Eh       |
  |   Vbias exponent (α)   :  1.0000 bohr⁻²   |
*sMTD  18 completed successfully ...        0 min, 35.469 sec
*sMTD  22 completed successfully ...        0 min, 35.373 sec
*sMTD  27 completed successfully ...        0 min, 35.307 sec
*sMTD  23 completed successfully ...        0 min, 35.554 sec
*sMTD  28 completed successfully ...        0 min, 35.350 sec
*sMTD  29 completed successfully ...        0 min, 35.304 sec
*sMTD  24 completed successfully ...        0 min, 35.632 sec
*sMTD  30 completed successfully ...        0 min, 35.037 sec
*sMTD  26 completed successfully ...        0 min, 35.616 sec
*sMTD  25 completed successfully ...        0 min, 35.932 sec
*sMTD  35 completed successfully ...        0 min, 35.636 sec
*sMTD  20 completed successfully ...        0 min, 36.326 sec
*sMTD  32 completed successfully ...        0 min, 27.762 sec
*sMTD  34 completed successfully ...        0 min, 27.770 sec
*sMTD  33 completed successfully ...        0 min, 27.907 sec
*sMTD  31 completed successfully ...        0 min, 28.048 sec

 ======================================
 |  Multilevel Ensemble Optimization  |
 ======================================
 Optimizing all 2484 structures from file "crest_rotamers_0.xyz" ...
 ----------------------
 crude pre-optimization
 ----------------------
 Optimization engine: ANCOPT
 Hessian update type: BFGS
 E/G convergence criteria:  0.500E-03 Eh, 0.100E-01 Eh/a0
 maximum optimization steps: 200
 |>0.0% |>7.5% |>15.0% |>22.5% |>30.0% |>37.5% |>45.0% |>52.5% |>60.0% |>67.5% |>75.0% |>82.5% |>90.0% |>97.5% |>100.0%
 done.
> 2484 of 2484 structures successfully optimized (100.0% success)
> Total runtime for 2484 optimizations:
 * wall-time:     0 d,  0 h,  0 min, 36.764 sec
 *  cpu-time:     0 d,  0 h,  9 min, 38.203 sec
 * ratio c/w:    15.727 speedup
> Corresponding to approximately 0.015 sec per processed structure

CREGEN> running RMSDs ... done.
CREGEN> E lowest :   -38.73495
 2151 structures remain within    12.00 kcal/mol window
 ---------------------------------------
 optimization with very tight thresholds
 ---------------------------------------
 Optimization engine: ANCOPT
 Hessian update type: BFGS
 E/G convergence criteria:  0.100E-06 Eh, 0.200E-03 Eh/a0
 maximum optimization steps: 200
 |>0.0% |>7.5% |>15.0% |>22.5% |>30.0% |>37.5% |>45.0% |>52.5% |>60.0% |>67.5% |>75.0% |>82.5% |>90.0% |>97.5% |>100.0%
 done.
> 2147 of 2151 structures successfully optimized (99.8% success)
> Total runtime for 2151 optimizations:
 * wall-time:     0 d,  0 h,  2 min, 38.137 sec
 *  cpu-time:     0 d,  0 h, 41 min, 29.629 sec
 * ratio c/w:    15.744 speedup
> Corresponding to approximately 0.074 sec per processed structure

CREGEN> running RMSDs ... done.
CREGEN> E lowest :   -38.73547
 441 structures remain within     6.00 kcal/mol window
CREGEN> running RMSDs ... done.
CREGEN> E lowest :   -38.73547

 Static MTD simulation iteration 6 finished
 A total of 809 conformers (+ 3.46%) in crest_conformers.xyz
 S(approx.) =   11.121725 cal/molK (dS = 0.52%)
 Convergence w.r.t. conformers: F
 Convergence w.r.t. entropy   : F

     H(298.15K)-H(0) (conf)      1.183840
                   Cp(conf)      3.143547
                    S(conf)     11.118723

********************************************************************************
**                     I T E R A T I O N    C Y C L E      7                  **
********************************************************************************
 -------------------------------------------
 determining bias structures via PCA/k-Means
 -------------------------------------------

 12 structures were selected
 done.

 -----------------------------------------------
 determining MTD seed structures via PCA/k-Means
 -----------------------------------------------

 36 structures were selected
 done.


 ===========================================================
 Static MTDs (umbrella sampling) on 36 selected conformer(s)
 ===========================================================
> Using 12 constant RMSD bias potentials per MTD
  :::::::::: starting static MTD   1 ::::::::::
  |   MD simulation time   :     7.0 ps       |
  |   target T             :   400.0 K        |
  |   timestep dt          :     5.0 fs       |
  |   dump interval(trj)   :   100.0 fs       |
  |   SHAKE algorithm      : true (all bonds) |
  |   Vbias prefactor (k)  :  0.0013 Eh       |
  |   Vbias exponent (α)   :  1.0000 bohr⁻²   |
  :::::::::: starting static MTD   5 ::::::::::
  |   MD simulation time   :     7.0 ps       |
  |   target T             :   400.0 K        |
  |   timestep dt          :     5.0 fs       |
  |   dump interval(trj)   :   100.0 fs       |
  |   SHAKE algorithm      : true (all bonds) |
  |   Vbias prefactor (k)  :  0.0013 Eh       |
  |   Vbias exponent (α)   :  1.0000 bohr⁻²   |
  :::::::::: starting static MTD   7 ::::::::::
  |   MD simulation time   :     7.0 ps       |
  |   target T             :   400.0 K        |
  |   timestep dt          :     5.0 fs       |
  |   dump interval(trj)   :   100.0 fs       |
  |   SHAKE algorithm      : true (all bonds) |
  |   Vbias prefactor (k)  :  0.0013 Eh       |
  |   Vbias exponent (α)   :  1.0000 bohr⁻²   |
  :::::::::: starting static MTD   2 ::::::::::
  |   MD simulation time   :     7.0 ps       |
  |   target T             :   400.0 K        |
  |   timestep dt          :     5.0 fs       |
  |   dump interval(trj)   :   100.0 fs       |
  |   SHAKE algorithm      : true (all bonds) |
  |   Vbias prefactor (k)  :  0.0013 Eh       |
  |   Vbias exponent (α)   :  1.0000 bohr⁻²   |
  :::::::::: starting static MTD  10 ::::::::::
  |   MD simulation time   :     7.0 ps       |
  |   target T             :   400.0 K        |
  |   timestep dt          :     5.0 fs       |
  |   dump interval(trj)   :   100.0 fs       |
  |   SHAKE algorithm      : true (all bonds) |
  |   Vbias prefactor (k)  :  0.0013 Eh       |
  |   Vbias exponent (α)   :  1.0000 bohr⁻²   |
  :::::::::: starting static MTD  14 ::::::::::
  |   MD simulation time   :     7.0 ps       |
  |   target T             :   400.0 K        |
  |   timestep dt          :     5.0 fs       |
  |   dump interval(trj)   :   100.0 fs       |
  |   SHAKE algorithm      : true (all bonds) |
  |   Vbias prefactor (k)  :  0.0013 Eh       |
  |   Vbias exponent (α)   :  1.0000 bohr⁻²   |
  :::::::::: starting static MTD   4 ::::::::::
  |   MD simulation time   :     7.0 ps       |
  |   target T             :   400.0 K        |
  |   timestep dt          :     5.0 fs       |
  |   dump interval(trj)   :   100.0 fs       |
  |   SHAKE algorithm      : true (all bonds) |
  |   Vbias prefactor (k)  :  0.0013 Eh       |
  |   Vbias exponent (α)   :  1.0000 bohr⁻²   |
  :::::::::: starting static MTD  12 ::::::::::
  |   MD simulation time   :     7.0 ps       |
  |   target T             :   400.0 K        |
  |   timestep dt          :     5.0 fs       |
  |   dump interval(trj)   :   100.0 fs       |
  |   SHAKE algorithm      : true (all bonds) |
  |   Vbias prefactor (k)  :  0.0013 Eh       |
  |   Vbias exponent (α)   :  1.0000 bohr⁻²   |
  :::::::::: starting static MTD  15 ::::::::::
  |   MD simulation time   :     7.0 ps       |
  |   target T             :   400.0 K        |
  |   timestep dt          :     5.0 fs       |
  |   dump interval(trj)   :   100.0 fs       |
  |   SHAKE algorithm      : true (all bonds) |
  |   Vbias prefactor (k)  :  0.0013 Eh       |
  |   Vbias exponent (α)   :  1.0000 bohr⁻²   |
  :::::::::: starting static MTD   9 ::::::::::
  |   MD simulation time   :     7.0 ps       |
  |   target T             :   400.0 K        |
  |   timestep dt          :     5.0 fs       |
  |   dump interval(trj)   :   100.0 fs       |
  |   SHAKE algorithm      : true (all bonds) |
  |   Vbias prefactor (k)  :  0.0013 Eh       |
  |   Vbias exponent (α)   :  1.0000 bohr⁻²   |
  :::::::::: starting static MTD   6 ::::::::::
  |   MD simulation time   :     7.0 ps       |
  |   target T             :   400.0 K        |
  |   timestep dt          :     5.0 fs       |
  |   dump interval(trj)   :   100.0 fs       |
  |   SHAKE algorithm      : true (all bonds) |
  |   Vbias prefactor (k)  :  0.0013 Eh       |
  |   Vbias exponent (α)   :  1.0000 bohr⁻²   |
  :::::::::: starting static MTD   3 ::::::::::
  |   MD simulation time   :     7.0 ps       |
  |   target T             :   400.0 K        |
  |   timestep dt          :     5.0 fs       |
  |   dump interval(trj)   :   100.0 fs       |
  |   SHAKE algorithm      : true (all bonds) |
  |   Vbias prefactor (k)  :  0.0013 Eh       |
  |   Vbias exponent (α)   :  1.0000 bohr⁻²   |
  :::::::::: starting static MTD  11 ::::::::::
  |   MD simulation time   :     7.0 ps       |
  |   target T             :   400.0 K        |
  |   timestep dt          :     5.0 fs       |
  |   dump interval(trj)   :   100.0 fs       |
  |   SHAKE algorithm      : true (all bonds) |
  |   Vbias prefactor (k)  :  0.0013 Eh       |
  |   Vbias exponent (α)   :  1.0000 bohr⁻²   |
  :::::::::: starting static MTD  13 ::::::::::
  |   MD simulation time   :     7.0 ps       |
  |   target T             :   400.0 K        |
  |   timestep dt          :     5.0 fs       |
  |   dump interval(trj)   :   100.0 fs       |
  |   SHAKE algorithm      : true (all bonds) |
  |   Vbias prefactor (k)  :  0.0013 Eh       |
  |   Vbias exponent (α)   :  1.0000 bohr⁻²   |
  :::::::::: starting static MTD  36 ::::::::::
  |   MD simulation time   :     7.0 ps       |
  |   target T             :   400.0 K        |
  |   timestep dt          :     5.0 fs       |
  |   dump interval(trj)   :   100.0 fs       |
  |   SHAKE algorithm      : true (all bonds) |
  |   Vbias prefactor (k)  :  0.0013 Eh       |
  |   Vbias exponent (α)   :  1.0000 bohr⁻²   |
  :::::::::: starting static MTD   8 ::::::::::
  |   MD simulation time   :     7.0 ps       |
  |   target T             :   400.0 K        |
  |   timestep dt          :     5.0 fs       |
  |   dump interval(trj)   :   100.0 fs       |
  |   SHAKE algorithm      : true (all bonds) |
  |   Vbias prefactor (k)  :  0.0013 Eh       |
  |   Vbias exponent (α)   :  1.0000 bohr⁻²   |
*sMTD  13 completed successfully ...        0 min, 35.401 sec
  :::::::::: starting static MTD  16 ::::::::::
  |   MD simulation time   :     7.0 ps       |
  |   target T             :   400.0 K        |
  |   timestep dt          :     5.0 fs       |
  |   dump interval(trj)   :   100.0 fs       |
  |   SHAKE algorithm      : true (all bonds) |
  |   Vbias prefactor (k)  :  0.0013 Eh       |
  |   Vbias exponent (α)   :  1.0000 bohr⁻²   |
*sMTD   8 completed successfully ...        0 min, 35.453 sec
  :::::::::: starting static MTD  17 ::::::::::
  |   MD simulation time   :     7.0 ps       |
  |   target T             :   400.0 K        |
  |   timestep dt          :     5.0 fs       |
  |   dump interval(trj)   :   100.0 fs       |
  |   SHAKE algorithm      : true (all bonds) |
  |   Vbias prefactor (k)  :  0.0013 Eh       |
  |   Vbias exponent (α)   :  1.0000 bohr⁻²   |
*sMTD   4 completed successfully ...        0 min, 35.526 sec
  :::::::::: starting static MTD  18 ::::::::::
  |   MD simulation time   :     7.0 ps       |
  |   target T             :   400.0 K        |
  |   timestep dt          :     5.0 fs       |
  |   dump interval(trj)   :   100.0 fs       |
  |   SHAKE algorithm      : true (all bonds) |
  |   Vbias prefactor (k)  :  0.0013 Eh       |
  |   Vbias exponent (α)   :  1.0000 bohr⁻²   |
*sMTD  10 completed successfully ...        0 min, 35.539 sec
  :::::::::: starting static MTD  19 ::::::::::
  |   MD simulation time   :     7.0 ps       |
  |   target T             :   400.0 K        |
  |   timestep dt          :     5.0 fs       |
  |   dump interval(trj)   :   100.0 fs       |
  |   SHAKE algorithm      : true (all bonds) |
  |   Vbias prefactor (k)  :  0.0013 Eh       |
  |   Vbias exponent (α)   :  1.0000 bohr⁻²   |
*sMTD  14 completed successfully ...        0 min, 35.545 sec
  :::::::::: starting static MTD  20 ::::::::::
  |   MD simulation time   :     7.0 ps       |
  |   target T             :   400.0 K        |
  |   timestep dt          :     5.0 fs       |
  |   dump interval(trj)   :   100.0 fs       |
  |   SHAKE algorithm      : true (all bonds) |
  |   Vbias prefactor (k)  :  0.0013 Eh       |
  |   Vbias exponent (α)   :  1.0000 bohr⁻²   |
*sMTD   6 completed successfully ...        0 min, 35.592 sec
  :::::::::: starting static MTD  21 ::::::::::
  |   MD simulation time   :     7.0 ps       |
  |   target T             :   400.0 K        |
  |   timestep dt          :     5.0 fs       |
  |   dump interval(trj)   :   100.0 fs       |
  |   SHAKE algorithm      : true (all bonds) |
  |   Vbias prefactor (k)  :  0.0013 Eh       |
  |   Vbias exponent (α)   :  1.0000 bohr⁻²   |
*sMTD   3 completed successfully ...        0 min, 35.688 sec
  :::::::::: starting static MTD  22 ::::::::::
  |   MD simulation time   :     7.0 ps       |
  |   target T             :   400.0 K        |
  |   timestep dt          :     5.0 fs       |
  |   dump interval(trj)   :   100.0 fs       |
  |   SHAKE algorithm      : true (all bonds) |
  |   Vbias prefactor (k)  :  0.0013 Eh       |
  |   Vbias exponent (α)   :  1.0000 bohr⁻²   |
*sMTD   2 completed successfully ...        0 min, 35.703 sec
  :::::::::: starting static MTD  23 ::::::::::
  |   MD simulation time   :     7.0 ps       |
  |   target T             :   400.0 K        |
  |   timestep dt          :     5.0 fs       |
  |   dump interval(trj)   :   100.0 fs       |
  |   SHAKE algorithm      : true (all bonds) |
  |   Vbias prefactor (k)  :  0.0013 Eh       |
  |   Vbias exponent (α)   :  1.0000 bohr⁻²   |
*sMTD  15 completed successfully ...        0 min, 35.739 sec
  :::::::::: starting static MTD  24 ::::::::::
  |   MD simulation time   :     7.0 ps       |
  |   target T             :   400.0 K        |
  |   timestep dt          :     5.0 fs       |
  |   dump interval(trj)   :   100.0 fs       |
  |   SHAKE algorithm      : true (all bonds) |
  |   Vbias prefactor (k)  :  0.0013 Eh       |
  |   Vbias exponent (α)   :  1.0000 bohr⁻²   |
*sMTD   9 completed successfully ...        0 min, 35.755 sec
  :::::::::: starting static MTD  25 ::::::::::
  |   MD simulation time   :     7.0 ps       |
  |   target T             :   400.0 K        |
  |   timestep dt          :     5.0 fs       |
  |   dump interval(trj)   :   100.0 fs       |
  |   SHAKE algorithm      : true (all bonds) |
  |   Vbias prefactor (k)  :  0.0013 Eh       |
  |   Vbias exponent (α)   :  1.0000 bohr⁻²   |
*sMTD   5 completed successfully ...        0 min, 35.825 sec
  :::::::::: starting static MTD  26 ::::::::::
  |   MD simulation time   :     7.0 ps       |
  |   target T             :   400.0 K        |
  |   timestep dt          :     5.0 fs       |
  |   dump interval(trj)   :   100.0 fs       |
  |   SHAKE algorithm      : true (all bonds) |
  |   Vbias prefactor (k)  :  0.0013 Eh       |
  |   Vbias exponent (α)   :  1.0000 bohr⁻²   |
*sMTD  12 completed successfully ...        0 min, 35.891 sec
  :::::::::: starting static MTD  27 ::::::::::
  |   MD simulation time   :     7.0 ps       |
  |   target T             :   400.0 K        |
  |   timestep dt          :     5.0 fs       |
  |   dump interval(trj)   :   100.0 fs       |
  |   SHAKE algorithm      : true (all bonds) |
  |   Vbias prefactor (k)  :  0.0013 Eh       |
  |   Vbias exponent (α)   :  1.0000 bohr⁻²   |
*sMTD  11 completed successfully ...        0 min, 35.894 sec
  :::::::::: starting static MTD  28 ::::::::::
  |   MD simulation time   :     7.0 ps       |
  |   target T             :   400.0 K        |
  |   timestep dt          :     5.0 fs       |
  |   dump interval(trj)   :   100.0 fs       |
  |   SHAKE algorithm      : true (all bonds) |
  |   Vbias prefactor (k)  :  0.0013 Eh       |
  |   Vbias exponent (α)   :  1.0000 bohr⁻²   |
*sMTD   7 completed successfully ...        0 min, 35.918 sec
  :::::::::: starting static MTD  29 ::::::::::
  |   MD simulation time   :     7.0 ps       |
  |   target T             :   400.0 K        |
  |   timestep dt          :     5.0 fs       |
  |   dump interval(trj)   :   100.0 fs       |
  |   SHAKE algorithm      : true (all bonds) |
  |   Vbias prefactor (k)  :  0.0013 Eh       |
  |   Vbias exponent (α)   :  1.0000 bohr⁻²   |
*sMTD  36 completed successfully ...        0 min, 36.158 sec
  :::::::::: starting static MTD  35 ::::::::::
  |   MD simulation time   :     7.0 ps       |
  |   target T             :   400.0 K        |
  |   timestep dt          :     5.0 fs       |
  |   dump interval(trj)   :   100.0 fs       |
  |   SHAKE algorithm      : true (all bonds) |
  |   Vbias prefactor (k)  :  0.0013 Eh       |
  |   Vbias exponent (α)   :  1.0000 bohr⁻²   |
*sMTD   1 completed successfully ...        0 min, 36.577 sec
  :::::::::: starting static MTD  30 ::::::::::
  |   MD simulation time   :     7.0 ps       |
  |   target T             :   400.0 K        |
  |   timestep dt          :     5.0 fs       |
  |   dump interval(trj)   :   100.0 fs       |
  |   SHAKE algorithm      : true (all bonds) |
  |   Vbias prefactor (k)  :  0.0013 Eh       |
  |   Vbias exponent (α)   :  1.0000 bohr⁻²   |
*sMTD  20 completed successfully ...        0 min, 35.348 sec
  :::::::::: starting static MTD  31 ::::::::::
  |   MD simulation time   :     7.0 ps       |
  |   target T             :   400.0 K        |
  |   timestep dt          :     5.0 fs       |
  |   dump interval(trj)   :   100.0 fs       |
  |   SHAKE algorithm      : true (all bonds) |
  |   Vbias prefactor (k)  :  0.0013 Eh       |
  |   Vbias exponent (α)   :  1.0000 bohr⁻²   |
*sMTD  16 completed successfully ...        0 min, 35.592 sec
  :::::::::: starting static MTD  32 ::::::::::
  |   MD simulation time   :     7.0 ps       |
  |   target T             :   400.0 K        |
  |   timestep dt          :     5.0 fs       |
  |   dump interval(trj)   :   100.0 fs       |
  |   SHAKE algorithm      : true (all bonds) |
  |   Vbias prefactor (k)  :  0.0013 Eh       |
  |   Vbias exponent (α)   :  1.0000 bohr⁻²   |
*sMTD  21 completed successfully ...        0 min, 35.409 sec
  :::::::::: starting static MTD  33 ::::::::::
  |   MD simulation time   :     7.0 ps       |
  |   target T             :   400.0 K        |
  |   timestep dt          :     5.0 fs       |
  |   dump interval(trj)   :   100.0 fs       |
  |   SHAKE algorithm      : true (all bonds) |
  |   Vbias prefactor (k)  :  0.0013 Eh       |
  |   Vbias exponent (α)   :  1.0000 bohr⁻²   |
*sMTD  25 completed successfully ...        0 min, 35.307 sec
  :::::::::: starting static MTD  34 ::::::::::
  |   MD simulation time   :     7.0 ps       |
  |   target T             :   400.0 K        |
  |   timestep dt          :     5.0 fs       |
  |   dump interval(trj)   :   100.0 fs       |
  |   SHAKE algorithm      : true (all bonds) |
  |   Vbias prefactor (k)  :  0.0013 Eh       |
  |   Vbias exponent (α)   :  1.0000 bohr⁻²   |
*sMTD  27 completed successfully ...        0 min, 35.309 sec
*sMTD  23 completed successfully ...        0 min, 35.556 sec
*sMTD  24 completed successfully ...        0 min, 35.526 sec
*sMTD  18 completed successfully ...        0 min, 35.810 sec
*sMTD  17 completed successfully ...        0 min, 35.942 sec
*sMTD  22 completed successfully ...        0 min, 35.798 sec
*sMTD  28 completed successfully ...        0 min, 35.702 sec
*sMTD  29 completed successfully ...        0 min, 35.736 sec
*sMTD  26 completed successfully ...        0 min, 35.854 sec
*sMTD  30 completed successfully ...        0 min, 35.179 sec
*sMTD  35 completed successfully ...        0 min, 35.770 sec
*sMTD  19 completed successfully ...        0 min, 36.418 sec
*sMTD  34 completed successfully ...        0 min, 27.831 sec
*sMTD  31 completed successfully ...        0 min, 28.105 sec
*sMTD  32 completed successfully ...        0 min, 28.089 sec
*sMTD  33 completed successfully ...        0 min, 28.170 sec

 ======================================
 |  Multilevel Ensemble Optimization  |
 ======================================
 Optimizing all 2484 structures from file "crest_rotamers_0.xyz" ...
 ----------------------
 crude pre-optimization
 ----------------------
 Optimization engine: ANCOPT
 Hessian update type: BFGS
 E/G convergence criteria:  0.500E-03 Eh, 0.100E-01 Eh/a0
 maximum optimization steps: 200
 |>0.0% |>7.5% |>15.0% |>22.5% |>30.0% |>37.5% |>45.0% |>52.5% |>60.0% |>67.5% |>75.0% |>82.5% |>90.0% |>97.5% |>100.0%
 done.
> 2484 of 2484 structures successfully optimized (100.0% success)
> Total runtime for 2484 optimizations:
 * wall-time:     0 d,  0 h,  0 min, 37.090 sec
 *  cpu-time:     0 d,  0 h,  9 min, 42.905 sec
 * ratio c/w:    15.716 speedup
> Corresponding to approximately 0.015 sec per processed structure

CREGEN> running RMSDs ... done.
CREGEN> E lowest :   -38.73524
 2159 structures remain within    12.00 kcal/mol window
 ---------------------------------------
 optimization with very tight thresholds
 ---------------------------------------
 Optimization engine: ANCOPT
 Hessian update type: BFGS
 E/G convergence criteria:  0.100E-06 Eh, 0.200E-03 Eh/a0
 maximum optimization steps: 200
 |>0.0% |>7.5% |>15.0% |>22.5% |>30.0% |>37.5% |>45.0% |>52.5% |>60.0% |>67.5% |>75.0% |>82.5% |>90.0% |>97.5% |>100.0%
 done.
> 2153 of 2159 structures successfully optimized (99.7% success)
> Total runtime for 2159 optimizations:
 * wall-time:     0 d,  0 h,  2 min, 43.019 sec
 *  cpu-time:     0 d,  0 h, 43 min,  8.207 sec
 * ratio c/w:    15.877 speedup
> Corresponding to approximately 0.076 sec per processed structure

CREGEN> running RMSDs ... done.
CREGEN> E lowest :   -38.73547
 450 structures remain within     6.00 kcal/mol window
CREGEN> running RMSDs ... done.
CREGEN> E lowest :   -38.73547

 Static MTD simulation iteration 7 finished
 A total of 834 conformers (+ 3.00%) in crest_conformers.xyz
 S(approx.) =   11.170976 cal/molK (dS = 0.44%)
 Convergence w.r.t. conformers: F
 Convergence w.r.t. entropy   : T

     H(298.15K)-H(0) (conf)      1.193339
                   Cp(conf)      3.148611
                    S(conf)     11.167970

********************************************************************************
**                     I T E R A T I O N    C Y C L E      8                  **
********************************************************************************
 -------------------------------------------
 determining bias structures via PCA/k-Means
 -------------------------------------------

 15 structures were selected
 done.

 -----------------------------------------------
 determining MTD seed structures via PCA/k-Means
 -----------------------------------------------

 36 structures were selected
 done.


 ===========================================================
 Static MTDs (umbrella sampling) on 36 selected conformer(s)
 ===========================================================
> Using 15 constant RMSD bias potentials per MTD
  :::::::::: starting static MTD   1 ::::::::::
  |   MD simulation time   :     7.0 ps       |
  |   target T             :   400.0 K        |
  |   timestep dt          :     5.0 fs       |
  |   dump interval(trj)   :   100.0 fs       |
  |   SHAKE algorithm      : true (all bonds) |
  |   Vbias prefactor (k)  :  0.0013 Eh       |
  |   Vbias exponent (α)   :  1.0000 bohr⁻²   |
  :::::::::: starting static MTD   5 ::::::::::
  |   MD simulation time   :     7.0 ps       |
  |   target T             :   400.0 K        |
  |   timestep dt          :     5.0 fs       |
  |   dump interval(trj)   :   100.0 fs       |
  |   SHAKE algorithm      : true (all bonds) |
  |   Vbias prefactor (k)  :  0.0013 Eh       |
  |   Vbias exponent (α)   :  1.0000 bohr⁻²   |
  :::::::::: starting static MTD   2 ::::::::::
  |   MD simulation time   :     7.0 ps       |
  |   target T             :   400.0 K        |
  |   timestep dt          :     5.0 fs       |
  |   dump interval(trj)   :   100.0 fs       |
  |   SHAKE algorithm      : true (all bonds) |
  |   Vbias prefactor (k)  :  0.0013 Eh       |
  |   Vbias exponent (α)   :  1.0000 bohr⁻²   |
  :::::::::: starting static MTD  10 ::::::::::
  |   MD simulation time   :     7.0 ps       |
  |   target T             :   400.0 K        |
  |   timestep dt          :     5.0 fs       |
  |   dump interval(trj)   :   100.0 fs       |
  |   SHAKE algorithm      : true (all bonds) |
  |   Vbias prefactor (k)  :  0.0013 Eh       |
  |   Vbias exponent (α)   :  1.0000 bohr⁻²   |
  :::::::::: starting static MTD   9 ::::::::::
  |   MD simulation time   :     7.0 ps       |
  |   target T             :   400.0 K        |
  |   timestep dt          :     5.0 fs       |
  |   dump interval(trj)   :   100.0 fs       |
  |   SHAKE algorithm      : true (all bonds) |
  |   Vbias prefactor (k)  :  0.0013 Eh       |
  |   Vbias exponent (α)   :  1.0000 bohr⁻²   |
  :::::::::: starting static MTD  13 ::::::::::
  |   MD simulation time   :     7.0 ps       |
  |   target T             :   400.0 K        |
  |   timestep dt          :     5.0 fs       |
  |   dump interval(trj)   :   100.0 fs       |
  |   SHAKE algorithm      : true (all bonds) |
  |   Vbias prefactor (k)  :  0.0013 Eh       |
  |   Vbias exponent (α)   :  1.0000 bohr⁻²   |
  :::::::::: starting static MTD  14 ::::::::::
  |   MD simulation time   :     7.0 ps       |
  |   target T             :   400.0 K        |
  |   timestep dt          :     5.0 fs       |
  |   dump interval(trj)   :   100.0 fs       |
  |   SHAKE algorithm      : true (all bonds) |
  |   Vbias prefactor (k)  :  0.0013 Eh       |
  |   Vbias exponent (α)   :  1.0000 bohr⁻²   |
  :::::::::: starting static MTD  15 ::::::::::
  |   MD simulation time   :     7.0 ps       |
  |   target T             :   400.0 K        |
  |   timestep dt          :     5.0 fs       |
  |   dump interval(trj)   :   100.0 fs       |
  |   SHAKE algorithm      : true (all bonds) |
  |   Vbias prefactor (k)  :  0.0013 Eh       |
  |   Vbias exponent (α)   :  1.0000 bohr⁻²   |
  :::::::::: starting static MTD   4 ::::::::::
  |   MD simulation time   :     7.0 ps       |
  |   target T             :   400.0 K        |
  |   timestep dt          :     5.0 fs       |
  |   dump interval(trj)   :   100.0 fs       |
  |   SHAKE algorithm      : true (all bonds) |
  |   Vbias prefactor (k)  :  0.0013 Eh       |
  |   Vbias exponent (α)   :  1.0000 bohr⁻²   |
  :::::::::: starting static MTD   3 ::::::::::
  |   MD simulation time   :     7.0 ps       |
  |   target T             :   400.0 K        |
  |   timestep dt          :     5.0 fs       |
  |   dump interval(trj)   :   100.0 fs       |
  |   SHAKE algorithm      : true (all bonds) |
  |   Vbias prefactor (k)  :  0.0013 Eh       |
  |   Vbias exponent (α)   :  1.0000 bohr⁻²   |
  :::::::::: starting static MTD   8 ::::::::::
  |   MD simulation time   :     7.0 ps       |
  |   target T             :   400.0 K        |
  |   timestep dt          :     5.0 fs       |
  |   dump interval(trj)   :   100.0 fs       |
  |   SHAKE algorithm      : true (all bonds) |
  |   Vbias prefactor (k)  :  0.0013 Eh       |
  |   Vbias exponent (α)   :  1.0000 bohr⁻²   |
  :::::::::: starting static MTD   6 ::::::::::
  |   MD simulation time   :     7.0 ps       |
  |   target T             :   400.0 K        |
  |   timestep dt          :     5.0 fs       |
  |   dump interval(trj)   :   100.0 fs       |
  |   SHAKE algorithm      : true (all bonds) |
  |   Vbias prefactor (k)  :  0.0013 Eh       |
  |   Vbias exponent (α)   :  1.0000 bohr⁻²   |
  :::::::::: starting static MTD  36 ::::::::::
  |   MD simulation time   :     7.0 ps       |
  |   target T             :   400.0 K        |
  |   timestep dt          :     5.0 fs       |
  |   dump interval(trj)   :   100.0 fs       |
  |   SHAKE algorithm      : true (all bonds) |
  |   Vbias prefactor (k)  :  0.0013 Eh       |
  |   Vbias exponent (α)   :  1.0000 bohr⁻²   |
  :::::::::: starting static MTD  11 ::::::::::
  |   MD simulation time   :     7.0 ps       |
  |   target T             :   400.0 K        |
  |   timestep dt          :     5.0 fs       |
  |   dump interval(trj)   :   100.0 fs       |
  |   SHAKE algorithm      : true (all bonds) |
  |   Vbias prefactor (k)  :  0.0013 Eh       |
  |   Vbias exponent (α)   :  1.0000 bohr⁻²   |
  :::::::::: starting static MTD  12 ::::::::::
  |   MD simulation time   :     7.0 ps       |
  |   target T             :   400.0 K        |
  |   timestep dt          :     5.0 fs       |
  |   dump interval(trj)   :   100.0 fs       |
  |   SHAKE algorithm      : true (all bonds) |
  |   Vbias prefactor (k)  :  0.0013 Eh       |
  |   Vbias exponent (α)   :  1.0000 bohr⁻²   |
  :::::::::: starting static MTD   7 ::::::::::
  |   MD simulation time   :     7.0 ps       |
  |   target T             :   400.0 K        |
  |   timestep dt          :     5.0 fs       |
  |   dump interval(trj)   :   100.0 fs       |
  |   SHAKE algorithm      : true (all bonds) |
  |   Vbias prefactor (k)  :  0.0013 Eh       |
  |   Vbias exponent (α)   :  1.0000 bohr⁻²   |
*sMTD  14 completed successfully ...        0 min, 35.428 sec
  :::::::::: starting static MTD  16 ::::::::::
  |   MD simulation time   :     7.0 ps       |
  |   target T             :   400.0 K        |
  |   timestep dt          :     5.0 fs       |
  |   dump interval(trj)   :   100.0 fs       |
  |   SHAKE algorithm      : true (all bonds) |
  |   Vbias prefactor (k)  :  0.0013 Eh       |
  |   Vbias exponent (α)   :  1.0000 bohr⁻²   |
*sMTD   8 completed successfully ...        0 min, 35.539 sec
  :::::::::: starting static MTD  17 ::::::::::
  |   MD simulation time   :     7.0 ps       |
  |   target T             :   400.0 K        |
  |   timestep dt          :     5.0 fs       |
  |   dump interval(trj)   :   100.0 fs       |
  |   SHAKE algorithm      : true (all bonds) |
  |   Vbias prefactor (k)  :  0.0013 Eh       |
  |   Vbias exponent (α)   :  1.0000 bohr⁻²   |
*sMTD  10 completed successfully ...        0 min, 35.705 sec
  :::::::::: starting static MTD  18 ::::::::::
  |   MD simulation time   :     7.0 ps       |
  |   target T             :   400.0 K        |
  |   timestep dt          :     5.0 fs       |
  |   dump interval(trj)   :   100.0 fs       |
  |   SHAKE algorithm      : true (all bonds) |
  |   Vbias prefactor (k)  :  0.0013 Eh       |
  |   Vbias exponent (α)   :  1.0000 bohr⁻²   |
*sMTD  36 completed successfully ...        0 min, 35.746 sec
  :::::::::: starting static MTD  35 ::::::::::
  |   MD simulation time   :     7.0 ps       |
  |   target T             :   400.0 K        |
  |   timestep dt          :     5.0 fs       |
  |   dump interval(trj)   :   100.0 fs       |
  |   SHAKE algorithm      : true (all bonds) |
  |   Vbias prefactor (k)  :  0.0013 Eh       |
  |   Vbias exponent (α)   :  1.0000 bohr⁻²   |
*sMTD  15 completed successfully ...        0 min, 35.817 sec
  :::::::::: starting static MTD  19 ::::::::::
  |   MD simulation time   :     7.0 ps       |
  |   target T             :   400.0 K        |
  |   timestep dt          :     5.0 fs       |
  |   dump interval(trj)   :   100.0 fs       |
  |   SHAKE algorithm      : true (all bonds) |
  |   Vbias prefactor (k)  :  0.0013 Eh       |
  |   Vbias exponent (α)   :  1.0000 bohr⁻²   |
*sMTD   5 completed successfully ...        0 min, 35.842 sec
  :::::::::: starting static MTD  20 ::::::::::
  |   MD simulation time   :     7.0 ps       |
  |   target T             :   400.0 K        |
  |   timestep dt          :     5.0 fs       |
  |   dump interval(trj)   :   100.0 fs       |
  |   SHAKE algorithm      : true (all bonds) |
  |   Vbias prefactor (k)  :  0.0013 Eh       |
  |   Vbias exponent (α)   :  1.0000 bohr⁻²   |
*sMTD   3 completed successfully ...        0 min, 35.942 sec
  :::::::::: starting static MTD  21 ::::::::::
  |   MD simulation time   :     7.0 ps       |
  |   target T             :   400.0 K        |
  |   timestep dt          :     5.0 fs       |
  |   dump interval(trj)   :   100.0 fs       |
  |   SHAKE algorithm      : true (all bonds) |
  |   Vbias prefactor (k)  :  0.0013 Eh       |
  |   Vbias exponent (α)   :  1.0000 bohr⁻²   |
*sMTD   7 completed successfully ...        0 min, 35.945 sec
  :::::::::: starting static MTD  22 ::::::::::
  |   MD simulation time   :     7.0 ps       |
  |   target T             :   400.0 K        |
  |   timestep dt          :     5.0 fs       |
  |   dump interval(trj)   :   100.0 fs       |
  |   SHAKE algorithm      : true (all bonds) |
  |   Vbias prefactor (k)  :  0.0013 Eh       |
  |   Vbias exponent (α)   :  1.0000 bohr⁻²   |
*sMTD   4 completed successfully ...        0 min, 35.957 sec
  :::::::::: starting static MTD  23 ::::::::::
  |   MD simulation time   :     7.0 ps       |
  |   target T             :   400.0 K        |
  |   timestep dt          :     5.0 fs       |
  |   dump interval(trj)   :   100.0 fs       |
  |   SHAKE algorithm      : true (all bonds) |
  |   Vbias prefactor (k)  :  0.0013 Eh       |
  |   Vbias exponent (α)   :  1.0000 bohr⁻²   |
*sMTD   2 completed successfully ...        0 min, 35.961 sec
  :::::::::: starting static MTD  24 ::::::::::
  |   MD simulation time   :     7.0 ps       |
  |   target T             :   400.0 K        |
  |   timestep dt          :     5.0 fs       |
  |   dump interval(trj)   :   100.0 fs       |
  |   SHAKE algorithm      : true (all bonds) |
  |   Vbias prefactor (k)  :  0.0013 Eh       |
  |   Vbias exponent (α)   :  1.0000 bohr⁻²   |
*sMTD   9 completed successfully ...        0 min, 35.988 sec
  :::::::::: starting static MTD  25 ::::::::::
  |   MD simulation time   :     7.0 ps       |
  |   target T             :   400.0 K        |
  |   timestep dt          :     5.0 fs       |
  |   dump interval(trj)   :   100.0 fs       |
  |   SHAKE algorithm      : true (all bonds) |
  |   Vbias prefactor (k)  :  0.0013 Eh       |
  |   Vbias exponent (α)   :  1.0000 bohr⁻²   |
*sMTD   6 completed successfully ...        0 min, 36.008 sec
  :::::::::: starting static MTD  26 ::::::::::
  |   MD simulation time   :     7.0 ps       |
  |   target T             :   400.0 K        |
  |   timestep dt          :     5.0 fs       |
  |   dump interval(trj)   :   100.0 fs       |
  |   SHAKE algorithm      : true (all bonds) |
  |   Vbias prefactor (k)  :  0.0013 Eh       |
  |   Vbias exponent (α)   :  1.0000 bohr⁻²   |
*sMTD  11 completed successfully ...        0 min, 36.216 sec
  :::::::::: starting static MTD  27 ::::::::::
  |   MD simulation time   :     7.0 ps       |
  |   target T             :   400.0 K        |
  |   timestep dt          :     5.0 fs       |
  |   dump interval(trj)   :   100.0 fs       |
  |   SHAKE algorithm      : true (all bonds) |
  |   Vbias prefactor (k)  :  0.0013 Eh       |
  |   Vbias exponent (α)   :  1.0000 bohr⁻²   |
*sMTD  12 completed successfully ...        0 min, 36.319 sec
  :::::::::: starting static MTD  28 ::::::::::
  |   MD simulation time   :     7.0 ps       |
  |   target T             :   400.0 K        |
  |   timestep dt          :     5.0 fs       |
  |   dump interval(trj)   :   100.0 fs       |
  |   SHAKE algorithm      : true (all bonds) |
  |   Vbias prefactor (k)  :  0.0013 Eh       |
  |   Vbias exponent (α)   :  1.0000 bohr⁻²   |
*sMTD  13 completed successfully ...        0 min, 37.067 sec
  :::::::::: starting static MTD  29 ::::::::::
  |   MD simulation time   :     7.0 ps       |
  |   target T             :   400.0 K        |
  |   timestep dt          :     5.0 fs       |
  |   dump interval(trj)   :   100.0 fs       |
  |   SHAKE algorithm      : true (all bonds) |
  |   Vbias prefactor (k)  :  0.0013 Eh       |
  |   Vbias exponent (α)   :  1.0000 bohr⁻²   |
*sMTD   1 completed successfully ...        0 min, 37.342 sec
  :::::::::: starting static MTD  30 ::::::::::
  |   MD simulation time   :     7.0 ps       |
  |   target T             :   400.0 K        |
  |   timestep dt          :     5.0 fs       |
  |   dump interval(trj)   :   100.0 fs       |
  |   SHAKE algorithm      : true (all bonds) |
  |   Vbias prefactor (k)  :  0.0013 Eh       |
  |   Vbias exponent (α)   :  1.0000 bohr⁻²   |
*sMTD  16 completed successfully ...        0 min, 35.720 sec
  :::::::::: starting static MTD  31 ::::::::::
  |   MD simulation time   :     7.0 ps       |
  |   target T             :   400.0 K        |
  |   timestep dt          :     5.0 fs       |
  |   dump interval(trj)   :   100.0 fs       |
  |   SHAKE algorithm      : true (all bonds) |
  |   Vbias prefactor (k)  :  0.0013 Eh       |
  |   Vbias exponent (α)   :  1.0000 bohr⁻²   |
*sMTD  19 completed successfully ...        0 min, 35.480 sec
  :::::::::: starting static MTD  32 ::::::::::
  |   MD simulation time   :     7.0 ps       |
  |   target T             :   400.0 K        |
  |   timestep dt          :     5.0 fs       |
  |   dump interval(trj)   :   100.0 fs       |
  |   SHAKE algorithm      : true (all bonds) |
  |   Vbias prefactor (k)  :  0.0013 Eh       |
  |   Vbias exponent (α)   :  1.0000 bohr⁻²   |
*sMTD  17 completed successfully ...        0 min, 35.915 sec
  :::::::::: starting static MTD  33 ::::::::::
  |   MD simulation time   :     7.0 ps       |
  |   target T             :   400.0 K        |
  |   timestep dt          :     5.0 fs       |
  |   dump interval(trj)   :   100.0 fs       |
  |   SHAKE algorithm      : true (all bonds) |
  |   Vbias prefactor (k)  :  0.0013 Eh       |
  |   Vbias exponent (α)   :  1.0000 bohr⁻²   |
*sMTD  20 completed successfully ...        0 min, 35.719 sec
  :::::::::: starting static MTD  34 ::::::::::
  |   MD simulation time   :     7.0 ps       |
  |   target T             :   400.0 K        |
  |   timestep dt          :     5.0 fs       |
  |   dump interval(trj)   :   100.0 fs       |
  |   SHAKE algorithm      : true (all bonds) |
  |   Vbias prefactor (k)  :  0.0013 Eh       |
  |   Vbias exponent (α)   :  1.0000 bohr⁻²   |
*sMTD  25 completed successfully ...        0 min, 35.687 sec
*sMTD  35 completed successfully ...        0 min, 35.970 sec
*sMTD  26 completed successfully ...        0 min, 35.720 sec
*sMTD  23 completed successfully ...        0 min, 35.787 sec
*sMTD  22 completed successfully ...        0 min, 35.878 sec
*sMTD  21 completed successfully ...        0 min, 36.000 sec
*sMTD  24 completed successfully ...        0 min, 36.223 sec
*sMTD  27 completed successfully ...        0 min, 36.099 sec
*sMTD  18 completed successfully ...        0 min, 36.640 sec
*sMTD  28 completed successfully ...        0 min, 36.370 sec
*sMTD  29 completed successfully ...        0 min, 35.714 sec
*sMTD  30 completed successfully ...        0 min, 35.677 sec
*sMTD  31 completed successfully ...        0 min, 28.229 sec
*sMTD  33 completed successfully ...        0 min, 27.942 sec
*sMTD  32 completed successfully ...        0 min, 28.319 sec
*sMTD  34 completed successfully ...        0 min, 28.149 sec

 ======================================
 |  Multilevel Ensemble Optimization  |
 ======================================
 Optimizing all 2484 structures from file "crest_rotamers_0.xyz" ...
 ----------------------
 crude pre-optimization
 ----------------------
 Optimization engine: ANCOPT
 Hessian update type: BFGS
 E/G convergence criteria:  0.500E-03 Eh, 0.100E-01 Eh/a0
 maximum optimization steps: 200
 |>0.0% |>7.5% |>15.0% |>22.5% |>30.0% |>37.5% |>45.0% |>52.5% |>60.0% |>67.5% |>75.0% |>82.5% |>90.0% |>97.5% |>100.0%
 done.
> 2484 of 2484 structures successfully optimized (100.0% success)
> Total runtime for 2484 optimizations:
 * wall-time:     0 d,  0 h,  0 min, 35.957 sec
 *  cpu-time:     0 d,  0 h,  9 min, 25.568 sec
 * ratio c/w:    15.729 speedup
> Corresponding to approximately 0.014 sec per processed structure

CREGEN> running RMSDs ... done.
CREGEN> E lowest :   -38.73526
 2120 structures remain within    12.00 kcal/mol window
 ---------------------------------------
 optimization with very tight thresholds
 ---------------------------------------
 Optimization engine: ANCOPT
 Hessian update type: BFGS
 E/G convergence criteria:  0.100E-06 Eh, 0.200E-03 Eh/a0
 maximum optimization steps: 200
 |>0.0% |>7.5% |>15.0% |>22.5% |>30.0% |>37.5% |>45.0% |>52.5% |>60.0% |>67.5% |>75.0% |>82.5% |>90.0% |>97.5% |>100.0%
 done.
> 2118 of 2120 structures successfully optimized (99.9% success)
> Total runtime for 2120 optimizations:
 * wall-time:     0 d,  0 h,  2 min, 32.887 sec
 *  cpu-time:     0 d,  0 h, 40 min, 23.644 sec
 * ratio c/w:    15.853 speedup
> Corresponding to approximately 0.072 sec per processed structure

CREGEN> running RMSDs ... done.
CREGEN> E lowest :   -38.73547
 400 structures remain within     6.00 kcal/mol window
CREGEN> running RMSDs ... done.
CREGEN> E lowest :   -38.73547

 Static MTD simulation iteration 8 finished
 A total of 859 conformers (+ 2.91%) in crest_conformers.xyz
 S(approx.) =   11.225790 cal/molK (dS = 0.49%)
 Convergence w.r.t. conformers: F
 Convergence w.r.t. entropy   : T

     H(298.15K)-H(0) (conf)      1.208958
                   Cp(conf)      3.201922
                    S(conf)     11.222791

********************************************************************************
**                     I T E R A T I O N    C Y C L E      9                  **
********************************************************************************
 -------------------------------------------
 determining bias structures via PCA/k-Means
 -------------------------------------------

 18 structures were selected
 done.

 -----------------------------------------------
 determining MTD seed structures via PCA/k-Means
 -----------------------------------------------

 36 structures were selected
 done.


 ===========================================================
 Static MTDs (umbrella sampling) on 36 selected conformer(s)
 ===========================================================
> Using 18 constant RMSD bias potentials per MTD
  :::::::::: starting static MTD   1 ::::::::::
  |   MD simulation time   :     7.0 ps       |
  |   target T             :   400.0 K        |
  |   timestep dt          :     5.0 fs       |
  |   dump interval(trj)   :   100.0 fs       |
  |   SHAKE algorithm      : true (all bonds) |
  |   Vbias prefactor (k)  :  0.0013 Eh       |
  |   Vbias exponent (α)   :  1.0000 bohr⁻²   |
  :::::::::: starting static MTD   4 ::::::::::
  |   MD simulation time   :     7.0 ps       |
  |   target T             :   400.0 K        |
  |   timestep dt          :     5.0 fs       |
  |   dump interval(trj)   :   100.0 fs       |
  |   SHAKE algorithm      : true (all bonds) |
  |   Vbias prefactor (k)  :  0.0013 Eh       |
  |   Vbias exponent (α)   :  1.0000 bohr⁻²   |
  :::::::::: starting static MTD   8 ::::::::::
  |   MD simulation time   :     7.0 ps       |
  |   target T             :   400.0 K        |
  |   timestep dt          :     5.0 fs       |
  |   dump interval(trj)   :   100.0 fs       |
  |   SHAKE algorithm      : true (all bonds) |
  |   Vbias prefactor (k)  :  0.0013 Eh       |
  |   Vbias exponent (α)   :  1.0000 bohr⁻²   |
  :::::::::: starting static MTD   9 ::::::::::
  |   MD simulation time   :     7.0 ps       |
  |   target T             :   400.0 K        |
  |   timestep dt          :     5.0 fs       |
  |   dump interval(trj)   :   100.0 fs       |
  |   SHAKE algorithm      : true (all bonds) |
  |   Vbias prefactor (k)  :  0.0013 Eh       |
  |   Vbias exponent (α)   :  1.0000 bohr⁻²   |
  :::::::::: starting static MTD  36 ::::::::::
  |   MD simulation time   :     7.0 ps       |
  |   target T             :   400.0 K        |
  |   timestep dt          :     5.0 fs       |
  |   dump interval(trj)   :   100.0 fs       |
  |   SHAKE algorithm      : true (all bonds) |
  |   Vbias prefactor (k)  :  0.0013 Eh       |
  |   Vbias exponent (α)   :  1.0000 bohr⁻²   |
  :::::::::: starting static MTD   2 ::::::::::
  |   MD simulation time   :     7.0 ps       |
  |   target T             :   400.0 K        |
  |   timestep dt          :     5.0 fs       |
  |   dump interval(trj)   :   100.0 fs       |
  |   SHAKE algorithm      : true (all bonds) |
  |   Vbias prefactor (k)  :  0.0013 Eh       |
  |   Vbias exponent (α)   :  1.0000 bohr⁻²   |
  :::::::::: starting static MTD  12 ::::::::::
  |   MD simulation time   :     7.0 ps       |
  |   target T             :   400.0 K        |
  |   timestep dt          :     5.0 fs       |
  |   dump interval(trj)   :   100.0 fs       |
  |   SHAKE algorithm      : true (all bonds) |
  |   Vbias prefactor (k)  :  0.0013 Eh       |
  |   Vbias exponent (α)   :  1.0000 bohr⁻²   |
  :::::::::: starting static MTD   5 ::::::::::
  |   MD simulation time   :     7.0 ps       |
  |   target T             :   400.0 K        |
  |   timestep dt          :     5.0 fs       |
  |   dump interval(trj)   :   100.0 fs       |
  |   SHAKE algorithm      : true (all bonds) |
  |   Vbias prefactor (k)  :  0.0013 Eh       |
  |   Vbias exponent (α)   :  1.0000 bohr⁻²   |
  :::::::::: starting static MTD  15 ::::::::::
  |   MD simulation time   :     7.0 ps       |
  |   target T             :   400.0 K        |
  |   timestep dt          :     5.0 fs       |
  |   dump interval(trj)   :   100.0 fs       |
  |   SHAKE algorithm      : true (all bonds) |
  |   Vbias prefactor (k)  :  0.0013 Eh       |
  |   Vbias exponent (α)   :  1.0000 bohr⁻²   |
  :::::::::: starting static MTD  11 ::::::::::
  |   MD simulation time   :     7.0 ps       |
  |   target T             :   400.0 K        |
  |   timestep dt          :     5.0 fs       |
  |   dump interval(trj)   :   100.0 fs       |
  |   SHAKE algorithm      : true (all bonds) |
  |   Vbias prefactor (k)  :  0.0013 Eh       |
  |   Vbias exponent (α)   :  1.0000 bohr⁻²   |
  :::::::::: starting static MTD  14 ::::::::::
  |   MD simulation time   :     7.0 ps       |
  |   target T             :   400.0 K        |
  |   timestep dt          :     5.0 fs       |
  |   dump interval(trj)   :   100.0 fs       |
  |   SHAKE algorithm      : true (all bonds) |
  |   Vbias prefactor (k)  :  0.0013 Eh       |
  |   Vbias exponent (α)   :  1.0000 bohr⁻²   |
  :::::::::: starting static MTD  10 ::::::::::
  |   MD simulation time   :     7.0 ps       |
  |   target T             :   400.0 K        |
  |   timestep dt          :     5.0 fs       |
  |   dump interval(trj)   :   100.0 fs       |
  |   SHAKE algorithm      : true (all bonds) |
  |   Vbias prefactor (k)  :  0.0013 Eh       |
  |   Vbias exponent (α)   :  1.0000 bohr⁻²   |
  :::::::::: starting static MTD   7 ::::::::::
  |   MD simulation time   :     7.0 ps       |
  |   target T             :   400.0 K        |
  |   timestep dt          :     5.0 fs       |
  |   dump interval(trj)   :   100.0 fs       |
  |   SHAKE algorithm      : true (all bonds) |
  |   Vbias prefactor (k)  :  0.0013 Eh       |
  |   Vbias exponent (α)   :  1.0000 bohr⁻²   |
  :::::::::: starting static MTD  13 ::::::::::
  |   MD simulation time   :     7.0 ps       |
  |   target T             :   400.0 K        |
  |   timestep dt          :     5.0 fs       |
  |   dump interval(trj)   :   100.0 fs       |
  |   SHAKE algorithm      : true (all bonds) |
  |   Vbias prefactor (k)  :  0.0013 Eh       |
  |   Vbias exponent (α)   :  1.0000 bohr⁻²   |
  :::::::::: starting static MTD   3 ::::::::::
  |   MD simulation time   :     7.0 ps       |
  |   target T             :   400.0 K        |
  |   timestep dt          :     5.0 fs       |
  |   dump interval(trj)   :   100.0 fs       |
  |   SHAKE algorithm      : true (all bonds) |
  |   Vbias prefactor (k)  :  0.0013 Eh       |
  |   Vbias exponent (α)   :  1.0000 bohr⁻²   |
  :::::::::: starting static MTD   6 ::::::::::
  |   MD simulation time   :     7.0 ps       |
  |   target T             :   400.0 K        |
  |   timestep dt          :     5.0 fs       |
  |   dump interval(trj)   :   100.0 fs       |
  |   SHAKE algorithm      : true (all bonds) |
  |   Vbias prefactor (k)  :  0.0013 Eh       |
  |   Vbias exponent (α)   :  1.0000 bohr⁻²   |
*sMTD  15 completed successfully ...        0 min, 35.461 sec
  :::::::::: starting static MTD  16 ::::::::::
  |   MD simulation time   :     7.0 ps       |
  |   target T             :   400.0 K        |
  |   timestep dt          :     5.0 fs       |
  |   dump interval(trj)   :   100.0 fs       |
  |   SHAKE algorithm      : true (all bonds) |
  |   Vbias prefactor (k)  :  0.0013 Eh       |
  |   Vbias exponent (α)   :  1.0000 bohr⁻²   |
*sMTD  11 completed successfully ...        0 min, 35.593 sec
  :::::::::: starting static MTD  17 ::::::::::
  |   MD simulation time   :     7.0 ps       |
  |   target T             :   400.0 K        |
  |   timestep dt          :     5.0 fs       |
  |   dump interval(trj)   :   100.0 fs       |
  |   SHAKE algorithm      : true (all bonds) |
  |   Vbias prefactor (k)  :  0.0013 Eh       |
  |   Vbias exponent (α)   :  1.0000 bohr⁻²   |
*sMTD  14 completed successfully ...        0 min, 35.626 sec
  :::::::::: starting static MTD  18 ::::::::::
  |   MD simulation time   :     7.0 ps       |
  |   target T             :   400.0 K        |
  |   timestep dt          :     5.0 fs       |
  |   dump interval(trj)   :   100.0 fs       |
  |   SHAKE algorithm      : true (all bonds) |
  |   Vbias prefactor (k)  :  0.0013 Eh       |
  |   Vbias exponent (α)   :  1.0000 bohr⁻²   |
*sMTD   2 completed successfully ...        0 min, 35.630 sec
  :::::::::: starting static MTD  19 ::::::::::
  |   MD simulation time   :     7.0 ps       |
  |   target T             :   400.0 K        |
  |   timestep dt          :     5.0 fs       |
  |   dump interval(trj)   :   100.0 fs       |
  |   SHAKE algorithm      : true (all bonds) |
  |   Vbias prefactor (k)  :  0.0013 Eh       |
  |   Vbias exponent (α)   :  1.0000 bohr⁻²   |
*sMTD   3 completed successfully ...        0 min, 35.712 sec
  :::::::::: starting static MTD  20 ::::::::::
  |   MD simulation time   :     7.0 ps       |
  |   target T             :   400.0 K        |
  |   timestep dt          :     5.0 fs       |
  |   dump interval(trj)   :   100.0 fs       |
  |   SHAKE algorithm      : true (all bonds) |
  |   Vbias prefactor (k)  :  0.0013 Eh       |
  |   Vbias exponent (α)   :  1.0000 bohr⁻²   |
*sMTD  12 completed successfully ...        0 min, 35.725 sec
  :::::::::: starting static MTD  21 ::::::::::
  |   MD simulation time   :     7.0 ps       |
  |   target T             :   400.0 K        |
  |   timestep dt          :     5.0 fs       |
  |   dump interval(trj)   :   100.0 fs       |
  |   SHAKE algorithm      : true (all bonds) |
  |   Vbias prefactor (k)  :  0.0013 Eh       |
  |   Vbias exponent (α)   :  1.0000 bohr⁻²   |
*sMTD  10 completed successfully ...        0 min, 35.782 sec
  :::::::::: starting static MTD  22 ::::::::::
  |   MD simulation time   :     7.0 ps       |
  |   target T             :   400.0 K        |
  |   timestep dt          :     5.0 fs       |
  |   dump interval(trj)   :   100.0 fs       |
  |   SHAKE algorithm      : true (all bonds) |
  |   Vbias prefactor (k)  :  0.0013 Eh       |
  |   Vbias exponent (α)   :  1.0000 bohr⁻²   |
*sMTD   9 completed successfully ...        0 min, 35.803 sec
  :::::::::: starting static MTD  23 ::::::::::
  |   MD simulation time   :     7.0 ps       |
  |   target T             :   400.0 K        |
  |   timestep dt          :     5.0 fs       |
  |   dump interval(trj)   :   100.0 fs       |
  |   SHAKE algorithm      : true (all bonds) |
  |   Vbias prefactor (k)  :  0.0013 Eh       |
  |   Vbias exponent (α)   :  1.0000 bohr⁻²   |
*sMTD   4 completed successfully ...        0 min, 35.827 sec
  :::::::::: starting static MTD  24 ::::::::::
  |   MD simulation time   :     7.0 ps       |
  |   target T             :   400.0 K        |
  |   timestep dt          :     5.0 fs       |
  |   dump interval(trj)   :   100.0 fs       |
  |   SHAKE algorithm      : true (all bonds) |
  |   Vbias prefactor (k)  :  0.0013 Eh       |
  |   Vbias exponent (α)   :  1.0000 bohr⁻²   |
*sMTD   6 completed successfully ...        0 min, 35.856 sec
  :::::::::: starting static MTD  25 ::::::::::
  |   MD simulation time   :     7.0 ps       |
  |   target T             :   400.0 K        |
  |   timestep dt          :     5.0 fs       |
  |   dump interval(trj)   :   100.0 fs       |
  |   SHAKE algorithm      : true (all bonds) |
  |   Vbias prefactor (k)  :  0.0013 Eh       |
  |   Vbias exponent (α)   :  1.0000 bohr⁻²   |
*sMTD  36 completed successfully ...        0 min, 36.005 sec
  :::::::::: starting static MTD  35 ::::::::::
  |   MD simulation time   :     7.0 ps       |
  |   target T             :   400.0 K        |
  |   timestep dt          :     5.0 fs       |
  |   dump interval(trj)   :   100.0 fs       |
  |   SHAKE algorithm      : true (all bonds) |
  |   Vbias prefactor (k)  :  0.0013 Eh       |
  |   Vbias exponent (α)   :  1.0000 bohr⁻²   |
*sMTD   8 completed successfully ...        0 min, 36.009 sec
  :::::::::: starting static MTD  26 ::::::::::
  |   MD simulation time   :     7.0 ps       |
  |   target T             :   400.0 K        |
  |   timestep dt          :     5.0 fs       |
  |   dump interval(trj)   :   100.0 fs       |
  |   SHAKE algorithm      : true (all bonds) |
  |   Vbias prefactor (k)  :  0.0013 Eh       |
  |   Vbias exponent (α)   :  1.0000 bohr⁻²   |
*sMTD   7 completed successfully ...        0 min, 36.010 sec
  :::::::::: starting static MTD  27 ::::::::::
  |   MD simulation time   :     7.0 ps       |
  |   target T             :   400.0 K        |
  |   timestep dt          :     5.0 fs       |
  |   dump interval(trj)   :   100.0 fs       |
  |   SHAKE algorithm      : true (all bonds) |
  |   Vbias prefactor (k)  :  0.0013 Eh       |
  |   Vbias exponent (α)   :  1.0000 bohr⁻²   |
*sMTD   5 completed successfully ...        0 min, 36.137 sec
  :::::::::: starting static MTD  28 ::::::::::
  |   MD simulation time   :     7.0 ps       |
  |   target T             :   400.0 K        |
  |   timestep dt          :     5.0 fs       |
  |   dump interval(trj)   :   100.0 fs       |
  |   SHAKE algorithm      : true (all bonds) |
  |   Vbias prefactor (k)  :  0.0013 Eh       |
  |   Vbias exponent (α)   :  1.0000 bohr⁻²   |
*sMTD  13 completed successfully ...        0 min, 36.410 sec
  :::::::::: starting static MTD  29 ::::::::::
  |   MD simulation time   :     7.0 ps       |
  |   target T             :   400.0 K        |
  |   timestep dt          :     5.0 fs       |
  |   dump interval(trj)   :   100.0 fs       |
  |   SHAKE algorithm      : true (all bonds) |
  |   Vbias prefactor (k)  :  0.0013 Eh       |
  |   Vbias exponent (α)   :  1.0000 bohr⁻²   |
*sMTD   1 completed successfully ...        0 min, 36.678 sec
  :::::::::: starting static MTD  30 ::::::::::
  |   MD simulation time   :     7.0 ps       |
  |   target T             :   400.0 K        |
  |   timestep dt          :     5.0 fs       |
  |   dump interval(trj)   :   100.0 fs       |
  |   SHAKE algorithm      : true (all bonds) |
  |   Vbias prefactor (k)  :  0.0013 Eh       |
  |   Vbias exponent (α)   :  1.0000 bohr⁻²   |
*sMTD  17 completed successfully ...        0 min, 35.498 sec
  :::::::::: starting static MTD  31 ::::::::::
  |   MD simulation time   :     7.0 ps       |
  |   target T             :   400.0 K        |
  |   timestep dt          :     5.0 fs       |
  |   dump interval(trj)   :   100.0 fs       |
  |   SHAKE algorithm      : true (all bonds) |
  |   Vbias prefactor (k)  :  0.0013 Eh       |
  |   Vbias exponent (α)   :  1.0000 bohr⁻²   |
*sMTD  23 completed successfully ...        0 min, 35.303 sec
  :::::::::: starting static MTD  32 ::::::::::
  |   MD simulation time   :     7.0 ps       |
  |   target T             :   400.0 K        |
  |   timestep dt          :     5.0 fs       |
  |   dump interval(trj)   :   100.0 fs       |
  |   SHAKE algorithm      : true (all bonds) |
  |   Vbias prefactor (k)  :  0.0013 Eh       |
  |   Vbias exponent (α)   :  1.0000 bohr⁻²   |
*sMTD  20 completed successfully ...        0 min, 35.553 sec
  :::::::::: starting static MTD  33 ::::::::::
  |   MD simulation time   :     7.0 ps       |
  |   target T             :   400.0 K        |
  |   timestep dt          :     5.0 fs       |
  |   dump interval(trj)   :   100.0 fs       |
  |   SHAKE algorithm      : true (all bonds) |
  |   Vbias prefactor (k)  :  0.0013 Eh       |
  |   Vbias exponent (α)   :  1.0000 bohr⁻²   |
*sMTD  18 completed successfully ...        0 min, 35.655 sec
  :::::::::: starting static MTD  34 ::::::::::
  |   MD simulation time   :     7.0 ps       |
  |   target T             :   400.0 K        |
  |   timestep dt          :     5.0 fs       |
  |   dump interval(trj)   :   100.0 fs       |
  |   SHAKE algorithm      : true (all bonds) |
  |   Vbias prefactor (k)  :  0.0013 Eh       |
  |   Vbias exponent (α)   :  1.0000 bohr⁻²   |
*sMTD  16 completed successfully ...        0 min, 35.886 sec
*sMTD  21 completed successfully ...        0 min, 35.645 sec
*sMTD  28 completed successfully ...        0 min, 35.349 sec
*sMTD  22 completed successfully ...        0 min, 35.740 sec
*sMTD  25 completed successfully ...        0 min, 35.752 sec
*sMTD  24 completed successfully ...        0 min, 36.060 sec
*sMTD  27 completed successfully ...        0 min, 35.923 sec
*sMTD  26 completed successfully ...        0 min, 36.023 sec
*sMTD  35 completed successfully ...        0 min, 36.051 sec
*sMTD  19 completed successfully ...        0 min, 36.586 sec
*sMTD  30 completed successfully ...        0 min, 35.561 sec
*sMTD  29 completed successfully ...        0 min, 35.856 sec
*sMTD  31 completed successfully ...        0 min, 27.869 sec
*sMTD  32 completed successfully ...        0 min, 28.140 sec
*sMTD  34 completed successfully ...        0 min, 28.030 sec
*sMTD  33 completed successfully ...        0 min, 28.189 sec

 ======================================
 |  Multilevel Ensemble Optimization  |
 ======================================
 Optimizing all 2484 structures from file "crest_rotamers_0.xyz" ...
 ----------------------
 crude pre-optimization
 ----------------------
 Optimization engine: ANCOPT
 Hessian update type: BFGS
 E/G convergence criteria:  0.500E-03 Eh, 0.100E-01 Eh/a0
 maximum optimization steps: 200
 |>0.0% |>7.5% |>15.0% |>22.5% |>30.0% |>37.5% |>45.0% |>52.5% |>60.0% |>67.5% |>75.0% |>82.5% |>90.0% |>97.5% |>100.0%
 done.
> 2484 of 2484 structures successfully optimized (100.0% success)
> Total runtime for 2484 optimizations:
 * wall-time:     0 d,  0 h,  0 min, 37.124 sec
 *  cpu-time:     0 d,  0 h,  9 min, 42.083 sec
 * ratio c/w:    15.679 speedup
> Corresponding to approximately 0.015 sec per processed structure

CREGEN> running RMSDs ... done.
CREGEN> E lowest :   -38.73516
 2164 structures remain within    12.00 kcal/mol window
 ---------------------------------------
 optimization with very tight thresholds
 ---------------------------------------
 Optimization engine: ANCOPT
 Hessian update type: BFGS
 E/G convergence criteria:  0.100E-06 Eh, 0.200E-03 Eh/a0
 maximum optimization steps: 200
 |>0.0% |>7.5% |>15.0% |>22.5% |>30.0% |>37.5% |>45.0% |>52.5% |>60.0% |>67.5% |>75.0% |>82.5% |>90.0% |>97.5% |>100.0%
 done.
> 2162 of 2164 structures successfully optimized (99.9% success)
> Total runtime for 2164 optimizations:
 * wall-time:     0 d,  0 h,  2 min, 34.457 sec
 *  cpu-time:     0 d,  0 h, 40 min, 48.177 sec
 * ratio c/w:    15.850 speedup
> Corresponding to approximately 0.071 sec per processed structure

CREGEN> running RMSDs ... done.
CREGEN> E lowest :   -38.73547
 452 structures remain within     6.00 kcal/mol window
CREGEN> running RMSDs ... done.
CREGEN> E lowest :   -38.73547

 Static MTD simulation iteration 9 finished
 A total of 881 conformers (+ 2.50%) in crest_conformers.xyz
 S(approx.) =   11.277985 cal/molK (dS = 0.46%)
 Convergence w.r.t. conformers: F
 Convergence w.r.t. entropy   : T

     H(298.15K)-H(0) (conf)      1.224730
                   Cp(conf)      3.235138
                    S(conf)     11.274991

********************************************************************************
**                     I T E R A T I O N    C Y C L E     10                  **
********************************************************************************
 -------------------------------------------
 determining bias structures via PCA/k-Means
 -------------------------------------------

 22 structures were selected
 done.

 -----------------------------------------------
 determining MTD seed structures via PCA/k-Means
 -----------------------------------------------

 36 structures were selected
 done.


 ===========================================================
 Static MTDs (umbrella sampling) on 36 selected conformer(s)
 ===========================================================
> Using 22 constant RMSD bias potentials per MTD
  :::::::::: starting static MTD   1 ::::::::::
  |   MD simulation time   :     7.0 ps       |
  |   target T             :   400.0 K        |
  |   timestep dt          :     5.0 fs       |
  |   dump interval(trj)   :   100.0 fs       |
  |   SHAKE algorithm      : true (all bonds) |
  |   Vbias prefactor (k)  :  0.0013 Eh       |
  |   Vbias exponent (α)   :  1.0000 bohr⁻²   |
  :::::::::: starting static MTD   6 ::::::::::
  |   MD simulation time   :     7.0 ps       |
  |   target T             :   400.0 K        |
  |   timestep dt          :     5.0 fs       |
  |   dump interval(trj)   :   100.0 fs       |
  |   SHAKE algorithm      : true (all bonds) |
  |   Vbias prefactor (k)  :  0.0013 Eh       |
  |   Vbias exponent (α)   :  1.0000 bohr⁻²   |
  :::::::::: starting static MTD   2 ::::::::::
  |   MD simulation time   :     7.0 ps       |
  |   target T             :   400.0 K        |
  |   timestep dt          :     5.0 fs       |
  |   dump interval(trj)   :   100.0 fs       |
  |   SHAKE algorithm      : true (all bonds) |
  |   Vbias prefactor (k)  :  0.0013 Eh       |
  |   Vbias exponent (α)   :  1.0000 bohr⁻²   |
  :::::::::: starting static MTD   5 ::::::::::
  |   MD simulation time   :     7.0 ps       |
  |   target T             :   400.0 K        |
  |   timestep dt          :     5.0 fs       |
  |   dump interval(trj)   :   100.0 fs       |
  |   SHAKE algorithm      : true (all bonds) |
  |   Vbias prefactor (k)  :  0.0013 Eh       |
  |   Vbias exponent (α)   :  1.0000 bohr⁻²   |
  :::::::::: starting static MTD  36 ::::::::::
  |   MD simulation time   :     7.0 ps       |
  |   target T             :   400.0 K        |
  |   timestep dt          :     5.0 fs       |
  |   dump interval(trj)   :   100.0 fs       |
  |   SHAKE algorithm      : true (all bonds) |
  |   Vbias prefactor (k)  :  0.0013 Eh       |
  |   Vbias exponent (α)   :  1.0000 bohr⁻²   |
  :::::::::: starting static MTD   9 ::::::::::
  |   MD simulation time   :     7.0 ps       |
  |   target T             :   400.0 K        |
  |   timestep dt          :     5.0 fs       |
  |   dump interval(trj)   :   100.0 fs       |
  |   SHAKE algorithm      : true (all bonds) |
  |   Vbias prefactor (k)  :  0.0013 Eh       |
  |   Vbias exponent (α)   :  1.0000 bohr⁻²   |
  :::::::::: starting static MTD  12 ::::::::::
  |   MD simulation time   :     7.0 ps       |
  |   target T             :   400.0 K        |
  |   timestep dt          :     5.0 fs       |
  |   dump interval(trj)   :   100.0 fs       |
  |   SHAKE algorithm      : true (all bonds) |
  |   Vbias prefactor (k)  :  0.0013 Eh       |
  |   Vbias exponent (α)   :  1.0000 bohr⁻²   |
  :::::::::: starting static MTD   7 ::::::::::
  |   MD simulation time   :     7.0 ps       |
  |   target T             :   400.0 K        |
  |   timestep dt          :     5.0 fs       |
  |   dump interval(trj)   :   100.0 fs       |
  |   SHAKE algorithm      : true (all bonds) |
  |   Vbias prefactor (k)  :  0.0013 Eh       |
  |   Vbias exponent (α)   :  1.0000 bohr⁻²   |
  :::::::::: starting static MTD  10 ::::::::::
  |   MD simulation time   :     7.0 ps       |
  |   target T             :   400.0 K        |
  |   timestep dt          :     5.0 fs       |
  |   dump interval(trj)   :   100.0 fs       |
  |   SHAKE algorithm      : true (all bonds) |
  |   Vbias prefactor (k)  :  0.0013 Eh       |
  |   Vbias exponent (α)   :  1.0000 bohr⁻²   |
  :::::::::: starting static MTD  11 ::::::::::
  |   MD simulation time   :     7.0 ps       |
  |   target T             :   400.0 K        |
  |   timestep dt          :     5.0 fs       |
  |   dump interval(trj)   :   100.0 fs       |
  |   SHAKE algorithm      : true (all bonds) |
  |   Vbias prefactor (k)  :  0.0013 Eh       |
  |   Vbias exponent (α)   :  1.0000 bohr⁻²   |
  :::::::::: starting static MTD  15 ::::::::::
  |   MD simulation time   :     7.0 ps       |
  |   target T             :   400.0 K        |
  |   timestep dt          :     5.0 fs       |
  |   dump interval(trj)   :   100.0 fs       |
  |   SHAKE algorithm      : true (all bonds) |
  |   Vbias prefactor (k)  :  0.0013 Eh       |
  |   Vbias exponent (α)   :  1.0000 bohr⁻²   |
  :::::::::: starting static MTD  14 ::::::::::
  |   MD simulation time   :     7.0 ps       |
  |   target T             :   400.0 K        |
  |   timestep dt          :     5.0 fs       |
  |   dump interval(trj)   :   100.0 fs       |
  |   SHAKE algorithm      : true (all bonds) |
  |   Vbias prefactor (k)  :  0.0013 Eh       |
  |   Vbias exponent (α)   :  1.0000 bohr⁻²   |
  :::::::::: starting static MTD  13 ::::::::::
  |   MD simulation time   :     7.0 ps       |
  |   target T             :   400.0 K        |
  |   timestep dt          :     5.0 fs       |
  |   dump interval(trj)   :   100.0 fs       |
  |   SHAKE algorithm      : true (all bonds) |
  |   Vbias prefactor (k)  :  0.0013 Eh       |
  |   Vbias exponent (α)   :  1.0000 bohr⁻²   |
  :::::::::: starting static MTD   3 ::::::::::
  |   MD simulation time   :     7.0 ps       |
  |   target T             :   400.0 K        |
  |   timestep dt          :     5.0 fs       |
  |   dump interval(trj)   :   100.0 fs       |
  |   SHAKE algorithm      : true (all bonds) |
  |   Vbias prefactor (k)  :  0.0013 Eh       |
  |   Vbias exponent (α)   :  1.0000 bohr⁻²   |
  :::::::::: starting static MTD   4 ::::::::::
  |   MD simulation time   :     7.0 ps       |
  |   target T             :   400.0 K        |
  |   timestep dt          :     5.0 fs       |
  |   dump interval(trj)   :   100.0 fs       |
  |   SHAKE algorithm      : true (all bonds) |
  |   Vbias prefactor (k)  :  0.0013 Eh       |
  |   Vbias exponent (α)   :  1.0000 bohr⁻²   |
  :::::::::: starting static MTD   8 ::::::::::
  |   MD simulation time   :     7.0 ps       |
  |   target T             :   400.0 K        |
  |   timestep dt          :     5.0 fs       |
  |   dump interval(trj)   :   100.0 fs       |
  |   SHAKE algorithm      : true (all bonds) |
  |   Vbias prefactor (k)  :  0.0013 Eh       |
  |   Vbias exponent (α)   :  1.0000 bohr⁻²   |
*sMTD   8 completed successfully ...        0 min, 35.325 sec
  :::::::::: starting static MTD  16 ::::::::::
  |   MD simulation time   :     7.0 ps       |
  |   target T             :   400.0 K        |
  |   timestep dt          :     5.0 fs       |
  |   dump interval(trj)   :   100.0 fs       |
  |   SHAKE algorithm      : true (all bonds) |
  |   Vbias prefactor (k)  :  0.0013 Eh       |
  |   Vbias exponent (α)   :  1.0000 bohr⁻²   |
*sMTD   7 completed successfully ...        0 min, 35.347 sec
  :::::::::: starting static MTD  17 ::::::::::
  |   MD simulation time   :     7.0 ps       |
  |   target T             :   400.0 K        |
  |   timestep dt          :     5.0 fs       |
  |   dump interval(trj)   :   100.0 fs       |
  |   SHAKE algorithm      : true (all bonds) |
  |   Vbias prefactor (k)  :  0.0013 Eh       |
  |   Vbias exponent (α)   :  1.0000 bohr⁻²   |
*sMTD   6 completed successfully ...        0 min, 35.349 sec
  :::::::::: starting static MTD  18 ::::::::::
  |   MD simulation time   :     7.0 ps       |
  |   target T             :   400.0 K        |
  |   timestep dt          :     5.0 fs       |
  |   dump interval(trj)   :   100.0 fs       |
  |   SHAKE algorithm      : true (all bonds) |
  |   Vbias prefactor (k)  :  0.0013 Eh       |
  |   Vbias exponent (α)   :  1.0000 bohr⁻²   |
*sMTD  15 completed successfully ...        0 min, 35.383 sec
  :::::::::: starting static MTD  19 ::::::::::
  |   MD simulation time   :     7.0 ps       |
  |   target T             :   400.0 K        |
  |   timestep dt          :     5.0 fs       |
  |   dump interval(trj)   :   100.0 fs       |
  |   SHAKE algorithm      : true (all bonds) |
  |   Vbias prefactor (k)  :  0.0013 Eh       |
  |   Vbias exponent (α)   :  1.0000 bohr⁻²   |
*sMTD  11 completed successfully ...        0 min, 35.401 sec
  :::::::::: starting static MTD  20 ::::::::::
  |   MD simulation time   :     7.0 ps       |
  |   target T             :   400.0 K        |
  |   timestep dt          :     5.0 fs       |
  |   dump interval(trj)   :   100.0 fs       |
  |   SHAKE algorithm      : true (all bonds) |
  |   Vbias prefactor (k)  :  0.0013 Eh       |
  |   Vbias exponent (α)   :  1.0000 bohr⁻²   |
*sMTD  12 completed successfully ...        0 min, 35.546 sec
  :::::::::: starting static MTD  21 ::::::::::
  |   MD simulation time   :     7.0 ps       |
  |   target T             :   400.0 K        |
  |   timestep dt          :     5.0 fs       |
  |   dump interval(trj)   :   100.0 fs       |
  |   SHAKE algorithm      : true (all bonds) |
  |   Vbias prefactor (k)  :  0.0013 Eh       |
  |   Vbias exponent (α)   :  1.0000 bohr⁻²   |
*sMTD  13 completed successfully ...        0 min, 35.601 sec
  :::::::::: starting static MTD  22 ::::::::::
  |   MD simulation time   :     7.0 ps       |
  |   target T             :   400.0 K        |
  |   timestep dt          :     5.0 fs       |
  |   dump interval(trj)   :   100.0 fs       |
  |   SHAKE algorithm      : true (all bonds) |
  |   Vbias prefactor (k)  :  0.0013 Eh       |
  |   Vbias exponent (α)   :  1.0000 bohr⁻²   |
*sMTD   9 completed successfully ...        0 min, 35.633 sec
  :::::::::: starting static MTD  23 ::::::::::
  |   MD simulation time   :     7.0 ps       |
  |   target T             :   400.0 K        |
  |   timestep dt          :     5.0 fs       |
  |   dump interval(trj)   :   100.0 fs       |
  |   SHAKE algorithm      : true (all bonds) |
  |   Vbias prefactor (k)  :  0.0013 Eh       |
  |   Vbias exponent (α)   :  1.0000 bohr⁻²   |
*sMTD   3 completed successfully ...        0 min, 35.633 sec
  :::::::::: starting static MTD  24 ::::::::::
  |   MD simulation time   :     7.0 ps       |
  |   target T             :   400.0 K        |
  |   timestep dt          :     5.0 fs       |
  |   dump interval(trj)   :   100.0 fs       |
  |   SHAKE algorithm      : true (all bonds) |
  |   Vbias prefactor (k)  :  0.0013 Eh       |
  |   Vbias exponent (α)   :  1.0000 bohr⁻²   |
*sMTD   5 completed successfully ...        0 min, 35.670 sec
  :::::::::: starting static MTD  25 ::::::::::
  |   MD simulation time   :     7.0 ps       |
  |   target T             :   400.0 K        |
  |   timestep dt          :     5.0 fs       |
  |   dump interval(trj)   :   100.0 fs       |
  |   SHAKE algorithm      : true (all bonds) |
  |   Vbias prefactor (k)  :  0.0013 Eh       |
  |   Vbias exponent (α)   :  1.0000 bohr⁻²   |
*sMTD   4 completed successfully ...        0 min, 35.681 sec
  :::::::::: starting static MTD  26 ::::::::::
  |   MD simulation time   :     7.0 ps       |
  |   target T             :   400.0 K        |
  |   timestep dt          :     5.0 fs       |
  |   dump interval(trj)   :   100.0 fs       |
  |   SHAKE algorithm      : true (all bonds) |
  |   Vbias prefactor (k)  :  0.0013 Eh       |
  |   Vbias exponent (α)   :  1.0000 bohr⁻²   |
*sMTD  10 completed successfully ...        0 min, 35.766 sec
  :::::::::: starting static MTD  27 ::::::::::
  |   MD simulation time   :     7.0 ps       |
  |   target T             :   400.0 K        |
  |   timestep dt          :     5.0 fs       |
  |   dump interval(trj)   :   100.0 fs       |
  |   SHAKE algorithm      : true (all bonds) |
  |   Vbias prefactor (k)  :  0.0013 Eh       |
  |   Vbias exponent (α)   :  1.0000 bohr⁻²   |
*sMTD   2 completed successfully ...        0 min, 35.787 sec
  :::::::::: starting static MTD  28 ::::::::::
  |   MD simulation time   :     7.0 ps       |
  |   target T             :   400.0 K        |
  |   timestep dt          :     5.0 fs       |
  |   dump interval(trj)   :   100.0 fs       |
  |   SHAKE algorithm      : true (all bonds) |
  |   Vbias prefactor (k)  :  0.0013 Eh       |
  |   Vbias exponent (α)   :  1.0000 bohr⁻²   |
*sMTD  36 completed successfully ...        0 min, 35.883 sec
  :::::::::: starting static MTD  35 ::::::::::
  |   MD simulation time   :     7.0 ps       |
  |   target T             :   400.0 K        |
  |   timestep dt          :     5.0 fs       |
  |   dump interval(trj)   :   100.0 fs       |
  |   SHAKE algorithm      : true (all bonds) |
  |   Vbias prefactor (k)  :  0.0013 Eh       |
  |   Vbias exponent (α)   :  1.0000 bohr⁻²   |
*sMTD  14 completed successfully ...        0 min, 36.031 sec
  :::::::::: starting static MTD  29 ::::::::::
  |   MD simulation time   :     7.0 ps       |
  |   target T             :   400.0 K        |
  |   timestep dt          :     5.0 fs       |
  |   dump interval(trj)   :   100.0 fs       |
  |   SHAKE algorithm      : true (all bonds) |
  |   Vbias prefactor (k)  :  0.0013 Eh       |
  |   Vbias exponent (α)   :  1.0000 bohr⁻²   |
*sMTD   1 completed successfully ...        0 min, 36.400 sec
  :::::::::: starting static MTD  30 ::::::::::
  |   MD simulation time   :     7.0 ps       |
  |   target T             :   400.0 K        |
  |   timestep dt          :     5.0 fs       |
  |   dump interval(trj)   :   100.0 fs       |
  |   SHAKE algorithm      : true (all bonds) |
  |   Vbias prefactor (k)  :  0.0013 Eh       |
  |   Vbias exponent (α)   :  1.0000 bohr⁻²   |
*sMTD  17 completed successfully ...        0 min, 35.167 sec
  :::::::::: starting static MTD  31 ::::::::::
  |   MD simulation time   :     7.0 ps       |
  |   target T             :   400.0 K        |
  |   timestep dt          :     5.0 fs       |
  |   dump interval(trj)   :   100.0 fs       |
  |   SHAKE algorithm      : true (all bonds) |
  |   Vbias prefactor (k)  :  0.0013 Eh       |
  |   Vbias exponent (α)   :  1.0000 bohr⁻²   |
*sMTD  21 completed successfully ...        0 min, 35.169 sec
  :::::::::: starting static MTD  32 ::::::::::
  |   MD simulation time   :     7.0 ps       |
  |   target T             :   400.0 K        |
  |   timestep dt          :     5.0 fs       |
  |   dump interval(trj)   :   100.0 fs       |
  |   SHAKE algorithm      : true (all bonds) |
  |   Vbias prefactor (k)  :  0.0013 Eh       |
  |   Vbias exponent (α)   :  1.0000 bohr⁻²   |
*sMTD  22 completed successfully ...        0 min, 35.167 sec
  :::::::::: starting static MTD  33 ::::::::::
  |   MD simulation time   :     7.0 ps       |
  |   target T             :   400.0 K        |
  |   timestep dt          :     5.0 fs       |
  |   dump interval(trj)   :   100.0 fs       |
  |   SHAKE algorithm      : true (all bonds) |
  |   Vbias prefactor (k)  :  0.0013 Eh       |
  |   Vbias exponent (α)   :  1.0000 bohr⁻²   |
*sMTD  16 completed successfully ...        0 min, 35.470 sec
  :::::::::: starting static MTD  34 ::::::::::
  |   MD simulation time   :     7.0 ps       |
  |   target T             :   400.0 K        |
  |   timestep dt          :     5.0 fs       |
  |   dump interval(trj)   :   100.0 fs       |
  |   SHAKE algorithm      : true (all bonds) |
  |   Vbias prefactor (k)  :  0.0013 Eh       |
  |   Vbias exponent (α)   :  1.0000 bohr⁻²   |
*sMTD  18 completed successfully ...        0 min, 35.471 sec
*sMTD  24 completed successfully ...        0 min, 35.277 sec
*sMTD  23 completed successfully ...        0 min, 35.501 sec
*sMTD  29 completed successfully ...        0 min, 35.234 sec
*sMTD  28 completed successfully ...        0 min, 35.510 sec
*sMTD  19 completed successfully ...        0 min, 35.981 sec
*sMTD  25 completed successfully ...        0 min, 35.792 sec
*sMTD  26 completed successfully ...        0 min, 35.918 sec
*sMTD  27 completed successfully ...        0 min, 35.954 sec
*sMTD  35 completed successfully ...        0 min, 35.880 sec
*sMTD  20 completed successfully ...        0 min, 36.443 sec
*sMTD  30 completed successfully ...        0 min, 35.585 sec
*sMTD  32 completed successfully ...        0 min, 27.707 sec
*sMTD  31 completed successfully ...        0 min, 28.186 sec
*sMTD  33 completed successfully ...        0 min, 28.093 sec
*sMTD  34 completed successfully ...        0 min, 28.286 sec

 ======================================
 |  Multilevel Ensemble Optimization  |
 ======================================
 Optimizing all 2484 structures from file "crest_rotamers_0.xyz" ...
 ----------------------
 crude pre-optimization
 ----------------------
 Optimization engine: ANCOPT
 Hessian update type: BFGS
 E/G convergence criteria:  0.500E-03 Eh, 0.100E-01 Eh/a0
 maximum optimization steps: 200
 |>0.0% |>7.5% |>15.0% |>22.5% |>30.0% |>37.5% |>45.0% |>52.5% |>60.0% |>67.5% |>75.0% |>82.5% |>90.0% |>97.5% |>100.0%
 done.
> 2484 of 2484 structures successfully optimized (100.0% success)
> Total runtime for 2484 optimizations:
 * wall-time:     0 d,  0 h,  0 min, 37.580 sec
 *  cpu-time:     0 d,  0 h,  9 min, 50.438 sec
 * ratio c/w:    15.712 speedup
> Corresponding to approximately 0.015 sec per processed structure

CREGEN> running RMSDs ... done.
CREGEN> E lowest :   -38.73511
 2251 structures remain within    12.00 kcal/mol window
 ---------------------------------------
 optimization with very tight thresholds
 ---------------------------------------
 Optimization engine: ANCOPT
 Hessian update type: BFGS
 E/G convergence criteria:  0.100E-06 Eh, 0.200E-03 Eh/a0
 maximum optimization steps: 200
 |>0.0% |>7.5% |>15.0% |>22.5% |>30.0% |>37.5% |>45.0% |>52.5% |>60.0% |>67.5% |>75.0% |>82.5% |>90.0% |>97.5% |>100.0%
 done.
> 2246 of 2251 structures successfully optimized (99.8% success)
> Total runtime for 2251 optimizations:
 * wall-time:     0 d,  0 h,  2 min, 53.365 sec
 *  cpu-time:     0 d,  0 h, 45 min, 39.578 sec
 * ratio c/w:    15.802 speedup
> Corresponding to approximately 0.077 sec per processed structure

CREGEN> running RMSDs ... done.
CREGEN> E lowest :   -38.73547
 489 structures remain within     6.00 kcal/mol window
CREGEN> running RMSDs ... done.
CREGEN> E lowest :   -38.73547

 Static MTD simulation iteration 10 finished
 A total of 905 conformers (+ 2.65%) in crest_conformers.xyz
 S(approx.) =   11.324994 cal/molK (dS = 0.42%)
 Convergence w.r.t. conformers: F
 Convergence w.r.t. entropy   : T

     H(298.15K)-H(0) (conf)      1.231760
                   Cp(conf)      3.206654
                    S(conf)     11.321969

********************************************************************************
**                     I T E R A T I O N    C Y C L E     11                  **
********************************************************************************
 -------------------------------------------
 determining bias structures via PCA/k-Means
 -------------------------------------------

 27 structures were selected
 done.

 -----------------------------------------------
 determining MTD seed structures via PCA/k-Means
 -----------------------------------------------

 36 structures were selected
 done.


 ===========================================================
 Static MTDs (umbrella sampling) on 36 selected conformer(s)
 ===========================================================
> Using 27 constant RMSD bias potentials per MTD
  :::::::::: starting static MTD   1 ::::::::::
  |   MD simulation time   :     7.0 ps       |
  |   target T             :   400.0 K        |
  |   timestep dt          :     5.0 fs       |
  |   dump interval(trj)   :   100.0 fs       |
  |   SHAKE algorithm      : true (all bonds) |
  |   Vbias prefactor (k)  :  0.0013 Eh       |
  |   Vbias exponent (α)   :  1.0000 bohr⁻²   |
  :::::::::: starting static MTD   7 ::::::::::
  |   MD simulation time   :     7.0 ps       |
  |   target T             :   400.0 K        |
  |   timestep dt          :     5.0 fs       |
  |   dump interval(trj)   :   100.0 fs       |
  |   SHAKE algorithm      : true (all bonds) |
  |   Vbias prefactor (k)  :  0.0013 Eh       |
  |   Vbias exponent (α)   :  1.0000 bohr⁻²   |
  :::::::::: starting static MTD   2 ::::::::::
  |   MD simulation time   :     7.0 ps       |
  |   target T             :   400.0 K        |
  |   timestep dt          :     5.0 fs       |
  |   dump interval(trj)   :   100.0 fs       |
  |   SHAKE algorithm      : true (all bonds) |
  |   Vbias prefactor (k)  :  0.0013 Eh       |
  |   Vbias exponent (α)   :  1.0000 bohr⁻²   |
  :::::::::: starting static MTD   3 ::::::::::
  |   MD simulation time   :     7.0 ps       |
  |   target T             :   400.0 K        |
  |   timestep dt          :     5.0 fs       |
  |   dump interval(trj)   :   100.0 fs       |
  |   SHAKE algorithm      : true (all bonds) |
  |   Vbias prefactor (k)  :  0.0013 Eh       |
  |   Vbias exponent (α)   :  1.0000 bohr⁻²   |
  :::::::::: starting static MTD  36 ::::::::::
  |   MD simulation time   :     7.0 ps       |
  |   target T             :   400.0 K        |
  |   timestep dt          :     5.0 fs       |
  |   dump interval(trj)   :   100.0 fs       |
  |   SHAKE algorithm      : true (all bonds) |
  |   Vbias prefactor (k)  :  0.0013 Eh       |
  |   Vbias exponent (α)   :  1.0000 bohr⁻²   |
  :::::::::: starting static MTD  10 ::::::::::
  |   MD simulation time   :     7.0 ps       |
  |   target T             :   400.0 K        |
  |   timestep dt          :     5.0 fs       |
  |   dump interval(trj)   :   100.0 fs       |
  |   SHAKE algorithm      : true (all bonds) |
  |   Vbias prefactor (k)  :  0.0013 Eh       |
  |   Vbias exponent (α)   :  1.0000 bohr⁻²   |
  :::::::::: starting static MTD   9 ::::::::::
  |   MD simulation time   :     7.0 ps       |
  |   target T             :   400.0 K        |
  |   timestep dt          :     5.0 fs       |
  |   dump interval(trj)   :   100.0 fs       |
  |   SHAKE algorithm      : true (all bonds) |
  |   Vbias prefactor (k)  :  0.0013 Eh       |
  |   Vbias exponent (α)   :  1.0000 bohr⁻²   |
  :::::::::: starting static MTD  11 ::::::::::
  |   MD simulation time   :     7.0 ps       |
  |   target T             :   400.0 K        |
  |   timestep dt          :     5.0 fs       |
  |   dump interval(trj)   :   100.0 fs       |
  |   SHAKE algorithm      : true (all bonds) |
  |   Vbias prefactor (k)  :  0.0013 Eh       |
  |   Vbias exponent (α)   :  1.0000 bohr⁻²   |
  :::::::::: starting static MTD  13 ::::::::::
  |   MD simulation time   :     7.0 ps       |
  |   target T             :   400.0 K        |
  |   timestep dt          :     5.0 fs       |
  |   dump interval(trj)   :   100.0 fs       |
  |   SHAKE algorithm      : true (all bonds) |
  |   Vbias prefactor (k)  :  0.0013 Eh       |
  |   Vbias exponent (α)   :  1.0000 bohr⁻²   |
  :::::::::: starting static MTD   5 ::::::::::
  |   MD simulation time   :     7.0 ps       |
  |   target T             :   400.0 K        |
  |   timestep dt          :     5.0 fs       |
  |   dump interval(trj)   :   100.0 fs       |
  |   SHAKE algorithm      : true (all bonds) |
  |   Vbias prefactor (k)  :  0.0013 Eh       |
  |   Vbias exponent (α)   :  1.0000 bohr⁻²   |
  :::::::::: starting static MTD  15 ::::::::::
  |   MD simulation time   :     7.0 ps       |
  |   target T             :   400.0 K        |
  |   timestep dt          :     5.0 fs       |
  |   dump interval(trj)   :   100.0 fs       |
  |   SHAKE algorithm      : true (all bonds) |
  |   Vbias prefactor (k)  :  0.0013 Eh       |
  |   Vbias exponent (α)   :  1.0000 bohr⁻²   |
  :::::::::: starting static MTD  14 ::::::::::
  |   MD simulation time   :     7.0 ps       |
  |   target T             :   400.0 K        |
  |   timestep dt          :     5.0 fs       |
  |   dump interval(trj)   :   100.0 fs       |
  |   SHAKE algorithm      : true (all bonds) |
  |   Vbias prefactor (k)  :  0.0013 Eh       |
  |   Vbias exponent (α)   :  1.0000 bohr⁻²   |
  :::::::::: starting static MTD  12 ::::::::::
  |   MD simulation time   :     7.0 ps       |
  |   target T             :   400.0 K        |
  |   timestep dt          :     5.0 fs       |
  |   dump interval(trj)   :   100.0 fs       |
  |   SHAKE algorithm      : true (all bonds) |
  |   Vbias prefactor (k)  :  0.0013 Eh       |
  |   Vbias exponent (α)   :  1.0000 bohr⁻²   |
  :::::::::: starting static MTD   8 ::::::::::
  |   MD simulation time   :     7.0 ps       |
  |   target T             :   400.0 K        |
  |   timestep dt          :     5.0 fs       |
  |   dump interval(trj)   :   100.0 fs       |
  |   SHAKE algorithm      : true (all bonds) |
  |   Vbias prefactor (k)  :  0.0013 Eh       |
  |   Vbias exponent (α)   :  1.0000 bohr⁻²   |
  :::::::::: starting static MTD   4 ::::::::::
  |   MD simulation time   :     7.0 ps       |
  |   target T             :   400.0 K        |
  |   timestep dt          :     5.0 fs       |
  |   dump interval(trj)   :   100.0 fs       |
  |   SHAKE algorithm      : true (all bonds) |
  |   Vbias prefactor (k)  :  0.0013 Eh       |
  |   Vbias exponent (α)   :  1.0000 bohr⁻²   |
  :::::::::: starting static MTD   6 ::::::::::
  |   MD simulation time   :     7.0 ps       |
  |   target T             :   400.0 K        |
  |   timestep dt          :     5.0 fs       |
  |   dump interval(trj)   :   100.0 fs       |
  |   SHAKE algorithm      : true (all bonds) |
  |   Vbias prefactor (k)  :  0.0013 Eh       |
  |   Vbias exponent (α)   :  1.0000 bohr⁻²   |
*sMTD  11 completed successfully ...        0 min, 35.472 sec
  :::::::::: starting static MTD  16 ::::::::::
  |   MD simulation time   :     7.0 ps       |
  |   target T             :   400.0 K        |
  |   timestep dt          :     5.0 fs       |
  |   dump interval(trj)   :   100.0 fs       |
  |   SHAKE algorithm      : true (all bonds) |
  |   Vbias prefactor (k)  :  0.0013 Eh       |
  |   Vbias exponent (α)   :  1.0000 bohr⁻²   |
*sMTD   3 completed successfully ...        0 min, 35.588 sec
  :::::::::: starting static MTD  17 ::::::::::
  |   MD simulation time   :     7.0 ps       |
  |   target T             :   400.0 K        |
  |   timestep dt          :     5.0 fs       |
  |   dump interval(trj)   :   100.0 fs       |
  |   SHAKE algorithm      : true (all bonds) |
  |   Vbias prefactor (k)  :  0.0013 Eh       |
  |   Vbias exponent (α)   :  1.0000 bohr⁻²   |
*sMTD   6 completed successfully ...        0 min, 35.647 sec
  :::::::::: starting static MTD  18 ::::::::::
  |   MD simulation time   :     7.0 ps       |
  |   target T             :   400.0 K        |
  |   timestep dt          :     5.0 fs       |
  |   dump interval(trj)   :   100.0 fs       |
  |   SHAKE algorithm      : true (all bonds) |
  |   Vbias prefactor (k)  :  0.0013 Eh       |
  |   Vbias exponent (α)   :  1.0000 bohr⁻²   |
*sMTD   8 completed successfully ...        0 min, 35.669 sec
  :::::::::: starting static MTD  19 ::::::::::
  |   MD simulation time   :     7.0 ps       |
  |   target T             :   400.0 K        |
  |   timestep dt          :     5.0 fs       |
  |   dump interval(trj)   :   100.0 fs       |
  |   SHAKE algorithm      : true (all bonds) |
  |   Vbias prefactor (k)  :  0.0013 Eh       |
  |   Vbias exponent (α)   :  1.0000 bohr⁻²   |
*sMTD  14 completed successfully ...        0 min, 35.714 sec
  :::::::::: starting static MTD  20 ::::::::::
  |   MD simulation time   :     7.0 ps       |
  |   target T             :   400.0 K        |
  |   timestep dt          :     5.0 fs       |
  |   dump interval(trj)   :   100.0 fs       |
  |   SHAKE algorithm      : true (all bonds) |
  |   Vbias prefactor (k)  :  0.0013 Eh       |
  |   Vbias exponent (α)   :  1.0000 bohr⁻²   |
*sMTD   9 completed successfully ...        0 min, 35.730 sec
  :::::::::: starting static MTD  21 ::::::::::
  |   MD simulation time   :     7.0 ps       |
  |   target T             :   400.0 K        |
  |   timestep dt          :     5.0 fs       |
  |   dump interval(trj)   :   100.0 fs       |
  |   SHAKE algorithm      : true (all bonds) |
  |   Vbias prefactor (k)  :  0.0013 Eh       |
  |   Vbias exponent (α)   :  1.0000 bohr⁻²   |
*sMTD  36 completed successfully ...        0 min, 35.739 sec
  :::::::::: starting static MTD  35 ::::::::::
  |   MD simulation time   :     7.0 ps       |
  |   target T             :   400.0 K        |
  |   timestep dt          :     5.0 fs       |
  |   dump interval(trj)   :   100.0 fs       |
  |   SHAKE algorithm      : true (all bonds) |
  |   Vbias prefactor (k)  :  0.0013 Eh       |
  |   Vbias exponent (α)   :  1.0000 bohr⁻²   |
*sMTD  10 completed successfully ...        0 min, 35.754 sec
  :::::::::: starting static MTD  22 ::::::::::
  |   MD simulation time   :     7.0 ps       |
  |   target T             :   400.0 K        |
  |   timestep dt          :     5.0 fs       |
  |   dump interval(trj)   :   100.0 fs       |
  |   SHAKE algorithm      : true (all bonds) |
  |   Vbias prefactor (k)  :  0.0013 Eh       |
  |   Vbias exponent (α)   :  1.0000 bohr⁻²   |
*sMTD   7 completed successfully ...        0 min, 35.885 sec
  :::::::::: starting static MTD  23 ::::::::::
  |   MD simulation time   :     7.0 ps       |
  |   target T             :   400.0 K        |
  |   timestep dt          :     5.0 fs       |
  |   dump interval(trj)   :   100.0 fs       |
  |   SHAKE algorithm      : true (all bonds) |
  |   Vbias prefactor (k)  :  0.0013 Eh       |
  |   Vbias exponent (α)   :  1.0000 bohr⁻²   |
*sMTD   4 completed successfully ...        0 min, 35.893 sec
  :::::::::: starting static MTD  24 ::::::::::
  |   MD simulation time   :     7.0 ps       |
  |   target T             :   400.0 K        |
  |   timestep dt          :     5.0 fs       |
  |   dump interval(trj)   :   100.0 fs       |
  |   SHAKE algorithm      : true (all bonds) |
  |   Vbias prefactor (k)  :  0.0013 Eh       |
  |   Vbias exponent (α)   :  1.0000 bohr⁻²   |
*sMTD  15 completed successfully ...        0 min, 35.961 sec
  :::::::::: starting static MTD  25 ::::::::::
  |   MD simulation time   :     7.0 ps       |
  |   target T             :   400.0 K        |
  |   timestep dt          :     5.0 fs       |
  |   dump interval(trj)   :   100.0 fs       |
  |   SHAKE algorithm      : true (all bonds) |
  |   Vbias prefactor (k)  :  0.0013 Eh       |
  |   Vbias exponent (α)   :  1.0000 bohr⁻²   |
*sMTD   2 completed successfully ...        0 min, 35.971 sec
  :::::::::: starting static MTD  26 ::::::::::
  |   MD simulation time   :     7.0 ps       |
  |   target T             :   400.0 K        |
  |   timestep dt          :     5.0 fs       |
  |   dump interval(trj)   :   100.0 fs       |
  |   SHAKE algorithm      : true (all bonds) |
  |   Vbias prefactor (k)  :  0.0013 Eh       |
  |   Vbias exponent (α)   :  1.0000 bohr⁻²   |
*sMTD   5 completed successfully ...        0 min, 36.038 sec
  :::::::::: starting static MTD  27 ::::::::::
  |   MD simulation time   :     7.0 ps       |
  |   target T             :   400.0 K        |
  |   timestep dt          :     5.0 fs       |
  |   dump interval(trj)   :   100.0 fs       |
  |   SHAKE algorithm      : true (all bonds) |
  |   Vbias prefactor (k)  :  0.0013 Eh       |
  |   Vbias exponent (α)   :  1.0000 bohr⁻²   |
*sMTD  12 completed successfully ...        0 min, 36.050 sec
  :::::::::: starting static MTD  28 ::::::::::
  |   MD simulation time   :     7.0 ps       |
  |   target T             :   400.0 K        |
  |   timestep dt          :     5.0 fs       |
  |   dump interval(trj)   :   100.0 fs       |
  |   SHAKE algorithm      : true (all bonds) |
  |   Vbias prefactor (k)  :  0.0013 Eh       |
  |   Vbias exponent (α)   :  1.0000 bohr⁻²   |
*sMTD  13 completed successfully ...        0 min, 36.111 sec
  :::::::::: starting static MTD  29 ::::::::::
  |   MD simulation time   :     7.0 ps       |
  |   target T             :   400.0 K        |
  |   timestep dt          :     5.0 fs       |
  |   dump interval(trj)   :   100.0 fs       |
  |   SHAKE algorithm      : true (all bonds) |
  |   Vbias prefactor (k)  :  0.0013 Eh       |
  |   Vbias exponent (α)   :  1.0000 bohr⁻²   |
*sMTD   1 completed successfully ...        0 min, 36.759 sec
  :::::::::: starting static MTD  30 ::::::::::
  |   MD simulation time   :     7.0 ps       |
  |   target T             :   400.0 K        |
  |   timestep dt          :     5.0 fs       |
  |   dump interval(trj)   :   100.0 fs       |
  |   SHAKE algorithm      : true (all bonds) |
  |   Vbias prefactor (k)  :  0.0013 Eh       |
  |   Vbias exponent (α)   :  1.0000 bohr⁻²   |
*sMTD  17 completed successfully ...        0 min, 35.710 sec
  :::::::::: starting static MTD  31 ::::::::::
  |   MD simulation time   :     7.0 ps       |
  |   target T             :   400.0 K        |
  |   timestep dt          :     5.0 fs       |
  |   dump interval(trj)   :   100.0 fs       |
  |   SHAKE algorithm      : true (all bonds) |
  |   Vbias prefactor (k)  :  0.0013 Eh       |
  |   Vbias exponent (α)   :  1.0000 bohr⁻²   |
*sMTD  20 completed successfully ...        0 min, 35.695 sec
  :::::::::: starting static MTD  32 ::::::::::
  |   MD simulation time   :     7.0 ps       |
  |   target T             :   400.0 K        |
  |   timestep dt          :     5.0 fs       |
  |   dump interval(trj)   :   100.0 fs       |
  |   SHAKE algorithm      : true (all bonds) |
  |   Vbias prefactor (k)  :  0.0013 Eh       |
  |   Vbias exponent (α)   :  1.0000 bohr⁻²   |
*sMTD  16 completed successfully ...        0 min, 35.980 sec
  :::::::::: starting static MTD  33 ::::::::::
  |   MD simulation time   :     7.0 ps       |
  |   target T             :   400.0 K        |
  |   timestep dt          :     5.0 fs       |
  |   dump interval(trj)   :   100.0 fs       |
  |   SHAKE algorithm      : true (all bonds) |
  |   Vbias prefactor (k)  :  0.0013 Eh       |
  |   Vbias exponent (α)   :  1.0000 bohr⁻²   |
*sMTD  19 completed successfully ...        0 min, 35.838 sec
  :::::::::: starting static MTD  34 ::::::::::
  |   MD simulation time   :     7.0 ps       |
  |   target T             :   400.0 K        |
  |   timestep dt          :     5.0 fs       |
  |   dump interval(trj)   :   100.0 fs       |
  |   SHAKE algorithm      : true (all bonds) |
  |   Vbias prefactor (k)  :  0.0013 Eh       |
  |   Vbias exponent (α)   :  1.0000 bohr⁻²   |
*sMTD  35 completed successfully ...        0 min, 35.892 sec
*sMTD  21 completed successfully ...        0 min, 36.000 sec
*sMTD  28 completed successfully ...        0 min, 35.970 sec
*sMTD  25 completed successfully ...        0 min, 36.146 sec
*sMTD  22 completed successfully ...        0 min, 36.373 sec
*sMTD  29 completed successfully ...        0 min, 36.033 sec
*sMTD  23 completed successfully ...        0 min, 36.263 sec
*sMTD  27 completed successfully ...        0 min, 36.111 sec
*sMTD  18 completed successfully ...        0 min, 36.624 sec
*sMTD  24 completed successfully ...        0 min, 36.400 sec
*sMTD  26 completed successfully ...        0 min, 36.493 sec
*sMTD  30 completed successfully ...        0 min, 36.041 sec
*sMTD  31 completed successfully ...        0 min, 27.916 sec
*sMTD  33 completed successfully ...        0 min, 27.891 sec
*sMTD  34 completed successfully ...        0 min, 27.875 sec
*sMTD  32 completed successfully ...        0 min, 28.056 sec

 ======================================
 |  Multilevel Ensemble Optimization  |
 ======================================
 Optimizing all 2484 structures from file "crest_rotamers_0.xyz" ...
 ----------------------
 crude pre-optimization
 ----------------------
 Optimization engine: ANCOPT
 Hessian update type: BFGS
 E/G convergence criteria:  0.500E-03 Eh, 0.100E-01 Eh/a0
 maximum optimization steps: 200
 |>0.0% |>7.5% |>15.0% |>22.5% |>30.0% |>37.5% |>45.0% |>52.5% |>60.0% |>67.5% |>75.0% |>82.5% |>90.0% |>97.5% |>100.0%
 done.
> 2484 of 2484 structures successfully optimized (100.0% success)
> Total runtime for 2484 optimizations:
 * wall-time:     0 d,  0 h,  0 min, 37.959 sec
 *  cpu-time:     0 d,  0 h,  9 min, 57.068 sec
 * ratio c/w:    15.729 speedup
> Corresponding to approximately 0.015 sec per processed structure

CREGEN> running RMSDs ... done.
CREGEN> E lowest :   -38.73522
 2233 structures remain within    12.00 kcal/mol window
 ---------------------------------------
 optimization with very tight thresholds
 ---------------------------------------
 Optimization engine: ANCOPT
 Hessian update type: BFGS
 E/G convergence criteria:  0.100E-06 Eh, 0.200E-03 Eh/a0
 maximum optimization steps: 200
 |>0.0% |>7.5% |>15.0% |>22.5% |>30.0% |>37.5% |>45.0% |>52.5% |>60.0% |>67.5% |>75.0% |>82.5% |>90.0% |>97.5% |>100.0%
 done.
> 2222 of 2233 structures successfully optimized (99.5% success)
> Total runtime for 2233 optimizations:
 * wall-time:     0 d,  0 h,  2 min, 50.589 sec
 *  cpu-time:     0 d,  0 h, 45 min,  2.786 sec
 * ratio c/w:    15.844 speedup
> Corresponding to approximately 0.076 sec per processed structure

CREGEN> running RMSDs ... done.
CREGEN> E lowest :   -38.73547
 542 structures remain within     6.00 kcal/mol window
CREGEN> running RMSDs ... done.
CREGEN> E lowest :   -38.73547

 Static MTD simulation iteration 11 finished
 A total of 929 conformers (+ 2.58%) in crest_conformers.xyz
 S(approx.) =   11.374993 cal/molK (dS = 0.44%)
 Convergence w.r.t. conformers: F
 Convergence w.r.t. entropy   : T

     H(298.15K)-H(0) (conf)      1.257289
                   Cp(conf)      3.204913
                    S(conf)     11.371953

********************************************************************************
**                     I T E R A T I O N    C Y C L E     12                  **
********************************************************************************
 -------------------------------------------
 determining bias structures via PCA/k-Means
 -------------------------------------------

 33 structures were selected
 done.

 -----------------------------------------------
 determining MTD seed structures via PCA/k-Means
 -----------------------------------------------

 36 structures were selected
 done.


 ===========================================================
 Static MTDs (umbrella sampling) on 36 selected conformer(s)
 ===========================================================
> Using 33 constant RMSD bias potentials per MTD
  :::::::::: starting static MTD   1 ::::::::::
  |   MD simulation time   :     7.0 ps       |
  |   target T             :   400.0 K        |
  |   timestep dt          :     5.0 fs       |
  |   dump interval(trj)   :   100.0 fs       |
  |   SHAKE algorithm      : true (all bonds) |
  |   Vbias prefactor (k)  :  0.0013 Eh       |
  |   Vbias exponent (α)   :  1.0000 bohr⁻²   |
  :::::::::: starting static MTD   7 ::::::::::
  |   MD simulation time   :     7.0 ps       |
  |   target T             :   400.0 K        |
  |   timestep dt          :     5.0 fs       |
  |   dump interval(trj)   :   100.0 fs       |
  |   SHAKE algorithm      : true (all bonds) |
  |   Vbias prefactor (k)  :  0.0013 Eh       |
  |   Vbias exponent (α)   :  1.0000 bohr⁻²   |
  :::::::::: starting static MTD   6 ::::::::::
  |   MD simulation time   :     7.0 ps       |
  |   target T             :   400.0 K        |
  |   timestep dt          :     5.0 fs       |
  |   dump interval(trj)   :   100.0 fs       |
  |   SHAKE algorithm      : true (all bonds) |
  |   Vbias prefactor (k)  :  0.0013 Eh       |
  |   Vbias exponent (α)   :  1.0000 bohr⁻²   |
  :::::::::: starting static MTD  14 ::::::::::
  |   MD simulation time   :     7.0 ps       |
  |   target T             :   400.0 K        |
  |   timestep dt          :     5.0 fs       |
  |   dump interval(trj)   :   100.0 fs       |
  |   SHAKE algorithm      : true (all bonds) |
  |   Vbias prefactor (k)  :  0.0013 Eh       |
  |   Vbias exponent (α)   :  1.0000 bohr⁻²   |
  :::::::::: starting static MTD  10 ::::::::::
  |   MD simulation time   :     7.0 ps       |
  |   target T             :   400.0 K        |
  |   timestep dt          :     5.0 fs       |
  |   dump interval(trj)   :   100.0 fs       |
  |   SHAKE algorithm      : true (all bonds) |
  |   Vbias prefactor (k)  :  0.0013 Eh       |
  |   Vbias exponent (α)   :  1.0000 bohr⁻²   |
  :::::::::: starting static MTD   3 ::::::::::
  |   MD simulation time   :     7.0 ps       |
  |   target T             :   400.0 K        |
  |   timestep dt          :     5.0 fs       |
  |   dump interval(trj)   :   100.0 fs       |
  |   SHAKE algorithm      : true (all bonds) |
  |   Vbias prefactor (k)  :  0.0013 Eh       |
  |   Vbias exponent (α)   :  1.0000 bohr⁻²   |
  :::::::::: starting static MTD  36 ::::::::::
  |   MD simulation time   :     7.0 ps       |
  |   target T             :   400.0 K        |
  |   timestep dt          :     5.0 fs       |
  |   dump interval(trj)   :   100.0 fs       |
  |   SHAKE algorithm      : true (all bonds) |
  |   Vbias prefactor (k)  :  0.0013 Eh       |
  |   Vbias exponent (α)   :  1.0000 bohr⁻²   |
  :::::::::: starting static MTD   4 ::::::::::
  |   MD simulation time   :     7.0 ps       |
  |   target T             :   400.0 K        |
  |   timestep dt          :     5.0 fs       |
  |   dump interval(trj)   :   100.0 fs       |
  |   SHAKE algorithm      : true (all bonds) |
  |   Vbias prefactor (k)  :  0.0013 Eh       |
  |   Vbias exponent (α)   :  1.0000 bohr⁻²   |
  :::::::::: starting static MTD   2 ::::::::::
  |   MD simulation time   :     7.0 ps       |
  |   target T             :   400.0 K        |
  |   timestep dt          :     5.0 fs       |
  |   dump interval(trj)   :   100.0 fs       |
  |   SHAKE algorithm      : true (all bonds) |
  |   Vbias prefactor (k)  :  0.0013 Eh       |
  |   Vbias exponent (α)   :  1.0000 bohr⁻²   |
  :::::::::: starting static MTD  11 ::::::::::
  |   MD simulation time   :     7.0 ps       |
  |   target T             :   400.0 K        |
  |   timestep dt          :     5.0 fs       |
  |   dump interval(trj)   :   100.0 fs       |
  |   SHAKE algorithm      : true (all bonds) |
  |   Vbias prefactor (k)  :  0.0013 Eh       |
  |   Vbias exponent (α)   :  1.0000 bohr⁻²   |
  :::::::::: starting static MTD   8 ::::::::::
  |   MD simulation time   :     7.0 ps       |
  |   target T             :   400.0 K        |
  |   timestep dt          :     5.0 fs       |
  |   dump interval(trj)   :   100.0 fs       |
  |   SHAKE algorithm      : true (all bonds) |
  |   Vbias prefactor (k)  :  0.0013 Eh       |
  |   Vbias exponent (α)   :  1.0000 bohr⁻²   |
  :::::::::: starting static MTD   5 ::::::::::
  |   MD simulation time   :     7.0 ps       |
  |   target T             :   400.0 K        |
  |   timestep dt          :     5.0 fs       |
  |   dump interval(trj)   :   100.0 fs       |
  |   SHAKE algorithm      : true (all bonds) |
  |   Vbias prefactor (k)  :  0.0013 Eh       |
  |   Vbias exponent (α)   :  1.0000 bohr⁻²   |
  :::::::::: starting static MTD   9 ::::::::::
  |   MD simulation time   :     7.0 ps       |
  |   target T             :   400.0 K        |
  |   timestep dt          :     5.0 fs       |
  |   dump interval(trj)   :   100.0 fs       |
  |   SHAKE algorithm      : true (all bonds) |
  |   Vbias prefactor (k)  :  0.0013 Eh       |
  |   Vbias exponent (α)   :  1.0000 bohr⁻²   |
  :::::::::: starting static MTD  13 ::::::::::
  |   MD simulation time   :     7.0 ps       |
  |   target T             :   400.0 K        |
  |   timestep dt          :     5.0 fs       |
  |   dump interval(trj)   :   100.0 fs       |
  |   SHAKE algorithm      : true (all bonds) |
  |   Vbias prefactor (k)  :  0.0013 Eh       |
  |   Vbias exponent (α)   :  1.0000 bohr⁻²   |
  :::::::::: starting static MTD  12 ::::::::::
  |   MD simulation time   :     7.0 ps       |
  |   target T             :   400.0 K        |
  |   timestep dt          :     5.0 fs       |
  |   dump interval(trj)   :   100.0 fs       |
  |   SHAKE algorithm      : true (all bonds) |
  |   Vbias prefactor (k)  :  0.0013 Eh       |
  |   Vbias exponent (α)   :  1.0000 bohr⁻²   |
  :::::::::: starting static MTD  15 ::::::::::
  |   MD simulation time   :     7.0 ps       |
  |   target T             :   400.0 K        |
  |   timestep dt          :     5.0 fs       |
  |   dump interval(trj)   :   100.0 fs       |
  |   SHAKE algorithm      : true (all bonds) |
  |   Vbias prefactor (k)  :  0.0013 Eh       |
  |   Vbias exponent (α)   :  1.0000 bohr⁻²   |
*sMTD  10 completed successfully ...        0 min, 35.791 sec
  :::::::::: starting static MTD  16 ::::::::::
  |   MD simulation time   :     7.0 ps       |
  |   target T             :   400.0 K        |
  |   timestep dt          :     5.0 fs       |
  |   dump interval(trj)   :   100.0 fs       |
  |   SHAKE algorithm      : true (all bonds) |
  |   Vbias prefactor (k)  :  0.0013 Eh       |
  |   Vbias exponent (α)   :  1.0000 bohr⁻²   |
*sMTD  11 completed successfully ...        0 min, 35.846 sec
  :::::::::: starting static MTD  17 ::::::::::
  |   MD simulation time   :     7.0 ps       |
  |   target T             :   400.0 K        |
  |   timestep dt          :     5.0 fs       |
  |   dump interval(trj)   :   100.0 fs       |
  |   SHAKE algorithm      : true (all bonds) |
  |   Vbias prefactor (k)  :  0.0013 Eh       |
  |   Vbias exponent (α)   :  1.0000 bohr⁻²   |
*sMTD  15 completed successfully ...        0 min, 35.872 sec
  :::::::::: starting static MTD  18 ::::::::::
  |   MD simulation time   :     7.0 ps       |
  |   target T             :   400.0 K        |
  |   timestep dt          :     5.0 fs       |
  |   dump interval(trj)   :   100.0 fs       |
  |   SHAKE algorithm      : true (all bonds) |
  |   Vbias prefactor (k)  :  0.0013 Eh       |
  |   Vbias exponent (α)   :  1.0000 bohr⁻²   |
*sMTD   9 completed successfully ...        0 min, 35.900 sec
  :::::::::: starting static MTD  19 ::::::::::
  |   MD simulation time   :     7.0 ps       |
  |   target T             :   400.0 K        |
  |   timestep dt          :     5.0 fs       |
  |   dump interval(trj)   :   100.0 fs       |
  |   SHAKE algorithm      : true (all bonds) |
  |   Vbias prefactor (k)  :  0.0013 Eh       |
  |   Vbias exponent (α)   :  1.0000 bohr⁻²   |
*sMTD   3 completed successfully ...        0 min, 35.910 sec
  :::::::::: starting static MTD  20 ::::::::::
  |   MD simulation time   :     7.0 ps       |
  |   target T             :   400.0 K        |
  |   timestep dt          :     5.0 fs       |
  |   dump interval(trj)   :   100.0 fs       |
  |   SHAKE algorithm      : true (all bonds) |
  |   Vbias prefactor (k)  :  0.0013 Eh       |
  |   Vbias exponent (α)   :  1.0000 bohr⁻²   |
*sMTD   8 completed successfully ...        0 min, 35.963 sec
  :::::::::: starting static MTD  21 ::::::::::
  |   MD simulation time   :     7.0 ps       |
  |   target T             :   400.0 K        |
  |   timestep dt          :     5.0 fs       |
  |   dump interval(trj)   :   100.0 fs       |
  |   SHAKE algorithm      : true (all bonds) |
  |   Vbias prefactor (k)  :  0.0013 Eh       |
  |   Vbias exponent (α)   :  1.0000 bohr⁻²   |
*sMTD  36 completed successfully ...        0 min, 35.984 sec
  :::::::::: starting static MTD  35 ::::::::::
  |   MD simulation time   :     7.0 ps       |
  |   target T             :   400.0 K        |
  |   timestep dt          :     5.0 fs       |
  |   dump interval(trj)   :   100.0 fs       |
  |   SHAKE algorithm      : true (all bonds) |
  |   Vbias prefactor (k)  :  0.0013 Eh       |
  |   Vbias exponent (α)   :  1.0000 bohr⁻²   |
*sMTD  13 completed successfully ...        0 min, 36.036 sec
  :::::::::: starting static MTD  22 ::::::::::
  |   MD simulation time   :     7.0 ps       |
  |   target T             :   400.0 K        |
  |   timestep dt          :     5.0 fs       |
  |   dump interval(trj)   :   100.0 fs       |
  |   SHAKE algorithm      : true (all bonds) |
  |   Vbias prefactor (k)  :  0.0013 Eh       |
  |   Vbias exponent (α)   :  1.0000 bohr⁻²   |
*sMTD  14 completed successfully ...        0 min, 36.085 sec
  :::::::::: starting static MTD  23 ::::::::::
  |   MD simulation time   :     7.0 ps       |
  |   target T             :   400.0 K        |
  |   timestep dt          :     5.0 fs       |
  |   dump interval(trj)   :   100.0 fs       |
  |   SHAKE algorithm      : true (all bonds) |
  |   Vbias prefactor (k)  :  0.0013 Eh       |
  |   Vbias exponent (α)   :  1.0000 bohr⁻²   |
*sMTD   7 completed successfully ...        0 min, 36.101 sec
  :::::::::: starting static MTD  24 ::::::::::
  |   MD simulation time   :     7.0 ps       |
  |   target T             :   400.0 K        |
  |   timestep dt          :     5.0 fs       |
  |   dump interval(trj)   :   100.0 fs       |
  |   SHAKE algorithm      : true (all bonds) |
  |   Vbias prefactor (k)  :  0.0013 Eh       |
  |   Vbias exponent (α)   :  1.0000 bohr⁻²   |
*sMTD   5 completed successfully ...        0 min, 36.117 sec
  :::::::::: starting static MTD  25 ::::::::::
  |   MD simulation time   :     7.0 ps       |
  |   target T             :   400.0 K        |
  |   timestep dt          :     5.0 fs       |
  |   dump interval(trj)   :   100.0 fs       |
  |   SHAKE algorithm      : true (all bonds) |
  |   Vbias prefactor (k)  :  0.0013 Eh       |
  |   Vbias exponent (α)   :  1.0000 bohr⁻²   |
*sMTD   4 completed successfully ...        0 min, 36.210 sec
  :::::::::: starting static MTD  26 ::::::::::
  |   MD simulation time   :     7.0 ps       |
  |   target T             :   400.0 K        |
  |   timestep dt          :     5.0 fs       |
  |   dump interval(trj)   :   100.0 fs       |
  |   SHAKE algorithm      : true (all bonds) |
  |   Vbias prefactor (k)  :  0.0013 Eh       |
  |   Vbias exponent (α)   :  1.0000 bohr⁻²   |
*sMTD  12 completed successfully ...        0 min, 36.305 sec
  :::::::::: starting static MTD  27 ::::::::::
  |   MD simulation time   :     7.0 ps       |
  |   target T             :   400.0 K        |
  |   timestep dt          :     5.0 fs       |
  |   dump interval(trj)   :   100.0 fs       |
  |   SHAKE algorithm      : true (all bonds) |
  |   Vbias prefactor (k)  :  0.0013 Eh       |
  |   Vbias exponent (α)   :  1.0000 bohr⁻²   |
*sMTD   6 completed successfully ...        0 min, 36.310 sec
  :::::::::: starting static MTD  28 ::::::::::
  |   MD simulation time   :     7.0 ps       |
  |   target T             :   400.0 K        |
  |   timestep dt          :     5.0 fs       |
  |   dump interval(trj)   :   100.0 fs       |
  |   SHAKE algorithm      : true (all bonds) |
  |   Vbias prefactor (k)  :  0.0013 Eh       |
  |   Vbias exponent (α)   :  1.0000 bohr⁻²   |
*sMTD   2 completed successfully ...        0 min, 36.336 sec
  :::::::::: starting static MTD  29 ::::::::::
  |   MD simulation time   :     7.0 ps       |
  |   target T             :   400.0 K        |
  |   timestep dt          :     5.0 fs       |
  |   dump interval(trj)   :   100.0 fs       |
  |   SHAKE algorithm      : true (all bonds) |
  |   Vbias prefactor (k)  :  0.0013 Eh       |
  |   Vbias exponent (α)   :  1.0000 bohr⁻²   |
*sMTD   1 completed successfully ...        0 min, 37.282 sec
  :::::::::: starting static MTD  30 ::::::::::
  |   MD simulation time   :     7.0 ps       |
  |   target T             :   400.0 K        |
  |   timestep dt          :     5.0 fs       |
  |   dump interval(trj)   :   100.0 fs       |
  |   SHAKE algorithm      : true (all bonds) |
  |   Vbias prefactor (k)  :  0.0013 Eh       |
  |   Vbias exponent (α)   :  1.0000 bohr⁻²   |
*sMTD  16 completed successfully ...        0 min, 35.359 sec
  :::::::::: starting static MTD  31 ::::::::::
  |   MD simulation time   :     7.0 ps       |
  |   target T             :   400.0 K        |
  |   timestep dt          :     5.0 fs       |
  |   dump interval(trj)   :   100.0 fs       |
  |   SHAKE algorithm      : true (all bonds) |
  |   Vbias prefactor (k)  :  0.0013 Eh       |
  |   Vbias exponent (α)   :  1.0000 bohr⁻²   |
*sMTD  20 completed successfully ...        0 min, 35.463 sec
  :::::::::: starting static MTD  32 ::::::::::
  |   MD simulation time   :     7.0 ps       |
  |   target T             :   400.0 K        |
  |   timestep dt          :     5.0 fs       |
  |   dump interval(trj)   :   100.0 fs       |
  |   SHAKE algorithm      : true (all bonds) |
  |   Vbias prefactor (k)  :  0.0013 Eh       |
  |   Vbias exponent (α)   :  1.0000 bohr⁻²   |
*sMTD  19 completed successfully ...        0 min, 35.750 sec
  :::::::::: starting static MTD  33 ::::::::::
  |   MD simulation time   :     7.0 ps       |
  |   target T             :   400.0 K        |
  |   timestep dt          :     5.0 fs       |
  |   dump interval(trj)   :   100.0 fs       |
  |   SHAKE algorithm      : true (all bonds) |
  |   Vbias prefactor (k)  :  0.0013 Eh       |
  |   Vbias exponent (α)   :  1.0000 bohr⁻²   |
*sMTD  35 completed successfully ...        0 min, 35.730 sec
  :::::::::: starting static MTD  34 ::::::::::
  |   MD simulation time   :     7.0 ps       |
  |   target T             :   400.0 K        |
  |   timestep dt          :     5.0 fs       |
  |   dump interval(trj)   :   100.0 fs       |
  |   SHAKE algorithm      : true (all bonds) |
  |   Vbias prefactor (k)  :  0.0013 Eh       |
  |   Vbias exponent (α)   :  1.0000 bohr⁻²   |
*sMTD  26 completed successfully ...        0 min, 35.543 sec
*sMTD  23 completed successfully ...        0 min, 35.705 sec
*sMTD  17 completed successfully ...        0 min, 36.044 sec
*sMTD  21 completed successfully ...        0 min, 35.954 sec
*sMTD  29 completed successfully ...        0 min, 35.604 sec
*sMTD  22 completed successfully ...        0 min, 35.921 sec
*sMTD  27 completed successfully ...        0 min, 35.791 sec
*sMTD  25 completed successfully ...        0 min, 36.114 sec
*sMTD  24 completed successfully ...        0 min, 36.151 sec
*sMTD  18 completed successfully ...        0 min, 36.565 sec
*sMTD  28 completed successfully ...        0 min, 36.214 sec
*sMTD  30 completed successfully ...        0 min, 36.084 sec
*sMTD  31 completed successfully ...        0 min, 27.878 sec
*sMTD  32 completed successfully ...        0 min, 27.973 sec
*sMTD  34 completed successfully ...        0 min, 28.040 sec
*sMTD  33 completed successfully ...        0 min, 28.338 sec

 ======================================
 |  Multilevel Ensemble Optimization  |
 ======================================
 Optimizing all 2484 structures from file "crest_rotamers_0.xyz" ...
 ----------------------
 crude pre-optimization
 ----------------------
 Optimization engine: ANCOPT
 Hessian update type: BFGS
 E/G convergence criteria:  0.500E-03 Eh, 0.100E-01 Eh/a0
 maximum optimization steps: 200
 |>0.0% |>7.5% |>15.0% |>22.5% |>30.0% |>37.5% |>45.0% |>52.5% |>60.0% |>67.5% |>75.0% |>82.5% |>90.0% |>97.5% |>100.0%
 done.
> 2484 of 2484 structures successfully optimized (100.0% success)
> Total runtime for 2484 optimizations:
 * wall-time:     0 d,  0 h,  0 min, 36.652 sec
 *  cpu-time:     0 d,  0 h,  9 min, 33.906 sec
 * ratio c/w:    15.658 speedup
> Corresponding to approximately 0.015 sec per processed structure

CREGEN> running RMSDs ... done.
CREGEN> E lowest :   -38.73521
 2170 structures remain within    12.00 kcal/mol window
 ---------------------------------------
 optimization with very tight thresholds
 ---------------------------------------
 Optimization engine: ANCOPT
 Hessian update type: BFGS
 E/G convergence criteria:  0.100E-06 Eh, 0.200E-03 Eh/a0
 maximum optimization steps: 200
 |>0.0% |>7.5% |>15.0% |>22.5% |>30.0% |>37.5% |>45.0% |>52.5% |>60.0% |>67.5% |>75.0% |>82.5% |>90.0% |>97.5% |>100.0%
 done.
> 2160 of 2170 structures successfully optimized (99.5% success)
> Total runtime for 2170 optimizations:
 * wall-time:     0 d,  0 h,  2 min, 46.179 sec
 *  cpu-time:     0 d,  0 h, 43 min, 50.358 sec
 * ratio c/w:    15.828 speedup
> Corresponding to approximately 0.077 sec per processed structure

CREGEN> running RMSDs ... done.
CREGEN> E lowest :   -38.73547
 466 structures remain within     6.00 kcal/mol window
CREGEN> running RMSDs ... done.
CREGEN> E lowest :   -38.73547

 Static MTD simulation iteration 12 finished
 A total of 941 conformers (+ 1.28%) in crest_conformers.xyz
 S(approx.) =   11.381139 cal/molK (dS = 0.05%)
 Convergence w.r.t. conformers: T
 Convergence w.r.t. entropy   : T

     H(298.15K)-H(0) (conf)      1.265070
                   Cp(conf)      3.275375
                    S(conf)     11.378068


 --------------------------
 Final Ensemble Information
 --------------------------
 input  file name : crest_rotamers_2.xyz
 output file name : crest_rotamers_3.xyz
 number of atoms                :   28
 number of points on xyz files  :   4337
 RMSD threshold                 :   0.1250
 Bconst threshold               :   0.0100
 population threshold           :   0.0500
 # fragment in coord            :     1
 # bonds in reference structure :    27
 number of reliable points      :  4337
 sorting energy window (EWIN)   :    6.0000 / kcal*mol⁻¹
 reference state Etot           :  -38.735471480000001
 number of doubles removed by rot/RMSD         :         217
 total number unique points considered further :        4120
       Erel/kcal        Etot weight/tot  conformer     set   degen     origin
       1   0.000   -38.73547    0.00306    0.02756       1       9
       2   0.069   -38.73536    0.00273    0.03270       2      12
       3   0.118   -38.73528    0.00251    0.03262       3      13
       4   0.144   -38.73524    0.00240    0.03844       4      16
       5   0.172   -38.73520    0.00229    0.01364       5       6
       6   0.192   -38.73516    0.00221    0.00221       6       1
       7   0.204   -38.73515    0.00217    0.03476       7      16
       8   0.283   -38.73502    0.00190    0.00190       8       1
       9   0.295   -38.73500    0.00186    0.01300       9       7
      10   0.298   -38.73500    0.00185    0.01295      10       7
      11   0.337   -38.73494    0.00174    0.02083      11      12
      12   0.353   -38.73491    0.00169    0.01855      12      11
      13   0.369   -38.73488    0.00164    0.01315      13       8
      14   0.371   -38.73488    0.00164    0.01637      14      10
      15   0.382   -38.73486    0.00161    0.01770      15      11
      16   0.491   -38.73469    0.00134    0.01604      16      12
      17   0.524   -38.73464    0.00126    0.01265      17      10
      18   0.525   -38.73463    0.00126    0.01135      18       9
      19   0.549   -38.73460    0.00121    0.00121      19       1
      20   0.573   -38.73456    0.00117    0.01282      20      11
      21   0.583   -38.73454    0.00115    0.01489      21      13
      22   0.586   -38.73454    0.00114    0.01138      22      10
      23   0.598   -38.73452    0.00112    0.01006      23       9
      24   0.631   -38.73447    0.00106    0.01478      24      14
      25   0.634   -38.73446    0.00105    0.01050      25      10
      26   0.655   -38.73443    0.00101    0.00406      26       4
      27   0.673   -38.73440    0.00098    0.01279      27      13
      28   0.690   -38.73437    0.00096    0.00189      28       2
      29   0.721   -38.73432    0.00091    0.00815      29       9
      30   0.724   -38.73432    0.00090    0.00090      30       1
      31   0.748   -38.73428    0.00087    0.00087      31       1
      32   0.749   -38.73428    0.00087    0.00952      32      11
      33   0.753   -38.73427    0.00086    0.00946      33      11
      34   0.771   -38.73424    0.00083    0.01000      34      12
      35   0.777   -38.73423    0.00083    0.00165      35       2
      36   0.783   -38.73422    0.00082    0.01145      36      14
      37   0.794   -38.73421    0.00080    0.00803      37      10
      38   0.800   -38.73420    0.00080    0.00794      38      10
      39   0.815   -38.73417    0.00077    0.00929      39      12
      40   0.822   -38.73416    0.00077    0.00919      40      12
      41   0.828   -38.73415    0.00076    0.00985      41      13
      42   0.869   -38.73409    0.00071    0.00777      42      11
      43   0.881   -38.73407    0.00069    0.00207      43       3
      44   0.891   -38.73405    0.00068    0.00136      44       2
      45   0.895   -38.73405    0.00068    0.00203      45       3
      46   0.897   -38.73404    0.00067    0.00135      46       2
      47   0.899   -38.73404    0.00067    0.00201      47       3
      48   0.895   -38.73405    0.00068    0.00068      48       1
      49   0.916   -38.73401    0.00065    0.00065      49       1
      50   0.923   -38.73400    0.00065    0.00710      50      11
      51   0.925   -38.73400    0.00064    0.00901      51      14
      52   0.940   -38.73397    0.00063    0.00063      52       1
      53   0.944   -38.73397    0.00062    0.00809      53      13
      54   0.989   -38.73390    0.00058    0.00924      54      16
      55   0.991   -38.73389    0.00058    0.00634      55      11
      56   0.995   -38.73389    0.00057    0.00629      56      11
      57   1.004   -38.73387    0.00056    0.00507      57       9
      58   1.005   -38.73387    0.00056    0.00056      58       1
      59   1.008   -38.73386    0.00056    0.00280      59       5
      60   1.010   -38.73386    0.00056    0.00391      60       7
      61   1.024   -38.73384    0.00054    0.00490      61       9
      62   1.027   -38.73383    0.00054    0.00162      62       3
      63   1.027   -38.73383    0.00054    0.00541      63      10
      64   1.025   -38.73384    0.00054    0.00216      64       4
      65   1.041   -38.73381    0.00053    0.00423      65       8
      66   1.042   -38.73381    0.00053    0.00476      66       9
      67   1.055   -38.73379    0.00052    0.00517      67      10
      68   1.056   -38.73379    0.00052    0.00516      68      10
      69   1.073   -38.73376    0.00050    0.00150      69       3
      70   1.081   -38.73375    0.00049    0.00592      70      12
      71   1.094   -38.73373    0.00048    0.00435      71       9
      72   1.107   -38.73371    0.00047    0.00883      72      19
      73   1.139   -38.73366    0.00045    0.00449      73      10
      74   1.139   -38.73366    0.00045    0.00045      74       1
      75   1.109   -38.73370    0.00047    0.00378      75       8
      76   1.109   -38.73370    0.00047    0.00187      76       4
      77   1.143   -38.73365    0.00045    0.00401      77       9
      78   1.146   -38.73364    0.00044    0.00044      78       1
      79   1.157   -38.73363    0.00044    0.00304      79       7
      80   1.161   -38.73362    0.00043    0.00173      80       4
      81   1.162   -38.73362    0.00043    0.00388      81       9
      82   1.169   -38.73361    0.00043    0.00254      82       6
      83   1.190   -38.73358    0.00041    0.00082      83       2
      84   1.193   -38.73357    0.00041    0.00328      84       8
      85   1.202   -38.73356    0.00040    0.00242      85       6
      86   1.209   -38.73355    0.00040    0.00239      86       6
      87   1.225   -38.73352    0.00039    0.00349      87       9
      88   1.226   -38.73352    0.00039    0.00426      88      11
      89   1.267   -38.73345    0.00036    0.00361      89      10
      90   1.271   -38.73345    0.00036    0.00359      90      10
      91   1.273   -38.73344    0.00036    0.00071      91       2
      92   1.287   -38.73342    0.00035    0.00418      92      12
      93   1.296   -38.73341    0.00034    0.00104      93       3
      94   1.308   -38.73339    0.00034    0.00303      94       9
      95   1.312   -38.73338    0.00033    0.00100      95       3
      96   1.323   -38.73336    0.00033    0.00197      96       6
      97   1.327   -38.73336    0.00033    0.00033      97       1
      98   1.338   -38.73334    0.00032    0.00192      98       6
      99   1.352   -38.73332    0.00031    0.00187      99       6
     100   1.355   -38.73331    0.00031    0.00218     100       7
     101   1.357   -38.73331    0.00031    0.00311     101      10
     102   1.358   -38.73331    0.00031    0.00031     102       1
     103   1.359   -38.73331    0.00031    0.00247     103       8
     104   1.363   -38.73330    0.00031    0.00399     104      13
     105   1.370   -38.73329    0.00030    0.00152     105       5
     106   1.378   -38.73328    0.00030    0.00030     106       1
     107   1.385   -38.73326    0.00030    0.00385     107      13
     108   1.387   -38.73326    0.00030    0.00380     108      13
     109   1.409   -38.73323    0.00028    0.00170     109       6
     110   1.412   -38.73322    0.00028    0.00260     110       9
     111   1.386   -38.73326    0.00030    0.00030     111       1
     112   1.421   -38.73321    0.00028    0.00195     112       7
     113   1.422   -38.73321    0.00028    0.00306     113      11
     114   1.428   -38.73320    0.00028    0.00193     114       7
     115   1.429   -38.73319    0.00028    0.00220     115       8
     116   1.447   -38.73317    0.00027    0.00160     116       6
     117   1.447   -38.73317    0.00027    0.00027     117       1
     118   1.448   -38.73316    0.00027    0.00053     118       2
     119   1.452   -38.73316    0.00026    0.00053     119       2
     120   1.454   -38.73316    0.00026    0.00105     120       4
     121   1.458   -38.73315    0.00026    0.00026     121       1
     122   1.462   -38.73314    0.00026    0.00182     122       7
     123   1.463   -38.73314    0.00026    0.00234     123       9
     124   1.476   -38.73312    0.00025    0.00127     124       5
     125   1.476   -38.73312    0.00025    0.00025     125       1
     126   1.483   -38.73311    0.00025    0.00276     126      11
     127   1.484   -38.73311    0.00025    0.00201     127       8
     128   1.485   -38.73310    0.00025    0.00100     128       4
     129   1.486   -38.73310    0.00025    0.00100     129       4
     130   1.490   -38.73310    0.00025    0.00050     130       2
     131   1.493   -38.73309    0.00025    0.00346     131      14
     132   1.494   -38.73309    0.00025    0.00173     132       7
     133   1.502   -38.73308    0.00024    0.00243     133      10
     134   1.502   -38.73308    0.00024    0.00267     134      11
     135   1.502   -38.73308    0.00024    0.00243     135      10
     136   1.503   -38.73308    0.00024    0.00024     136       1
     137   1.509   -38.73307    0.00024    0.00144     137       6
     138   1.510   -38.73306    0.00024    0.00120     138       5
     139   1.511   -38.73306    0.00024    0.00096     139       4
     140   1.520   -38.73305    0.00024    0.00165     140       7
     141   1.525   -38.73304    0.00023    0.00093     141       4
     142   1.527   -38.73304    0.00023    0.00186     142       8
     143   1.544   -38.73301    0.00023    0.00045     143       2
     144   1.546   -38.73301    0.00023    0.00225     144      10
     145   1.549   -38.73300    0.00022    0.00202     145       9
     146   1.550   -38.73300    0.00022    0.00268     146      12
     147   1.559   -38.73299    0.00022    0.00067     147       3
     148   1.559   -38.73299    0.00022    0.00133     148       6
     149   1.560   -38.73299    0.00022    0.00221     149      10
     150   1.566   -38.73298    0.00022    0.00044     150       2
     151   1.566   -38.73298    0.00022    0.00110     151       5
     152   1.574   -38.73296    0.00022    0.00172     152       8
     153   1.575   -38.73296    0.00022    0.00237     153      11
     154   1.577   -38.73296    0.00021    0.00150     154       7
     155   1.577   -38.73296    0.00021    0.00107     155       5
     156   1.584   -38.73295    0.00021    0.00233     156      11
     157   1.587   -38.73294    0.00021    0.00479     157      23
     158   1.612   -38.73290    0.00020    0.00101     158       5
     159   1.614   -38.73290    0.00020    0.00080     159       4
     160   1.623   -38.73289    0.00020    0.00040     160       2
     161   1.624   -38.73288    0.00020    0.00020     161       1
     162   1.625   -38.73288    0.00020    0.00237     162      12
     163   1.628   -38.73288    0.00020    0.00118     163       6
     164   1.630   -38.73287    0.00020    0.00078     164       4
     165   1.634   -38.73287    0.00019    0.00194     165      10
     166   1.642   -38.73286    0.00019    0.00038     166       2
     167   1.650   -38.73284    0.00019    0.00019     167       1
     168   1.650   -38.73284    0.00019    0.00077     168       4
     169   1.650   -38.73284    0.00019    0.00019     169       1
     170   1.652   -38.73284    0.00019    0.00151     170       8
     171   1.662   -38.73282    0.00019    0.00093     171       5
     172   1.673   -38.73281    0.00018    0.00146     172       8
     173   1.680   -38.73279    0.00018    0.00036     173       2
     174   1.683   -38.73279    0.00018    0.00018     174       1
     175   1.683   -38.73279    0.00018    0.00161     175       9
     176   1.685   -38.73279    0.00018    0.00107     176       6
     177   1.689   -38.73278    0.00018    0.00160     177       9
     178   1.690   -38.73278    0.00018    0.00194     178      11
     179   1.700   -38.73276    0.00017    0.00157     179       9
     180   1.702   -38.73276    0.00017    0.00104     180       6
     181   1.706   -38.73275    0.00017    0.00017     181       1
     182   1.715   -38.73274    0.00017    0.00068     182       4
     183   1.715   -38.73274    0.00017    0.00085     183       5
     184   1.725   -38.73272    0.00017    0.00100     184       6
     185   1.726   -38.73272    0.00017    0.00017     185       1
     186   1.732   -38.73271    0.00017    0.00066     186       4
     187   1.740   -38.73270    0.00016    0.00065     187       4
     188   1.740   -38.73270    0.00016    0.00098     188       6
     189   1.754   -38.73268    0.00016    0.00048     189       3
     190   1.767   -38.73266    0.00016    0.00016     190       1
     191   1.772   -38.73265    0.00015    0.00046     191       3
     192   1.773   -38.73265    0.00015    0.00185     192      12
     193   1.773   -38.73265    0.00015    0.00092     193       6
     194   1.778   -38.73264    0.00015    0.00015     194       1
     195   1.782   -38.73263    0.00015    0.00046     195       3
     196   1.788   -38.73262    0.00015    0.00105     196       7
     197   1.796   -38.73261    0.00015    0.00119     197       8
     198   1.805   -38.73260    0.00015    0.00161     198      11
     199   1.808   -38.73259    0.00015    0.00073     199       5
     200   1.808   -38.73259    0.00015    0.00073     200       5
     201   1.810   -38.73259    0.00014    0.00130     201       9
     202   1.811   -38.73259    0.00014    0.00101     202       7
     203   1.812   -38.73258    0.00014    0.00072     203       5
     204   1.817   -38.73258    0.00014    0.00128     204       9
     205   1.819   -38.73257    0.00014    0.00085     205       6
     206   1.819   -38.73257    0.00014    0.00128     206       9
     207   1.820   -38.73257    0.00014    0.00057     207       4
     208   1.821   -38.73257    0.00014    0.00156     208      11
     209   1.821   -38.73257    0.00014    0.00170     209      12
     210   1.824   -38.73256    0.00014    0.00113     210       8
     211   1.824   -38.73256    0.00014    0.00113     211       8
     212   1.825   -38.73256    0.00014    0.00099     212       7
     213   1.828   -38.73256    0.00014    0.00056     213       4
     214   1.836   -38.73255    0.00014    0.00180     214      13
     215   1.837   -38.73254    0.00014    0.00069     215       5
     216   1.843   -38.73254    0.00014    0.00082     216       6
     217   1.845   -38.73253    0.00014    0.00041     217       3
     218   1.845   -38.73253    0.00014    0.00136     218      10
     219   1.845   -38.73253    0.00014    0.00068     219       5
     220   1.850   -38.73252    0.00014    0.00041     220       3
     221   1.860   -38.73251    0.00013    0.00040     221       3
     222   1.867   -38.73250    0.00013    0.00053     222       4
     223   1.880   -38.73248    0.00013    0.00064     223       5
     224   1.880   -38.73248    0.00013    0.00077     224       6
     225   1.882   -38.73247    0.00013    0.00038     225       3
     226   1.891   -38.73246    0.00013    0.00114     226       9
     227   1.899   -38.73245    0.00012    0.00050     227       4
     228   1.900   -38.73244    0.00012    0.00012     228       1
     229   1.904   -38.73244    0.00012    0.00012     229       1
     230   1.908   -38.73243    0.00012    0.00025     230       2
     231   1.910   -38.73243    0.00012    0.00061     231       5
     232   1.912   -38.73243    0.00012    0.00158     232      13
     233   1.912   -38.73242    0.00012    0.00073     233       6
     234   1.913   -38.73242    0.00012    0.00024     234       2
     235   1.913   -38.73242    0.00012    0.00122     235      10
     236   1.914   -38.73242    0.00012    0.00036     236       3
     237   1.918   -38.73241    0.00012    0.00036     237       3
     238   1.919   -38.73241    0.00012    0.00120     238      10
     239   1.921   -38.73241    0.00012    0.00156     239      13
     240   1.924   -38.73240    0.00012    0.00048     240       4
     241   1.925   -38.73240    0.00012    0.00012     241       1
     242   1.935   -38.73239    0.00012    0.00047     242       4
     243   1.937   -38.73238    0.00012    0.00128     243      11
     244   1.945   -38.73237    0.00012    0.00012     244       1
     245   1.949   -38.73237    0.00011    0.00046     245       4
     246   1.950   -38.73236    0.00011    0.00011     246       1
     247   1.952   -38.73236    0.00011    0.00046     247       4
     248   1.954   -38.73236    0.00011    0.00091     248       8
     249   1.959   -38.73235    0.00011    0.00023     249       2
     250   1.962   -38.73234    0.00011    0.00011     250       1
     251   1.965   -38.73234    0.00011    0.00011     251       1
     252   1.972   -38.73233    0.00011    0.00011     252       1
     253   1.974   -38.73233    0.00011    0.00066     253       6
     254   1.975   -38.73232    0.00011    0.00120     254      11
     255   1.984   -38.73231    0.00011    0.00043     255       4
     256   1.984   -38.73231    0.00011    0.00151     256      14
     257   1.987   -38.73231    0.00011    0.00118     257      11
     258   1.987   -38.73230    0.00011    0.00107     258      10
     259   1.990   -38.73230    0.00011    0.00107     259      10
     260   1.992   -38.73230    0.00011    0.00043     260       4
     261   1.992   -38.73230    0.00011    0.00032     261       3
     262   1.997   -38.73229    0.00011    0.00053     262       5
     263   2.000   -38.73228    0.00011    0.00063     263       6
     264   2.005   -38.73228    0.00010    0.00083     264       8
     265   2.007   -38.73227    0.00010    0.00042     265       4
     266   2.010   -38.73227    0.00010    0.00062     266       6
     267   2.012   -38.73227    0.00010    0.00113     267      11
     268   2.013   -38.73226    0.00010    0.00031     268       3
     269   2.014   -38.73226    0.00010    0.00051     269       5
     270   2.021   -38.73225    0.00010    0.00051     270       5
     271   2.026   -38.73224    0.00010    0.00080     271       8
     272   2.031   -38.73223    0.00010    0.00130     272      13
     273   2.036   -38.73223    0.00010    0.00040     273       4
     274   2.038   -38.73222    0.00010    0.00089     274       9
     275   2.042   -38.73222    0.00010    0.00049     275       5
     276   2.043   -38.73222    0.00010    0.00039     276       4
     277   2.049   -38.73221    0.00010    0.00048     277       5
     278   2.052   -38.73220    0.00010    0.00029     278       3
     279   2.052   -38.73220    0.00010    0.00058     279       6
     280   2.053   -38.73220    0.00010    0.00019     280       2
     281   2.053   -38.73220    0.00010    0.00086     281       9
     282   2.056   -38.73220    0.00010    0.00086     282       9
     283   2.060   -38.73219    0.00009    0.00057     283       6
     284   2.064   -38.73218    0.00009    0.00019     284       2
     285   2.064   -38.73218    0.00009    0.00057     285       6
     286   2.067   -38.73218    0.00009    0.00066     286       7
     287   2.068   -38.73218    0.00009    0.00009     287       1
     288   2.070   -38.73217    0.00009    0.00009     288       1
     289   2.070   -38.73217    0.00009    0.00047     289       5
     290   2.070   -38.73217    0.00009    0.00037     290       4
     291   2.070   -38.73217    0.00009    0.00121     291      13
     292   2.070   -38.73217    0.00009    0.00056     292       6
     293   2.075   -38.73216    0.00009    0.00055     293       6
     294   2.076   -38.73216    0.00009    0.00083     294       9
     295   2.079   -38.73216    0.00009    0.00028     295       3
     296   2.081   -38.73216    0.00009    0.00009     296       1
     297   2.081   -38.73215    0.00009    0.00037     297       4
     298   2.079   -38.73216    0.00009    0.00082     298       9
     299   2.081   -38.73216    0.00009    0.00028     299       3
     300   2.086   -38.73215    0.00009    0.00038     300       4
     301   2.086   -38.73215    0.00009    0.00009     301       1
     302   2.086   -38.73215    0.00009    0.00018     302       2
     303   2.086   -38.73215    0.00009    0.00082     303       9
     304   2.070   -38.73217    0.00009    0.00018     304       2
     305   2.093   -38.73214    0.00009    0.00018     305       2
     306   2.104   -38.73212    0.00009    0.00009     306       1
     307   2.107   -38.73211    0.00009    0.00026     307       3
     308   2.112   -38.73211    0.00009    0.00096     308      11
     309   2.125   -38.73209    0.00009    0.00060     309       7
     310   2.130   -38.73208    0.00008    0.00008     310       1
     311   2.132   -38.73207    0.00008    0.00008     311       1
     312   2.133   -38.73207    0.00008    0.00017     312       2
     313   2.135   -38.73207    0.00008    0.00008     313       1
     314   2.135   -38.73207    0.00008    0.00067     314       8
     315   2.141   -38.73206    0.00008    0.00041     315       5
     316   2.145   -38.73205    0.00008    0.00058     316       7
     317   2.146   -38.73205    0.00008    0.00057     317       7
     318   2.148   -38.73205    0.00008    0.00041     318       5
     319   2.148   -38.73205    0.00008    0.00008     319       1
     320   2.152   -38.73204    0.00008    0.00049     320       6
     321   2.156   -38.73204    0.00008    0.00016     321       2
     322   2.158   -38.73203    0.00008    0.00024     322       3
     323   2.167   -38.73202    0.00008    0.00008     323       1
     324   2.171   -38.73201    0.00008    0.00031     324       4
     325   2.173   -38.73201    0.00008    0.00016     325       2
     326   2.179   -38.73200    0.00008    0.00062     326       8
     327   2.179   -38.73200    0.00008    0.00008     327       1
     328   2.182   -38.73199    0.00008    0.00039     328       5
     329   2.182   -38.73199    0.00008    0.00046     329       6
     330   2.182   -38.73199    0.00008    0.00023     330       3
     331   2.190   -38.73198    0.00008    0.00008     331       1
     332   2.189   -38.73198    0.00008    0.00008     332       1
     333   2.193   -38.73198    0.00008    0.00015     333       2
     334   2.193   -38.73198    0.00008    0.00091     334      12
     335   2.195   -38.73197    0.00008    0.00060     335       8
     336   2.198   -38.73197    0.00008    0.00015     336       2
     337   2.199   -38.73197    0.00008    0.00090     337      12
     338   2.202   -38.73196    0.00007    0.00082     338      11
     339   2.204   -38.73196    0.00007    0.00037     339       5
     340   2.209   -38.73195    0.00007    0.00015     340       2
     341   2.213   -38.73195    0.00007    0.00015     341       2
     342   2.214   -38.73194    0.00007    0.00059     342       8
     343   2.216   -38.73194    0.00007    0.00007     343       1
     344   2.222   -38.73193    0.00007    0.00007     344       1
     345   2.223   -38.73193    0.00007    0.00043     345       6
     346   2.225   -38.73193    0.00007    0.00029     346       4
     347   2.229   -38.73192    0.00007    0.00071     347      10
     348   2.236   -38.73191    0.00007    0.00028     348       4
     349   2.241   -38.73190    0.00007    0.00028     349       4
     350   2.245   -38.73189    0.00007    0.00021     350       3
     351   2.247   -38.73189    0.00007    0.00007     351       1
     352   2.252   -38.73188    0.00007    0.00055     352       8
     353   2.253   -38.73188    0.00007    0.00027     353       4
     354   2.254   -38.73188    0.00007    0.00041     354       6
     355   2.255   -38.73188    0.00007    0.00027     355       4
     356   2.254   -38.73188    0.00007    0.00048     356       7
     357   2.257   -38.73187    0.00007    0.00034     357       5
     358   2.259   -38.73187    0.00007    0.00014     358       2
     359   2.259   -38.73187    0.00007    0.00020     359       3
     360   2.259   -38.73187    0.00007    0.00061     360       9
     361   2.264   -38.73186    0.00007    0.00020     361       3
     362   2.266   -38.73186    0.00007    0.00007     362       1
     363   2.264   -38.73186    0.00007    0.00020     363       3
     364   2.275   -38.73185    0.00007    0.00053     364       8
     365   2.276   -38.73184    0.00007    0.00040     365       6
     366   2.279   -38.73184    0.00007    0.00033     366       5
     367   2.279   -38.73184    0.00007    0.00046     367       7
     368   2.279   -38.73184    0.00007    0.00020     368       3
     369   2.280   -38.73184    0.00007    0.00007     369       1
     370   2.280   -38.73184    0.00007    0.00007     370       1
     371   2.282   -38.73183    0.00007    0.00013     371       2
     372   2.283   -38.73183    0.00007    0.00007     372       1
     373   2.285   -38.73183    0.00006    0.00019     373       3
     374   2.291   -38.73182    0.00006    0.00084     374      13
     375   2.294   -38.73182    0.00006    0.00058     375       9
     376   2.295   -38.73181    0.00006    0.00013     376       2
     377   2.296   -38.73181    0.00006    0.00019     377       3
     378   2.298   -38.73181    0.00006    0.00025     378       4
     379   2.298   -38.73181    0.00006    0.00006     379       1
     380   2.302   -38.73180    0.00006    0.00019     380       3
     381   2.304   -38.73180    0.00006    0.00013     381       2
     382   2.304   -38.73180    0.00006    0.00050     382       8
     383   2.305   -38.73180    0.00006    0.00044     383       7
     384   2.306   -38.73180    0.00006    0.00006     384       1
     385   2.311   -38.73179    0.00006    0.00044     385       7
     386   2.313   -38.73179    0.00006    0.00025     386       4
     387   2.316   -38.73178    0.00006    0.00012     387       2
     388   2.316   -38.73178    0.00006    0.00006     388       1
     389   2.317   -38.73178    0.00006    0.00012     389       2
     390   2.318   -38.73178    0.00006    0.00006     390       1
     391   2.321   -38.73177    0.00006    0.00006     391       1
     392   2.324   -38.73177    0.00006    0.00006     392       1
     393   2.324   -38.73177    0.00006    0.00006     393       1
     394   2.325   -38.73177    0.00006    0.00067     394      11
     395   2.331   -38.73176    0.00006    0.00006     395       1
     396   2.334   -38.73175    0.00006    0.00024     396       4
     397   2.337   -38.73175    0.00006    0.00042     397       7
     398   2.342   -38.73174    0.00006    0.00047     398       8
     399   2.354   -38.73172    0.00006    0.00017     399       3
     400   2.355   -38.73172    0.00006    0.00081     400      14
     401   2.356   -38.73172    0.00006    0.00017     401       3
     402   2.358   -38.73171    0.00006    0.00040     402       7
     403   2.359   -38.73171    0.00006    0.00040     403       7
     404   2.360   -38.73171    0.00006    0.00074     404      13
     405   2.373   -38.73169    0.00006    0.00006     405       1
     406   2.373   -38.73169    0.00006    0.00006     406       1
     407   2.373   -38.73169    0.00006    0.00006     407       1
     408   2.373   -38.73169    0.00006    0.00039     408       7
     409   2.375   -38.73169    0.00006    0.00072     409      13
     410   2.379   -38.73168    0.00006    0.00006     410       1
     411   2.379   -38.73168    0.00006    0.00017     411       3
     412   2.379   -38.73168    0.00006    0.00033     412       6
     413   2.380   -38.73168    0.00006    0.00017     413       3
     414   2.380   -38.73168    0.00006    0.00039     414       7
     415   2.382   -38.73168    0.00006    0.00011     415       2
     416   2.382   -38.73167    0.00006    0.00055     416      10
     417   2.388   -38.73167    0.00005    0.00005     417       1
     418   2.388   -38.73167    0.00005    0.00022     418       4
     419   2.391   -38.73166    0.00005    0.00005     419       1
     420   2.391   -38.73166    0.00005    0.00027     420       5
     421   2.392   -38.73166    0.00005    0.00016     421       3
     422   2.395   -38.73166    0.00005    0.00032     422       6
     423   2.398   -38.73165    0.00005    0.00005     423       1
     424   2.398   -38.73165    0.00005    0.00038     424       7
     425   2.400   -38.73165    0.00005    0.00005     425       1
     426   2.406   -38.73164    0.00005    0.00005     426       1
     427   2.406   -38.73164    0.00005    0.00011     427       2
     428   2.416   -38.73162    0.00005    0.00005     428       1
     429   2.422   -38.73161    0.00005    0.00057     429      11
     430   2.425   -38.73161    0.00005    0.00010     430       2
     431   2.423   -38.73161    0.00005    0.00010     431       2
     432   2.430   -38.73160    0.00005    0.00010     432       2
     433   2.438   -38.73159    0.00005    0.00010     433       2
     434   2.438   -38.73159    0.00005    0.00005     434       1
     435   2.445   -38.73157    0.00005    0.00035     435       7
     436   2.449   -38.73157    0.00005    0.00030     436       6
     437   2.451   -38.73157    0.00005    0.00010     437       2
     438   2.451   -38.73157    0.00005    0.00039     438       8
     439   2.455   -38.73156    0.00005    0.00010     439       2
     440   2.455   -38.73156    0.00005    0.00044     440       9
     441   2.460   -38.73155    0.00005    0.00034     441       7
     442   2.464   -38.73154    0.00005    0.00014     442       3
     443   2.476   -38.73153    0.00005    0.00014     443       3
     444   2.476   -38.73153    0.00005    0.00005     444       1
     445   2.483   -38.73152    0.00005    0.00033     445       7
     446   2.486   -38.73151    0.00005    0.00019     446       4
     447   2.489   -38.73150    0.00005    0.00023     447       5
     448   2.490   -38.73150    0.00005    0.00018     448       4
     449   2.489   -38.73150    0.00005    0.00014     449       3
     450   2.490   -38.73150    0.00005    0.00037     450       8
     451   2.495   -38.73150    0.00005    0.00009     451       2
     452   2.495   -38.73150    0.00005    0.00014     452       3
     453   2.497   -38.73149    0.00005    0.00005     453       1
     454   2.498   -38.73149    0.00005    0.00027     454       6
     455   2.498   -38.73149    0.00005    0.00014     455       3
     456   2.498   -38.73149    0.00005    0.00032     456       7
     457   2.500   -38.73149    0.00005    0.00018     457       4
     458   2.507   -38.73148    0.00004    0.00027     458       6
     459   2.508   -38.73147    0.00004    0.00013     459       3
     460   2.512   -38.73147    0.00004    0.00027     460       6
     461   2.513   -38.73147    0.00004    0.00009     461       2
     462   2.513   -38.73147    0.00004    0.00035     462       8
     463   2.519   -38.73146    0.00004    0.00004     463       1
     464   2.519   -38.73146    0.00004    0.00004     464       1
     465   2.520   -38.73146    0.00004    0.00013     465       3
     466   2.490   -38.73150    0.00005    0.00009     466       2
     467   2.522   -38.73145    0.00004    0.00035     467       8
     468   2.524   -38.73145    0.00004    0.00004     468       1
     469   2.524   -38.73145    0.00004    0.00043     469      10
     470   2.528   -38.73144    0.00004    0.00013     470       3
     471   2.535   -38.73143    0.00004    0.00017     471       4
     472   2.536   -38.73143    0.00004    0.00038     472       9
     473   2.542   -38.73142    0.00004    0.00004     473       1
     474   2.542   -38.73142    0.00004    0.00021     474       5
     475   2.549   -38.73141    0.00004    0.00004     475       1
     476   2.549   -38.73141    0.00004    0.00004     476       1
     477   2.549   -38.73141    0.00004    0.00012     477       3
     478   2.554   -38.73140    0.00004    0.00004     478       1
     479   2.554   -38.73140    0.00004    0.00012     479       3
     480   2.557   -38.73140    0.00004    0.00012     480       3
     481   2.557   -38.73140    0.00004    0.00012     481       3
     482   2.539   -38.73142    0.00004    0.00004     482       1
     483   2.563   -38.73139    0.00004    0.00033     483       8
     484   2.569   -38.73138    0.00004    0.00032     484       8
     485   2.573   -38.73137    0.00004    0.00008     485       2
     486   2.576   -38.73137    0.00004    0.00004     486       1
     487   2.577   -38.73137    0.00004    0.00004     487       1
     488   2.577   -38.73136    0.00004    0.00020     488       5
     489   2.578   -38.73136    0.00004    0.00008     489       2
     490   2.580   -38.73136    0.00004    0.00004     490       1
     491   2.585   -38.73135    0.00004    0.00004     491       1
     492   2.586   -38.73135    0.00004    0.00004     492       1
     493   2.586   -38.73135    0.00004    0.00008     493       2
     494   2.589   -38.73135    0.00004    0.00004     494       1
     495   2.591   -38.73134    0.00004    0.00027     495       7
     496   2.592   -38.73134    0.00004    0.00043     496      11
     497   2.594   -38.73134    0.00004    0.00004     497       1
     498   2.596   -38.73133    0.00004    0.00008     498       2
     499   2.596   -38.73133    0.00004    0.00008     499       2
     500   2.598   -38.73133    0.00004    0.00034     500       9
     501   2.599   -38.73133    0.00004    0.00004     501       1
     502   2.603   -38.73132    0.00004    0.00011     502       3
     503   2.607   -38.73132    0.00004    0.00023     503       6
     504   2.613   -38.73131    0.00004    0.00004     504       1
     505   2.614   -38.73131    0.00004    0.00019     505       5
     506   2.614   -38.73131    0.00004    0.00015     506       4
     507   2.614   -38.73131    0.00004    0.00004     507       1
     508   2.618   -38.73130    0.00004    0.00007     508       2
     509   2.622   -38.73129    0.00004    0.00004     509       1
     510   2.623   -38.73129    0.00004    0.00004     510       1
     511   2.624   -38.73129    0.00004    0.00018     511       5
     512   2.625   -38.73129    0.00004    0.00026     512       7
     513   2.627   -38.73128    0.00004    0.00007     513       2
     514   2.629   -38.73128    0.00004    0.00022     514       6
     515   2.629   -38.73128    0.00004    0.00004     515       1
     516   2.629   -38.73128    0.00004    0.00015     516       4
     517   2.631   -38.73128    0.00004    0.00004     517       1
     518   2.632   -38.73128    0.00004    0.00033     518       9
     519   2.638   -38.73127    0.00004    0.00018     519       5
     520   2.641   -38.73126    0.00004    0.00011     520       3
     521   2.643   -38.73126    0.00004    0.00032     521       9
     522   2.647   -38.73125    0.00004    0.00004     522       1
     523   2.647   -38.73125    0.00004    0.00007     523       2
     524   2.650   -38.73125    0.00004    0.00014     524       4
     525   2.656   -38.73124    0.00003    0.00010     525       3
     526   2.657   -38.73124    0.00003    0.00031     526       9
     527   2.668   -38.73122    0.00003    0.00003     527       1
     528   2.669   -38.73122    0.00003    0.00017     528       5
     529   2.670   -38.73122    0.00003    0.00024     529       7
     530   2.672   -38.73121    0.00003    0.00003     530       1
     531   2.672   -38.73121    0.00003    0.00007     531       2
     532   2.680   -38.73120    0.00003    0.00017     532       5
     533   2.681   -38.73120    0.00003    0.00003     533       1
     534   2.684   -38.73119    0.00003    0.00003     534       1
     535   2.686   -38.73119    0.00003    0.00023     535       7
     536   2.690   -38.73118    0.00003    0.00020     536       6
     537   2.691   -38.73118    0.00003    0.00010     537       3
     538   2.692   -38.73118    0.00003    0.00003     538       1
     539   2.695   -38.73118    0.00003    0.00013     539       4
     540   2.700   -38.73117    0.00003    0.00019     540       6
     541   2.703   -38.73116    0.00003    0.00003     541       1
     542   2.706   -38.73116    0.00003    0.00003     542       1
     543   2.712   -38.73115    0.00003    0.00003     543       1
     544   2.713   -38.73115    0.00003    0.00003     544       1
     545   2.714   -38.73115    0.00003    0.00013     545       4
     546   2.722   -38.73113    0.00003    0.00003     546       1
     547   2.723   -38.73113    0.00003    0.00003     547       1
     548   2.725   -38.73113    0.00003    0.00022     548       7
     549   2.728   -38.73112    0.00003    0.00003     549       1
     550   2.729   -38.73112    0.00003    0.00006     550       2
     551   2.730   -38.73112    0.00003    0.00021     551       7
     552   2.731   -38.73112    0.00003    0.00012     552       4
     553   2.733   -38.73112    0.00003    0.00003     553       1
     554   2.735   -38.73111    0.00003    0.00003     554       1
     555   2.739   -38.73111    0.00003    0.00015     555       5
     556   2.740   -38.73111    0.00003    0.00006     556       2
     557   2.744   -38.73110    0.00003    0.00015     557       5
     558   2.747   -38.73109    0.00003    0.00009     558       3
     559   2.749   -38.73109    0.00003    0.00012     559       4
     560   2.751   -38.73109    0.00003    0.00030     560      10
     561   2.751   -38.73109    0.00003    0.00030     561      10
     562   2.753   -38.73108    0.00003    0.00003     562       1
     563   2.756   -38.73108    0.00003    0.00015     563       5
     564   2.757   -38.73108    0.00003    0.00009     564       3
     565   2.759   -38.73108    0.00003    0.00006     565       2
     566   2.759   -38.73107    0.00003    0.00009     566       3
     567   2.763   -38.73107    0.00003    0.00009     567       3
     568   2.764   -38.73107    0.00003    0.00006     568       2
     569   2.769   -38.73106    0.00003    0.00003     569       1
     570   2.772   -38.73105    0.00003    0.00014     570       5
     571   2.772   -38.73105    0.00003    0.00009     571       3
     572   2.784   -38.73104    0.00003    0.00008     572       3
     573   2.784   -38.73104    0.00003    0.00008     573       3
     574   2.794   -38.73102    0.00003    0.00006     574       2
     575   2.800   -38.73101    0.00003    0.00005     575       2
     576   2.803   -38.73100    0.00003    0.00008     576       3
     577   2.805   -38.73100    0.00003    0.00005     577       2
     578   2.807   -38.73100    0.00003    0.00011     578       4
     579   2.808   -38.73100    0.00003    0.00008     579       3
     580   2.808   -38.73100    0.00003    0.00011     580       4
     581   2.808   -38.73100    0.00003    0.00003     581       1
     582   2.819   -38.73098    0.00003    0.00021     582       8
     583   2.824   -38.73097    0.00003    0.00010     583       4
     584   2.828   -38.73096    0.00003    0.00010     584       4
     585   2.828   -38.73096    0.00003    0.00003     585       1
     586   2.829   -38.73096    0.00003    0.00016     586       6
     587   2.832   -38.73096    0.00003    0.00008     587       3
     588   2.834   -38.73096    0.00003    0.00018     588       7
     589   2.839   -38.73095    0.00003    0.00010     589       4
     590   2.842   -38.73094    0.00003    0.00025     590      10
     591   2.844   -38.73094    0.00003    0.00018     591       7
     592   2.846   -38.73094    0.00003    0.00003     592       1
     593   2.847   -38.73093    0.00003    0.00005     593       2
     594   2.850   -38.73093    0.00003    0.00003     594       1
     595   2.855   -38.73092    0.00002    0.00007     595       3
     596   2.855   -38.73092    0.00002    0.00020     596       8
     597   2.859   -38.73091    0.00002    0.00020     597       8
     598   2.861   -38.73091    0.00002    0.00002     598       1
     599   2.862   -38.73091    0.00002    0.00010     599       4
     600   2.870   -38.73090    0.00002    0.00010     600       4
     601   2.872   -38.73089    0.00002    0.00012     601       5
     602   2.875   -38.73089    0.00002    0.00019     602       8
     603   2.877   -38.73089    0.00002    0.00007     603       3
     604   2.881   -38.73088    0.00002    0.00002     604       1
     605   2.895   -38.73086    0.00002    0.00014     605       6
     606   2.899   -38.73085    0.00002    0.00007     606       3
     607   2.905   -38.73084    0.00002    0.00007     607       3
     608   2.921   -38.73082    0.00002    0.00004     608       2
     609   2.925   -38.73081    0.00002    0.00004     609       2
     610   2.926   -38.73081    0.00002    0.00004     610       2
     611   2.929   -38.73080    0.00002    0.00011     611       5
     612   2.931   -38.73080    0.00002    0.00009     612       4
     613   2.934   -38.73080    0.00002    0.00017     613       8
     614   2.939   -38.73079    0.00002    0.00004     614       2
     615   2.936   -38.73079    0.00002    0.00007     615       3
     616   2.944   -38.73078    0.00002    0.00004     616       2
     617   2.946   -38.73078    0.00002    0.00004     617       2
     618   2.950   -38.73077    0.00002    0.00002     618       1
     619   2.951   -38.73077    0.00002    0.00011     619       5
     620   2.956   -38.73076    0.00002    0.00002     620       1
     621   2.962   -38.73075    0.00002    0.00008     621       4
     622   2.963   -38.73075    0.00002    0.00002     622       1
     623   2.968   -38.73074    0.00002    0.00010     623       5
     624   2.972   -38.73074    0.00002    0.00002     624       1
     625   2.972   -38.73073    0.00002    0.00004     625       2
     626   2.977   -38.73073    0.00002    0.00002     626       1
     627   2.978   -38.73073    0.00002    0.00008     627       4
     628   2.980   -38.73072    0.00002    0.00002     628       1
     629   2.982   -38.73072    0.00002    0.00004     629       2
     630   2.982   -38.73072    0.00002    0.00006     630       3
     631   2.986   -38.73071    0.00002    0.00004     631       2
     632   2.987   -38.73071    0.00002    0.00006     632       3
     633   3.013   -38.73067    0.00002    0.00008     633       4
     634   3.015   -38.73067    0.00002    0.00011     634       6
     635   3.015   -38.73067    0.00002    0.00002     635       1
     636   3.020   -38.73066    0.00002    0.00004     636       2
     637   3.020   -38.73066    0.00002    0.00013     637       7
     638   3.025   -38.73065    0.00002    0.00013     638       7
     639   3.032   -38.73064    0.00002    0.00004     639       2
     640   3.035   -38.73063    0.00002    0.00013     640       7
     641   3.040   -38.73063    0.00002    0.00002     641       1
     642   3.040   -38.73063    0.00002    0.00011     642       6
     643   3.041   -38.73063    0.00002    0.00009     643       5
     644   3.043   -38.73062    0.00002    0.00009     644       5
     645   3.044   -38.73062    0.00002    0.00002     645       1
     646   3.051   -38.73061    0.00002    0.00007     646       4
     647   3.063   -38.73059    0.00002    0.00003     647       2
     648   3.073   -38.73057    0.00002    0.00003     648       2
     649   3.076   -38.73057    0.00002    0.00007     649       4
     650   3.078   -38.73057    0.00002    0.00002     650       1
     651   3.081   -38.73056    0.00002    0.00007     651       4
     652   3.083   -38.73056    0.00002    0.00002     652       1
     653   3.086   -38.73055    0.00002    0.00003     653       2
     654   3.090   -38.73055    0.00002    0.00010     654       6
     655   3.097   -38.73054    0.00002    0.00005     655       3
     656   3.098   -38.73053    0.00002    0.00002     656       1
     657   3.100   -38.73053    0.00002    0.00002     657       1
     658   3.100   -38.73053    0.00002    0.00002     658       1
     659   3.101   -38.73053    0.00002    0.00002     659       1
     660   3.102   -38.73053    0.00002    0.00010     660       6
     661   3.105   -38.73052    0.00002    0.00007     661       4
     662   3.111   -38.73051    0.00002    0.00002     662       1
     663   3.115   -38.73051    0.00002    0.00014     663       9
     664   3.121   -38.73050    0.00002    0.00002     664       1
     665   3.124   -38.73049    0.00002    0.00005     665       3
     666   3.125   -38.73049    0.00002    0.00011     666       7
     667   3.127   -38.73049    0.00002    0.00005     667       3
     668   3.128   -38.73049    0.00002    0.00002     668       1
     669   3.129   -38.73048    0.00002    0.00005     669       3
     670   3.137   -38.73047    0.00002    0.00012     670       8
     671   3.143   -38.73046    0.00002    0.00002     671       1
     672   3.143   -38.73046    0.00002    0.00002     672       1
     673   3.147   -38.73046    0.00002    0.00002     673       1
     674   3.149   -38.73045    0.00002    0.00003     674       2
     675   3.162   -38.73043    0.00001    0.00004     675       3
     676   3.166   -38.73043    0.00001    0.00010     676       7
     677   3.170   -38.73042    0.00001    0.00003     677       2
     678   3.175   -38.73041    0.00001    0.00006     678       4
     679   3.182   -38.73040    0.00001    0.00001     679       1
     680   3.182   -38.73040    0.00001    0.00007     680       5
     681   3.186   -38.73039    0.00001    0.00006     681       4
     682   3.180   -38.73040    0.00001    0.00001     682       1
     683   3.189   -38.73039    0.00001    0.00001     683       1
     684   3.189   -38.73039    0.00001    0.00001     684       1
     685   3.190   -38.73039    0.00001    0.00003     685       2
     686   3.180   -38.73040    0.00001    0.00001     686       1
     687   3.194   -38.73038    0.00001    0.00010     687       7
     688   3.196   -38.73038    0.00001    0.00008     688       6
     689   3.197   -38.73038    0.00001    0.00007     689       5
     690   3.200   -38.73037    0.00001    0.00001     690       1
     691   3.206   -38.73036    0.00001    0.00001     691       1
     692   3.210   -38.73036    0.00001    0.00003     692       2
     693   3.210   -38.73036    0.00001    0.00003     693       2
     694   3.211   -38.73035    0.00001    0.00005     694       4
     695   3.213   -38.73035    0.00001    0.00003     695       2
     696   3.214   -38.73035    0.00001    0.00001     696       1
     697   3.215   -38.73035    0.00001    0.00009     697       7
     698   3.229   -38.73033    0.00001    0.00001     698       1
     699   3.230   -38.73032    0.00001    0.00001     699       1
     700   3.235   -38.73032    0.00001    0.00001     700       1
     701   3.239   -38.73031    0.00001    0.00001     701       1
     702   3.241   -38.73031    0.00001    0.00005     702       4
     703   3.250   -38.73029    0.00001    0.00005     703       4
     704   3.251   -38.73029    0.00001    0.00001     704       1
     705   3.261   -38.73028    0.00001    0.00003     705       2
     706   3.261   -38.73028    0.00001    0.00005     706       4
     707   3.262   -38.73027    0.00001    0.00004     707       3
     708   3.265   -38.73027    0.00001    0.00005     708       4
     709   3.269   -38.73026    0.00001    0.00001     709       1
     710   3.269   -38.73026    0.00001    0.00007     710       6
     711   3.273   -38.73026    0.00001    0.00002     711       2
     712   3.273   -38.73026    0.00001    0.00006     712       5
     713   3.288   -38.73023    0.00001    0.00001     713       1
     714   3.291   -38.73023    0.00001    0.00011     714       9
     715   3.311   -38.73019    0.00001    0.00005     715       4
     716   3.315   -38.73019    0.00001    0.00001     716       1
     717   3.321   -38.73018    0.00001    0.00006     717       5
     718   3.328   -38.73017    0.00001    0.00002     718       2
     719   3.331   -38.73016    0.00001    0.00004     719       4
     720   3.331   -38.73016    0.00001    0.00003     720       3
     721   3.337   -38.73015    0.00001    0.00006     721       5
     722   3.337   -38.73015    0.00001    0.00002     722       2
     723   3.343   -38.73014    0.00001    0.00003     723       3
     724   3.345   -38.73014    0.00001    0.00008     724       7
     725   3.350   -38.73013    0.00001    0.00004     725       4
     726   3.346   -38.73014    0.00001    0.00003     726       3
     727   3.346   -38.73014    0.00001    0.00003     727       3
     728   3.357   -38.73012    0.00001    0.00010     728       9
     729   3.371   -38.73010    0.00001    0.00001     729       1
     730   3.371   -38.73010    0.00001    0.00001     730       1
     731   3.375   -38.73009    0.00001    0.00002     731       2
     732   3.379   -38.73009    0.00001    0.00001     732       1
     733   3.382   -38.73008    0.00001    0.00005     733       5
     734   3.383   -38.73008    0.00001    0.00005     734       5
     735   3.386   -38.73008    0.00001    0.00007     735       7
     736   3.391   -38.73007    0.00001    0.00003     736       3
     737   3.408   -38.73004    0.00001    0.00002     737       2
     738   3.412   -38.73003    0.00001    0.00001     738       1
     739   3.415   -38.73003    0.00001    0.00008     739       8
     740   3.419   -38.73002    0.00001    0.00002     740       2
     741   3.422   -38.73002    0.00001    0.00004     741       4
     742   3.428   -38.73001    0.00001    0.00003     742       3
     743   3.430   -38.73001    0.00001    0.00001     743       1
     744   3.431   -38.73000    0.00001    0.00001     744       1
     745   3.445   -38.72998    0.00001    0.00002     745       2
     746   3.458   -38.72996    0.00001    0.00004     746       4
     747   3.464   -38.72995    0.00001    0.00004     747       4
     748   3.465   -38.72995    0.00001    0.00004     748       5
     749   3.468   -38.72995    0.00001    0.00001     749       1
     750   3.472   -38.72994    0.00001    0.00002     750       2
     751   3.472   -38.72994    0.00001    0.00004     751       4
     752   3.473   -38.72994    0.00001    0.00004     752       5
     753   3.473   -38.72994    0.00001    0.00002     753       2
     754   3.491   -38.72991    0.00001    0.00001     754       1
     755   3.491   -38.72991    0.00001    0.00005     755       6
     756   3.492   -38.72991    0.00001    0.00003     756       4
     757   3.493   -38.72991    0.00001    0.00005     757       6
     758   3.493   -38.72990    0.00001    0.00003     758       3
     759   3.498   -38.72990    0.00001    0.00003     759       3
     760   3.500   -38.72989    0.00001    0.00004     760       5
     761   3.501   -38.72989    0.00001    0.00001     761       1
     762   3.509   -38.72988    0.00001    0.00001     762       1
     763   3.510   -38.72988    0.00001    0.00002     763       2
     764   3.514   -38.72987    0.00001    0.00001     764       1
     765   3.521   -38.72986    0.00001    0.00003     765       4
     766   3.523   -38.72986    0.00001    0.00002     766       2
     767   3.524   -38.72986    0.00001    0.00001     767       1
     768   3.527   -38.72985    0.00001    0.00002     768       3
     769   3.559   -38.72980    0.00001    0.00005     769       7
     770   3.566   -38.72979    0.00001    0.00001     770       2
     771   3.567   -38.72979    0.00001    0.00002     771       3
     772   3.570   -38.72978    0.00001    0.00001     772       1
     773   3.588   -38.72975    0.00001    0.00002     773       3
     774   3.590   -38.72975    0.00001    0.00003     774       4
     775   3.590   -38.72975    0.00001    0.00002     775       3
     776   3.593   -38.72975    0.00001    0.00001     776       1
     777   3.598   -38.72974    0.00001    0.00001     777       1
     778   3.612   -38.72971    0.00001    0.00001     778       2
     779   3.615   -38.72971    0.00001    0.00001     779       1
     780   3.621   -38.72970    0.00001    0.00007     780      11
     781   3.625   -38.72970    0.00001    0.00004     781       6
     782   3.645   -38.72966    0.00001    0.00004     782       6
     783   3.655   -38.72965    0.00001    0.00006     783       9
     784   3.651   -38.72965    0.00001    0.00001     784       2
     785   3.669   -38.72962    0.00001    0.00001     785       1
     786   3.691   -38.72959    0.00001    0.00005     786       8
     787   3.695   -38.72958    0.00001    0.00001     787       1
     788   3.700   -38.72957    0.00001    0.00002     788       3
     789   3.716   -38.72955    0.00001    0.00001     789       1
     790   3.716   -38.72955    0.00001    0.00002     790       3
     791   3.725   -38.72954    0.00001    0.00001     791       1
     792   3.727   -38.72953    0.00001    0.00002     792       4
     793   3.744   -38.72950    0.00001    0.00001     793       1
     794   3.750   -38.72950    0.00001    0.00001     794       1
     795   3.767   -38.72947    0.00001    0.00001     795       2
     796   3.796   -38.72942    0.00001    0.00002     796       3
     797   3.801   -38.72941    0.00001    0.00001     797       1
     798   3.801   -38.72941    0.00001    0.00002     798       3
     799   3.801   -38.72941    0.00001    0.00004     799       7
     800   3.814   -38.72939    0.00000    0.00001     800       2
     801   3.819   -38.72939    0.00000    0.00002     801       4
     802   3.822   -38.72938    0.00000    0.00000     802       1
     803   3.832   -38.72937    0.00000    0.00002     803       5
     804   3.835   -38.72936    0.00000    0.00001     804       3
     805   3.849   -38.72934    0.00000    0.00000     805       1
     806   3.850   -38.72934    0.00000    0.00005     806      10
     807   3.854   -38.72933    0.00000    0.00000     807       1
     808   3.852   -38.72933    0.00000    0.00002     808       4
     809   3.856   -38.72933    0.00000    0.00000     809       1
     810   3.860   -38.72932    0.00000    0.00000     810       1
     811   3.864   -38.72931    0.00000    0.00000     811       1
     812   3.871   -38.72930    0.00000    0.00000     812       1
     813   3.871   -38.72930    0.00000    0.00003     813       6
     814   3.875   -38.72930    0.00000    0.00000     814       1
     815   3.894   -38.72927    0.00000    0.00000     815       1
     816   3.918   -38.72923    0.00000    0.00000     816       1
     817   3.918   -38.72923    0.00000    0.00000     817       1
     818   3.925   -38.72922    0.00000    0.00002     818       6
     819   3.926   -38.72921    0.00000    0.00000     819       1
     820   3.928   -38.72921    0.00000    0.00000     820       1
     821   3.931   -38.72921    0.00000    0.00000     821       1
     822   3.953   -38.72917    0.00000    0.00002     822       6
     823   3.965   -38.72915    0.00000    0.00001     823       2
     824   3.968   -38.72915    0.00000    0.00001     824       3
     825   3.984   -38.72912    0.00000    0.00001     825       3
     826   3.987   -38.72912    0.00000    0.00002     826       5
     827   3.994   -38.72911    0.00000    0.00001     827       3
     828   4.003   -38.72909    0.00000    0.00000     828       1
     829   4.004   -38.72909    0.00000    0.00003     829       8
     830   4.009   -38.72908    0.00000    0.00000     830       1
     831   4.011   -38.72908    0.00000    0.00000     831       1
     832   4.013   -38.72908    0.00000    0.00000     832       1
     833   4.021   -38.72906    0.00000    0.00000     833       1
     834   4.039   -38.72903    0.00000    0.00001     834       2
     835   4.042   -38.72903    0.00000    0.00000     835       1
     836   4.043   -38.72903    0.00000    0.00001     836       2
     837   4.049   -38.72902    0.00000    0.00001     837       2
     838   4.084   -38.72896    0.00000    0.00001     838       4
     839   4.086   -38.72896    0.00000    0.00000     839       1
     840   4.091   -38.72895    0.00000    0.00000     840       1
     841   4.096   -38.72894    0.00000    0.00000     841       1
     842   4.103   -38.72893    0.00000    0.00001     842       2
     843   4.112   -38.72892    0.00000    0.00000     843       1
     844   4.129   -38.72889    0.00000    0.00000     844       1
     845   4.132   -38.72889    0.00000    0.00001     845       5
     846   4.163   -38.72884    0.00000    0.00001     846       3
     847   4.164   -38.72884    0.00000    0.00000     847       1
     848   4.168   -38.72883    0.00000    0.00001     848       3
     849   4.189   -38.72880    0.00000    0.00000     849       1
     850   4.198   -38.72878    0.00000    0.00001     850       3
     851   4.209   -38.72876    0.00000    0.00000     851       1
     852   4.214   -38.72876    0.00000    0.00001     852       4
     853   4.218   -38.72875    0.00000    0.00000     853       2
     854   4.235   -38.72872    0.00000    0.00000     854       2
     855   4.237   -38.72872    0.00000    0.00001     855       3
     856   4.243   -38.72871    0.00000    0.00000     856       1
     857   4.251   -38.72870    0.00000    0.00000     857       1
     858   4.257   -38.72869    0.00000    0.00000     858       1
     859   4.273   -38.72866    0.00000    0.00000     859       1
     860   4.275   -38.72866    0.00000    0.00000     860       1
     861   4.277   -38.72865    0.00000    0.00000     861       1
     862   4.282   -38.72865    0.00000    0.00000     862       1
     863   4.314   -38.72860    0.00000    0.00001     863       3
     864   4.352   -38.72854    0.00000    0.00000     864       2
     865   4.398   -38.72846    0.00000    0.00000     865       2
     866   4.398   -38.72846    0.00000    0.00000     866       1
     867   4.415   -38.72844    0.00000    0.00000     867       1
     868   4.418   -38.72843    0.00000    0.00002     868      12
     869   4.431   -38.72841    0.00000    0.00000     869       1
     870   4.437   -38.72840    0.00000    0.00000     870       1
     871   4.442   -38.72839    0.00000    0.00000     871       2
     872   4.445   -38.72839    0.00000    0.00000     872       2
     873   4.452   -38.72838    0.00000    0.00000     873       1
     874   4.453   -38.72837    0.00000    0.00001     874       5
     875   4.504   -38.72829    0.00000    0.00001     875       5
     876   4.507   -38.72829    0.00000    0.00001     876       7
     877   4.518   -38.72827    0.00000    0.00000     877       1
     878   4.541   -38.72824    0.00000    0.00001     878       4
     879   4.554   -38.72821    0.00000    0.00000     879       2
     880   4.577   -38.72818    0.00000    0.00000     880       1
     881   4.578   -38.72818    0.00000    0.00000     881       3
     882   4.586   -38.72816    0.00000    0.00000     882       1
     883   4.638   -38.72808    0.00000    0.00001     883       6
     884   4.640   -38.72808    0.00000    0.00000     884       1
     885   4.649   -38.72806    0.00000    0.00000     885       2
     886   4.658   -38.72805    0.00000    0.00000     886       4
     887   4.660   -38.72805    0.00000    0.00000     887       4
     888   4.661   -38.72804    0.00000    0.00000     888       2
     889   4.662   -38.72804    0.00000    0.00000     889       4
     890   4.665   -38.72804    0.00000    0.00000     890       2
     891   4.670   -38.72803    0.00000    0.00000     891       2
     892   4.675   -38.72802    0.00000    0.00000     892       1
     893   4.698   -38.72798    0.00000    0.00000     893       1
     894   4.703   -38.72798    0.00000    0.00000     894       1
     895   4.703   -38.72798    0.00000    0.00000     895       1
     896   4.711   -38.72796    0.00000    0.00000     896       1
     897   4.714   -38.72796    0.00000    0.00000     897       1
     898   4.781   -38.72785    0.00000    0.00000     898       5
     899   4.793   -38.72783    0.00000    0.00000     899       1
     900   4.793   -38.72783    0.00000    0.00001     900       7
     901   4.869   -38.72771    0.00000    0.00000     901       1
     902   4.915   -38.72764    0.00000    0.00000     902       1
     903   4.915   -38.72764    0.00000    0.00000     903       1
     904   4.951   -38.72758    0.00000    0.00000     904       2
     905   4.952   -38.72758    0.00000    0.00000     905       1
     906   4.958   -38.72757    0.00000    0.00000     906       1
     907   4.965   -38.72756    0.00000    0.00000     907       3
     908   4.974   -38.72755    0.00000    0.00000     908       3
     909   4.992   -38.72752    0.00000    0.00000     909       6
     910   5.032   -38.72745    0.00000    0.00000     910       1
     911   5.041   -38.72744    0.00000    0.00000     911       1
     912   5.072   -38.72739    0.00000    0.00000     912       1
     913   5.175   -38.72722    0.00000    0.00000     913       1
     914   5.190   -38.72720    0.00000    0.00000     914       2
     915   5.231   -38.72714    0.00000    0.00000     915       2
     916   5.250   -38.72710    0.00000    0.00000     916       4
     917   5.261   -38.72709    0.00000    0.00000     917       1
     918   5.269   -38.72708    0.00000    0.00000     918       2
     919   5.279   -38.72706    0.00000    0.00000     919       2
     920   5.281   -38.72706    0.00000    0.00000     920       2
     921   5.295   -38.72703    0.00000    0.00000     921       4
     922   5.296   -38.72703    0.00000    0.00000     922       1
     923   5.348   -38.72695    0.00000    0.00000     923       1
     924   5.365   -38.72692    0.00000    0.00000     924       1
     925   5.369   -38.72691    0.00000    0.00000     925       5
     926   5.371   -38.72691    0.00000    0.00000     926       2
     927   5.380   -38.72690    0.00000    0.00000     927       1
     928   5.428   -38.72682    0.00000    0.00000     928       1
     929   5.442   -38.72680    0.00000    0.00000     929       2
     930   5.483   -38.72673    0.00000    0.00000     930       1
     931   5.504   -38.72670    0.00000    0.00000     931       3
     932   5.526   -38.72666    0.00000    0.00000     932       2
     933   5.588   -38.72657    0.00000    0.00000     933       1
     934   5.616   -38.72652    0.00000    0.00000     934       2
     935   5.721   -38.72635    0.00000    0.00000     935       2
     936   5.802   -38.72623    0.00000    0.00000     936       2
     937   5.869   -38.72612    0.00000    0.00000     937       4
     938   5.908   -38.72606    0.00000    0.00000     938       2
     939   5.917   -38.72604    0.00000    0.00000     939       1
     940   5.929   -38.72602    0.00000    0.00000     940       1
     941   5.947   -38.72599    0.00000    0.00000     941       2
T /K                                  :   298.15
E lowest                              :   -38.73547
ensemble average energy (kcal)        :    0.944
ensemble entropy (J/mol K, cal/mol K) :   61.368   14.667
ensemble free energy (kcal/mol)       :   -4.373
population of lowest in %             :    2.756
 number of unique conformers for further calc          941
 list of relative energies saved as "crest.energies"
 compare nuclear equivalencies ...
::::::::::: conformer group all :::::::::::
 chemical equivalencies (mag.active nuclei):
reference atom  11 # : 3
reference atom  15 # : 3
reference atom  23 # : 2
 magnetic equivalencies:
reference atom  11 # : 3
reference atom  15 # : 3

******************************************************************************************
**                           ENSEMBLE ENTROPY CALCULATION                               **
******************************************************************************************
======================================================
 Containing 408 conformers :
     H(298.15K)-H(0) (conf)      1.091682
                   Cp(conf)      3.057987
                    S(conf)      9.782169
======================================================
 Containing 560 conformers :
     H(298.15K)-H(0) (conf)      1.074977
                   Cp(conf)      2.920970
                    S(conf)     10.447332
======================================================
 Containing 647 conformers :
     H(298.15K)-H(0) (conf)      1.111660
                   Cp(conf)      2.966163
                    S(conf)     10.737266
======================================================
 Containing 714 conformers :
     H(298.15K)-H(0) (conf)      1.130387
                   Cp(conf)      3.014995
                    S(conf)     10.894254
======================================================
 Containing 752 conformers :
     H(298.15K)-H(0) (conf)      1.159226
                   Cp(conf)      3.065236
                    S(conf)     10.988130
======================================================
 Containing 781 conformers :
     H(298.15K)-H(0) (conf)      1.171971
                   Cp(conf)      3.083137
                    S(conf)     11.060680
======================================================
 Containing 809 conformers :
     H(298.15K)-H(0) (conf)      1.183840
                   Cp(conf)      3.143547
                    S(conf)     11.118723
======================================================
 Containing 834 conformers :
     H(298.15K)-H(0) (conf)      1.193339
                   Cp(conf)      3.148611
                    S(conf)     11.167970
======================================================
 Containing 859 conformers :
     H(298.15K)-H(0) (conf)      1.208958
                   Cp(conf)      3.201922
                    S(conf)     11.222791
======================================================
 Containing 881 conformers :
     H(298.15K)-H(0) (conf)      1.224730
                   Cp(conf)      3.235138
                    S(conf)     11.274991
======================================================
 Containing 905 conformers :
     H(298.15K)-H(0) (conf)      1.231760
                   Cp(conf)      3.206654
                    S(conf)     11.321969
======================================================
 Containing 929 conformers :
     H(298.15K)-H(0) (conf)      1.257289
                   Cp(conf)      3.204913
                    S(conf)     11.371953
======================================================
 Containing 941 conformers :
     H(298.15K)-H(0) (conf)      1.265070
                   Cp(conf)      3.275375
                    S(conf)     11.378068
======================================================

 --------------------------------------
 FINAL CALCULATION OF MOLECULAR ENTROPY
 --------------------------------------

   block      Siter   Siter (fit) 
        1    0.665    0.694
        2    0.955    0.930
        3    1.112    1.084
        4    1.206    1.196
        5    1.279    1.283
        6    1.337    1.353
        7    1.386    1.410
        8    1.441    1.459
        9    1.493    1.499
       10    1.540    1.535
       11    1.590    1.565
       12    1.596    1.592
R²       :    0.999755
FINAL ENTROPY (extrapol.)  :     11.64886

 ----------------------------------
 Frequency Calculation and Averages
 ----------------------------------
 Nconf on file      : 941
 Taken for Hessians : 342 (= 90.06% total population)
 T range  /K    :   278.15   378.15
 scaling factor :          1.000000     
 rotor cutoff   :         25.000000 cm⁻¹
 imag. cutoff   :        -50.000000 cm⁻¹

 Running 342 calculations ...
 |>0.3% |>10.2% |>20.2% |>30.1% |>40.1% |>50.0% |>60.2% |>70.2% |>80.1% |>90.1% |>100.0%
 done.
 calculating averages for G and S ...    done.
 calculating Boltzmann weights ...       done.
 calculating reference S (bhess) ... > bhess not implemented for calculator routines
    done.
 calculating δSrrho ...                  done.

 Coordinates for the bhess reference structure (Ångström):
 -----------------------------------------------------------
  28

 O          1.8859169192        1.0857545558        0.7529469236
 C          1.0586836135        1.4223098862       -0.2152342264
 O          0.5561317298        2.5092690781       -0.3208523733
 C          0.7858541638        0.3300269976       -1.2622559133
 H          1.7238877310        0.1432063419       -1.7931992337
 C          0.2314066014       -0.9998226169       -0.7128459127
 C         -0.7547987677       -0.8004785881        0.4506387614
 H         -1.1061911923       -1.7852952224        0.7799946574
 C         -1.9701063238        0.0777172888        0.1039525751
 C         -2.8650736250       -0.5789749523       -0.9510429653
 H         -2.3349734617       -0.6943413325       -1.8968008291
 H         -3.7437875733        0.0414696555       -1.1297298091
 H         -3.1987690086       -1.5629009031       -0.6165620980
 C         -2.7739903348        0.3512653396        1.3791228208
 H         -3.6291177620        0.9890752431        1.1540994567
 H         -2.1513126919        0.8571250313        2.1174210319
 H         -3.1404433490       -0.5811371784        1.8122219461
 H         -1.6156734062        1.0398397411       -0.2863224389
 H         -0.2290799482       -0.3426747558        1.2944367048
 H         -0.2998175736       -1.4935522093       -1.5376566823
 C          1.3595348936       -1.9636587813       -0.3157428678
 N          2.1433310510       -1.4494561244        0.8165449340
 H          3.0679944043       -1.8594751424        0.8113099506
 H          1.6875193391       -1.6925449114        1.6873735186
 H          0.9378611056       -2.9450162846       -0.0620494168
 H          2.0408174009       -2.0901562647       -1.1624475630
 H          0.0791059395        0.7510232751       -1.9805996183
 H          2.0924167856        0.0604674358        0.7558185071
 -----------------------------------------------------------
 as read from <coord>
 Heavy-atom RMSD between lowest conformer and this reference :
 RMSD(heavy) =        0.000445 Å

 msRRHO(bhess) reference entropies:
      278.15        108.872838
      288.15        110.553775
      298.15        112.226590
      308.15        113.892173
      318.15        115.551231
      328.15        117.204310
      338.15        118.851818
      348.15        120.494043
      358.15        122.131171
      368.15        123.763302
      378.15        125.390469

       T/K  |S(T)|/cal/molK       |G(T)|/Eh     G_lowest/Eh    (conf)
   -----------------------------------------------------------------
    278.15    0.113786E+03    0.208883E+00      -38.526680        28
    288.15    0.115498E+03    0.207080E+00      -38.528505        28
    298.15    0.117199E+03    0.205251E+00      -38.530363        26
    308.15    0.118891E+03    0.203394E+00      -38.532252        26
    318.15    0.120574E+03    0.201511E+00      -38.534169        26
    328.15    0.122250E+03    0.199600E+00      -38.536113        26
    338.15    0.123917E+03    0.197664E+00      -38.538084        26
    348.15    0.125578E+03    0.195700E+00      -38.540081        26
    358.15    0.127233E+03    0.193710E+00      -38.542106        26
    368.15    0.128881E+03    0.191694E+00      -38.544157        26
    378.15    0.130522E+03    0.189652E+00      -38.546234        26
   -----------------------------------------------------------------
   NOTE: if |G(T)| is the averaged contributrion to the free energy.
   |G(T)| used only for the higher-energetic structures (n > 342).
   All other structures use G(T) from the respective Hessian calculations.

 Quantities calculated on free energies:
       T/K          δSrrho           Cp(T)     [H(T)-H(0)]
   -------------------------------------------------------
    278.15    0.491332E+01    0.343604E+01        1.059945
    288.15    0.494432E+01    0.336454E+01        1.095579
    298.15    0.497280E+01    0.329290E+01        1.133530
    308.15    0.499900E+01    0.322158E+01        1.173979
    318.15    0.502309E+01    0.315099E+01        1.213703
    328.15    0.504526E+01    0.308143E+01        1.252728
    338.15    0.506564E+01    0.301315E+01        1.291081
    348.15    0.508437E+01    0.294635E+01        1.328789
    358.15    0.510156E+01    0.288118E+01        1.365877
    368.15    0.511730E+01    0.281774E+01        1.402373
    378.15    0.513169E+01    0.275611E+01        1.438302
   -------------------------------------------------------
   NOTE: δSrrho(T) = |S(T)| - Sref(T)

 ----------------------
 TEMPERATURE DEPENDENCE
 ----------------------

 Final CONFORMATIONAL quantities at given T:
       T/K        S(total)           Cp(T)     [H(T)-H(0)]        G(total)
   -----------------------------------------------------------------------
    278.15       16.344996        3.436038        1.059945       -3.486415
    288.15       16.489178        3.364536        1.095579       -3.655778
    298.15       16.621663        3.292896        1.133530       -3.822219
    308.15       16.766324        3.221584        1.173979       -3.992564
    318.15       16.876596        3.150989        1.213703       -4.155586
    328.15       17.000524        3.081428        1.252728       -4.325994
    338.15       17.093295        3.013151        1.291081       -4.489017
    348.15       17.199926        2.946353        1.328789       -4.659366
    358.15       17.277674        2.881183        1.365877       -4.822122
    368.15       17.369781        2.817744        1.402373       -4.992312
    378.15       17.455586        2.756108        1.438302       -5.162528
   -----------------------------------------------------------------------
   S and Cp in cal/mol*K; H and G in kcal/mol
   G(total) is the ensemble free energy (H-T*S) and S(total) = S(conf,extrapol.) + δSrrho

 ----------------------------------------------------
 |      FINAL MOLECULAR ENTROPY AT T= 298.15 K      |
 ----------------------------------------------------
     Sconf   =         11.648859
   + δSrrho  =          4.972803
 -----------------------------------------------------
 = S(total)  =         16.621663  (cal mol⁻¹ K⁻¹)

   H(T)-H(0) =          1.133530
   G         =         -4.955749   (-T*S)
 -----------------------------------------------------
 = G(total)  =         -3.822219  (H-T*S) (kcal mol⁻¹)

   Cp(total) =          3.292896  (cal mol⁻¹ K⁻¹)


 -----------------
 Wall Time Summary
 -----------------
 CREST runtime (total)               0 d,  1 h,  7 min, 30.646 sec
 ------------------------------------------------------------------
 Trial metadynamics (MTD)   ...        0 min,  3.630 sec (  0.090%)
 Metadynamics (MTD)         ...        2 min,  8.083 sec (  3.162%)
 Geometry optimization      ...       43 min, 46.876 sec ( 64.851%)
 Static metadynamics (sMTD) ...       19 min, 57.574 sec ( 29.565%)
 Conf. entropy evaluation   ...        1 min, 14.967 sec (  1.851%)
 I/O and setup              ...        0 min, 19.516 sec (  0.482%)
 ------------------------------------------------------------------
 * wall-time:     0 d,  1 h,  7 min, 30.646 sec
 *  cpu-time:     0 d, 16 h, 18 min, 24.423 sec
 * ratio c/w:    14.493 speedup
 ------------------------------------------------------------------
 * Total number of energy+grad calls: 2658639

 CREST terminated normally.
